learner_seed,n_updates,num_timesteps,policy_loss,value_loss,entropy_loss,approx_kl,clip_fraction,explained_variance,log_std_mean,advantage_mean,advantage_std,advantage_min,advantage_max,return_mean,return_std,actor_grad_norm_mean,critic_grad_norm_mean,actor_param_update_norm,critic_param_update_norm,frac_sampled_action_clipped,frac_sampled_action_near_bound,log_std_bid,log_std_ask,action_std_bid,action_std_ask,learning_rate,total_loss
0,10,4000,-0.002129400826757,49.010526428222654,0.1669586445391178,0.0036727290134876,0.0253749999031424,0.0030639767646789,0.2219400256872177,2.389352560043335,6.841020584106445,-40.75056457519531,39.81977462768555,2.476324796676636,6.85152530670166,0.6078403774393439,3.729893104652697,0.1152292042970657,1.4629791975021362,0.0,0.0,-1.5043936967849731,-1.5063034296035769,0.2221519351005554,0.2217281013727188,0.0003,26.2272891998291
0,20,8000,-0.0008761287968314,68.77132953643799,0.1743845036625862,0.0024060860741883,0.0098249999573454,0.0178143382072448,0.2217028141021728,1.5324931144714355,8.306156158447266,-50.8411750793457,48.72303771972656,3.5866196155548096,8.381143569946289,0.6622930303192643,3.552427861696099,0.0863953828811645,1.4697203636169434,0.0,0.0,-1.5112096071243286,-1.501648187637329,0.220642939209938,0.2227627038955688,0.0003,35.515899658203125
0,30,12000,-0.0019957055874787,97.20570377349854,0.1719360069930553,0.0045986338518559,0.0203749997774139,0.0529489517211914,0.2223021388053894,2.1076323986053467,9.83724308013916,-84.05552673339844,77.01567077636719,5.810522556304932,10.10849952697754,0.7039389729935861,6.7438319453095845,0.0788531675934791,1.0461331605911257,0.0,0.0,-1.513800859451294,-1.4937355518341064,0.2200719118118286,0.2245323359966278,0.0003,56.30214309692383
0,40,16000,-0.0016195600781442,40.96461627960205,0.1726727253198623,0.0024347268044948,0.0117999998992308,0.091080367565155,0.2212738394737243,1.8879177570343015,6.3595476150512695,-28.913986206054688,36.43610763549805,8.07362174987793,6.670578479766846,0.6635479844517058,5.000275327579529,0.1193619817495346,1.0176070928573608,0.0,0.0,-1.5197045803070068,-1.49713134765625,0.2187765091657638,0.2237711548805236,0.0003,22.51494598388672
0,50,20000,-0.0021828969811294,85.92873428344727,0.1812627181410789,0.0047552580945193,0.0167250000266358,0.0516581535339355,0.2205569893121719,3.440683126449585,9.093932151794434,-40.4583854675293,74.67156219482422,11.119077682495115,9.33833122253418,0.6523877457849829,11.863528411989329,0.104653924703598,1.0162173509597778,0.0,0.0,-1.5281893014907837,-1.4952797889709473,0.216928094625473,0.2241858690977096,0.0003,40.912635803222656
0,60,24000,-0.0011654600358957,83.11886627197265,0.186241210848093,0.0028994958847761,0.009974999949336,0.0480881333351135,0.2205811142921447,2.812412738800049,9.018233299255373,-32.17687225341797,69.73594665527344,13.787605285644531,9.243215560913086,0.6265668648537264,11.27457809177019,0.062233779579401,0.8953164219856262,0.0,0.0,-1.530112862586975,-1.4932072162628174,0.2165112495422363,0.2246509939432144,0.0003,49.04542922973633
0,70,28000,-0.0022368471250876,190.74839637756347,0.1847568124532699,0.0020920778624713,0.0071499999705702,0.0774914026260376,0.2208092808723449,-1.4453102350234983,14.275835037231444,-104.84488677978516,29.81410217285156,12.451865196228027,14.863336563110352,0.6707276430307058,22.454261140355843,0.077415682375431,1.4902836084365845,0.0,0.0,-1.5301319360733032,-1.4911595582962036,0.2165071070194244,0.2251114696264267,0.0003,93.45877838134766
0,80,32000,-0.0021010488922838,68.12303871154785,0.1861900022625923,0.0037573568988591,0.0184749999502673,0.3088833689689636,0.2200729548931121,0.2738938629627228,8.435559272766113,-45.80239486694336,36.68514251708984,10.922773361206056,10.147013664245604,0.6994733886661443,7.949374328795923,0.0649547278881073,0.9072455763816832,0.0,0.0,-1.5345863103866575,-1.4934295415878296,0.2155448347330093,0.2246010601520538,0.0003,34.112117767333984
0,90,36000,-0.0025183315096801,105.17818466186525,0.1952536995708942,0.0040041515603661,0.0239249999914318,0.2686352729797363,0.2189379334449768,0.9243243336677552,10.268758773803713,-70.00898742675781,49.46649169921875,11.764273643493652,12.007453918457031,0.6740181709748267,7.85504830830128,0.0942203998565673,0.5877107977867126,0.0,0.0,-1.544490933418274,-1.4940783977508545,0.2134204804897308,0.2244553714990615,0.0003,60.6221809387207
0,100,40000,-0.0009355409363517,48.8794853591919,0.2048883660137653,0.0026666827034205,0.0126999999769032,0.4296350479125976,0.2179292142391204,0.3605810403823852,7.022318840026856,-35.45051956176758,34.27760696411133,13.33112907409668,9.298312187194824,0.6035710341938567,4.454609146561652,0.0912336930632591,0.4368259906768799,0.0,0.0,-1.5551137924194336,-1.4930198192596436,0.2111653685569763,0.224693089723587,0.0003,18.448925018310547
0,110,44000,-0.0014574427626561,62.44944797515869,0.2119210150837898,0.0028242650441825,0.0315000001294538,0.3626463413238525,0.2174011617898941,0.5537355542182922,7.906994342803955,-44.63145446777344,66.82537078857422,13.398127555847168,9.904240608215332,0.6476644676359992,5.991626474013207,0.0884497314691543,0.388212114572525,0.0,0.0,-1.5571446418762207,-1.4958174228668213,0.210736945271492,0.2240653783082962,0.0003,31.53765296936035
0,120,48000,-0.0011237173889894,68.99697467803955,0.2184374156594276,0.0021516680717468,0.0068249998986721,0.3131623864173889,0.2164687663316726,0.9385194182395936,8.459036827087402,-39.13604736328125,66.01801300048828,14.798742294311523,10.206899642944336,0.6690311596136936,8.97634604690656,0.0716855376958847,1.1219009160995483,0.0,0.0,-1.5629674196243286,-1.4986835718154907,0.2095134258270263,0.2234240770339965,0.0003,41.64961242675781
0,130,52000,-0.0016334177968819,64.17911319732666,0.2308810132741928,0.003965470008552,0.0180499999132007,0.4518389701843261,0.2147311866283416,0.0039884489960968,8.213188171386719,-38.92518615722656,41.29158782958984,15.042621612548828,11.093222618103027,0.648049919387543,9.426620990582744,0.0921400636434555,0.9072935581207277,0.0,0.0,-1.5712764263153076,-1.506508708000183,0.2077798098325729,0.2216825783252716,0.0003,36.6199836730957
0,140,56000,-0.0024465542089426,88.85630043029785,0.2356756122410297,0.0048881350085139,0.0199999999720603,0.4689528346061706,0.2159081846475601,1.627223253250122,9.471076011657717,-82.58453369140625,43.97629928588867,15.798110961914062,12.996689796447754,0.6631310989630083,13.158374054506034,0.1067895740270614,0.8562554121017456,0.0,0.00025,-1.5697985887527466,-1.4973185062408447,0.2080870866775512,0.2237292826175689,0.0003,34.4765510559082
0,150,60000,-0.0012357790383386,45.15644409179688,0.2312560959160328,0.0027900652494281,0.0088499999279156,0.5790529251098633,0.2149070501327514,2.3620927333831787,6.752500057220459,-30.48046112060547,58.91731643676758,19.146530151367188,10.407605171203612,0.585877492064482,12.443175484907249,0.0935165137052536,0.7508693933486938,0.0,0.0,-1.571465015411377,-1.5047470331192017,0.2077406197786331,0.2220734506845474,0.0003,19.541677474975582
0,160,64000,-0.0018453630152473,56.0090962600708,0.2446781866252422,0.0038882480002939,0.0143999999575316,0.6093547344207764,0.2134087681770324,0.8112797141075134,7.71303653717041,-58.38404083251953,35.91081619262695,20.049509048461918,12.34053897857666,0.5848205182579893,12.29011772463272,0.0694612115621566,0.6255007386207581,0.0,0.0,-1.580245018005371,-1.5100773572921753,0.2059246301651001,0.2208928912878036,0.0003,27.189111709594727
0,170,68000,-0.0022194622748531,90.0366833114624,0.2544258564710617,0.0035455520264804,0.0170749998791143,0.5676957368850708,0.2130946516990661,0.790375292301178,9.561561584472656,-61.22285461425781,94.00225067138672,20.35392570495605,14.54233169555664,0.6319466943195613,15.098834833890509,0.071528285741806,0.5662075281143188,0.0,0.0,-1.5853946208953855,-1.5081349611282349,0.2048669308423996,0.2213223725557327,0.0003,49.730430603027344
0,180,72000,-0.0007832627799412,67.74930351257325,0.2573457807302475,0.0031265025027096,0.0061000000173225,0.6931817531585693,0.212584838271141,-0.0161655582487583,8.496710777282715,-49.78677368164063,59.03459930419922,19.70922088623047,15.339466094970703,0.6251434085928197,15.295323278070784,0.1064246073365211,0.6143519282341003,0.0,0.0,-1.5908970832824707,-1.507662653923035,0.2037427723407745,0.2214269191026687,0.0003,29.53409194946289
0,190,76000,-0.0010527154707135,62.71723621368408,0.2593206217885017,0.0023440141230821,0.0055749999638646,0.7113499641418457,0.2132064998149871,-0.6449998021125793,8.43569564819336,-56.01414489746094,28.788162231445312,19.086441040039062,15.701282501220703,0.653796939695583,20.77354981326999,0.083890751004219,0.8755598664283752,0.0,0.0,-1.5893478393554688,-1.5034829378128052,0.2040586471557617,0.2223543524742126,0.0003,28.156736373901367
0,200,80000,-0.0004118284648029,102.9977751159668,0.2531522950530052,0.0024740677326917,0.0017999999783933,0.5903337597846985,0.2135403901338577,-0.18223737180233,10.429435729980469,-55.53655624389648,56.84859848022461,17.722375869750977,16.294675827026367,0.6594964020184587,18.477934476262657,0.0625678822398185,1.0439987182617188,0.0,0.0,-1.588238000869751,-1.5015008449554443,0.2042852491140365,0.2227955162525177,0.0003,45.74085998535156
0,210,84000,-0.0019537431740121,100.71393321990966,0.2518647435307503,0.0022787621710449,0.0052749999612569,0.5541845560073853,0.2133488953113556,1.8356730937957764,10.360969543457031,-50.721473693847656,87.73704528808594,20.525711059570312,15.517538070678713,0.578574404206117,21.436840169808047,0.0741245970129966,1.0638471841812134,0.0,0.0,-1.5894421339035034,-1.5021166801452637,0.2040394097566604,0.2226583659648895,0.0003,75.2093734741211
0,220,88000,-0.0019635998472311,69.91134681701661,0.2578568041324615,0.0024059764109551,0.0105499999877065,0.6839808225631714,0.2123436033725738,1.4090434312820437,8.480711936950684,-43.106666564941406,53.36641693115234,19.472461700439453,15.086051940917969,0.5685507972399979,13.297707885164586,0.0641815736889839,1.3516494035720823,0.0,0.0,-1.5935760736465454,-1.5073798894882202,0.2031976729631424,0.2214895337820053,0.0003,33.462894439697266
0,230,92000,-0.0022199528958055,37.41512786865234,0.2693580287694931,0.0032309121452271,0.0227999999467283,0.7808570861816406,0.2108552604913711,0.1123698130249977,6.29575777053833,-36.18827819824219,31.20331573486328,20.168371200561523,13.448822975158691,0.5621648018687684,8.466656573579288,0.0707538649439811,0.8413106799125671,0.0,0.0,-1.603595733642578,-1.5116822719573977,0.2011718600988388,0.2205386757850647,0.0003,15.07144546508789
0,240,96000,-0.0021488040039781,95.0774150466919,0.2836479032039642,0.0043868003413081,0.0211249999981373,0.5672931671142578,0.2094731032848358,0.5310338139533997,9.813682556152344,-33.68479919433594,101.71319580078124,21.356504440307617,14.918842315673828,0.5916226032304841,11.310144700514629,0.1034620925784111,0.939902126789093,0.0,0.0,-1.6117595434188845,-1.5168132781982422,0.1995362192392349,0.2194099724292755,0.0003,35.893951416015625
0,250,100000,-0.0017882782053566,63.576812210083006,0.2965727761387825,0.0033430110197514,0.0165249999752268,0.6419692635536194,0.2081214189529419,0.1160075217485427,8.212058067321777,-43.93165588378906,44.184043884277344,19.06214714050293,13.72435188293457,0.6239464997140763,10.326513403623377,0.0866781324148178,1.2708759307861328,0.000125,0.00025,-1.6210092306137085,-1.5207688808441162,0.1976990699768066,0.2185437828302383,0.0003,29.71224975585937
0,260,104000,-0.0018467922891271,77.77642211914062,0.3063691425323486,0.0043965643271803,0.020124999997206,0.6196498870849609,0.2078301608562469,0.4863017499446869,8.920257568359375,-59.570743560791016,85.14401245117188,19.272180557250977,14.463907241821287,0.684908377515875,8.637964188140684,0.0817785337567329,1.2613210678100586,0.0,0.0,-1.628282904624939,-1.5168859958648682,0.1962662786245346,0.2193940281867981,0.0003,37.88294219970703
0,270,108000,-0.0025798368494215,136.2355009460449,0.3104507592320442,0.0063818879425525,0.0336500002723187,0.4462008476257324,0.2070605754852295,-2.155423402786255,11.876173973083496,-57.83861541748047,62.65848922729492,15.657047271728516,15.958806037902832,0.6599305382984401,18.7701338756375,0.0865088701248169,0.8370011448860168,0.00025,0.0005,-1.6332305669784546,-1.5194896459579468,0.1952976286411285,0.2188235372304916,0.0003,62.57145690917969
0,280,112000,-0.0019131495593625,37.84324571609497,0.3193527701497078,0.0038704078178852,0.0265499999560415,0.7774110436439514,0.2063066065311432,-0.3846729397773742,6.2166948318481445,-42.01410675048828,24.84946823120117,18.423694610595703,13.176733016967772,0.6441710881413744,6.347122716333073,0.0649757385253906,0.8238092064857483,0.0,0.0,-1.6357636451721191,-1.5241336822509766,0.1948035359382629,0.2178096622228622,0.0003,18.557621002197266
0,290,116000,-0.0005249249977176,47.79294048309326,0.3187034031748771,0.001908884034492,0.0031249999487772,0.7234745621681213,0.2073155045509338,-0.7510416507720947,7.253738880157471,-31.59735870361328,53.308815002441406,17.811946868896484,13.794132232666016,0.6310651313286005,12.885773699157442,0.0705213770270347,0.95983624458313,0.0,0.0,-1.6349295377731323,-1.515652060508728,0.1949661076068878,0.2196649014949798,0.0003,30.270828247070312
0,300,120000,-0.00214606825356,136.84854118347167,0.3118688669800758,0.0037288810126483,0.015174999940209,0.4590935707092285,0.2072826325893402,1.078371524810791,12.169198989868164,-78.5198745727539,68.14724731445312,17.32848358154297,16.546300888061523,0.6919204613456807,19.874838830851896,0.0744051784276962,1.3975863456726074,0.0,0.0,-1.6271923780441284,-1.5228711366653442,0.1964804530143737,0.218084841966629,0.0003,60.02663040161133
0,310,124000,-0.0015134590136403,183.2529830932617,0.3125052791833878,0.0032226755283772,0.0117999999597668,0.3911852836608886,0.2072433233261108,-0.3876720070838928,13.749095916748049,-96.65168762207033,60.47664642333984,19.155784606933597,17.62104034423828,0.594599225801718,17.600052985595738,0.0810780823230743,1.29680335521698,0.0,0.0,-1.62594473361969,-1.5243574380874634,0.1967257261276245,0.2177609205245971,0.0003,79.9355239868164
0,320,128000,-0.0004037599000255,29.13633415222168,0.3087298920750618,0.0027967463247478,0.0100999999139457,0.7797113060951233,0.2077025771141052,-0.5723403096199036,5.419992923736572,-31.744434356689453,21.698530197143555,17.709983825683594,11.54788875579834,0.5717962700756664,6.598872782097805,0.1096966788172721,0.5045571327209473,0.0,0.0,-1.6231833696365356,-1.5226391553878784,0.1972697228193283,0.2181354463100433,0.0003,13.63666820526123
0,330,132000,-0.0035544894236842,132.52484672546387,0.3117132756114006,0.0036505293101072,0.0346249999525025,0.4732236266136169,0.2069307267665863,-0.7955701947212219,11.549015045166016,-67.25227355957031,66.1272964477539,18.20388603210449,15.912257194519045,0.6420456065752381,13.890461685948203,0.0675617903470993,0.5400462746620178,0.0,0.0,-1.6297616958618164,-1.5237871408462524,0.1959762573242187,0.2178851664066314,0.0003,71.03905487060547
0,340,136000,-0.0025801324821579,102.09968818664552,0.3166211110353469,0.0047484901733696,0.0298249999573454,0.5865901112556458,0.2067929804325103,-0.3883466720581054,10.17159366607666,-71.5725326538086,56.68439483642578,16.42909049987793,15.819711685180664,0.6942938932221903,13.94766872516722,0.0698263496160507,0.6800521612167358,0.0,0.0,-1.6338417530059814,-1.5213918685913086,0.1951783150434494,0.2184076756238937,0.0003,49.070091247558594
0,350,140000,-0.0017586081809426,125.6026860809326,0.3200164407491684,0.0024773138575255,0.0125499999849125,0.4763839244842529,0.2061091065406799,0.4931404888629913,11.274744987487791,-63.871463775634766,111.2117691040039,17.281593322753906,15.5811767578125,0.6648808832139714,12.45543011331907,0.0501616559922695,1.0331727266311646,0.0,0.0,-1.6356995105743408,-1.5260063409805298,0.1948160529136657,0.2174021452665329,0.0003,51.372337341308594
0,360,144000,-0.0008410641858601,56.4410657119751,0.3313366106152534,0.0038269129581749,0.0167999999504536,0.6929394006729126,0.2044485807418823,-0.0199634097516536,7.575720310211182,-47.33223724365234,41.4793815612793,18.184968948364254,13.67136573791504,0.6109027511486815,11.91978207297644,0.0832194685935974,0.5319751501083374,0.0,0.0,-1.6443182229995728,-1.5336211919784546,0.1931442022323608,0.215752974152565,0.0003,27.19957733154297
0,370,148000,-0.003970410666964,53.64704807281494,0.3473687225580215,0.0072477222420275,0.0515000000922009,0.6691527962684631,0.2030052989721298,1.560300588607788,7.422536373138428,-27.95691299438477,51.3291244506836,18.56620407104492,12.904423713684082,0.665859840207201,12.105045618684926,0.1278100460767746,0.75944584608078,0.0,0.0,-1.6590986251831057,-1.533866047859192,0.1903104335069656,0.2157001197338104,0.0003,26.613800048828125
0,380,152000,-0.0010062657289541,79.24881690979004,0.3628140965104103,0.0029532199259847,0.0140499999700114,0.6193885803222656,0.2011465430259704,0.6233852505683899,9.074657440185549,-114.00741577148438,43.77800369262695,18.85920524597168,14.709209442138672,0.7333698746623994,11.06946791111181,0.0952711552381515,1.130662441253662,0.0,0.0,-1.667782187461853,-1.5435187816619873,0.1886650174856186,0.2136280536651611,0.0003,25.488182067871094
0,390,156000,-0.0014203422828137,84.10112880706787,0.3766089189052581,0.0029797703027725,0.0154499999945983,0.6110403537750244,0.2003965973854065,-1.2839136123657229,9.376079559326172,-50.37474822998047,33.4859619140625,18.38766288757324,15.033807754516602,0.6178770453385171,17.611140231064965,0.1008676812052726,0.8140915036201477,0.0,0.0,-1.6734615564346311,-1.5455403327941897,0.1875965595245361,0.213196650147438,0.0003,35.873619079589844
0,400,160000,-0.002457424183514,36.65021127700805,0.3837235701084137,0.0033858276437968,0.0222249999688938,0.7967475652694702,0.1993407160043716,-0.0483624264597892,6.148948669433594,-42.991024017333984,46.526023864746094,17.383914947509766,13.639013290405272,0.6161305649929503,7.104738082601398,0.1339328736066818,0.7080634832382202,0.0,0.0,-1.669993877410889,-1.5585869550704956,0.1882482171058654,0.2104332149028778,0.0003,18.256792068481445
0,410,164000,-0.0004536185316101,132.37739990234374,0.3908367329835892,0.0029539410024881,0.006549999997951,0.4925400018692016,0.1992929279804229,-2.5011610984802246,11.744948387145996,-130.28123474121094,46.45131301879883,15.03646469116211,16.48732566833496,0.6389466941392122,26.59214300471084,0.0692062973976135,0.8856399655342102,0.0,0.0,-1.664642572402954,-1.5638550519943235,0.1892582923173904,0.2093275338411331,0.0003,74.15670013427734
0,420,168000,-0.0022135306184623,43.29141763687134,0.4021221703290939,0.0039867227897048,0.0249500000430271,0.7781757712364197,0.1968079209327697,0.6316667199134827,6.608327865600586,-42.45995330810547,34.05537414550781,16.026378631591797,14.030949592590332,0.6265430698239374,9.214414568808833,0.0844804123044014,0.538887083530426,0.0,0.0,-1.6757333278656006,-1.577721357345581,0.1871708780527115,0.2064449787139892,0.0003,21.3542423248291
0,430,172000,-0.0018392375066934,73.06791244506836,0.4193696156144142,0.004235288593918,0.020499999942258,0.6590549349784851,0.19623664021492,-0.1345496773719787,8.611946105957031,-43.38325500488281,42.35662460327149,15.137667655944824,14.748882293701172,0.596670109258879,11.244508106714568,0.0877244621515274,0.7084267139434814,0.0,0.0,-1.6811225414276123,-1.5783830881118774,0.1861648857593536,0.2063084244728088,0.0003,39.69977188110352
0,440,176000,-0.0024085319659323,52.32204036712646,0.4177186557650566,0.0050519881770014,0.0304499999759718,0.7163190841674805,0.1970029324293136,0.9028341174125672,7.316229343414307,-36.43886947631836,44.530521392822266,17.224035263061523,13.73637866973877,0.6012370921458282,11.860282929057432,0.0880102217197418,0.5207180380821228,0.0,0.0,-1.6771262884140017,-1.5745750665664673,0.186910331249237,0.2070955336093902,0.0003,22.398033142089844
0,450,180000,-0.0018839812956837,62.264705123901365,0.409965246617794,0.0038462462835013,0.0327500000223517,0.6950020790100098,0.197744071483612,-0.3814690113067627,8.01887035369873,-43.43526458740234,44.64891815185547,16.5417537689209,14.519937515258787,0.6263214141518137,10.776138969552084,0.0597391799092292,0.9329068660736084,0.0,0.0,-1.6759912967681885,-1.5684614181518557,0.1871225982904434,0.2083655297756195,0.0003,31.52119445800781
0,460,184000,-0.0019393302968095,79.05174411773682,0.4097799241542816,0.0043458081781864,0.0228499999083578,0.5357978940010071,0.1967299580574035,1.5585033893585205,9.111214637756348,-37.842872619628906,47.34585571289063,17.375667572021484,13.372811317443848,0.5611725090126587,12.761063068327784,0.0746606141328811,1.1181696653366089,0.0,0.0,-1.6774450540542605,-1.576926350593567,0.186850756406784,0.2066091746091842,0.0003,40.20000076293945
0,470,188000,-0.0007180434586294,56.07666023254394,0.4190705043077469,0.0025445385836064,0.0132999999960884,0.6574028730392456,0.1960425823926925,-0.2309058606624603,7.526301383972168,-41.10888671875,25.25474548339844,17.442047119140625,12.85848331451416,0.6085102781841232,9.154915489204232,0.0922673344612121,0.4261476993560791,0.0,0.0,-1.6777838468551636,-1.583294153213501,0.1867874711751938,0.2052977085113525,0.0003,24.938203811645508
0,480,192000,-0.001042146357624,183.9040853881836,0.4238979199528694,0.0031351323705166,0.0130499999225139,0.2838261723518371,0.1959663927555084,1.2176576852798462,13.825003623962402,-37.17506790161133,179.6451873779297,18.588329315185547,16.336387634277344,0.6958174499067499,18.028431916047804,0.0769051164388656,1.1163597106933594,0.0,0.0,-1.6710965633392334,-1.5901645421981812,0.1880407631397247,0.2038920521736145,0.0003,55.16121673583984
0,490,196000,-0.0009742748323864,105.49301734924316,0.4220238897204399,0.0043264096602797,0.0231750000128522,0.4806978106498718,0.196214810013771,0.29084113240242,10.378578186035156,-71.82546997070312,49.86375427246094,18.4951286315918,14.402165412902832,0.6767866376728674,11.147105173489525,0.0864992663264274,1.0234599113464355,0.0,0.0,-1.6683902740478516,-1.5902272462844849,0.1885503232479095,0.2038792818784713,0.0003,45.26213836669922
0,500,200000,-0.0020331288094633,75.04616905212403,0.4250358366966247,0.0038161699194461,0.0294750000489875,0.5533865690231323,0.1950697004795074,-0.1873859912157058,8.850444793701172,-37.48149108886719,41.78177261352539,18.934734344482425,13.243391036987305,0.6539146881692187,11.834559547358142,0.0830698013305664,0.984394371509552,0.0,0.0,-1.669044017791748,-1.6009129285812378,0.1884271055459976,0.201712280511856,0.0003,41.81663131713867
0,510,204000,-0.0013289107568178,62.92639839172363,0.4293233472108841,0.0036308807320892,0.0197249998897314,0.609953761100769,0.1958367228507995,-0.271393209695816,7.995579719543457,-38.06945037841797,71.01768493652344,18.886119842529297,12.80241584777832,0.7276665721373716,8.881068093606514,0.0706705078482627,0.5867595076560974,0.0,0.0,-1.6712305545806885,-1.591313719749451,0.1880155503749847,0.203657865524292,0.0003,24.182085037231445
0,520,208000,-0.0010941005147953,83.7936503982544,0.4210603851079941,0.0046567469835281,0.0160750000039115,0.5412282943725586,0.1965211033821106,-0.683922290802002,9.24765968322754,-53.534324645996094,34.853416442871094,18.122455596923828,13.653170585632324,0.6116063176765305,11.289460406205356,0.1033487170934677,0.6255362033843994,0.0,0.00025,-1.6655220985412598,-1.589879035949707,0.1890919059514999,0.20395028591156,0.0003,42.32767868041992
0,530,212000,-0.0013846110957216,84.08609008789062,0.4122788938879966,0.0029286574572324,0.0208499998459592,0.5878334641456604,0.1974860429763794,-0.0780589580535888,9.279644012451172,-53.96665954589844,36.88169097900391,17.623655319213867,14.454229354858398,0.6077119379221704,13.306510594908218,0.0947571992874145,0.5780982971191406,0.0,0.0,-1.6555900573730469,-1.5896707773208618,0.1909793317317962,0.2039927542209625,0.0003,52.969825744628906
0,540,216000,-0.0031462586264984,78.29480995178223,0.4072881668806076,0.0049996809102594,0.0330000000167638,0.6271686553955078,0.1972698271274566,-0.2838207483291626,8.996602058410645,-66.88777923583984,56.05758666992188,17.9426326751709,14.73405647277832,0.5876444570037989,11.239155935564328,0.1162115335464477,0.7242606282234192,0.0,0.0,-1.6541777849197388,-1.593119740486145,0.1912492364645004,0.2032904028892517,0.0003,38.979305267333984
0,550,220000,-0.0017551949146902,67.59704570770263,0.4153268104791641,0.0021341396495699,0.0108749999385327,0.648075520992279,0.1958958953619003,-1.1844377517700195,8.34364128112793,-50.69462585449219,53.471866607666016,17.420461654663086,14.06471347808838,0.6423670038126222,11.413251860724266,0.0726951584219932,0.9110394716262816,0.0,0.0,-1.662229299545288,-1.5991103649139404,0.189715564250946,0.2020762264728546,0.0003,42.084228515625
0,560,224000,-0.002687308622193,68.31164474487305,0.4331403270363808,0.0039072250947356,0.0350750002358108,0.6827458143234253,0.1937375664710998,1.005748629570007,8.284099578857422,-44.1173095703125,33.549713134765625,17.61844253540039,14.70759391784668,0.6311544253830468,11.474518515105268,0.1021016761660575,0.4259407222270965,0.0,0.0,-1.669841766357422,-1.6134546995162964,0.1882768422365188,0.1991982460021972,0.0003,37.32506942749024
0,570,228000,-0.0018090802720485,39.42422254562378,0.4492606574296951,0.00644276663661,0.0330249998997896,0.7801439166069031,0.1929251551628112,0.4730238318443298,6.388879776000977,-59.199214935302734,27.11723899841309,19.045772552490234,13.62559413909912,0.6653804540136099,7.757493304824477,0.1113084927201271,0.8903060555458069,0.0,0.0,-1.667986512184143,-1.6234160661697388,0.1886264830827713,0.1972238272428512,0.0003,21.49563407897949
0,580,232000,-0.0020789218389967,75.53404636383057,0.4614000979065895,0.0032793916761875,0.0183999999798834,0.6490482091903687,0.1913989335298538,0.7837755084037781,8.916271209716797,-51.64586639404297,71.07438659667969,18.198299407958984,15.050799369812012,0.5965650944833394,14.734192381284895,0.0811635330319404,1.0537493228912354,0.0,0.0,-1.6709572076797483,-1.6361366510391235,0.1880669444799423,0.1947309076786041,0.0003,26.83460807800293
0,590,236000,-0.0034097911701523,34.96601505279541,0.4721244567632675,0.0071420827880501,0.0531250001490116,0.8168429136276245,0.1913031190633773,0.3490626513957977,5.9442644119262695,-39.00885009765625,30.1870059967041,19.135448455810547,13.88948917388916,0.5446519954991286,7.753015280897469,0.0870027169585228,0.5697830319404602,0.0,0.00025,-1.6747479438781738,-1.6334701776504517,0.1873553991317749,0.195250853896141,0.0003,24.223695755004883
0,600,240000,-0.0016823822831531,110.86599029541016,0.4707920295000076,0.0030380538664758,0.0136749998899176,0.5886424779891968,0.1911192834377288,-0.816365659236908,10.709744453430176,-87.094970703125,51.71646499633789,18.373504638671875,16.69818878173828,0.6291512904732413,15.701104453020116,0.0829220786690712,0.780849039554596,0.0,0.0,-1.6710103750228882,-1.6389615535736084,0.1880569607019424,0.1941815912723541,0.0003,47.757415771484375
0,610,244000,-0.0016376738399447,110.05487712860108,0.4751124453544617,0.0032344437204301,0.016249999939464,0.6313091516494751,0.1904430389404297,-1.2614552974700928,10.575042724609377,-91.61331176757812,56.19297790527344,16.640716552734375,17.416099548339844,0.6204302469674862,14.427590648497734,0.0749380737543106,0.5931276679039001,0.0,0.0,-1.6739859580993652,-1.643057346343994,0.1874982118606567,0.1933878809213638,0.0003,66.1595458984375
0,620,248000,-0.000757439349807,78.58898918151856,0.4799916696548462,0.0034920827019959,0.0200249999947845,0.6595535278320312,0.1900872886180877,-0.4497188329696655,9.08185577392578,-45.1006088256836,42.73485565185547,14.543702125549316,15.56503963470459,0.6009508795432045,12.90845688958622,0.0497766062617301,0.6895533800125122,0.0,0.0,-1.6703526973724363,-1.6502918004989624,0.1881806701421737,0.1919938772916793,0.0003,42.10752487182617
0,630,252000,-0.0020319364003837,160.5717342376709,0.4809920489788055,0.0057239299640059,0.0264000000385567,0.4368094205856323,0.190498799085617,-1.3983007669448853,12.945752143859863,-68.96918487548828,60.09681701660156,16.020572662353516,17.250415802001953,0.6334193652496757,21.494013325349552,0.129266083240509,1.4494812488555908,0.0,0.0,-1.6650198698043823,-1.6512463092803955,0.1891869008541107,0.1918106973171234,0.0003,88.97174072265625
0,640,256000,-0.0010196411175642,52.170527877807615,0.4720271155238151,0.0038006491959095,0.0150499999802559,0.6897399425506592,0.1915221214294433,-0.2260286062955856,7.36071252822876,-51.57324981689453,38.469688415527344,15.741100311279297,13.214689254760742,0.613747556044149,10.22569950913752,0.0970238596200943,0.8281601071357727,0.0,0.0,-1.6507835388183594,-1.654724359512329,0.1918994933366775,0.1911447495222091,0.0003,26.26317596435547
0,650,260000,-0.0007900518248337,61.265241622924805,0.4638505685329437,0.00282694818452,0.0084999999729916,0.6158326864242554,0.1920215189456939,1.2238956689834597,7.94512939453125,-35.00495147705078,67.08665466308594,16.481197357177734,12.818605422973633,0.6107914804837208,9.899721920803584,0.0703982189297676,0.712387204170227,0.0,0.0,-1.6541920900344849,-1.6461199522018433,0.1912465095520019,0.1927965134382248,0.0003,40.03616714477539
0,660,264000,-0.0014489113891891,94.58491931915285,0.4714055979251861,0.0032769055105745,0.0144750000210478,0.4807995557785034,0.1901554763317108,0.0274241026490926,9.816948890686035,-37.46150970458984,82.84257507324219,16.34607696533203,13.624136924743652,0.539227100551837,10.727942312136372,0.0872966572642326,0.8755012154579163,0.0,0.0,-1.661937594413757,-1.6578930616378784,0.1897709220647812,0.190540000796318,0.0003,49.73653411865234
0,670,268000,-0.0013147085369113,50.84130420684814,0.4826909255981445,0.0052446550689637,0.0338999998942017,0.5959542393684387,0.1900705397129058,0.2374211847782135,7.268559455871582,-44.082984924316406,38.88768768310547,16.576065063476562,11.434919357299805,0.5962328023120836,6.755900878825848,0.0783821046352386,1.19355309009552,0.0,0.0,-1.6647961139678955,-1.655943512916565,0.1892292201519012,0.1909118443727493,0.0003,28.79338264465332
0,680,272000,-0.0014152693338794,124.58314071655272,0.482949334681034,0.0030390645842999,0.0254250000230968,0.3627000451087951,0.1901052445173263,0.1418297439813614,11.44607162475586,-63.986427307128906,56.12541198730469,17.096921920776367,14.337865829467772,0.6397272533533296,13.18083789031461,0.0676909834146499,1.4912497997283936,0.0,0.0,-1.6642018556594849,-1.6561691761016846,0.1893417090177536,0.1908687651157379,0.0003,62.303314208984375
0,690,276000,-0.0018407777937572,75.46617115020751,0.4859953606128692,0.0048579825088381,0.0277250000089406,0.5345029830932617,0.1890877783298492,-1.4320175647735596,8.769407272338867,-63.92206573486328,31.71051406860352,15.349671363830566,12.853214263916016,0.5990754629268106,9.960304088335675,0.1008408963680267,0.8699614405632019,0.0,0.0,-1.6706162691116333,-1.6604971885681152,0.1881310790777206,0.1900444626808166,0.0003,33.73707580566406
0,700,280000,-0.0036652329579927,44.23704097747802,0.4994611635804176,0.0058384565636515,0.0451749999355524,0.6415175199508667,0.187713474035263,0.7888762354850769,6.749364376068115,-33.102787017822266,33.12730407714844,16.11054801940918,11.272725105285645,0.6066700568899467,7.21070380947718,0.0852467939257621,0.853004515171051,0.0,0.0,-1.667965531349182,-1.677735447883606,0.1886304467916488,0.1867965012788772,0.0003,21.05169105529785
0,710,284000,-0.0033016614594846,69.87573398590088,0.5133849567174912,0.0038286249618977,0.0260500000091269,0.5077213048934937,0.1866583675146103,0.5051407217979431,8.535037994384766,-50.2543830871582,46.9238166809082,16.96393394470215,12.164658546447754,0.6569808351302252,9.266067306073136,0.127260535955429,1.4978344440460205,0.0,0.0,-1.6768765449523926,-1.6800764799118042,0.1869570165872573,0.1863597333431244,0.0003,32.05198669433594
0,720,288000,-0.0016590408097283,36.49147146224976,0.525278713107109,0.0031167846173048,0.0283000000240281,0.6807535886764526,0.1855787634849548,-0.3516879379749298,6.1075615882873535,-33.220970153808594,21.933650970458984,15.847770690917969,10.809481620788574,0.6126002096330413,7.491870803661843,0.0639471113681793,0.7372709512710571,0.0,0.0,-1.6802064180374146,-1.688361883163452,0.1863355040550232,0.1848220229148864,0.0003,21.418779373168945
0,730,292000,-0.0025875013070763,30.29211187362671,0.5405884766578675,0.0068574151955544,0.0445250000897795,0.6624720692634583,0.1834831535816192,0.5074135661125183,5.6107025146484375,-25.323143005371094,31.051122665405277,17.66142463684082,9.657448768615724,0.6916644348243622,5.531877995708628,0.0772649347782135,1.0418634414672852,0.0,0.0,-1.69084894657135,-1.7004388570785522,0.1843629479408264,0.1826033741235733,0.0003,14.690794944763184
0,740,296000,-0.0021036043114145,113.27962203979492,0.5515344542264938,0.005311582237482,0.0263000000407919,0.4312136769294739,0.183964729309082,-1.7723158597946167,10.816651344299316,-70.74402618408203,39.69820022583008,15.654966354370115,14.342281341552734,0.6771508471024965,14.148974254191636,0.0914718955755233,0.9186733961105348,0.0,0.0,-1.684011697769165,-1.702092528343201,0.1856277883052826,0.182301640510559,0.0003,57.89380645751953
0,750,300000,-0.0011237235635483,49.39734676361084,0.5559622484445572,0.0041180532425642,0.0256249998928979,0.6487910747528076,0.1823190152645111,0.568248987197876,7.152037143707275,-34.96204376220703,39.009674072265625,16.476245880126953,12.06832504272461,0.6492466243522003,8.176923146008587,0.0756577774882316,1.1040655374526978,0.0,0.0,-1.691094994544983,-1.7130197286605835,0.1843175739049911,0.1803204417228698,0.0003,23.98011016845703
0,760,304000,-0.0026907536264305,89.24558891296387,0.575940666794777,0.0076481378637254,0.0512500001257285,0.4072299599647522,0.1804992109537124,0.5438779592514038,9.55161190032959,-64.49750518798828,39.46109771728516,17.702621459960938,12.406050682067873,0.6027287300110857,9.010234464813689,0.110606737434864,1.0858489274978638,0.0,0.0,-1.7031270265579224,-1.721010684967041,0.1821131557226181,0.1788852661848068,0.0003,44.104373931884766
0,770,308000,-0.0020705148137203,83.41479301452637,0.5852536702156067,0.0049858423881232,0.0267499999608844,0.4799525141716003,0.1806106269359588,-0.5387048125267029,9.205551147460938,-61.00044631958008,69.21412658691406,16.663286209106445,12.765219688415527,0.7221144590104714,9.44975703923958,0.0928429365158081,0.798886239528656,0.0,0.0,-1.6948153972625732,-1.7282882928848269,0.1836331188678741,0.1775881350040435,0.0003,35.350067138671875
0,780,312000,-0.0033636398295813,59.00612728118897,0.5898100119829178,0.0056680440902709,0.0450250000879168,0.5522944927215576,0.1795068681240081,0.9148662090301514,7.723833084106445,-62.46367263793945,37.25376892089844,17.306127548217773,11.54347801208496,0.6147289853632923,8.230948940154798,0.1203110441565513,0.767529308795929,0.0,0.0,-1.7042829990386963,-1.7309787273406982,0.1819027513265609,0.1771109700202942,0.0003,30.34100151062012
0,790,316000,-0.0020629708346277,100.20245651245118,0.59687524497509,0.0035651088692247,0.0284999999590218,0.3775712847709656,0.1795942932367324,-0.0105603635311126,10.098036766052246,-40.25136566162109,42.97164535522461,17.769386291503906,12.799474716186523,0.613495108183573,9.745464797712485,0.073428526520729,0.621451735496521,0.0,0.0,-1.7041704654693604,-1.7301075458526611,0.1819232255220413,0.1772653460502624,0.0003,47.91824722290039
0,800,320000,-0.0022906699255981,45.93885974884033,0.6007843863964081,0.0037287748418748,0.0378500000853091,0.5859895944595337,0.1787998974323272,-0.5575689077377319,6.86943244934082,-59.83167266845703,40.50707244873047,16.174013137817383,10.67616367340088,0.7844067820453436,7.676729353125327,0.1060898900032043,1.1262216567993164,0.0,0.0,-1.700842022895813,-1.7425692081451416,0.1825297474861145,0.1750700324773788,0.0003,18.29856300354004
0,810,324000,-0.0038615856151634,117.41024520874024,0.6008860433101654,0.0044653685763478,0.030500000026077,0.4254242777824402,0.1798180192708969,-1.6699093580245972,11.214428901672363,-82.21104431152344,36.76095581054688,14.801980018615724,14.794610023498535,0.7016019186898588,18.745937168373803,0.0764934197068214,1.7863240242004397,0.0,0.0,-1.6923283338546753,-1.739856243133545,0.1840904057025909,0.1755456328392028,0.0003,57.47708511352539
0,820,328000,-0.0014885434749347,67.31959457397461,0.5918464237451553,0.0022988999262452,0.0201750001311302,0.5275996923446655,0.1803346574306488,-0.5451750159263611,8.452017784118652,-58.46767425537109,40.54589080810547,14.151926040649414,12.297174453735352,0.67519388884222,10.375094216690863,0.064767450094223,1.6223506927490234,0.0,0.0,-1.683261156082153,-1.7435286045074463,0.1857671737670898,0.1749021410942077,0.0003,31.11202812194824
0,830,332000,-0.0012267104310332,106.10602890014648,0.5928397423028946,0.002322906628251,0.0090499998908489,0.3216309547424316,0.179289773106575,2.229506731033325,10.460013389587402,-33.32603454589844,87.92462158203125,17.31997299194336,12.699868202209473,0.6727119657600348,15.94494321375937,0.0640556961297988,0.8455118536949158,0.0,0.0,-1.6943986415863037,-1.743713140487671,0.1837096661329269,0.174869880080223,0.0003,50.91739654541016
0,840,336000,-0.0035553189783844,74.93340675354004,0.6038607281446456,0.0029307731892913,0.0230250000115484,0.446340262889862,0.1785619854927063,-0.4586384296417236,8.923946380615234,-59.16450500488281,39.766693115234375,17.395641326904297,11.99321174621582,0.7091771154615383,11.480053453775032,0.095098078250885,0.8796465396881104,0.0,0.0,-1.701162338256836,-1.744956135749817,0.1824713051319122,0.1746526509523391,0.0003,33.64150619506836
0,850,340000,-0.000650106361274,85.15615604400635,0.6076115691661834,0.0031186360865831,0.0231750000501051,0.4355849623680115,0.1788491606712341,0.1959004551172256,9.316117286682127,-54.62439727783203,57.20035552978516,16.86815643310547,12.400398254394531,0.6969200048146008,9.43036670226254,0.1012659445405006,0.6927249431610107,0.0,0.0,-1.7010282278060913,-1.7418127059936523,0.1824957728385925,0.1752025336027145,0.0003,49.51576614379883
0,860,344000,-0.0024803168657206,160.45746292114256,0.6083958733081818,0.0065394937992095,0.0506750000361353,0.291602611541748,0.1780484765768051,-0.4861614108085632,12.753473281860352,-70.36363220214844,64.48504638671875,16.673967361450195,15.152700424194336,0.6661193400378288,12.06510257213328,0.1067977175116539,0.9407630562782288,0.0,0.0,-1.71045184135437,-1.741183161735535,0.1807840913534164,0.1753128618001938,0.0003,65.59611511230469
0,870,348000,-0.0004931194165517,62.18541934967041,0.6158976751565933,0.0029457584023475,0.0109500000067055,0.5220630168914795,0.1775234937667846,0.5268914699554443,7.931086540222168,-31.42695426940918,56.37542343139648,17.621143341064453,11.472217559814451,0.6483566741091561,8.517241716941804,0.0755389332771301,0.6352735757827759,0.0,0.0,-1.7182800769805908,-1.739133358001709,0.1793743818998336,0.1756725758314132,0.0003,24.71099281311035
0,880,352000,-0.0015079529546521,96.59669876098631,0.6167201888561249,0.0023436290211975,0.0204750000918284,0.5068750381469727,0.1782989501953125,-2.189897298812866,10.051132202148438,-54.84218978881836,48.36937713623047,14.970211029052734,14.313192367553713,0.6293389452403814,17.52278897512665,0.0547887533903121,0.695757269859314,0.0,0.0,-1.7187674045562744,-1.7298505306243896,0.1792869865894317,0.177310898900032,0.0003,38.29698944091797
0,890,356000,-0.0015232777303001,123.67987884521484,0.6107207977771759,0.0035334485583007,0.0192749999416992,0.5144964456558228,0.1781132817268371,0.8570190668106079,11.217564582824709,-48.85398483276367,82.59353637695312,15.38141632080078,16.09912872314453,0.6728332637994398,13.79157635643576,0.088349238038063,0.9521604180336,0.0,0.0,-1.7224080562591553,-1.7282716035842896,0.1786354482173919,0.1775910705327987,0.0003,51.13999176025391
0,900,360000,-0.0017983979076524,103.36759552001952,0.6163612943887711,0.0040683918632566,0.0219999999599531,0.5788676738739014,0.1773582100868225,-1.0501797199249268,10.365789413452148,-49.64841842651367,42.77048110961914,14.693580627441406,15.973243713378906,0.6728424472052131,16.474113042761445,0.0754403844475746,1.0431795120239258,0.0,0.0,-1.727350831031799,-1.7318217754364014,0.177754670381546,0.1769617199897766,0.0003,52.07602310180664
0,910,364000,-0.0021225655193775,56.98794063568116,0.6172409915924072,0.0045103053562343,0.0364250002242624,0.6803945302963257,0.1782985925674438,0.6450790762901306,7.645784378051758,-45.11147689819336,42.14404296875,15.199796676635742,13.524304389953612,0.5938198038282457,9.162741789627296,0.0762141495943069,0.9183645844459534,0.0,0.0,-1.7187986373901367,-1.729823112487793,0.179281398653984,0.1773157566785812,0.0003,29.76637077331543
0,920,368000,-0.0028197053197145,106.76621742248535,0.6096186196804046,0.0042850561439991,0.0286999998800456,0.5058825612068176,0.1784440875053405,0.9182894229888916,10.443767547607422,-45.20573043823242,56.05905532836914,16.02588653564453,14.857375144958496,0.6613890096565812,13.339679500432748,0.075997956097126,0.9442142844200134,0.0,0.0,-1.712842583656311,-1.7342315912246704,0.1803523898124694,0.1765358000993728,0.0003,41.41572952270508
0,930,372000,-0.0011293592657177,133.34332489013673,0.6074175596237182,0.0038075994234532,0.015800000000745,0.506255030632019,0.1789209842681884,-2.7051265239715576,11.675899505615234,-55.75890350341797,68.34019470214844,13.367420196533203,16.616477966308594,0.6196912809220761,20.750670083536484,0.0697977691888809,1.115735650062561,0.0,0.0,-1.7077522277832031,-1.7340425252914429,0.1812727898359298,0.1765691936016082,0.0003,53.60312271118164
0,940,376000,-0.002758861577143,140.92126205444336,0.5988640797138214,0.0051654772832989,0.0444999998342245,0.4798141717910766,0.179789513349533,-0.4451253712177276,11.918928146362305,-61.833683013916016,73.05320739746094,12.57264518737793,16.525625228881836,0.6501620245465886,11.565654271016712,0.0738368555903434,0.8232099413871765,0.0,0.0,-1.701551079750061,-1.7305967807769775,0.1824003756046295,0.1771786361932754,0.0003,60.460899353027344
0,950,380000,-0.0025808198473081,190.79272003173827,0.5938362598419189,0.0031247022561728,0.0183500001206994,0.2076631784439087,0.1798137426376342,1.706579327583313,14.19926929473877,-44.65117263793945,103.86034393310548,14.96482753753662,15.95185089111328,0.6396623651564911,23.19684454146012,0.0549762435257434,1.070502758026123,0.0,0.0,-1.7062338590621948,-1.7255266904830933,0.1815482378005981,0.178079217672348,0.0003,91.18470764160156
0,960,384000,-0.0025568301342849,118.10414756774902,0.5921153110265732,0.0038055791519582,0.0488499998161569,0.3855673670768738,0.1803124845027923,0.0229533072561025,11.173819541931152,-57.21009826660156,69.326416015625,15.11083984375,14.254910469055176,0.6237829496140178,13.821232634351617,0.0516873709857463,1.306595802307129,0.0,0.0,-1.7045334577560425,-1.7216678857803345,0.1818571984767913,0.1787677258253097,0.0003,52.990684509277344
0,970,388000,-0.0013528661707496,79.8566287612915,0.5908514469861984,0.0044281156733632,0.0218250000337138,0.516029953956604,0.1796807050704956,1.810129284858704,9.003175735473633,-51.90242767333984,71.40249633789062,16.068185806274414,12.94155502319336,0.6458512573607144,13.448937251508012,0.0996963456273078,0.7171745300292969,0.0,0.0,-1.7134895324707031,-1.7196677923202517,0.180235743522644,0.1791256368160247,0.0003,47.28053283691406
0,980,392000,-0.0019741955083271,94.12021228790285,0.5954405230283737,0.0038973097689449,0.0269999998947605,0.457357108592987,0.1796633154153823,1.0979607105255127,9.772907257080078,-74.19828033447266,60.46276092529297,18.020158767700195,13.266817092895508,0.5970874877725683,12.688741561858034,0.1003103405237197,0.613003134727478,0.0,0.0,-1.7163634300231934,-1.7169779539108276,0.1797185093164444,0.1796081215143203,0.0003,47.47673034667969
0,990,396000,-0.0011210938715183,130.05364891052247,0.5950611799955368,0.0045520579442381,0.0136749999038875,0.2918832898139953,0.1798517704010009,2.477003335952759,11.666647911071776,-43.36326217651367,71.11627197265625,20.47105598449707,13.864163398742676,0.6284706345143598,24.322635553896617,0.1101383939385414,0.8004119992256165,0.0,0.0,-1.7127610445022583,-1.718491554260254,0.1803670823574066,0.1793364584445953,0.0003,60.17474365234375
0,1000,400000,-0.0024308361003451,97.5729238510132,0.5892327409982682,0.0036249980330467,0.0264749997947365,0.4534395337104797,0.1804878711700439,-0.5828349590301514,9.979314804077148,-93.93220520019533,52.73585510253906,17.96330451965332,13.49837875366211,0.7416709698721878,14.282532569616532,0.1008150428533554,0.880659818649292,0.0,0.0,-1.7064231634140017,-1.717792510986328,0.1815138757228851,0.1794618666172027,0.0003,46.7147102355957
0,1010,404000,2.777952173200981e-05,142.54071044921875,0.5866213530302048,0.001270166831091,0.0014249999681487,0.4470440745353699,0.1802397072315216,-2.7023885250091557,12.10972499847412,-79.19934844970703,54.30109024047852,15.808653831481934,16.28504753112793,0.6690583332224622,24.132359018177397,0.0517572313547134,0.945958137512207,0.0,0.0,-1.7080914974212646,-1.7188727855682373,0.181211307644844,0.1792680919170379,0.0003,63.16862106323242
0,1020,408000,-0.0021640876402831,58.504183235168455,0.5971377325057984,0.0040794890373945,0.0580750002618879,0.6594085693359375,0.1787775307893753,-0.1082604676485061,7.755274772644043,-33.8734245300293,40.685848236083984,16.32878875732422,13.288633346557615,0.6507830320422294,9.24235258509545,0.1058731004595756,0.8192911148071289,0.0,0.0,-1.721951246261597,-1.7212750911712646,0.178717091679573,0.1788379698991775,0.0003,26.186992645263672
0,1030,412000,-0.0018274206613285,158.08817626953126,0.6073384076356888,0.0039385678246617,0.034874999942258,0.3901148438453674,0.1785067319869995,0.3882968723773956,12.722708702087402,-46.42647552490234,85.0125732421875,16.762447357177734,16.29129409790039,0.6481825913160687,16.449994000005653,0.1023762077093124,0.819789469242096,0.0,0.00025,-1.7285125255584717,-1.7177742719650269,0.1775483042001724,0.1794651299715042,0.0003,76.59431457519531
0,1040,416000,-0.0012044185367897,63.578770866394045,0.6055608296394348,0.0028963168151676,0.016249999939464,0.6186093091964722,0.1790900975465774,-0.4004859626293182,8.088859558105469,-43.53550338745117,42.67265319824219,17.12871742248535,13.097915649414062,0.5617688096305414,9.149371701596944,0.0784809067845344,0.8207812905311584,0.0,0.0,-1.727673053741455,-1.7121199369430542,0.177697405219078,0.1804827749729156,0.0003,34.961021423339844
0,1050,420000,-0.0054397232839135,124.64289581298829,0.6010018116235734,0.0061011649668216,0.0616499998420476,0.5133649110794067,0.1790874898433685,-0.6506686210632324,11.33818817138672,-63.36990737915039,43.44113540649414,16.342872619628906,16.253313064575195,0.6360660682639724,12.545852081664329,0.0822872817516326,0.8235870599746704,0.0,0.0,-1.7314960956573486,-1.708398938179016,0.1770193725824356,0.1811556071043014,0.0003,62.27006912231445
0,1060,424000,-0.0030291059034592,114.23287467956544,0.6106773060560227,0.0041698431596159,0.0525999999605119,0.5072014331817627,0.177559345960617,1.0298582315444946,10.73650360107422,-54.465476989746094,76.89741516113281,17.23943328857422,15.294249534606934,0.6473228569838811,13.260547378489916,0.0752488300204277,0.7088407874107361,0.0,0.0,-1.748530626296997,-1.7087653875350952,0.1740294843912124,0.1810892224311828,0.0003,65.5201187133789
0,1070,428000,-0.0014014620248621,171.43577087402343,0.6209237009286881,0.0031000652816146,0.0278499999735504,0.417059063911438,0.1773603111505508,-1.4605439901351929,13.300774574279783,-100.539794921875,158.68771362304688,15.618033409118652,17.42066192626953,0.6033744197946398,18.933058834305395,0.0534373894333839,0.8188554644584656,0.0,0.0,-1.7485930919647217,-1.710905909538269,0.1740185916423797,0.1807020157575607,0.0003,80.48564147949219
0,1080,432000,-0.0027240697437919,68.59916011810303,0.6200774055719376,0.0034145389217883,0.0427500001247972,0.6406688690185547,0.1775188744068145,-0.1270288974046707,8.368779182434082,-48.425140380859375,55.33228302001953,15.581535339355469,13.96094036102295,0.6863260440403637,8.9397738129731,0.081205353140831,0.9918487668037416,0.0,0.0,-1.7445110082626345,-1.71309232711792,0.1747304201126098,0.1803073436021804,0.0003,32.1286735534668
0,1090,436000,-0.0017235936974269,92.42922401428224,0.6245287358760834,0.0037107244133949,0.0489500000840052,0.547478199005127,0.1765763461589813,0.3968635201454162,9.772234916687012,-80.21401977539062,53.63197708129883,15.548587799072266,14.52694034576416,0.6987308107830811,10.708245670033998,0.0687796622514724,1.1195136308670044,0.0,0.0,-1.7561646699905396,-1.7123198509216309,0.1727059781551361,0.1804466843605041,0.0003,38.28507995605469
0,1100,440000,-0.0008245041392365,75.77111660003662,0.6335347700119018,0.0017100844997912,0.0053499999642372,0.5221307277679443,0.1758922189474105,1.2283562421798706,9.143136024475098,-48.58337020874024,71.78794860839844,15.29308032989502,13.22636890411377,0.6994533780750103,16.25485439238353,0.068555548787117,1.6706511974334717,0.0,0.0,-1.7616968154907229,-1.7146247625350952,0.1717531830072403,0.1800312548875808,0.0003,35.56118392944336
0,1110,444000,-0.0030175166627275,134.2189560699463,0.640176283121109,0.0040526366792619,0.0211749999783933,0.3030008673667907,0.1755169034004211,0.4561121761798858,11.841856956481934,-69.1749267578125,78.77666473388672,16.45541763305664,14.184162139892578,0.6554461867684229,13.127051919612857,0.0819304585456848,0.9641731977462769,0.0,0.00025,-1.7616500854492188,-1.7188477516174316,0.1717611998319625,0.1792725920677185,0.0003,67.41431427001953
0,1120,448000,-0.0022919675506505,94.63574981689452,0.6438059389591217,0.0048983097076416,0.043475000183098,0.4892350435256958,0.1752826124429702,-0.2435004264116287,9.893421173095703,-69.17352294921875,48.15342712402344,15.802669525146484,13.843182563781738,0.7296316856662939,10.882490332388636,0.0836747214198112,0.7959287762641907,0.0,0.0,-1.7648242712020874,-1.7184252738952637,0.1712168753147125,0.1793483346700668,0.0003,44.12099838256836
0,1130,452000,-0.0011877014042169,123.0381137084961,0.6458105874061585,0.0035441864747554,0.0223749999748542,0.3326076865196228,0.1748949885368347,-0.1067752093076706,11.322514533996582,-65.471435546875,50.01862716674805,15.796914100646973,13.85965061187744,0.6486591509765013,13.554021693186112,0.0682842433452606,1.4185816049575806,0.0,0.0,-1.768736720085144,-1.7190203666687012,0.1705483049154281,0.1792416423559188,0.0003,59.50820159912109
0,1140,456000,-0.0002374294423952,201.32493713378904,0.6492593210935592,0.003707427997142,0.0153750000335276,0.2164067029953003,0.1750705540180206,0.1421577483415603,14.245010375976562,-70.65667724609375,97.8844757080078,16.28768539428711,16.092273712158203,0.6136459160691374,10.331358075336816,0.0781197696924209,1.2017666101455688,0.0,0.0,-1.7632508277893066,-1.7223008871078491,0.1714864820241928,0.178654596209526,0.0003,118.00615692138672
0,1150,460000,-0.0014046954487406,170.64311935424806,0.6509372025728226,0.0052136583253741,0.0278000000072643,0.2202131152153015,0.1743581742048263,1.4661507606506348,13.12829875946045,-60.7991943359375,90.06527709960938,17.285507202148438,14.866901397705078,0.6723012166208298,11.93700196428183,0.061129342764616,0.9361717700958252,0.0,0.0,-1.7682549953460691,-1.7254894971847534,0.170630469918251,0.1780858337879181,0.0003,84.33615112304688
0,1160,464000,-0.0010122854736437,182.26894943237303,0.6614864766597748,0.0040838988497853,0.0357500000623986,0.2826759219169616,0.1734093725681305,-1.2255373001098633,13.585413932800291,-103.7782974243164,62.528900146484375,15.16608428955078,16.04039764404297,0.7090157027148143,12.608612698637131,0.063686192035675,0.8248099684715271,0.0,0.0,-1.7768553495407104,-1.727942943572998,0.1691692918539047,0.1776494681835174,0.0003,69.2576904296875
0,1170,468000,-0.0023712435873327,69.00076477050781,0.6766642791032791,0.0034495207946747,0.0237750001344829,0.4648166298866272,0.1714338213205337,1.7479640245437622,8.333797454833984,-63.3384895324707,76.46800231933594,17.731689453125,11.391780853271484,0.6169579091172857,10.054513953354313,0.0748316198587417,0.6569619178771973,0.0,0.0,-1.783082127571106,-1.7444076538085938,0.168119192123413,0.1747484654188156,0.0003,27.909198760986328
0,1180,472000,-0.0010787911961,135.40355392456055,0.6833922171592712,0.003845555242151,0.0315249998820945,0.3043217062950134,0.172811359167099,-0.5722203850746155,11.653697967529297,-83.67292785644531,57.256935119628906,17.688190460205078,13.972030639648438,0.6413720089026376,8.572754611858157,0.0769693851470947,0.5732327699661255,0.0,0.0,-1.7703680992126465,-1.740957498550415,0.1702702939510345,0.1753524243831634,0.0003,81.32859802246094
0,1190,476000,-0.001628945529697,116.85558822631836,0.6750966656208038,0.0048988158814609,0.0334500000206753,0.3400567770004272,0.1722897738218307,1.152920842170715,10.840340614318848,-63.02783966064453,85.77032470703125,18.292415618896484,13.344110488891602,0.6380055092286846,10.149393118471778,0.0815338492393493,0.5574633479118347,0.0,0.0,-1.7733852863311768,-1.7439857721328735,0.1697573363780975,0.1748222112655639,0.0003,47.74459838867188
0,1200,480000,-0.0037247786270348,106.4264958190918,0.686312022805214,0.0046733245253562,0.0536500000022351,0.3621628284454345,0.170852392911911,1.061018466949463,10.37137222290039,-60.29734802246094,63.02275848388672,19.69410514831543,12.986176490783691,0.6682265700842623,9.460018394723257,0.0643704161047935,0.8897361159324646,0.0,0.0,-1.7810678482055664,-1.7530392408370972,0.1684581488370895,0.1732466071844101,0.0003,44.120880126953125
0,1210,484000,-0.0024236871029614,103.46664741516112,0.6960224157571793,0.0045960983261466,0.0428250000113621,0.4601686000823974,0.1710688769817352,-0.521635890007019,10.357658386230469,-57.45914840698242,49.74859237670898,19.228710174560547,14.097187995910645,0.597453455106781,10.39149323523604,0.0741061642765998,1.1273150444030762,0.0,0.0,-1.7753885984420776,-1.756082534790039,0.1694175899028778,0.1727201640605926,0.0003,42.47517013549805
0,1220,488000,-0.0020015161384049,203.2999752807617,0.6961145424842834,0.0044908933341503,0.024700000048615,0.2482356429100036,0.170544683933258,-0.8667062520980835,14.37990665435791,-96.01686096191406,72.95885467529297,19.20760154724121,16.584989547729492,0.6250386420447933,15.634999162488525,0.0834932699799537,0.9088729619979858,0.0,0.0,-1.780371069908142,-1.7572782039642334,0.1685755848884582,0.1725137680768966,0.0003,102.67388916015624
0,1230,492000,-0.0011753184856024,154.85551445007323,0.6946044808626175,0.0045622498728334,0.0155249998671934,0.3475759029388428,0.1717365384101867,1.137405514717102,12.58391284942627,-51.717750549316406,66.62712860107422,20.18274307250977,15.57939910888672,0.6554875997202356,16.13870046848936,0.0587898753583431,0.955982744693756,0.0,0.0,-1.7785972356796265,-1.7452678680419922,0.1688748747110366,0.1745982021093368,0.0003,71.11288452148438
0,1240,496000,-0.0008452020601151,202.65405181884765,0.6891838550567627,0.0016999471699818,0.0128250000532716,0.3901495337486267,0.1710801422595977,-0.6098653674125671,14.51245403289795,-104.24545288085938,93.1978988647461,19.855159759521484,18.58357048034668,0.6722732821414916,20.94978333375145,0.0399807803332805,1.7460882663726809,0.0,0.0,-1.7810920476913452,-1.750389814376831,0.1684540808200836,0.1737062186002731,0.0003,104.90409088134766
0,1250,500000,-9.180439480696912e-05,93.71274940490724,0.6953329336643219,0.0031902324408292,0.0132749999640509,0.6061773300170898,0.170838326215744,1.0053167343139648,9.723308563232422,-49.57825469970703,52.691349029541016,19.212770462036133,15.494006156921388,0.6842851205322998,14.408046783302687,0.0571819804608821,0.7185598015785217,0.0,0.0,-1.7849005460739136,-1.7494882345199585,0.1678137481212616,0.1738629043102264,0.0003,47.28945541381836
0,1260,504000,-0.0021973303942468,114.68323928833009,0.7020297992229462,0.0043947449885308,0.0327000000840052,0.5759776830673218,0.1697254031896591,0.5628209710121155,10.813791275024414,-82.59915924072266,55.36090850830078,20.88142967224121,16.60671043395996,0.604951057681271,15.470689946517943,0.0688107535243034,1.3024404048919678,0.0,0.0,-1.7842859029769895,-1.762974500656128,0.1679169237613678,0.1715338826179504,0.0003,54.6938705444336
0,1270,508000,-0.0019324943511252,227.23272521972655,0.7094151377677917,0.0046933237463235,0.0292750000301748,0.439425528049469,0.169801726937294,-3.453958511352539,15.095135688781738,-87.18878173828125,123.8322296142578,18.29909324645996,20.16138458251953,0.6535588157026548,32.467000334667404,0.0551433898508548,0.9289794564247132,0.000125,0.00025,-1.780940055847168,-1.7653682231903076,0.1684796959161758,0.1711237728595733,0.0003,81.38843536376953
0,1280,512000,-0.0025531735268112,88.2357188796997,0.7068775928020478,0.0059211896732449,0.0381249999348074,0.569373369216919,0.1696942448616027,-0.2635861039161682,9.688949584960938,-54.93751525878906,55.59590911865234,17.891664505004883,14.764755249023438,0.6403524642359097,13.87884911261498,0.0972925871610641,1.1734960079193115,0.0,0.0,-1.781530261039734,-1.7660439014434814,0.1683802902698516,0.1710081845521927,0.0003,29.82593536376953
0,1290,516000,-0.0018041849698558,198.56952156066893,0.7169247472286224,0.0057498896494507,0.0266749999253079,0.4505025148391723,0.1683847606182098,-0.704403817653656,14.221044540405272,-78.07640075683594,67.0627670288086,17.31231117248535,19.18441772460937,0.6537172300086912,19.01315136394424,0.0867251381278038,0.8766779899597168,0.0,0.0,-1.787385106086731,-1.7756567001342771,0.1673973351716995,0.1693721860647201,0.0003,120.23613739013672
0,1300,520000,-0.0015616662162792,196.92401573181152,0.7293059426546097,0.0049397409893572,0.0404750004736706,0.4382359981536865,0.1677916347980499,0.8089823126792908,14.056476593017578,-89.16619873046875,76.96043395996094,18.059890747070312,18.75424194335937,0.6708119543760434,17.435652972695948,0.0773068740963935,0.3428151905536651,0.0,0.0,-1.7911609411239624,-1.778941035270691,0.1667664498090744,0.1688168197870254,0.0003,95.69629669189452
0,1310,524000,-0.0018285333603156,236.46442321777343,0.7336456072330475,0.002739377785474,0.0179499999806284,0.4424707293510437,0.1675274670124054,-1.9021376371383667,15.44735050201416,-105.3004913330078,91.6469497680664,16.027578353881836,20.68807983398437,0.664395974837341,19.66473723157953,0.0609161555767059,0.8326740860939026,0.0,0.0,-1.7914971113204956,-1.7817424535751345,0.1667104065418243,0.16834457218647,0.0003,101.53718566894533
0,1320,528000,-0.0006973886926294,289.8423652648926,0.7375082236528396,0.002501465845853,0.0098249999154359,0.3699904680252075,0.1671425402164459,-1.6578364372253418,17.092021942138672,-95.07354736328124,98.81568908691406,15.16871452331543,21.53376197814941,0.6351726628459385,24.537981790759314,0.0756116583943367,0.7261084318161011,0.0,0.0,-1.79852294921875,-1.7793852090835571,0.1655432283878326,0.1687418520450592,0.0003,133.92819213867188
0,1330,532000,-0.0014188396527213,283.5889924621582,0.7410889911651611,0.0045604188926517,0.018599999975413,0.2422749400138855,0.166889414191246,1.0220603942871094,17.2103328704834,-88.19400787353516,117.25921630859376,16.19517707824707,19.771217346191406,0.6432397263885977,22.73671068650111,0.0782876759767532,1.520917296409607,0.0,0.00025,-1.8019012212753296,-1.7790766954421997,0.1649849265813827,0.1687939316034317,0.0003,146.36624145507812
0,1340,536000,-0.0007870104953859,220.4939842224121,0.7432662314176559,0.0025432291440665,0.0170250000432133,0.2916544675827026,0.1667683124542236,-1.5537561178207395,14.93616771697998,-91.44416809082033,81.97785949707031,14.115344047546388,17.746660232543945,0.6586858391096666,17.28745883937287,0.0562504641711711,0.6076816916465759,0.0,0.0,-1.8041698932647705,-1.778296947479248,0.1646110564470291,0.1689255982637405,0.0003,98.32843017578124
0,1350,540000,-0.0003447744230361,201.6423396301269,0.7482741326093674,0.002594239776954,0.0262999999290332,0.295981764793396,0.1660965979099273,0.8277649283409119,14.28266716003418,-88.20987701416016,72.2247543334961,15.250988006591797,17.02226448059082,0.6232208941146644,12.064219452303677,0.0697917565703392,0.8412305116653442,0.0,0.0,-1.8082531690597532,-1.7822868824005127,0.1639402657747268,0.168252944946289,0.0003,109.99190521240234
0,1360,544000,-0.0007611557258933,228.16678344726563,0.7552813231945038,0.0046180323697626,0.029825000045821,0.1511339545249939,0.1655640006065368,1.4699007272720337,15.287158966064451,-66.534423828125,97.78673553466795,16.490753173828125,16.592323303222656,0.6339211460442028,16.628373240067262,0.08089030534029,0.7884286642074585,0.000125,0.00025,-1.8130725622177124,-1.7839345932006836,0.1631520688533783,0.1679759472608566,0.0003,109.0669174194336
0,1370,548000,-0.0019607140506297,221.96753326416012,0.7580925822257996,0.0032612439244985,0.0462500000791624,0.2316685914993286,0.165703609585762,-1.2423391342163086,14.96876335144043,-71.0118408203125,74.28150939941406,15.470725059509276,17.077001571655273,0.6365274920304392,12.62521151590937,0.0526434332132339,0.6499833464622498,0.0,0.0,-1.8105733394622805,-1.7847031354904177,0.1635603308677673,0.1678468734025955,0.0003,94.77815246582033
0,1380,552000,-0.0020606932944981,185.16771835327148,0.7586910861730576,0.0053484383970499,0.0337249999679625,0.2257559299468994,0.1654496490955352,0.964201033115387,13.67848014831543,-67.30570983886719,91.22639465332033,16.862468719482422,15.545293807983398,0.6170818247962169,12.645010655657387,0.0928853377699852,0.7985742092132568,0.0,0.0,-1.802069902420044,-1.7961156368255615,0.1649570912122726,0.1659422218799591,0.0003,93.48309326171876
0,1390,556000,-0.0029665152605613,114.0247952270508,0.7596464425325393,0.0073569966480135,0.0679999997513368,0.3053271770477295,0.1654086112976074,-0.7562678456306458,10.726786613464355,-49.65830993652344,83.64361572265625,15.943920135498049,12.870027542114258,0.6960840734557384,9.225520624252336,0.1051392257213592,0.7530071139335632,0.0,0.0,-1.8083269596099851,-1.7904260158538818,0.1639281660318374,0.1668890565633773,0.0003,52.4544563293457
0,1400,560000,-0.0005115634670117,133.50285797119142,0.7655167436599731,0.0039869137108325,0.0251500000432133,0.2993427515029907,0.1646226644515991,-0.7080734968185425,11.59257698059082,-73.62863159179688,55.00234603881836,14.98830795288086,13.849279403686523,0.61360616546937,9.96838724942369,0.0701899155974388,0.6073895692825317,0.0,0.0,-1.8128178119659424,-1.795456051826477,0.1631936430931091,0.1660517007112503,0.0003,65.95979309082031
0,1410,564000,-0.0004477023073326,125.0542984008789,0.7774847340583801,0.0027458914555609,0.0191999999340623,0.3509887456893921,0.1634791195392608,1.9986976385116575,11.291735649108888,-59.28546142578125,73.40288543701172,17.330244064331055,14.016338348388672,0.6917336909476655,14.453714702299727,0.0673409178853035,1.2420072555541992,0.0,0.0,-1.819648027420044,-1.8025649785995483,0.1620827913284301,0.1648754477500915,0.0003,60.51779556274414
0,1420,568000,-0.0007607919244808,155.9721881866455,0.7881687390804291,0.0043518850579857,0.0226499998988583,0.2800724506378174,0.1631011664867401,0.916014552116394,12.51300811767578,-84.28736877441406,72.018798828125,17.99840545654297,14.747464179992676,0.6325952415888625,12.98461955021796,0.0508518815040588,0.4718755185604095,0.0,0.0,-1.8217812776565552,-1.8050578832626345,0.1617373973131179,0.1644649356603622,0.0003,90.57364654541016
0,1430,572000,-0.0015129712065325,126.7256608581543,0.7953388446569443,0.005877855233848,0.0451250001555308,0.4139403700828552,0.161970853805542,-0.1088640764355659,11.36225414276123,-66.79647064208984,43.04491424560547,18.09358024597168,14.842040061950684,0.6351222906783734,11.715294769343345,0.1048457473516464,0.631200909614563,0.0,0.0,-1.8292269706726076,-1.8115290403366089,0.1605376303195953,0.1634040921926498,0.0003,66.1146469116211
0,1440,576000,-0.0032843624557848,173.80037368774413,0.8029115796089172,0.0047533558681607,0.0464750001998618,0.3268131017684936,0.1619780510663986,-1.0990114212036133,13.342732429504396,-75.40876770019531,49.77220153808594,17.260417938232422,16.26211166381836,0.6330534971068361,17.470541755597104,0.0769465044140815,0.8493110537528992,0.0,0.0,-1.825416684150696,-1.815198302268982,0.1611504852771759,0.1628056168556213,0.0003,76.92325592041016
0,1450,580000,-0.0008970745080441,178.19903289794922,0.8108996099233627,0.0034967437386512,0.0215749999554827,0.3570417761802673,0.1606199294328689,-0.4319186508655548,13.407355308532717,-77.05021667480469,52.792518615722656,16.480051040649414,16.720596313476562,0.5915956009595364,13.930386037516003,0.0938275456428527,0.5573927760124207,0.0,0.0,-1.8381606340408323,-1.8193565607070925,0.159109815955162,0.1621300429105758,0.0003,90.22423553466795
0,1460,584000,-0.0002699288868145,93.09635368347168,0.8200839030742645,0.0013553081080317,0.0114999999990686,0.5772325992584229,0.1606388986110687,0.5024587512016296,9.754362106323242,-46.77028274536133,47.05322265625,17.251039505004883,15.00196361541748,0.6440560217903957,10.085881832799338,0.0566841810941696,0.7611994743347168,0.0,0.0,-1.842294454574585,-1.815083146095276,0.1584534496068954,0.1628243625164032,0.0003,62.250244140625
0,1470,588000,-0.0008451599248201,147.51066200256346,0.8228758150339126,0.0012595395091921,0.0140750000718981,0.5273776650428772,0.1598653197288513,-1.8602787256240845,12.229474067687988,-68.80863189697266,50.32297134399414,15.158957481384276,17.788963317871094,0.6317490743175376,18.08844272893804,0.0424909181892871,0.6107555031776428,0.0,0.0,-1.8490504026412964,-1.818037152290344,0.1573865562677383,0.1623440980911255,0.0003,58.23752975463867
0,1480,592000,-0.0017824616045312,118.40944564819335,0.8298072350025177,0.0059377239085733,0.0375749999703839,0.4926140308380127,0.1598441302776336,0.1027972400188446,11.127035140991213,-76.58416748046875,54.98750686645508,15.710223197937012,15.621049880981444,0.6586495691823618,14.658063734530138,0.0860630348324775,0.9352965354919434,0.0,0.0,-1.8493382930755613,-1.818019270896912,0.157341256737709,0.1623470038175583,0.0003,53.72763442993164
0,1490,596000,-0.0010579030684515,206.38709259033203,0.8369475495815277,0.0064736073836684,0.0306000001961365,0.3578576445579529,0.1586031019687652,0.3048637807369232,14.403779029846191,-84.7713623046875,91.2303466796875,14.96886920928955,17.97466468811035,0.6349022943720667,11.552698796858865,0.0790731012821197,0.4823259115219116,0.0,0.0,-1.8564413785934448,-1.826483964920044,0.1562276035547256,0.1609785705804824,0.0003,100.2836456298828
0,1500,600000,-0.0010692169115951,146.52159423828124,0.8506500905752182,0.0042654378339648,0.0230250000534579,0.4253836870193481,0.1574721932411193,-2.466721296310425,12.184823989868164,-58.129241943359375,70.51222229003906,12.710896492004396,16.074234008789062,0.659457560457691,20.808949797644377,0.1011444106698036,0.6449277997016907,0.0,0.0,-1.863505721092224,-1.8337286710739136,0.1551278382539749,0.1598165482282638,0.0003,72.89823150634766
0,1510,604000,-0.0020438143151678,148.11711540222169,0.8631653773784638,0.0042295935563743,0.0281750000827014,0.3267356157302856,0.1568283140659332,2.909771203994751,12.292621612548828,-45.24552917480469,98.83757781982422,15.748316764831545,14.981375694274902,0.6488372646436509,22.885189811133326,0.077079638838768,0.9193029403686525,0.0,0.0,-1.8669816255569456,-1.8384294509887693,0.1545895636081695,0.1590670496225357,0.0003,56.06673049926758
0,1520,608000,-0.0011644587424103,135.9267413330078,0.869547204375267,0.0038893104065209,0.0170499999355524,0.357046902179718,0.1565978229045868,2.566478729248047,11.842632293701172,-43.42938232421875,78.45372009277344,18.285829544067383,14.76925563812256,0.6422524494812226,20.01698413780518,0.0882016420364379,1.1186400651931765,0.0,0.0,-1.869217872619629,-1.8391567468643188,0.1542442440986633,0.1589514017105102,0.0003,68.17229461669922
0,1530,612000,-0.0013672428008356,244.30161117553712,0.8659228038787842,0.0033968829084187,0.0177499999804422,0.2222614288330078,0.1574088633060455,-0.6098228693008423,15.697247505187988,-107.99784088134766,65.02503967285156,18.31817054748535,17.799453735351562,0.6680991759866527,17.24284929156594,0.0886543244123458,0.6047954559326172,0.0,0.0,-1.862627029418945,-1.8353757858276367,0.155264213681221,0.1595535278320312,0.0003,130.91244506835938
0,1540,616000,-0.0027024585388026,111.45959022521971,0.8482865697145462,0.0048195044510066,0.0449500002013519,0.4353180527687073,0.1591717153787613,-0.0633128061890602,10.57723903656006,-53.24545669555664,57.93112182617188,18.198875427246094,14.075711250305176,0.6368073726322004,9.20752673232064,0.0924394577741622,0.5235437154769897,0.0,0.0,-1.856919527053833,-1.8189836740493772,0.1561529040336609,0.1621904969215393,0.0003,60.99094772338867
0,1550,620000,-0.0008550266968079,95.05248908996582,0.8351071918010712,0.0056605720892548,0.0269250000081956,0.4559961557388305,0.1593330055475235,0.1563185155391693,9.836121559143066,-51.31222915649414,49.87787628173828,17.81816291809082,13.335917472839355,0.6977051684407372,8.486343190757891,0.1013712510466575,1.2075886726379397,0.0,0.0,-1.845256209373474,-1.828333139419556,0.1579848527908325,0.1606811732053756,0.0003,47.21712875366211
0,1560,624000,-0.0034234414055226,131.74149574279784,0.8292489248514175,0.0049935476854443,0.0469500000728294,0.3569670915603637,0.1604560017585754,-0.1129568517208099,11.534838676452637,-62.0653190612793,40.29977416992188,18.70676040649414,14.38450527191162,0.6246726499282981,10.23565534229739,0.0818769037723541,0.9315438866615297,0.0,0.0,-1.8344173431396484,-1.825075387954712,0.1597065329551696,0.1612055003643036,0.0003,70.46330261230469
0,1570,628000,-0.0021773039236286,76.95832084655761,0.8292677575349807,0.0047325580380856,0.04412499982398,0.4770728349685669,0.1593260914087295,0.9097374081611632,8.833185195922852,-45.38584899902344,51.80262756347656,19.594242095947266,12.21509075164795,0.662937371876203,9.190182658412168,0.0647786557674408,0.9627734422683716,0.0,0.0,-1.841301202774048,-1.8323235511779783,0.1586109101772308,0.1600412726402282,0.0003,32.67528533935547
0,1580,632000,-0.0004430071771184,220.5413748168945,0.8383402490615844,0.0038791238330304,0.0298250001342967,0.2719026207923889,0.1588438749313354,1.246991753578186,14.860957145690918,-80.26123809814453,62.77009201049805,20.69799041748047,17.41614532470703,0.7045704547194984,11.934227351095055,0.0765390172600746,0.5559537410736084,0.0,0.0,-1.8375331163406368,-1.8421391248703003,0.1592097133398056,0.1584780663251876,0.0003,109.61067962646484
0,1590,636000,-0.0005504045789097,138.72289138793946,0.8493264633417129,0.0046162586659193,0.0147749999398365,0.350774884223938,0.1574671566486358,-1.6900869607925415,11.91331958770752,-89.59566497802734,43.563514709472656,19.211332321166992,14.785470008850098,0.6841123163262489,14.13763596380562,0.0554884634912014,1.429581642150879,0.0,0.0,-1.8456525802612305,-1.8514325618743896,0.1579222381114959,0.1570120602846145,0.0003,55.81275939941406
0,1600,640000,-0.0024742413639731,175.14300415039062,0.8607945984601975,0.00511777959764,0.0434249999700114,0.3702576756477356,0.1572225093841552,-0.0190209969878196,13.333072662353516,-77.83311462402344,68.80946350097656,17.82822608947754,16.801528930664062,0.6317942336485838,12.604525002533046,0.0762730538845062,1.1562672853469849,0.0,0.00025,-1.8472954034805296,-1.8528989553451536,0.1576630026102066,0.1567820012569427,0.0003,89.03564453125
0,1610,644000,-0.0012069496789061,212.8170584106445,0.8627437001466751,0.0027011921629309,0.0259500000299885,0.3611382246017456,0.1570030003786087,0.688041627407074,14.634824752807615,-73.58141326904297,90.56000518798828,19.064245223999023,18.3098201751709,0.6459724047808935,13.893941711376936,0.0437688343226909,0.6723456978797913,0.0,0.0,-1.846513748168945,-1.8564919233322144,0.1577862948179245,0.1562196910381317,0.0003,134.15650939941406
0,1620,648000,-0.0013485056045759,294.4396484375,0.8638065230846405,0.0072704823687672,0.0496499997936189,0.2071220278739929,0.1573187261819839,1.2245973348617554,17.30422592163086,-64.53064727783203,148.81480407714844,20.373367309570312,19.433408737182617,0.6594273960886187,18.26937207932568,0.0590312927961349,1.05361008644104,0.0,0.0,-1.8409855365753172,-1.8580501079559328,0.1586609780788421,0.1559764593839645,0.0003,141.31057739257812
0,1630,652000,-0.0013684741390956,190.364441986084,0.8595877474546433,0.0037078657187521,0.0354249999672174,0.2485672831535339,0.1575754880905151,1.6828666925430298,13.884150505065918,-66.55799865722656,85.3342514038086,21.923269271850582,16.01674461364746,0.6824965892243258,15.114717983235025,0.0634163171052932,0.9763264060020448,0.0,0.0,-1.8326719999313357,-1.8632632493972776,0.1599855124950409,0.1551654636859893,0.0003,94.45525360107422
0,1640,656000,-0.0017300105322239,220.34414489746092,0.8609032273292542,0.0040114126168191,0.0230999999586492,0.2636296153068542,0.1570143699645996,0.7096366286277771,15.06979274749756,-100.46102142333984,90.39532470703124,22.79552459716797,17.561399459838867,0.6547800092207966,18.829832220004278,0.0682736635208129,1.228095531463623,0.0,0.0,-1.8377397060394287,-1.865285873413086,0.1591767966747284,0.1548519283533096,0.0003,114.72962951660156
0,1650,660000,-0.0025572579920073,347.05732528686525,0.8653874284029007,0.0060757426545023,0.041625000135973,0.2352133393287658,0.157022550702095,-0.8167139887809753,18.718128204345703,-139.67709350585938,83.96489715576172,21.911828994750977,21.403867721557617,0.6597871207447961,23.05842433705219,0.0745528787374496,0.7307854294776917,0.0,0.0,-1.837443470954895,-1.8654848337173464,0.1592239588499069,0.1548211276531219,0.0003,180.69395446777344
0,1660,664000,-0.002783811630725,277.8732145690918,0.8639917767047882,0.0057780956849455,0.0393250000057742,0.3970854878425598,0.1571914851665496,0.9363782405853271,17.095945358276367,-84.28082275390625,109.04480743408205,23.156362533569336,22.01736068725586,0.6593549521576175,30.19327592714281,0.043457768857479,2.2310726642608643,0.0,0.0,-1.8370060920715328,-1.8637537956237795,0.1592936217784881,0.1550893634557724,0.0003,117.27449035644533
0,1670,668000,-0.0017525868749766,220.39733566284175,0.8629256570339203,0.0037554719019681,0.0305499999364838,0.5376232266426086,0.1571677029132843,-1.0619302988052368,15.008499145507812,-102.63390350341795,57.63542938232422,21.96434783935547,22.071876525878903,0.6451799030351915,28.0314443976024,0.0409498512744903,1.3151544332504272,0.0,0.0,-1.8385149240493772,-1.862512707710266,0.1590534597635269,0.155281975865364,0.0003,120.52861785888672
0,1680,672000,-0.0026306372141785,401.2425946044922,0.866518229842186,0.0043586012907326,0.0279000000283122,0.3657013773918152,0.1565872877836227,-0.1611023545265197,20.32490539550781,-98.33160400390624,124.21804809570312,22.22924041748047,25.520055770874023,0.6387814877805222,33.707590960716445,0.0489601790904998,1.917936086654663,0.0,0.0,-1.8428332805633545,-1.86557936668396,0.1583680808544159,0.1548064947128296,0.0003,200.68746948242188
0,1690,676000,-0.0020968750269712,219.98160415649411,0.8705781483650208,0.0046767932362854,0.0204749999428167,0.4903767704963684,0.1564896404743194,-1.0687966346740725,14.979089736938477,-78.55269622802734,91.2741241455078,20.68976211547852,20.9826717376709,0.6520521893901566,24.86036892626012,0.0792702957987785,0.9030890464782716,0.0,0.0,-1.8472821712493896,-1.8623051643371584,0.1576650887727737,0.1553141921758651,0.0003,109.42839050292967
0,1700,680000,-0.0002986567297404,285.1279948425293,0.8709337079524994,0.0046751056797802,0.0105750000616535,0.4309216141700744,0.1566384732723236,-3.4123103618621826,17.067289352416992,-125.11593627929688,60.46018981933594,16.67481803894043,22.624475479125977,0.6513792434963919,41.943968773998186,0.0623330250382423,1.5189683437347412,0.0,0.0,-1.8473166227340696,-1.8603554964065552,0.1576596647500991,0.1556172966957092,0.0003,156.71957397460938
0,1710,684000,-0.0021104829112868,277.9406097412109,0.8691634237766266,0.0041547315195202,0.0373250002181157,0.3778510093688965,0.1566924899816513,-1.2250112295150757,16.913177490234375,-107.37848663330078,65.74800109863281,16.053373336791992,21.442626953125,0.6570161365922731,28.38948516032224,0.0493236258625984,1.041257381439209,0.0,0.0,-1.8501816987991333,-1.8567692041397093,0.1572085916996002,0.1561763882637024,0.0003,142.40550231933594
0,1720,688000,-0.0019999591257277,208.92204483032228,0.8750885075330734,0.0025472152046859,0.0291500000376254,0.3944611549377441,0.1555306613445282,1.2107571363449097,14.550341606140137,-57.74337005615234,60.98075866699219,16.225372314453125,18.698301315307617,0.6651286856760692,16.278291011770456,0.0821128785610199,0.7809397578239441,0.0,0.0,-1.8585726022720337,-1.863257646560669,0.1558950096368789,0.1551663279533386,0.0003,107.88973236083984
0,1730,692000,-0.0023366206389357,186.919157409668,0.8849945414066315,0.0046231751330196,0.0376000001793727,0.2993528842926025,0.1554964184761047,-0.2461166083812713,13.97374153137207,-81.53334045410156,71.42566680908203,16.130313873291016,16.694101333618164,0.6651589057896591,18.408282708659197,0.0857643634080886,0.9717991948127748,0.0,0.0,-1.8573347330093384,-1.8649450540542605,0.1560880988836288,0.1549047082662582,0.0003,90.79060363769533
0,1740,696000,-0.0029580847211553,125.12800430297852,0.8899049592018128,0.0065889097750186,0.0492250001616776,0.4223820567131042,0.1542948782444,-0.0030707397963851,11.276518821716309,-61.41169357299805,62.304443359375,16.225772857666016,14.837294578552246,0.6807215995110323,11.044105236063048,0.141574814915657,0.7934724688529968,0.0,0.0,-1.8561590909957888,-1.881784558296204,0.1562717109918594,0.1523180454969406,0.0003,66.00414276123047
0,1750,700000,-0.0037243677885355,120.98106704711914,0.905696383714676,0.0054470505565404,0.0628249999834224,0.4194573163986206,0.1537374854087829,0.3461773097515106,11.090331077575684,-66.09471130371094,61.20975875854492,17.104148864746094,14.55551052093506,0.6730892711844645,9.950989333595832,0.0817230716347694,0.9742972254753112,0.0,0.0,-1.857201337814331,-1.888054132461548,0.1561089158058166,0.1513660550117492,0.0003,70.83889770507812
0,1760,704000,-0.0013942546660648,353.53353775024414,0.908295949101448,0.00366234453395,0.0208499999763444,0.269888699054718,0.1533905565738678,-4.014549732208252,18.825862884521484,-86.30870056152344,137.521484375,12.977569580078123,22.032325744628903,0.6979052215829984,31.52462054239585,0.0635709315538406,1.0100845098495483,0.0,0.0,-1.857340097427368,-1.8925048112869265,0.156087264418602,0.150693878531456,0.0003,125.83035278320312
0,1770,708000,-0.0029184821818857,273.081700592041,0.9206608486175536,0.004963329527527,0.0328749998658895,0.2091134786605835,0.1518509984016418,1.4780504703521729,16.70021629333496,-73.9515151977539,101.3795166015625,14.371378898620604,18.778676986694336,0.691944254969309,18.21526113022376,0.0701439529657363,1.052682638168335,0.0,0.0,-1.8642407655715945,-1.9059042930603027,0.1550138443708419,0.1486881226301193,0.0003,141.29908752441406
0,1780,712000,-0.0012402862676884,135.43140258789063,0.9344431322813034,0.0051846248097717,0.0402999999327585,0.3842695355415344,0.1516309678554535,-0.2211117893457412,11.731450080871582,-76.80126953125,53.42902374267578,14.528645515441896,14.950522422790527,0.6919045733191891,8.906844364822582,0.0598990395665168,0.9238165020942688,0.0,0.0,-1.866376280784607,-1.9066401720047,0.1546831727027893,0.1485787481069564,0.0003,67.4949722290039
0,1790,716000,-0.0018870377933606,513.4903909301757,0.9350156688690184,0.0042421417310833,0.0161999998986721,0.1993878483772277,0.1516126692295074,-3.339308977127075,22.713058471679688,-191.2978363037109,109.82605743408205,10.560808181762695,25.384262084960938,0.6680445143468994,27.12578744389084,0.0712747275829315,1.088087797164917,0.0,0.0,-1.86426854133606,-1.909085988998413,0.1550095528364181,0.1482157856225967,0.0003,205.1972198486328
0,1800,720000,-0.0018083146153367,268.19081802368163,0.9341310662031174,0.0050393408164381,0.0307999999262392,0.2949466109275818,0.1517020761966705,0.7097898721694946,16.47016143798828,-85.21604919433594,118.400146484375,11.520103454589844,19.61493492126465,0.6748016885060274,15.532298488821787,0.0971489176154136,1.116352915763855,0.0,0.0,-1.8657742738723757,-1.906309723854065,0.154776319861412,0.1486278474330902,0.0003,169.2745819091797
0,1810,724000,-0.0025965293759189,214.6632266235352,0.9342342430353164,0.005728636868298,0.0412000000942498,0.226877212524414,0.1514815092086792,2.083033800125122,14.788419723510742,-62.21595764160156,76.84114074707031,13.38193416595459,16.818897247314453,0.7136353880575257,17.47204030215595,0.096047542989254,1.017057180404663,0.0,0.0,-1.8652558326721191,-1.9098241329193115,0.1548565924167633,0.1481064260005951,0.0003,101.92454528808594
0,1820,728000,-0.0004527806579484,197.84114616394044,0.9332961845397948,0.004488575272262,0.0353500000527128,0.2185603380203247,0.1524327993392944,0.6279916167259216,14.14926815032959,-96.9691925048828,78.94576263427734,13.94094181060791,16.006126403808594,0.6649773812234921,10.682419800159543,0.0610479116439819,0.722233235836029,0.0,0.0,-1.8562637567520144,-1.9064280986785889,0.1562553495168686,0.1486102640628814,0.0003,85.80390930175781
0,1830,732000,-0.0008234929140773,352.5993811035156,0.9279218477010728,0.0025007147341966,0.0154749998124316,0.1342208385467529,0.151701271533966,-0.0574369207024574,18.84601593017578,-112.34278869628906,71.1915512084961,13.473418235778809,20.254240036010746,0.6406807985947732,12.27341814218811,0.0468482412397861,0.8768031597137451,0.0,0.0,-1.8622089624404907,-1.9100470542907717,0.1553291380405426,0.1480734199285507,0.0003,160.53256225585938
0,1840,736000,-0.0025338623608433,181.6988101196289,0.939223901629448,0.0048199375160038,0.0516000002203509,0.2405942678451538,0.1509221196174621,-0.7675631046295166,13.492778778076172,-61.26145553588867,80.26853942871094,12.590003967285156,15.483333587646484,0.6220623718316185,10.456725164587146,0.0973119959235191,0.5467131733894348,0.0,0.0,-1.8748085498809812,-1.9074403047561648,0.1533843427896499,0.1484599262475967,0.0003,94.39974975585938
0,1850,740000,-0.0022802210658788,241.7876663208008,0.9472748810052872,0.0060077994130551,0.0550250000599771,0.1894248723983764,0.1504816114902496,-0.1457030624151229,15.562616348266602,-71.92125701904297,86.95659637451172,12.463534355163574,17.285661697387695,0.7175786748304409,10.712810523709727,0.0833989977836608,0.4637806117534637,0.0,0.0,-1.8826838731765747,-1.905272483825684,0.1521811187267303,0.1487821042537689,0.0003,121.49473571777344
0,1860,744000,-0.0009116965791202,166.05295837402343,0.9471666210889816,0.0037912025582045,0.0281999999657273,0.1670724153518676,0.1510810554027557,0.8970536589622498,12.956932067871094,-72.13037872314453,60.87116241455078,13.400300979614258,14.197065353393556,0.719993777041987,9.94400714931253,0.0679704695940017,0.597579300403595,0.0,0.0,-1.871022701263428,-1.90921950340271,0.1539661288261413,0.1481960117816925,0.0003,83.97010803222656
0,1870,748000,0.0002794219128691,157.00798934936523,0.9448053282499314,0.0041504590772092,0.0214749999251216,0.2127963900566101,0.1506321877241134,1.3899096250534058,12.551027297973633,-66.26377868652344,73.28302001953125,14.649365425109863,14.14606761932373,0.7079167359734356,10.041472226734886,0.0825027525424957,0.6773087978363037,0.0,0.0,-1.8703937530517576,-1.9159536361694336,0.1540629863739013,0.1472014039754867,0.0003,77.36966705322266
0,1880,752000,-0.0009398791400104,216.30849563598636,0.948421471118927,0.0051582283340394,0.0307000002684071,0.1465092897415161,0.1504848897457122,1.043297529220581,14.729297637939451,-61.52128982543945,80.25055694580078,15.687719345092772,15.943461418151855,0.7190906869740681,11.219003850195277,0.0542675368487834,0.5131080150604248,0.0,0.0,-1.864853024482727,-1.9238008260726929,0.1549189835786819,0.1460507959127426,0.0003,96.52003479003906
0,1890,756000,-0.0017397387839351,152.4455410003662,0.9451934403181076,0.0055454187095165,0.027874999884516,0.1682672500610351,0.1515192687511444,1.8811193704605105,12.371820449829102,-61.52741622924805,102.54676055908205,17.613876342773438,13.56568431854248,0.656806535263548,11.840640352703542,0.1558371037244796,0.6057295203208923,0.0,0.0,-1.859999656677246,-1.9148370027542116,0.1556726843118667,0.147365853190422,0.0003,69.7625732421875
0,1900,760000,-0.0008894872455686,232.34255432128907,0.942087162733078,0.0046483566984534,0.015424999971874,0.1282236576080322,0.150521844625473,0.758848249912262,15.358172416687012,-72.07696533203125,99.42205810546876,17.997413635253906,16.44890594482422,0.6609946957130597,13.665375846738396,0.0751448273658752,0.7422826290130615,0.0,0.0,-1.8647046089172363,-1.9234522581100464,0.154941976070404,0.146101713180542,0.0003,116.00262451171876
0,1910,764000,-0.0016566495759463,276.42087982177736,0.9542669576406478,0.0051164282485842,0.0258750000689178,0.2092685103416443,0.1499506384134292,-1.9247018098831177,16.76679229736328,-82.9344711303711,86.66266632080078,15.913741111755373,18.85538673400879,0.6733211641002242,17.680851442642744,0.0494303107261657,1.0580395460128784,0.0,0.0,-1.867650270462036,-1.928163290023804,0.1544862389564514,0.1454150378704071,0.0003,143.6226043701172
0,1920,768000,-0.0016135170636698,204.1797360229492,0.9526449018716812,0.0028036579024046,0.0348499999474734,0.2802581191062927,0.150640606880188,0.510363757610321,14.33053970336914,-94.1797866821289,61.549583435058594,16.883014678955078,16.89173126220703,0.7311601173628679,11.83760373856975,0.0837923213839531,0.704522967338562,0.0,0.0,-1.8688126802444456,-1.9174965620040891,0.1543067693710327,0.1469744443893432,0.0003,91.11792755126952
0,1930,772000,-0.0014205297132826,206.27369842529296,0.9543799084424972,0.0065283752046525,0.0308499999716877,0.300737202167511,0.1494163870811462,-2.264189481735229,14.376180648803713,-96.34042358398438,77.51253509521484,13.802989959716797,17.191877365112305,0.64950026144934,17.076521198135357,0.0755181312561035,0.4976937770843506,0.0,0.0,-1.8817001581192017,-1.9207171201705933,0.1523309051990509,0.1465018689632415,0.0003,99.12916564941406
0,1940,776000,-0.0019631932081392,131.1961795806885,0.964490287899971,0.0043679131194949,0.0333749999850988,0.3769422173500061,0.1494470387697219,-0.0777879953384399,11.50267219543457,-77.21380615234375,50.85001754760742,14.11513328552246,14.572517395019531,0.6893965052627781,10.696261114584583,0.1161315813660621,0.6818275451660156,0.0,0.0,-1.8811134099960327,-1.920908808708191,0.1524202972650528,0.1464737951755523,0.0003,87.18506622314453
0,1950,780000,-0.0020525728046137,145.98187110900878,0.9698243796825408,0.0026743104681372,0.0312749998504295,0.4109374284744262,0.1484734565019607,-1.036762833595276,12.163984298706056,-61.3707160949707,54.44467926025391,12.784712791442873,15.8487548828125,0.6670962239188556,12.339386845508962,0.1148399040102958,0.7046597599983215,0.0,0.0,-1.8797763586044312,-1.9357036352157595,0.1526242345571518,0.1443226933479309,0.0003,84.12922668457031
0,1960,784000,-0.0021515911658214,173.19434776306153,0.9919910192489624,0.0044380808249115,0.0303250000020489,0.3983958959579468,0.1463627517223358,-0.4282639026641845,13.208760261535645,-70.9149169921875,68.74542236328125,11.963768005371094,17.029685974121094,0.6916897200135332,11.197146937713558,0.0787548273801803,0.6908880472183228,0.0,0.0,-1.8840854167938232,-1.9607164859771729,0.1519679874181747,0.140757530927658,0.0003,94.93171691894533
0,1970,788000,-0.0035468612397699,141.5630487060547,1.0109955048561097,0.0045739151537418,0.0465499999048188,0.3348845839500427,0.1459716260433197,0.6391919851303101,12.073843002319336,-64.2915267944336,67.46853637695312,13.722098350524902,14.804609298706056,0.6565358948941082,12.466893476098548,0.0683766603469848,0.9250343441963196,0.0,0.0,-1.8820325136184688,-1.9685230255126955,0.1522802859544754,0.1396629810333252,0.0003,71.63976287841797
0,1980,792000,-0.0010823892136062,178.12406532287596,1.0209642839431765,0.0072604403831064,0.0341250000894069,0.2821052074432373,0.1447500586509704,-0.4387515187263489,13.404562950134276,-86.78083801269531,77.2522201538086,12.265220642089844,15.820574760437012,0.7177457177474514,10.515811556917471,0.0712639987468719,0.7563958764076233,0.0,0.0,-1.889813780784607,-1.977605938911438,0.1510999500751495,0.1384001821279525,0.0003,66.46553039550781
0,1990,796000,-0.0015981241821669,154.61988021850587,1.0318195629119873,0.0032868429552763,0.034200000045821,0.2779231071472168,0.1445848643779754,3.2889769077301025,12.35538387298584,-61.67497253417969,78.45867919921875,15.68444538116455,14.540003776550291,0.7890535713311618,17.483193893984154,0.0705036222934722,0.7101959586143494,0.0,0.0,-1.8939642906188965,-1.975473403930664,0.1504741013050079,0.138695627450943,0.0003,76.96776580810547
0,2000,800000,-0.00049444414936,194.04259201049803,1.0294125401973724,0.0033300463110208,0.0123999999789521,0.3612040877342224,0.1448095440864563,-2.0554075241088867,14.107995986938477,-110.03294372558594,73.87454986572266,13.469929695129396,17.651607513427734,0.6136877121603965,18.161197230501383,0.0653497204184532,0.898798942565918,0.0,0.0,-1.8904510736465452,-1.976052045822144,0.1510036885738372,0.1386153995990753,0.0003,73.38072204589844
0,2010,804000,-0.000754366956689,232.69185516357425,1.0225978779792786,0.004908237606287,0.0488500000443309,0.3052294254302978,0.1457133740186691,-0.3496245145797729,15.302569389343262,-109.97178649902344,85.84617614746094,13.87441635131836,18.358774185180664,0.7215016498807565,12.007549760185125,0.0847372636198997,0.6312626600265503,0.0,0.0,-1.8895889520645144,-1.964023470878601,0.1511339247226715,0.1402928233146667,0.0003,117.51976013183594
0,2020,808000,-0.0008487185997277,98.39644332885742,1.023646104335785,0.0050368010997772,0.0315750002069398,0.5143076181411743,0.1443249732255935,0.2687545716762543,10.006881713867188,-72.11372375488281,46.874542236328125,14.75589370727539,14.35879898071289,0.8029481525774571,9.047652722580208,0.0927759781479835,1.0990338325500488,0.0,0.0,-1.9004327058792116,-1.9722312688827517,0.1495039314031601,0.1391460448503494,0.0003,48.90386581420898
0,2030,812000,-0.0011547278971091,153.01873649597167,1.038839008808136,0.0059700016863644,0.0388499998208135,0.3609398603439331,0.1438019424676895,0.370762437582016,12.468791961669922,-83.48225402832031,76.10011291503906,15.555767059326172,15.597447395324709,0.7942615809432085,11.772298010914794,0.0771485939621925,1.1125586032867432,0.0,0.0,-1.9109699726104736,-1.9684938192367556,0.1479368209838867,0.1396670490503311,0.0003,75.55255889892578
0,2040,816000,-0.0007741640332204,157.1229434967041,1.043920627832413,0.0062558813951909,0.0324250000109896,0.2989491820335388,0.1434314846992492,1.382507562637329,12.58431625366211,-64.69559478759766,84.05860900878906,16.099817276000977,15.029858589172363,0.7276706889230735,11.983463496452387,0.0613988190889358,0.5281062126159668,0.0,0.0,-1.9199827909469604,-1.964303970336914,0.1466094702482223,0.140253484249115,0.0003,63.47235870361328
0,2050,820000,-0.0017963625457749,126.66087928771972,1.0480812561511994,0.0053303064778447,0.0325499997939914,0.2339316010475158,0.1430433988571167,1.2468711137771606,11.455642700195312,-53.096466064453125,66.15434265136719,17.772382736206055,13.088374137878418,0.7334472668604748,13.123441923467876,0.0633909031748771,1.0376514196395874,0.0,0.0,-1.921849250793457,-1.967895269393921,0.1463361084461212,0.1397506892681121,0.0003,64.20487213134766
0,2060,824000,-0.0010230393945501,210.7090902709961,1.0502139568328857,0.0034241650719195,0.0299999999767169,0.1204645633697509,0.1433674693107605,1.076921820640564,14.564077377319336,-92.0310516357422,74.82574462890625,18.63174819946289,15.529458045959473,0.7702799472820364,12.528199274880905,0.0813159942626953,0.5586342811584473,0.0,0.0,-1.913626194000244,-1.9719114303588867,0.1475443989038467,0.1391905546188354,0.0003,125.6201629638672
0,2070,828000,-0.0028364549032676,79.91466396331788,1.0435206961631776,0.0071137533523142,0.0645249998196959,0.3257488012313843,0.1441264152526855,0.6756617426872253,9.016937255859377,-53.91374969482422,70.8740463256836,19.39813232421875,10.981158256530762,0.786703992995066,6.954598957979953,0.0846041813492775,0.8872090578079224,0.0,0.0,-1.9102064371109009,-1.964663863182068,0.1480498164892196,0.1402030140161514,0.0003,29.70194625854492
0,2080,832000,0.0003789687306216,89.09038993835449,1.035642488002777,0.0047530098818242,0.0183250000886619,0.4494016766548157,0.1440367251634597,-0.8905717134475708,9.82667636871338,-68.90724182128906,26.13997459411621,19.18598747253418,13.243086814880373,0.887099935932559,13.906612552420272,0.0738243237137794,0.9691727757453918,0.0,0.0,-1.9076626300811768,-1.968640685081482,0.1484269052743911,0.1396465450525283,0.0003,45.82140350341797
0,2090,836000,-0.0026799967642538,150.96553016662597,1.043633954524994,0.0047429222613573,0.0431999999843537,0.3927731513977051,0.1433057487010955,-0.3022322952747345,12.43784999847412,-74.88383483886719,65.8716812133789,18.218151092529297,15.96135711669922,0.7687722178864853,13.302225601201869,0.0741464272141456,1.2615326642990112,0.0,0.0,-1.9131689071655276,-1.9732838869094849,0.1476118713617324,0.138999655842781,0.0003,82.56134033203125
0,2100,840000,-0.0005869519901447,131.05421173095704,1.0500702464580536,0.0056180977262556,0.0214250000147148,0.4040632843971252,0.1430494040250778,1.5665147304534912,11.52903175354004,-67.33338928222656,77.51177978515625,19.246675491333008,14.934571266174316,0.779528258610062,12.188325581678765,0.0607056431472301,1.143368124961853,0.0,0.0,-1.9133068323135376,-1.9768322706222532,0.1475915312767028,0.1385073065757751,0.0003,86.16857147216797
0,2110,844000,-0.0025728928798227,165.00112548828125,1.05346159696579,0.0044562960974872,0.0323750000121071,0.4497264623641968,0.1429559588432312,-1.751023292541504,13.314236640930176,-126.66049194335938,38.864501953125,18.065433502197266,17.948450088500977,1.047748511325488,25.818169017281367,0.0764930471777916,2.4545788764953613,0.0,0.0,-1.910742282867432,-1.980926275253296,0.147970512509346,0.1379414051771164,0.0003,76.43350982666016
0,2120,848000,-0.0011381029704934,49.772497749328615,1.0517011487483978,0.0038155317306518,0.0354749999381601,0.7489361763000488,0.1432841718196869,0.8338618874549866,7.165518760681152,-46.45834732055664,48.58900451660156,20.120344161987305,14.300643920898438,0.8875413387131422,9.157809975518308,0.1041896119713783,1.5041497945785522,0.0,0.0,-1.906179428100586,-1.9810733795166016,0.1486472189426422,0.1379211097955703,0.0003,23.41514778137207
0,2130,852000,-0.000375667631597,105.89132961273194,1.0458441007137298,0.0031516407616436,0.0175749999191612,0.5882554054260254,0.143761858344078,-0.1533382087945938,10.445964813232422,-137.1949005126953,50.254730224609375,19.43389320373535,16.279258728027344,1.005456347754867,17.087230467976752,0.0718390569090843,1.2387993335723877,0.0,0.0,-1.9017258882522583,-1.9789592027664185,0.1493107080459594,0.1382130235433578,0.0003,34.85564041137695
0,2140,856000,-0.0019005481173164,52.035027046203616,1.037359163761139,0.0050064148381352,0.0278750000195577,0.7305386066436768,0.1446400433778762,-0.3022871613502502,7.274770259857178,-38.67108917236328,37.5218505859375,18.582992553710938,14.014286994934082,0.9576248645064844,8.467897543468586,0.122511088848114,0.7504783272743225,0.0,0.0,-1.8902651071548464,-1.9787037372589111,0.1510317623615265,0.138248324394226,0.0003,23.074169158935547
0,2150,860000,-0.0008182365243977,68.57826824188233,1.0384794414043426,0.0033340002410113,0.0285249998699873,0.6490440368652344,0.1436065137386322,-0.2996119856834411,8.370427131652832,-62.25177383422852,44.52672958374024,18.25092124938965,14.129322052001951,0.7581600357878624,7.748122005849211,0.086815632879734,0.7944847345352173,0.0,0.0,-1.8905363082885744,-1.993467926979065,0.1509908139705658,0.1362221986055374,0.0003,32.340789794921875
0,2160,864000,-0.001946197817038,82.38459804534912,1.0387397003173828,0.0036628232337534,0.0310999999102205,0.6113415956497192,0.1450411826372146,-0.582080602645874,9.193379402160645,-49.21126556396485,44.27510833740234,18.347347259521484,14.746573448181152,0.970364267092912,10.70170030682416,0.0993484035134315,0.8691985011100769,0.0,0.0,-1.8807799816131592,-1.9833227396011357,0.152471125125885,0.1376112252473831,0.0003,40.972782135009766
0,2170,868000,-0.0014855139649231,79.38180297851562,1.029489804506302,0.0051901540718972,0.0392250000173226,0.5976787805557251,0.1443822681903839,-0.4396933913230896,9.04535961151123,-40.30589294433594,39.48244094848633,18.59007835388184,14.26065158843994,1.078051272486097,9.718630239790246,0.120446391403675,0.9689130783081056,0.0,0.0,-1.8855828046798704,-1.9875997304916384,0.1517406105995178,0.1370239406824112,0.0003,37.084957122802734
0,2180,872000,-0.000547603983498,92.94911624908448,1.0394391512870789,0.0040014744736254,0.0236749999178573,0.5045074224472046,0.1438127607107162,-0.5876232385635376,9.891125679016112,-71.22894287109375,66.10736846923828,16.86455726623535,14.051644325256348,0.8113563749681084,12.60420684725266,0.093882143497467,1.0549352169036863,0.0,0.0,-1.8897064924240112,-1.9913620948791504,0.1511161625385284,0.136509358882904,0.0003,40.70737457275391
0,2190,876000,-0.0016837578361548,84.39184963226319,1.0416460132598877,0.0041398676112294,0.0375999999837949,0.4932277798652649,0.1441836059093475,-0.0960093811154365,9.302398681640623,-81.39334106445312,84.54562377929688,16.310976028442383,13.067380905151367,0.7956045521368396,7.427377916727267,0.0863309279084205,1.0326277017593384,0.0,0.0,-1.8796290159225464,-1.9971576929092407,0.1526467204093933,0.1357204914093017,0.0003,51.62695693969727
0,2200,880000,-0.0024821979082938,65.67146522521972,1.0426864051818847,0.0050359163433313,0.0310750000970438,0.551935613155365,0.1435934454202652,-0.3978044688701629,8.40700912475586,-63.1732063293457,42.56718063354492,16.13577651977539,12.55946922302246,0.8777018628240405,12.843511652655415,0.0785193294286727,0.9637393355369568,0.0,0.0,-1.882485032081604,-2.002661943435669,0.152211382985115,0.1349755078554153,0.0003,34.58386993408203
0,2210,884000,-0.0014339486428299,133.64888648986818,1.05041729927063,0.0037206695415079,0.0174249998480081,0.4161356091499328,0.1430810242891311,0.5032732486724854,11.677535057067873,-63.51702880859375,58.83138275146485,16.061809539794922,15.282527923583984,0.8455487710355044,18.05164846047151,0.0595708526670932,1.0660146474838257,0.0,0.0,-1.8911069631576536,-2.0005757808685303,0.1509046703577041,0.1352573782205581,0.0003,69.07647705078125
0,2220,888000,-0.0016659649952671,72.29571521759033,1.056663259267807,0.0021725012920796,0.0385500000743195,0.5406436324119568,0.1425812244415283,-0.0002143859892385,8.742135047912598,-67.0579605102539,42.58776473999024,17.576953887939453,12.898601531982422,0.8970497702354328,13.321926762669795,0.0432892180979251,1.0532217025756836,0.0,0.0,-1.8975021839141848,-2.0008537769317627,0.1499426811933517,0.1352197974920272,0.0003,25.102855682373047
0,2230,892000,-0.0014857879733237,125.68631355285645,1.0611029994487762,0.0044250511564314,0.0263750000623986,0.4108083248138428,0.1423804759979248,-0.304045170545578,11.30075454711914,-64.03536987304688,94.18170166015624,16.444141387939453,14.722416877746582,0.9782168359517672,18.23200374107273,0.0442761033773422,0.7796507477760315,0.0,0.0,-1.9014440774917605,-1.9994617700576784,0.1493527889251709,0.1354081481695175,0.0003,55.20143508911133
0,2240,896000,-0.0003269798890343,121.4268560028076,1.0641576993465425,0.0038914517499506,0.0134499999834224,0.3783623576164245,0.1421532481908798,3.065898895263672,11.049569129943848,-60.68199920654297,53.80359649658203,20.093090057373047,14.014471054077148,0.8314157059362042,20.35708638881069,0.0487339720129966,0.8109802007675171,0.0,0.0,-1.9036672115325928,-2.00036883354187,0.1490211337804794,0.1352853626012802,0.0003,64.95809936523438
0,2250,900000,-0.0019923447269975,116.0224715423584,1.0670942533016206,0.0016922634094953,0.018824999933131,0.4485971331596374,0.1420186758041381,-0.2774497270584106,10.840892791748049,-76.75782775878906,69.81179809570312,19.033039093017575,14.599249839782717,1.0301441699873966,19.08421467605453,0.0741076916456222,0.6138334274291992,0.0,0.0,-1.9066729545593264,-1.9990533590316768,0.1485738754272461,0.135463461279869,0.0003,58.7630615234375
0,2260,904000,-0.0016665825990658,83.31378334045411,1.0722897565364835,0.0050167134031653,0.0248999999929219,0.5819741487503052,0.1413566768169403,-0.9923135042190552,9.376705169677734,-87.10783386230469,31.85148429870605,18.84149932861328,14.502695083618164,0.8513580446992993,11.91203838261491,0.0875004306435585,1.2637155055999756,0.0,0.0,-1.90484881401062,-2.010899543762207,0.1488451361656189,0.1338682025671005,0.0003,46.46258163452149
0,2270,908000,-0.0012831297975888,68.78971294403077,1.0845736527442933,0.0053943111561238,0.0197749999305233,0.6663243770599365,0.1401150226593017,-1.020043134689331,8.801794052124023,-48.741798400878906,48.856239318847656,17.48810577392578,15.237332344055176,0.9078005339319684,15.07666087127982,0.0886415541172027,1.4769035577774048,0.0,0.0,-1.915132522583008,-2.0181002616882324,0.1473223119974136,0.1329077184200287,0.0003,31.154586791992188
0,2280,912000,-0.0014721586156694,83.25290111541749,1.1084802055358889,0.0044144578278064,0.0298499999893829,0.6764013767242432,0.1383082270622253,-0.3954116106033325,9.337139129638672,-58.36031723022461,65.52436065673828,17.542308807373047,16.413854598999023,0.9126019487310018,12.827970739632317,0.0698816925287246,1.2351961135864258,0.0,0.0,-1.933721661567688,-2.0248968601226807,0.1446090042591095,0.1320074498653412,0.0003,28.192495346069336
0,2290,916000,-0.0009982374137944,43.59016006469727,1.126856231689453,0.0035901679657399,0.0307500001136213,0.8018771409988403,0.1374590694904327,0.9044997096061708,6.783400058746338,-24.57148551940918,45.22417831420898,18.78948783874512,15.23983097076416,1.0318447938971107,10.251892253966735,0.0738198831677436,1.106580376625061,0.0,0.0,-1.9374099969863887,-2.03376841545105,0.1440766304731369,0.1308415234088897,0.0003,21.005558013916016
0,2300,920000,-0.0011886931284563,124.16272575378416,1.1359526216983795,0.0033794254995882,0.0326749998424202,0.620469331741333,0.1368805766105651,-1.5821619033813477,11.213035583496094,-79.25025177001953,59.10661697387695,15.922056198120115,18.20118904113769,0.8294193928489624,12.875736444235852,0.0647894889116287,1.2999770641326904,0.0,0.0,-1.947272777557373,-2.031805992126465,0.1426626145839691,0.1310985535383224,0.0003,59.671966552734375
0,2310,924000,-0.0022036637727767,65.0978243637085,1.1378756642341614,0.0041125556454062,0.0230499998945742,0.7294888496398926,0.1375679671764373,-1.6994949579238892,8.41932201385498,-54.89067077636719,25.891807556152344,15.2583589553833,16.18767738342285,0.909005555982754,19.19618320645131,0.0956014767289161,1.083567500114441,0.0,0.0,-1.94343101978302,-2.0255277156829834,0.1432117521762848,0.1319242119789123,0.0003,36.59542465209961
0,2320,928000,-0.002049320977639,34.64347610473633,1.1321359622478484,0.0036211267579346,0.040799999833107,0.8215844035148621,0.1373885571956634,0.8565926551818848,6.061093330383301,-33.84914016723633,34.7633056640625,15.314949035644531,14.349427223205566,0.9409481110642792,9.671913899529113,0.0837932378053665,1.0795716047286987,0.0,0.0,-1.9391827583312988,-2.0328962802886963,0.143821433186531,0.1309556812047958,0.0003,14.585046768188477
0,2330,932000,-0.0006546186039951,64.29442390441895,1.1264276373386384,0.002411363646388,0.0147499999357387,0.6744019985198975,0.1385805755853653,0.1443168520927429,8.201119422912598,-53.78824996948242,56.25464630126953,16.668725967407227,14.37249755859375,0.8537879018245185,10.682718962958338,0.0722049251198768,0.7375754714012146,0.0,0.0,-1.9288870096206665,-2.026080369949341,0.1453098356723785,0.131851315498352,0.0003,35.23201370239258
0,2340,936000,-0.0033420230907424,88.00337226867676,1.1134633588790894,0.0047210501506924,0.0534999999916181,0.552776038646698,0.1390751153230667,0.3604588508605957,9.550689697265623,-57.64834213256836,45.379093170166016,15.50266170501709,14.281444549560549,0.9577517371898158,10.578844094022898,0.0717700198292732,0.8918120861053467,0.0,0.0,-1.923084020614624,-2.024993419647217,0.1461555212736129,0.1319947093725204,0.0003,27.829914093017575
0,2350,940000,-0.0036619873750314,62.86024398803711,1.1162451994419098,0.0060322228819131,0.0834749996988102,0.5748553276062012,0.1381669044494629,0.9332730770111084,8.103226661682129,-50.78269958496094,40.02397918701172,16.917238235473633,12.427666664123535,1.0077730955830606,8.336454452744507,0.0512026026844978,0.982655704021454,0.0,0.0,-1.9259445667266848,-2.0356485843658447,0.1457380205392837,0.1305957585573196,0.0003,30.61695671081543
0,2360,944000,-0.0029399600798438,55.77049877166749,1.1262369167804718,0.0060836318880319,0.0469750001840293,0.572893500328064,0.137744665145874,-1.0049444437026978,7.586742401123047,-48.75043869018555,37.8795166015625,16.272228240966797,11.608798027038574,0.9522959527841202,9.225773489562068,0.0929334014654159,0.803872287273407,0.0,0.0,-1.921255588531494,-2.047428846359253,0.1464229971170425,0.1290663182735443,0.0003,26.710987091064453
0,2370,948000,-0.0007169556387332,114.5202932739258,1.1270705366134643,0.0041188495233654,0.0208499999670311,0.2625976800918579,0.138359397649765,-0.1667930334806442,11.190872192382812,-60.35970687866211,90.12901306152344,16.233619689941406,13.032017707824709,0.8780315142595344,16.15787392274992,0.0503377206623554,1.354667901992798,0.0,0.0,-1.9126404523849487,-2.0477190017700195,0.1476898938417434,0.1290288865566253,0.0003,46.694149017333984
0,2380,952000,-0.0017499889979921,46.16229248046875,1.124627900123596,0.0041986056603491,0.032224999978207,0.5187197923660278,0.1378666162490844,-0.1667187660932541,6.909139156341553,-38.09133529663086,39.57941436767578,16.37885093688965,9.959211349487305,0.9643884040350528,6.845073253713725,0.0656489878892898,0.7429522275924683,0.0,0.0,-1.9140034914016724,-2.053816795349121,0.1474887281656265,0.1282444894313812,0.0003,19.58930015563965
0,2390,956000,-0.0034397334355229,126.03115676879882,1.131992698907852,0.0040837018750607,0.0352000000048428,0.1907221674919128,0.1375536918640136,2.6876516342163086,11.351479530334473,-32.88105010986328,98.07389831542967,18.86911392211914,12.61838150024414,0.8501270753268818,14.097407046111476,0.1096287965774536,0.9990115165710448,0.0,0.0,-1.9120416641235352,-2.060980796813965,0.1477783620357513,0.127329021692276,0.0003,52.610816955566406
0,2400,960000,-0.0018336160538638,108.68731399536132,1.1391434752941132,0.0048757181502878,0.0484000000031664,0.3207141160964966,0.1370526850223541,-0.640383780002594,10.644871711730955,-77.19888305664062,39.727333068847656,17.646465301513672,12.915586471557615,1.1674484499385542,11.193372700927943,0.0753675103187561,1.3244951963424685,0.0,0.0,-1.914563775062561,-2.06593918800354,0.1474061161279678,0.1266992390155792,0.0003,49.40679168701172
0,2410,964000,-0.0001370200755773,104.8049213409424,1.1523547971248629,0.0053846291266381,0.0120750000374391,0.3037922382354736,0.1355952620506286,1.0840164422988892,10.375303268432615,-47.906246185302734,64.45262145996094,18.49753189086914,12.43458652496338,1.1164197930306188,12.959967141514452,0.0609777271747589,0.7470471858978271,0.0,0.0,-1.9234765768051147,-2.078702688217163,0.1460981518030166,0.1250923871994018,0.0003,48.29241943359375
0,2420,968000,-0.0029314477507317,105.50678245544434,1.1684365665912628,0.0051612947136163,0.0505749998008832,0.312246024608612,0.1351822316646576,1.6378430128097534,10.376840591430664,-40.34150314331055,80.34040832519531,20.41343116760254,12.512629508972168,1.0870825744842618,12.050683149181044,0.0555139929056167,1.0618462562561035,0.0,0.0,-1.9207432270050049,-2.088551521301269,0.1464980393648147,0.1238664239645004,0.0003,46.46506881713867
0,2430,972000,-0.0005894255541556,137.24107734680177,1.1727698838710785,0.0045633842237293,0.0396749998722225,0.2940271496772766,0.1350408196449279,-0.4133199453353882,11.797284126281738,-78.26966094970703,49.06031799316406,20.155275344848636,14.04067611694336,0.9693256184394968,12.052449633716636,0.0721025764942169,0.5945525169372559,0.0,0.0,-1.921684980392456,-2.089722156524658,0.1463601440191269,0.1237215027213096,0.0003,86.5510025024414
0,2440,976000,-0.0004139047564603,137.4173143005371,1.174991260766983,0.0034366007894277,0.0151249999878928,0.4541463255882263,0.1349512338638305,-2.2876064777374268,12.159379005432127,-87.6603775024414,53.83797836303711,17.779010772705078,16.457857131958008,1.1104965934508817,25.535027168410043,0.0671183466911315,1.051458477973938,0.0,0.0,-1.921890377998352,-2.090928077697754,0.1463300734758377,0.1235723942518234,0.0003,69.61376953125
0,2450,980000,-0.0031650429919642,168.29706100463866,1.1830289244651797,0.0053471210412681,0.0408500002464279,0.2530766129493713,0.1334992051124572,1.1088887453079224,13.28078842163086,-58.91571044921875,109.42501831054688,18.652441024780277,15.366884231567385,0.9541623884704258,18.63440501273566,0.0685881897807121,1.1163426637649536,0.0,0.0,-1.934378981590271,-2.099771499633789,0.1445139944553375,0.1224844083189964,0.0003,91.24539947509766
0,2460,984000,-0.0035857404870621,95.2979621887207,1.2052417886257172,0.0056222677230834,0.0503749999124556,0.5424838066101074,0.1323146969079971,-1.5494499206542969,9.903284072875977,-57.723365783691406,35.73720932006836,17.254840850830078,14.6411771774292,1.0355291901810606,13.005029228327254,0.0731868892908096,0.6897693872451782,0.0,0.0,-1.9465080499649048,-2.1049017906188965,0.1427717506885528,0.1218576431274414,0.0003,49.75529861450195
0,2470,988000,-0.0027100700457638,191.29215393066409,1.215808321237564,0.0047224359586834,0.0591249999869614,0.3483218550682068,0.1320538222789764,0.2984152734279632,13.920429229736328,-91.64519500732422,78.5394287109375,16.97148323059082,17.243921279907227,1.1047746927554467,18.117150691798848,0.0955462083220481,0.6099998950958252,0.0,0.0,-1.9494855403900144,-2.1057004928588867,0.1423472911119461,0.1217603534460067,0.0003,98.99698638916016
0,2480,992000,-0.0029149370772269,116.02668342590331,1.2171922314167023,0.0063937990926206,0.0601750001637265,0.4406037330627441,0.1320405602455139,-1.7523212432861328,10.905064582824709,-61.30443954467773,64.6194839477539,16.288284301757812,14.580368041992188,1.071776206077852,16.785842894353916,0.0732565596699714,0.7212360501289368,0.0,0.0,-1.9486459493637085,-2.106900930404663,0.1424668431282043,0.1216142773628234,0.0003,63.23149871826172
0,2490,996000,-0.0008042392364877,158.12678077697754,1.220662487745285,0.0041791107505559,0.0182000000262632,0.5221042633056641,0.1316122114658355,-2.646349668502808,12.764415740966797,-63.807952880859375,47.91594696044922,11.04808235168457,18.46436309814453,0.9961280965493272,24.92865432800688,0.0359726175665855,1.0914477109909058,0.0,0.0,-1.9539614915847776,-2.1077351570129395,0.1417115777730941,0.1215128600597381,0.0003,78.53096771240234
0,2500,1000000,-0.002367005428372,149.50411994934083,1.2255965328216554,0.0039731874130666,0.0345750000700354,0.4694846272468567,0.1313772648572921,0.9014593958854676,12.382094383239746,-84.25680541992188,57.7689323425293,12.156488418579102,16.99985122680664,1.1205861833648036,22.16095462617009,0.0624335259199142,0.475238025188446,0.0,0.0,-1.95441997051239,-2.1110732555389404,0.141646608710289,0.1211079210042953,0.0003,82.15802001953125
1,10,4000,-0.0030686460672295,58.416795349121095,0.1703093333542347,0.004463511519134,0.0208750000689178,0.0015736818313598,0.2212823927402496,2.921236753463745,7.400665283203125,-46.1751594543457,45.65830612182617,2.9340479373931885,7.406495094299316,0.6612671080328554,5.015064535928627,0.0893579572439193,1.6165165901184082,0.0,0.00025,-1.5024734735488892,-1.51419198513031,0.2225789278745651,0.2199858576059341,0.0003,28.99432945251465
1,20,8000,-0.0021542569674784,49.079105911254885,0.1848547033965587,0.0055896788835525,0.0345249999221414,0.0154496431350708,0.2197855710983276,1.7065815925598145,7.001952648162842,-47.31988525390625,33.785396575927734,4.181734085083008,7.056676387786865,0.630899579523214,3.365691468766973,0.1319072097539901,1.4153763055801392,0.0,0.00025,-1.5008573532104492,-1.5295543670654297,0.2229389250278473,0.2166321724653244,0.0003,22.400184631347656
1,30,12000,-0.0006569250708696,80.78736938476563,0.1989580157399177,0.002980733057484,0.0040999999362975,0.0360565781593322,0.2178788632154464,1.9508659839630127,9.0009765625,-50.55666732788086,45.25718307495117,6.187994003295898,9.16777229309082,0.6587337346123822,5.605304067745712,0.0885812565684318,1.330743432044983,0.0,0.0,-1.509471416473389,-1.5383694171905518,0.2210267633199691,0.2147309482097625,0.0003,46.00679397583008
1,40,16000,-0.0009149554969484,54.91414627075196,0.2108749264478683,0.00300655211322,0.0106749999942258,0.1271071434020996,0.2178072333335876,1.8573987483978271,7.447014331817627,-49.3391227722168,40.02230072021485,7.909817218780518,7.970796585083008,0.6099478965434499,6.433412287572383,0.0966117307543754,1.235048770904541,0.000125,0.0005,-1.5110477209091189,-1.5374157428741455,0.2206786274909973,0.2149358540773391,0.0003,22.650279998779297
1,50,20000,-0.0018434426413405,79.59029144287109,0.2128904643654823,0.0031881399918347,0.0134499999321997,0.0734712481498718,0.2169620096683502,2.7362208366394043,8.862954139709473,-35.38294982910156,73.68406677246094,10.403264045715332,9.20765495300293,0.6368431289342058,9.951886931483076,0.0813818946480751,0.8859948515892029,0.0,0.0,-1.5192270278930664,-1.536917209625244,0.2188810259103775,0.2150430232286453,0.0003,45.48329162597656
1,60,24000,-0.0009118916796211,55.12671287536621,0.2196635191142559,0.0031180982477962,0.0086250000447034,0.1568038463592529,0.2165405601263046,2.2484750747680664,7.356661796569824,-31.831682205200195,55.87091827392578,12.784143447875977,8.01154899597168,0.6096923276650932,8.19742786607325,0.073688268661499,0.6509987711906433,0.0,0.0,-1.5232534408569336,-1.536746859550476,0.2180014699697494,0.2150796502828598,0.0003,20.30449485778809
1,70,28000,-0.0009356141049858,65.30206958770752,0.2193562532961368,0.0032318965531885,0.0119999999552965,0.1996094584465026,0.2170467227697372,0.139747679233551,8.226568222045898,-44.59929275512695,28.06903839111328,12.789752006530762,9.195338249206545,0.5538961090209679,6.273490699608114,0.0906045585870742,0.9046640396118164,0.0,0.0,-1.523639440536499,-1.531661868095398,0.217917338013649,0.2161761075258255,0.0003,34.47604751586914
1,80,32000,-0.0020827424800387,39.52059505462646,0.2251026137173175,0.0043452186509966,0.0194499998353421,0.3780081868171692,0.2151268720626831,0.1383022516965866,6.410525321960449,-30.64582633972168,27.46745491027832,12.946175575256348,8.128329277038574,0.6331778251500357,5.189670596760609,0.1163897812366485,0.7607214450836182,0.0,0.0,-1.535228252410889,-1.5378280878067017,0.215406522154808,0.2148472070693969,0.0003,20.86253929138184
1,90,36000,-0.0024252551176934,77.4665663909912,0.2364972794055938,0.0038905856199562,0.0229000000096857,0.3136200308799743,0.2148646414279937,0.6449615359306335,8.85029125213623,-57.09455490112305,49.27310943603516,13.430335998535156,10.682558059692385,0.5946379073452652,7.257315411185488,0.0923397839069366,0.5536724328994751,0.0,0.0,-1.54056978225708,-1.534932255744934,0.2142589688301086,0.2154702991247177,0.0003,32.38239669799805
1,100,40000,-0.0007049349400243,51.25882736206054,0.2429010251164436,0.0031387978233397,0.0118750000046566,0.4542430639266968,0.2137598991394043,0.1734090894460678,7.211981773376465,-39.19244766235352,40.64580535888672,13.956021308898926,9.76236343383789,0.6350624583597603,5.978094694690451,0.0921196416020393,0.4582215547561645,0.0,0.0,-1.5507550239562988,-1.5351098775863647,0.2120877802371978,0.2154320180416107,0.0003,27.129262924194336
1,110,44000,-0.0001192055196268,49.343897399902346,0.2507657608389854,0.0023062112741172,0.0123499999893829,0.4262619018554687,0.2131238579750061,0.6996880173683167,7.038946151733398,-45.32029724121094,66.95140838623047,14.681923866271973,9.292890548706056,0.6441003717769469,5.47147465371568,0.0547382272779941,0.5423505306243896,0.0,0.0,-1.5540802478790283,-1.537750005722046,0.2113837152719497,0.2148639857769012,0.0003,31.72926902770996
1,120,48000,-0.0012676863810393,60.895595970153806,0.2571874251961708,0.002484526252374,0.0091999999992549,0.4063010215759277,0.212242767214775,0.7578656077384949,7.872498512268066,-42.99406433105469,47.55029296875,15.195663452148438,10.21714210510254,0.5756473609592412,8.146736266167101,0.0527964085340499,0.6621034145355225,0.0,0.0,-1.5609886646270752,-1.5391793251037598,0.2099284082651138,0.2145571112632751,0.0003,31.12998390197754
1,130,52000,-0.000919709254492,60.5159810256958,0.2676390036940574,0.0023865574039518,0.0079249999951571,0.5196319222450256,0.2109013795852661,-0.1083132773637771,7.965744018554687,-37.3810920715332,36.444114685058594,15.23476791381836,11.493155479431152,0.5960115455029256,10.03375749779076,0.0803825557231903,0.6698284149169922,0.0,0.0,-1.5668596029281616,-1.5459786653518677,0.208699569106102,0.2131032198667526,0.0003,35.276390075683594
1,140,56000,-0.002514908555628,70.66370052337646,0.2712852945923805,0.005163858179003,0.030725000090897,0.5589419007301331,0.2119213342666626,1.4245507717132568,8.428576469421387,-74.68167114257812,38.89420700073242,15.931584358215332,12.691306114196776,0.5905455267935534,11.628062954758429,0.1079252511262893,0.6098818182945251,0.0,0.00025,-1.5664528608322144,-1.53684663772583,0.2087844610214233,0.2150581926107406,0.0003,33.40788650512695
1,150,60000,-0.0011680265578732,44.13209674835205,0.2671207559108734,0.0026118131354451,0.0074249999551102,0.661801278591156,0.2111401110887527,1.9996367692947388,6.597184658050537,-25.742992401123047,51.15242004394531,18.415246963500977,11.344167709350586,0.5592111613823145,11.529337601857303,0.1124633774161338,0.4186295866966247,0.0,0.0,-1.5664849281311035,-1.5441069602966309,0.2087777554988861,0.213502436876297,0.0003,20.58677291870117
1,160,64000,-0.0017936768032126,61.95192607879639,0.2776568430662155,0.0030901220161467,0.0113499999651685,0.6292637586593628,0.2099395096302032,0.82972651720047,8.063227653503418,-50.130638122558594,37.34749603271485,19.506750106811523,13.242694854736328,0.5421155259835728,12.823002222006746,0.0923884361982345,0.567935585975647,0.0,0.0,-1.5741312503814695,-1.5479122400283811,0.2071874588727951,0.2126915454864502,0.0003,35.33826446533203
1,170,68000,-0.0021205114026015,92.13868000030516,0.2854074388742447,0.0035169075708836,0.0192999999877065,0.5882140398025513,0.2098128646612167,0.9072632789611816,9.637889862060549,-57.913909912109375,93.70392608642578,19.798828125,15.01917839050293,0.5819984312208496,14.47524800126881,0.0763918831944465,0.5421831607818604,0.0,0.0,-1.5780444145202637,-1.545302152633667,0.2063782811164856,0.2132474184036255,0.0003,36.04994583129883
1,180,72000,-0.0006162785758051,58.94078227996826,0.2868329870700836,0.0027376390062272,0.0060499999346211,0.7255252003669739,0.2092911452054977,-0.1554788649082183,7.946225166320801,-49.728363037109375,45.48185729980469,18.9433536529541,15.16734790802002,0.5453421845746181,15.030587174832146,0.0578761026263237,0.7579131126403809,0.0,0.0,-1.5844640731811523,-1.544003129005432,0.2050576508045196,0.2135246247053146,0.0003,29.746679306030277
1,190,76000,-0.0005218059793485,43.26193592071533,0.2884270745515823,0.0019498176407068,0.0042749999975785,0.7765343189239502,0.2098859846591949,-0.3518493473529815,6.961659908294678,-43.34150314331055,23.6931266784668,18.741180419921875,14.726764678955078,0.5280080564585602,12.859490763427534,0.0621532760560512,0.9403654932975768,0.0,0.0,-1.5828347206115725,-1.5400055646896362,0.2053920477628708,0.2143799215555191,0.0003,22.903705596923828
1,200,80000,-0.0008453591648458,80.92385814666748,0.2839843586087227,0.0041020163334906,0.0145249999035149,0.6076853275299072,0.210125982761383,0.0231729131191968,9.319781303405762,-45.62140655517578,54.90034484863281,17.841445922851562,14.87950325012207,0.5723054890330868,15.83392164040438,0.0519627556204795,1.1012227535247805,0.0,0.0,-1.5821555852890017,-1.5384186506271362,0.2055315673351287,0.2147203683853149,0.0003,40.65361404418945
1,210,84000,-0.002096778078259,93.23271251678467,0.2824207437038422,0.0021150766406208,0.0072999999905005,0.5534743666648865,0.2100275456905365,1.7571367025375366,9.958420753479004,-50.55265045166016,88.14646911621094,20.15061378479004,14.902779579162598,0.5498689333933524,19.450109678880654,0.0712112113833427,0.976620078086853,0.0,0.0,-1.583488702774048,-1.538060426712036,0.2052577435970306,0.2147973030805587,0.0003,51.36747741699219
1,220,88000,-0.0018769335122709,62.15708530426026,0.2862017804384231,0.0026515666395425,0.0100499999802559,0.6834229230880737,0.2093218863010406,1.449924349784851,7.970041751861572,-33.642234802246094,44.50616455078125,19.4897575378418,14.16514015197754,0.5720905539634595,12.63377981893423,0.084685131907463,1.077006220817566,0.0,0.0,-1.5855973958969116,-1.5426284074783323,0.2048253864049911,0.2138183563947677,0.0003,24.292070388793945
1,230,92000,-0.0024204539835262,34.43940147399903,0.2958205854892731,0.0049541150219738,0.0302249999856576,0.787866473197937,0.2081265449523925,-0.0565638951957225,6.013639450073242,-33.59522247314453,30.44731903076172,19.98257064819336,13.056680679321287,0.5775715654275922,8.088952751126106,0.0945493504405021,0.6635250449180603,0.0,0.0,-1.594225287437439,-1.545584201812744,0.2030657976865768,0.2131872922182083,0.0003,16.399505615234375
1,240,96000,-0.0020886898480886,106.19566688537596,0.309640488922596,0.0036650709807872,0.0235250000609084,0.5270217657089233,0.2062798291444778,0.4604063630104065,10.375588417053224,-33.70504379272461,111.81610107421876,20.70633125305176,15.086627960205078,0.5658752780085777,11.736231799784871,0.119407370686531,0.8891643285751343,0.0,0.0,-1.6035171747207642,-1.5541356801986694,0.2011876702308654,0.2113719880580902,0.0003,46.72843551635742
1,250,100000,-0.0019684065865159,70.94846851348876,0.3227163130044937,0.0031568128615617,0.0161000000266358,0.5800039172172546,0.2054858207702636,0.0988112762570381,8.646259307861328,-43.672645568847656,43.92774963378906,18.61839866638184,13.341529846191406,0.6412183425670237,9.940816979539727,0.0977528691291809,1.191992163658142,0.000125,0.00025,-1.61053204536438,-1.5549955368041992,0.1997812837362289,0.211190328001976,0.0003,36.20077133178711
1,260,104000,-0.0016228946129907,72.26218173980713,0.3310264718532562,0.0033201489131897,0.020624999855645,0.6190170645713806,0.2050601541996002,0.465190440416336,8.581393241882324,-54.32622528076172,75.04962158203125,19.00542259216309,13.902887344360352,0.6687372881120739,8.2360287534681,0.0795320644974708,0.9964399933815002,0.0,0.0,-1.6196420192718506,-1.5504581928253174,0.1979695409536361,0.2121507376432418,0.0003,38.011478424072266
1,270,108000,-0.001938014713475,133.6220302581787,0.3327703094482422,0.0042781298980116,0.0375999999418854,0.4347254633903503,0.2048643231391906,-2.2397961616516118,11.768329620361328,-57.77723693847656,67.85096740722656,16.124727249145508,15.65255069732666,0.6610976484589398,20.655052654201963,0.0698634460568428,0.7439988851547241,0.00025,0.0005,-1.6213496923446655,-1.5507121086120603,0.1976317763328552,0.2120968848466873,0.0003,77.6900405883789
1,280,112000,-0.0016398693159897,46.48077682495117,0.339001182615757,0.0019255671650171,0.0263750001182779,0.7386274337768555,0.2037068605422973,-0.3659968972206116,6.850208282470703,-46.295631408691406,28.72513008117676,17.894878387451172,13.399044036865234,0.6362096059030891,8.506334548320062,0.0659317001700401,0.5586240887641907,0.0,0.0,-1.6253474950790403,-1.5579349994659424,0.1968432664871215,0.2105704694986343,0.0003,22.866628646850582
1,290,116000,-0.0004628976681386,49.84676231384277,0.3438783857226372,0.0021706861443817,0.0061749999737367,0.7109420299530029,0.2042666673660278,-0.4721671640872955,7.399994373321533,-31.7587890625,44.685203552246094,17.273935317993164,13.76381778717041,0.5836931568197867,12.434591978515984,0.0675821155309677,1.0352647304534912,0.0,0.0,-1.628013253211975,-1.5501594543457031,0.1963192075490951,0.2122141271829605,0.0003,21.389324188232425
1,300,120000,-0.0023706971741143,133.4669825744629,0.3397257876396179,0.0026125446893274,0.0162000000290572,0.4433809518814087,0.204150766134262,1.1373517513275146,11.984417915344238,-68.46037292480469,62.02404022216797,17.004161834716797,16.06341552734375,0.6588521063443125,19.644821081218936,0.0666652098298072,1.4128148555755615,0.0,0.0,-1.6220494508743286,-1.556807518005371,0.1974935382604599,0.2108079940080642,0.0003,55.90378952026367
1,310,124000,-0.0018277341646755,169.1375262451172,0.3407184278964996,0.0027831778861582,0.0159749999642372,0.3943284153938293,0.2041869610548019,-0.371564120054245,13.172452926635742,-82.40702819824219,60.482940673828125,18.19331169128418,16.92575454711914,0.5901525645429138,15.05444494662958,0.0836926698684692,1.3020659685134888,0.0,0.0,-1.621744990348816,-1.5567493438720703,0.1975536793470382,0.210820272564888,0.0003,79.07819366455078
1,320,128000,-0.0003627316334301,25.15061336517334,0.3386416634917259,0.0027068057097494,0.0141749999951571,0.7856181263923645,0.2046680450439453,-0.6216346025466919,5.0389404296875,-30.63873672485352,21.63152885437012,17.057363510131836,10.882912635803224,0.5970060109184858,5.50768477315183,0.105994127690792,0.6229615211486816,0.0,0.0,-1.6220680475234983,-1.5518946647644043,0.197489857673645,0.2118462175130844,0.0003,14.060431480407717
1,330,132000,-0.0030176202056334,121.03370140075684,0.3401293867826462,0.0053332010284066,0.0266249999124556,0.4453463554382324,0.2035289406776428,-0.6027660965919495,11.010900497436523,-57.355430603027344,46.52325820922852,17.803617477416992,14.78467845916748,0.5986457320933668,12.15683179544678,0.0945585742592811,0.4204149544239044,0.0,0.0,-1.6315373182296753,-1.5538647174835205,0.1956286132335662,0.2114292681217193,0.0003,58.84493255615234
1,340,136000,-0.0027888563044689,94.8163758468628,0.3499633347988128,0.0040818867273628,0.0318750001303851,0.5405257344245911,0.2031299024820327,-0.3700582981109619,9.82149887084961,-70.89110565185547,53.39799118041992,16.283384323120117,14.489293098449709,0.6124986758303055,12.78032305876658,0.0886971801519393,0.7342546582221985,0.0,0.0,-1.638161063194275,-1.551533579826355,0.1943370848894119,0.2119227200746536,0.0003,58.3121337890625
1,350,140000,-0.001944199089524,148.31981330871582,0.3547673603892326,0.0023092387709766,0.0126999999536201,0.4017038941383362,0.2025136947631836,0.5592431426048279,12.241168022155762,-78.52732849121094,127.97184753417967,17.06895637512207,15.825766563415527,0.6312151198898162,11.83791555160245,0.0705204382538795,1.0383185148239136,0.0,0.0,-1.6406515836715698,-1.5550743341445925,0.1938536912202835,0.2111736983060836,0.0003,85.84281158447266
1,360,144000,-0.001215352442553,55.510270652771,0.3637085020542144,0.0026934128254652,0.0154749999940395,0.6753548383712769,0.2011069655418396,0.0496748201549053,7.504515171051025,-41.43384552001953,39.212432861328125,17.608219146728516,13.17098331451416,0.5524033266213604,9.310564983586511,0.0810718610882759,0.5861862897872925,0.0,0.0,-1.6497248411178589,-1.5601184368133545,0.1921027451753616,0.2101111859083175,0.0003,29.401012420654297
1,370,148000,-0.003950977828731,45.019635372161865,0.3796146604418755,0.0057917204685509,0.0456749999709427,0.6773614883422852,0.1993978023529052,1.6098188161849976,6.833178520202637,-27.969282150268555,43.6295280456543,18.449966430664062,12.029973983764648,0.5617428264140348,11.257773801009488,0.1254070699214935,0.8613185286521912,0.0,0.0,-1.6682204008102417,-1.5596328973770142,0.1885823607444763,0.2102132439613342,0.0003,23.950252532958984
1,380,152000,-0.0010166318942254,84.4173044204712,0.3982706576585769,0.0033306144177913,0.0172500000661239,0.5755857229232788,0.1974169164896011,0.7099055051803589,9.389636993408203,-114.23171997070312,47.87853240966797,18.96177291870117,14.412981033325195,0.6783557200796566,10.552430657491502,0.1156036257743835,1.1748507022857666,0.0,0.0,-1.675566792488098,-1.5719890594482422,0.1872020363807678,0.207631766796112,0.0003,31.10776138305664
1,390,156000,-0.0019525840650586,56.4567219543457,0.4147377836704254,0.0039650397375226,0.0195250001084059,0.6818757653236389,0.1963365823030471,-1.0509952306747437,7.660640239715576,-40.4899787902832,31.554309844970703,18.35527801513672,13.582093238830566,0.6114937326351424,11.99676833682001,0.0918578281998634,0.6958651542663574,0.0,0.0,-1.6826335191726685,-1.576054573059082,0.1858838051557541,0.2067893594503402,0.0003,24.4625186920166
1,400,160000,-0.0025582771956414,34.7417230796814,0.4226077368855476,0.0028592925518751,0.0190749999275431,0.7920629978179932,0.1958803534507751,-0.1218128874897956,5.94244384765625,-38.26279067993164,39.58648300170898,17.928531646728516,13.031643867492676,0.5512222970358908,6.880931335281998,0.1307103186845779,0.5671809315681458,0.0,0.0,-1.674526333808899,-1.5878536701202393,0.1873969286680221,0.2043637782335281,0.0003,19.16170883178711
1,410,164000,-0.0009851791062246,104.83431106567384,0.424382127225399,0.0036876804661005,0.0158500000135973,0.5278316736221313,0.1957641839981079,-2.410888910293579,10.326019287109377,-93.49700164794922,46.511985778808594,15.676939010620115,15.027422904968262,0.5928526891179073,24.23261629376126,0.0653205215930938,0.5629518628120422,0.0,0.0,-1.6697511672973633,-1.593395113945007,0.1882939040660858,0.2032344341278076,0.0003,36.555023193359375
1,420,168000,-0.0015028738781104,39.97455074310303,0.4373266875743866,0.0032608062028884,0.0183999999798834,0.7639966607093811,0.1931959390640258,0.8182330131530762,6.358577251434326,-33.64894104003906,34.191654205322266,16.66172218322754,13.088830947875977,0.5744323388787339,8.196767179225905,0.1216631233692169,0.6599107980728149,0.0,0.0,-1.683569073677063,-1.606034278869629,0.1857099682092666,0.2006818950176239,0.0003,21.331279754638672
1,430,172000,-0.0018755724903718,49.40134799957276,0.4561840990185737,0.0039737531915307,0.0258000000147148,0.7204526662826538,0.1924304962158203,-0.2222796380519867,7.119997978210449,-36.629302978515625,34.75154113769531,16.531803131103516,13.466421127319336,0.5359926794631876,9.167555609579274,0.1090148389339447,0.7178330421447754,0.0,0.0,-1.6877912282943726,-1.6097707748413086,0.1849275231361389,0.1999334245920181,0.0003,21.94656753540039
1,440,176000,-0.0027579109637048,68.11694400787354,0.4555750778317451,0.004814984742552,0.032849999978207,0.6393731832504272,0.1932854354381561,0.791695773601532,8.355362892150879,-40.70548248291016,51.59989547729492,17.791399002075195,13.913497924804688,0.6608082139639536,11.51648282560626,0.0912186950445175,0.654155433177948,0.0,0.0,-1.6852704286575315,-1.6035722494125366,0.1853943020105362,0.2011765837669372,0.0003,31.705360412597656
1,450,180000,-0.0021066379879277,56.24232601165772,0.4486768451333046,0.0040897699072957,0.036675000176765,0.7040412425994873,0.1937278807163238,-0.356208324432373,7.643574237823486,-38.43973922729492,43.39474487304688,17.324207305908203,14.05014705657959,0.5977230591878704,8.899123698329925,0.0663513913750648,1.0562851428985596,0.0,0.0,-1.6834185123443604,-1.6008855104446411,0.1857379525899887,0.201717808842659,0.0003,25.02310562133789
1,460,184000,-0.0025372410160969,66.42534278869628,0.4486154636740684,0.0045629246160387,0.0329499999573454,0.6004438400268555,0.1929569840431213,1.1504409313201904,8.329764366149902,-35.92852783203125,38.48533630371094,17.913658142089844,13.177826881408691,0.5791173517984738,11.202247335390576,0.1075421273708343,1.0071429014205933,0.0,0.0,-1.6852067708969116,-1.6069016456604004,0.1854060888290405,0.2005078792572021,0.0003,35.992149353027344
1,470,188000,-0.0007152090908828,45.76196109771728,0.45959852039814,0.0028666786383837,0.0099250000016763,0.6988893151283264,0.1918864846229553,-0.3706588447093963,6.800219058990479,-40.74834442138672,26.82677459716797,17.592668533325195,12.39252471923828,0.5808304332890625,8.42997885388172,0.0981824174523353,0.4697289764881134,0.0,0.0,-1.6894739866256714,-1.6136651039123535,0.1846166104078292,0.1991563439369201,0.0003,25.44622611999512
1,480,192000,-0.0015057143296857,145.83237201690673,0.4652555757761001,0.0036212652921676,0.0132000000448897,0.382770836353302,0.1918127983808517,1.240102767944336,12.32439422607422,-35.92528533935547,161.74075317382812,18.847272872924805,15.687088966369627,0.6209019035254975,21.68311641374789,0.0948595032095909,0.911054790019989,0.0,0.0,-1.6857620477676392,-1.6178611516952517,0.1853031516075134,0.1983224153518676,0.0003,92.00242614746094
1,490,196000,-0.0009121201462676,97.18523571014404,0.4665684878826141,0.0038925751578062,0.0180750000244006,0.5627695322036743,0.1916693150997162,0.3828701376914978,9.97541618347168,-71.59805297851562,49.83562469482422,18.656532287597656,15.086060523986816,0.5980884513296456,11.314735997446313,0.0857574790716171,0.9447848796844482,0.0,0.0,-1.6855205297470093,-1.6195353269577026,0.1853479295969009,0.1979906857013702,0.0003,59.42028427124024
1,500,200000,-0.0021022819113626,55.44358749389649,0.472046862244606,0.0054828943684697,0.0391500001493841,0.6771644949913025,0.1906344294548034,-0.2130800783634185,7.671615123748779,-34.16462326049805,40.5929069519043,19.15707397460937,13.50193977355957,0.6334785313050151,10.550636469951929,0.0938275158405304,0.9964916110038756,0.0,0.0,-1.6872801780700684,-1.6283823251724243,0.1850220710039138,0.1962467730045318,0.0003,29.491344451904297
1,510,204000,-0.0010274564109557,63.5396293258667,0.480447871685028,0.0043606306426227,0.017799999997951,0.6616905927658081,0.1904710382223129,-0.5079261064529419,8.002324104309082,-37.04510116577149,66.05306243896484,18.552215576171875,13.758119583129885,0.6852423916875107,10.20685292855313,0.0896183773875236,0.5188891887664795,0.0,0.0,-1.6927604675292969,-1.6249008178710938,0.1840108782052993,0.1969311982393264,0.0003,30.119674682617188
1,520,208000,-0.0009337833785037,79.43312423706055,0.4773794007301331,0.0034257497172802,0.0147750000515952,0.5934243202209473,0.1908761858940124,-0.6185734272003174,9.000872611999512,-40.89109802246094,41.57910919189453,18.04368782043457,14.11607265472412,0.595153600173978,11.609794116656024,0.0859821215271949,0.7299837470054626,0.0,0.0,-1.6882959604263306,-1.624967098236084,0.184834212064743,0.1969181597232818,0.0003,42.606563568115234
1,530,212000,-0.0014690057927555,99.99760959625245,0.4702885887026787,0.0048386761918663,0.0258750000270083,0.5748363733291626,0.1917846500873565,0.0612236931920051,10.11227798461914,-88.42158508300781,42.37367248535156,17.40846061706543,15.508541107177734,0.5463007549395764,13.90922763187092,0.1131893321871757,0.6927199363708496,0.0,0.0,-1.680347561836243,-1.623232126235962,0.186309203505516,0.197260096669197,0.0003,49.313385009765625
1,540,216000,-0.00322487484441,67.8384091949463,0.4640060332417488,0.003876952920109,0.0322250000061467,0.6678383350372314,0.1918857097625732,-0.568041205406189,8.45534896850586,-59.10318756103516,64.37983703613281,17.445022583007812,14.670899391174316,0.5556772465974006,13.359664229510717,0.0961455106735229,0.8652074337005615,0.0,0.0,-1.6787198781967163,-1.6237462759017944,0.1866126954555511,0.1971587091684341,0.0003,37.75087356567383
1,550,220000,-0.0015627939342011,69.46068740844727,0.4692790380120277,0.0046874899417161,0.0150249999621883,0.6402032375335693,0.1907863169908523,-1.3257948160171509,8.438907623291016,-56.50667572021485,36.24580764770508,16.8486328125,14.068817138671877,0.6244492810037557,14.342504763796594,0.0836361870169639,0.7577036023139954,0.0,0.0,-1.6848076581954956,-1.6291686296463013,0.1854801028966903,0.1960925310850143,0.0003,27.52861213684082
1,560,224000,-0.0022939876206131,69.38249858856202,0.4820006275177002,0.0033491482026875,0.016875,0.6610352993011475,0.1895726919174194,0.90460866689682,8.447171211242676,-46.26664733886719,44.03022766113281,17.042678833007812,14.50888442993164,0.5906587977746283,12.720017642381208,0.0915095210075378,0.660490095615387,0.0,0.0,-1.6866092681884766,-1.639901638031006,0.1851462423801422,0.1939991265535354,0.0003,30.238574981689453
1,570,228000,-0.00137473246889,38.42935554504395,0.4909155279397964,0.0026903573889285,0.0169749999605119,0.7754380702972412,0.1889042407274246,1.283261775970459,6.245598316192627,-40.98817443847656,33.45332336425781,19.163936614990234,13.179713249206545,0.5645353021043603,9.688482488597169,0.1166462451219558,0.6300356984138489,0.0,0.0,-1.6886943578720093,-1.6448169946670532,0.1847605854272842,0.1930478811264038,0.0003,19.745641708374023
1,580,232000,-0.002347631606723,64.89083763122558,0.501506125330925,0.0059205722063779,0.0261250000027939,0.6809325814247131,0.1877295076847076,0.6067981123924255,8.242491722106934,-46.1662712097168,62.774261474609375,18.191648483276367,14.592082023620604,0.5664493626156539,12.54110491619846,0.0782256349921226,0.8642440438270569,0.0,0.0,-1.6934165954589844,-1.652508020401001,0.1838901489973068,0.1915688514709472,0.0003,21.57737922668457
1,590,236000,-0.0033157213304366,34.21626434326172,0.5086921262741089,0.0050983019173145,0.0466999999759718,0.8230360746383667,0.1877425014972686,0.1613412350416183,5.911823272705078,-45.67752456665039,26.89144515991211,18.715553283691406,14.053324699401855,0.5067551351148487,7.649187438621877,0.0923566073179245,0.6174907088279724,0.0,0.0,-1.6992237567901611,-1.6468303203582764,0.1828253865242004,0.1926596164703369,0.0003,18.83135032653809
1,600,240000,-0.0012007947906982,126.84036315917967,0.5069502520561219,0.0026607553008943,0.0074749999679625,0.5537256002426147,0.1878940165042877,-0.1831403821706771,11.42661190032959,-86.71353149414062,64.2850112915039,18.90184783935547,17.1047420501709,0.5941263457016658,17.020345931828352,0.0796808823943138,0.6986739039421082,0.0,0.0,-1.695556402206421,-1.648745894432068,0.1834970861673355,0.1922909170389175,0.0003,40.75672912597656
1,610,244000,-0.0019041450399861,110.26339294433592,0.5091184383630752,0.0034356873948127,0.0174000000953674,0.6267075538635254,0.1873074620962143,-0.8955032825469971,10.59169578552246,-91.69548797607422,61.1807861328125,17.28986167907715,17.33568000793457,0.5577929642002801,11.838519020867972,0.1037421151995658,0.7499913573265076,0.0,0.0,-1.6975098848342896,-1.6529932022094729,0.1831389963626861,0.1914759278297424,0.0003,43.666316986083984
1,620,248000,-0.001017605012119,67.78855922698975,0.5135951972007752,0.0010479234624654,0.0214750000275671,0.6886491179466248,0.1871908903121948,-0.1822390705347061,8.51218032836914,-44.55278015136719,40.63580322265625,14.507734298706056,15.255125045776367,0.5890990857254352,14.513890916041698,0.0486135743558406,0.8447554111480713,0.0,0.0,-1.6932390928268433,-1.6583184003829956,0.1839227974414825,0.1904589831829071,0.0003,34.48974609375
1,630,252000,-0.0011828630281138,211.57164611816407,0.5124831598997116,0.0037819587159901,0.0080499999783933,0.3590254783630371,0.1876021921634674,-2.5033421516418457,14.974929809570312,-94.8270263671875,60.19715118408203,16.174596786499023,18.70442771911621,0.6394121611865433,40.34223161017629,0.0718002542853355,0.9627427458763124,0.0,0.0,-1.6887198686599731,-1.6583735942840576,0.1847558766603469,0.1904484629631042,0.0003,102.96913146972656
1,640,256000,-0.0006917801404215,92.02592502593994,0.5025935345888137,0.0020835823379456,0.0062499999208375,0.5623623132705688,0.1887779831886291,-0.1165116876363754,9.721145629882812,-74.93099212646484,47.25398254394531,16.68531036376953,14.694679260253906,0.642003213797517,14.067009860677134,0.0734893307089805,0.6515946388244629,0.0,0.0,-1.6791380643844604,-1.6553703546524048,0.1865346729755401,0.1910212934017181,0.0003,41.74387741088867
1,650,260000,-0.0014324759118695,81.56298320770264,0.4928830009698868,0.0019049302209168,0.0154750000033527,0.5475451350212097,0.1894818842411041,0.5559560060501099,9.124226570129396,-52.33339309692383,62.520545959472656,16.658552169799805,13.564645767211914,0.5843288031883568,10.586058839960678,0.058748684823513,0.654199481010437,0.0,0.0,-1.6866405010223389,-1.640808343887329,0.1851404458284378,0.193823292851448,0.0003,37.00432205200195
1,660,264000,-0.0012768237040989,97.57749233245848,0.4961443674564361,0.0030487249605357,0.0125249999761581,0.4771859049797058,0.1878035515546798,-1.0854606628417969,9.99215316772461,-44.248985290527344,77.25372314453125,15.631675720214844,13.819281578063965,0.5550719001838165,13.51689872106888,0.0659441724419593,0.9248190522193908,0.0,0.0,-1.697291374206543,-1.648032784461975,0.1831790208816528,0.1924280822277069,0.0003,41.40283203125
1,670,268000,-0.0013294767528132,86.0133267211914,0.5064806824922562,0.0039298352785408,0.0331750000827014,0.4479528069496155,0.1880437433719635,0.285382866859436,9.46757698059082,-48.89625930786133,80.3076400756836,16.07489776611328,12.742384910583496,0.6251448085845458,10.675638542570054,0.0760083571076393,1.0237021446228027,0.0,0.0,-1.6955771446228027,-1.6471699476242063,0.183493286371231,0.1925941854715347,0.0003,58.889041900634766
1,680,272000,-0.0010367729932899,175.20806610107422,0.5041672801971435,0.004564743489027,0.0176249999692663,0.2204760313034057,0.1882089972496032,0.2155875265598297,13.466336250305176,-74.94464874267578,73.47413635253906,16.6722469329834,15.252278327941896,0.6286711993839528,16.203637845958234,0.0892890319228172,1.0078035593032837,0.0,0.0,-1.6963340044021606,-1.6447360515594482,0.1833544671535492,0.1930635124444961,0.0003,69.99752044677734
1,690,276000,-0.001706219339279,82.14639530181884,0.5078160905838013,0.0031711272895336,0.0220999999390915,0.4608523845672607,0.1870850324630737,-1.18270742893219,9.149386405944824,-60.46495819091797,35.677974700927734,14.60405445098877,12.460576057434082,0.6255176567503916,9.054878784801907,0.1072976291179657,0.851085901260376,0.0,0.0,-1.7030211687088013,-1.6500639915466309,0.1821324229240417,0.1920376121997833,0.0003,35.45847702026367
1,700,280000,-0.0047299643589067,80.104289894104,0.5211745768785476,0.0077310921624302,0.0523499999893829,0.4380093216896057,0.186109721660614,0.5146352648735046,9.041911125183104,-50.79533386230469,52.95661163330078,15.175277709960938,12.0613431930542,0.6400613066035512,8.874442680874315,0.1230582818388938,0.7300851941108704,0.0,0.0,-1.6997218132019043,-1.663444995880127,0.1827343553304672,0.1894850730895996,0.0003,45.45407104492188
1,710,284000,-0.0044262025629843,67.62021865844727,0.5302709782123566,0.0053442879579961,0.0440499999048188,0.469073474407196,0.1851861774921417,0.2159649133682251,8.314253807067871,-51.70840835571289,45.1795539855957,15.64919376373291,11.410536766052246,0.5740725498627921,8.43880658582436,0.1301988810300827,1.007390379905701,0.0,0.0,-1.7055131196975708,-1.6676326990127563,0.1816791445016861,0.1886932253837585,0.0003,33.677391052246094
1,720,288000,-0.002368150400382,60.634464263916016,0.5407153671979904,0.0045126704499125,0.035799999940209,0.5204374194145203,0.1840345710515976,-0.3541961908340454,7.874032497406006,-50.36215591430664,36.83424377441406,14.878422737121582,11.370368003845217,0.6475851392622219,9.02905999659505,0.064087338745594,1.0991965532302856,0.0,0.0,-1.7104085683822632,-1.6751652956008911,0.180791899561882,0.1872772127389907,0.0003,25.12418365478516
1,730,292000,-0.000660468632933,55.7552303314209,0.5522939032316208,0.0040324479341506,0.018724999949336,0.5283055901527405,0.1831393241882324,0.7789432406425476,7.624023914337158,-40.05582809448242,49.19635772705078,15.989048957824709,11.100790023803713,0.6476529694891443,9.084278152855704,0.0812901407480239,1.247750759124756,0.0,0.0,-1.7159403562545776,-1.679409384727478,0.1797945648431778,0.1864840686321258,0.0003,30.059728622436523
1,740,296000,-0.0009205894842292,129.79131874084473,0.5554441267251968,0.0041937339119613,0.018774999952875,0.4041453003883362,0.1837402880191803,-1.855110764503479,11.54160499572754,-82.90937805175781,49.66983795166016,14.006742477416992,14.95188808441162,0.6167614202561036,16.580409891315085,0.0738895386457443,0.7746148705482483,0.0,0.0,-1.7102545499801636,-1.6784621477127075,0.1808197647333145,0.1866608262062072,0.0003,80.31208038330078
1,750,300000,-0.0009659312716576,103.78004722595216,0.553582261800766,0.0024319000076502,0.015050000026822,0.5092111825942993,0.1829789876937866,-1.0538246631622314,10.392441749572754,-69.3584213256836,63.1927490234375,13.562658309936523,14.8344087600708,0.6633657162133573,17.439248535434526,0.083813838660717,0.9212368726730348,0.0,0.0,-1.7113142013549805,-1.6856187582015991,0.18062824010849,0.1853297054767608,0.0003,47.421424865722656
1,760,304000,-0.0048882320234531,58.25540943145752,0.5647457641363144,0.0067013017833232,0.0732750001735985,0.5411148071289062,0.1819263845682144,0.6446145176887512,7.836599349975586,-56.694766998291016,36.84052658081055,14.61831283569336,11.568462371826172,0.5703323833247135,9.484846158233417,0.1040875688195228,1.072194218635559,0.0,0.0,-1.7220704555511477,-1.686551213264465,0.1786957830190658,0.1851569861173629,0.0003,34.98836898803711
1,770,308000,-0.0007336363133657,193.6265584564209,0.5706795632839203,0.0016070228302851,0.0118999999994412,0.3757978677749634,0.1820307075977325,-1.49014151096344,13.919872283935549,-73.75808715820312,139.25755310058594,13.098816871643066,17.618650436401367,0.7961874508740153,19.23929641867987,0.0537789613008499,0.5573458075523376,0.0,0.0,-1.7106810808181765,-1.696528673171997,0.1807426363229751,0.1833187788724899,0.0003,103.58634185791016
1,780,312000,-0.0023891078430009,40.627242946624754,0.5700918316841126,0.0038476816844195,0.0410249999631196,0.6382474899291992,0.1819358468055725,1.1018341779708862,6.4586381912231445,-44.127838134765625,49.87370300292969,13.829756736755373,10.738289833068848,0.5939348103882095,8.191369752443018,0.0934692770242691,0.8036684989929199,0.0,0.0,-1.7104777097702026,-1.6977649927139282,0.1807793974876403,0.1830922812223434,0.0003,21.65023422241211
1,790,316000,-0.0014489873139769,97.5944422531128,0.5706416350603104,0.0043426686897873,0.0201750000892207,0.3505526185035705,0.1817394345998764,0.3058410584926605,10.037030220031738,-67.4912109375,54.67421722412109,14.681368827819824,12.45469856262207,0.6175873207464697,10.685464740522429,0.0628158375620842,0.7029673457145691,0.0,0.0,-1.7081798315048218,-1.702191710472107,0.1811952888965606,0.1822835654020309,0.0003,52.5948371887207
1,800,320000,-0.0021390816238754,151.73132247924804,0.5735488462448121,0.0050313724204897,0.0353500000853091,0.2760894894599914,0.1816225200891494,0.282766580581665,12.364563941955566,-93.19393920898438,62.79181671142578,14.081276893615724,14.532366752624512,0.6216041777106905,11.505684806621256,0.0833901762962341,0.4717901051044464,0.0,0.0,-1.699646234512329,-1.7120418548583984,0.1827481538057327,0.1804968565702438,0.0003,68.92123413085938
1,810,324000,-0.0023339842828467,256.2715007019043,0.571595333814621,0.0048108641058206,0.0179499999107792,0.2447476387023925,0.1821350157260894,-2.1788458824157715,16.41649055480957,-148.25889587402344,53.672325134277344,11.981156349182127,18.890100479125977,0.6150918426812804,35.4132715633548,0.083477109670639,1.2942413091659546,0.0,0.0,-1.69600248336792,-1.710060954093933,0.1834152787923813,0.1808547675609588,0.0003,137.31077575683594
1,820,328000,-0.0005548345026487,137.33786766052245,0.5692662334442139,0.0027270629070699,0.0019249999662861,0.1533196568489074,0.1817051768302917,0.7587562799453735,12.225857734680176,-58.28499603271485,59.94449234008789,12.359501838684082,13.286775588989258,0.6403339925847713,23.86363342741298,0.0634939223527908,1.3321226835250854,0.0,0.0,-1.6964317560195925,-1.7143884897232056,0.183336541056633,0.1800737977027893,0.0003,71.7371826171875
1,830,332000,-0.0017363089347235,96.65588081359864,0.5773624449968338,0.0028608893044292,0.0099750000191852,0.2851825356483459,0.1806946992874145,2.8392772674560547,9.839865684509276,-71.5020751953125,67.07174682617188,15.78321933746338,11.638354301452637,0.5706394456812647,16.337024814317484,0.0704277232289314,1.00275456905365,0.0,0.0,-1.708884835243225,-1.7130123376846311,0.1810675859451294,0.1803217828273773,0.0003,54.56639862060547
1,840,336000,-0.0038701564897688,61.4087463760376,0.5900922268629074,0.0058938711881637,0.0466250000009313,0.4300711154937744,0.1799114346504211,0.5882999300956726,7.987212657928467,-41.916778564453125,45.8878173828125,16.314220428466797,10.579981803894045,0.631827172028385,10.461993056620086,0.1243680343031883,0.7607038617134094,0.0,0.0,-1.7162550687789917,-1.7143269777297974,0.1797379851341247,0.1800848692655563,0.0003,38.38106918334961
1,850,340000,-0.0012610264345101,87.53997722625732,0.5906810307502747,0.0033797617070376,0.0270499999867752,0.3603947162628174,0.1804667711257934,0.8168820142745972,9.57053279876709,-63.0915641784668,65.77983093261719,16.793371200561523,11.966856956481934,0.6019810520337932,12.060926578040778,0.0609282366931438,0.9936735033988952,0.0,0.0,-1.7140204906463623,-1.710399866104126,0.1801400780677795,0.1807934641838073,0.0003,39.10043716430664
1,860,344000,-0.0012313535315363,77.49914356231689,0.5858064210414886,0.0036255891900509,0.0235750000132247,0.4400866627693176,0.1802882850170135,0.6669521331787109,8.927199363708496,-44.738895416259766,47.52833557128906,17.597095489501953,11.93039608001709,0.5944352053290323,8.452753548298714,0.0983039140701294,1.161090850830078,0.0,0.0,-1.725657343864441,-1.7008923292160034,0.1780559718608856,0.1825205832719802,0.0003,42.27763748168945
1,870,348000,-0.0004320410978361,69.25645122528076,0.5874127602577209,0.0039033181965351,0.0078249999694526,0.4839621186256408,0.1806273460388183,0.110419251024723,8.587043762207031,-38.24730682373047,53.287559509277344,18.769495010375977,11.953715324401855,0.5750239355898837,13.83760182123878,0.0613161846995353,0.7468991875648499,0.0,0.0,-1.7279317378997805,-1.6949782371520996,0.1776514500379562,0.1836032271385193,0.0003,36.611793518066406
1,880,352000,-0.0023012783797137,65.38884719848633,0.5797022700309753,0.0031667344737797,0.0261250000912696,0.593994677066803,0.1815912723541259,-0.6797611117362976,8.220324516296387,-37.827613830566406,32.35287857055664,17.540958404541016,12.900992393493652,0.5862623992579924,11.538569212278707,0.0694625228643417,0.6760004162788391,0.0,0.0,-1.7284327745437622,-1.6840533018112185,0.1775624603033065,0.1856200695037841,0.0003,29.02967071533203
1,890,356000,-0.0031235896425034,58.54999145507813,0.5747041922807693,0.0047517898492515,0.0456750003481283,0.6623259782791138,0.1815203875303268,1.8951462507247925,7.735983371734619,-44.12532424926758,66.88360595703125,19.28914451599121,13.31271743774414,0.6114473336607952,12.647561003856705,0.0922147333621978,1.1093343496322632,0.0,0.0,-1.7347679138183594,-1.6787899732589722,0.1764411628246307,0.1865996271371841,0.0003,28.27717018127441
1,900,360000,-0.0016262092013304,77.18511573791504,0.5774646836519242,0.0047660968266427,0.0229250001581385,0.5884526968002319,0.1808549016714096,0.5782228112220764,9.107133865356444,-37.15708160400391,53.667030334472656,20.19647026062012,14.196192741394045,0.6256382391647675,17.91899481728702,0.1005491390824318,1.0820037126541138,0.0,0.0,-1.7396981716156006,-1.6812753677368164,0.175573393702507,0.1861364245414734,0.0003,47.30781555175781
1,910,364000,-0.001807797041918,63.4692183303833,0.5833961313962936,0.0041515035554766,0.0232999999355524,0.673172116279602,0.1809510886669159,0.5946934223175049,8.014810562133789,-42.52954864501953,58.5118293762207,20.262035369873047,14.019539833068848,0.6233473126161715,9.978670134005135,0.0654752701520919,1.0190954208374023,0.0,0.0,-1.7385406494140625,-1.6813344955444336,0.1757767349481582,0.1861254125833511,0.0003,34.40068435668945
1,920,368000,-0.0013482766203334,170.97868591308594,0.5771167075634003,0.0042057177051901,0.0167250000545755,0.4732407331466675,0.181676760315895,0.7945917844772339,13.141053199768066,-90.33529663085938,82.94935607910156,20.920093536376957,18.10606575012207,0.6620567827475022,22.724620797840085,0.0816375613212585,0.7802443504333496,0.0,0.0,-1.732282638549805,-1.6794670820236206,0.1768801808357238,0.1864733099937439,0.0003,83.24671173095703
1,930,372000,-0.001487221485827,150.13245429992676,0.5718679869174957,0.0027447661850601,0.0120250000245869,0.5417476892471313,0.1820427328348159,-1.6866905689239502,12.442927360534668,-76.26854705810547,53.92464447021485,19.50014305114746,18.381046295166016,0.6813196473706405,23.451961832838226,0.0811209008097648,1.1316215991973877,0.0,0.0,-1.728191614151001,-1.679430365562439,0.1776052862405777,0.186480164527893,0.0003,80.52489471435547
1,940,376000,-0.0024554612440942,119.30024871826171,0.5690839213132858,0.0039659701287746,0.024375000083819,0.5941818952560425,0.1821393817663192,-0.3452827036380768,11.037923812866213,-63.25764465332031,71.82292938232422,18.046499252319336,17.32693099975586,0.6270107422001463,14.385499054269198,0.0717073604464531,1.121406078338623,0.0,0.0,-1.7271406650543213,-1.679395318031311,0.1777920573949813,0.1864866912364959,0.0003,63.42941284179688
1,950,380000,-0.0015826218255606,185.0489306640625,0.567711769938469,0.0033182043116539,0.0110249999444931,0.4951632022857666,0.1822564750909805,-0.6491597890853882,13.976957321166992,-66.75970458984375,70.25186157226562,19.520862579345703,19.671483993530277,0.668963167852122,30.707601672733063,0.0739178359508514,1.0622042417526243,0.0,0.0,-1.7281948328018188,-1.6771374940872192,0.1776047199964523,0.1869082301855087,0.0003,86.85971069335938
1,960,384000,-0.0024153846725799,188.00315650939945,0.5671822094917297,0.0048355464823544,0.0262750001996755,0.4274592399597168,0.1823635101318359,-1.180325627326965,14.445115089416504,-143.87168884277344,82.4400863647461,17.545734405517578,19.09052276611328,0.6754653752872366,48.92864366602302,0.0643598884344101,1.184078574180603,0.0,0.0,-1.727175235748291,-1.6769616603851318,0.1777859032154083,0.1869411021471023,0.0003,79.90050506591797
1,970,388000,-0.0018354003775297,110.9240264892578,0.5691538059711456,0.0043857838027179,0.0282750000758096,0.6458641290664673,0.1817654371261596,1.278322458267212,10.648051261901855,-48.0414924621582,70.5284194946289,17.60751724243164,17.893083572387695,0.683839380847136,17.0504212412071,0.0621322765946388,1.060610055923462,0.0,0.0,-1.7344874143600464,-1.676431655883789,0.1764906346797943,0.1870402097702026,0.0003,63.74611282348633
1,980,392000,-0.0010235268222255,95.47205841064454,0.5738046026229858,0.0029284628108143,0.0239000000944361,0.6145151853561401,0.1817414760589599,0.4738170206546783,10.106486320495604,-52.03553009033203,78.82361602783203,17.871295928955078,16.277833938598633,0.6549936640357575,18.99216384953148,0.0803813859820365,0.8540382385253906,0.0,0.0,-1.7373274564743042,-1.674014687538147,0.1759901046752929,0.1874928176403045,0.0003,43.38798904418945
1,990,396000,-0.0014088289706545,73.09027683258057,0.5723781037330627,0.0024565721396356,0.0260249999910593,0.5862850546836853,0.1819141209125518,1.9498870372772217,8.795351028442383,-31.66830825805664,66.5948486328125,20.03160858154297,13.674220085144045,0.5987082843819543,18.212484455730763,0.0754312053322792,0.8568506240844727,0.0,0.0,-1.735252022743225,-1.6741230487823486,0.1763557493686676,0.1874725073575973,0.0003,40.522708892822266
1,1000,400000,-0.0020478867726807,356.7474153137207,0.5708594530820846,0.003815732197836,0.0195749999722465,0.2956409454345703,0.1819365322589874,-0.2271391600370407,19.141815185546875,-205.653076171875,115.73445129394533,17.88981056213379,22.807939529418945,0.7276209217208173,33.97673665727906,0.0730830281972885,1.21314537525177,0.0,0.0,-1.7330272197723389,-1.6759809255599976,0.1767485439777374,0.1871245205402374,0.0003,183.40489196777344
1,1010,404000,-1.435514512850844e-05,160.02434844970702,0.5729390144348144,0.0027917395345866,0.0028499999735504,0.54502272605896,0.1813728213310241,-4.04660701751709,12.663328170776367,-80.1644287109375,110.8581085205078,15.124963760375977,18.773836135864254,0.6685637700722392,27.510863995387,0.0494276396930217,1.1106133460998535,0.0,0.0,-1.7356300354003906,-1.679556965827942,0.1762890964746475,0.186456561088562,0.0003,54.71726608276367
1,1020,408000,-0.0021519350845104,102.4957682800293,0.5810452508926391,0.0087266573682427,0.0424750002101063,0.6300646066665649,0.180697500705719,-1.1773720979690552,10.380837440490724,-69.30552673339844,69.57542419433594,13.515954971313477,17.067480087280273,0.6697829220489774,18.060142199359685,0.0921400263905525,1.368699073791504,0.0,0.00025,-1.739811897277832,-1.6828606128692627,0.175553411245346,0.1858415901660919,0.0003,53.47457504272461
1,1030,412000,-0.001328030334282,161.77539604187012,0.5859053057432174,0.003871354041621,0.0322749999538064,0.5020756721496582,0.1804471760988235,-0.9164049625396729,12.855603218078612,-82.92744445800781,62.25911712646485,13.861875534057615,18.21842384338379,0.6024113044614787,16.487344826046844,0.0657331570982933,0.9094836711883544,0.0,0.0,-1.7412290573120115,-1.6842178106307983,0.1753048151731491,0.1855895370244979,0.0003,69.20256805419922
1,1040,416000,-0.0019880799386395,64.72388446807861,0.5904640328884124,0.0057734618894755,0.0357750000664964,0.6975698471069336,0.1798471808433532,-0.940212905406952,8.208857536315918,-59.179664611816406,40.11830139160156,12.470663070678713,14.926919937133787,0.6222635424907608,12.564352994618128,0.0832588076591491,1.1132259368896484,0.0,0.0,-1.7444652318954468,-1.6876375675201416,0.1747384071350097,0.1849559545516967,0.0003,39.9815559387207
1,1050,420000,-0.0037812229877585,193.88896644592285,0.5908263915777207,0.0061620408669114,0.0537749996595084,0.4561750292778015,0.1804623901844024,-1.2642414569854736,14.070066452026367,-148.9550323486328,97.9445343017578,11.726597785949709,19.07948303222656,0.6199674486674877,20.53204596975643,0.1149104163050651,1.3737279176712036,0.0,0.0,-1.7413259744644165,-1.6839622259140017,0.1752878278493881,0.185636967420578,0.0003,83.7370376586914
1,1060,424000,-0.0031994254320306,88.82158855438233,0.5924235981702805,0.0034122909419238,0.0214999999385327,0.4097622632980346,0.179146409034729,1.5035566091537476,9.937580108642578,-44.53402328491211,66.38484191894531,12.559223175048828,12.93502140045166,0.6042224474224416,19.58390162583601,0.0737216547131538,1.202370285987854,0.0,0.0,-1.7511301040649414,-1.6889402866363523,0.173577681183815,0.1847151517868042,0.0003,43.48098373413086
1,1070,428000,-0.0010589435363966,165.38399642944336,0.6025026017427444,0.0051668714731931,0.0326500000758096,0.2549120187759399,0.1791955977678299,0.9378076195716858,13.141757011413574,-84.9044189453125,138.03182983398438,12.726483345031738,15.224732398986816,0.7021716160750714,16.044257302779787,0.079035460948944,0.924428403377533,0.0,0.0,-1.7488560676574707,-1.6905484199523926,0.1739728301763534,0.1844183504581451,0.0003,84.3480224609375
1,1080,432000,-0.0024810386138102,90.55177013397216,0.6014867830276489,0.0060735181905329,0.0529750000266358,0.4286007285118103,0.1792919486761093,-0.6324417591094971,9.762677192687988,-85.7545394897461,51.177364349365234,12.246708869934082,12.915139198303224,0.7039303137917456,10.358480349089785,0.1192694678902626,1.459240198135376,0.0,0.0,-1.7434271574020386,-1.694647192955017,0.1749199032783508,0.183664008975029,0.0003,44.0723876953125
1,1090,436000,-0.00195067872092,132.35238746643066,0.5994186294078827,0.003100385190919,0.0277999999560415,0.435107946395874,0.1794027090072631,-1.6396042108535769,12.319037437438965,-111.86135864257812,57.93694305419922,10.819870948791504,16.39056968688965,0.717195042461706,28.753106848786743,0.0652248784899711,1.8884588479995728,0.0,0.0,-1.74598228931427,-1.6910172700881958,0.1744735240936279,0.1843319088220596,0.0003,61.04904174804688
1,1100,440000,-0.002230757598298,243.210125579834,0.5998320466279984,0.0038065225817263,0.0173999999882653,0.2600564360618591,0.1791510581970214,1.9150160551071167,16.14707374572754,-49.14237976074219,125.33639526367188,7.430261135101318,18.77130699157715,0.6608779325232663,37.340282237139775,0.0410908199846744,1.5481135845184326,0.0,0.0,-1.7496954202651978,-1.6902400255203247,0.1738268733024597,0.1844752430915832,0.0003,106.43184661865234
1,1110,444000,-0.0026642875572077,119.4311385345459,0.6055979597568512,0.0039844615384936,0.0310999999847263,0.3964173197746277,0.1784548461437225,0.2276489287614822,11.221606254577637,-88.32486724853516,54.023738861083984,11.68562126159668,14.44397258758545,0.6891210046740093,17.14427236233104,0.0818337947130203,1.1878899335861206,0.0,0.0,-1.7558608055114746,-1.6919978857040403,0.172758474946022,0.1841512471437454,0.0003,45.74031829833984
1,1120,448000,-0.0019808147862604,188.3784894561768,0.6131371241807938,0.0052830674685537,0.0224250000156462,0.3986682295799255,0.1779236495494842,0.7266548871994019,13.858101844787598,-112.4163818359375,75.38310241699219,10.751951217651367,17.87091064453125,0.672934554884058,23.627907522718942,0.0597750321030616,0.6296210289001465,0.0,0.0,-1.7595701217651367,-1.6942964792251587,0.1721188426017761,0.18372842669487,0.0003,90.54295349121094
1,1130,452000,-0.0014715691048757,147.01829956054686,0.6146979939937591,0.0040693571791052,0.0200000000884756,0.1640026569366455,0.1782339364290237,0.9636698961257936,12.601457595825195,-59.09204864501953,124.95404052734376,13.187512397766112,13.782193183898926,0.704015754045444,28.26885345777194,0.0525272637605667,0.9179747104644777,0.0,0.0,-1.763070821762085,-1.6876670122146606,0.1715173572301864,0.184950515627861,0.0003,56.59168243408203
1,1140,456000,-0.0004280278739439,88.45952991485596,0.6111382079124451,0.0025404496118426,0.0266999999945983,0.2574974298477173,0.1782761812210083,0.9468886852264404,9.487565994262695,-55.335227966308594,70.01396942138672,15.53481674194336,11.010468482971191,0.6294239439515866,8.659532362320709,0.1251358687877655,0.97700035572052,0.0,0.0,-1.7605977058410645,-1.6895081996917725,0.1719420701265335,0.1846103072166443,0.0003,48.10236740112305
1,1150,460000,-0.0023280227180897,176.15747314453125,0.6123319852352143,0.0042347935959696,0.0291250000055879,0.2589982748031616,0.1780323684215545,1.4614418745040894,13.372102737426758,-55.78119659423828,83.96987915039062,16.106029510498047,15.534242630004885,0.7151241034932397,15.352905265822992,0.0686336681246757,0.8981730937957764,0.0,0.0,-1.764668345451355,-1.6883665323257446,0.1712435632944107,0.1848211586475372,0.0003,92.894775390625
1,1160,464000,-0.0021762242238001,129.55636863708497,0.617743369936943,0.003514954354614,0.0258249999023973,0.3960400819778442,0.1775023788213729,-0.9594296813011168,11.760062217712402,-96.93378448486328,52.392333984375,13.273974418640137,15.132322311401367,0.7546773886666865,21.06219057088825,0.0531899183988571,1.0459522008895874,0.0,0.0,-1.7706475257873535,-1.6885783672332764,0.1702227443456649,0.1847820281982422,0.0003,59.699798583984375
1,1170,468000,-0.0022025004339608,62.868926200866696,0.6362283444404602,0.0041392045095562,0.0236749999923631,0.6239438056945801,0.1744152605533599,0.8905400037765503,8.127178192138672,-44.043922424316406,74.3310546875,15.241646766662598,13.25297737121582,0.67709204696069,12.27669903464946,0.0742369145154953,0.773278534412384,0.0,0.0,-1.787298560142517,-1.706947684288025,0.1674118191003799,0.1814186871051788,0.0003,25.27692985534668
1,1180,472000,-0.0004835425754805,80.4814469909668,0.6547958832979203,0.0035837977193295,0.027549999943003,0.358256459236145,0.1750936806201934,0.7891302704811096,9.264729499816896,-64.01466369628906,45.64216232299805,17.044050216674805,11.56516933441162,0.6560326403598299,13.376356153849734,0.0666926205158233,0.7269189357757568,0.0,0.0,-1.781705021858215,-1.704647421836853,0.1683508604764938,0.1818364858627319,0.0003,31.22730827331543
1,1190,476000,-0.0007647776282901,115.30319869995115,0.6523220330476761,0.0031141068320721,0.0190999999409541,0.3892778754234314,0.1739883571863174,2.372206211090088,10.785516738891602,-53.346561431884766,62.84754943847656,18.088546752929688,13.80127239227295,0.6739517171688699,17.64085770107008,0.0538028925657272,0.7467959523200989,0.0,0.0,-1.7895276546478271,-1.7096027135849,0.1670390516519546,0.1809376627206802,0.0003,45.532073974609375
1,1200,480000,-0.002402288642204,114.6020376586914,0.6665325009822846,0.004637642763555,0.031475000004284,0.3798691630363464,0.1731416583061218,0.7643871307373047,10.82507610321045,-64.790283203125,60.79682922363281,18.664159774780277,13.746408462524414,0.7553373095686802,13.234452020425207,0.0740563198924064,1.004588961601257,0.0,0.0,-1.7981606721878052,-1.7110272645950315,0.165603220462799,0.1806800812482834,0.0003,71.1781005859375
1,1210,484000,-0.0019248390782515,105.80530448913574,0.6745291823148727,0.0045955092646181,0.0298250001017004,0.4667399525642395,0.1724087744951248,-1.6207724809646606,10.572254180908203,-90.288330078125,54.73487091064453,17.659605026245117,14.47765064239502,0.7424413613240582,19.70105780288913,0.0681575089693069,1.2148096561431885,0.0,0.0,-1.805131793022156,-1.7127739191055298,0.164452776312828,0.1803647726774215,0.0003,44.82308578491211
1,1220,488000,-0.0019867364748725,117.16229507446288,0.6904812777042388,0.0026726329233497,0.0304999999469146,0.4359529614448547,0.1706384122371673,-0.1025072038173675,10.85832977294922,-66.23380279541016,55.60686111450195,19.50930976867676,14.457904815673828,0.722060015617257,10.820463438940893,0.090323269367218,0.7591642141342163,0.0,0.0,-1.8220961093902588,-1.7170768976211548,0.1616864800453186,0.1795903295278549,0.0003,53.062774658203125
1,1230,492000,-0.0024368665195714,88.24518051147462,0.6982164537906647,0.0028286222368478,0.0220500000147148,0.4640557765960693,0.1714197695255279,1.6526120901107788,9.60781192779541,-52.069950103759766,57.45183563232422,21.54732131958008,13.123952865600586,0.7124865619103125,15.769053257800657,0.0706231147050857,1.329541802406311,0.0,0.0,-1.826695799827576,-1.7043254375457764,0.1609444916248321,0.1818950325250625,0.0003,31.611177444458008
1,1240,496000,-0.0006482408789434,151.23564414978028,0.6969032669067383,0.0042568524368107,0.0103250000393018,0.4274022579193115,0.1706287860870361,-1.0329865217208862,12.513800621032717,-98.65531158447266,69.97113800048828,21.409523010253903,16.53729248046875,0.7147444611153613,20.46070343435374,0.0598692670464515,0.8001693487167358,0.0,0.0,-1.8291791677474976,-1.710849046707153,0.1605452895164489,0.1807122826576233,0.0003,86.70948791503906
1,1250,500000,-0.0008884114207292,124.13427017211914,0.7061485278606415,0.0028725704178214,0.023949999990873,0.5016694068908691,0.1699915826320648,0.4496603608131408,11.238635063171388,-96.4639129638672,70.64339447021484,19.635046005249023,15.920430183410645,0.8252037336049628,13.45311099235009,0.0651923269033432,0.8543683290481567,0.0,0.0,-1.8322491645812988,-1.7151875495910645,0.1600531637668609,0.1799299716949463,0.0003,63.96087646484375
1,1260,504000,-0.0030731833966419,114.04666625976564,0.722207846045494,0.0048368396237492,0.0415249999472871,0.5576730966567993,0.16754150390625,0.4618059992790222,10.875178337097168,-66.98774719238281,70.60065460205078,20.878562927246094,16.351768493652344,0.7423038643030057,13.77090885098693,0.0813875049352645,1.4515659809112549,0.0,0.0,-1.8394333124160769,-1.736274242401123,0.1589074432849884,0.1761755645275116,0.0003,54.406497955322266
1,1270,508000,-0.0019133255957123,115.49584785461424,0.7380837434530259,0.0033939369022846,0.0275999999791383,0.5632412433624268,0.1676385253667831,-2.883011817932129,10.836708068847656,-87.01332092285156,76.42314910888672,18.6701602935791,16.397459030151367,0.7673778261946922,22.150618671838117,0.0709859952330589,1.0342810153961182,0.0,0.0,-1.835324764251709,-1.7388898134231567,0.1595616787672042,0.1757153570652008,0.0003,61.50371551513672
1,1280,512000,-0.00165702914145,71.72351879119873,0.7337434768676758,0.0052879825234413,0.0381499999156221,0.5820586681365967,0.168171688914299,0.3218305706977844,8.728654861450195,-35.458499908447266,66.90478515625,19.30811309814453,13.501738548278809,0.6993462461473403,11.726019358372897,0.0749595463275909,0.9351562857627868,0.0,0.0,-1.8342297077178955,-1.7338290214538574,0.1597364991903305,0.1766068637371063,0.0003,29.74530601501465
1,1290,516000,-0.0015999793365403,134.42403343200684,0.7367523801326752,0.0053150160238146,0.0194249998638406,0.5171297788619995,0.1668055653572082,-0.8099784255027771,11.817338943481444,-69.02762603759766,65.39281463623047,19.058202743530277,17.006088256835938,0.7402052969438203,19.263931455314104,0.0797217786312103,0.7887334227561951,0.0,0.0,-1.8447322845458984,-1.739868402481079,0.1580676287412643,0.1755435019731521,0.0003,54.98907470703125
1,1300,520000,-0.0043726454502786,121.3657911682129,0.7538824599981307,0.0047141499817371,0.0496499999286606,0.5733442306518555,0.16580531001091,-0.5977979302406311,11.09195041656494,-71.95834350585938,64.03710174560547,17.439199447631836,16.981229782104492,0.7251139416603669,13.966715321908922,0.0499904192984104,0.5940682888031006,0.0,0.0,-1.8526201248168943,-1.744199275970459,0.1568257212638855,0.1747848838567733,0.0003,79.37996673583984
1,1310,524000,-0.0018029038588632,123.84781196594238,0.7613508266210556,0.0024133860133588,0.0363499997230246,0.5789058804512024,0.1653947532176971,-1.8972597122192385,11.18730640411377,-99.29444122314452,73.57444763183594,15.807720184326172,17.239948272705078,0.8340113661861084,18.36565983897234,0.0463144332170486,0.6280298233032227,0.0,0.0,-1.852445363998413,-1.7490657567977903,0.1568531394004821,0.1739363670349121,0.0003,53.66581726074219
1,1320,528000,-0.000850581955093,170.99897727966308,0.7663225704431533,0.0043499316088855,0.0289999999757856,0.4952781796455383,0.164859801530838,-1.1533817052841189,13.09521198272705,-82.47175598144531,75.21263885498047,16.83686065673828,18.43259620666504,0.8028234405888454,21.27884127599415,0.0697676613926887,0.4923100471496582,0.0,0.0,-1.8607516288757324,-1.7477582693099976,0.1555556654930114,0.1741639375686645,0.0003,99.38933563232422
1,1330,532000,-0.0008456109354462,169.38097358703612,0.7743292993307114,0.0023477964568883,0.0094249999290332,0.2902476191520691,0.1643622517585754,1.0045273303985596,13.430657386779783,-61.73183441162109,81.6654281616211,16.267927169799805,15.942039489746094,0.748886648024284,23.18775489326418,0.0485691949725151,1.1314817667007446,0.0,0.0,-1.866300702095032,-1.7485296726226809,0.1546948701143264,0.1740296334028244,0.0003,83.2156982421875
1,1340,536000,-0.0010913586743949,126.41817283630373,0.7762923842668533,0.0030545862391591,0.017949999901466,0.4759902954101562,0.1644594818353653,-1.1326333284378052,11.272177696228027,-67.0696792602539,63.37248992919922,13.664470672607422,15.571776390075684,0.7533065570166394,11.844718933897022,0.0582336671650409,0.4544334709644317,0.0,0.0,-1.86781644821167,-1.7460689544677734,0.1544605791568756,0.1744583994150161,0.0003,57.863399505615234
1,1350,540000,-0.0001050899027715,118.52737190246582,0.7811428219079971,0.005274205468595,0.019824999962002,0.4688073396682739,0.1634505242109298,1.2052301168441772,10.941688537597656,-63.96976089477539,69.56646728515625,15.613398551940918,15.012682914733888,0.7279929740324911,11.22050956087145,0.0496109053492546,0.5895275473594666,0.0,0.0,-1.8734477758407595,-1.752685785293579,0.1535931974649429,0.1733078360557556,0.0003,52.513309478759766
1,1360,544000,-0.001398038844109,202.90634422302247,0.7944234770536422,0.0043884352780878,0.0175749998772516,0.17843097448349,0.1624796390533447,1.833444714546204,14.532163619995115,-60.195430755615234,93.7828598022461,17.11825180053711,16.032758712768555,0.7146951596660517,24.783177283681457,0.0752449780702591,0.8938627243041992,0.0,0.0,-1.8810547590255735,-1.7571837902069092,0.1524292528629303,0.1725300699472427,0.0003,89.98301696777344
1,1370,548000,-0.0019621561823412,88.94861591339111,0.7945485138893127,0.0040063452906906,0.036925000003539,0.4706922769546509,0.1635541170835495,-0.9470505714416504,9.484249114990234,-48.41554641723633,49.84360885620117,15.8955078125,13.036134719848633,0.715243730959558,9.987703432140725,0.0623676963150501,0.4434522092342376,0.0,0.0,-1.8688453435897827,-1.7555826902389526,0.1543017327785492,0.1728065311908722,0.0003,49.46232986450195
1,1380,552000,-0.0011525420147751,108.69133781433104,0.7893752199411392,0.004350178875029,0.0208249999862164,0.3854227066040039,0.1625625640153885,-1.190887689590454,10.50493621826172,-82.13536834716797,72.77655029296875,15.254302024841309,13.400012016296388,0.7540487087663101,11.906504620906157,0.0898312330245971,0.7155603170394897,0.0,0.0,-1.862436890602112,-1.7729490995407104,0.155293732881546,0.1698313951492309,0.0003,59.18491744995117
1,1390,556000,-0.0029115584536397,93.90617294311524,0.7999294400215149,0.0049604433588683,0.0361249999469146,0.4197788834571838,0.1620643138885498,0.1040224879980087,9.784628868103027,-51.19903564453125,94.17364501953124,15.145777702331545,12.845398902893066,0.7414430369016871,10.399292672944553,0.098555788397789,0.9889548420906068,0.0,0.0,-1.8682090044021609,-1.7735540866851809,0.1543999463319778,0.1697286814451217,0.0003,50.58902359008789
1,1400,560000,-0.0010467601965304,78.06742588043213,0.809739156961441,0.0036066598258912,0.0173249999806284,0.4464231133460998,0.1610216200351715,-0.2586576044559479,8.999537467956543,-62.70614242553711,61.301025390625,14.404552459716797,12.095705032348633,0.7003757213768182,9.756181900682702,0.071600429713726,0.8939871788024902,0.0,0.0,-1.8664813041687007,-1.7875107526779177,0.154666930437088,0.1673762947320938,0.0003,31.237876892089844
1,1410,564000,-0.0005332405776905,75.00608753204345,0.8232855331897736,0.0024249297566711,0.0270249999919906,0.4775946140289306,0.1598370671272277,1.7536743879318235,8.672048568725586,-47.08295440673828,61.79998779296875,16.36467933654785,11.998249053955078,0.737142298365614,11.968475154447178,0.0611800104379653,0.8292866349220276,0.0,0.0,-1.868810057640076,-1.799588322639465,0.1543071717023849,0.1653669625520706,0.0003,41.5539436340332
1,1420,568000,-0.0006300747048138,137.6249343109131,0.8357722103595734,0.0055079092271625,0.0175249999761581,0.2969708442687988,0.1591128408908844,0.984470546245575,11.782588958740234,-79.29656219482422,87.27765655517578,17.020227432250977,14.052515029907228,0.7688751286302146,12.214803963820405,0.0552219934761524,0.5922162532806396,0.0,0.0,-1.8703243732452397,-1.806962490081787,0.1540736705064773,0.1641519963741302,0.0003,87.39875793457031
1,1430,572000,-0.0017269003068056,64.70813480377197,0.8446925753355026,0.0044556660577654,0.0426750001497566,0.5337605476379395,0.1581328213214874,-0.3255453705787658,8.156989097595215,-57.34871292114258,31.61742782592773,16.694320678710938,11.94607925415039,0.6583363106695073,8.002676756099728,0.0813570693135261,0.7360954284667969,0.0,0.0,-1.8766323328018188,-1.8130191564559937,0.1531048417091369,0.1631607711315155,0.0003,32.805110931396484
1,1440,576000,-0.0039994585959124,96.69368698120115,0.8511513847112656,0.0059730941429734,0.0461500000068917,0.4488082528114319,0.1581148207187652,-0.2774198055267334,10.108891487121582,-71.0534896850586,49.41512680053711,16.798070907592773,13.616083145141602,0.704358948687511,15.503463059594514,0.0958160907030105,0.8006265163421631,0.0,0.0,-1.8744103908538816,-1.8153295516967771,0.1534454077482223,0.1627842634916305,0.0003,44.76895904541016
1,1450,580000,-0.0004977545674671,169.49084732055664,0.8563678532838821,0.0022540534846484,0.0073499999148771,0.3741177320480346,0.1572140753269195,-0.6613021492958069,13.22087287902832,-77.51139831542969,57.47882843017578,16.395614624023438,16.711437225341797,0.7406562383953608,18.59203441145745,0.0668986961245536,0.6944661140441895,0.0,0.0,-1.8816226720809937,-1.8196316957473757,0.1523427069187164,0.1620854288339615,0.0003,87.12446594238281
1,1460,584000,-0.0010515347116539,72.5421770477295,0.8636127161979675,0.0025040488690137,0.0227749999798834,0.630711555480957,0.157407134771347,0.5749990344047546,8.656509399414062,-47.04393768310547,53.6787109375,16.661977767944336,14.244916915893556,0.7056709333841955,9.458441536203912,0.0691603943705558,1.0864102840423584,0.0,0.0,-1.8892277479171755,-1.810173511505127,0.1511885225772857,0.1636257469654083,0.0003,37.87464141845703
1,1470,588000,-0.0006378824693558,108.05439094543458,0.864304610490799,0.0042653596028685,0.0131750000407919,0.5650963187217712,0.1568127870559692,-1.4286363124847412,10.545490264892578,-60.64213562011719,53.988075256347656,15.12686538696289,15.990800857543944,0.8058495429228367,18.19270027697696,0.0477760136127471,0.7150185108184814,0.0,0.0,-1.8934812545776367,-1.8135219812393188,0.1505468040704727,0.1630787700414657,0.0003,55.160064697265625
1,1480,592000,-0.0010864763304103,90.5483553314209,0.8713063794374466,0.003030429361388,0.0222999999159947,0.5151772499084473,0.1564479172229766,0.0035462342202663,9.76206111907959,-59.42741775512695,59.500606536865234,15.027909278869627,14.020065307617188,0.7510579927134561,12.370509736450911,0.0625781938433647,0.8592769503593445,0.0,0.0,-1.8976805210113523,-1.814128398895264,0.1499159485101699,0.1629799157381057,0.0003,39.974605560302734
1,1490,596000,-0.0010756424864121,141.64884353637694,0.8839725881814957,0.0061643323861062,0.0393499999074265,0.4037637710571289,0.1549026668071746,0.3259888887405395,11.934886932373049,-76.80032348632812,86.13914489746094,14.770689010620115,15.456428527832031,0.7745695365386308,9.428744521383674,0.1040231138467788,0.6262144446372986,0.0,0.0,-1.9066321849823,-1.8249518871307373,0.148579940199852,0.1612254083156585,0.0003,78.8664321899414
1,1500,600000,-0.0010294988794179,135.94855072021485,0.8988121694326401,0.0037624295800924,0.0157999999681487,0.3881471753120422,0.1538910269737243,-2.635434150695801,11.751923561096191,-71.66268157958984,65.79177856445312,12.535470962524414,15.023996353149414,0.7990650290300607,21.65166909763293,0.0868536010384559,0.6813043355941772,0.0,0.0,-1.9175772666931152,-1.8274729251861568,0.1469625830650329,0.1608194559812545,0.0003,55.93045425415039
1,1510,604000,-0.0009777917486717,62.16745719909668,0.9077146935462952,0.0064550535753369,0.0286499999044463,0.5348431468009949,0.1539504826068878,1.6863460540771484,7.993119716644287,-43.53014373779297,50.43650817871094,14.394149780273438,11.71970272064209,0.7488964236738826,12.062881606436274,0.0806543380022049,0.7883044481277466,0.0,0.0,-1.917088508605957,-1.82718026638031,0.1470344215631485,0.1608665287494659,0.0003,31.85329818725586
1,1520,608000,0.0001037024551274,87.13074550628662,0.9076911956071854,0.0033766676206141,0.0089499999769032,0.4229354858398437,0.1537370681762695,2.823787212371826,9.421184539794922,-37.53992462158203,49.07366943359375,17.1743221282959,12.40204620361328,0.6799190130093116,17.836938008602278,0.0616098083555698,0.96463942527771,0.0,0.0,-1.9173283576965328,-1.829617261886597,0.1469991654157638,0.1604749858379364,0.0003,51.55849075317383
1,1530,612000,-0.0013626056652283,175.45520057678223,0.9040000319480896,0.0022474571596831,0.0081749999476596,0.2895816564559936,0.1546187847852707,-1.2283210754394531,13.410589218139648,-107.7093276977539,65.96379089355469,16.62180519104004,15.910754203796388,0.7811781955398941,18.947981048731524,0.0576659813523292,0.7684857249259949,0.0,0.0,-1.9097574949264529,-1.8255980014801023,0.1481162905693054,0.1611212641000747,0.0003,98.11334228515624
1,1540,616000,-0.0032267816532961,75.52222816467285,0.8898301070928574,0.0057394774630665,0.0423749999748542,0.4838511347770691,0.1555265188217163,0.2977381348609924,8.738895416259766,-52.47978973388672,68.90043640136719,17.16196632385254,12.16379451751709,0.7095210786071026,8.857749575250294,0.1045584306120872,0.71202152967453,0.0,0.0,-1.902745246887207,-1.8208106756210327,0.1491585671901703,0.1618944704532623,0.0003,35.59394454956055
1,1550,620000,-0.0015142637605153,91.78320854187012,0.8832504969835281,0.0049998476170003,0.0262000001175329,0.4369135499000549,0.1559934765100479,-0.6846135258674622,9.64012622833252,-43.21697616577149,51.08494567871094,15.984210968017578,12.846806526184082,0.7857259391917043,9.172094967225824,0.0901126414537429,0.8843562602996826,0.0,0.0,-1.8942004442214968,-1.8229506015777588,0.1504385769367218,0.1615483909845352,0.0003,46.33474349975586
1,1560,624000,-0.0024242361022188,75.39783203125,0.8763392525911331,0.0036256075836718,0.043749999962747,0.503747820854187,0.1565750688314438,-1.0948466062545776,8.774484634399414,-57.71944427490234,35.85829544067383,15.423745155334473,12.455764770507812,0.7369729681676014,11.794755485834749,0.0812842547893524,0.7871144413948059,0.0,0.0,-1.889452338218689,-1.8201862573623655,0.1511545777320861,0.1619955748319625,0.0003,41.457305908203125
1,1570,628000,-0.002033942939536,81.93214496612549,0.879062882065773,0.0039528366178274,0.0414500000653788,0.4226170778274536,0.1551979631185531,0.0960767790675163,9.17166233062744,-49.26097869873047,66.96533203125,15.827163696289062,12.070244789123535,0.7292598573282237,7.852335067001553,0.0517554022371768,1.198303461074829,0.0,0.0,-1.9028397798538208,-1.824790358543396,0.1491444855928421,0.1612514555454254,0.0003,43.68177032470703
1,1580,632000,-0.0002204004474515,137.48805335998534,0.8973819917440414,0.0047750575467944,0.0236999998614192,0.2963977456092834,0.1539675295352935,1.0422773361206057,11.75994110107422,-91.012939453125,58.911842346191406,16.61899757385254,14.01979160308838,0.786121988308199,8.794322760793913,0.0730147063732147,0.4899371862411499,0.0,0.0,-1.9076005220413208,-1.8357181549072263,0.1484361439943313,0.1594989150762558,0.0003,66.37461853027344
1,1590,636000,-0.0004578490853702,117.47908782958984,0.9113377290964126,0.0030856721568852,0.0071749999094754,0.303709864616394,0.1529073864221573,-1.5312329530715942,10.982987403869627,-78.18541717529297,43.99710464477539,15.188579559326172,13.162105560302734,0.7919019302473171,13.842084442604405,0.0487155728042125,0.8690707683563232,0.0,0.0,-1.9164159297943115,-1.840856671333313,0.1471333503723144,0.1586814373731613,0.0003,63.824249267578125
1,1600,640000,-0.002041236334724,175.87913497924805,0.9193886178731918,0.0064559066668152,0.0438749999273568,0.2599540948867798,0.1530615091323852,0.9752282500267028,13.34811782836914,-81.3121337890625,69.35722351074219,15.153852462768556,15.516390800476074,0.7752800380144587,11.801927676592111,0.0843445956707,0.8247073292732239,0.0,0.0,-1.9137969017028809,-1.841346025466919,0.1475192159414291,0.1586038023233413,0.0003,83.49496459960938
1,1610,644000,-0.0014255411848556,157.29000503540038,0.9195799136161804,0.003661589231342,0.0251249999925494,0.313484251499176,0.1526075154542923,0.4209463000297546,12.570388793945312,-73.72090148925781,81.11764526367188,16.302019119262695,15.1713228225708,0.7613789465602463,8.799650137172987,0.0700998529791832,0.6617206931114197,0.0,0.0,-1.9139775037765503,-1.8469183444976809,0.1474925726652145,0.15772245824337,0.0003,102.8036880493164
1,1620,648000,-0.0014050622398681,211.36179527282715,0.9235102158784866,0.0078355204313993,0.0525500001339241,0.1684310436248779,0.1527054011821746,1.1429578065872192,14.689080238342283,-50.8928337097168,132.71192932128906,17.611051559448242,16.108142852783203,0.7525306456461628,16.171922926819448,0.0886314064264297,0.804038941860199,0.0,0.0,-1.909453630447388,-1.849921703338623,0.148161306977272,0.1572494804859161,0.0003,115.24512481689452
1,1630,652000,-0.0020636399735885,132.9938508605957,0.9203031378984452,0.004465518053621,0.0304500000923872,0.2188022136688232,0.1526953279972076,0.982662796974182,11.631731986999512,-60.23746109008789,92.67037963867188,18.548004150390625,13.160242080688477,0.7154139574793694,11.41004770961895,0.074401743710041,1.113569259643555,0.0,0.0,-1.90760600566864,-1.851793885231018,0.1484353095293045,0.1569553613662719,0.0003,87.09131622314453
1,1640,656000,-0.001737711851847,209.43014739990235,0.9237202334403992,0.0052506392821669,0.032125000115484,0.2235548496246338,0.152397871017456,0.7614331245422363,14.82175064086914,-89.66767883300781,89.36285400390625,19.5704288482666,16.820701599121094,0.787299554345531,19.041717665250754,0.0672602877020835,1.9758074283599851,0.0,0.0,-1.9133776426315308,-1.8501429557800293,0.1475810706615448,0.1572147011756897,0.0003,103.33917999267578
1,1650,660000,-0.0019131739167336,300.2830206298828,0.9264696437120438,0.0031272177584469,0.0184499998949468,0.234548270702362,0.1522039771080017,-0.9280811548233032,17.42400360107422,-121.752685546875,96.64110565185548,19.226734161376957,19.915401458740234,0.7771170650790582,22.512365056796256,0.0754573419690132,0.7731470465660095,0.0,0.0,-1.9140055179595947,-1.8520220518112185,0.1474884450435638,0.1569195389747619,0.0003,143.02618408203125
1,1660,664000,-0.0018218107837696,185.1259272766113,0.92669888317585,0.0041719386354088,0.0232250000396743,0.4694688320159912,0.1523609161376953,0.3292516767978668,14.0936918258667,-75.30042266845703,76.80683898925781,19.295679092407227,19.3494815826416,0.6868218410895811,24.93759902810164,0.0546319968998432,1.61053466796875,0.0,0.0,-1.9124424457550049,-1.851492404937744,0.147719144821167,0.1570026725530624,0.0003,94.13131713867188
1,1670,668000,-0.0021547831089206,136.09381492614747,0.9280837619304656,0.0034872260875999,0.024699999964796,0.6113994121551514,0.1519922763109207,-0.8924319744110107,11.864025115966797,-76.40601348876953,38.285377502441406,18.39617919921875,19.03182029724121,0.7470379352601095,21.85536041214637,0.0622551627457141,1.7546347379684448,0.0,0.0,-1.9172884225845337,-1.851639986038208,0.1470050513744354,0.1569795161485672,0.0003,72.09395599365234
1,1680,672000,-0.0022446097469581,352.94743606567386,0.934160105586052,0.0033851214684545,0.0150250000786036,0.3749721050262451,0.1514244079589843,-0.6817481517791748,19.02544212341309,-93.682373046875,117.94874572753906,18.44489860534668,24.06495475769043,0.8850653160326941,39.40779790341085,0.0654397159814834,1.343370795249939,0.0,0.0,-1.9231773614883425,-1.8533776998519895,0.1461418718099594,0.1567069590091705,0.0003,162.9621124267578
1,1690,676000,-0.0018309604720343,193.29943969726563,0.9394491916894911,0.0041544227860867,0.0174500000057742,0.4984782934188843,0.1512905359268188,-0.4497902989387512,14.051602363586426,-72.95542907714844,86.15071105957031,17.83019256591797,19.841796875,0.771603675975017,21.40948361993604,0.0615577399730682,0.9632814526557922,0.0,0.0,-1.927617073059082,-1.850958228111267,0.1454944908618927,0.157086580991745,0.0003,82.3968276977539
1,1700,680000,-0.000822444352318,185.953095703125,0.9409117954969406,0.0034174085594713,0.0082749999314546,0.511693000793457,0.1511839926242828,-3.624413728713989,13.978662490844728,-103.08956909179688,48.45481491088867,13.384011268615724,20.00410461425781,0.7465915288173073,38.87083872686853,0.0461695753037929,1.7859150171279907,0.0,0.0,-1.928794860839844,-1.851224422454834,0.1453232169151306,0.157044768333435,0.0003,99.5441665649414
1,1710,684000,-0.0020451688186585,243.73499420166016,0.9401957339048386,0.0049149049445986,0.0361749999225139,0.4229460954666137,0.151479110121727,-1.012121081352234,15.842440605163574,-115.46183776855467,53.92692184448242,13.264411926269531,20.85517883300781,0.7353600663758805,23.78983327466283,0.0543963462114334,1.0250298976898191,0.0,0.0,-1.931762456893921,-1.8447450399398804,0.144892618060112,0.1580656170845031,0.0003,110.294189453125
1,1720,688000,-0.0023846189724572,130.44190124511718,0.9418820250034332,0.0061444649472832,0.0437499998882412,0.4979147315025329,0.1508435606956482,1.4964470863342283,11.615382194519045,-62.422489166259766,55.98225402832031,13.54236125946045,16.392484664916992,0.7720248921757531,16.26251603921852,0.0940463691949844,0.8666378259658813,0.0,0.0,-1.934921145439148,-1.84990918636322,0.1444356590509414,0.1572514474391937,0.0003,75.10496520996094
1,1730,692000,-0.0028371400409669,109.93025489807128,0.9508790463209152,0.0058553852140903,0.0415000001713633,0.3753392696380615,0.1503209471702575,-0.0980352759361267,10.937549591064451,-67.22541046142578,72.47713470458984,13.82064437866211,13.838784217834473,0.7582575572883385,16.895984081932603,0.0916967168450355,1.1335488557815552,0.0,0.0,-1.9343385696411133,-1.857116937637329,0.1445198208093643,0.156122088432312,0.0003,53.736595153808594
1,1740,696000,-0.0032494966019556,86.45568672180175,0.957708705663681,0.0038956988137215,0.0387749999715015,0.4859788417816162,0.149594098329544,0.693449079990387,9.41482162475586,-49.25704574584961,60.96550750732422,14.307071685791016,13.131719589233398,0.7360213625696354,9.60110713505354,0.0871309265494346,0.9244441986083984,0.0,0.0,-1.9218387603759768,-1.8782944679260252,0.1463376432657241,0.1528505831956863,0.0003,46.48973083496094
1,1750,700000,-0.0028590967765798,68.73063201904297,0.9707210355997086,0.0045140595175325,0.0383250001026317,0.5617601275444031,0.1484455913305282,0.1375257074832916,8.390748977661133,-56.638301849365234,35.54792022705078,15.17929458618164,12.674907684326172,0.7418216359111568,7.585897615380089,0.1140586137771606,0.771253228187561,0.0,0.0,-1.9269943237304688,-1.8884506225585935,0.1455851197242736,0.1513060480356216,0.0003,33.39088821411133
1,1760,704000,-0.0012482617031477,241.7357397460937,0.980102360844612,0.0042389505542814,0.0271249999385327,0.3537248373031616,0.1480853259563446,-3.3302574157714844,15.691951751708984,-86.31002807617188,101.74661254882812,11.441165924072266,19.519479751586918,0.853425890536759,27.60174413700234,0.0683157294988632,1.0198111534118652,0.0,0.0,-1.92843496799469,-1.8918333053588867,0.1453755497932434,0.1507951021194458,0.0003,127.8274917602539
1,1770,708000,-0.0023960492086094,175.88507797241212,0.9903595119714736,0.0051836734637618,0.0334500002628192,0.2888794541358948,0.146600529551506,1.6339659690856934,13.47410488128662,-57.67577362060547,104.39752960205078,13.003918647766112,15.978217124938965,0.7864169905775656,14.91352240259668,0.0804234743118286,1.0079001188278198,0.0,0.0,-1.9378045797348025,-1.90259313583374,0.1440197825431823,0.1491812616586685,0.0003,95.74172973632812
1,1780,712000,-0.0021231135385045,90.73992797851562,0.9992301255464554,0.0040292544290423,0.0390000000456348,0.4882591962814331,0.1471690833568573,-0.1582919955253601,9.589861869812012,-74.68383026123047,48.02745819091797,13.180055618286133,13.405632972717283,0.7629600079207344,8.777633262998801,0.0591903962194919,0.6254271268844604,0.0,0.0,-1.9323445558547971,-1.900259017944336,0.144808292388916,0.1495298892259597,0.0003,48.997066497802734
1,1790,716000,-0.0021958044194281,314.6690701293945,0.9960077041387558,0.0032335848081856,0.0251750000892207,0.2728115916252136,0.1469722092151641,-1.4485673904418943,17.80716323852539,-165.5642547607422,94.47421264648438,11.159314155578612,20.881959915161133,0.767109986128573,13.343023941223072,0.0771627873182296,0.6920656561851501,0.0,0.0,-1.9284993410110476,-1.9066435098648071,0.1453661769628524,0.148578256368637,0.0003,184.78330993652344
1,1800,720000,-0.0020382112082392,239.51365463256835,0.9996104162931442,0.0045799473300576,0.0346500000217929,0.2886326313018799,0.1466463506221771,1.9272676706314087,15.583553314208984,-85.25642395019531,96.98582458496094,14.022485733032228,18.476491928100582,0.7725110609795233,15.040581907629214,0.0592754483222961,1.934471845626831,0.0,0.0,-1.9297970533370967,-1.9097660779953003,0.1451776623725891,0.1481150388717651,0.0003,102.23751068115234
1,1810,724000,-0.0039459389157673,162.6847046661377,1.0059292995929718,0.0064784558489918,0.062999999821186,0.377791166305542,0.1460561752319336,0.6900026202201843,12.831295013427734,-74.33377075195312,55.96012878417969,14.057413101196287,16.266809463500977,0.7735166047465397,10.437495771463,0.0798387452960014,1.0685648918151855,0.0,0.0,-1.932711601257324,-1.9148956537246704,0.1447551399469375,0.1473572105169296,0.0003,76.63118743896484
1,1820,728000,-0.0015362288796066,147.22772087097167,1.001007672548294,0.0042996602132916,0.0296499997004866,0.3986818790435791,0.1475022137165069,1.0367000102996826,12.254390716552734,-84.15824127197266,83.0074234008789,15.805645942687988,15.803001403808594,0.7551685084874228,11.109147618977447,0.0814210548996925,1.325608253479004,0.0,0.0,-1.923067927360535,-1.904839277267456,0.1461578756570816,0.1488465517759323,0.0003,77.29097747802734
1,1830,732000,-0.0016092347565809,113.28965606689454,0.9917910093069076,0.0028728735633194,0.0353249998996034,0.3988335132598877,0.1471628248691558,0.841630756855011,10.729302406311035,-67.11454010009766,47.125125885009766,14.925121307373049,13.838024139404297,0.7357607580063452,8.070637230895265,0.0574481524527072,0.7833375334739685,0.0,0.0,-1.9262007474899288,-1.9063293933868408,0.1457007080316543,0.1486249268054962,0.0003,52.16298675537109
1,1840,736000,-0.0021307468311366,80.6919139099121,1.0032264542579652,0.0047534462064504,0.0453250000206753,0.4526193737983703,0.1460010409355163,-0.5666968822479248,9.039353370666504,-55.47252655029297,48.34267044067383,13.3919038772583,12.21778964996338,0.7642411673607907,6.982258531059517,0.1011644154787063,0.9132742285728456,0.0,0.0,-1.941760540008545,-1.906827569007873,0.1434511691331863,0.1485508978366851,0.0003,32.69016647338867
1,1850,740000,-0.0019142454006578,138.10830574035646,1.0156553745269776,0.0047457767650485,0.030949999843724,0.2830227017402649,0.1453946530818939,0.7142557501792908,11.87124729156494,-58.88887405395508,72.73914337158203,15.430386543273926,14.01986026763916,0.7377393258526446,11.25721474008547,0.0837816074490547,0.8212794065475464,0.0,0.0,-1.950911045074463,-1.9061957597732544,0.1421445161104202,0.1486447900533676,0.0003,55.74956130981445
1,1860,744000,-0.0017625249770404,92.5078956604004,1.0158929657936095,0.0035424220841377,0.0252000000094994,0.4012633562088012,0.1455979347229004,0.7242358922958374,9.650789260864258,-60.24031829833984,50.91680908203125,16.779071807861328,12.47225284576416,0.7496756598712124,7.441804215630119,0.0847474560141563,0.6250667572021484,0.0,0.0,-1.9487007856369016,-1.9055768251419067,0.1424590349197387,0.1487368196249008,0.0003,41.71813201904297
1,1870,748000,-0.0003834391271084,97.9246115875244,1.0148414814472198,0.001957737840712,0.008774999952875,0.364265501499176,0.1458297073841095,-1.779237985610962,10.47199249267578,-57.68376922607422,68.66432189941406,15.427312850952148,13.133831977844238,0.7663249131013038,24.82410182285736,0.0413331463932991,1.6384735107421875,0.0,0.0,-1.945034623146057,-1.905978202819824,0.1429822593927383,0.1486771404743194,0.0003,36.96227645874024
1,1880,752000,-0.0016588983982643,107.37237342834472,1.0149856638908386,0.0045533962547779,0.0285250000515952,0.3639051914215088,0.1454690843820572,0.8248502016067505,10.443974494934082,-39.95135116577149,61.56878662109375,15.32516860961914,13.09498119354248,0.7538981962110975,10.950233458967706,0.0636373162269592,1.0938011407852173,0.0,0.0,-1.941474199295044,-1.914293885231018,0.1434922516345977,0.1474459171295166,0.0003,51.803035736083984
1,1890,756000,-0.0013542476672999,82.60375537872315,1.014265478849411,0.0030711120925843,0.0158249999722465,0.4987013936042785,0.1460595875978469,-0.5775576233863831,9.544638633728027,-51.74629974365234,83.16607666015625,15.496070861816406,13.48066234588623,0.8076232532723141,14.759127883974791,0.0856134742498397,1.679000735282898,0.0,0.0,-1.9328842163085935,-1.9146798849105835,0.1447301506996154,0.1473890244960785,0.0003,41.81534194946289
1,1900,760000,-0.00105983909903,124.55117950439453,1.0107724368572235,0.0033167502842843,0.0200000000046566,0.3659318685531616,0.1458063721656799,0.6451221704483032,11.45680332183838,-54.80435943603516,77.65756225585938,16.002593994140625,14.387836456298828,0.8009018717512753,16.374500389723035,0.0537154674530029,1.375383973121643,0.0,0.0,-1.93465793132782,-1.9163771867752075,0.1444736868143081,0.1471390575170517,0.0003,59.82150268554688
1,1910,764000,-0.0013138653728805,113.10501167297365,1.0204982221126555,0.0045557864941656,0.0288500000769272,0.3786223530769348,0.1447398215532302,0.4005079269409179,10.7920503616333,-64.76290130615234,59.2804069519043,16.78791046142578,13.690714836120604,0.7093846366742315,10.742968522292845,0.0686823725700378,1.0544284582138062,0.0,0.0,-1.945377230644226,-1.9204134941101076,0.1429332941770553,0.1465463489294052,0.0003,51.52984237670898
1,1920,768000,-0.0008026643891758,130.53650413513185,1.0259669530391693,0.0017373207956552,0.0102999999700114,0.3793686032295227,0.1450476348400116,0.1074144914746284,11.638557434082031,-58.07144165039063,62.32835388183594,17.19481086730957,14.773460388183594,0.7187507164648117,13.415327285309631,0.0728663206100463,0.8414087295532227,0.0,0.0,-1.9486663341522217,-1.913037061691284,0.1424639374017715,0.1476313471794128,0.0003,69.48448181152344
1,1930,772000,-0.0013834423894273,85.0623314666748,1.026635581254959,0.0038939162623137,0.0201750000333413,0.4558607935905456,0.1444514095783233,-0.1870534121990203,9.354280471801758,-57.27904891967773,42.834747314453125,16.755874633789062,12.68105411529541,0.6753356038100035,8.52900486855061,0.073615975677967,0.8797745704650879,0.0,0.0,-1.9575591087341309,-1.9125709533691408,0.1412026733160019,0.147700160741806,0.0003,54.641143798828125
1,1940,776000,-0.0019262782477031,76.4588137435913,1.0298268842697142,0.0029415967874228,0.0194999999785795,0.5125440359115601,0.1449709236621856,1.1764798164367676,8.885007858276367,-43.04649353027344,73.20933532714844,18.161500930786133,12.725947380065918,0.7643137879955261,12.512189478344911,0.0840380936861038,0.8493929505348206,0.0,0.0,-1.9524235725402832,-1.9104605913162231,0.1419296860694885,0.1480122059583664,0.0003,48.006290435791016
1,1950,780000,-0.0011795381893862,81.19208595275879,1.0259680461883545,0.0043213879689574,0.02370000008028,0.5380740165710449,0.1447196900844574,0.0384015813469886,9.092382431030272,-47.24996948242188,46.14926528930664,18.524507522583008,13.378008842468262,0.7899562666636791,10.288619796582502,0.0703230500221252,0.7416731119155884,0.0,0.0,-1.955803394317627,-1.9106199741363523,0.1414507925510406,0.1479886025190353,0.0003,33.35422134399414
1,1960,784000,-0.0025133110332884,86.73798580169678,1.035253412723541,0.0061803054995834,0.0496249999897554,0.5540736317634583,0.143633484840393,-0.5104287266731262,9.417213439941406,-50.81031036376953,61.49331283569336,17.03609848022461,14.102328300476074,0.7208550750287928,10.269265323615391,0.0868451967835426,0.6951013803482056,0.0,0.0,-1.9620035886764529,-1.919430375099182,0.1405764818191528,0.1466904878616333,0.0003,42.10830307006836
1,1970,788000,-0.0031995243604673,122.410581741333,1.0427530777454377,0.0046582208015024,0.0341250000614672,0.4365007281303406,0.1437806934118271,1.5469833612442017,11.17086124420166,-48.16367721557617,74.9524917602539,20.75237846374512,14.881269454956056,0.8357456764242162,16.010297692292735,0.0502023324370384,0.946676790714264,0.0,0.0,-1.9569810628890991,-1.9222526550292969,0.1412843018770218,0.1462770849466323,0.0003,60.5124397277832
1,1980,792000,-0.0015213683733388,117.22429054260256,1.047274830341339,0.0038741934113204,0.0200250000227242,0.3902375698089599,0.1428121030330658,1.0542094707489014,10.945366859436035,-78.03971862792969,71.12535095214844,18.290203094482425,14.016837120056152,0.7435179865307745,10.55334385730848,0.0864701569080352,1.0300800800323486,0.0,0.0,-1.9642858505249023,-1.928485631942749,0.1402560174465179,0.1453681737184524,0.0003,64.91732025146484
1,1990,796000,-0.001893081787361,202.7555467224121,1.058931086063385,0.0023401116486638,0.0100999999605119,0.4298743009567261,0.1422314941883087,3.3033833503723145,14.268144607543944,-104.72461700439452,100.72174072265624,24.341033935546875,18.89653587341309,0.8522828880260412,28.91603977184164,0.050537709146738,1.314146637916565,0.0,0.0,-1.970605731010437,-1.9303969144821167,0.1393724083900451,0.1450905948877334,0.0003,85.1568832397461
1,2000,800000,-0.0031201183929806,142.37300468444823,1.0622535157203674,0.0052666109986603,0.0383000000938773,0.5316179990768433,0.1423545032739639,-0.7633287310600281,12.197257041931152,-85.15469360351562,55.765228271484375,22.67829704284668,17.82223129272461,0.7947655561370242,25.545593540664385,0.0863553956151008,0.7631130814552307,0.0,0.0,-1.9692070484161377,-1.9300459623336792,0.1395674794912338,0.145141527056694,0.0003,56.50979995727539
1,2010,804000,-0.000960707340026,155.84142921447753,1.0613212776184082,0.0027835639193654,0.0165249999193474,0.5535280704498291,0.1423066407442093,0.8203568458557129,12.982636451721191,-93.57894897460938,88.98584747314453,23.59090232849121,19.4296875,0.7843998219544385,29.09118293861786,0.0448358878493309,1.173363208770752,0.0,0.0,-1.9713424444198608,-1.92865526676178,0.1392697691917419,0.1453435122966766,0.0003,88.97628784179688
1,2020,808000,-0.0024078666767367,94.71056884765623,1.0656662833690644,0.0040171574801206,0.0256250000279396,0.6555904150009155,0.1417853832244873,0.8404507040977478,9.785547256469728,-42.37147521972656,83.19175720214844,26.92329216003418,16.67429542541504,0.8254120356926891,12.274920246564978,0.0679048523306846,0.9311967492103576,0.0,0.0,-1.979742765426636,-1.9278128147125244,0.1381047517061233,0.1454660147428512,0.0003,56.439544677734375
1,2030,812000,0.000212550439313,155.10647270202637,1.0697419667243957,0.0026858425699174,0.0120999999763444,0.5496609210968018,0.1419275999069214,-0.4431459903717041,12.810830116271973,-73.59153747558594,119.1632843017578,26.51067543029785,19.09006690979004,0.9019691809659623,30.69980068177465,0.0533459968864917,0.7428380250930786,0.0,0.0,-1.979963541030884,-1.925650119781494,0.1380742788314819,0.1457809507846832,0.0003,50.69741439819336
1,2040,816000,-0.0024839981380391,106.72761360168457,1.0730150139331818,0.0027084138710051,0.0319000000320374,0.6230952739715576,0.1410750746726989,1.014588475227356,10.355122566223145,-58.59021759033203,72.62762451171875,24.110137939453125,16.867061614990234,0.745481445163824,14.71217537059884,0.0650527030229568,0.5668521523475647,0.0,0.0,-1.994039535522461,-1.9241091012954712,0.1361443549394607,0.1460057646036148,0.0003,59.919525146484375
1,2050,820000,-0.001197653364216,112.86364654541016,1.0806255280971526,0.0047117276117205,0.0255499999318271,0.6564891338348389,0.1409933567047119,0.964195728302002,10.786060333251951,-35.89312744140625,96.92056274414062,26.34767341613769,18.403169631958008,0.8629907289226126,17.962129894362143,0.0492667146027088,0.872277021408081,0.0,0.0,-1.9940502643585205,-1.9252188205718996,0.1361428946256637,0.1458438336849212,0.0003,48.7502555847168
1,2060,824000,-0.0018279087136339,126.65231620788576,1.081404092311859,0.0037692240439355,0.014624999910593,0.4477404356002807,0.1408133506774902,-0.870608389377594,11.601924896240234,-68.9010009765625,53.03144836425781,24.32056427001953,15.611995697021484,0.8384593574192363,25.30211340738892,0.0811381563544273,0.7768892049789429,0.0,0.0,-1.998429656028748,-1.923609495162964,0.1355479806661605,0.146078735589981,0.0003,64.20850372314453
1,2070,828000,-0.0015258666920657,180.234868850708,1.085010324716568,0.0040672882460057,0.0233500001160427,0.475074291229248,0.1407268047332763,1.9130544662475584,13.738045692443848,-61.5432243347168,96.12252044677734,29.7976188659668,18.961645126342773,0.9874062885425654,34.28344819349673,0.0623538829386234,0.8742702007293701,0.0,0.0,-2.000040054321289,-1.923301339149475,0.135329857468605,0.1461237668991089,0.0003,98.12577056884766
1,2080,832000,-0.0002146295117861,206.3060011291504,1.085984367132187,0.0022388969082385,0.0033249999675899,0.5159591436386108,0.140636533498764,-1.7377487421035769,14.8216552734375,-116.90088653564452,74.03702545166016,30.63680648803711,21.30373191833496,0.8286125791583967,39.65028762960322,0.0585752353072166,1.057343602180481,0.0,0.0,-1.998003363609314,-1.926430106163025,0.1356057673692703,0.1456672996282577,0.0003,90.99217987060548
1,2090,836000,-0.001676048728112,141.8519374847412,1.0901098680496215,0.0031696557998657,0.024249999881722,0.628402054309845,0.1399874985218048,-1.0827553272247314,12.108835220336914,-68.65794372558594,69.404052734375,25.95659828186035,19.863954544067383,0.8298160510415669,24.75945159171741,0.0753816962242126,1.0027341842651367,0.0,0.0,-2.002232074737549,-1.9314254522323608,0.1350335478782653,0.1449414491653442,0.0003,65.08155822753906
1,2100,840000,-0.001174736162307,163.50520584106445,1.0984068489074708,0.002042846288532,0.0206999998306855,0.6007891893386841,0.1395374238491058,0.3422693610191345,12.98425006866455,-71.03659057617188,92.7316436767578,26.805429458618164,20.55018424987793,0.938340639976214,26.765994218441534,0.0338729955255985,0.9673430323600768,0.0,0.0,-2.002510070800781,-1.937394618988037,0.134996011853218,0.1440788358449936,0.0003,67.45833587646484
1,2110,844000,-0.0011662302193115,360.740369720459,1.1027111101150513,0.0026599343400448,0.0111499999742954,0.4605258107185364,0.1394228637218475,-3.3116862773895264,19.72456359863281,-202.98611450195312,53.11962890625,24.69188690185547,26.854808807373047,0.9365221179410692,91.27940344913875,0.0494884513318538,1.1739697456359863,0.0,0.0,-2.0019688606262207,-1.939494252204895,0.1350691020488739,0.1437766551971435,0.0003,174.3958282470703
1,2120,848000,-0.0008597172048248,181.4918243408203,1.102163405418396,0.0032947298604995,0.0147750000329688,0.5960479974746704,0.1396147608757019,0.4868658483028412,13.804083824157717,-86.72442626953125,122.23089599609376,26.584129333496094,21.71914291381836,0.9402591302469844,32.14812274542489,0.0884422957897186,1.0781776905059814,0.0,0.0,-1.9995301961898804,-1.9391186237335205,0.1353988796472549,0.1438306719064712,0.0003,69.4288101196289
1,2130,852000,-0.0017222743541875,175.13211219787598,1.1003551065921784,0.0024280499201267,0.0359749998571351,0.6325076222419739,0.139756828546524,-1.399388551712036,13.356125831604004,-178.54360961914062,58.04061126708984,24.0595817565918,22.032123565673828,0.9309751536929716,32.70927094277752,0.0585057586431503,0.8077852725982666,0.0,0.00025,-2.001169443130493,-1.935607671737671,0.1351771056652069,0.14433653652668,0.0003,104.79304504394533
1,2140,856000,-0.0016474133177667,309.67165802001955,1.0982059240341189,0.003487940877676,0.025249999933876,0.478144884109497,0.139727309346199,-1.6400314569473269,17.876575469970703,-142.4845733642578,77.77445983886719,21.64723396301269,24.746246337890625,1.0256001737512637,51.41374789464098,0.0524718649685382,0.6669560074806213,0.0,0.0,-2.000730514526367,-1.9364280700683596,0.135236456990242,0.144218161702156,0.0003,152.84056091308594
1,2150,860000,-0.0040881035650265,111.96469993591307,1.101920267343521,0.0053118728101253,0.0465750000113621,0.7042741775512695,0.1392951309680938,-2.291081428527832,10.714990615844728,-60.58638000488281,50.56808471679688,18.06947135925293,19.703672409057617,0.7845750929708645,25.682844842064004,0.0545032136142253,0.666164755821228,0.0,0.0,-2.0091919898986816,-1.9345223903656008,0.1340969800949096,0.1444932669401168,0.0003,56.22880172729492
1,2160,864000,-0.0007272117200365,293.20978530883787,1.1043105983734132,0.0052021271549165,0.0331250000977888,0.4867351651191711,0.1396379470825195,1.6504101753234863,17.20779800415039,-92.98929595947266,125.69514465332033,21.763656616210938,24.01898002624512,1.0052878730454118,26.899131212004985,0.0573866255581378,0.9555665254592896,0.0,0.0,-2.005093574523926,-1.933588981628418,0.1346476972103119,0.1446281969547271,0.0003,127.5773468017578
1,2170,868000,-0.0012852646953426,238.6298567199707,1.1011676394939425,0.0040344367735087,0.0181999999424442,0.4719427227973938,0.1394384354352951,-1.5819097757339478,15.671873092651367,-68.09152221679688,67.35094451904297,20.186206817626957,21.56653594970703,0.954311296130531,31.400895235896986,0.0943196862936019,0.8453119993209839,0.0,0.0,-2.0057191848754883,-1.9357681274414065,0.1345634907484054,0.1443133801221847,0.0003,122.16873931884766
1,2180,872000,4.362694424489666e-05,76.8616493988037,1.1077992844581603,0.0040778596885502,0.0473749998910352,0.7054163813591003,0.1385425478219986,-1.4272964000701904,8.875097274780273,-39.19074249267578,48.97789764404297,17.393796920776367,16.3519229888916,0.9999752410214044,14.733753446494324,0.0790061205625534,0.8301552534103394,0.0,0.0,-2.01288104057312,-1.941546440124512,0.1336032003164291,0.143481895327568,0.0003,33.948028564453125
1,2190,876000,-0.0005982389954035,108.0542862701416,1.1155424690246585,0.0043247300200164,0.0300750000588595,0.4469245076179504,0.1384168863296508,0.063750185072422,10.77599048614502,-44.52714538574219,68.63628387451172,17.236719131469727,14.489886283874512,1.0165370370804985,18.81403223435157,0.0773370712995529,0.7855334281921387,0.0,0.0,-2.0051839351654053,-1.950533151626587,0.1346355229616165,0.1421982496976852,0.0003,41.33116149902344
1,2200,880000,-0.0023974533230368,129.48089904785155,1.1227528190612792,0.0069251777604222,0.0598249995615333,0.4838367104530334,0.1377280354499817,-0.9608701467514038,11.45314598083496,-124.35671997070312,59.49000549316406,16.290931701660156,15.94157600402832,0.920196986163882,12.729729739898495,0.087118312716484,0.9230344295501708,0.0,0.0,-2.0051910877227783,-1.9602620601654053,0.1346345692873001,0.1408215165138244,0.0003,43.45914840698242
1,2210,884000,-0.002597814700882,303.9122782897949,1.130941830873489,0.0084617873653769,0.0604749997518956,0.2614855766296386,0.137274831533432,1.010517716407776,17.544353485107422,-110.50786590576172,116.74446105957033,17.55516815185547,20.41539764404297,0.9476459496173868,21.21100888785848,0.0593592412769794,1.0273442268371582,0.0,0.0,-2.0124828815460205,-1.9597529172897337,0.1336564123630523,0.1408932358026504,0.0003,118.60334014892578
1,2220,888000,-0.0022866517017653,108.80334243774412,1.1343542802333832,0.0050616413354873,0.0544749999279156,0.5529985427856445,0.1372411847114563,-0.7360893487930298,10.592317581176758,-65.52887725830078,53.53894805908203,17.235063552856445,15.842966079711914,0.8951406436115481,13.953343858923777,0.0751725956797599,0.9583507180213928,0.0,0.0,-2.010277271270752,-1.962328314781189,0.1339515298604965,0.140530839562416,0.0003,49.2598762512207
1,2230,892000,-0.0014597199026407,155.04079803466797,1.1346205484867096,0.0031346413306891,0.0355000002356246,0.4295037984848022,0.1372494399547577,0.015224914997816,12.531908988952637,-97.44943237304688,91.16071319580078,17.208738327026367,16.591699600219727,0.7978261052786144,14.596951944108524,0.0479380264878273,0.8788161873817444,0.0,0.0,-2.0168609619140625,-1.955976128578186,0.1330725401639938,0.1414263546466827,0.0003,75.90865325927734
1,2240,896000,-0.0007437776879931,105.32280982971191,1.135549911260605,0.0045291134156286,0.0253500000433996,0.5258259773254395,0.1371692419052124,0.3219431638717651,10.379316329956056,-77.77484893798828,56.81710052490234,16.911956787109375,15.073006629943848,0.7800413988432924,10.093156151233352,0.0780913457274437,0.9190787076950072,0.0,0.0,-2.021721601486206,-1.9525537490844729,0.1324272751808166,0.1419112086296081,0.0003,46.40959548950195
1,2250,900000,-0.0017268236377945,265.5418812561035,1.1351442587375642,0.0050478084012866,0.033525000042282,0.3363333940505981,0.1372424662113189,-1.271165132522583,16.34001350402832,-121.52279663085938,108.48108673095705,15.652853965759276,20.05752944946289,0.9113039185353732,18.05034768486839,0.0630090534687042,0.6620349884033203,0.0,0.0,-2.0178253650665283,-1.9551682472229004,0.132944256067276,0.1415406614542007,0.0003,118.99867248535156
1,2260,904000,-0.0018892690659704,184.17766876220705,1.1386098408699037,0.0037673984188586,0.0227249999716877,0.4781947135925293,0.1367059648036956,-1.0776560306549072,13.906750679016112,-75.38105010986328,56.78521728515625,14.817974090576172,19.25180435180664,0.9083910972435788,21.094337860121783,0.05811283364892,1.0972559452056885,0.0,0.0,-2.020782947540283,-1.9599868059158323,0.1325516551733017,0.1408602744340896,0.0003,90.90729522705078
1,2270,908000,-0.0010392023209949,164.29124046325683,1.1407970666885376,0.0033737171906977,0.018974999981001,0.5328501462936401,0.1369627267122268,-0.11745385825634,13.08255100250244,-87.06904602050781,89.512451171875,15.438987731933594,19.140989303588867,0.9113709436892508,25.326082381869504,0.0663733407855033,1.152079939842224,0.0,0.0,-2.0198075771331787,-1.9572631120681765,0.1326809972524643,0.1412444561719894,0.0003,75.8867416381836
1,2280,912000,-0.0014595759407762,128.49167678833007,1.1463510012626648,0.0036323885433375,0.0128999999957159,0.647493839263916,0.1358707100152969,-0.755050778388977,11.609245300292969,-72.61625671386719,58.82244491577149,14.893560409545898,19.55332374572754,0.832645473321965,25.804510672600895,0.0669188052415847,1.1894443035125732,0.0,0.0,-2.033846378326416,-1.959633231163025,0.1308313310146331,0.1409101039171219,0.0003,57.6002311706543
1,2290,916000,-0.0004039209123049,83.56614734649658,1.1572709155082703,0.0022433428093791,0.0212750000227242,0.6958571672439575,0.1355863064527511,0.5955782532691956,9.293697357177734,-39.25973892211914,62.80158615112305,14.498546600341797,16.8519344329834,0.853096807137398,14.733871336534603,0.0809899345040321,1.196547031402588,0.0,0.0,-2.0335257053375244,-1.9639770984649656,0.130873292684555,0.1402993202209472,0.0003,41.700592041015625
1,2300,920000,-0.0014798427374407,152.30001655578613,1.1643853747844697,0.0036440752446651,0.0261249998770654,0.5631607174873352,0.1347277164459228,-1.5795204639434814,12.411273002624512,-83.21292114257812,59.63218688964844,12.73367977142334,18.77826690673828,0.9066906458032188,21.845474203385677,0.0669105872511863,0.7687095999717712,0.0,0.0,-2.0444252490997314,-1.9661065340042116,0.12945456802845,0.1400008797645568,0.0003,75.1570053100586
1,2310,924000,-0.0012623384264938,166.0475291442871,1.1722183978557588,0.0022477880120277,0.0143999999389052,0.5442906618118286,0.1348254382610321,-1.7488771677017212,13.299919128417969,-88.88639068603516,71.03462982177734,11.28794288635254,19.70176124572754,0.8077549721601254,39.69032750653341,0.0354007147252559,1.0644105672836304,0.0,0.0,-2.0430116653442383,-1.9660186767578125,0.1296376883983612,0.140013188123703,0.0003,55.73081588745117
1,2320,928000,-0.0019238222415591,180.2851542663574,1.1702205765247344,0.0029676880221813,0.0354749998589977,0.5938224792480469,0.1348781436681747,-0.3504657447338104,13.548954963684082,-73.03813934326172,78.24279022216797,9.19054889678955,21.259246826171875,1.001060022856047,34.712430601317344,0.0408232994377613,0.7904825806617737,0.0,0.0,-2.039536476135254,-1.9684921503067017,0.1300889998674392,0.1396672874689102,0.0003,101.99127197265624
1,2330,932000,-0.0018110143526108,167.706762008667,1.165893670320511,0.0049816397950053,0.041924999943003,0.5469891428947449,0.1354794949293136,0.7361617684364319,13.144837379455566,-53.41144180297852,64.16438293457031,11.383394241333008,19.529939651489254,0.9305920418404016,30.53770402796941,0.057711899280548,0.7654175162315369,0.0,0.0,-2.031437873840332,-1.9674553871154783,0.1311468183994293,0.139812171459198,0.0003,77.83126831054688
1,2340,936000,-0.0028791985433585,164.5988126373291,1.159947601556778,0.0068054520525038,0.0548249998502433,0.3446143269538879,0.1355225890874862,1.8762333393096924,13.364779472351074,-58.77934265136719,108.87921905517578,12.289844512939451,16.508716583251953,0.852441585663569,30.11012881633691,0.0448872037231922,1.0510212182998655,0.0,0.0,-2.0321617126464844,-1.966161012649536,0.1310519278049469,0.1399932503700256,0.0003,78.01313018798828
1,2350,940000,-0.0014812550172039,147.48386505126953,1.162401751279831,0.0065656439401209,0.0555999999260529,0.3682351112365722,0.1352183222770691,1.0407315492630005,12.291062355041504,-53.67149353027344,75.8671875,13.952187538146973,15.463638305664062,0.9700269067426944,17.06562241987113,0.0576897747814655,0.7788747549057007,0.0,0.0,-2.0312211513519287,-1.9714024066925049,0.131175234913826,0.1392614245414734,0.0003,70.34679412841797
1,2360,944000,-0.0021822518895467,203.1571574401856,1.17034477353096,0.0050213513895869,0.0326500000013038,0.2922618985176086,0.1342689394950866,-1.9505512714385984,14.4508695602417,-71.1866226196289,65.50019836425781,11.846738815307615,17.177410125732422,0.885946841530223,22.477650856014684,0.0744881480932235,1.0994303226470947,0.0,0.0,-2.0287599563598637,-1.987486720085144,0.1314984858036041,0.1370394080877304,0.0003,118.39119720458984
1,2370,948000,-0.0008627119830372,230.3164990234375,1.176168714761734,0.0024854890070855,0.017874999968335,0.1961613893508911,0.1347033381462097,-1.0635573863983154,15.54649257659912,-102.23904418945312,92.21619415283205,11.080300331115724,17.339956283569336,0.9025217242339836,26.325855163402917,0.0323820896446704,0.8244471549987793,0.0,0.0,-2.021656274795532,-1.9879878759384155,0.1324359327554702,0.1369707584381103,0.0003,96.5382308959961
1,2380,952000,-0.0015909506907977,138.5414203643799,1.170533851385117,0.0041635939851403,0.0358249998325482,0.156726062297821,0.1348186731338501,1.809199333190918,12.020556449890137,-47.80952072143555,69.50242614746094,12.930949211120604,13.090017318725586,0.8992139085313419,15.48421505385936,0.081812709569931,0.7727515697479248,0.0,0.0,-2.017064094543457,-1.990757942199707,0.133045494556427,0.1365918517112732,0.0003,59.13510894775391
1,2390,956000,-0.0023968464053468,139.2734246826172,1.1705120778083802,0.0047994004562497,0.0370749999489635,0.1311016082763672,0.1344444751739502,1.969042181968689,11.84934425354004,-58.952030181884766,73.88719940185547,14.759979248046877,12.711881637573242,0.8481920963988944,12.215967664000384,0.094243936240673,0.6696596741676331,0.0,0.0,-2.0204427242279053,-1.9929542541503904,0.1325967609882354,0.1362921744585037,0.0003,68.64788055419922
1,2400,960000,-0.0026365665572424,192.07101150512696,1.1812988674640656,0.0046641170047223,0.0475749999564141,0.1480976939201355,0.1338798403739929,-0.4558195173740387,13.970274925231934,-97.55980682373048,70.60043334960938,14.015946388244627,15.135963439941406,0.9887022623401984,12.881754338750412,0.0644384697079658,0.6985686421394348,0.0,0.0,-2.0201008319854736,-2.0016098022460938,0.1326420903205871,0.1351175904273986,0.0003,96.0569839477539
1,2410,964000,-0.000466226361114,158.93928146362305,1.20058979511261,0.0033672838471829,0.0203250000812113,0.1590498685836792,0.1314479112625122,1.1920385360717771,12.66141414642334,-70.26061248779297,85.43809509277344,15.014909744262695,13.806928634643556,0.9528983054978828,11.66915512253322,0.0632767230272293,0.6283822059631348,0.0,0.0,-2.0352041721343994,-2.0231213569641118,0.1306538134813308,0.1322420537471771,0.0003,76.96369934082031
1,2420,968000,-0.0045784958252392,165.56853172302246,1.2257734787464143,0.0057607414200901,0.0545499997679144,0.1291509270668029,0.1308700144290924,2.1338703632354736,12.8856201171875,-59.64923477172852,87.56712341308594,17.523109436035156,13.808098793029783,0.895432318175539,13.688226233968171,0.0554953850805759,0.6461079120635986,0.0,0.0,-2.0343663692474365,-2.032735586166382,0.1307633072137832,0.1309767216444015,0.0003,90.41168212890624
1,2430,972000,-0.0005713031742721,175.84156478881837,1.232179769277573,0.0049173664301633,0.0371750001516193,0.15373295545578,0.1306891292333603,0.0794014856219291,13.402356147766112,-77.12052917480469,55.942501068115234,17.580976486206055,14.56892204284668,0.9068376132376555,11.62034195638332,0.0796640515327453,0.7664050459861755,0.0,0.0,-2.035295009613037,-2.0345728397369385,0.1306419372558593,0.1307363212108612,0.0003,91.7355728149414
1,2440,976000,-0.0003630184960605,173.8760607147217,1.235662474632263,0.0021809027530252,0.0202999999653548,0.2935258746147156,0.1301890313625335,-2.3536393642425537,13.328326225280762,-76.46342468261719,74.21852111816406,14.551780700683594,15.8572359085083,0.9477825123560184,16.04893341951662,0.0567404255270957,1.137060046195984,0.0,0.0,-2.040337085723877,-2.037200927734375,0.1299848854541778,0.1303931772708892,0.0003,87.65996551513672
1,2450,980000,-0.0032993414679942,196.02696571350097,1.2504753851890564,0.0065228901803493,0.0515750001277774,0.1080157756805419,0.1284217536449432,2.141479015350342,14.344812393188477,-57.678466796875,112.90232849121094,17.318599700927734,15.188549041748049,0.8997743836841207,19.50489918865504,0.0776310563087463,1.3925827741622925,0.0,0.0,-2.056382179260254,-2.04850435256958,0.1279159188270568,0.1289275884628296,0.0003,92.10643768310548
1,2460,984000,-0.0033905547320726,152.61137245178222,1.277865550518036,0.0038311625830829,0.0438499998208135,0.3451775908470154,0.1270611584186554,-1.638579249382019,12.508448600769045,-63.48226165771485,67.77749633789062,14.615463256835938,15.457586288452148,0.8825525015159763,12.897142764066214,0.073527954518795,0.8168937563896179,0.0,0.0,-2.0670127868652344,-2.059176206588745,0.1265632957220077,0.1275590062141418,0.0003,70.54801177978516
1,2470,988000,-0.0029232296106212,265.6615159606933,1.292487689256668,0.003452846314758,0.0456999998958781,0.1720675230026245,0.126550555229187,1.0247244834899902,16.401533126831055,-102.14450073242188,86.74018859863281,15.459933280944824,18.025487899780277,0.9340063954479284,16.26751733815334,0.0641604959964752,0.7112155556678772,0.0,0.0,-2.073875904083252,-2.060396194458008,0.1256976425647735,0.1274034827947616,0.0003,99.66766357421876
1,2480,992000,-0.0028421652499557,228.77533676147465,1.29737576007843,0.0071362913586199,0.0544000002788379,0.2167356014251709,0.1264429986476898,-2.271254539489746,15.208769798278809,-84.34173583984375,81.25690460205078,15.177298545837402,17.18461799621582,0.9734487381164822,20.11044110362264,0.0696093961596489,0.7477662563323975,0.0,0.0,-2.0712761878967285,-2.064661979675293,0.1260248571634292,0.1268611699342727,0.0003,112.41492462158205
1,2490,996000,-0.0004790336324251,222.62444839477536,1.2994174563884735,0.0047014164738357,0.0119249999523162,0.3452245593070984,0.1261384934186935,-3.0839264392852783,15.281253814697266,-100.28880310058594,47.561973571777344,9.132851600646973,18.88481712341309,0.99552103837221,30.44168988435672,0.0456694737076759,1.3957728147506714,0.0,0.0,-2.0757741928100586,-2.065004348754883,0.1254592537879943,0.1268177330493927,0.0003,92.24972534179688
1,2500,1000000,-0.0033028635835536,202.97226318359372,1.305576241016388,0.0070906779728829,0.0523999999370425,0.3443620800971985,0.1258333921432495,1.4029755592346191,14.413118362426758,-83.51762390136719,78.4196548461914,9.758166313171388,17.800243377685547,0.9448220639720936,23.953414707725937,0.0713376700878143,0.7871947288513184,0.0,0.0,-2.0763285160064697,-2.069277048110962,0.125389739871025,0.1262770444154739,0.0003,107.76315307617188
2,10,4000,-0.0019127606417998,79.67302680969239,0.1613918320834636,0.0032593079376965,0.0246500000078231,-0.0012229681015014,0.2234422415494918,2.857155561447144,8.719550132751465,-51.26186752319336,38.78506088256836,3.0637736320495605,8.71422290802002,0.6550330455694584,4.917365190132738,0.0892363712191581,1.5859593152999878,0.0,0.00025,-1.4971176385879517,-1.500089168548584,0.2237742245197296,0.2231102585792541,0.0003,33.60127258300781
2,20,8000,-0.0013558003521989,61.73337890625,0.1605395200848579,0.0038738050498068,0.0192749999836087,0.011978268623352,0.2230142503976822,0.9849295616149902,7.912312984466553,-42.01872253417969,48.609642028808594,3.512194395065308,7.96013069152832,0.6496008008371595,2.702081123363011,0.1539651751518249,1.5899124145507812,0.0,0.0,-1.5071487426757812,-1.493934154510498,0.2215407490730285,0.2244877368211746,0.0003,33.29900360107422
2,30,12000,-0.0006212673747485,57.86840705871582,0.1640211860835552,0.0026165461167693,0.0067249999660998,0.0714609622955322,0.2227197140455246,2.5678861141204834,7.534513473510742,-46.41297912597656,48.61286926269531,6.151005268096924,7.819070339202881,0.6243635351535959,6.94610428847139,0.0912182331085205,1.1990864276885986,0.0,0.0,-1.5102497339248655,-1.4935027360916138,0.2208548039197921,0.224584624171257,0.0003,23.68428039550781
2,40,16000,-0.0011539876804788,42.5995983505249,0.1675320339202881,0.0028554743621498,0.0115499999700114,0.0974701046943664,0.2222914695739746,1.6342897415161133,6.551620006561279,-34.56208801269531,30.020112991333008,8.177271842956543,6.896327972412109,0.5940076522025053,5.105064577222141,0.1021041050553321,1.3671419620513916,0.0,0.00025,-1.5111418962478638,-1.4964438676834106,0.2206578552722931,0.2239250540733337,0.0003,19.81542587280273
2,50,20000,-0.0020868471833919,65.3014083480835,0.1714477032423019,0.0045594936236739,0.0129249999672174,0.098220944404602,0.221548855304718,2.729921817779541,7.995490550994873,-32.87075424194336,67.43827819824219,10.454367637634276,8.419669151306152,0.6038809865868607,8.700138325735896,0.1103426367044448,0.8294394612312317,0.0,0.0,-1.5212976932525637,-1.4931249618530271,0.2184282690286636,0.2246694564819336,0.0003,25.892675399780277
2,60,24000,-0.0010525865860596,41.40587659835816,0.17653912037611,0.0035155534278601,0.0143000000016763,0.2045267224311828,0.2215684950351715,1.9970940351486208,6.4069437980651855,-23.60161399841309,52.468849182128906,12.328374862670898,7.183533191680908,0.5970412377746768,7.210240782096195,0.0834264457225799,0.8925765752792358,0.0,0.0,-1.523895502090454,-1.4904314279556274,0.2178615480661392,0.225275456905365,0.0003,14.093435287475586
2,70,28000,-0.0010252595815109,53.35794536590576,0.1755746522545814,0.0029030349105596,0.0116999999666586,0.2428817152976989,0.2218261212110519,0.2327062636613845,7.468320369720459,-44.45367813110352,32.75595474243164,12.608490943908691,8.583038330078125,0.5329457250283646,6.078122676577563,0.1084180474281311,0.9766599535942078,0.0,0.0,-1.5265432596206665,-1.4855986833572388,0.217285469174385,0.2263667732477188,0.0003,24.0314884185791
2,80,32000,-0.0010678956333049,40.5830216217041,0.1836933045089245,0.0024472097866237,0.0081999999191612,0.3791251182556152,0.2195477187633514,0.0660581812262535,6.459258556365967,-42.65999221801758,27.35511779785156,12.672602653503418,8.197484970092773,0.5810690032279255,4.77231084856575,0.1129496470093727,0.7273325324058533,0.0,0.0,-1.5391778945922852,-1.493710160255432,0.214557409286499,0.2245380282402038,0.0003,16.90833282470703
2,90,36000,-0.002591965346262,60.19479545593262,0.1992361183464527,0.0037111386191099,0.0252000000979751,0.3607792854309082,0.2187132090330124,0.808063268661499,7.799201488494873,-52.91975402832031,35.489261627197266,13.407470703125,9.754942893981934,0.570495980447189,6.871034024415159,0.0914362072944641,0.5740506052970886,0.0,0.0,-1.5480632781982422,-1.4926910400390625,0.2126594334840774,0.2247669696807861,0.0003,19.650827407836918
2,100,40000,-0.0015885281652881,36.47964714050293,0.2066793674230575,0.0036368365399539,0.0197499999823048,0.5230562686920166,0.217762291431427,0.4764946401119232,6.076510906219482,-28.36501693725586,33.360679626464844,14.031712532043455,8.798744201660156,0.5751860558924183,5.029901049557412,0.1294362097978592,0.3916254937648773,0.0,0.0,-1.5602036714553833,-1.4897397756576538,0.2100932896137237,0.2254313230514526,0.0003,17.876873016357422
2,110,44000,-0.000970212273969,43.53709890365601,0.2155811294913291,0.0047501064836978,0.026124999965541,0.4562820196151733,0.2169239819049835,0.4511563181877136,6.609253883361816,-39.983001708984375,59.70138549804688,14.83071517944336,8.963251113891602,0.6075249726373652,5.2174205654369326,0.0709356963634491,0.4655003547668457,0.0,0.0,-1.5666217803955078,-1.491216063499451,0.2087491750717163,0.2250987589359283,0.0003,22.925390243530277
2,120,48000,-0.0011458050050598,55.83549751281738,0.2228737567365169,0.0018367909360677,0.0039499999629333,0.4825034737586975,0.2162083089351654,0.9798624515533448,7.549887180328369,-42.86227798461914,47.11181640625,15.079123497009276,10.49510383605957,0.5822637798728636,8.832680339077852,0.0771941170096397,0.830877423286438,0.0,0.0,-1.5706783533096311,-1.4938238859176636,0.2079041004180908,0.2245124876499176,0.0003,20.31356430053711
2,130,52000,-0.0020936349596818,51.916916084289554,0.2324805510044097,0.0021198021713644,0.0181500000227242,0.6016737818717957,0.2147145420312881,-0.5892654061317444,7.420994758605957,-41.12761306762695,30.35435676574707,14.75512409210205,11.75825023651123,0.6341227407497334,10.978708285205562,0.0575097166001796,0.4819982945919037,0.0,0.00025,-1.5792208909988403,-1.4992684125900269,0.2061356455087661,0.2232934534549713,0.0003,27.055980682373047
2,140,56000,-0.0022339018820919,53.863485412597655,0.2354201398789882,0.0043231029994785,0.0193749999161809,0.6655076742172241,0.216124415397644,1.233739972114563,7.383153438568115,-67.27703857421875,33.185298919677734,15.111766815185549,12.765823364257812,0.5640802404324892,11.36226796903789,0.0745116621255874,0.617922842502594,0.0,0.00025,-1.5770375728607178,-1.4887140989303589,0.2065861821174621,0.2256626635789871,0.0003,30.484655380249023
2,150,60000,-0.0016058047150974,43.4574263381958,0.2271237045526504,0.0028271838091313,0.0055249999370425,0.6810210943222046,0.2159921824932098,1.529981255531311,6.605443000793457,-25.183483123779297,57.301055908203125,17.52187156677246,11.695557594299316,0.4942217061615993,9.870128335804775,0.0667437687516212,0.5341400504112244,0.0,0.00025,-1.575249195098877,-1.4915287494659424,0.2069559693336486,0.225028395652771,0.0003,20.9079647064209
2,160,64000,-0.0017709037367496,54.9498779296875,0.2325377218425273,0.0034587148111313,0.0131999999657273,0.6677377223968506,0.2150317132472992,0.8443582653999329,7.549378395080566,-56.77757263183594,40.25794982910156,18.445911407470703,13.096965789794922,0.5185961355624105,12.04599347912416,0.0831097736954689,0.5731102824211121,0.0,0.0,-1.5800236463546753,-1.495693325996399,0.2059702277183532,0.2240931689739227,0.0003,23.70122528076172
2,170,68000,-0.0016581546065734,65.18154968261719,0.2380814336240291,0.0028963033109903,0.0095749999023973,0.6586812734603882,0.2150591760873794,1.0580391883850098,8.10263729095459,-56.12883377075195,86.406005859375,18.89555549621582,13.869038581848145,0.5947155685061136,12.88140273700436,0.0804115384817123,0.6316015720367432,0.0,0.0,-1.582771897315979,-1.492929458618164,0.2054049521684646,0.2247134149074554,0.0003,16.000410079956055
2,180,72000,-0.0008175210076729,51.46708030700684,0.2408403050899505,0.0028902934864163,0.0085249999398365,0.7398685216903687,0.2141851335763931,0.0668675824999809,7.442737102508545,-45.0971908569336,51.72625350952149,18.254432678222656,14.592719078063965,0.5739768039042045,12.75083992597677,0.0845889151096344,0.8372921943664551,0.0,0.0,-1.5897634029388428,-1.4943411350250244,0.2039738595485687,0.2243963927030563,0.0003,22.016647338867188
2,190,76000,-0.0016404471747111,53.128839111328126,0.2461780282855034,0.0032149772159755,0.0114749999484047,0.7450810670852661,0.2141417562961578,-0.5270794630050659,7.606934547424316,-39.04782485961914,36.479103088378906,17.52415657043457,15.066370964050291,0.5340045925163661,15.321664580910124,0.1077652275562286,0.828441321849823,0.0,0.0,-1.5917413234710691,-1.492932677268982,0.2035708278417587,0.2247126847505569,0.0003,22.87766456604004
2,200,80000,-0.0010880147136977,85.7960661315918,0.2457277403771877,0.0038631856441497,0.0155999999819323,0.5989046096801758,0.2144892215728759,-0.2493222057819366,9.603591918945312,-52.56622314453125,55.908729553222656,16.461444854736328,15.163863182067873,0.5819792809462554,15.483741112601574,0.0841707959771156,1.3043546676635742,0.0,0.00025,-1.590456247329712,-1.491006851196289,0.2038325816392898,0.2251458466053009,0.0003,51.316890716552734
2,210,84000,-0.0019575845993165,88.10491561889648,0.2437369698286056,0.0022209149319678,0.0078249999694526,0.569252610206604,0.2143222838640213,1.6421668529510498,9.647055625915527,-49.55646896362305,92.5605926513672,18.66583633422852,14.6988525390625,0.5850675780749388,17.682757604988907,0.0826163738965988,1.0231599807739258,0.0,0.0,-1.591358304023743,-1.491673707962036,0.2036487907171249,0.2249957621097564,0.0003,37.73027038574219
2,220,88000,-0.0018204134721658,61.12643634796142,0.2475705261528492,0.0019972620066255,0.0107499999506399,0.6865319609642029,0.2136558890342712,0.9985728859901428,7.898902893066406,-50.24566650390625,46.202728271484375,18.294921875,14.108152389526367,0.5166870961503336,9.901193517794324,0.0673042610287666,1.2164275646209717,0.0,0.0,-1.593577265739441,-1.4955989122390747,0.2031974196434021,0.224114328622818,0.0003,26.653711318969727
2,230,92000,-0.0018095167542636,38.173489818573,0.2593148371577263,0.0024891777429729,0.0152749999426305,0.7758811116218567,0.2118909657001495,0.21393483877182,6.282886028289795,-27.85933494567871,28.693744659423828,19.16670036315918,13.27149772644043,0.5719458314822053,7.490927701999507,0.0831507071852684,0.738793671131134,0.0,0.0,-1.6011638641357422,-1.504536271095276,0.2016616612672805,0.2221202701330185,0.0003,17.57512664794922
2,240,96000,-0.0022303486513021,70.66710067749024,0.2782001367211342,0.0034919313620775,0.0211749999318271,0.6134874820709229,0.2094808965921402,0.6620215177536011,8.483000755310059,-27.48745346069336,91.92825317382812,20.755504608154297,13.644817352294922,0.544923306342355,8.69923343577529,0.0906034335494041,1.066004753112793,0.0,0.0,-1.6130236387252808,-1.5155940055847168,0.1992841362953186,0.2196776717901229,0.0003,48.79629135131836
2,250,100000,-0.001852039665338,48.26720455169678,0.3003514057397842,0.0039139087311923,0.0138749999646097,0.6972577571868896,0.2072406858205795,-0.2788320779800415,7.108178615570068,-49.829708099365234,43.33089828491211,17.966527938842773,12.918789863586426,0.5738642368287756,8.209957081435455,0.1000351756811142,1.024355173110962,0.0,0.0,-1.625234842300415,-1.5250235795974731,0.196865439414978,0.217615932226181,0.0003,26.41983985900879
2,260,104000,-0.0013096717041582,55.05602027893067,0.3166240897774696,0.0037188157439231,0.0135499999998137,0.6872861385345459,0.2067336142063141,0.6008572578430176,7.493200302124023,-38.34895324707031,61.62907028198242,18.115703582763672,13.399659156799316,0.5519017074922103,8.017367257455536,0.0756461843848228,1.0575714111328125,0.0,0.0,-1.632891058921814,-1.5227866172790527,0.1953639388084411,0.2181032598018646,0.0003,27.52228164672852
2,270,108000,-0.0025957386688061,104.50041389465332,0.3193379864096641,0.0059447609819471,0.0449000000860542,0.5169588327407837,0.2063663452863693,-2.252958059310913,10.372745513916016,-57.74357986450195,56.47144317626953,15.006732940673828,14.92456340789795,0.62168451953979,18.111771498905973,0.0882433354854583,0.6761484146118164,0.00025,0.0005,-1.6347943544387815,-1.524452567100525,0.1949924677610397,0.2177402228116989,0.0003,48.43868637084961
2,280,112000,-0.0017003621345451,32.059594039916995,0.3260189807415009,0.0030282586812973,0.0156999999890103,0.7939629554748535,0.2054618000984192,-0.5148658156394958,5.707113742828369,-31.499025344848636,25.208452224731445,17.618059158325195,12.57314395904541,0.5893862451814147,6.9250663066330285,0.0823425352573394,0.7557148933410645,0.0,0.0,-1.6456118822097778,-1.5231268405914309,0.1928944885730743,0.2180290818214416,0.0003,12.073978424072266
2,290,116000,-0.000820959472923,35.281744709014895,0.3304313603043556,0.0023984550498425,0.0138500000350177,0.7733231782913208,0.2059220969676971,-0.8962316513061523,6.218006134033203,-30.00736618041992,37.04472732543945,16.50885581970215,13.060132026672363,0.5877328703809035,11.971613028295224,0.0582431368529796,0.9088959693908693,0.0,0.0,-1.6474454402923584,-1.517300724983215,0.1925411522388458,0.2193030416965484,0.0003,17.36359405517578
2,300,120000,-0.0026201024572197,116.35010383605956,0.3256831142306328,0.0033156592398881,0.0241000000061467,0.4927346706390381,0.2058043479919433,0.6164306402206421,11.181699752807615,-63.09339904785156,61.52925109863281,15.778087615966797,15.699660301208496,0.6890211673430278,16.98101271748115,0.0650136247277259,1.3353395462036133,0.0,0.0,-1.641558051109314,-1.523578405380249,0.1936780512332916,0.2179306447505951,0.0003,57.56474685668945
2,310,124000,-0.0015293516447207,124.01087608337404,0.3282115730643272,0.0032391040585935,0.0127749999891966,0.4780930876731872,0.2056361436843872,-0.2007611393928527,11.298541069030762,-76.81390380859375,58.3608627319336,17.64906120300293,15.639607429504396,0.5903057530774705,14.555807306265194,0.0821819975972175,1.115214705467224,0.0,0.0,-1.6408424377441406,-1.5257606506347656,0.1938166916370391,0.217455580830574,0.0003,66.83745574951172
2,320,128000,-0.0005512397766786,29.21901105880737,0.322834957242012,0.0028517025057226,0.0143250000057742,0.7585185766220093,0.2066867351531982,-0.6428582668304443,5.419897556304932,-36.941314697265625,19.23773193359375,16.32267189025879,11.029333114624023,0.5667137530519045,6.953091438862539,0.1057436764240264,0.3812849223613739,0.0,0.0,-1.6336995363235474,-1.522492527961731,0.1952060759067535,0.2181674093008041,0.0003,19.21292304992676
2,330,132000,-0.0029846907476872,132.76887252807617,0.3223002964258194,0.0043067866936326,0.0232750000152736,0.4092658758163452,0.2058106660842895,-0.0691497772932052,11.563430786132812,-81.43795776367188,58.20418167114258,17.24020004272461,15.04494857788086,0.5690196948064353,13.686139386035752,0.1004392877221107,0.6031919717788696,0.0,0.0,-1.641343355178833,-1.5237112045288086,0.1937196403741836,0.2179017066955566,0.0003,70.25621032714844
2,340,136000,-0.0030488684721043,82.49858531951904,0.3292355021834373,0.0032009086571633,0.0335750002134591,0.5714824199676514,0.205445647239685,-0.4088263511657715,9.189135551452637,-67.88284301757812,50.52409362792969,15.984652519226074,14.037517547607422,0.6368934400569766,11.350699021784036,0.072909265756607,0.8415918350219727,0.0,0.0,-1.646697759628296,-1.5223150253295898,0.1926851421594619,0.2182061523199081,0.0003,34.86139678955078
2,350,140000,-0.0017623176325752,99.42331420898438,0.3333291581273079,0.0020709040109068,0.0097499999823048,0.485798716545105,0.2049160599708557,0.5159008502960205,10.03288459777832,-58.70148086547852,89.18325805664062,16.833890914916992,13.991337776184082,0.6163505464717456,10.815528360820265,0.0800638869404792,1.0801528692245483,0.0,0.0,-1.648993968963623,-1.525147795677185,0.1922432035207748,0.2175889015197754,0.0003,51.24681854248047
2,360,144000,-0.001244407718363,55.82327526092529,0.3474627554416656,0.0022326565813273,0.0102999999839812,0.6530230045318604,0.2023611068725586,-0.187696486711502,7.531915187835693,-46.22901916503906,34.23004150390625,17.291854858398438,12.786601066589355,0.5165086577366897,9.854798197921284,0.0958418622612953,0.510307252407074,0.0,0.0,-1.6633727550506592,-1.5360785722732544,0.1894987672567367,0.2152234464883804,0.0003,27.420818328857425
2,370,148000,-0.0046532920738833,45.54451583862305,0.3688749447464943,0.0068214619532227,0.0615499998768791,0.657906174659729,0.2008982896804809,1.3938335180282593,6.83629035949707,-28.10358047485352,41.6151123046875,18.13389015197754,11.688206672668455,0.5926114489297195,10.368363541284308,0.1323921978473663,0.7042942047119141,0.0,0.0,-1.6781879663467407,-1.5367238521575928,0.1867119818925857,0.2150845974683761,0.0003,25.749038696289062
2,380,152000,-0.0007560653976341,68.83642309188843,0.3846748435497284,0.0036997601855546,0.0153000000352039,0.5978939533233643,0.1993082463741302,0.6493183374404907,8.491619110107422,-106.4956283569336,43.417755126953125,18.64333152770996,13.391222953796388,0.7165921338809246,9.169097873906964,0.0881506353616714,1.3611980676651,0.0,0.0,-1.6843644380569458,-1.5462088584899902,0.1855623424053192,0.2130541503429412,0.0003,35.38413619995117
2,390,156000,-0.0020458269948445,70.65357494354248,0.3981575167179108,0.0031805348116904,0.0207749999919906,0.6016185283660889,0.1980431377887725,-1.2946789264678955,8.57653522491455,-50.33562088012695,34.93887710571289,17.591854095458984,13.588212013244627,0.5677097314566378,13.993377842388927,0.0981478244066238,0.7713618278503418,0.0,0.0,-1.6910626888275146,-1.5522887706756592,0.1843235194683075,0.2117627561092376,0.0003,33.747169494628906
2,400,160000,-0.002923779387799,23.588578090667724,0.3990450605750084,0.0046947291120886,0.0292749999603256,0.8401963114738464,0.1991513669490814,-0.2952597737312317,4.932950496673584,-32.87611389160156,36.72799682617188,17.308330535888672,12.339948654174805,0.5377817267208259,5.582936762662671,0.0982066392898559,0.6783830523490906,0.0,0.0,-1.6749025583267212,-1.5560094118118286,0.187326431274414,0.2109763026237487,0.0003,10.71816635131836
2,410,164000,-0.0008892611160765,78.43929252624511,0.3915584102272987,0.0026612088549882,0.0097999999299645,0.5648425817489624,0.1993382275104522,-1.8646563291549685,9.015216827392578,-84.14813995361328,46.58740997314453,15.51886749267578,13.666363716125488,0.5663257358697352,17.74348885317055,0.0581336729228496,0.78611820936203,0.0,0.0,-1.669426202774048,-1.5591187477111816,0.1883551180362701,0.2103213369846344,0.0003,36.659446716308594
2,420,168000,-0.0023592676058207,36.02653858184814,0.4009820526838302,0.0042496384121477,0.0230250000581145,0.7685754299163818,0.1970934271812439,0.3558637797832489,6.025716781616211,-41.30753326416016,37.72000503540039,16.048093795776367,12.5257568359375,0.5264481417539861,7.647259624047805,0.1246672570705413,0.4556432962417602,0.0,0.0,-1.6801694631576538,-1.5709651708602903,0.1863424032926559,0.207844465970993,0.0003,13.937592506408691
2,430,172000,-0.0021085051226167,58.37324104309082,0.4174702474474906,0.0059266756288707,0.0327750000730156,0.6629613041877747,0.1962809413671493,-0.2675661444664001,7.696222305297852,-38.25032806396485,47.352169036865234,15.600789070129396,13.256770133972168,0.5321692324262965,8.59250422698809,0.1058734059333801,0.703740656375885,0.0,0.0,-1.6876009702682495,-1.57214617729187,0.1849627196788787,0.2075991481542587,0.0003,20.21434211730957
2,440,176000,-0.0022981163807147,33.969881992340085,0.4190263319015503,0.0036968209315091,0.0270500001031905,0.7556677460670471,0.197004809975624,0.8067346811294556,5.915243625640869,-26.49620056152344,37.179954528808594,16.708742141723633,11.966917037963867,0.5774244199186686,7.417361078520392,0.1091910451650619,0.5964952111244202,0.0,0.0,-1.6821609735488892,-1.570034742355347,0.185971662402153,0.2080379575490951,0.0003,12.87515926361084
2,450,180000,-0.0021537467819172,50.58248540878296,0.4086659157276153,0.0047143073752522,0.0293500001216307,0.692154049873352,0.1981846541166305,-0.0230233613401651,7.196734428405762,-42.91495132446289,50.5341682434082,16.854793548583984,12.970858573913574,0.5376189120804784,8.833394364267821,0.0945318639278411,0.8420357704162598,0.0,0.0,-1.6763030290603638,-1.5639625787734983,0.1870642602443695,0.2093050330877304,0.0003,25.40296173095703
2,460,184000,-0.0018175318825175,51.97750221252441,0.4034387072920799,0.0039162626489996,0.0174499999638646,0.6329289674758911,0.197586327791214,1.225275635719299,7.313159942626953,-33.866111755371094,41.213226318359375,17.627155303955078,12.070631980895996,0.4865697672677959,9.614033849586171,0.1101903021335601,0.8914358019828796,0.0,0.0,-1.677800536155701,-1.568352222442627,0.1867843568325042,0.2083882838487625,0.0003,26.68605613708496
2,470,188000,-0.0009937897244788,42.03318239212036,0.4114944386482239,0.0034333351068198,0.0143999999994412,0.6983073949813843,0.1967687010765075,-0.2726621925830841,6.538776874542236,-40.38886260986328,26.908830642700195,17.328994750976562,11.904582977294922,0.562593449731436,8.331552452228365,0.1200077161192894,0.4556031227111816,0.0,0.0,-1.6810169219970703,-1.5733332633972168,0.1861845552921295,0.2073528617620468,0.0003,17.558048248291016
2,480,192000,-0.0012645463032997,130.57754962921143,0.4190866756439209,0.0032956555951386,0.0088999998848885,0.4082074761390686,0.1963666975498199,0.6480350494384766,11.593149185180664,-55.36954498291016,154.52813720703125,18.016233444213867,15.07011890411377,0.5432528855523014,17.3945705133196,0.0899309292435646,0.7773356437683105,0.0,0.0,-1.6768980026245115,-1.58094584941864,0.186952993273735,0.2057803869247436,0.0003,30.55510902404785
2,490,196000,-0.000991897605019,54.54715133666992,0.4226860082149505,0.0025433257687836,0.0168749999860301,0.6442931890487671,0.1957605183124542,0.4445051848888397,7.421602725982666,-39.4676513671875,41.23687362670898,17.82736587524414,12.44375991821289,0.5413734688599586,9.091776273632084,0.0899333581328392,0.6507483720779419,0.0,0.0,-1.6778247356414795,-1.5860084295272827,0.1867798268795013,0.2047412246465683,0.0003,28.941650390625
2,500,200000,-0.0015909059592348,53.40173168182373,0.4330657386779785,0.0042030233889818,0.0180249999510124,0.6522601842880249,0.194136843085289,-0.2840665280818939,7.381328582763672,-35.98750686645508,35.03724670410156,18.248464584350582,12.517204284667969,0.5165476177512669,8.32131432230149,0.1042587235569953,0.7520594000816345,0.0,0.0,-1.675050973892212,-1.60457444190979,0.1872986257076263,0.2009750604629516,0.0003,33.1652946472168
2,510,204000,-0.0020379379485268,44.21168897628784,0.4389923068881035,0.0032062581740319,0.0211749999504536,0.6846426129341125,0.1948195397853851,-0.3628150820732116,6.700242042541504,-27.287981033325195,52.82261276245117,17.251535415649414,11.931333541870115,0.6082243059597285,7.247870681655724,0.0786079317331314,0.6479295492172241,0.0,0.0,-1.6804673671722412,-1.59281587600708,0.1862868815660476,0.2033521831035614,0.0003,20.632984161376957
2,520,208000,-0.001094527894142,74.81891052246094,0.4344708415865898,0.0040576914325356,0.0153750000335276,0.5547200441360474,0.1948224455118179,-0.6153321266174316,8.735888481140137,-45.06930541992188,40.33573913574219,16.96014404296875,13.091533660888672,0.5801212970156843,10.883423327944024,0.1113296300172805,0.660489559173584,0.0,0.0,-1.679610252380371,-1.5935730934143066,0.1864466220140457,0.2031982690095901,0.0003,37.11296081542969
2,530,212000,-0.0008649399291152,71.37959075927735,0.4313934421539306,0.0042732139118015,0.0185000000381842,0.5964601635932922,0.1957077980041504,-0.0370437018573284,8.616518020629883,-60.97328567504883,34.264530181884766,16.461078643798828,13.564024925231934,0.5186789304031236,10.463553993480629,0.0927493497729301,0.7593292593955994,0.0,0.0,-1.6709827184677124,-1.592809796333313,0.1880621612071991,0.2033534198999405,0.0003,37.31752395629883
2,540,216000,-0.0023959347683019,62.4706372833252,0.4221161392331123,0.0037184122484177,0.025124999913387,0.6547410488128662,0.1964455544948578,-0.8345569372177124,8.00932502746582,-68.67996978759766,56.32671356201172,16.21465492248535,13.630865097045898,0.5283118424302241,10.688089930186033,0.0881294533610344,0.7191961407661438,0.0,0.0,-1.6662137508392334,-1.589978814125061,0.1889611631631851,0.2039299309253692,0.0003,30.82773971557617
2,550,220000,-0.001650211368392,63.146546897888186,0.4220850613713264,0.0031568352133035,0.0136000000266358,0.6414819955825806,0.1957876682281494,-1.0693663358688354,8.007630348205566,-42.299110412597656,47.16357421875,14.875454902648926,13.373604774475098,0.5250050369119541,9.155219950081737,0.1155519187450409,0.8554022312164307,0.0,0.0,-1.6686614751815796,-1.5941742658615112,0.1884992122650146,0.2030761390924453,0.0003,39.366641998291016
2,560,224000,-0.0028089595872974,58.8984631729126,0.4345025861263275,0.0041286572813987,0.0277500000316649,0.6864076852798462,0.1937687397003173,0.5758212804794312,7.691746711730957,-38.93863677978516,33.447879791259766,14.836784362792969,13.735429763793944,0.4912494090156427,8.549219251468237,0.1054490506649017,0.4545804560184479,0.0,0.0,-1.6748602390289309,-1.608422875404358,0.1873343735933303,0.2002031207084655,0.0003,29.288537979125977
2,570,228000,-0.002099281308273,30.16451961517334,0.4488483756780624,0.0035979524254798,0.0267000000644475,0.7872591018676758,0.1931614279747009,1.2216047048568726,5.531509876251221,-40.27582931518555,29.213150024414062,17.002397537231445,11.9927339553833,0.54887165737687,8.953965654225797,0.1188127398490905,0.5930660963058472,0.0,0.0,-1.6780133247375488,-1.611548900604248,0.1867446154356002,0.1995782405138015,0.0003,12.436813354492188
2,580,232000,-0.0023912567253428,64.50943809509278,0.4570118433237076,0.0043853064998984,0.0183499999903142,0.6435022354125977,0.191940039396286,0.7898232340812683,8.151195526123047,-46.62833786010742,54.94167709350586,16.351064682006836,13.651893615722656,0.5546781017572018,13.330637941046454,0.0923166051506996,0.8203290104866028,0.0,0.0,-1.6809141635894775,-1.6211239099502563,0.18620365858078,0.197676420211792,0.0003,30.285524368286133
2,590,236000,-0.0038787534038419,45.04185314178467,0.4649060949683189,0.0048529072664678,0.0407000001100823,0.7412115931510925,0.1917996108531952,0.1855027377605438,6.752317905426025,-51.04669189453125,39.651126861572266,16.76368522644043,13.273348808288574,0.4657618505574797,8.36397994946345,0.1116746589541435,0.587602436542511,0.0,0.0,-1.6832751035690308,-1.6203237771987915,0.1857645660638809,0.197834625840187,0.0003,23.397741317749023
2,600,240000,-0.0014447219584631,82.67827770233154,0.4647186025977134,0.0024757466744631,0.0106249998882412,0.6157837510108948,0.1920039057731628,-0.7978869676589966,9.277463912963867,-78.1026611328125,51.96090698242188,16.072010040283203,14.967230796813965,0.5284431391133665,13.174978775890484,0.0858988910913467,0.8598789572715759,0.0,0.0,-1.6783617734909058,-1.6228865385055542,0.1866795271635055,0.1973282694816589,0.0003,38.012542724609375
2,610,244000,-0.00205091107935,97.65403923034668,0.464517593383789,0.0030391830950975,0.019949999935925,0.6140294075012207,0.1920122504234314,-0.9988566637039183,9.966522216796877,-84.65336608886719,47.06562805175781,14.74339199066162,16.042295455932617,0.5358320576136779,12.167181640839688,0.115434855222702,0.708824872970581,0.0,0.0,-1.6771172285079956,-1.6239808797836304,0.1869120299816131,0.1971124559640884,0.0003,33.388423919677734
2,620,248000,-0.0008154162390441,67.96944236755371,0.464275457561016,0.0051685920916497,0.0235500000603497,0.637757420539856,0.1915762275457382,-0.0292741544544696,8.46321964263916,-39.806114196777344,43.07148742675781,12.852898597717283,14.061636924743652,0.5086859998545971,11.337679017777347,0.0853327363729476,0.7601099610328674,0.0,0.0,-1.6740498542785645,-1.63134503364563,0.1874862313270568,0.1956662088632583,0.0003,31.964506149291992
2,630,252000,-0.0025620557831542,115.78232681274416,0.4636627098917961,0.0061946520581841,0.0390499999001622,0.4187214374542236,0.1925099045038223,-0.6027889847755432,10.981510162353516,-50.73966979980469,60.270057678222656,14.455120086669922,14.403562545776367,0.5511726286817451,13.189073672465833,0.1077575460076332,1.0064352750778198,0.0,0.0,-1.666357159614563,-1.6292033195495603,0.1889340728521347,0.1960857212543487,0.0003,61.61495590209961
2,640,256000,-0.0022151045528444,43.91027904510498,0.452977964580059,0.003443235065788,0.0210499999765306,0.6348439455032349,0.1932043731212616,0.252444863319397,6.766181945800781,-45.312461853027344,33.98090744018555,14.71132755279541,11.197071075439451,0.4874623170760281,8.113928431121069,0.1009000316262245,0.9685679078102112,0.0,0.0,-1.6558144092559814,-1.6323367357254028,0.1909364908933639,0.1954722702503204,0.0003,23.90722274780273
2,650,260000,-0.0007748855556899,48.48594860076904,0.4458383923768997,0.0015697020571678,0.007874999968335,0.5576948523521423,0.194116860628128,1.2110488414764404,7.088077068328857,-35.09003448486328,60.11738967895508,15.821166038513184,10.657795906066896,0.518114092723273,7.733879174250759,0.0662218108773231,0.8628580570220947,0.0,0.0,-1.6593396663665771,-1.6196441650390625,0.1902645826339721,0.1979691237211227,0.0003,27.78156852722168
2,660,264000,-0.0013295733368235,72.42815040588378,0.4490561372041702,0.0037759903352707,0.0171499999985098,0.4247869849205017,0.1921159029006958,0.238248661160469,8.563092231750488,-37.52781677246094,76.39192199707031,15.986491203308104,11.290579795837402,0.462728098209333,7.347419357961249,0.1087009087204933,0.7325676083564758,0.0,0.0,-1.6672509908676147,-1.632366180419922,0.1887652724981308,0.1954665184020996,0.0003,34.85309600830078
2,670,268000,-0.000919816116846,38.59253074645997,0.4648737701773643,0.0055523854680359,0.0341750001395121,0.5959402322769165,0.1920514851808548,-0.1469441801309585,6.243841648101807,-40.72570037841797,36.59702301025391,15.93523406982422,9.822659492492676,0.5129410549965459,5.743522515646118,0.1285221576690673,0.6124694347381592,0.0,0.0,-1.661588430404663,-1.6385281085968018,0.1898371875286102,0.1942657679319381,0.0003,20.63253402709961
2,680,272000,-0.0009844800560895,105.60922760009764,0.4624430724978447,0.0036586851347237,0.0163499999837949,0.2892349362373352,0.1919802725315094,0.445463091135025,10.582501411437988,-53.72774887084961,55.9228744506836,16.831207275390625,12.552356719970703,0.5118493336342076,11.91694862257874,0.0744950771331787,1.6323587894439695,0.0,0.0,-1.6608164310455322,-1.640017032623291,0.1899838149547577,0.1939767301082611,0.0003,46.67073440551758
2,690,276000,-0.0010891598900689,63.67775108337403,0.4656327292323112,0.0033367804717272,0.0083999999053776,0.512893557548523,0.1912655383348465,-1.5250693559646606,8.118762016296387,-64.78314208984375,30.699357986450195,14.810280799865724,11.632628440856934,0.4978708265737026,9.240331567675714,0.0961005166172981,0.9249045848846436,0.0,0.0,-1.6627206802368164,-1.6455382108688354,0.1896223574876785,0.1929087191820144,0.0003,22.93329620361328
2,700,280000,-0.0039228322912356,46.24913055419922,0.4765023174881935,0.0056667015887796,0.0467499999515712,0.595613420009613,0.1899463534355163,0.5155616402626038,6.832909107208252,-38.44342422485352,37.95867919921875,15.09657859802246,10.745020866394045,0.5429834132151958,6.7869739262693125,0.1147871315479278,0.4597501158714294,0.0,0.0,-1.660817265510559,-1.6612099409103394,0.1899836361408233,0.1899090707302093,0.0003,20.783863067626957
2,710,284000,-0.0033264388491516,55.91857494354248,0.4901228758692741,0.0043630371801555,0.0320499999122694,0.5132308006286621,0.1886548399925232,1.2763210535049438,7.521052360534668,-41.184513092041016,36.24408721923828,16.910133361816406,10.77995777130127,0.5358073762749265,8.320749370036665,0.120341382920742,0.8530236482620239,0.0,0.0,-1.6725003719329834,-1.6631935834884644,0.1877769529819488,0.1895327121019363,0.0003,31.80903434753418
2,720,288000,-0.0015420872062211,24.56279857635498,0.5018645185232162,0.0033583040349185,0.027650000010617,0.6833226680755615,0.1880193054676056,0.3775091767311096,5.024148464202881,-21.256589889526367,17.81873321533203,16.676639556884766,8.927995681762695,0.5353059433144919,5.113678286186943,0.0911328643560409,0.8376975655555725,0.0,0.0,-1.6731352806091309,-1.6692898273468018,0.1876577883958816,0.1883808076381683,0.0003,11.72752571105957
2,730,292000,-0.0031351531948195,38.584988327026366,0.5155711185932159,0.0054561141878366,0.0391250000568106,0.5732933878898621,0.185826301574707,0.4831434190273285,6.363138198852539,-35.09820938110352,38.43360900878906,17.673023223876953,9.741070747375488,0.558417732937206,6.015440942821317,0.0892728790640831,1.2623839378356934,0.0,0.00025,-1.685484766960144,-1.6804075241088867,0.185354545712471,0.1862980425357818,0.0003,16.30306625366211
2,740,296000,-0.0011927144926012,118.23319374084473,0.5268204152584076,0.0035648054908961,0.0143000000528991,0.4061388373374939,0.1862213164567947,-1.885335922241211,11.06239891052246,-71.14417266845703,40.55577087402344,15.827262878417969,14.355121612548828,0.6309963905425845,16.817162739806705,0.0638383626937866,0.7303492426872253,0.0,0.0,-1.6811976432800293,-1.6804413795471191,0.1861508935689926,0.1862917244434356,0.0003,54.65232467651367
2,750,300000,-0.0006061078222308,40.76440725326538,0.5303135943412781,0.0030481168068945,0.0174000000068917,0.6814942359924316,0.1846871376037597,0.719812273979187,6.465999603271484,-34.30284118652344,28.28993225097656,16.713890075683594,11.457159996032717,0.553084477586911,7.450346301990542,0.0771212503314018,0.7944767475128174,0.0,0.0,-1.689430594444275,-1.6887537240982056,0.1846246272325515,0.1847496330738067,0.0003,19.1213436126709
2,760,304000,-0.0026068434942222,78.55604209899903,0.549240534901619,0.0058504380285739,0.0453500000806525,0.4693799018859863,0.1829168498516082,0.1599077135324478,8.975431442260742,-58.38250732421875,44.906028747558594,17.02413558959961,12.321497917175291,0.5475564970777179,9.631598708596638,0.1046272665262222,1.0111424922943115,0.0,0.0,-1.7008001804351809,-1.6966514587402344,0.1825373917818069,0.183296263217926,0.0003,30.30597686767578
2,770,308000,-0.0009821517115662,52.59397504806518,0.5601248955726623,0.0037335958331823,0.0225500000128522,0.6017709970474243,0.1829499900341034,-0.2094055116176605,7.287009239196777,-33.85123443603516,60.49922943115234,17.24956512451172,11.547364234924316,0.6446485709939296,7.925893157867806,0.0794837474822998,0.4458657503128052,0.0,0.0,-1.6932491064071655,-1.7038639783859253,0.1839209645986557,0.1819790005683899,0.0003,25.825050354003903
2,780,312000,-0.0036525766286853,47.0561124420166,0.5599630576372147,0.0067227059043943,0.0428000001655891,0.6185306906700134,0.1826712489128112,0.7983763217926025,6.860672473907471,-56.76214599609375,30.84039306640625,17.19488525390625,11.108025550842283,0.5400983558456373,7.285159805203921,0.1281303763389587,0.330719918012619,0.0,0.0,-1.6999610662460327,-1.7001733779907229,0.1826906204223632,0.1826518476009369,0.0003,23.57982635498047
2,790,316000,-0.0023094851876623,101.37135810852052,0.5602038788795471,0.0030626801308244,0.0245249999733641,0.3796442747116089,0.1828684508800506,-0.1378225088119506,10.140986442565918,-51.75102233886719,47.2496223449707,17.48066520690918,12.875372886657717,0.5978215379309368,8.76961506057196,0.079368881881237,0.5963684320449829,0.0,0.0,-1.69959819316864,-1.6983786821365356,0.1827569305896759,0.1829799562692642,0.0003,44.53619384765625
2,800,320000,-0.0021764744431304,39.72119867324829,0.5639947062730789,0.0037912514526396,0.0398249999107793,0.6230764389038086,0.1823209226131439,-0.7501092553138733,6.385403156280518,-42.34233093261719,33.98224639892578,17.160425186157227,10.400678634643556,0.6480336694292821,7.059281580196147,0.0727518796920776,0.9976844191551208,0.0,0.0,-1.699968934059143,-1.704008936882019,0.1826891899108886,0.1819526106119156,0.0003,17.298931121826172
2,810,324000,-0.0036669963489301,152.73235740661622,0.5633818238973618,0.0037366426549851,0.0175499998638406,0.3309589028358459,0.1829213201999664,-2.050938129425049,12.85677719116211,-104.65941619873048,58.756446838378906,14.865177154541016,15.718305587768556,0.6549690450273354,26.928470375983043,0.0888174697756767,1.7386009693145752,0.0,0.0,-1.6961660385131836,-1.701238751411438,0.1833852529525756,0.1824573576450348,0.0003,70.19728088378906
2,820,328000,-0.0015398933526535,70.88440097808838,0.5572746735811234,0.004179872572422,0.0201749999634921,0.5359107851982117,0.183361530303955,-1.0164839029312134,8.574129104614258,-79.7702865600586,38.24462890625,14.11160373687744,12.586045265197754,0.5625881855788335,10.511359585739942,0.0662817433476448,1.5336989164352417,0.0,0.0,-1.6899265050888062,-1.7027053833007812,0.1845330744981765,0.1821899563074112,0.0003,29.701208114624023
2,830,332000,-0.0013278179328557,95.14367317199708,0.5571591192483902,0.0046020420268177,0.016250000083819,0.3721969723701477,0.1824194490909576,1.9965790510177608,9.91337776184082,-33.86942672729492,80.5409164428711,16.451337814331055,12.511515617370604,0.5737315298801368,15.908726539381794,0.0742621421813964,0.6553754210472107,0.0,0.0,-1.6977324485778809,-1.705174684524536,0.1830982267856598,0.1817406266927719,0.0003,39.76747512817383
2,840,336000,-0.0033273417243384,67.64328800201416,0.5712335187196732,0.0029189006891101,0.0206249999487772,0.4855468869209289,0.1815165579319,-0.4695242941379547,8.52462100982666,-57.73845672607422,36.470645904541016,15.782655715942385,11.88508129119873,0.6414948318003638,11.398053937776144,0.0814055949449539,0.9801201224327089,0.0,0.0,-1.704629898071289,-1.7081900835037231,0.1818396598100662,0.1811934262514114,0.0003,27.277565002441406
2,850,340000,-0.0010824747835227,86.51520233154297,0.5736141133308411,0.003829623805359,0.0208250000374391,0.4445449709892273,0.1819090992212295,0.5681142210960388,9.386266708374023,-53.47465515136719,51.08042907714844,15.932289123535156,12.594138145446776,0.6201423824691447,9.25031248783968,0.0869715064764022,0.6866569519042969,0.0,0.0,-1.699766993522644,-1.708749532699585,0.1827261000871658,0.181092083454132,0.0003,40.48333358764648
2,860,344000,-0.0023570217410444,122.7005598449707,0.5717765057086944,0.0043306490406394,0.034775000102818,0.3355857133865356,0.1815267205238342,0.0945576205849647,11.179221153259276,-52.005645751953125,66.8577880859375,16.517335891723633,13.71488094329834,0.5781299488281803,11.285980729459135,0.0841898545622825,0.8715222477912903,0.0,0.0,-1.706012487411499,-1.706692457199097,0.1815884262323379,0.1814649999141693,0.0003,72.33518981933594
2,870,348000,-0.0010988825042615,61.17132598876953,0.5763052713871002,0.0035508074797689,0.0298999999370425,0.492106556892395,0.1812984943389892,0.2488451898097992,7.843227386474609,-32.78131866455078,54.46734619140625,16.87312889099121,11.005467414855955,0.5948193925593901,7.064064867099115,0.1011992990970611,0.5230736136436462,0.0,0.0,-1.714863419532776,-1.7004096508026123,0.1799883097410202,0.1826086938381195,0.0003,22.28850746154785
2,880,352000,-0.0013186048942247,115.3730143737793,0.5763494032621383,0.0039371429011225,0.0194500000076368,0.458793580532074,0.1817400157451629,-2.5041449069976807,10.956841468811035,-58.11086654663086,55.92206954956055,13.943130493164062,14.89374542236328,0.6128048444297503,19.78358201608447,0.062099702656269,0.7877675890922546,0.0,0.0,-1.718807816505432,-1.691731572151184,0.1792797446250915,0.1842003017663955,0.0003,57.12530899047852
2,890,356000,-0.0016511988911828,126.45060699462891,0.5739229422807693,0.0037799917627125,0.0261249999376013,0.4793611168861389,0.1814347207546234,0.590021550655365,11.301790237426758,-60.00817108154297,77.43099975585938,14.205503463745115,15.663143157958984,0.5872766141866701,10.420725630643648,0.0989813804626464,0.7098792195320129,0.0,0.0,-1.7229273319244385,-1.6910454034805298,0.1785427033901214,0.1843267232179641,0.0003,64.09268951416016
2,900,360000,-0.0018281728744848,99.8171556854248,0.5788369935750961,0.0031817096751183,0.0240000001108273,0.5577123165130615,0.1807212382555008,-0.953887701034546,10.117619514465332,-51.44952392578125,52.77204895019531,13.646306991577148,15.213388442993164,0.6262996018318152,13.663736685708118,0.0650931894779205,0.8735716342926025,0.0,0.0,-1.7280471324920654,-1.693844437599182,0.1776309460401535,0.1838115155696869,0.0003,39.5969123840332
2,910,364000,-0.0011955132096807,76.95254795074463,0.5813208049535752,0.0030080243013799,0.0193500000145286,0.564691960811615,0.1814223527908325,0.998913049697876,8.867049217224121,-40.83061218261719,54.3765983581543,14.534246444702148,13.439428329467772,0.602468145055237,10.494595639461544,0.0756841078400611,0.5798729658126831,0.0,0.0,-1.721049666404724,-1.6930019855499268,0.1788782775402069,0.1839664280414581,0.0003,34.81024169921875
2,920,368000,-0.0033434351864263,138.95973976135255,0.5759446805715561,0.0038475170731544,0.0267999999783933,0.4065184593200683,0.1812652945518493,1.0414527654647827,11.87324047088623,-49.58861923217773,74.46134948730469,15.54794692993164,15.412236213684082,0.6396073917295351,15.444986440323216,0.0580215565860271,0.7146541476249695,0.0,0.0,-1.719481348991394,-1.6962409019470217,0.1791590452194214,0.1833715289831161,0.0003,77.50690460205078
2,930,372000,-0.0013665425792362,156.20792892456055,0.5777312624454498,0.0021910562645643,0.0089499999582767,0.4317708015441894,0.1813633739948272,-2.3068606853485107,12.788686752319336,-65.97444152832031,62.229122161865234,13.819402694702148,16.965402603149414,0.6965092077342989,26.389596294776844,0.0553663223981857,1.091136813163757,0.0,0.00025,-1.717468500137329,-1.6971402168273926,0.1795200258493423,0.183206707239151,0.0003,77.00591278076172
2,940,376000,-0.002675782954194,174.00983825683593,0.5722290629148483,0.004188141785562,0.0206999999377876,0.4429874420166015,0.1821890175342559,-0.4752906560897827,13.253082275390623,-85.04104614257812,83.25117492675781,12.696760177612305,17.757604598999023,0.5789955692926084,14.093623891337389,0.1008713766932487,0.9607139229774476,0.0,0.0,-1.7129740715026855,-1.6925512552261353,0.18032868206501,0.184049367904663,0.0003,92.764892578125
2,950,380000,-0.0023627994021182,234.85027755737303,0.5662678426504135,0.0034409326035529,0.0193249999778345,0.1995331048965454,0.1823527514934539,1.019168734550476,15.876680374145508,-64.68646240234375,105.0119171142578,13.771444320678713,17.74549102783203,0.6588364490669477,30.206618296424608,0.0541801787912845,1.114569067955017,0.0,0.00025,-1.715703368186951,-1.688111424446106,0.179837167263031,0.1848683357238769,0.0003,113.39894104003906
2,960,384000,-0.0029485309431442,116.85353340148926,0.5632126021385193,0.0066010975278913,0.0418750000605359,0.3893303871154785,0.1829127073287964,-0.3884499371051788,11.242423057556152,-77.95886993408203,64.22352600097656,14.22970485687256,14.386553764343262,0.6221547859287128,18.950324603756243,0.0700926110148429,1.390844702720642,0.0,0.0,-1.713083028793335,-1.6846121549606323,0.1803090423345565,0.1855163723230362,0.0003,48.88508605957031
2,970,388000,-0.0007703678443896,103.58503105163574,0.5612883722782135,0.0029145437292754,0.0115749999694526,0.4750331044197082,0.1824167370796203,2.0270321369171143,10.249001502990724,-54.18033981323242,75.04232025146484,15.24504566192627,14.145410537719728,0.6576045664505048,14.1709200249759,0.0646017268300056,1.1309497356414795,0.0,0.0,-1.7193176746368408,-1.6839184761047363,0.1791883558034896,0.1856451034545898,0.0003,44.071868896484375
2,980,392000,-0.0016349523180128,103.33653579711914,0.5666816812753678,0.0042753955349326,0.0246749998815357,0.4142914414405823,0.182045966386795,0.8157567381858826,10.284208297729492,-70.93733978271484,56.06620788574219,16.634458541870117,13.437858581542969,0.6362698524013661,14.05297324782597,0.0754458382725715,0.8827055096626282,0.0,0.0,-1.7219659090042114,-1.6853612661361694,0.1787144541740417,0.1853774487972259,0.0003,41.764766693115234
2,990,396000,-0.0009798651010831,139.15360244750977,0.5691438192129135,0.0039202100597321,0.0151749999821186,0.3001702427864074,0.1821088194847107,3.0093533992767334,11.940444946289062,-41.38895034790039,81.48765563964844,19.760910034179688,14.273297309875488,0.6377326687355849,24.22760702617528,0.0903678834438324,0.8557806015014648,0.0,0.0,-1.7204192876815796,-1.6861754655838013,0.1789910793304443,0.1852265745401382,0.0003,69.52693176269531
2,1000,400000,-0.002172042050492,212.1761153411865,0.5660539633035659,0.0032196461688727,0.0225249999435618,0.3146623373031616,0.182622954249382,-0.9223493337631226,14.704133987426758,-145.12208557128906,94.59307861328124,16.01641273498535,17.76180648803711,0.905748674910586,20.42014558389924,0.0709569752216339,1.2117727994918823,0.0,0.0,-1.7147810459136963,-1.686087965965271,0.1800031214952469,0.1852427870035171,0.0003,101.41373443603516
2,1010,404000,-2.5137854108470137e-05,170.67904464721678,0.5644638478755951,0.0023207399062812,0.0058999999333173,0.4769498705863952,0.1821659058332443,-3.421627998352051,13.158535957336426,-84.66498565673828,58.41975402832031,13.449941635131836,18.194324493408203,0.6806602589777375,26.73433186183091,0.0368653833866119,1.2344224452972412,0.0,0.0,-1.717481255531311,-1.68840491771698,0.1795177161693573,0.1848140656948089,0.0003,87.91389465332031
2,1020,408000,-0.002186310937695,78.9034144973755,0.5719537645578384,0.0057883621193468,0.044375000167638,0.632271409034729,0.1813491582870483,-0.4021846652030945,9.051252365112305,-48.09394836425781,59.09905242919922,13.091976165771484,14.926053047180176,0.7588424379162564,12.880960532317136,0.0947793200612068,1.5099663734436035,0.0,0.0,-1.726073980331421,-1.6889328956604004,0.1779817938804626,0.184716522693634,0.0003,32.36909866333008
2,1030,412000,-0.0018802817303781,219.92883758544923,0.5790659129619599,0.0038188130129128,0.0345000001927837,0.3309813141822815,0.1809255182743072,0.359816312789917,15.067412376403809,-67.99578094482422,108.1913604736328,14.457038879394531,18.4212703704834,0.6364046728217815,19.20929977741702,0.0921306610107421,1.0677510499954224,0.000125,0.00025,-1.7319415807724,-1.687883377075195,0.1769405156373977,0.1849104911088943,0.0003,122.06643676757812
2,1040,416000,-0.0013012772987945,70.19154308319092,0.5815638810396194,0.0041288966313004,0.0422750000329688,0.6142129898071289,0.1806764602661132,-0.1027780175209045,8.452217102050781,-51.67613983154297,51.99862289428711,14.13632583618164,13.60807991027832,0.6874367254688356,9.293914639608174,0.1069484278559684,1.4352179765701294,0.0,0.0,-1.7355326414108276,-1.6871473789215088,0.1763062626123428,0.1850466281175613,0.0003,31.89156913757324
2,1050,420000,-0.0052598941929551,156.75048919677735,0.5852751237154007,0.0061082718893885,0.0647750002890825,0.4311076402664184,0.1806151866912841,-0.9300560355186462,12.74276065826416,-77.04471588134766,54.072357177734375,14.257952690124512,16.894622802734375,0.7271907890919341,16.50566508844136,0.0957754701375961,1.0502984523773191,0.0,0.0,-1.7379671335220337,-1.685494303703308,0.175877571105957,0.1853527724742889,0.0003,75.35562896728516
2,1060,424000,-0.0033108360962348,175.35985229492186,0.5917821455001832,0.0047477721236646,0.0478750000894069,0.3306265473365783,0.1792105734348297,1.1161036491394043,13.345383644104004,-60.386356353759766,106.82958984375,15.139739990234377,16.31161117553711,0.6382212316796029,16.116418805103297,0.072594977915287,0.9579586386680604,0.0,0.00025,-1.7509105205535889,-1.688452124595642,0.1736157983541488,0.1848053634166717,0.0003,92.70903778076172
2,1070,428000,-0.0020440388592462,179.2235078430176,0.6030149304866791,0.0043804226443171,0.0253499998571351,0.2903637290000915,0.178945392370224,-0.7718144059181213,13.778456687927246,-96.57765197753906,151.56643676757812,13.135226249694824,16.35620880126953,0.7180012607639992,23.088401877508247,0.0578055679798126,1.1614243984222412,0.000125,0.00025,-1.750092625617981,-1.692097306251526,0.1737578511238098,0.1841329336166381,0.0003,132.1224822998047
2,1080,432000,-0.0028827695022615,81.52349681854248,0.6057602107524872,0.0045662252232432,0.0454250000743195,0.5484281778335571,0.1789363622665405,-0.3612349331378937,9.072660446166992,-65.12105560302734,59.23685073852539,12.34817600250244,13.501164436340332,0.7085161874376646,7.891355427187513,0.0685925558209419,0.851610004901886,0.0,0.0,-1.7412434816360474,-1.7006192207336426,0.1753022819757461,0.1825704127550125,0.0003,42.14382553100586
2,1090,436000,-0.0017862036559803,122.73122978210448,0.6091270995140076,0.0046521248295903,0.0422999999159947,0.429265558719635,0.1778622567653656,0.0426208488643169,11.419981002807615,-89.0863037109375,61.42021179199219,12.890907287597656,15.116398811340332,0.7493586754861531,14.73507092546028,0.0556802153587341,1.8459105491638184,0.0,0.0,-1.7519081830978394,-1.7022011280059814,0.1734426766633987,0.1822818517684936,0.0003,54.61078643798828
2,1100,440000,-0.0013557862361565,103.42811470031738,0.6184483075141907,0.0024578152224421,0.016374999876134,0.3515092134475708,0.1774870753288269,2.000770568847656,10.851841926574709,-42.68336486816406,90.25791931152344,11.105828285217283,13.475707054138184,0.8797123076897455,23.25681701011978,0.0545140281319618,1.788575291633606,0.0,0.00025,-1.7552791833877563,-1.7031158208847046,0.1728589832782745,0.1821152120828628,0.0003,41.84483337402344
2,1110,444000,-0.001969928842457,118.88609313964844,0.624135918021202,0.0021306490525603,0.0299250000016763,0.2633585929870605,0.1767677664756775,0.5063173770904541,11.156852722167969,-55.37376403808594,72.44374084472656,13.837355613708496,12.999110221862791,0.7453178921988828,12.858944776398046,0.0681424289941787,0.9692108035087584,0.0,0.00025,-1.760135531425476,-1.7064226865768433,0.1720215529203415,0.1815139651298523,0.0003,66.99787902832031
2,1120,448000,-0.0026040880408254,131.29646484375,0.629202144742012,0.0040193102322518,0.0265000000083819,0.3569619655609131,0.1766037344932556,-0.0339506231248378,11.671884536743164,-71.14481353759766,66.20902252197266,13.876896858215332,14.555350303649902,0.7138620727125763,14.432990777802374,0.0658076927065849,0.8570300340652466,0.0,0.0,-1.7621452808380127,-1.706327199935913,0.1716761738061905,0.1815312951803207,0.0003,48.64776992797852
2,1130,452000,-0.0014516895117012,160.3623486328125,0.6319298112392425,0.0047162896953523,0.0243250000663101,0.1624562740325927,0.1763485074043274,0.9485543966293336,12.95473861694336,-84.15361785888672,89.7031478881836,15.30737018585205,14.155489921569824,0.7760226964372313,17.32428094309694,0.0495030917227268,1.2577673196792605,0.0,0.0,-1.764798879623413,-1.7066328525543213,0.1712212115526199,0.181475818157196,0.0003,83.37864685058594
2,1140,456000,-0.0008136183796683,248.36112716674805,0.6334594506025314,0.0026481079403311,0.0223249999759718,0.1059638857841491,0.1764151155948639,0.6012553572654724,15.837617874145508,-90.41000366210938,136.0087890625,16.012897491455078,16.74990463256836,0.6359262369501737,13.961754938677975,0.0862453430891037,0.9716875553131104,0.0,0.00025,-1.7612086534500122,-1.7092959880828855,0.1718370467424392,0.1809931546449661,0.0003,106.56210327148438
2,1150,460000,-0.0020638306906039,189.8329263305664,0.6366106015443802,0.0042766300030052,0.0280249999836087,0.1969376802444458,0.1755055040121078,2.01989483833313,13.825855255126951,-67.82686614990234,83.54878234863281,17.371917724609375,15.428275108337402,0.6543364937008143,14.452443591054289,0.066613957285881,0.9362140893936156,0.0,0.0,-1.76474130153656,-1.7160217761993408,0.1712310761213302,0.1797799319028854,0.0003,81.51178741455078
2,1160,464000,-0.0012916422777381,153.92354293823243,0.646616450548172,0.0045289825648069,0.03137499993667,0.3373614549636841,0.1748231053352356,-1.3105992078781128,12.501075744628906,-98.10260009765624,42.50856018066406,14.422365188598633,15.357094764709473,0.8226595404872674,12.605543372840884,0.0650924742221832,1.005347490310669,0.0,0.00025,-1.7702711820602417,-1.7183635234832764,0.1702868044376373,0.179359421133995,0.0003,78.06137084960938
2,1170,468000,-0.0015173139913822,74.10024517059327,0.6666978561878204,0.0056316764093935,0.0288750001089647,0.4756184220314026,0.171793520450592,1.4356905221939087,8.665885925292969,-72.39495849609375,74.9861831665039,17.103147506713867,11.967108726501465,0.6623595731360092,9.792468821146642,0.0784011408686637,0.8552463054656982,0.0,0.0,-1.7895959615707395,-1.7340978384017944,0.1670276522636413,0.1765594184398651,0.0003,34.939361572265625
2,1180,472000,-0.0001992330993314,125.49325046539306,0.6817069137096405,0.0030092049855738,0.0243249999638646,0.2968751788139343,0.1729113161563873,-0.2594461143016815,11.27004623413086,-95.14762115478516,51.80062103271485,17.168519973754883,13.440316200256348,0.6324256834189608,11.027010704630031,0.0848492830991745,0.614993155002594,0.0,0.0,-1.780573844909668,-1.7300180196762085,0.1685414016246795,0.1772812157869339,0.0003,58.27154541015625
2,1190,476000,-0.001166255386213,106.83469314575196,0.6776574593782425,0.0026746843941509,0.0143999998969957,0.3623884916305542,0.1717305183410644,2.0023765563964844,10.380427360534668,-50.447044372558594,85.12277221679688,18.451066970825195,12.999814987182615,0.7140799558367428,13.25066891002417,0.0542604066431522,0.6029772162437439,0.0,0.0,-1.7898313999176023,-1.7345889806747437,0.1669883131980896,0.1764727234840393,0.0003,46.453460693359375
2,1200,480000,-0.0034466290437674,117.41137802124024,0.6959668517112731,0.0053654271177947,0.0528000002307817,0.3344001770019531,0.1701478064060211,0.6667488813400269,10.928377151489258,-60.37936401367188,57.04012298583984,19.262672424316406,13.395195960998535,0.7641101880611488,8.790833195991553,0.0666003823280334,1.2081151008605957,0.0,0.0,-1.799932599067688,-1.7430517673492432,0.1653100401163101,0.1749855726957321,0.0003,45.2114372253418
2,1210,484000,-0.0015879593289646,95.73227249145508,0.7088843983411789,0.0032997136004269,0.0274250000528991,0.4699394702911377,0.1695185154676437,-1.135790228843689,9.912986755371094,-60.71992492675781,51.58655548095703,17.655723571777344,13.61575698852539,0.7559581099185916,11.0419655466548,0.0578721798956394,1.0814186334609983,0.0,0.00025,-1.8020174503326416,-1.7482904195785522,0.1649657487869262,0.1740712672472,0.0003,49.68232727050781
2,1220,488000,-0.0016511057979747,170.0638974761963,0.7182902157306671,0.0043221055530011,0.0286500000488013,0.2652620077133178,0.1684160530567169,0.6783119440078735,13.083745956420898,-71.9719009399414,76.4161376953125,20.05718421936035,15.263911247253418,0.6297529387635787,12.08060686452544,0.0765128284692764,0.6539563536643982,0.0,0.0,-1.816699504852295,-1.7471455335617063,0.1625614017248153,0.1742707043886184,0.0003,72.84425354003906
2,1230,492000,-0.0011265275685153,131.25630310058594,0.7207956635951995,0.002716050017625,0.0147250000154599,0.3774639964103699,0.169481948018074,0.8371763825416565,11.693618774414062,-56.65782165527344,61.3431510925293,21.814165115356445,14.82063102722168,0.6564535478930853,15.958974793368249,0.0588035881519317,1.294774055480957,0.0,0.0,-1.8156358003616333,-1.7359682321548462,0.1627344042062759,0.1762294769287109,0.0003,69.83043670654297
2,1240,496000,-7.37095098178564e-05,230.12206481933595,0.7168071657419205,0.0021903091110289,0.0067749999603256,0.3693068027496338,0.1686775684356689,-0.991633415222168,15.446186065673828,-112.3411102294922,92.08074188232422,21.494741439819336,19.44966697692871,0.6745123926578543,27.70328000943621,0.0354752391576767,1.5558141469955444,0.0,0.0,-1.8204798698425293,-1.7406456470489502,0.161948025226593,0.1754071116447448,0.0003,109.59197235107422
2,1250,500000,2.151231584284652e-05,95.50533958435058,0.7235013437271118,0.0027765170671045,0.0346250000689178,0.6110787391662598,0.1685714125633239,0.8606934547424316,9.85283088684082,-43.59151077270508,58.82162857055664,19.302120208740234,15.79902172088623,0.7926668857768757,15.646293514549622,0.0474515482783317,0.824070930480957,0.0,0.0,-1.8191267251968384,-1.7431093454360962,0.1621673107147216,0.174975499510765,0.0003,43.645015716552734
2,1260,504000,-0.0013749963918264,152.20875755310058,0.7311526882648468,0.0046026348136365,0.0213250000402331,0.5141063332557678,0.1672715842723846,1.2168374061584473,12.39270305633545,-81.30713653564453,92.68205261230467,22.190135955810547,17.778512954711914,0.7475500420758187,20.74207324105151,0.0605617389082908,1.013528823852539,0.0,0.0,-1.821744441986084,-1.7556214332580566,0.1617433428764343,0.1727998256683349,0.0003,74.81922149658203
2,1270,508000,-0.0019355269440664,231.27575576782223,0.7395077526569367,0.0041337227448821,0.0297249998385086,0.4085988402366638,0.1673289239406585,-3.605523109436035,15.27206039428711,-113.91107177734376,108.6730499267578,19.23690414428711,19.858963012695312,0.7066383227384132,36.45919544989027,0.0603970512747764,0.9172425270080566,0.0,0.00025,-1.818813920021057,-1.757707118988037,0.1622180491685867,0.1724397987127304,0.0003,142.230712890625
2,1280,512000,-0.0020677304754964,96.37248489379884,0.7374840521812439,0.0033019606489688,0.0237749999575316,0.5474144816398621,0.1675098836421966,-0.4148823022842407,9.98610496520996,-45.48095703125,64.01666259765625,18.01481819152832,14.84382438659668,0.7180488886495369,14.505242933217056,0.0763227716088295,0.8805667161941528,0.0,0.0,-1.8195054531097408,-1.754961609840393,0.1621059030294418,0.1729138791561126,0.0003,46.04742431640625
2,1290,516000,-0.001995777120197,240.80454864501957,0.7416452324390411,0.004549300763756,0.0254249999765306,0.4045345187187195,0.1665918231010437,-1.03479266166687,15.704839706420898,-101.46705627441406,83.93380737304688,18.07319450378418,20.351911544799805,0.7254167310732188,25.64169356331189,0.0836881548166275,0.7883204817771912,0.0,0.0,-1.825432658195496,-1.7600531578063965,0.1611479073762893,0.1720357239246368,0.0003,95.48910522460938
2,1300,520000,-0.0012344375231943,214.0710234069824,0.7516428375244141,0.0045936880633234,0.0212500000046566,0.3977265954017639,0.1660123765468597,1.0368220806121826,14.70500659942627,-93.97488403320312,94.05628967285156,18.823108673095703,18.948217391967773,0.7328248469112353,20.326324085820485,0.0737041234970092,0.4432846009731293,0.0,0.0,-1.8295735120773315,-1.762922763824463,0.1604820042848587,0.1715427637100219,0.0003,96.8760223388672
2,1310,524000,-0.0025355869639635,250.410048828125,0.755578134059906,0.0041630873456597,0.0244249998871237,0.4210087656974792,0.1658848822116851,-2.4458606243133545,15.957890510559082,-118.06878662109376,100.02542877197266,16.444473266601562,20.971982955932617,0.7009163078937938,25.66896330102584,0.0609677769243717,1.0049519538879397,0.0,0.0,-1.8293211460113523,-1.7646467685699463,0.1605225056409835,0.1712472587823867,0.0003,90.84612274169922
2,1320,528000,-0.000603342948928,304.18410690307616,0.7579546427726745,0.0046954830177128,0.0207749999966472,0.3800254464149475,0.1655292809009552,-1.5883442163467407,17.451074600219727,-115.52076721191406,90.8448715209961,15.75765609741211,22.1633415222168,0.6625252775506845,25.570545550277043,0.0742267593741417,0.5190612077713013,0.0,0.0,-1.8349393606185915,-1.763548731803894,0.1596231907606125,0.1714354157447815,0.0003,113.64815521240234
2,1330,532000,-0.0017603408855528,304.2470698547363,0.7616180288791656,0.0030820886604487,0.0126749999308958,0.1967539191246032,0.1654044985771179,0.9237659573554992,17.839632034301758,-89.9028549194336,116.95787048339844,16.35149383544922,19.90497398376465,0.6932962068956414,30.117738217655543,0.0471365340054035,1.3529547452926636,0.0,0.0,-1.838843822479248,-1.7613786458969116,0.1590011566877365,0.1718078404664993,0.0003,143.108642578125
2,1340,536000,-0.0010601205255079,216.0171897888184,0.7634704512357712,0.0028795441612601,0.0146250000270083,0.3211687803268432,0.1652895808219909,-1.2217698097229004,14.77664279937744,-101.23187255859376,74.9554214477539,13.877346992492676,17.934730529785156,0.7248685713462446,16.9916525325514,0.0386177226901054,0.6348029375076294,0.0,0.0,-1.8398786783218384,-1.7617591619491575,0.15883669257164,0.1717424690723419,0.0003,106.1781768798828
2,1350,540000,-8.77499809517701e-05,216.42869094848632,0.7677753633260727,0.0030032563954591,0.0162500000372529,0.3275606632232666,0.164460226893425,0.4820785522460937,14.775188446044922,-81.6715316772461,87.12606048583984,14.762818336486816,18.017993927001957,0.6716868569765674,12.472202030104896,0.0593379437923431,0.614847719669342,0.0,0.0,-1.8454581499099727,-1.7662817239761353,0.1579529345035553,0.1709675192832946,0.0003,75.72893524169922
2,1360,544000,-0.001075292242728,271.47285247802733,0.7773337864875793,0.0045831124298274,0.0202499999757856,0.1430345773696899,0.1639261543750763,1.3333112001419067,16.75002098083496,-72.6744155883789,105.53831481933594,15.812813758850098,18.093963623046875,0.6819042404499158,22.81374755317459,0.0698772445321083,0.9477083683013916,0.0,0.00025,-1.8488214015960691,-1.7694323062896729,0.1574226021766662,0.1704297214746475,0.0003,155.73013305664062
2,1370,548000,-0.0021718841641901,264.74080047607424,0.7792005932331085,0.0058652367442846,0.0467749997414648,0.2223407626152038,0.1639699935913086,-1.022128939628601,16.329925537109375,-89.56686401367188,90.02989959716797,14.941152572631836,18.517805099487305,0.7123253642040757,15.66626643107515,0.0563292056322097,0.5900751352310181,0.0,0.0,-1.846148371696472,-1.7713921070098877,0.1578439474105835,0.1700960248708725,0.0003,140.22154235839844
2,1380,552000,-0.002888599487425,171.58541564941407,0.7836815869808197,0.0039241341874003,0.0517000000551342,0.2602259516716003,0.1631916612386703,0.5694556832313538,13.188468933105469,-73.6983642578125,79.27165222167969,16.11634063720703,15.333624839782717,0.7283914986778397,13.299565702277212,0.0860835611820221,0.7539495229721069,0.0,0.0,-1.8419657945632932,-1.7845189571380615,0.1585055291652679,0.1678778082132339,0.0003,68.72852325439453
2,1390,556000,-0.0030376018625014,133.8985358428955,0.7923515832424164,0.0072716958820819,0.0822750000376254,0.2962693572044372,0.1625812351703643,-0.5663963556289673,11.635534286499023,-65.17922973632812,93.74470520019533,15.462953567504885,13.870210647583008,0.6987286246326547,11.559710915563528,0.098418615758419,0.8158533573150635,0.0,0.0,-1.8469754457473757,-1.7870763540267944,0.1577134579420089,0.1674490272998809,0.0003,75.36170196533203
2,1400,560000,-0.0002510305761865,159.89321746826172,0.7978991878032684,0.0041505047120153,0.0200999999651685,0.3080629706382751,0.1622416377067566,-1.446224331855774,12.71710205078125,-74.20484161376953,70.29828643798828,13.780158042907717,15.288147926330566,0.7188829468329893,13.907178830270292,0.0419172756373882,0.6394200921058655,0.0,0.0,-1.8504526615142824,-1.7878634929656982,0.1571660190820694,0.1673172712326049,0.0003,94.94859313964844
2,1410,564000,-0.0011358542004143,121.34954597473144,0.8094823628664016,0.006598194129765,0.0353249998996034,0.3799124956130981,0.1608992964029312,1.5462734699249268,11.063610076904297,-70.33621978759766,78.90032958984375,15.613269805908203,14.04980754852295,0.7597358790163139,14.335094893717944,0.0898596420884132,0.8400681018829346,0.0,0.00025,-1.859167218208313,-1.7957899570465088,0.1558023244142532,0.1659962683916092,0.0003,61.29040145874024
2,1420,568000,-8.18168365891303e-05,217.20521224975585,0.820363273024559,0.0053779333829879,0.0367249997891485,0.2045497894287109,0.1603917181491851,1.1462383270263672,14.78194522857666,-89.7901382446289,92.03873443603516,16.422420501708984,16.57391357421875,0.781202775037706,15.118468645469074,0.0536854304373264,0.6253730654716492,0.0,0.0,-1.8649910688400269,-1.7964553833007812,0.1548975855112075,0.1658858507871627,0.0003,107.80306243896484
2,1430,572000,-0.0010748646377134,126.45754867553713,0.8290883862972259,0.0039423769339919,0.0335249998047947,0.3883712291717529,0.1594118922948837,0.1061535030603408,11.317571640014648,-73.1952896118164,45.10564041137695,16.58673095703125,14.471358299255373,0.729647637527184,11.651630230010596,0.0703157559037208,0.6744454503059387,0.0,0.0,-1.8728870153427124,-1.8009347915649414,0.1536793410778045,0.1651444435119629,0.0003,61.70607376098633
2,1440,576000,-0.003288172117585,178.26290390014648,0.8376590478420257,0.0059306165203452,0.0457000000216066,0.2792432308197021,0.159133106470108,-0.7575660347938538,13.52854347229004,-77.39883422851562,52.7960205078125,16.3099308013916,15.93517017364502,0.7053159996992145,17.661728323644173,0.0612643808126449,0.8683645129203796,0.0,0.0,-1.872192978858948,-1.8049653768539429,0.1537860333919525,0.1644801646471023,0.0003,86.78718566894531
2,1450,580000,-0.0006008799858012,227.76545974731445,0.8454192894697189,0.0042464700527489,0.0162250000005587,0.2915733456611633,0.1578479707241058,-0.8059830069541931,15.23725414276123,-99.15451049804688,63.75704574584961,15.251910209655762,18.10336303710937,0.6556916593859182,18.498812852844267,0.0599170364439487,0.6467154622077942,0.0,0.0,-1.8834501504898071,-1.8101390600204468,0.152064561843872,0.1636313945055008,0.0003,109.78286743164062
2,1460,584000,-0.0004584251479946,122.90698547363282,0.8554068094491959,0.0021464489400386,0.0152750000078231,0.5098851919174194,0.1578754186630249,0.6937488317489624,11.18661117553711,-55.3240966796875,62.08583068847656,15.650238990783691,15.97900104522705,0.7112119428708215,12.77957082170544,0.0464736670255661,0.7684051394462585,0.0,0.0,-1.888740062713623,-1.804914116859436,0.1512622684240341,0.1644885838031768,0.0003,60.71990966796875
2,1470,588000,-0.0017355559492747,193.5643424987793,0.861190322637558,0.0026270248927176,0.0235750000644475,0.4683851599693298,0.1569970101118087,-1.8811904191970823,13.97795867919922,-77.99774932861328,63.03749847412109,13.746843338012695,19.171018600463867,0.6454301946523452,19.3041146806882,0.0465558618307113,0.6538175344467163,0.0,0.0,-1.895896315574646,-1.809045910835266,0.1501836627721786,0.1638103425502777,0.0003,106.74481964111328
2,1480,592000,-0.001906060822161,125.42969444274902,0.8668510752916336,0.0049341861158609,0.0418250000150874,0.4714798927307129,0.1570464372634887,0.3485176861286163,11.409748077392578,-63.10250854492188,61.25585174560547,14.52247714996338,15.69442081451416,0.7230252152968233,14.01638994811568,0.0980790629982948,0.8919696807861328,0.0,0.0,-1.8957326412200928,-1.808592677116394,0.1502082347869873,0.163884624838829,0.0003,61.27311706542969
2,1490,596000,-0.0012192042964092,162.9485457611084,0.8755197703838349,0.0029447716660797,0.028624999965541,0.4040628671646118,0.1554805487394333,0.4119786918163299,12.830517768859863,-56.238075256347656,79.45532989501953,14.084716796875,16.620494842529297,0.6639707336486471,11.28902992505046,0.0597095340490341,0.610988974571228,0.0,0.0,-1.906331777572632,-1.8180837631225584,0.1486245691776275,0.162336528301239,0.0003,79.33658599853516
2,1500,600000,-0.0009444693716854,157.82955154418946,0.8913904792070388,0.0034443042241036,0.0220749999023973,0.4109872579574585,0.1545894145965576,-2.919456958770752,12.656610488891602,-62.13328170776367,70.05180358886719,11.639543533325195,16.49130630493164,0.7219815215962762,26.537994693916804,0.0627946108579635,0.7232248187065125,0.0,0.0,-1.9144381284713743,-1.821677565574646,0.1474246531724929,0.1617541760206222,0.0003,82.94319915771484
2,1510,604000,-0.0014944139906263,167.73724609375,0.9024786573648452,0.0050345743075013,0.0303749998891726,0.322863757610321,0.1539108455181121,2.4689674377441406,13.02139377593994,-50.7236328125,79.91616821289062,14.23235321044922,15.824113845825195,0.7042899207919003,20.763044428857008,0.0835389867424964,0.8065997362136841,0.0,0.0,-1.915943026542664,-1.8287218809127808,0.1472029536962509,0.1606187224388122,0.0003,84.23265075683594
2,1520,608000,-0.0007993583288,144.25899925231934,0.9070212095975876,0.003673490602523,0.0148749999608844,0.3757129907608032,0.1538260281085968,2.507124662399292,12.194000244140623,-58.35909271240234,83.850830078125,16.488712310791016,15.433130264282228,0.7366492519825517,24.29737533102289,0.0567138753831386,0.9397212862968444,0.0,0.0,-1.915617108345032,-1.830077528953552,0.1472509354352951,0.1604011356830597,0.0003,79.02666473388672
2,1530,612000,-0.0014589783158281,313.6948048400879,0.90364983856678,0.0024335549678653,0.017099999836646,0.1938315629959106,0.1546273231506347,-0.7728019952774048,17.80135726928711,-127.2174072265625,77.74313354492188,16.751977920532227,19.826234817504883,0.7383337815240861,21.624751575546,0.0622696131467819,0.6412272453308105,0.0,0.0,-1.908275127410889,-1.82685661315918,0.1483360379934311,0.1609185934066772,0.0003,172.01145935058594
2,1540,616000,-0.0022541972676277,128.23473976135253,0.8845365220308303,0.003163153771311,0.0348000000463798,0.4284969568252563,0.156649649143219,-0.0575021356344223,11.346245765686035,-66.77098846435547,65.4635009765625,16.343936920166016,15.008694648742676,0.6792792526346636,10.94133076125184,0.0959365665912628,0.4948127865791321,0.0,0.0,-1.9014045000076292,-1.8082510232925413,0.1493586897850036,0.1639406234025955,0.0003,58.14996719360352
2,1550,620000,-0.0017146886806687,132.51983642578125,0.868107157945633,0.0037348270416259,0.0406750000221654,0.3762795925140381,0.1569661200046539,-0.5071147680282593,11.627938270568848,-78.89797973632812,61.19097900390625,15.001679420471191,14.723386764526367,0.7543482014037289,10.642700939417873,0.0696844831109047,0.9126924276351928,0.0,0.0,-1.8938755989074707,-1.8112801313400269,0.1504874527454376,0.1634447872638702,0.0003,68.00938415527344
2,1560,624000,-0.0032165606191294,136.7323957824707,0.8635057002305985,0.0061767110601067,0.0698249998735263,0.2948543429374695,0.1575296521186828,0.2010916769504547,11.801348686218262,-69.5967788696289,52.07758712768555,16.077468872070312,14.053750991821287,0.7625072245314647,12.298814265761685,0.0858095437288284,0.6833847761154175,0.0,0.0,-1.8891313076019287,-1.8087660074234009,0.1512031108140945,0.1638562083244323,0.0003,59.33878707885742
2,1570,628000,-0.0021971883039775,87.24556812286377,0.8709595119953155,0.0032837477046996,0.0408999999752268,0.3507760167121887,0.155711829662323,1.2107986211776731,9.409317016601562,-48.81182098388672,71.6723403930664,17.274648666381836,11.677794456481934,0.7348421628613542,9.670801676824738,0.0717416629195213,0.6428883671760559,0.0,0.0,-1.902271270751953,-1.8189597129821775,0.1492293030023574,0.1621943861246109,0.0003,38.89822769165039
2,1580,632000,-0.000272015326668,253.83876953125,0.8887070965766907,0.0048449956811964,0.0224499999405816,0.170331060886383,0.1550125181674957,1.2687240839004517,15.931175231933594,-106.88639068603516,66.4754867553711,18.392152786254883,17.490224838256836,0.7410463633013507,13.76258535640532,0.0550024844706058,0.3551638722419739,0.0,0.0005,-1.8991366624832156,-1.830538272857666,0.1496978104114532,0.1603272408246994,0.0003,133.2045135498047
2,1590,636000,-0.0002836190801619,169.53591918945312,0.8972175443172454,0.0027657751925289,0.0130749999778345,0.2126633524894714,0.1539895832538604,-1.327312707901001,13.143269538879396,-101.64675903320312,54.16425704956055,17.033226013183594,14.812322616577148,0.7149254959997559,14.915653660642036,0.0490472018718719,0.9456015825271606,0.0,0.00025,-1.9071245193481443,-1.835884690284729,0.1485068053007125,0.1594723463058471,0.0003,65.57571411132812
2,1600,640000,-0.0019248290264033,176.3449001312256,0.9039548659324644,0.0044721625745296,0.034249999965541,0.2996144294738769,0.1542177200317382,0.2622733116149902,13.369355201721191,-89.39532470703125,69.40121459960938,16.404922485351562,15.97503662109375,0.8029663193704029,12.1527733224014,0.089656226336956,0.699057936668396,0.0,0.0,-1.9067121744155884,-1.833410620689392,0.1485680490732193,0.1598674058914184,0.0003,78.12786102294922
2,1610,644000,-0.0015121581499646,227.6878302001953,0.9018309503793716,0.0035823793150484,0.0289000000432133,0.2870513796806335,0.1542598307132721,0.597600519657135,15.123515129089355,-88.36772155761719,105.30802154541016,17.16105079650879,17.911155700683594,0.7652836419806719,13.293983401477476,0.0665418580174446,0.6078456044197083,0.0,0.0,-1.9027431011199951,-1.8365845680236816,0.1491588950157165,0.1593607813119888,0.0003,97.4486312866211
2,1620,648000,-0.0014895950946534,214.13051773071288,0.9016692054271698,0.0053931837901473,0.0580250001046806,0.2370518445968628,0.1540406048297882,0.8005551099777222,14.739174842834473,-54.063995361328125,102.70426940917967,18.25643348693848,16.874296188354492,0.7642016876266995,13.533242425233862,0.074765995144844,0.7910176515579224,0.0,0.0,-1.8998900651931765,-1.8420250415802,0.1495850682258606,0.1584961414337158,0.0003,91.1288604736328
2,1630,652000,-0.0007826763325521,157.09382667541504,0.9015790325403212,0.0049759964458644,0.0318250000383704,0.2399051189422607,0.1545457541942596,1.3920552730560305,12.62015151977539,-62.4786262512207,81.84580993652344,19.456064224243164,14.475403785705566,0.7733878494748326,14.89615891071055,0.0843788534402847,0.767657458782196,0.0,0.0,-1.8924204111099243,-1.8427270650863647,0.1507066041231155,0.1583849191665649,0.0003,77.12664031982422
2,1640,656000,-0.0013048585526088,188.04858520507813,0.8983258014917374,0.0043805441819131,0.0219999999692663,0.2719640731811523,0.1542567610740661,0.6528035402297974,13.990612030029297,-92.70506286621094,76.14210510253906,20.404460906982425,16.3968448638916,0.7422657720030698,17.674099067726715,0.068564623594284,1.246720552444458,0.0,0.0,-1.8984946012496948,-1.8406163454055784,0.1497939527034759,0.1587195694446563,0.0003,74.19104766845703
2,1650,660000,-0.0022478717287362,304.9728172302246,0.9021762919425964,0.0064988462254405,0.0235250000329688,0.2398854494094848,0.1540745347738266,-0.3805905282497406,17.560422897338867,-119.51614379882812,99.7161102294922,20.05013656616211,20.14166831970215,0.7089537078723693,25.511325912280768,0.0669868662953376,0.6817739009857178,0.0,0.0,-1.9006866216659544,-1.840846061706543,0.1494659483432769,0.1586831212043762,0.0003,149.77670288085938
2,1660,664000,-0.0017393519108227,207.56132919311523,0.9007768815755844,0.0086044240742921,0.0382249998254701,0.4335240721702575,0.1545667648315429,0.1236233487725257,14.754926681518556,-94.6620635986328,82.676513671875,20.60476493835449,19.60407447814941,0.7062854669103428,22.17634847534172,0.0570922568440437,1.6217297315597534,0.0,0.0,-1.900672554969788,-1.8346744775772093,0.1494680643081665,0.1596654802560806,0.0003,108.73905181884766
2,1670,668000,-0.0016697947921609,224.58299713134767,0.896802966594696,0.0047071268782019,0.0283999999612569,0.5026046633720398,0.1545864939689636,-1.4954819679260254,15.164935111999512,-121.94325256347656,51.07008743286133,19.496335983276367,21.50253677368164,0.7375893142677715,26.61488530384541,0.0573650486767292,1.8003547191619873,0.0,0.00025,-1.902333617210388,-1.8328752517700195,0.1492199897766113,0.1599529981613159,0.0003,118.89917755126952
2,1680,672000,-0.0034371288808531,382.2098638916016,0.9007100355625153,0.0048703872598707,0.0343749998882412,0.3324013352394104,0.1539963185787201,0.0988431423902511,19.73523330688477,-102.12164306640624,124.18108367919922,20.193225860595703,24.15374755859375,0.7418619284899178,30.401492723556785,0.0565891116857528,1.759747862815857,0.0,0.0,-1.908074259757996,-1.834916591644287,0.1483658254146576,0.1596268117427826,0.0003,219.12680053710935
2,1690,676000,-0.00160628414901,210.7031625366211,0.906654834151268,0.0027024880982935,0.0419499999796971,0.4531691670417785,0.1538580954074859,-0.7143524289131165,14.655354499816896,-74.27391052246094,85.68437957763672,19.25,19.81845474243164,0.7941177823256454,21.853736020416623,0.071044810116291,0.897191047668457,0.0,0.00025,-1.9117664098739624,-1.8332245349884035,0.1478190422058105,0.1598971486091613,0.0003,81.82868957519531
2,1700,680000,-0.0006269888417795,256.8847695922852,0.9066842901706696,0.0036331289447844,0.0221249999618157,0.430676519870758,0.1540176421403885,-2.9998934268951416,16.148284912109375,-122.06893920898438,56.35814666748047,15.959609031677246,21.401630401611328,0.721427284558978,30.16831123305735,0.0684578493237495,1.8208718299865725,0.0,0.0,-1.9115773439407349,-1.8314054012298584,0.1478469967842102,0.1601882874965667,0.0003,116.54682159423828
2,1710,684000,-0.0025673435995775,286.2069511413574,0.903937805891037,0.0035422139335423,0.0285499998554587,0.3648609519004822,0.1541070193052292,-1.042510986328125,17.11734390258789,-114.82847595214844,62.11760711669922,15.30661678314209,21.47840118408203,0.7447083302256279,28.32553507958923,0.0581053495407104,0.9814985990524292,0.0,0.0,-1.9142088890075684,-1.8278701305389404,0.1474584490060806,0.1607555896043777,0.0003,183.673583984375
2,1720,688000,-0.0014838378177257,205.2913922119141,0.9094690614938736,0.004476168192923,0.0314000000013038,0.3758412599563598,0.1532073616981506,1.5648037195205688,14.424939155578612,-71.58123779296875,66.03113555908203,15.816201210021973,18.25855827331543,0.8022907630075062,18.12121044461469,0.0931186079978942,0.8583642244338989,0.0,0.0,-1.919039368629456,-1.8346657752990725,0.1467478573322296,0.1596668511629104,0.0003,106.67137145996094
2,1730,692000,-0.0010485373182345,160.77893753051757,0.9155720150470734,0.0034673977643251,0.0313499999186024,0.3274110555648803,0.1533015966415405,0.3796441853046417,12.939149856567385,-58.656131744384766,73.34154510498047,16.30927848815918,15.777234077453612,0.7526346781239783,14.661960684028022,0.0740491226315498,0.9543204307556152,0.0,0.00025,-1.9156550168991089,-1.8366029262542725,0.1472453474998474,0.1593578606843948,0.0003,91.57772064208984
2,1740,696000,-0.0021723087749902,111.9295686340332,0.9186765444278716,0.0052296109497547,0.0446250000083819,0.4328231811523437,0.152475893497467,0.6998127102851868,10.71897315979004,-58.62823486328125,57.438812255859375,17.212644577026367,14.232917785644531,0.9156382799320176,10.32645744761876,0.1051137745380401,1.1028510332107544,0.0,0.0,-1.90806257724762,-1.854161262512207,0.148367553949356,0.1565842181444168,0.0003,48.50436019897461
2,1750,700000,-0.0035950717467456,101.43044570922852,0.92814976811409,0.0055116401053965,0.0590999997872859,0.4637353420257568,0.1519047319889068,-0.0971399992704391,10.128881454467772,-66.64030456542969,55.67794036865234,17.75252342224121,13.831584930419922,0.807608116411304,9.199533249218604,0.0825884565711021,0.6968914866447449,0.0,0.0,-1.907860279083252,-1.8616763353347776,0.1483975797891616,0.155411884188652,0.0003,43.77470397949219
2,1760,704000,-0.0016782596487864,333.05142791748045,0.933755641579628,0.0053364802151918,0.0205250000488013,0.2858145236968994,0.1515188068151474,-3.752251625061035,18.32643318176269,-97.96735382080078,123.25325775146484,13.616803169250488,21.685651779174805,0.7362031623148877,33.60056992516704,0.0601374320685863,0.8595026135444641,0.0,0.0,-1.908600091934204,-1.865945816040039,0.148287832736969,0.1547497659921646,0.0003,151.93675231933594
2,1770,708000,-0.0025760021152218,230.5915428161621,0.9464886254072188,0.009621906094253,0.0525999998068437,0.2795262336730957,0.1499044895172119,1.3060230016708374,15.25415325164795,-84.85450744628906,107.48684692382812,15.41061019897461,17.97127914428711,0.781090734565606,14.81928072965084,0.0591294914484024,0.7792173027992249,0.0,0.00025,-1.9171302318573,-1.878751873970032,0.1470282971858978,0.1527806669473648,0.0003,117.6405258178711
2,1780,712000,-0.0006782060806181,90.97470058441162,0.9606580114364623,0.0042174737900495,0.0286500000953674,0.5540115833282471,0.1494667828083038,-0.6483001708984375,9.60347843170166,-78.88543701171875,54.34254455566406,15.101149559020996,14.380261421203612,0.8261909693885527,8.744810828146852,0.050345167517662,0.7488476634025574,0.0,0.0,-1.919947624206543,-1.8817788362503047,0.1466146409511566,0.152318924665451,0.0003,39.02851486206055
2,1790,716000,-0.0009340540121163,410.5692248535156,0.9619772344827652,0.0032729536760598,0.0452000001166015,0.287609338760376,0.14968803524971,-2.822973728179932,20.343849182128903,-161.42335510253906,96.4451141357422,11.202536582946776,24.103160858154297,0.813383877068193,24.24874556257632,0.0612846985459327,1.0775189399719238,0.0,0.0,-1.916783332824707,-1.881924390792847,0.1470793038606643,0.1522967368364334,0.0003,170.5360107421875
2,1800,720000,-0.0017806150739554,247.9395031738281,0.9628673756122588,0.0051432969048619,0.0392499999701976,0.3469169735908508,0.1493314206600189,1.31762433052063,15.838006973266602,-85.14859008789062,111.12100982666016,13.371216773986816,19.598207473754883,0.799596414268498,15.707395593806169,0.0649388283491134,1.1624263525009155,0.0,0.0,-1.917484760284424,-1.885938286781311,0.1469761729240417,0.1516866683959961,0.0003,139.33953857421875
2,1810,724000,-0.0032510126582928,176.1529968261719,0.9667753529548644,0.0044320379383862,0.0454000001819804,0.3294929265975952,0.1490178406238556,1.2828792333602903,13.438976287841797,-58.30264663696289,77.27879333496094,14.03578281402588,16.412113189697266,0.7437259743874245,14.495698859959116,0.0585898086428642,0.901051700115204,0.0,0.0,-1.9176626205444336,-1.8899085521698,0.1469500362873077,0.1510856300592422,0.0003,85.40572357177734
2,1820,728000,-0.0011659825269685,141.67954750061034,0.9642388385534286,0.0040437476709485,0.0547499998053535,0.3696355819702148,0.1499992311000824,0.772347092628479,12.016968727111816,-70.20230865478516,82.99011993408203,14.95346450805664,15.135581016540527,0.8066930851062222,8.76766368806369,0.0729593858122825,0.8209333419799805,0.0,0.0,-1.9083001613616943,-1.8860734701156616,0.1483323276042938,0.1516661643981933,0.0003,86.1863021850586
2,1830,732000,-0.0010931654711228,216.40129653930663,0.9624723505973816,0.0045596393756568,0.0415999999921768,0.2285811305046081,0.1489166021347046,-0.6170006394386292,14.814653396606444,-94.51524353027344,70.97000885009766,13.161060333251951,16.86733055114746,0.8752530066699461,10.070372461794928,0.0722154974937439,0.8367666006088257,0.0,0.0,-1.9195358753204343,-1.8894283771514893,0.1466750353574752,0.1511581987142563,0.0003,108.01854705810548
2,1840,736000,-0.0018259163674985,132.53117835998535,0.9765791112184524,0.0042446730658411,0.0522250000946223,0.3356767296791076,0.1479641199111938,-1.331666350364685,11.51180362701416,-69.60659790039062,54.49138259887695,11.872623443603516,14.123867988586426,0.9511649824041456,8.165450916235937,0.0756378546357154,0.5212791562080383,0.0,0.0,-1.9331896305084229,-1.8888722658157349,0.1446859687566757,0.1512422710657119,0.0003,53.82291412353516
2,1850,740000,-0.0022065953766345,190.06702392578129,0.9893498635292052,0.004873945377767,0.0430750000337138,0.271087646484375,0.1473122686147689,-0.4839599132537842,13.825849533081056,-75.5282974243164,91.03622436523438,11.58984661102295,16.194000244140625,0.8310918016318373,8.629746516907348,0.0832375064492225,0.5528385043144226,0.0,0.0,-1.9428660869598389,-1.8882800340652464,0.1432926803827285,0.1513318866491317,0.0003,113.95755004882812
2,1860,744000,-0.0007127582359695,163.65204376220703,0.9903369289636612,0.0120032597333192,0.0545249997917562,0.2254472374916076,0.1477298438549041,0.6343367695808411,12.878796577453612,-71.67217254638672,64.79944610595703,12.298799514770508,14.633553504943848,0.9626783562672736,9.676542892909836,0.0803223252296447,0.5973725318908691,0.0,0.0,-1.932481288909912,-1.892655372619629,0.1447884887456894,0.1506711840629577,0.0003,84.0927505493164
2,1870,748000,0.0001786293578989,124.67679061889648,0.9853925406932832,0.003424150403589,0.0250999997369945,0.2993818521499634,0.1481344848871231,-0.538303017616272,11.382616996765137,-53.61349868774414,64.57209777832031,12.49868869781494,13.598827362060549,0.993867495127659,11.513472521235752,0.0599453188478946,1.7643622159957886,0.0,0.0,-1.9273903369903564,-1.8921889066696167,0.1455274820327758,0.1507414877414703,0.0003,55.57464218139648
2,1880,752000,-0.0013394779054986,175.67232986450196,0.9810252118110656,0.0043261433020234,0.028874999913387,0.1910885572433471,0.1480952203273773,1.050151824951172,13.317923545837402,-48.29151916503906,103.0803451538086,13.576205253601074,14.807645797729492,0.8486944350812472,11.144446572563682,0.0656042844057083,0.8185896277427673,0.0,0.0,-1.921645998954773,-1.8982901573181152,0.1463658511638641,0.1498245745897293,0.0003,94.8592300415039
2,1890,756000,-0.0007271594944817,153.81653549194337,0.9771865004301072,0.0031873793341219,0.01804999996908,0.1878040432929992,0.148923322558403,0.4357829093933105,12.645176887512209,-57.44694137573242,116.81079864501952,14.134661674499512,14.031189918518066,0.8184261501971503,11.481392529117857,0.0645154491066932,2.3437728881835938,0.0,0.00025,-1.9139647483825684,-1.894774794578552,0.1474944353103637,0.1503521800041198,0.0003,70.17507934570312
2,1900,760000,0.0001479791066225,174.36147117614746,0.9744340908527376,0.0020409538410604,0.0157249998860061,0.2196967005729675,0.1482058763504028,0.3219226002693176,13.324437141418455,-82.3365478515625,92.4506607055664,13.40048599243164,15.08402156829834,0.9204421398696844,10.650667149377712,0.0592149086296558,1.315927028656006,0.0,0.0,-1.9169846773147583,-1.9013819694519043,0.1470496952533722,0.1493620723485946,0.0003,83.51142883300781
2,1910,764000,-0.0009005026142411,195.2366276550293,0.9852525740861892,0.0034322545398026,0.0209749999362975,0.193299114704132,0.1475240588188171,-0.6977595090866089,14.176770210266112,-72.75944519042969,62.271766662597656,12.896244049072266,15.78414249420166,0.8729633178640921,13.285483315471124,0.0559035912156105,1.3953559398651123,0.0,0.0,-1.9234944581985476,-1.9041272401809688,0.1460955440998077,0.1489525884389877,0.0003,105.16132354736328
2,1920,768000,-7.636736582062653e-05,193.9710697937012,0.98644497692585,0.003648565383628,0.0443499998562037,0.2264510989189148,0.1480261981487274,0.6474762558937073,13.996664047241213,-89.1686019897461,76.56398010253906,13.916218757629396,15.914048194885254,1.014521207210182,10.824972621139777,0.0367114096879959,0.8017896413803101,0.0,0.0,-1.925816297531128,-1.895150899887085,0.145756721496582,0.1502956449985504,0.0003,99.76934051513672
2,1930,772000,-0.0018247526518069,170.69334014892578,0.990746294260025,0.0042610787786543,0.0294999999040737,0.2364128828048706,0.1465467512607574,-0.9181299209594728,13.154508590698242,-64.36093139648438,76.73350524902344,12.48756217956543,15.053771018981934,0.7546530565393458,10.343215895638238,0.1060560941696167,0.8323132395744324,0.0,0.0,-1.938925504684448,-1.902232766151428,0.1438584476709365,0.1492350399494171,0.0003,100.8772201538086
2,1940,776000,-0.0024689763704896,152.53902839660643,0.998916590809822,0.0042989687062799,0.0473500001011416,0.2344015836715698,0.1472292244434356,0.4773861169815063,12.468387603759766,-76.10270690917969,65.64570617675781,13.147027015686035,14.249833106994627,0.8643905745297069,9.02083439363414,0.0867841094732284,1.3762588500976562,0.0,0.0,-1.9323517084121704,-1.899448037147522,0.1448072493076324,0.1496511995792389,0.0003,89.62483215332031
2,1950,780000,-0.0003034185345255,97.05851791381836,0.9988333517313004,0.0021487311460077,0.0202999999467283,0.40035480260849,0.1461324989795684,-0.8152602314949036,9.991900444030762,-59.07730102539063,35.34015655517578,12.25764274597168,12.903303146362305,0.909217005288003,8.833473010937743,0.0648335888981819,0.8429104685783386,0.0,0.0,-1.9358255863189695,-1.910813927650452,0.1443050801753997,0.147959902882576,0.0003,47.35139083862305
2,1960,784000,-0.0010031176916934,157.74142181396485,1.0211733508110046,0.0069479993544518,0.0323500000825151,0.3405396938323974,0.1443542540073394,-0.6736443042755127,12.616541862487791,-65.84932708740234,68.7659912109375,11.070388793945312,15.536243438720703,0.8316220755359686,9.629991073058653,0.0791661590337753,0.7225854396820068,0.0,0.0,-1.9400546550750728,-1.9309360980987549,0.1436960995197296,0.1450123935937881,0.0003,106.1855239868164
2,1970,788000,-0.0030727083179102,101.15416793823242,1.0352386665344238,0.0036308909766376,0.0454749997565522,0.3976917862892151,0.1440460979938507,0.5827043652534485,10.09095287322998,-53.568058013916016,54.8516845703125,13.428277969360352,13.0023775100708,0.8991094678055527,7.863512031646897,0.0623129680752754,0.6300392150878906,0.0,0.0,-1.9361196756362915,-1.9391263723373413,0.1442626565694809,0.1438295543193817,0.0003,49.58510971069336
2,1980,792000,-0.0004755950919941,217.26006408691407,1.0443190574645995,0.0024856277741491,0.0201499999593943,0.2110166549682617,0.1429900825023651,-0.2045775800943374,14.822608947753906,-101.07574462890624,90.30088806152344,11.21958351135254,16.68747901916504,0.766843556903335,10.456468473204463,0.0536811761558055,0.686074435710907,0.0,0.0,-1.9420088529586792,-1.9479600191116333,0.143415555357933,0.1425646096467971,0.0003,62.87824249267578
2,1990,796000,-0.0013079561307389,193.8176307678223,1.053898869752884,0.0045654401183128,0.020424999888055,0.1983960270881652,0.1426869034767151,3.866291522979736,13.86042308807373,-83.9708023071289,95.02964782714844,16.741085052490234,15.480913162231444,1.0542522583502327,21.73839340199779,0.0646781548857688,1.1347872018814087,0.0,0.0,-1.945749402046204,-1.9484575986862185,0.1428801119327545,0.1424936801195144,0.0003,89.77079010009766
2,2000,800000,-0.0021240702219773,188.7742795562744,1.0565362906455993,0.0054332837462425,0.0403000001376494,0.3265315890312195,0.142715573310852,-0.8969963192939758,14.131179809570312,-111.76949310302734,73.11451721191406,15.307371139526367,17.219470977783203,0.8880303659663213,17.241384759288277,0.0609695427119731,1.3448456525802612,0.0,0.00025,-1.9445034265518188,-1.9493054151535036,0.1430582553148269,0.1423729211091995,0.0003,74.8070068359375
2,2010,804000,-0.0010371259499734,165.27123832702637,1.047895110845566,0.0086682392284274,0.0497249999595806,0.4015212655067444,0.1438271254301071,-0.4672408998012543,12.883234024047852,-78.70375061035156,89.95665740966797,15.341073989868164,16.653308868408203,0.8919631392424868,9.859703257290509,0.0674626231193542,0.5996198654174805,0.0,0.0,-1.9440314769744875,-1.9342787265777588,0.1431257724761963,0.1445284634828567,0.0003,68.57830810546875
2,2020,808000,-0.0003390550055053,131.07342781066893,1.04584973692894,0.0033211908303201,0.0466749999998137,0.4042786359786987,0.1428744494915008,0.6570254564285278,11.553226470947266,-63.971527099609375,79.11511993408203,19.288543701171875,14.968618392944336,1.2639642569144371,10.67155237629948,0.0998558774590492,1.269156575202942,0.0,0.0,-1.95020854473114,-1.9413889646530151,0.1422444134950637,0.1435044854879379,0.0003,59.16012191772461
2,2030,812000,-0.0009438998886344,197.22113075256348,1.0539162313938142,0.0036201975308358,0.018399999924004,0.401286244392395,0.1429709643125534,-0.490599125623703,14.248276710510254,-104.1693344116211,148.08558654785156,20.152734756469727,18.414194107055664,1.217000641958436,19.097409354142076,0.0863172486424446,1.1495918035507202,0.0,0.0,-1.9516186714172363,-1.9386508464813232,0.1420439630746841,0.1438979655504226,0.0003,120.97389221191406
2,2040,816000,-0.0014026520514693,131.44095596313477,1.0560292196273804,0.0042351000010967,0.0263500000443309,0.4865673184394836,0.1422825157642364,1.6291052103042605,11.534822463989258,-64.45661926269531,71.4434814453125,16.84969139099121,16.097896575927734,0.8616401610233956,11.506419215111505,0.0527433268725872,0.9221714735031128,0.0,0.0,-1.9643937349319456,-1.935693383216858,0.140240877866745,0.1443241536617279,0.0003,55.87408828735352
2,2050,820000,-0.0012540938948281,136.61598930358886,1.0651986801624298,0.0042355367913842,0.0180999998841434,0.4003056287765503,0.1416229009628296,1.8867619037628172,11.880836486816406,-49.46415710449219,65.6605453491211,19.45970726013184,15.342001914978027,0.9334649489527972,16.08546119793243,0.0599055923521518,0.923757791519165,0.0,0.0,-1.970168948173523,-1.9392447471618648,0.1394332945346832,0.1438125222921371,0.0003,65.00658416748047
2,2060,824000,-0.0013891369866512,171.56315605163573,1.0720694804191588,0.0026613131631165,0.0180500000016763,0.2682188153266907,0.1416273117065429,0.2943764925003052,13.29748821258545,-83.74795532226562,64.61981201171875,18.753570556640625,15.544580459594728,0.8919820334879323,15.280392697973753,0.0711323544383049,0.7748835682868958,0.0,0.0,-1.9640216827392576,-1.9451795816421509,0.1402930617332458,0.1429615616798401,0.0003,67.77693176269531
2,2070,828000,-0.0024706248188082,124.11015571594238,1.0681320571899413,0.0028355987742543,0.0405500001041218,0.3612291812896728,0.1421156823635101,0.9798110127449036,11.3719482421875,-67.73371887207031,76.19004821777344,20.467374801635746,14.228605270385742,0.9241998697324544,17.46243709817203,0.0822004899382591,0.8899243474006653,0.0,0.0,-1.960377812385559,-1.9419349431991575,0.1408052146434784,0.1434261500835418,0.0003,70.14091491699219
2,2080,832000,0.0002272131298239,152.1717449951172,1.0633720827102662,0.0031855613924562,0.0057749999547377,0.4424266219139099,0.1421715766191482,-1.96319043636322,12.613645553588867,-79.54308319091797,57.805931091308594,20.515844345092773,16.892332077026367,1.1354134558012383,21.37112998742771,0.0532193146646022,1.2221314907073977,0.0,0.0,-1.9556595087051392,-1.9458061456680296,0.1414711475372314,0.142872005701065,0.0003,76.65388488769531
2,2090,836000,-0.0020006131657879,199.09979736328123,1.069833679199219,0.0053429687395691,0.0255499999597668,0.3989050388336181,0.1412521004676818,-0.46928271651268,14.195971488952637,-78.00668334960938,80.1672592163086,19.9592342376709,18.31022071838379,1.0262607983601997,17.18037788303078,0.0946506559848785,0.7191858887672424,0.0,0.0,-1.9619442224502563,-1.95249617099762,0.1405848264694214,0.1419193744659423,0.0003,112.72972106933594
2,2100,840000,7.058404798735651e-05,164.47838790893556,1.077966980934143,0.002846861956641,0.015049999882467,0.4600372910499573,0.141002744436264,0.8275571465492249,13.013578414916992,-66.20091247558594,89.15473937988281,19.10114860534668,17.709848403930664,1.060172777867253,14.067233769423668,0.0590107180178165,1.284226894378662,0.0,0.0,-1.9611388444900515,-1.9568175077438357,0.140698105096817,0.1413074135780334,0.0003,86.49930572509766
2,2110,844000,-0.002123420315131,241.17790802001957,1.0808333683013915,0.0032525435090065,0.0231250000419095,0.4328805208206177,0.140927717089653,-2.6974406242370605,15.994176864624023,-126.91063690185548,57.01303863525391,17.157554626464844,21.23853874206543,1.1898778976513176,42.1852165980414,0.0621980279684066,1.5406659841537476,0.0,0.00025,-1.960742950439453,-1.9582748413085935,0.1407538205385208,0.1411016285419464,0.0003,101.41175842285156
2,2120,848000,-0.0008332822511474,89.42526569366456,1.0772969722747805,0.0082511557266116,0.0342250000638887,0.6502821445465088,0.1415172666311264,0.9821591973304749,9.657072067260742,-47.010032653808594,65.54244232177734,19.38927459716797,16.330015182495117,1.1845735175555594,16.941166954071683,0.123563140630722,1.087058424949646,0.0,0.0,-1.9576098918914795,-1.9530624151229856,0.1411955058574676,0.1418390423059463,0.0003,49.07414627075195
2,2130,852000,0.0021701263247727,161.97408126831056,1.069972528219223,0.0058327810838818,0.079250000109896,0.5263465642929077,0.1418251693248748,-0.9597204327583312,12.82398509979248,-170.82891845703125,66.16514587402344,18.208101272583008,18.633424758911133,1.572904785558798,21.734690107045648,0.0678049847483635,0.7226290106773376,0.0,0.0,-1.9539237022399905,-1.952397108078003,0.1417169272899627,0.1419334262609481,0.0003,88.93658447265625
2,2140,856000,-0.0009912733069853,81.19626808166504,1.0660425519943235,0.0030989740043878,0.0289000000571832,0.6359237432479858,0.142142653465271,-0.2758918702602386,9.116649627685549,-54.09370803833008,37.96083068847656,16.149593353271484,15.10911750793457,1.2135203899896083,11.65088753063564,0.0865085422992706,0.6746798157691956,0.0,0.0,-1.948130965232849,-1.9537250995635984,0.1425402462482452,0.1417450755834579,0.0003,41.74260330200195
2,2150,860000,-0.0008535283693134,108.6087582397461,1.069924966096878,0.004108561668545,0.0404749999288469,0.5581258535385132,0.1412118822336197,-1.168198585510254,10.505630493164062,-70.20777893066406,66.6435546875,14.25631618499756,15.80421257019043,1.0261683342184356,12.570645529823285,0.1126781031489372,0.6406158804893494,0.0,0.0,-1.9479892253875728,-1.9670895338058472,0.1425604373216629,0.1398633420467376,0.0003,66.72738647460938
2,2160,864000,-0.0021642687479208,165.20200248718265,1.072594954967499,0.0041890917345881,0.0293250000383704,0.4621755480766296,0.1420502662658691,-0.822446882724762,12.97006607055664,-60.19272613525391,86.18663787841797,14.677931785583496,17.685688018798828,1.137584076352434,15.857078946108476,0.0718540176749229,0.7247064709663391,0.0,0.0,-1.940343260765076,-1.962932825088501,0.1436546295881271,0.1404459178447723,0.0003,73.16495513916016
2,2170,868000,-0.0011189740764169,233.20738037109376,1.067919110059738,0.0042957649566233,0.0202499999525025,0.322569727897644,0.1416690349578857,0.1544255018234253,15.43391227722168,-76.98991394042969,89.77726745605469,15.739197731018066,18.751832962036133,1.3008442381631231,20.44457166002893,0.0810284838080406,0.7027674317359924,0.0,0.0,-1.943878412246704,-1.9647538661956787,0.1431476920843124,0.140190377831459,0.0003,92.2333526611328
2,2180,872000,-0.0008258622452616,117.02163124084473,1.0711706292629242,0.0040025888010859,0.0212750001205131,0.4238303303718567,0.1415161788463592,0.1723634004592895,11.103388786315918,-60.94579315185547,56.38495635986328,14.107633590698242,14.62784481048584,0.842670158212564,14.448144563082383,0.081731379032135,0.9537191390991212,0.0,0.0,-1.9457502365112305,-1.9650250673294067,0.1428799927234649,0.1401523798704147,0.0003,50.266090393066406
2,2190,876000,-0.0014445230094744,86.797463722229,1.0674969708919526,0.0048607322387397,0.0484500001464039,0.4218106865882873,0.1424509882926941,0.5403017401695251,9.444093704223633,-68.04854583740234,88.49616241455078,15.087191581726074,12.42010498046875,1.2017049774464292,9.223558499194953,0.0813089832663536,0.8920038342475891,0.0,0.0,-1.9294230937957764,-1.9684727191925049,0.1452319622039795,0.1396699994802475,0.0003,38.8693733215332
2,2200,880000,-0.0035425602875184,109.48479644775392,1.067030098438263,0.0062323901802301,0.0625000001583248,0.3717620968818664,0.1411469727754593,-0.0761641263961792,10.57326316833496,-103.5174560546875,46.10138702392578,14.890185356140137,13.339727401733398,1.095800720783459,9.00634231068546,0.0663745179772377,1.1515973806381226,0.0,0.0,-1.9370843172073364,-1.9792675971984863,0.1441235691308975,0.1381704062223434,0.0003,50.146087646484375
2,2210,884000,-0.0011855236935138,214.8481169128418,1.079459902048111,0.0040891142562031,0.0252749999193474,0.2116255760192871,0.1410252749919891,0.5532712340354919,14.811620712280272,-88.06771850585938,77.66349792480469,16.04679298400879,16.681547164916992,1.2182383240286034,15.97001071933838,0.0455375202000141,0.8401668667793274,0.0,0.00025,-1.944350361824036,-1.973494291305542,0.1430801451206207,0.1389704048633575,0.0003,93.54304504394533
2,2220,888000,-0.0012048903541919,96.226635055542,1.0817883229255676,0.0039767129346728,0.0460999999567866,0.4023972749710083,0.1408793628215789,-0.2337065190076828,10.073370933532717,-62.55164337158203,64.06903076171875,16.31252670288086,13.030722618103027,0.9852885370889382,10.39296134394184,0.0614347159862518,1.613316297531128,0.0,0.0,-1.945725440979004,-1.974179744720459,0.1428835391998291,0.1388751715421676,0.0003,44.48510360717773
2,2230,892000,-8.168810865027965e-06,194.5081081390381,1.0801594519615174,0.0034221638925373,0.0352250001113861,0.2357069849967956,0.1409915387630462,-0.0939228534698486,14.050890922546388,-95.86803436279295,146.69882202148438,16.006540298461914,16.072147369384766,1.3087900385179512,13.683746756608771,0.0730191394686698,1.3821502923965454,0.0,0.0,-1.9471954107284544,-1.9710577726364136,0.1426736563444137,0.1393094211816787,0.0003,61.64547348022461
2,2240,896000,-0.0004165622893684,231.3886457824707,1.082791543006897,0.0043280255049467,0.0196000000089406,0.1741583347320556,0.1405182778835296,3.2091939449310303,15.344574928283691,-83.90017700195312,82.49671936035156,19.46614646911621,16.885210037231445,0.8746302222080939,23.96418413621182,0.0338154509663581,0.6927701830863953,0.0,0.0,-1.953029036521912,-1.9718953371047971,0.1418437659740448,0.1391927897930145,0.0003,111.37045288085938
2,2250,900000,-0.0015955386624707,145.41056968688966,1.0840702748298645,0.0032446742989122,0.0274250000389292,0.3676934242248535,0.1410138756036758,-0.5386366248130798,12.207601547241213,-65.73573303222656,92.19091796875,18.60020065307617,15.35205364227295,1.0665025359203892,13.24946981811609,0.0404799543321132,0.9759355187416076,0.0,0.00025,-1.9523251056671145,-1.9655122756958008,0.1419436633586883,0.1400841027498245,0.0003,78.00132751464844
2,2260,904000,-0.0011525447349333,150.6326584625244,1.0789595329761503,0.0032108954619616,0.0182750000385567,0.4342348575592041,0.1410771012306213,-0.3278213441371918,12.548531532287598,-98.7313995361328,57.674415588378906,18.625186920166016,16.683025360107422,1.0569431550845436,15.542489819954495,0.077012188732624,1.1634044647216797,0.0,0.00025,-1.9481507539749143,-1.9688539505004885,0.1425374001264572,0.1396167874336242,0.0003,72.68119049072266
2,2270,908000,-0.0026657365515158,199.96281326293945,1.0832323515415192,0.0060108476318418,0.0385000001173466,0.4448391795158386,0.1402837038040161,-1.971450686454773,14.373674392700195,-92.68353271484376,63.38366317749024,16.647310256958008,19.291162490844727,1.059846399796796,23.609331872447857,0.0797311514616012,1.5827724933624268,0.0,0.0,-1.9538010358810425,-1.9744828939437864,0.1417343020439148,0.138833075761795,0.0003,107.51319122314452
2,2280,912000,-0.0011521420216667,162.193138961792,1.0963125443458557,0.0044065220281481,0.0207249998580664,0.5593911409378052,0.1393845379352569,-1.2688337564468384,12.943113327026367,-78.70564270019531,90.34622192382812,15.319731712341309,19.498992919921875,1.0961866289320894,23.009098045602947,0.0624280050396919,1.1908625364303589,0.0,0.00025,-1.9633629322052,-1.977725982666016,0.1403855085372924,0.1383835673332214,0.0003,73.33365631103516
2,2290,916000,-0.0004684556143605,63.13377182006836,1.1081096720695496,0.0043327687308192,0.0322999999905005,0.7250117659568787,0.1386016607284546,1.1059213876724243,8.207812309265137,-34.930938720703125,54.88351440429688,16.996191024780273,15.652019500732422,1.0609595525185656,13.225483477138152,0.0525530390441417,1.5309677124023438,0.0,0.0,-1.9711681604385376,-1.9811590909957888,0.1392940431833267,0.1379092931747436,0.0003,29.39293670654297
2,2300,920000,-0.0017407738685695,219.22413314819332,1.11714457154274,0.0052691004239022,0.0368750000791624,0.4548195004463196,0.1382738947868347,-2.437397003173828,14.953855514526367,-104.22576141357422,67.89144897460938,13.967474937438965,20.25270271301269,0.9805810530460468,21.9663954320674,0.0692959204316139,1.101488471031189,0.0,0.0,-1.978416919708252,-1.9786206483840945,0.1382879912853241,0.1382598280906677,0.0003,77.83444213867188
2,2310,924000,-0.0010293687460063,96.23646171569824,1.1173847019672394,0.0032750959508121,0.0156999999564141,0.6146749258041382,0.1386096477508545,-2.230576276779175,10.333468437194824,-68.17300415039062,42.74026870727539,12.293792724609377,16.646865844726562,1.1021308569555024,30.624680692349607,0.071341648697853,1.0938034057617188,0.0,0.0,-1.976834297180176,-1.975353479385376,0.1385070085525512,0.1387122720479965,0.0003,44.376686096191406
2,2320,928000,-0.0029448936159722,72.78301349639892,1.1130160677433014,0.006532073020935,0.0506249997811391,0.6881668567657471,0.1387559175491333,0.6115254163742065,8.694549560546875,-37.19974899291992,53.92533493041992,11.79609203338623,15.569906234741213,1.1067134181863365,12.091692500038294,0.0761249586939811,1.0509364604949951,0.000125,0.00025,-1.9709880352020264,-1.979106068611145,0.1393191367387771,0.1381927132606506,0.0003,42.211673736572266
2,2330,932000,-0.0010874246201885,141.48078964233397,1.1031467938423156,0.0025944127701222,0.0201999999489635,0.4436403512954712,0.1400378048419952,0.8322280645370483,12.111187934875488,-69.31755828857422,85.5804443359375,13.850822448730469,16.237117767333984,1.024393974632036,14.417585318863832,0.0344323702156543,0.9589597582817078,0.0,0.0,-1.962517619132996,-1.9691792726516724,0.1405042260885238,0.1395713686943054,0.0003,62.89234924316406
2,2340,936000,-0.0027546685060424,165.3175350189209,1.0943483233451845,0.0066147223114967,0.0567749999044463,0.338988184928894,0.1397964358329773,-0.7655099034309387,13.097037315368652,-96.54962158203124,71.14202880859375,12.254469871520996,16.10899543762207,1.0581602058903044,14.515737617407076,0.0631677657365799,1.332592248916626,0.0,0.0,-1.9588725566864011,-1.9763396978378296,0.1410173177719116,0.1385755389928817,0.0003,93.18092346191406
2,2350,940000,-0.0033278365303782,113.75141761779786,1.1005804872512817,0.0100914351642131,0.0861749997874721,0.3185568451881408,0.1392980068922042,1.239791989326477,10.943882942199709,-51.22627258300781,84.20661163330078,14.21291446685791,13.257347106933594,1.0999598762667724,11.729337157817376,0.0573194399476051,1.392367601394653,0.0,0.0,-1.962933659553528,-1.979413628578186,0.1404457837343216,0.1381502300500869,0.0003,52.53532791137695
2,2360,944000,-0.0015892855950936,102.7326567840576,1.1097749507427217,0.006808646954596,0.0418249998986721,0.3458999395370483,0.1382362246513366,-1.4256458282470703,10.247052192687988,-54.18160629272461,47.94990158081055,12.508746147155762,12.67000675201416,1.0182290375897844,11.569619070761584,0.0925035178661346,0.8812780380249023,0.0,0.0,-1.9580594301223757,-1.9999619722366333,0.1411320269107818,0.1353404372930526,0.0003,48.28865432739258
2,2370,948000,-0.0006472720114223,156.72955657958985,1.116923211812973,0.0031549229752272,0.0204749999567866,0.123220682144165,0.1388814896345138,-0.0046525876969099,12.993898391723633,-84.1409683227539,112.46728515625,12.9213285446167,13.876959800720217,1.0010544387317075,20.142560520066084,0.0492714457213878,1.167916774749756,0.0,0.0,-1.9505289793014529,-1.9983103275299072,0.1421988308429718,0.1355641633272171,0.0003,79.21336364746094
2,2380,952000,-0.000772455396573,89.60137382507324,1.1123335111141204,0.0029157218523323,0.0243999999575316,0.2115088701248169,0.1386167407035827,1.1708474159240725,9.621170043945312,-56.30469512939453,54.67359924316406,13.553473472595217,10.83501434326172,1.0571884069445494,9.7524654017523,0.0669411495327949,0.7812219858169556,0.0,0.0,-1.951046705245972,-2.001678943634033,0.1421252340078354,0.1351082473993301,0.0003,41.877891540527344
2,2390,956000,-0.0029616056639992,269.25485000610354,1.11693589925766,0.0041008656844496,0.0226250000530853,0.0481133460998535,0.1381695717573166,4.324494361877441,16.291322708129883,-53.537139892578125,129.10655212402344,17.370031356811523,16.697973251342773,0.9358365363043668,23.349308973335205,0.0693620145320892,0.9850529432296752,0.0,0.0,-1.9514696598052976,-2.0078725814819336,0.1420651227235794,0.1342740207910537,0.0003,134.0894012451172
2,2400,960000,-0.0012173300700989,202.82037185668943,1.1255819141864776,0.0060594603419303,0.0460250000236555,0.0882785320281982,0.1376292109489441,0.701805055141449,14.29838752746582,-100.25967407226562,70.12748718261719,16.652620315551758,14.97462558746338,1.2903296149099606,11.151713338469216,0.0534346438944339,0.7922999262809753,0.0,0.0,-1.9524927139282229,-2.0148637294769287,0.1419198662042617,0.1333385854959488,0.0003,124.5729751586914
2,2410,964000,-0.0006799447570476,200.34866439819336,1.1421254587173462,0.0029216585680842,0.0217500000121071,0.1063028573989868,0.1357693374156952,-0.0058314208872616,14.280226707458496,-104.66617584228516,66.15707397460938,16.787944793701172,15.105668067932127,1.3456710664343676,14.685091917324346,0.0610500387847423,0.9883602857589722,0.0,0.0,-1.9656968116760252,-2.028897523880005,0.1400582641363144,0.1314803808927536,0.0003,88.77426147460938
2,2420,968000,-0.0026135423280065,319.72775131225586,1.162361044883728,0.003590976120904,0.0319500000728294,0.068540334701538,0.1351244747638702,2.0979130268096924,17.922548294067383,-96.74126434326172,151.51730346679688,18.69219207763672,18.57024955749512,1.0845970498731503,18.09214659311492,0.036150973290205,0.8547990322113037,0.0,0.0,-1.9649622440338133,-2.039545774459839,0.1401611715555191,0.1300877779722213,0.0003,163.50680541992188
2,2430,972000,-0.0008028909241316,191.0300333404541,1.169599276781082,0.0038810514379292,0.0306500000040978,0.1427445411682129,0.1347521543502807,0.2177948057651519,13.959993362426758,-85.2256851196289,68.68047332763672,18.925479888916016,15.07752513885498,0.9435328658976904,8.821149684415106,0.0544214472174644,1.287355899810791,0.0,0.0,-1.969208002090454,-2.040705919265747,0.139567345380783,0.1299369633197784,0.0003,100.69902801513672
2,2440,976000,-0.0005669805544825,334.0741835021973,1.1763650929927827,0.0031129694543778,0.0107749999640509,0.2410382628440857,0.1341694295406341,-2.944740295410156,18.639429092407227,-169.03433227539062,87.52590942382812,14.71369171142578,21.395511627197266,1.371185349264861,28.780951814594896,0.0601425319910049,1.6993446350097656,0.0,0.00025,-1.9755175113677976,-2.042921781539917,0.1386895179748535,0.129649356007576,0.0003,148.8933868408203
2,2450,980000,-0.0030547628146246,294.12652053833006,1.188518043756485,0.0066082775592803,0.0444250002130866,0.1438616514205932,0.1328632235527038,1.758861780166626,17.408342361450195,-76.77877044677734,110.08068084716795,16.819055557250977,18.814186096191406,1.1756047457198056,23.525570568855475,0.0523791946470737,1.0262916088104248,0.0,0.0,-1.9858531951904297,-2.052114486694336,0.1372634470462799,0.1284629851579666,0.0003,163.2526397705078
2,2460,984000,-0.0035307430756283,256.1065299987793,1.2044644856452942,0.0068941703066229,0.0514499998884275,0.2763075232505798,0.1323666125535965,-0.4249927997589111,16.31526756286621,-114.65496826171876,101.76008605957033,16.547779083251953,19.178611755371094,1.229542909290987,22.182117632536627,0.0528930462896823,0.9576629996299744,0.0,0.00025,-1.9920973777771,-2.0531954765319824,0.1364090293645858,0.1283241957426071,0.0003,135.290283203125
2,2470,988000,-0.0028176750756436,401.8944018554688,1.2096263313293456,0.0075835259631276,0.0455749997543171,0.1569676399230957,0.1320297718048095,0.5226383209228516,20.248825073242188,-137.97128295898438,106.95518493652344,14.317198753356934,22.05350875854492,1.2158441860426854,25.46440204851068,0.0881191790103912,1.0589784383773804,0.0,0.0,-1.997382402420044,-2.052842140197754,0.1356899887323379,0.12836953997612,0.0003,172.76498413085938
2,2480,992000,-0.0022287730059855,225.8971435546875,1.2125592935085296,0.0064943530596792,0.0474250000203028,0.2575215101242065,0.1319236755371093,-1.8712332248687744,15.185527801513672,-79.4420166015625,73.10681915283203,14.994166374206545,17.623329162597656,1.1893133914755738,21.43485205583,0.0960477739572525,0.8992016911506653,0.0,0.00025,-1.996538758277893,-2.0553905963897705,0.1358045190572738,0.1280428171157837,0.0003,122.39569854736328
2,2490,996000,-0.0002819398909883,353.17734024047854,1.2157001543045045,0.0014716645237058,0.0117000000178813,0.3661204576492309,0.1316650509834289,-4.367642879486084,19.12455177307129,-105.07262420654295,60.072540283203125,5.63479471206665,24.020824432373047,1.4415986860297978,44.46535527726039,0.0229723528027534,1.605061411857605,0.0,0.0,-1.9994908571243288,-2.056304216384888,0.1354042142629623,0.1279258877038955,0.0003,181.3186798095703
2,2500,1000000,-0.0030189507272793,263.93894561767576,1.2193004655838011,0.005206816829741,0.0516249999869614,0.3805492520332336,0.1313890814781189,0.522114098072052,16.30951690673828,-87.4998779296875,73.47773742675781,7.5696187019348145,20.722288131713867,1.2961077839844684,27.504638270933206,0.0557712391018867,0.579535961151123,0.0,0.0,-2.001718521118164,-2.058265447616577,0.1351028978824615,0.1276752352714538,0.0003,165.8097686767578
3,10,4000,-0.0033739642096974,119.45644180297852,0.1626170401275158,0.0047580301761627,0.0496500001242384,-0.0005459785461425,0.2227506041526794,3.194200277328491,10.703720092773438,-47.06184387207031,72.40444946289062,3.1989216804504395,10.700799942016602,0.6914228039937054,5.991424350922492,0.1128343567252159,1.5704200267791748,0.0,0.0,-1.4973605871200562,-1.5060633420944214,0.2237198650836944,0.2217813283205032,0.0003,55.61583709716797
3,20,8000,-0.0015353618046261,55.58882457733154,0.170115058273077,0.0032887165434658,0.0174250000622123,-0.0011823177337646,0.2216078639030456,1.47930908203125,7.4667816162109375,-38.49188232421875,43.65933990478516,3.9979567527771,7.462371826171875,0.5770665877751427,3.067400064435502,0.112757533788681,1.4417322874069214,0.0,0.0,-1.4983826875686646,-1.5153813362121582,0.2234913259744644,0.2197243720293045,0.0003,23.79294204711914
3,30,12000,-0.003288354933515,48.67189132690429,0.1752844081819057,0.0046679847873747,0.0244750001141801,0.0526837110519409,0.2218400537967682,2.1152453422546387,6.9594011306762695,-59.91054534912109,33.290313720703125,6.040407657623291,7.150301456451416,0.5884231511627163,5.634547160822328,0.1279870420694351,1.3223780393600464,0.0,0.0,-1.501624345779419,-1.5099903345108032,0.2227680087089538,0.2209120988845825,0.0003,19.35731315612793
3,40,16000,-0.0027066057129442,42.8115412902832,0.1820686876773834,0.0042635081335902,0.0253249999368563,0.0979701280593872,0.219476118683815,1.6690245866775513,6.54275369644165,-36.40247344970703,27.054676055908203,7.953042507171631,6.888903617858887,0.5914549230732093,4.801418059703682,0.1274165213108062,1.089304804801941,0.0,0.0,-1.513218641281128,-1.5198159217834473,0.2202000916004181,0.2187521457672119,0.0003,21.576770782470703
3,50,20000,-0.0013255065744118,72.78225460052491,0.1998710119724273,0.0034670520108193,0.0151999999582767,0.0852028727531433,0.2181512415409088,2.8408265113830566,8.42825698852539,-32.83183288574219,73.90864562988281,10.449673652648926,8.812017440795898,0.5908757644861771,9.38073431781118,0.1281134635210037,0.849249005317688,0.0,0.0,-1.5251983404159546,-1.5199419260025024,0.2175779044628143,0.2187245786190033,0.0003,38.25791931152344
3,60,24000,-0.000926152183821,49.13001564025879,0.2080825550854206,0.0024473962839692,0.0087999999476596,0.1652577519416809,0.2179113626480102,2.2686526775360107,6.941016674041748,-24.34285545349121,52.53102493286133,12.716812133789062,7.597082614898682,0.5885246331388774,8.43286197615107,0.0642206147313118,0.8093711137771606,0.0,0.0,-1.5285800695419312,-1.5187777280807495,0.2168433368206024,0.2189793735742569,0.0003,25.28149032592773
3,70,28000,-0.0006676133803681,53.36703357696533,0.206201454102993,0.0028032781556248,0.0076749999215826,0.1966186165809631,0.2187497615814209,0.464263379573822,7.403613090515137,-38.57184982299805,32.989192962646484,13.160674095153809,8.260052680969238,0.5571685238894548,5.008291511760057,0.0721221938729286,0.8623809218406677,0.0,0.0,-1.5268365144729614,-1.5128660202026367,0.2172217518091201,0.2202777564525604,0.0003,25.22926521301269
3,80,32000,-0.0016407132517269,40.85755237579346,0.2057404433190822,0.0035559118259698,0.0113749999087303,0.3623806834220886,0.2174765169620514,0.2067410796880722,6.499904632568359,-30.73612594604492,27.265384674072266,13.04190731048584,8.140034675598145,0.5268962971969139,4.7473101809566485,0.1109838932752609,0.7494670152664185,0.0,0.0,-1.534449338912964,-1.5169559717178345,0.2155743539333343,0.2193786650896072,0.0003,23.7409782409668
3,90,36000,-0.0023716615384603,68.0222968673706,0.2168615905940532,0.0027953754179179,0.0179500000085681,0.3419361114501953,0.2167258262634277,0.6114333271980286,8.315939903259277,-57.2393684387207,38.108245849609375,13.433984756469728,10.251261711120604,0.6122337010339096,7.223462162508379,0.0797504186630249,0.6779380440711975,0.0,0.0,-1.5409044027328491,-1.5174771547317505,0.2141873091459274,0.2192643582820892,0.0003,29.57603073120117
3,100,40000,-0.0009370211445704,43.4477519607544,0.2240428072214126,0.0042148125357925,0.0165499999653548,0.4931969046592712,0.2159695625305175,0.3141776025295257,6.624449729919434,-34.54824447631836,33.93046569824219,13.86533546447754,9.305295944213867,0.5530274133899685,4.814310564800271,0.1261876076459884,0.3629283905029297,0.0,0.0,-1.5525277853012085,-1.5130964517593384,0.2117121219635009,0.2202270030975341,0.0003,17.90108871459961
3,110,44000,-0.0008243115328106,49.07000438690186,0.2308751994371414,0.0033569019287824,0.0190250000124797,0.4437621235847473,0.2152158319950103,0.4781453907489776,7.016366004943848,-41.23291778564453,62.63691711425781,14.17495059967041,9.40766716003418,0.6221760180590151,5.129789566865871,0.0813710689544677,0.5121898651123047,0.0,0.0,-1.5549724102020264,-1.5176043510437012,0.2111952006816864,0.2192364782094955,0.0003,29.805139541625977
3,120,48000,-0.0009508966468278,59.51162288665771,0.2384393942356109,0.0023769228719174,0.0079499999992549,0.3859202265739441,0.2143181413412094,0.9599894285202026,7.895481586456299,-39.16801834106445,60.8956413269043,14.989903450012209,10.075490951538086,0.6164122346387569,8.462606556834704,0.0780393257737159,1.076968550682068,0.0,0.0,-1.5621201992034912,-1.5189335346221924,0.2096910029649734,0.2189452648162841,0.0003,31.427255630493164
3,130,52000,-0.0009677854709207,54.42047046661377,0.2482962656021118,0.0032319431193172,0.0092749999416992,0.539207935333252,0.2130199968814849,-0.437049001455307,7.587100982666016,-36.16569519042969,34.632476806640625,14.82765293121338,11.17695140838623,0.5989094343368948,9.969032688344234,0.1048090830445289,0.6211279630661011,0.0,0.0,-1.5692038536071775,-1.5240445137023926,0.2082108706235885,0.217829093337059,0.0003,26.116172790527344
3,140,56000,-0.002183895438486,64.2811610031128,0.2517992979288101,0.003899012459442,0.0229500000085681,0.5836937427520752,0.2141085714101791,1.5856469869613647,8.045446395874023,-70.98028564453125,33.898956298828125,15.5995512008667,12.469346046447754,0.5222714294828069,11.362591205988345,0.1079956367611885,0.7088879942893982,0.0,0.00025,-1.5672428607940674,-1.5159586668014526,0.2086195796728134,0.2195975631475448,0.0003,33.7805290222168
3,150,60000,-0.0011683229218474,38.174030990600585,0.2455412276089191,0.0030966021586209,0.0068000000016763,0.6792556047439575,0.213824987411499,1.7193485498428345,6.180059432983398,-27.93320846557617,52.271427154541016,18.06062126159668,10.912220001220703,0.5783539202749584,9.3175457814055,0.1300033926963806,0.53472501039505,0.0,0.0,-1.5636616945266724,-1.5219676494598389,0.2093680202960968,0.2182819843292236,0.0003,19.16750717163086
3,160,64000,-0.0017157382423767,50.76865455627441,0.253237662166357,0.0036157995928078,0.0117750000068917,0.6633216738700867,0.2124359309673309,0.8857415914535522,7.278273582458496,-43.146575927734375,37.28728485107422,19.127849578857425,12.543559074401855,0.5350743189993706,11.701515041780322,0.086574450135231,0.5449063181877136,0.0,0.0,-1.5715996026992798,-1.527124524116516,0.2077126502990722,0.2171592116355896,0.0003,27.383020401000977
3,170,68000,-0.0018769097556498,71.17511852264404,0.2630533662438392,0.0037381774745881,0.0133000000193715,0.6347355246543884,0.2120831310749054,1.0599710941314695,8.463723182678223,-48.81142807006836,86.52545166015625,19.52301788330078,14.00418186187744,0.5463914602876936,13.069273820459149,0.1019656285643577,0.5703864097595215,0.0,0.0,-1.5769953727722168,-1.525228500366211,0.2065948992967605,0.2175713330507278,0.0003,33.647499084472656
3,180,72000,-0.0006090163587632,59.70874908447266,0.2656549972295761,0.0027270130813121,0.0105249999696388,0.715327799320221,0.2116850912570953,0.2516462206840515,7.969537734985352,-49.796417236328125,58.93974304199219,18.91774177551269,14.936903953552246,0.58733226332018,13.072882241309392,0.0650261044502258,0.7998507618904114,0.0,0.0,-1.5822935104370115,-1.5238707065582275,0.205503225326538,0.2178669422864914,0.0003,23.513790130615234
3,190,76000,-0.0003723343013429,52.18532810211182,0.2659626749157905,0.001156183425337,0.0004249999905005,0.7449982166290283,0.2124313116073608,-0.5812009572982788,7.674654483795166,-45.8043327331543,30.98402404785156,18.266246795654297,15.198026657104492,0.5401892753664932,18.11308013171522,0.0706426203250885,0.9360539317131042,0.0,0.0,-1.579551339149475,-1.519619703292847,0.2060675323009491,0.2187950760126114,0.0003,21.063796997070312
3,200,80000,-0.0006574504728043,85.75051582336425,0.2593657639622688,0.0029134943615645,0.0088749999785795,0.6161074042320251,0.2127752900123596,-0.3635716736316681,9.52226734161377,-48.976505279541016,55.429595947265625,16.94346046447754,15.36864185333252,0.5389962813737936,14.235460762971517,0.0545666068792343,1.1343733072280884,0.0,0.0,-1.5783257484436035,-1.5176323652267456,0.2063202559947967,0.2192303240299224,0.0003,40.90309143066406
3,210,84000,-0.0020783002038457,77.78368015289307,0.2579407584667206,0.0019130498403683,0.0108749999385327,0.6039415001869202,0.2124705612659454,1.5419468879699707,9.05282211303711,-50.36105346679688,88.65325927734375,19.131488800048828,14.38481616973877,0.5609841870000062,17.038296359820627,0.0580690838396549,0.927187204360962,0.0,0.0,-1.5817136764526367,-1.5172293186187744,0.2056224346160888,0.2193187177181244,0.0003,48.11254501342773
3,220,88000,-0.0020241618648339,55.46656574249268,0.263411990404129,0.0023631225340068,0.0126249999925494,0.7012171745300293,0.211898386478424,1.3962746858596802,7.508790969848633,-33.74032974243164,41.43865585327149,18.969446182250977,13.737009048461914,0.5359603893376921,12.417069603876252,0.0672210454940795,0.996556520462036,0.0,0.0,-1.5841317176818848,-1.520187258720398,0.2051258236169815,0.2186709344387054,0.0003,24.393531799316406
3,230,92000,-0.0023827063027521,32.37369806289673,0.2736311566829681,0.0052225925028324,0.0289250000379979,0.7921733856201172,0.2103363126516342,0.1643593460321426,5.820918083190918,-33.65891647338867,30.20989990234375,19.507457733154297,12.768529891967772,0.5342139283186575,6.864260722171855,0.0808722302317619,0.663912832736969,0.0,0.0,-1.5952486991882324,-1.524111270904541,0.2028580754995346,0.2178145349025726,0.0003,14.850242614746094
3,240,96000,-0.0021255658081499,106.443980178833,0.2886868977546692,0.0040209423750638,0.0250250000040978,0.505049467086792,0.2087525427341461,0.4670987129211426,10.39138412475586,-30.532012939453125,121.80044555664062,20.04570579528809,14.770407676696776,0.5621602408788873,11.262188718772606,0.0937282964587211,0.9183868765830994,0.0,0.0,-1.6037726402282717,-1.5307708978652954,0.2011362761259079,0.2163687944412231,0.0003,46.37083053588867
3,250,100000,-0.0023481603599137,51.516305122375485,0.300974935889244,0.0030150387901812,0.0196250000409781,0.6472306251525879,0.2075610160827636,-0.0064322049729526,7.361610412597656,-43.29907989501953,44.2525634765625,18.59866714477539,12.394453048706056,0.5519664088029428,8.420195368207988,0.1202081441879272,1.1389809846878052,0.0,0.00025,-1.6143577098846436,-1.5319974422454834,0.1990184485912323,0.2161035686731338,0.0003,24.728944778442383
3,260,104000,-0.0017603015216242,68.44415447235107,0.3106727734208107,0.0029532634653151,0.0199249998759478,0.6212944388389587,0.207281082868576,0.4050296545028686,8.366063117980957,-54.10948181152344,79.6953353881836,18.70089530944824,13.594720840454102,0.6059532494008854,7.458183178155459,0.0940276309847831,1.2009084224700928,0.0,0.0,-1.623425006866455,-1.5262917280197144,0.1972220540046692,0.2173401266336441,0.0003,27.64928436279297
3,270,108000,-0.0025813536903671,122.02045265197754,0.31425307482481,0.0038577187806367,0.0222499999403953,0.4636580348014831,0.2065993547439575,-2.2146503925323486,11.18734645843506,-57.94240951538086,62.56907653808594,15.394170761108398,15.27587890625,0.582869097532174,17.845452602154293,0.0834278315305709,0.7429499626159668,0.00025,0.0005,-1.6294655799865725,-1.5271005630493164,0.1960343122482299,0.217164397239685,0.0003,57.24271774291992
3,280,112000,-0.0020269846670649,33.62806484222412,0.3233295536041259,0.0039026397280395,0.0344000000599771,0.7825520038604736,0.2057055532932281,-0.5492402911186218,5.839845180511475,-30.373699188232425,19.83903312683105,17.2177677154541,12.523439407348633,0.6028329556200785,6.104865149108337,0.0999018400907516,0.8154584765434265,0.0,0.0,-1.6367292404174805,-1.5288004875183103,0.1946155428886413,0.2167955636978149,0.0003,14.965749740600586
3,290,116000,-0.0009815092229429,36.92752103805542,0.3242129164934158,0.0023056392092257,0.0083249999675899,0.7609527707099915,0.2062696069478988,-0.428304374217987,6.283845901489258,-26.66847038269043,45.19804382324219,16.897130966186523,12.85238265991211,0.5642131658357148,9.238631449886748,0.1023119986057281,0.8467010855674744,0.0,0.0,-1.637285828590393,-1.5231136083602903,0.1945072561502456,0.2180319726467132,0.0003,17.056299209594727
3,300,120000,-0.0024240890683257,124.56975654602051,0.3223701286315918,0.0031423098407685,0.0154749999335035,0.4489553570747375,0.2059977650642395,1.125935435295105,11.595145225524902,-63.42535781860352,62.10405349731445,16.642887115478516,15.62006378173828,0.6225522071392843,18.953442563172448,0.0773425996303558,1.4133000373840332,0.0,0.0,-1.632095456123352,-1.5302752256393433,0.1955194473266601,0.2164760828018188,0.0003,55.0933952331543
3,310,124000,-0.0014413270663164,144.05115844726564,0.3246305966377258,0.0036011312622576,0.0147749999351799,0.4214246869087219,0.2060056030750274,-0.1519684195518493,12.177045822143556,-69.35633850097656,52.81843566894531,18.34500312805176,16.00891876220703,0.5670860477291858,14.013260700058904,0.096709057688713,1.27001690864563,0.0,0.0,-1.6322249174118042,-1.530085802078247,0.195494145154953,0.2165170758962631,0.0003,88.02764129638672
3,320,128000,-0.0003038693106573,26.04991018295288,0.3184934693574905,0.0032383590005338,0.0132749999733641,0.7750234007835388,0.2068928182125091,-0.6474049687385559,5.12345027923584,-30.740236282348636,21.23080825805664,17.107986450195312,10.801743507385254,0.5320306161613128,5.96281759785722,0.1187170296907424,0.5311784148216248,0.0,0.0,-1.6288059949874878,-1.5249956846237185,0.1961636543273925,0.2176219969987869,0.0003,13.025094032287598
3,330,132000,-0.0027668925697318,111.9158511352539,0.3214114621281624,0.0035872168373316,0.0222750001400709,0.4672347903251648,0.2057913541793823,-0.6138013601303101,10.596856117248535,-57.52499008178711,41.54425048828125,17.602352142333984,14.518077850341797,0.6036649765190455,11.529993529368747,0.0841785222291946,0.5036096572875977,0.0,0.0,-1.6381049156188965,-1.526776909828186,0.1943479925394058,0.2172347158193588,0.0003,58.21747970581055
3,340,136000,-0.0033158733904474,91.79223220825196,0.3287011507153511,0.0036113620735704,0.0314500000560656,0.552222490310669,0.2055733203887939,-0.3090524077415466,9.69508457183838,-71.23623657226562,53.56070327758789,16.076475143432617,14.488401412963867,0.5919130650838024,12.491345926186744,0.0820779874920845,0.8402475714683533,0.0,0.0,-1.6411807537078855,-1.5260369777679443,0.1937511414289474,0.2173954993486404,0.0003,33.2791862487793
3,350,140000,-0.0016864984985091,108.30787654876708,0.3317003411054611,0.0018932170933112,0.0118250000150874,0.4771874547004699,0.2049466073513031,0.6348182559013367,10.466391563415527,-61.71588134765625,105.49657440185548,16.863054275512695,14.475179672241213,0.652358405948104,10.422628817725794,0.0765755102038383,1.0652495622634888,0.0,0.0,-1.643203616142273,-1.530009388923645,0.1933595985174179,0.2165336459875106,0.0003,50.49029541015625
3,360,144000,-0.0014485661828876,44.63535324096679,0.3423349118232727,0.002819953719154,0.0182249999092891,0.709760308265686,0.2035157084465026,0.1412416994571685,6.742076396942139,-32.14887237548828,38.54548645019531,17.641468048095703,12.514551162719728,0.5188137671361016,8.496238846849135,0.0954690501093864,0.6283349990844727,0.0,0.0,-1.6520638465881348,-1.5353630781173706,0.1916539371013641,0.2153774797916412,0.0003,22.207765579223636
3,370,148000,-0.0046195485318479,39.99348125457764,0.3579527631402016,0.0069957384839653,0.0528249999787658,0.7040556073188782,0.2018686383962631,1.370888113975525,6.425421237945557,-28.181320190429688,40.91365814208984,18.210739135742188,11.811267852783203,0.532906220181827,9.293612205212408,0.1500884145498275,0.8816357254981995,0.0,0.0,-1.6690740585327148,-1.5356494188308716,0.1884214431047439,0.2153158187866211,0.0003,20.14544486999512
3,380,152000,-0.0010628212826661,81.66678100585938,0.3759342265129089,0.004770322702825,0.015574999959208,0.5844531655311584,0.1998316347599029,0.6107454299926758,9.269525527954102,-114.31656646728516,47.80357360839844,18.65013313293457,14.379623413085938,0.6345332501255689,10.881307515477788,0.1269205212593078,1.3452565670013428,0.0,0.0,-1.6784642934799194,-1.5464496612548828,0.1866603940725326,0.213002860546112,0.0003,29.2117919921875
3,390,156000,-0.0019831014697651,52.91864906311035,0.3933152413368225,0.0031205299310386,0.0215750000253319,0.6957720518112183,0.1983689814805984,-0.8854899406433105,7.427225112915039,-44.87907791137695,25.150415420532227,18.193653106689453,13.4656400680542,0.5536788923263469,11.518300585610405,0.0913426056504249,0.8054342865943909,0.0,0.0,-1.6886756420135498,-1.551292061805725,0.1847640424966812,0.2119739055633545,0.0003,24.98562812805176
3,400,160000,-0.0022886986518191,31.158418827056884,0.4022749719023704,0.0034562144428491,0.0131999999191612,0.8123174905776978,0.1982747018337249,-0.1984871178865432,5.647266864776611,-38.36385726928711,39.442527770996094,17.524887084960938,13.03546142578125,0.5221924496799392,7.035547112208247,0.1398000568151474,0.5551080703735352,0.0,0.0,-1.6801373958587646,-1.5596908330917358,0.1863483637571334,0.2102010697126388,0.0003,14.653552055358888
3,410,164000,-0.0008953339896223,88.74873443603515,0.4012811177968979,0.0024809278547763,0.0182000000914558,0.5663399696350098,0.1982601583003997,-2.0084545612335205,9.52548122406006,-84.49449157714844,46.53725051879883,15.660694122314451,14.46479320526123,0.5253309898703027,17.78981928918914,0.0624302625656127,0.6692424416542053,0.0,0.0,-1.6735306978225708,-1.565723896026611,0.1875835955142974,0.2089366912841797,0.0003,37.07191467285156
3,420,168000,-0.0021653518370187,34.6960231590271,0.4137093612551689,0.003715933766216,0.0227750000869855,0.795250654220581,0.1956507861614227,0.4296653270721435,5.936920642852783,-38.32886505126953,28.348363876342773,15.98311710357666,13.120488166809082,0.5831394450647429,7.106989843755588,0.1006158962845802,0.5117121934890747,0.0,0.0,-1.687155842781067,-1.5786348581314087,0.185045063495636,0.206256479024887,0.0003,15.188135147094728
3,430,172000,-0.0020370024173636,63.06321384429932,0.4315944162011146,0.0039039074908941,0.0267250000312924,0.6745811700820923,0.1951470077037811,0.0043744430877268,7.989050388336182,-45.518348693847656,41.54308319091797,16.19640350341797,14.00469970703125,0.5438317744881767,10.569604240394456,0.0932663902640342,0.6223880052566528,0.0,0.0,-1.691504716873169,-1.5796270370483398,0.1842420846223831,0.2060519307851791,0.0003,25.831058502197266
3,440,176000,-0.0023704428053279,42.47456884384155,0.4283555090427399,0.0075045996345579,0.0425750001007691,0.7462261915206909,0.1959858238697052,0.8060418367385864,6.603606700897217,-27.764938354492188,43.17036437988281,17.092763900756836,13.108644485473633,0.5958271060214368,9.953651832009903,0.1135028451681137,0.5902746319770813,0.0,0.0,-1.6854994297027588,-1.5768747329711914,0.1853518337011337,0.2066198289394378,0.0003,24.38101577758789
3,450,180000,-0.0022127616294019,56.958619384765626,0.421122068464756,0.005529289599508,0.043025000016205,0.704016923904419,0.1968273073434829,-0.446682870388031,7.6934709548950195,-43.19830322265625,49.94609069824219,16.78919219970703,14.14128589630127,0.5667710213272759,10.076428998520402,0.0805129781365394,0.9119001030921936,0.0,0.0,-1.680864930152893,-1.5729045867919922,0.1862128525972366,0.2074417620897293,0.0003,29.600868225097656
3,460,184000,-0.0027038624139648,68.5074834060669,0.417039246559143,0.0040903054177761,0.0284999998100101,0.5804142355918884,0.1961287707090377,1.3662596940994265,8.4779052734375,-37.61289978027344,52.44660186767578,17.616966247558594,13.088149070739746,0.5233389737615954,12.344122117746515,0.1120040714740753,1.017387628555298,0.0,0.0,-1.6798782348632812,-1.580554723739624,0.1863966733217239,0.2058608680963516,0.0003,28.332250595092773
3,470,188000,-0.0008380759603329,43.04619758605957,0.4268529358506203,0.0033742350060492,0.0268250000756233,0.7098619937896729,0.1953216791152954,-0.3148452639579773,6.591980934143066,-40.6889533996582,26.79550552368164,17.235034942626953,12.238089561462402,0.617164406527943,7.922755374436068,0.1056594923138618,0.3762098848819732,0.0,0.0,-1.6835997104644775,-1.5850424766540527,0.1857042759656906,0.2049390971660614,0.0003,26.638324737548828
3,480,192000,-0.0010005769541487,168.22567115783693,0.4317314398288727,0.0025476564187556,0.0082249999744817,0.3428987264633178,0.1951335668563842,1.0792227983474731,13.240741729736328,-37.65986633300781,179.02114868164062,18.42327690124512,16.334135055541992,0.5667736493243539,20.76153908359907,0.0666634067893028,0.9533678293228148,0.0,0.0,-1.6802091598510742,-1.5899680852890017,0.1863349825143814,0.2039321213960647,0.0003,91.76351928710938
3,490,196000,-0.0007884597740925,69.55681381225585,0.4337135764956474,0.0033432147465646,0.0281499999575316,0.6119006872177124,0.1949229836463928,0.5101335644721985,8.405726432800293,-43.56065368652344,45.13291931152344,18.42028045654297,13.492853164672852,0.6235775683687781,10.098338210364528,0.0933092907071113,0.7198234796524048,0.0,0.0,-1.679114818572998,-1.5930383205413818,0.1865390241146087,0.203306958079338,0.0003,30.63961601257324
3,500,200000,-0.0017871045307063,65.3716480255127,0.4392263209819794,0.0038835152518004,0.0306500000646337,0.5989803075790405,0.1936169564723968,0.0524562075734138,8.26648998260498,-38.01336288452149,41.247188568115234,19.01814842224121,13.053841590881348,0.6021680331184421,10.929684714697958,0.0890194103121757,0.8908296823501587,0.0,0.0,-1.6802598237991333,-1.6049065589904783,0.1863255500793457,0.2009083330631256,0.0003,26.44261932373047
3,510,204000,-0.0016967782785766,53.56707223892212,0.4462243962287903,0.0044019091874361,0.0180249999696388,0.660994827747345,0.1939309537410736,-0.4115738570690155,7.347394943237305,-34.41168975830078,57.238399505615234,18.198219299316406,12.619153022766112,0.6475231463897941,8.734075947038765,0.1096175611019134,0.5041882991790771,0.0,0.0,-1.6826938390731812,-1.5995404720306396,0.1858725994825363,0.2019893229007721,0.0003,22.864879608154297
3,520,208000,-0.0010536511489648,76.1707572555542,0.4399397766590118,0.0038778861053287,0.0167999999318271,0.5643954277038574,0.1944524943828582,-0.5768994092941284,8.831377029418945,-47.34358215332031,42.17742919921875,18.33635711669922,13.380804061889648,0.5619073026319646,11.208864324246989,0.1070026755332946,0.6802806854248047,0.0,0.0,-1.6794548034667969,-1.5973641872406006,0.1864756047725677,0.20242939889431,0.0003,35.71246719360352
3,530,212000,-0.0012621265805195,75.72356018066407,0.435008535683155,0.0038425740785896,0.0240250000357627,0.5970451831817627,0.1951548606157302,0.120719663798809,8.86066722869873,-57.76657485961914,38.08681869506836,17.963459014892578,13.958483695983888,0.5297716108281745,12.562433885985602,0.0994389951229095,0.6798405051231384,0.0,0.0,-1.6718864440917969,-1.5974231958389282,0.1878922879695892,0.2024174183607101,0.0003,36.11530303955078
3,540,216000,-0.0033921813578228,70.4744548034668,0.4295041382312775,0.0058780177496373,0.0390999998012557,0.6324060559272766,0.1951693594455719,-0.6872190833091736,8.62539005279541,-62.80205535888672,56.29613876342773,17.960216522216797,14.226385116577148,0.6000397868680113,12.579011542261794,0.1103525534272193,0.9002789855003357,0.0,0.0,-1.671012043952942,-1.5980921983718872,0.1880566477775573,0.2022820562124252,0.0003,28.81112670898437
3,550,220000,-0.0017015061995902,65.50140434265137,0.4382071086764336,0.0032281349413096,0.0108499999344348,0.6505919694900513,0.1933252066373825,-1.255029797554016,8.164674758911133,-54.600624084472656,46.99430084228516,16.93777084350586,13.812504768371582,0.6020767261300325,10.85471908599942,0.1191022545099258,0.8218284249305725,0.0,0.0,-1.6812362670898438,-1.606907606124878,0.1861437112092971,0.2005067020654678,0.0003,33.97345352172852
3,560,224000,-0.002835837948857,56.122021179199216,0.4606032732129097,0.0035237525589764,0.0298999999696388,0.7208364605903625,0.191454142332077,0.736494243144989,7.542208671569824,-44.47281265258789,33.14179611206055,17.093486785888672,14.274771690368652,0.566884651859803,11.99203751403991,0.0989595055580139,0.4580979943275451,0.0,0.0,-1.688311219215393,-1.6191000938415527,0.1848313808441162,0.1980768740177154,0.0003,26.192359924316406
3,570,228000,-0.001532834601224,35.24883924484253,0.4729609858989715,0.0035453245509415,0.0237750000180676,0.7942165732383728,0.1907837390899658,0.7664787769317627,6.0296735763549805,-53.944862365722656,30.020505905151367,18.782581329345703,13.291946411132812,0.6012100113047385,7.813754943222741,0.1264894902706146,0.7687689065933228,0.0,0.0,-1.6878924369812012,-1.6262857913970947,0.1849088221788406,0.1966586410999298,0.0003,19.502641677856445
3,580,232000,-0.001644394880018,63.45887006759644,0.4822362381219864,0.0031244207639247,0.0137000000011175,0.6950558423995972,0.1895501017570495,0.6056608557701111,8.139451026916504,-48.43147659301758,62.29921722412109,18.04901123046875,14.739574432373049,0.5383767091684871,12.435553369598322,0.0877345353364944,0.8900277614593506,0.0,0.0,-1.6900073289871216,-1.6369013786315918,0.1845181584358215,0.1945820301771164,0.0003,34.071537017822266
3,590,236000,-0.0031602531163378,33.90869535446167,0.490333781838417,0.0068967761471867,0.0489250000379979,0.8220285773277283,0.1894896924495697,0.0771823152899742,5.875754356384277,-45.359466552734375,26.64766502380371,18.39506149291992,13.92799186706543,0.5340040669407479,7.688741852802731,0.1174163445830345,0.5757839679718018,0.0,0.00025,-1.696688175201416,-1.6312243938446045,0.1832895278930664,0.1956898272037506,0.0003,16.72377586364746
3,600,240000,-0.001571879767676,92.30023063659668,0.4881027516722679,0.0030733370222151,0.0113999999081715,0.6261183023452759,0.189748615026474,-0.6970437169075012,9.805171012878418,-82.45687103271484,44.155704498291016,17.546859741210938,16.03570556640625,0.561939518336057,15.372286598451328,0.0830074772238731,0.7816632390022278,0.0,0.0,-1.6915349960327148,-1.6334195137023926,0.1842365115880966,0.1952607333660125,0.0003,54.21003723144531
3,610,244000,-0.0017494395499284,94.3027577972412,0.4893150180578232,0.0032956909853965,0.0148750000074505,0.6584649085998535,0.1893090605735778,-0.949392795562744,9.802915573120115,-84.50106048583984,46.18389129638672,15.908388137817385,16.774036407470703,0.5479603413295489,12.404042365274936,0.0867746099829673,0.6663520336151123,0.0,0.0,-1.6914209127426147,-1.6380400657653809,0.1842575222253799,0.1943605989217758,0.0003,39.55651473999024
3,620,248000,-0.0009444655123952,64.8076388168335,0.4927173960208892,0.001561902812682,0.0235000001452863,0.6924684047698975,0.189073160290718,-0.2230402678251266,8.340804100036621,-45.51874542236328,36.95798110961914,13.418825149536133,15.04052734375,0.5205625484207159,12.727929296308476,0.0389431975781917,0.8207605481147766,0.0,0.0,-1.6883561611175537,-1.643391728401184,0.1848230808973312,0.1933232098817825,0.0003,32.933677673339844
3,630,252000,-0.0018633272290346,168.6811486053467,0.4914518302679062,0.0052285781130194,0.0196749999467283,0.3874024152755737,0.1896858215332031,-1.6765553951263428,13.31293487548828,-76.52027893066406,68.04336547851562,15.255294799804688,17.009288787841797,0.5994233280442173,23.828202295141452,0.1128195524215698,1.1306177377700806,0.0,0.0,-1.682364583015442,-1.6427990198135376,0.1859337836503982,0.1934378445148468,0.0003,73.11666107177734
3,640,256000,-0.0009187047829269,53.26050750732422,0.4808290281891823,0.0023374438751488,0.0107749998802319,0.664940595626831,0.1907156407833099,-0.0771346911787986,7.419257164001465,-50.58683013916016,38.542137145996094,15.582509994506836,12.817387580871582,0.5680720362375644,9.03553007847701,0.0839234068989753,0.6478248238563538,0.0,0.0,-1.6704673767089844,-1.643655776977539,0.188159093260765,0.1932721734046936,0.0003,25.17493438720703
3,650,260000,-0.0013864067876951,53.59517585754394,0.4750671887397766,0.003243925049901,0.0121749999048188,0.6172709465026855,0.1907327771186828,1.1279089450836182,7.426843166351318,-34.65901184082031,49.48535537719727,16.181148529052734,12.004899978637695,0.5790059574246632,7.8550338863617375,0.0911885574460029,0.7098865509033203,0.0,0.0,-1.67933988571167,-1.6349172592163086,0.1864970326423645,0.19496850669384,0.0003,26.80105209350586
3,660,264000,-0.001528750455754,73.98462574005127,0.4857277426123619,0.0042466046288609,0.0216749999579042,0.5044390559196472,0.1889163702726364,-0.6178532838821411,8.676555633544922,-37.43450546264648,70.55235290527344,15.434751510620115,12.325339317321776,0.5253820104663945,9.403605820000038,0.0597913935780525,0.7172000408172607,0.0,0.0,-1.6896865367889404,-1.6437427997589111,0.1845773756504058,0.1932553648948669,0.0003,33.71658706665039
3,670,268000,-0.0010829321628101,46.36516345977783,0.4924821072816849,0.0042262892238795,0.020675000026822,0.5880500078201294,0.1894442737102508,0.1115927770733833,6.900512218475342,-34.7877311706543,50.81621170043945,15.844301223754885,10.75125217437744,0.5808546235519367,6.935329418347695,0.0646849125623703,0.6657755970954895,0.0,0.0,-1.6878305673599243,-1.6400606632232666,0.1849202662706375,0.1939682811498642,0.0003,22.32257652282715
3,680,272000,-0.0011370044418348,129.28483604431153,0.4895228001475334,0.0038303930778056,0.0181250000791624,0.2600734233856201,0.1894517689943313,0.590965211391449,11.58367156982422,-63.37984848022461,56.544952392578125,16.849708557128906,13.466413497924805,0.5840438664202021,13.59292414969272,0.0702006593346595,1.048186182975769,0.0,0.0,-1.6897927522659302,-1.6381163597106934,0.1845577657222747,0.1943457573652267,0.0003,70.26319885253906
3,690,276000,-0.001673254926352,65.75768367767334,0.4959123894572258,0.0048592370003461,0.0236249999515712,0.502448320388794,0.1882722228765487,-1.2868303060531616,8.197914123535156,-63.8227767944336,26.15873336791992,14.817801475524902,11.62209129333496,0.5599913747259108,7.432687919914757,0.1012857109308242,0.8557161092758179,0.0,0.0,-1.69744610786438,-1.6430269479751587,0.1831506639719009,0.1933937668800354,0.0003,27.857763290405277
3,700,280000,-0.0046791350016144,60.92598526000977,0.5095136731863021,0.0061706127598881,0.0555499999644234,0.5107947587966919,0.1868930757045745,0.5291296243667603,7.88369607925415,-44.11445617675781,33.2658805847168,15.349974632263184,11.271568298339844,0.5975164110252459,7.588991084686454,0.1024695932865142,0.686245322227478,0.0,0.0,-1.6977243423461914,-1.6571248769760132,0.1830997169017791,0.19068643450737,0.0003,31.048566818237305
3,710,284000,-0.0048735654047204,59.95986793518066,0.5230690568685532,0.0068073673173785,0.0597500002430751,0.4801620841026306,0.1856249272823333,0.4583297371864319,7.821893215179443,-43.54253005981445,33.37308120727539,15.912425994873049,10.848705291748049,0.5751510199455865,6.764784982487493,0.1248249039053917,1.0997737646102903,0.0,0.0,-1.7063573598861694,-1.662184715270996,0.1815258264541626,0.1897240281105041,0.0003,25.6219482421875
3,720,288000,-0.0022080721390768,43.69122917175293,0.5352016913890839,0.0040236916393041,0.0359999999590218,0.5826953649520874,0.1845941990613937,-0.2641503810882568,6.708877086639404,-42.16300964355469,27.4820613861084,15.200404167175291,10.38539981842041,0.5819866676584033,7.685408323263057,0.0572560392320156,1.1812429428100586,0.0,0.0,-1.7095892429351809,-1.66999351978302,0.1809400916099548,0.1882482916116714,0.0003,22.58817481994629
3,730,292000,-0.0015422133281419,33.45990121841431,0.5502216964960098,0.0052015106193721,0.0198249999526888,0.6339308023452759,0.1829391717910766,0.6152852773666382,5.908342361450195,-30.537784576416016,33.31443405151367,16.505754470825195,9.765265464782717,0.5991603357152395,6.663932346764288,0.0966424196958541,1.078097939491272,0.0,0.0,-1.7155969142913818,-1.6818902492523191,0.1798563152551651,0.186022013425827,0.0003,17.10300064086914
3,740,296000,-0.001132293507448,104.39930419921876,0.5565588396787643,0.0032203800510615,0.0170499999215826,0.4316513538360595,0.1837848275899887,-1.6068847179412842,10.378761291503906,-73.88602447509766,48.21654510498047,14.846696853637695,13.766962051391602,0.608285699863631,13.803504555748145,0.0632822588086128,0.8522741198539734,0.0,0.0,-1.707241177558899,-1.680911421775818,0.1813654601573944,0.1862041801214218,0.0003,60.68758010864258
3,750,300000,-0.0004189248957024,59.18214462280273,0.5542134988307953,0.0019784686155617,0.0160000000195577,0.6161868572235107,0.1826557219028473,-0.1997574865818023,7.776979446411133,-38.54086685180664,48.55825424194336,15.02401065826416,12.553101539611816,0.6258717437950776,9.282090349900995,0.0453781001269817,0.6745940446853638,0.0,0.0,-1.7104400396347046,-1.689969182014465,0.1807862073183059,0.184525191783905,0.0003,30.053720474243164
3,760,304000,-0.0037666011796507,59.07974380493164,0.5705995953083038,0.0066790119744837,0.0587499998882412,0.5284742116928101,0.1810000240802765,0.8795607089996338,7.826550483703613,-57.07197952270508,36.67048645019531,15.713004112243652,11.397711753845217,0.6003786110195287,8.559356180225016,0.0760219246149063,0.9649734497070312,0.0,0.0,-1.7242220640182495,-1.6945146322250366,0.1783117055892944,0.1836883574724197,0.0003,30.95309257507324
3,770,308000,-0.0008912748437789,108.83223449707032,0.5820601803064346,0.0019638100638985,0.0092999999411404,0.4636828303337097,0.1807954162359237,-1.2373276948928833,10.44550323486328,-58.48730850219727,92.44315338134766,14.747946739196776,14.263250350952148,0.6413228474483031,14.117593346055084,0.0494900271296501,0.5362114310264587,0.0,0.0,-1.7164937257766724,-1.7043216228485107,0.1796950995922088,0.1818957328796386,0.0003,46.161922454833984
3,780,312000,-0.0035032068471593,39.75396663665772,0.5875157278776169,0.0049957493320107,0.0391999998595565,0.6436411142349243,0.1797932088375091,0.9975343942642212,6.343088150024414,-50.28725051879883,32.43710708618164,15.443994522094728,10.625685691833496,0.5806653365091915,7.999883160477865,0.0868687033653259,0.7222808003425598,0.0,0.0,-1.7259353399276731,-1.7060593366622925,0.1780064702033996,0.1815799325704574,0.0003,18.86080741882324
3,790,316000,-0.0023750983631325,79.59776557922363,0.5956127381324768,0.0022156410850584,0.0153249999228864,0.397063672542572,0.1794245541095733,0.4410722553730011,9.038331985473633,-56.47848510742188,46.12207794189453,16.599212646484375,11.639988899230955,0.5875337772756284,9.454045633948668,0.066128984093666,0.5985987186431885,0.0,0.0,-1.7247557640075684,-1.71129047870636,0.1782165616750717,0.1806325316429138,0.0003,43.70832061767578
3,800,320000,-0.0018987773220942,75.1501150894165,0.5996087145805359,0.0040166149847209,0.0325500000407919,0.4512373805046081,0.1792929321527481,0.1176486238837242,8.732495307922363,-64.40209197998047,46.55329895019531,15.64380168914795,11.788162231445312,0.6176615675909889,9.500363889347303,0.0706356912851333,0.5283939838409424,0.0,0.0,-1.7177484035491943,-1.7197211980819702,0.1794697791337967,0.1791160702705383,0.0003,47.14669799804688
3,810,324000,-0.003275913802364,147.07867378234863,0.5951532191038131,0.0031137750484049,0.0271250000316649,0.3418849110603332,0.180192694067955,-1.6835569143295288,12.439775466918944,-104.79017639160156,43.82429885864258,14.141108512878418,15.33421802520752,0.6265391951576494,21.34860651511612,0.0641927868127822,1.6760705709457395,0.0,0.0,-1.7111201286315918,-1.716343641281128,0.1806633025407791,0.1797220706939697,0.0003,61.77680206298828
3,820,328000,-0.0006149039514861,89.60935821533204,0.5899062263965607,0.0040934793651103,0.0113999999314546,0.3603774309158325,0.1799991726875305,0.1049556136131286,9.722301483154297,-58.339149475097656,46.99073791503906,13.717042922973633,12.15646266937256,0.6063551158958143,12.88929664308166,0.0704563930630683,1.4237797260284424,0.0,0.0,-1.7090094089508057,-1.7206302881240845,0.1810450404882431,0.1789533197879791,0.0003,56.7083854675293
3,830,332000,-0.0012438796375077,78.72735179901123,0.5961822891235351,0.0037870809901505,0.0136999999918043,0.3619049191474914,0.1788770854473114,2.1775238513946533,8.958075523376465,-46.36835479736328,67.16423034667969,16.260557174682617,11.214296340942385,0.5709596243518501,13.223410376685695,0.1027075946331024,0.7737476229667664,0.0,0.0,-1.7204043865203855,-1.7217086553573608,0.178993746638298,0.1787604391574859,0.0003,46.73103713989258
3,840,336000,-0.0033445327408087,60.18552368164063,0.6094766175746917,0.0026716408319771,0.0221499999612569,0.4527473449707031,0.1779954731464386,0.3658784925937652,7.964273452758789,-47.061431884765625,46.91929626464844,16.619590759277344,10.765947341918944,0.6393062760448338,9.850178338235162,0.0673932060599327,0.8878624439239502,0.0,0.0,-1.7282565832138062,-1.7237428426742554,0.1775937378406524,0.1783971786499023,0.0003,23.493959426879883
3,850,340000,-0.0010219795654207,66.65114475250245,0.6135151594877243,0.0057475650683045,0.0305499998433515,0.4459238052368164,0.1782095730304718,0.5757796764373779,8.323100090026855,-55.35122680664063,44.49827575683594,16.779664993286133,11.181509017944336,0.6050929929241387,10.236078856212124,0.0656476616859436,0.8643360733985901,0.0,0.0,-1.7263591289520264,-1.723233342170715,0.1779310405254364,0.178488090634346,0.0003,30.186975479125977
3,860,344000,-0.0013150284203316,124.20101486206056,0.6096773046255112,0.0032695767004042,0.0418749999115243,0.3105391263961792,0.178411602973938,0.3112222254276275,11.236125946044922,-70.60586547851562,56.66877746582031,17.025819778442383,13.531993865966797,0.642339560825779,9.932917171758234,0.08571657538414,1.0097705125808716,0.0,0.0,-1.7339918613433838,-1.7134376764297483,0.1765781193971634,0.1802451014518737,0.0003,64.05121612548828
3,870,348000,-0.0002016525537575,52.97199058532715,0.6093781495094299,0.0021635184530168,0.0103250000206753,0.5244542956352234,0.1783709675073623,0.3829551935195923,7.413556575775146,-27.522293090820312,48.11274719238281,18.272371292114254,10.750545501708984,0.5878518459172145,7.417121059604196,0.0542268678545951,0.7666722536087036,0.0,0.0,-1.7416702508926392,-1.7064199447631836,0.175227478146553,0.1815144419670105,0.0003,23.47795867919922
3,880,352000,-0.0018931004292375,72.48270027160645,0.6080224972963333,0.0040323915891349,0.0245499999821186,0.5611050128936768,0.1789767295122146,-1.4363164901733398,8.745184898376465,-44.51398468017578,44.358184814453125,16.39617919921875,13.200448989868164,0.5953222111630058,14.46128838752133,0.0709522143006324,0.662468671798706,0.0,0.0,-1.744565486907959,-1.6969990730285645,0.1747208833694458,0.1832325607538223,0.0003,44.53482055664063
3,890,356000,-0.0018527396688586,97.92667167663576,0.6049184197187424,0.004304758273065,0.0248750000167638,0.5639158487319946,0.1784769892692566,1.033193826675415,9.985888481140137,-41.26203918457031,77.45458984375,16.784358978271484,15.121732711791992,0.6530494663959137,12.599330133517016,0.0774006843566894,0.7867403030395508,0.0,0.0,-1.7523301839828491,-1.6950801610946655,0.1733694970607757,0.1835845112800598,0.0003,40.50358963012695
3,900,360000,-0.0018679995312297,88.8046199798584,0.6135895854234695,0.003730344120413,0.0257499999459832,0.6044511795043945,0.1776503324508667,-0.5312122702598572,9.636504173278809,-43.56575393676758,46.66682815551758,16.81243133544922,15.322141647338867,0.6750911285460062,13.820545500943906,0.0795660614967346,0.930452525615692,0.0,0.0,-1.7595471143722534,-1.6972975730895996,0.1721227914094925,0.1831778734922409,0.0003,45.93157196044922
3,910,364000,-0.0022842222299339,43.72534858703613,0.6129024738073349,0.0056076482869684,0.0439500000840053,0.7455203533172607,0.1787727773189544,0.2541438341140747,6.6704864501953125,-40.88990783691406,38.01676559448242,16.697343826293945,13.223031044006348,0.6139373009073652,7.903120809335952,0.0799439325928688,0.676199197769165,0.0,0.0,-1.754146933555603,-1.690155863761902,0.173054814338684,0.184490755200386,0.0003,21.655696868896484
3,920,368000,-0.0026962519864493,104.33684638977051,0.6044463282823562,0.0052353637292981,0.0287500000512227,0.5606775283813477,0.1790482550859451,0.7531579732894897,10.270641326904297,-60.68302917480469,63.17176818847656,17.394973754882812,15.495508193969728,0.6788295469379144,12.785420147321824,0.0855480805039405,0.7548096179962158,0.0,0.0,-1.748306155204773,-1.6926674842834473,0.1740685403347015,0.1840279698371887,0.0003,45.37459564208984
3,930,372000,-0.0015621021709535,122.46625297546387,0.6016830623149871,0.002974186791107,0.0121750000165775,0.5562608242034912,0.1792863011360168,-2.25524640083313,11.30605697631836,-62.429176330566406,63.34632110595703,15.41683864593506,16.972557067871094,0.6808360264205691,21.116255206160066,0.0694063976407051,1.1320383548736572,0.0,0.0,-1.745677471160889,-1.6925702095031738,0.1745267212390899,0.1840458661317825,0.0003,73.24237060546875
3,940,376000,-0.002519395052746,129.34555778503417,0.5972318196296692,0.0056083612143993,0.0388500000769272,0.5524500608444214,0.1799237877130508,-0.6582825779914856,11.422393798828123,-62.63560104370117,72.06539154052734,14.166789054870604,17.07404327392578,0.658323219046049,13.4791597841542,0.0644008666276931,0.8185546398162842,0.0,0.0,-1.7417153120040894,-1.6894123554229736,0.1752195954322815,0.184627965092659,0.0003,69.32618713378906
3,950,380000,-0.0013852654155216,173.2299073791504,0.592541384100914,0.0044410768896341,0.014300000029616,0.3410926461219787,0.1799530982971191,0.625217080116272,13.647310256958008,-48.32144927978516,79.37973022460938,15.975123405456545,16.812599182128906,0.6859054871785504,25.19258252816488,0.0589595213532447,1.0574206113815308,0.0,0.0,-1.7461670637130735,-1.6848896741867063,0.1744412928819656,0.1854648888111114,0.0003,74.07233428955078
3,960,384000,-0.0024680408759333,140.72071403503418,0.5915776747465133,0.0050260508432984,0.0403000001888722,0.3891310095787048,0.1803646385669708,-0.460951417684555,12.33746337890625,-99.12396240234376,63.88118362426758,15.476570129394531,15.785263061523438,0.6742475279451586,24.09557345756771,0.0471790768206119,1.3730003833770752,0.0,0.0,-1.744013428688049,-1.6824822425842283,0.1748173832893371,0.1859119087457656,0.0003,65.4510726928711
3,970,388000,-0.0009821620968745,81.53246147155761,0.5917285847663879,0.0049858633428812,0.0286250000400468,0.5795222520828247,0.1795827150344848,1.6602158546447754,9.137139320373535,-47.9708251953125,70.93833923339844,16.05591583251953,14.090900421142578,0.6706805946205654,12.945398792549492,0.0638912394642829,0.9637240171432496,0.0,0.0,-1.752068281173706,-1.6833508014678955,0.1734149008989334,0.1857505142688751,0.0003,40.79977798461914
3,980,392000,-0.0019942083372137,88.54700115203858,0.5997545778751373,0.0030587774235755,0.0224999999534338,0.489218533039093,0.1792795956134796,0.7526063323020935,9.512728691101074,-70.39786529541016,56.46369934082031,17.913433074951172,13.310290336608888,0.6102435045930176,10.59177200682066,0.0666414648294448,0.8728939890861511,0.0,0.0,-1.7572269439697266,-1.681812047958374,0.1725226193666458,0.1860365569591522,0.0003,33.01747131347656
3,990,396000,-0.0015332204044431,111.91691078186037,0.6004479092359543,0.0062577975913882,0.0341749999439343,0.3520917892456054,0.1794262677431106,2.476570844650269,10.812164306640623,-36.75879669189453,70.35797119140625,20.12231063842773,13.432469367980955,0.6589187101648174,19.42518634874489,0.1097684204578399,0.878812313079834,0.0,0.0,-1.7559454441070557,-1.6814243793487549,0.1727438420057296,0.1861086934804916,0.0003,59.789642333984375
3,1000,400000,-0.0015301694379937,242.6045213317871,0.5971079152822495,0.0043750740587711,0.0275250001996755,0.2900222539901733,0.1799121499061584,-0.9140732288360596,15.709811210632324,-164.1503448486328,102.68669891357422,17.141082763671875,18.644407272338867,0.8465003151293482,19.377772095034203,0.0759695023298263,1.36367928981781,0.0,0.0,-1.7525068521499634,-1.6794021129608154,0.1733388602733612,0.1864854395389557,0.0003,91.20823669433594
3,1010,404000,0.0002217101614507,182.61115814208983,0.5945191633701324,0.0023289516102522,0.0027749999705702,0.4509183168411255,0.1796557754278183,-3.480323314666748,13.582125663757324,-81.13880157470703,76.41600036621094,14.669639587402344,18.329442977905277,0.696456172574508,25.540901195774136,0.0363832972943782,1.2096350193023682,0.0,0.0,-1.7535594701766968,-1.6811753511428833,0.1731564998626709,0.1861550509929657,0.0003,75.38824462890625
3,1020,408000,-0.0018529892890739,78.45228191375732,0.6006192594766617,0.0047469148412346,0.0406750001152977,0.6369615793228149,0.1787567436695099,-0.590279221534729,8.987327575683594,-46.577754974365234,54.55705261230469,14.377387046813965,14.916065216064451,0.720809450687949,11.215176214021614,0.0928899720311164,1.3721402883529663,0.0,0.00025,-1.7628551721572876,-1.6822283267974854,0.1715543419122696,0.185959130525589,0.0003,37.9946174621582
3,1030,412000,-0.0016941967725586,216.51301315307617,0.6099337792396545,0.0047288998030126,0.0414000000059604,0.3715751767158508,0.1783438920974731,0.2339793145656585,14.921801567077637,-56.62425994873047,107.5596923828125,15.482938766479492,18.8232479095459,0.610734772098738,20.92795453314941,0.074242502450943,0.8671135902404785,0.0,0.0,-1.76825213432312,-1.6817032098770142,0.1706309765577316,0.1860568076372146,0.0003,83.72496795654297
3,1040,416000,-0.0025956910497094,80.77531986236572,0.6167990952730179,0.0041064559482038,0.0307999999308958,0.6283461451530457,0.1772821843624115,-0.311062216758728,9.099635124206545,-59.058868408203125,40.71466445922852,13.834640502929688,14.926385879516602,0.682768014079758,13.349021736359036,0.0868874937295913,0.9555760622024536,0.0,0.0,-1.7738468647003174,-1.6880193948745728,0.1696790009737014,0.1848853528499603,0.0003,44.16634368896485
3,1050,420000,-0.005881407634374,148.82174911499024,0.6229011631011963,0.006379279308021,0.0647500002058222,0.4701594710350036,0.1774924397468567,-0.3615699708461761,12.368456840515137,-67.62405395507812,60.80716323852539,14.08119010925293,16.9919376373291,0.6797760802752667,15.935513920294785,0.1133409589529037,0.938871204853058,0.0,0.0,-1.7755720615386963,-1.6841702461242676,0.1693865358829498,0.1855983585119247,0.0003,77.5530776977539
3,1060,424000,-0.0029395092731509,95.83873920440674,0.6298628997802734,0.0042529017664492,0.0274749998981133,0.4779701232910156,0.1758112013339996,1.2446058988571167,9.952428817749023,-51.89842224121094,81.554443359375,14.72546100616455,13.774676322937012,0.6578987468397802,13.659610460449924,0.0648239403963089,0.9201281070709229,0.0,0.0,-1.7910640239715576,-1.6882659196853638,0.1667826175689697,0.1848397552967071,0.0003,41.485877990722656
3,1070,428000,-0.0013692685313399,165.42215171813965,0.6430459570884705,0.0046062991023063,0.0408250000141561,0.3009166121482849,0.1757117509841919,-0.2862604558467865,13.176227569580078,-95.02054595947266,148.83360290527344,13.988001823425291,15.758925437927246,0.680686184413809,19.70734760745178,0.0678446143865585,1.04481303691864,0.0,0.0,-1.7903157472610474,-1.690018892288208,0.1669074594974517,0.184516042470932,0.0003,52.7426872253418
3,1080,432000,-0.0023817615269579,81.68447776794433,0.6395127826929092,0.0039565986953675,0.0454749999800696,0.528775691986084,0.1761761754751205,-0.6778824329376221,9.105265617370604,-71.77745819091797,47.494049072265625,13.181072235107422,13.264130592346191,0.7123830961959203,8.467388269545134,0.0869443267583847,0.9574653506278992,0.0,0.0,-1.7821661233901978,-1.692389726638794,0.168273240327835,0.1840790957212448,0.0003,34.98021697998047
3,1090,436000,-0.0012400189521489,98.1379009246826,0.6413082873821259,0.0047804471105337,0.0393749999254941,0.5062168836593628,0.1752670705318451,-0.3954768776893616,10.08364486694336,-85.88184356689453,54.608795166015625,13.758176803588867,14.3499174118042,0.7330096737251739,11.80112493109732,0.0674242302775383,1.281213879585266,0.0,0.0,-1.7935879230499268,-1.691885471343994,0.1663621962070465,0.1841719448566436,0.0003,58.38637161254883
3,1100,440000,-0.0015522891674598,114.56321586608888,0.6507107537984848,0.0052040861919522,0.0223500002129003,0.3615888953208923,0.1746229380369186,2.174309492111206,11.100358963012695,-42.52938079833984,83.19111633300781,12.186236381530762,13.892704010009766,0.8568324000513082,19.11358855901924,0.037150178104639,1.4176017045974731,0.0,0.0,-1.7956454753875732,-1.6970369815826416,0.1660202443599701,0.183225616812706,0.0003,68.09256744384766
3,1110,444000,-0.0034456710339611,154.41589675903322,0.6583395844697952,0.0040937629528343,0.0336000000219792,0.3073325753211975,0.1740046143531799,0.2169777154922485,12.721434593200684,-77.19818115234375,59.69130325317383,15.171326637268066,15.285290718078612,0.7823433094545823,15.941277909116105,0.0605383291840553,1.1353957653045654,0.0,0.0,-1.7971370220184326,-1.702450394630432,0.1657728254795074,0.1822364330291748,0.0003,70.89073181152344
3,1120,448000,-0.0020523696224277,159.2300718688965,0.6636421167850495,0.0052627748809754,0.0334000001382082,0.4249362349510193,0.1734472662210464,-0.6473239660263062,12.911348342895508,-77.43875122070312,69.47076416015625,13.944218635559082,17.026039123535156,0.7761431073384122,17.599236178234236,0.0498250424861907,1.0607751607894895,0.0,0.0,-1.800050973892212,-1.7059264183044434,0.1652904599905014,0.1816040575504303,0.0003,71.07643127441406
3,1130,452000,-0.0014548776451418,161.39894691467285,0.6682763409614563,0.0029378512408584,0.0196749999420717,0.2291756272315979,0.1735226213932037,0.5380916595458984,13.146933555603027,-71.23552703857422,109.56939697265624,15.513978004455566,14.974308013916016,0.7634717876645495,21.00748417421496,0.034103263169527,1.780490756034851,0.0,0.0,-1.800911784172058,-1.7043145895004272,0.1651482284069061,0.1818970143795013,0.0003,61.51554489135742
3,1140,456000,-0.0004621347049923,182.3999331665039,0.6652782821655273,0.0035372022539377,0.0105999999307096,0.2286425232887268,0.1738084554672241,0.0920703411102294,13.5796537399292,-69.51983642578125,89.28297424316406,16.407245635986328,15.461828231811523,0.6369421973457274,15.266697914861084,0.0864894390106201,1.1567212343215942,0.0,0.0,-1.7995529174804688,-1.7024081945419312,0.1653728187084198,0.1822441220283508,0.0003,94.9317626953125
3,1150,460000,-0.0019022423628338,186.25286010742187,0.6667224884033203,0.0050003337673842,0.0328499999037012,0.2934591770172119,0.1732124090194702,1.5673848390579224,13.687115669250488,-64.45126342773438,89.47694396972656,16.81871223449707,16.28333282470703,0.7232514429942698,16.29448553966312,0.0665880814194679,0.868482232093811,0.0,0.0,-1.8022345304489136,-1.7065279483795166,0.1649299412965774,0.1814948469400406,0.0003,113.63031768798828
3,1160,464000,-0.0009391959796572,173.75718788146972,0.6756580066680908,0.0037283115088939,0.026875,0.3670328259468078,0.1723778247833252,-1.888121485710144,13.312126159667969,-105.24372863769533,51.55347442626953,12.711000442504885,16.732345581054688,0.8489000946188713,17.0024487120082,0.0589121058583259,1.0840755701065063,0.0,0.0,-1.8076564073562624,-1.710819959640503,0.1640381217002868,0.1807175427675247,0.0003,90.13606262207033
3,1170,468000,-0.0017218530435304,82.27376888275147,0.692810782790184,0.0021681715734302,0.0201500000199303,0.519500732421875,0.1699761301279068,1.1644853353500366,9.103662490844728,-70.79373168945312,94.55342864990234,15.855103492736816,13.13317584991455,0.7288217819079211,12.112483176280456,0.0550787709653377,0.6220101118087769,0.0,0.0,-1.8177865743637085,-1.728404521942139,0.1623847782611847,0.1775674968957901,0.0003,37.94588851928711
3,1180,472000,-0.0005341613783675,154.34080520629882,0.7054872858524323,0.0062599191442132,0.0319750000117346,0.2843933701515198,0.170750692486763,-0.9079672694206238,12.566096305847168,-86.43132019042969,52.889305114746094,16.66398048400879,14.854677200317385,0.6983850641364113,15.886370567400524,0.0653533637523651,0.7845647931098938,0.0,0.0,-1.8107116222381592,-1.7261757850646973,0.163537710905075,0.1779636740684509,0.0003,87.30810546875
3,1190,476000,-0.0012580998759134,93.02447319030762,0.7015572285652161,0.0032336991280317,0.0218249999219551,0.421142578125,0.1704079955816269,1.5680876970291138,9.68566608428955,-50.82735443115234,85.27262115478516,17.503055572509766,12.73044776916504,0.7329693933990498,13.156871098812898,0.0733828842639923,0.568594217300415,0.0,0.0,-1.8183062076568604,-1.7230794429779053,0.1623004227876663,0.1785155683755874,0.0003,40.52532196044922
3,1200,480000,-0.0037913848251337,156.0463868713379,0.7111159861087799,0.0051795812323689,0.059424999738112,0.2838968634605407,0.1688252985477447,0.7465540170669556,12.585939407348633,-68.66380310058594,81.60069274902344,18.506731033325195,14.87297534942627,0.7519472514547385,12.084648646799923,0.0643197670578956,1.2000651359558103,0.0,0.0,-1.8277428150177,-1.7323145866394043,0.1607760637998581,0.1768745481967926,0.0003,62.2237434387207
3,1210,484000,-0.0020220839000246,115.04605522155762,0.7249456328153611,0.0033607960212975,0.0404499999992549,0.4593181014060974,0.1686994135379791,-1.3772921562194824,10.877294540405272,-53.08972930908203,55.570411682128906,16.917449951171875,14.79278564453125,0.755694163845578,13.632029134384473,0.0853290259838104,0.9920061230659484,0.0,0.0,-1.8284751176834104,-1.7330729961395264,0.160658374428749,0.1767404526472091,0.0003,49.1475830078125
3,1220,488000,-0.0011886007861568,233.1207568359375,0.7267838501930237,0.002770731691271,0.0153000000026077,0.2458544969558715,0.1682735234498977,-0.214608758687973,15.34445571899414,-108.72816467285156,69.01506805419922,18.19189071655273,17.66948699951172,0.6863414126465754,18.538512700617265,0.0643811076879501,0.9169100522994996,0.0,0.0,-1.8366307020187376,-1.730512261390686,0.159353420138359,0.1771936118602752,0.0003,135.5651397705078
3,1230,492000,-0.0007281953583255,175.87917266845704,0.7204449844360351,0.0027595194987952,0.0151749999448657,0.3626870512962341,0.1698794364929199,0.9526496529579164,13.368582725524902,-55.95738220214844,75.36529541015625,19.04657554626465,16.745920181274414,0.7836277077728139,19.55941040490544,0.0646181851625442,0.9757508039474488,0.0,0.0,-1.8338764905929563,-1.7149876356124878,0.1597929298877716,0.1799659430980682,0.0003,100.34642791748048
3,1240,496000,-0.0005192876518427,246.13856582641603,0.7148182106018066,0.0024804805871099,0.0120249999547377,0.3637232184410095,0.169098675251007,-0.5038442611694336,15.945162773132324,-110.4565658569336,101.2269287109375,19.39594268798828,19.98968315124512,0.7331898836311787,22.48776558236775,0.0464935861527919,1.6961541175842283,0.0,0.0,-1.8393499851226809,-1.718825101852417,0.1589206904172897,0.1792766600847244,0.0003,138.82493591308594
3,1250,500000,-0.0013849284114039,112.13078918457032,0.7216428512334824,0.0049322508275508,0.0398750002309679,0.5844434499740601,0.1688006222248077,0.5023111701011658,10.61457347869873,-59.67926788330078,53.22554016113281,17.112585067749023,16.465974807739258,0.7815436980442165,15.509386481483691,0.0827156528830528,0.6174038648605347,0.0,0.0,-1.8382080793380735,-1.7231724262237549,0.1591022759675979,0.1784989833831787,0.0003,52.36564636230469
3,1260,504000,-0.0016043615381433,136.15163635253907,0.7263851183652877,0.0028351836372166,0.0216499999072402,0.5636240243911743,0.168197214603424,0.8099228739738464,11.80606746673584,-83.67411804199219,82.2293472290039,19.321258544921875,17.8720703125,0.7861724318164341,19.46995497776249,0.0508822426199913,1.224892020225525,0.0,0.0,-1.8358033895492556,-1.73211932182312,0.159485325217247,0.1769090592861175,0.0003,74.8711166381836
3,1270,508000,-0.0024282032883184,263.18924758911135,0.7302248710393906,0.0052848579362034,0.0300249996967613,0.397050678730011,0.1682703346014022,-3.738467216491699,16.27138900756836,-107.98114013671876,130.43850708007812,16.384361267089844,20.954833984375,0.7338743729454821,38.622923557881705,0.0508538298308849,0.790448009967804,0.0,0.00025,-1.8320491313934328,-1.7346867322921753,0.1600852012634277,0.1764554679393768,0.0003,126.11701202392578
3,1280,512000,-0.0013029095106207,98.08430282592774,0.728765521645546,0.0023314249701797,0.0272000001184642,0.5099315047264099,0.168345957994461,-0.0041791684925556,10.229043960571287,-54.658111572265625,62.94863128662109,15.229978561401367,14.611899375915527,0.7711699245175567,17.752289770935054,0.0678638666868209,1.0162246227264404,0.0,0.0,-1.8333631753921509,-1.732640266418457,0.1598749756813049,0.1768169403076172,0.0003,53.02696990966797
3,1290,516000,-0.001384891350628,242.68693740844728,0.7334318351745606,0.0049707512371242,0.0200249998969957,0.3873545527458191,0.1672260165214538,-0.8509050607681274,15.759236335754396,-96.52277374267578,76.01998901367188,15.367295265197754,20.13402366638184,0.7737949725309373,22.754382083942723,0.0780969485640525,0.9734310507774352,0.0,0.0,-1.8402353525161743,-1.7391366958618164,0.1587800532579422,0.1756720095872879,0.0003,137.48318481445312
3,1300,520000,-0.002207988010832,216.6051797485352,0.7466047102212906,0.0043615014292299,0.0366999999713152,0.3826132416725158,0.1663691848516464,0.7504823207855225,14.807711601257324,-84.44307708740234,97.21540832519533,15.451065063476562,18.845569610595703,0.7316828016480595,17.448185134302904,0.0538272038102149,0.6322453618049622,0.0,0.0,-1.8458369970321653,-1.7438539266586304,0.157893106341362,0.1748452484607696,0.0003,114.19283294677734
3,1310,524000,-0.0012731643237173,264.7516062927246,0.7549269068241119,0.0021611561533063,0.0191750000277534,0.3801673054695129,0.1658359467983245,-2.014951467514038,16.358259201049805,-116.54933166503906,89.05584716796875,14.075510025024414,20.777812957763672,0.7449703532961671,25.153504376482356,0.0369387455284595,0.7052948474884033,0.0,0.0,-1.8463985919952397,-1.7494621276855469,0.157804474234581,0.1738674342632293,0.0003,138.9713897705078
3,1320,528000,-0.0004865069913556,297.4602267456055,0.7614432799816132,0.003160350723192,0.0166250000614672,0.3621943593025207,0.1653393507003784,-1.4968018531799316,17.27242660522461,-108.2452392578125,92.98894500732422,14.08707046508789,21.62764358520508,0.7830915837923252,25.7777212797634,0.0656780302524566,0.4477077722549438,0.0,0.0,-1.855190396308899,-1.747232437133789,0.1564231663942337,0.1742555499076843,0.0003,134.26087951660156
3,1330,532000,-0.0006863889820164,341.7179823303223,0.7657508653402328,0.002703147009015,0.0094499999657273,0.1452161073684692,0.1651695668697357,1.3154133558273315,18.90594482421875,-86.85710144042969,138.87368774414062,14.855852127075195,20.44891166687012,0.8338417489674625,30.045504884934743,0.0407666079699993,1.4041035175323486,0.0,0.0,-1.858636736869812,-1.7460933923721311,0.1558849960565567,0.1744541376829147,0.0003,162.2999267578125
3,1340,536000,-0.0008242750100718,246.93111862182616,0.7682172656059265,0.0034363667946308,0.0318500000657513,0.2553731203079223,0.165084034204483,-1.277141809463501,15.74094009399414,-96.08195495605467,81.83203125,12.68064022064209,18.241533279418945,0.8045343926199615,17.82343589328336,0.0540809147059917,0.487632542848587,0.0,0.0,-1.8602231740951536,-1.7456576824188232,0.1556378901004791,0.1745301634073257,0.0003,118.91959381103516
3,1350,540000,-6.38080288292242e-05,208.97957717895508,0.7729807430505753,0.0033871983177959,0.021749999965541,0.269838809967041,0.1641985476016998,0.9282071590423584,14.538370132446287,-77.31645965576172,76.52387237548828,14.26784610748291,17.013996124267578,0.7765736327165405,15.181640378400852,0.0683839991688728,0.7129384279251099,0.0,0.0,-1.868011474609375,-1.7488915920257568,0.1544304341077804,0.1739666759967804,0.0003,125.48950958251952
3,1360,544000,-0.0002609427039937,287.69674224853514,0.7831733244657516,0.0046999603509902,0.0210249999305233,0.1100517511367797,0.163479745388031,2.212980031967163,17.187355041503906,-79.01644897460938,110.83335876464844,16.170795440673828,18.21908950805664,0.7915094515374288,23.80678992559696,0.0818859636783599,0.9977807998657228,0.0,0.0,-1.8732088804244995,-1.752560257911682,0.1536298990249633,0.1733296066522598,0.0003,120.1229476928711
3,1370,548000,-0.0025388899452285,237.3057421875,0.7874828320741654,0.0077141807414591,0.0503000002400949,0.1973036527633667,0.1635597348213195,-1.0325759649276731,15.47288417816162,-72.3865966796875,86.25532531738281,14.98819637298584,17.270132064819336,0.7400999002060916,15.28102395626927,0.0623933784663677,0.6147918105125427,0.0,0.0,-1.8705936670303345,-1.7539591789245603,0.1540321856737136,0.1730873137712478,0.0003,112.52974700927734
3,1380,552000,-0.0027444514926646,183.66829696655276,0.7959484606981277,0.004562028683722,0.0436999999219551,0.2002092599868774,0.1618771255016327,0.8952504396438599,13.653403282165527,-82.67073059082031,90.8868408203125,16.223901748657227,15.266965866088867,0.7510274576965393,14.089764435192269,0.0953652188181877,0.9307336807250975,0.0,0.0,-1.8690669536590576,-1.7749807834625244,0.1542675346136093,0.1694867014884948,0.0003,97.17953491210938
3,1390,556000,-0.0013461214713781,137.4149382019043,0.8055522114038467,0.0078837806358933,0.0669250001991167,0.2655840516090393,0.1620430946350097,-1.0816481113433838,11.777918815612791,-72.93206024169922,97.84584045410156,14.773253440856934,13.743505477905272,0.8362071679065716,11.9945314009453,0.0853653773665428,0.8724554181098938,0.0,0.0,-1.8737255334854128,-1.7688109874725342,0.1535505354404449,0.1705356389284134,0.0003,87.56842803955078
3,1400,560000,-0.0006342871694578,156.89933448791504,0.8062646842002869,0.0040754647925496,0.0287750000273808,0.2786435484886169,0.1616310477256775,-1.134801745414734,12.603357315063477,-74.15292358398438,61.44965744018555,13.678997993469238,14.839226722717283,0.6742960940962223,13.784673371248822,0.0665188357234001,0.7492799758911133,0.0,0.0,-1.8727754354476929,-1.7745153903961182,0.1536965072154998,0.1695656031370163,0.0003,70.9774169921875
3,1410,564000,-0.0005784978494339,135.83148040771485,0.8203073543310165,0.0032733038533478,0.0207999999215826,0.3612523674964905,0.1600008904933929,1.7501413822174072,11.703441619873049,-76.53923034667969,73.502685546875,15.581697463989258,14.643636703491213,0.7761247598867367,16.10052328109514,0.0623458959162235,0.877468466758728,0.0,0.0,-1.881454348564148,-1.7859755754470823,0.1523683369159698,0.167633444070816,0.0003,66.8465805053711
3,1420,568000,-0.0006968196701731,217.4520600891113,0.8345882564783096,0.0050037214532494,0.0268000001367181,0.1917345523834228,0.1591254770755767,1.1654787063598633,14.82069492340088,-99.13343811035156,91.80764770507812,16.616209030151367,16.48509979248047,0.7019157510462917,16.222025537673392,0.0407837852835655,0.7120369672775269,0.0,0.0,-1.8857841491699217,-1.7925142049789429,0.1517100483179092,0.1665409207344055,0.0003,130.93988037109375
3,1430,572000,-0.0011005357944934,150.86082962036133,0.8460583037137985,0.0045503308065235,0.0284749999921768,0.3461626768112182,0.1581622064113617,-0.3996965885162353,12.421019554138184,-72.74205780029297,47.81731033325195,16.363059997558594,15.361103057861328,0.7442392638050999,13.858628656825594,0.0655514672398567,0.7982547283172607,0.0,0.0,-1.8911253213882449,-1.7992525100708008,0.1509018987417221,0.1654224991798401,0.0003,71.64469146728516
3,1440,576000,-0.0029008571645477,195.1047944641113,0.8516079080104828,0.0046837227419018,0.0417499999096617,0.2692633867263794,0.1582449078559875,-0.7030189037322998,14.094260215759276,-74.82728576660156,56.34328079223633,16.071653366088867,16.487768173217773,0.7735631145971797,17.247901707170797,0.0720246732234954,0.9466445446014404,0.0,0.0,-1.886641383171081,-1.802356839179993,0.1515800505876541,0.1649097651243209,0.0003,77.64555358886719
3,1450,580000,-0.000488200108106,228.2605390930176,0.8576717603206635,0.0043083317577838,0.0155749999033287,0.2767813801765442,0.157135933637619,-0.7663935422897339,15.198838233947754,-87.453857421875,57.224884033203125,14.956177711486816,17.872100830078125,0.7304744475752727,20.936925675931075,0.077687531709671,0.6827850937843323,0.0,0.0,-1.896448373794556,-1.806846022605896,0.1501007676124572,0.1641711145639419,0.0003,128.36883544921875
3,1460,584000,-0.0003410115471786,141.14961013793945,0.8658706939220429,0.0021823467686772,0.0154000001307576,0.4479711055755615,0.1571914255619049,0.8107142448425293,11.97390365600586,-60.685340881347656,77.53436279296875,15.893306732177734,16.11591148376465,0.762642539729664,13.69602196260586,0.0488147139549255,0.8493925929069519,0.0,0.0,-1.9030686616897583,-1.800159573554993,0.149110347032547,0.165272518992424,0.0003,42.5430908203125
3,1470,588000,-0.0009676475480577,180.31396697998048,0.8671003454923629,0.0029709713999181,0.0233499999111518,0.4569359421730041,0.1567206084728241,-2.3854336738586426,13.582560539245604,-82.76151275634766,60.60343170166016,13.432819366455078,18.431306838989254,0.7078171490966146,26.17438939782463,0.0380015708506107,0.7829028964042664,0.0,0.0,-1.907393336296081,-1.8019654750823972,0.1484668850898742,0.1649743169546127,0.0003,80.40192413330078
3,1480,592000,-0.000960600688451,152.20937454223633,0.8710604178905487,0.004186822567135,0.0279249997762963,0.409709632396698,0.1567007005214691,-0.2774309813976288,12.5933256149292,-81.92365264892578,67.84346008300781,13.57278823852539,16.391080856323242,0.7340561607425926,15.962819740866165,0.0665034055709838,1.0898135900497437,0.0,0.0,-1.9090580940246584,-1.800710678100586,0.1482199281454086,0.1651814579963684,0.0003,67.54915618896484
3,1490,596000,-0.0010657307775912,222.05482650756835,0.8782755726575852,0.0040586180984973,0.0272250000294297,0.3063053488731384,0.1553727239370346,0.3467542231082916,14.968100547790527,-99.97965240478516,101.8354034423828,12.982826232910156,17.971424102783203,0.752766414433647,13.081138153487052,0.0864081755280494,0.6533324718475342,0.0,0.0,-1.9169615507125852,-1.8097665309906008,0.1470530927181244,0.1636923551559448,0.0003,109.58030700683594
3,1500,600000,-0.0009155722018578,206.59624633789065,0.8935282218456269,0.0050535551272332,0.0203999998234212,0.3010587096214294,0.154495820403099,-2.365297794342041,14.43995475769043,-70.73188781738281,92.26211547851562,11.017318725585938,17.272113800048828,0.7040496849401476,22.175421307076014,0.0815465301275253,0.7294031977653503,0.0,0.0,-1.9245071411132808,-1.8137353658676147,0.1459476798772812,0.1630439758300781,0.0003,86.6353988647461
3,1510,604000,-0.0012972430903319,143.9479573059082,0.903232174515724,0.0031468279194086,0.0255000001005828,0.3206090331077575,0.1540905237197876,2.5480260848999023,12.100091934204102,-45.48711395263672,97.94762420654295,13.718847274780272,14.680091857910156,0.6944184876614092,20.42132120131608,0.0714268684387207,0.9895970225334167,0.0,0.0,-1.9275909662246704,-1.8159531354904173,0.1454982906579971,0.1626827865839004,0.0003,68.04322052001953
3,1520,608000,-0.0010309584094648,165.4632308959961,0.9066434574127196,0.0026739861350506,0.0098000000184401,0.3035252094268799,0.1539457440376281,2.8616151809692383,13.109888076782228,-42.51861953735352,80.54832458496094,16.37061882019043,15.708918571472168,0.70801634667983,25.745193886762653,0.0524866431951522,1.25372314453125,0.0,0.0,-1.9289724826812744,-1.8164986371994016,0.145297423005104,0.1625940501689911,0.0003,75.87480926513672
3,1530,612000,-0.0013508821468101,275.6615447998047,0.9041383469104768,0.0023009323049336,0.0150499999290332,0.1667612195014953,0.1545966565608978,-0.8397811055183411,16.702058792114258,-126.40554809570312,76.78863525390625,16.528745651245117,18.29722785949707,0.8092228251815837,21.63113457145216,0.0631836056709289,0.7829582691192627,0.0,0.0,-1.9231059551239011,-1.8137537240982056,0.1461523324251175,0.1630409657955169,0.0003,123.68228149414062
3,1540,616000,-0.0028115243572141,113.35673881530762,0.8885665744543075,0.005042334087193,0.0448999998206272,0.3941695690155029,0.1562376767396927,0.3351907134056091,10.669082641601562,-60.40520858764648,74.78154754638672,16.189517974853516,13.70728874206543,0.7563579115052262,10.450055516055343,0.0821850076317787,0.5914276838302612,0.0,0.0,-1.920479655265808,-1.7961368560791016,0.146536648273468,0.1659386903047561,0.0003,56.48925018310547
3,1550,620000,-0.0008217538848868,125.812494430542,0.8717843556404113,0.0041574174538254,0.0348750001471489,0.3659948110580444,0.1570319533348083,-0.4264601469039917,11.2506103515625,-65.43270111083984,49.97983932495117,15.401333808898926,14.129593849182127,0.7892020910204773,10.950475811427532,0.0713149979710578,0.6911287307739258,0.0,0.0,-1.907033443450928,-1.798520803451538,0.1485203206539154,0.1655435711145401,0.0003,69.99676513671875
3,1560,624000,-0.0040218140566394,132.79345764160155,0.8616593098640442,0.0063327862881124,0.0493250000011175,0.3287510275840759,0.1580903530120849,-0.2521592378616333,11.618826866149902,-66.94709777832031,42.36211395263672,16.150362014770508,14.18144416809082,0.6721659501272386,12.71104634285686,0.0887161865830421,0.926167905330658,0.0,0.0,-1.8960955142974851,-1.795605182647705,0.1501537412405014,0.1660269498825073,0.0003,65.63655090332031
3,1570,628000,-0.0023054178612337,92.08525104522704,0.8627399659156799,0.0037227571010589,0.0440000001527369,0.3745952248573303,0.1564550399780273,1.0745457410812378,9.667927742004396,-52.5908317565918,65.84439086914062,16.994155883789062,12.225110054016112,0.7204060466868912,10.030946836760826,0.0854736194014549,1.0012741088867188,0.0,0.0,-1.9068117141723635,-1.805715560913086,0.148553267121315,0.1643568128347396,0.0003,36.20882034301758
3,1580,632000,-0.0002223955990921,221.4725535583496,0.880473861694336,0.0061312485486269,0.0278750001452863,0.2292097806930542,0.1555484235286712,1.2966378927230835,14.880245208740234,-92.94912719726562,67.18170166015625,18.506500244140625,16.948917388916016,0.7127219107733572,13.965088191427032,0.0526037439703941,0.3894532322883606,0.0,0.0,-1.9054851531982424,-1.8180230855941768,0.1487504541873932,0.1623463779687881,0.0003,112.54231262207033
3,1590,636000,-0.0007812660671039,154.5223117828369,0.8901038944721222,0.0030686466488987,0.0125000000279396,0.2604628801345825,0.1547875851392746,-1.7930669784545898,12.622339248657228,-102.62214660644533,53.79010772705078,16.373567581176758,14.677762031555176,0.7314775933622326,17.040895691322024,0.0411775819957256,1.3624054193496704,0.0,0.0,-1.91156268119812,-1.82185161113739,0.1478491723537445,0.161726027727127,0.0003,84.0321273803711
3,1600,640000,-0.0028106865332581,232.87987854003907,0.8947847259044647,0.0053056930191814,0.0445250001782551,0.2639148831367492,0.1549886167049408,0.7287392616271973,15.362457275390623,-98.0442352294922,79.95977020263672,15.659945487976074,17.905921936035156,0.7112288210236117,15.43417010076595,0.0838776528835296,1.1967283487319946,0.0,0.0,-1.9091371297836304,-1.821585774421692,0.1482082158327102,0.1617690175771713,0.0003,107.49699401855467
3,1610,644000,-0.0015243862322662,242.8838822937012,0.8921136629581451,0.0034645139239728,0.0238749999506399,0.2925264835357666,0.1547020375728607,0.3695041835308075,15.629752159118652,-102.18830108642578,82.95127868652344,16.407024383544922,18.58219337463379,0.6779519392901292,13.508456258261026,0.0729973241686821,0.7537086009979248,0.0,0.0,-1.9092355966567995,-1.825044631958008,0.1481936275959015,0.1612104475498199,0.0003,119.77896881103516
3,1620,648000,-0.0013127162634176,274.1810122680664,0.8956269764900208,0.0050889481790363,0.0435999999195337,0.1839573979377746,0.1549940854310989,1.372246265411377,16.769010543823242,-59.56880569458008,151.69801330566406,18.085773468017575,18.56312370300293,0.7193477591449081,21.693531270869567,0.0526982359588146,1.0337400436401367,0.0,0.0,-1.9039560556411743,-1.8262882232666016,0.1489780843257904,0.1610100865364074,0.0003,111.24696350097656
3,1630,652000,-0.0011272435714676,191.50667221069332,0.8913039809465408,0.0034308445174247,0.0360750000691041,0.1986573934555053,0.1549590528011322,1.5704855918884275,13.934976577758787,-66.61820983886719,98.95172882080078,19.961179733276367,15.566720962524414,0.7229110356454759,17.24296987253926,0.0632282570004463,0.8703463077545166,0.0,0.0,-1.90057909488678,-1.829859733581543,0.1494820266962051,0.160436064004898,0.0003,92.83708190917967
3,1640,656000,-0.0014380263774044,249.0650271606445,0.8957454186677932,0.0035000569187104,0.0219500000961124,0.2188949584960937,0.1544465571641922,0.8428841233253479,15.965705871582031,-111.05414581298828,97.64266967773438,21.29474830627441,18.064809799194336,0.6692364425090819,23.328114071223823,0.0518109835684299,1.3643797636032104,0.0,0.0,-1.906186580657959,-1.8310391902923584,0.1486461609601974,0.1602469533681869,0.0003,160.87619018554688
3,1650,660000,-0.0024003242763035,382.0491789245605,0.9009544330835344,0.0048733474686741,0.0343500000378117,0.2045424580574035,0.1542018353939056,-1.2560824155807495,19.62593650817871,-146.32879638671875,90.6308135986328,20.002294540405277,22.00502586364746,0.643396913702564,29.27040176748119,0.0877647027373313,0.7341273427009583,0.0,0.0,-1.907562613487244,-1.8328194618225095,0.1484417617321014,0.159961923956871,0.0003,172.32806396484375
3,1660,664000,-0.0021680594205987,269.7381721496582,0.9011860293149948,0.0043686027638614,0.023550000055693,0.3927741646766662,0.1543714106082916,0.8970028162002563,16.86309242248535,-82.08773803710938,103.0947265625,20.8153133392334,21.64023971557617,0.6753899988233633,34.584099157666095,0.0602161362767219,1.6322647333145142,0.0,0.0,-1.9068766832351685,-1.8313372135162356,0.1485436111688614,0.1601992100477218,0.0003,130.26687622070312
3,1670,668000,-0.0018607143805798,205.6247723388672,0.9005175095796585,0.0034088226966559,0.0237000000476837,0.5018338561058044,0.1542897373437881,-0.877784013748169,14.399083137512209,-89.78282165527344,65.55522918701172,19.830026626586918,20.40082550048828,0.7058933040155978,27.10014727765919,0.0516813322901725,0.6854154467582703,0.0,0.0,-1.9094135761260984,-1.8300083875656128,0.1481672525405883,0.1604122221469879,0.0003,110.81753540039062
3,1680,672000,-0.0021950483573295,462.04620239257815,0.9036369675397872,0.0041528586298227,0.0195249999593943,0.2918819785118103,0.1539216041564941,-0.7261674404144287,21.65851402282715,-107.70978546142578,129.21963500976562,19.959510803222656,25.738061904907227,0.6742385964572314,40.672772281235865,0.0514785610139369,1.3199087381362915,0.0,0.0,-1.912775158882141,-1.831499695777893,0.1476700007915496,0.1601731777191162,0.0003,245.7544403076172
3,1690,676000,-0.0014874638445326,204.5957536315918,0.905695413351059,0.007073535118252,0.028100000009872,0.4556429386138916,0.1538862884044647,-0.6785436272621155,14.38822078704834,-74.27192687988281,85.6226806640625,18.401273727416992,19.501373291015625,0.7042673751532957,22.61194919828968,0.0823232680559158,0.6864377856254578,0.0,0.0,-1.9187264442443848,-1.8264826536178589,0.1467937976121902,0.1609787940979004,0.0003,103.36106872558594
3,1700,680000,-0.0005749548258398,254.0606512451172,0.9064497995376588,0.0030378173105418,0.0075749999145045,0.3950766324996948,0.1540682911872863,-3.170518159866333,16.20588493347168,-113.41806030273438,59.79855728149414,14.956679344177246,20.83639335632324,0.6962829769892314,40.89156469060661,0.0469269976019859,1.051255464553833,0.0,0.0,-1.9179446697235107,-1.824935793876648,0.1469086110591888,0.1612280011177063,0.0003,132.22323608398438
3,1710,684000,-0.0023145040195979,311.05119384765624,0.9030556231737136,0.004043020773679,0.0391500000329688,0.3210621476173401,0.1543967574834823,-0.8896442651748657,17.80483055114746,-120.3838348388672,71.04244995117188,14.111624717712402,21.6084098815918,0.6434948958394568,26.27481428706187,0.0499303750693798,0.8823344111442566,0.0,0.0,-1.921282410621643,-1.8178502321243288,0.1464190781116485,0.1623744368553161,0.0003,132.6300811767578
3,1720,688000,-0.0021592141541026,209.01375442504883,0.9057018983364106,0.0044302316382527,0.0305999999400228,0.3347262740135193,0.1534388065338134,1.4087175130844116,14.607888221740724,-64.01490783691406,57.842918395996094,14.412209510803224,17.909656524658203,0.7376441121044699,18.83361003085208,0.0703851357102394,0.7852727770805359,0.0,0.0,-1.9286975860595703,-1.82300078868866,0.1453373581171035,0.1615402698516845,0.0003,93.4961929321289
3,1730,692000,-0.0028057025858961,177.17998725891113,0.9172862458229064,0.0044645881280303,0.0363250001287087,0.2637975215911865,0.1530383676290512,-0.1637164056301117,13.581607818603516,-80.74810028076172,75.84542083740234,14.579673767089844,15.828965187072754,0.6701680064747798,16.622802232458753,0.0848205164074897,1.0496327877044678,0.0,0.0,-1.9292312860488887,-1.827488660812378,0.145259827375412,0.1608169376850128,0.0003,106.70081329345705
3,1740,696000,-0.0028566635930242,132.0884928894043,0.9245172625780106,0.0048666438087821,0.0459000000730156,0.3589616417884826,0.1518340855836868,0.4288258850574493,11.61814308166504,-55.79539489746094,60.11984634399414,15.16222095489502,14.51091194152832,0.7440893855715539,12.724796912168934,0.1006594896316528,0.8847541809082031,0.0,0.0,-1.926358699798584,-1.8452204465866089,0.145677700638771,0.1579904854297638,0.0003,76.43912506103516
3,1750,700000,-0.0033791535079155,103.92100776672363,0.937076505422592,0.0061618564650416,0.0563250003894791,0.4301491975784302,0.1514874696731567,-0.262906014919281,10.339861869812012,-61.25797271728516,46.577030181884766,15.433740615844728,13.697274208068848,0.7045932889142855,9.600024818867055,0.1116873249411583,1.11615788936615,0.0,0.0,-1.92877459526062,-1.8473857641220093,0.145326167345047,0.1576487571001052,0.0003,57.32162094116211
3,1760,704000,-0.0011510278048695,378.5096578979493,0.9401739305257796,0.0046200510114431,0.017325000022538,0.2584630846977234,0.1511184424161911,-4.306392669677734,19.63415908813477,-94.03913879394533,118.3747100830078,10.729104042053224,22.800580978393555,0.685958882824519,41.15629163793019,0.0605594590306282,0.9709243178367616,0.0,0.0,-1.9295991659164429,-1.851315259933472,0.1452063918113708,0.1570305079221725,0.0003,167.71144104003906
3,1770,708000,-0.0022110244733354,221.7597978210449,0.9500138503313064,0.0042569041252136,0.0262249999446794,0.2673277258872986,0.1497196555137634,1.672966241836548,15.066898345947266,-63.58574676513672,104.2916030883789,12.698515892028809,17.60228157043457,0.7222643079801443,18.6620318433785,0.0715975910425186,0.8719326257705688,0.0,0.0,-1.9360610246658323,-1.8632456064224243,0.144271120429039,0.155168205499649,0.0003,92.1569366455078
3,1780,712000,-0.0016442720568578,147.88121398925782,0.96432246029377,0.0040649445727467,0.0341999999992549,0.4004879593849182,0.1495120227336883,-0.3590062260627746,12.22271728515625,-89.30624389648438,55.04859924316406,12.573752403259276,15.785881042480469,0.7057610693967524,11.037879006277294,0.0437164865434169,0.8017222881317139,0.0,0.0,-1.939659595489502,-1.862582087516785,0.1437528729438781,0.1552711874246597,0.0003,71.15715789794922
3,1790,716000,-0.0020766200899327,484.6417074584961,0.9638661748170853,0.0043374733068048,0.0158000000193715,0.2141588926315307,0.1494861245155334,-2.959593772888184,22.1007022857666,-182.76303100585935,114.30001831054688,8.56889820098877,24.93094253540039,0.6545531449134887,28.267828984704867,0.0677608102560043,0.6744090914726257,0.0,0.0,-1.9372960329055784,-1.8651098012924197,0.1440930366516113,0.1548791974782943,0.0003,262.2156982421875
3,1800,720000,-0.0023965887495025,297.6144877624512,0.9659146344661712,0.0047917924821376,0.0335500000510364,0.2793941497802734,0.1491619050502777,0.8755057454109192,17.351102828979492,-108.98423767089844,104.0032196044922,10.639257431030272,20.43987274169922,0.7019835395731708,17.931281902547074,0.0702661424875259,1.1232260465621948,0.0,0.0,-1.9380404949188232,-1.868610143661499,0.1439858227968216,0.1543380171060562,0.0003,182.78536987304688
3,1810,724000,-0.0033192480520345,208.54324127197265,0.9690661948919296,0.0046786908060312,0.0483000002661719,0.2616713047027588,0.1490885764360427,1.848977208137512,14.517855644226074,-70.33464050292969,56.73213958740234,11.530267715454102,16.895753860473633,0.6572022379719393,16.115014704926605,0.0583726093173027,0.8996233344078064,0.0,0.0,-1.9374353885650637,-1.8701263666152956,0.1440729796886444,0.1541041880846023,0.0003,112.27610778808594
3,1820,728000,-0.0011959627838848,178.34538024902344,0.9618800890445708,0.0056001520715653,0.0429500000877305,0.2829342484474182,0.1503521203994751,0.6798175573348999,13.478273391723633,-95.58056640625,73.0946273803711,12.324049949645996,15.91676425933838,0.7387258865616892,10.200702356450808,0.0782283022999763,0.9504778385162354,0.0,0.0,-1.929814338684082,-1.860922574996948,0.1451751589775085,0.1555290669202804,0.0003,103.6679229736328
3,1830,732000,-0.0010690377810999,236.998283996582,0.9581328743696212,0.0045038918033242,0.0341500001074746,0.1987689137458801,0.1494624018669128,0.2377772778272628,15.471721649169922,-102.7996063232422,56.493011474609375,12.021147727966309,17.284616470336914,0.7107049942711101,10.297464266397885,0.0576524250209331,0.9765822291374208,0.0,0.0,-1.9420711994171145,-1.860992670059204,0.1434066295623779,0.1555181741714477,0.0003,133.79019165039062
3,1840,736000,-0.0022299489030207,116.9798592376709,0.9744614970684052,0.0040511293336749,0.0454249998368322,0.3459733724594116,0.1482627987861633,-0.8340654969215393,10.847823143005373,-59.16999053955078,52.24993515014648,11.270109176635742,13.413585662841797,0.7008998121812234,8.708802884582028,0.0864079073071479,0.7063104510307312,0.0,0.0,-1.9576295614242556,-1.862184762954712,0.1411927193403244,0.1553328931331634,0.0003,57.25707626342773
3,1850,740000,-0.002025994213343,172.03285942077636,0.984577295780182,0.0047439290210604,0.0439749998645856,0.2177483439445495,0.1481136977672577,0.7119239568710327,13.18470287322998,-63.25788879394531,78.11353302001953,13.00082778930664,14.907235145568848,0.7355731402228496,10.26639032778026,0.0806387439370155,0.8066524267196655,0.0,0.0,-1.966706395149231,-1.8559110164642332,0.1399169415235519,0.1563104838132858,0.0003,70.22225952148438
3,1860,744000,-0.0021405934368474,112.5604907989502,0.9792160648107529,0.004474158398807,0.0353500001318752,0.3111589550971985,0.1485414803028106,0.6708039045333862,10.644357681274414,-64.47268676757812,55.717559814453125,14.669388771057127,12.825077056884766,0.658710434677435,8.065890805684166,0.0988644734025001,0.6233807802200317,0.0,0.0,-1.9584320783615112,-1.8578767776489256,0.1410794556140899,0.1560035049915313,0.0003,69.61444854736328
3,1870,748000,-0.0001696282521206,91.33684204101564,0.9759780824184418,0.0013248149771243,0.0096000000089406,0.296754777431488,0.1488800197839737,-0.5334532856941223,10.004636764526367,-46.274635314941406,69.22927856445312,14.570189476013184,11.930206298828123,0.6973978794874002,12.940256024452946,0.0468593947589397,1.4132496118545532,0.0,0.0,-1.953215479850769,-1.8582665920257568,0.1418173313140869,0.1559427082538604,0.0003,48.74544906616211
3,1880,752000,-0.001109263971437,141.7904323577881,0.975106319785118,0.0025641205720603,0.0217499999888241,0.2386094331741333,0.1484577655792236,0.9467153549194336,11.93443489074707,-47.00403594970703,74.49266815185547,15.050738334655762,13.677227973937988,0.7214139564073284,9.698219466397148,0.0768762752413749,0.4496840834617615,0.0,0.0,-1.9496444463729856,-1.8669732809066768,0.1423246711492538,0.1545908749103546,0.0003,71.28721618652344
3,1890,756000,-0.0012771889090996,103.7831414794922,0.9714028257131576,0.0031817655544728,0.0204499999526888,0.2756048440933227,0.1499231904745102,0.6647037267684937,10.436674118041992,-41.85652923583984,102.49842071533205,16.644739151000977,12.262368202209473,0.734794398211729,11.034675682368045,0.0775007605552673,0.959739863872528,0.0,0.0,-1.9402761459350584,-1.8567326068878172,0.1436642706394195,0.1561820954084396,0.0003,49.609893798828125
3,1900,760000,-0.0006703382446716,181.05427871704103,0.9611477959156036,0.0019065687665715,0.0189750000275671,0.1732507348060608,0.1492024660110473,0.5585315227508545,13.604935646057127,-72.16372680664062,90.67471313476562,16.841289520263672,14.962687492370604,0.6630453232853145,12.988429217279036,0.057738147675991,0.7803727388381958,0.0,0.0,-1.9439842700958248,-1.8625742197036743,0.1431325227022171,0.1552724093198776,0.0003,102.7802505493164
3,1910,764000,-0.0012507969464,177.8094789123535,0.9766641360521316,0.0024402707349509,0.0303500001318752,0.2625546455383301,0.1479579806327819,-0.4941178262233734,13.508731842041016,-77.17062377929688,66.28456115722656,16.325265884399414,15.730758666992188,0.6966997707558882,12.183876515159747,0.0427951551973819,0.9079563021659852,0.0,0.0,-1.9516067504882808,-1.8716453313827517,0.1420456618070602,0.1538702696561813,0.0003,73.89009857177734
3,1920,768000,-0.000899532207239,144.25325500488282,0.9817096555233,0.0021489085629582,0.0157499999459832,0.349640429019928,0.1487729251384735,0.7196458578109741,12.076739311218262,-64.14486694335938,66.1253662109375,17.31979751586914,14.975210189819336,0.6961819468114244,11.835502975624708,0.0599948763847351,0.7034516930580139,0.0,0.0,-1.9540486335754397,-1.8588829040527344,0.1416992247104644,0.1558466255664825,0.0003,77.74444580078125
3,1930,772000,-0.002039348026079,147.74093070983886,0.9800769072771072,0.0043691443279385,0.0262750000599771,0.3438365459442138,0.147684097290039,-1.600950837135315,12.20383644104004,-81.19964599609375,49.60038757324219,15.262007713317873,15.065735816955566,0.6923781074835318,13.399537357179309,0.0891640707850456,0.5156877636909485,0.0,0.0,-1.9662903547286987,-1.861797571182251,0.1399751454591751,0.155393049120903,0.0003,79.2034912109375
3,1940,776000,-0.0017195638866083,113.34460693359377,0.986585454940796,0.00423255097121,0.0312500002235174,0.4088634252548218,0.1482209861278534,0.3038434982299804,10.667593002319336,-67.38421630859375,47.94204330444336,15.767607688903809,13.874666213989258,0.7313977287111624,7.920897203494075,0.0801336541771888,0.5893764495849609,0.0,0.0,-1.964656949043274,-1.856374979019165,0.1402039676904678,0.1562379747629165,0.0003,44.73223114013672
3,1950,780000,-0.001366075757821,121.34096405029295,0.9870831441879272,0.0035355971194803,0.0319500000588595,0.4475547671318054,0.1475110054016113,-1.1644047498703003,11.136401176452637,-52.6805534362793,67.46778106689453,14.237150192260742,14.983051300048828,0.7077476659725201,12.652680897004643,0.0938650667667388,0.542310357093811,0.0,0.0,-1.9643131494522093,-1.8658162355422971,0.1402521729469299,0.1547698229551315,0.0003,51.25920867919922
3,1960,784000,-0.001843496572506,144.73188903808594,1.003212221264839,0.0055229817517101,0.0314749999297782,0.4558973908424377,0.1455989480018615,-0.5587998032569885,12.089579582214355,-85.56071472167969,52.070274353027344,13.213688850402832,16.389692306518555,0.731140496883567,10.015339792996963,0.0867827832698822,0.6861382722854614,0.0,0.0,-1.969158411026001,-1.8863539695739744,0.1395742744207382,0.1516236215829849,0.0003,70.26142883300781
3,1970,788000,-0.0035343533497012,111.54557579040528,1.0183143317699432,0.0042577469721436,0.0369249999849125,0.4150466322898865,0.1455374360084533,0.5424908399581909,10.743890762329102,-58.34735107421875,62.394142150878906,14.976480484008787,14.047561645507812,0.7750022410555849,10.34031096718548,0.0764593333005905,0.9695441126823424,0.0,0.0,-1.961058616638184,-1.8946864604949951,0.1407093852758407,0.1503654718399047,0.0003,58.16785430908203
3,1980,792000,-0.001284982219085,129.69364326477051,1.023496502637863,0.0042087524197995,0.034650000128895,0.3641353845596313,0.1445413529872894,0.2831781208515167,11.457433700561523,-77.87889099121094,69.25543212890625,14.262524604797363,14.368288040161133,0.7187867164419549,9.365837408559273,0.0955855920910835,0.7305440902709961,0.0,0.0,-1.9699262380599976,-1.8996860980987549,0.1394671499729156,0.1496155858039856,0.0003,62.11162567138672
3,1990,796000,-0.0022015617918106,151.15509353637697,1.0329918837547305,0.0055234702304005,0.0379750001337379,0.3206607103347778,0.1444453001022339,2.554651498794556,12.321685791015623,-63.28014755249024,87.4006576538086,16.979141235351562,14.949503898620604,0.8336751254728202,18.280641065565906,0.0696569085121154,0.8148660659790039,0.0,0.0,-1.9752296209335327,-1.8960462808609009,0.138729453086853,0.1501611471176147,0.0003,70.31327056884766
3,2000,800000,-0.0007718499508802,164.80499504089354,1.0330439579486848,0.0041210846975445,0.0210249999398365,0.3577443957328796,0.1444222927093505,-1.5887211561203003,13.151467323303224,-98.5898666381836,61.12949752807617,15.204468727111816,16.41044044494629,0.7197052428947273,21.11617091439569,0.0748402178287506,0.8431466221809387,0.0,0.0,-1.9736697673797607,-1.897796392440796,0.1389460116624832,0.1498985737562179,0.0003,93.48970794677734
3,2010,804000,-0.0005349564636941,219.6964373779297,1.0303145253658297,0.0038019628264009,0.0309249998815357,0.3377374410629272,0.1449939310550689,-0.1433873921632766,14.97044277191162,-141.0513153076172,83.60672760009766,15.9950590133667,18.395835876464844,0.7633664796019616,13.825249403799166,0.0653067082166671,0.6981515884399414,0.0,0.0,-1.9732989072799685,-1.8905396461486816,0.1389975547790527,0.1509903073310852,0.0003,94.39378356933594
3,2020,808000,-0.0013500864918431,74.29795513153076,1.0288113248348236,0.0064597427845001,0.0347000000905245,0.5677250623703003,0.1442432403564453,0.9907605648040771,8.696167945861816,-37.316802978515625,59.79346084594727,18.69964599609375,13.226590156555176,0.9202541181214736,8.869793875230338,0.1047357320785522,1.0809131860733032,0.0,0.0,-1.979613304138184,-1.894697189331055,0.1381226480007171,0.1503638625144958,0.0003,30.53354263305664
3,2030,812000,-0.0010612334797478,143.1342793273926,1.038062834739685,0.0045747524127364,0.0394750001281499,0.3937527537345886,0.1441604495048523,0.8291632533073425,12.10290241241455,-58.12747573852539,92.73831939697266,19.851390838623047,15.544066429138184,0.8636982130928408,13.073821130351988,0.0775096714496612,0.9475110769271852,0.0,0.0,-1.9861444234848025,-1.889830470085144,0.137223482131958,0.1510974168777465,0.0003,45.43349075317383
3,2040,816000,-0.0015221992692808,168.9772146606445,1.0438741064071655,0.0043913880363106,0.0296500002499669,0.2661091685295105,0.1433946788311004,1.52312970161438,13.037437438964844,-64.68965911865234,94.1437530517578,19.296003341674805,15.218663215637209,0.7294699176709443,11.721233006172032,0.0612015947699546,0.6875969767570496,0.0,0.0,-1.9959652423858645,-1.8910921812057493,0.1358824372291565,0.150906890630722,0.0003,91.3777084350586
3,2050,820000,-0.0016940513109304,161.18039962768557,1.0512169790267945,0.002880640560761,0.0222249999269843,0.2979300022125244,0.1429812908172607,2.462387561798096,12.740320205688477,-42.31201934814453,70.12448120117188,22.67829322814941,15.205130577087402,0.8155261206593015,18.38639049436069,0.0505348183214664,0.9351171851158142,0.0,0.0,-1.9990514516830444,-1.8937996625900269,0.1354637145996093,0.1504988819360733,0.0003,65.68394470214844
3,2060,824000,-0.0015574314139259,188.16233543395995,1.0547660517692563,0.0040306812152266,0.0304999998351559,0.1734688282012939,0.1430011689662933,0.6867135167121887,13.780756950378418,-101.61557006835938,93.512451171875,21.601219177246094,15.15805435180664,0.6906269485772775,11.59877067906482,0.0641111060976982,0.7670011520385742,0.0,0.0,-1.992454171180725,-1.8995095491409304,0.1363603621721267,0.1496419906616211,0.0003,78.41951751708984
3,2070,828000,-0.001346211365435,100.40685245513916,1.0478077566623687,0.003611495019868,0.0305250000441446,0.3530648946762085,0.1440009474754333,0.39585080742836,10.088183403015137,-77.46072387695312,70.76022338867188,22.628326416015625,12.54245662689209,0.7080932617976632,10.77905077417153,0.0778203979134559,0.6672338247299194,0.0,0.0,-1.98881995677948,-1.8895151615142824,0.1368568241596222,0.1511450856924057,0.0003,56.00101852416992
3,2080,832000,-0.0012861552800836,113.10566078186037,1.0397942554950714,0.0056527396664023,0.0364250002102926,0.4644697308540344,0.1440776288509369,-0.0336295031011104,10.884533882141112,-75.10262298583984,49.10832214355469,23.333200454711918,14.87366008758545,0.772861138194266,13.348536129115452,0.066565603017807,1.0301518440246582,0.0,0.0,-1.9846984148025515,-1.8922439813613887,0.1374220550060272,0.1507331877946853,0.0003,63.08835983276367
3,2090,836000,-0.002777195008294,146.15128974914552,1.040080153942108,0.0050253374502062,0.0337500001955777,0.4205600619316101,0.1438633799552917,-0.3035126328468323,12.395550727844238,-92.88880157470705,59.81145858764648,22.595468521118164,16.284019470214844,0.7498323349453264,17.91967423715369,0.0935395956039428,1.1933165788650513,0.0,0.0,-1.9862515926361084,-1.8936727046966555,0.1372087746858596,0.1505179852247238,0.0003,56.71963882446289
3,2100,840000,-0.0007733313485092,167.15443641662597,1.040905146598816,0.0035762574989348,0.0212500000698491,0.4329976439476013,0.1439624577760696,1.5227855443954468,13.013949394226074,-80.04959106445312,86.30300903320312,23.550058364868164,17.282901763916016,0.7464904479304848,14.549681975671168,0.0594664961099624,0.9737511277198792,0.0,0.0,-1.985303282737732,-1.893221139907837,0.1373389512300491,0.1505859792232513,0.0003,81.07945251464844
3,2110,844000,-0.0014861463034925,213.61301391601563,1.041058280467987,0.0045833121985197,0.0164749999018386,0.3996789455413818,0.1438577473163604,-2.8193392753601074,15.332127571105955,-137.20132446289062,38.1058349609375,22.403343200683597,19.78839874267578,1.0016594900693323,53.60101011798863,0.0523368716239929,1.207483172416687,0.0,0.0,-1.9841272830963133,-1.8956880569458008,0.1375005692243576,0.1502149552106857,0.0003,81.28622436523438
3,2120,848000,-0.0006223222041444,96.01045021057128,1.0407013261318208,0.0042041563428938,0.0257249998766928,0.5952353477478027,0.1439065933227539,1.0466444492340088,9.909153938293455,-42.60575866699219,92.99664306640624,24.09431266784668,15.575258255004885,0.9170096619250564,15.439713806346322,0.0869280695915222,1.081720232963562,0.0,0.0,-1.9785947799682615,-1.9001259803771973,0.138263389468193,0.1495497822761535,0.0003,37.20933532714844
3,2130,852000,-0.0006763074528833,91.72825622558594,1.0403621864318848,0.0031547374092042,0.0178499999688938,0.6065218448638916,0.1439584791660308,-0.486115425825119,9.759217262268066,-138.6626739501953,47.29433822631836,22.95692253112793,15.558032035827637,0.8140136286339572,15.97785860708916,0.0594047494232654,0.5666736364364624,0.0,0.0,-1.97983980178833,-1.8982833623886108,0.13809135556221,0.1498255878686905,0.0003,30.73480224609375
3,2140,856000,-0.0021472849968835,89.7374435043335,1.042106169462204,0.0050301565788686,0.0364499999117106,0.630649209022522,0.1434722244739532,0.4335076808929443,9.50096607208252,-60.96376419067383,63.35599136352539,22.394886016845703,15.633213996887209,0.767724572848781,10.492407207434251,0.0826923698186874,0.4190197587013244,0.0,0.0,-1.9781090021133425,-1.906403660774231,0.1383305639028549,0.1486138999462127,0.0003,54.1878776550293
3,2150,860000,-0.0007519396516607,84.93455760955811,1.0538812482357025,0.003233476774767,0.0227249999949708,0.6158839464187622,0.14242485165596,-0.4652107656002044,9.257901191711426,-74.1757583618164,30.12579727172852,21.896883010864254,14.937616348266602,0.7102453690040549,9.765452847406126,0.0780388936400413,0.6852484345436096,0.0,0.0,-1.9814611673355105,-1.9174447059631348,0.1378676444292068,0.1469820737838745,0.0003,39.42787551879883
3,2160,864000,-0.0011391124399822,79.10119422912598,1.0556710612773896,0.0060127135366201,0.0290999998478218,0.6604893803596497,0.1434588432312011,-0.5329877734184265,9.065183639526367,-40.25899505615234,55.57533645629883,21.916501998901367,15.557862281799316,0.8560107958689926,11.97384756786226,0.0684017017483711,0.8949292302131653,0.0,0.0,-1.9756083488464355,-1.9089176654815676,0.1386769264936447,0.1482407599687576,0.0003,37.08008193969727
3,2170,868000,-0.0028038616673635,102.7813119506836,1.047056405544281,0.004920142237097,0.0349250000249594,0.5949387550354004,0.1432950794696808,-0.646831214427948,10.28803539276123,-50.88481903076172,54.5589485168457,21.544334411621094,16.164865493774414,0.8915966421566217,12.827067436219904,0.0950679555535316,1.1697771549224854,0.0,0.0,-1.978310823440552,-1.908602237701416,0.1383026540279388,0.1482875198125839,0.0003,49.771915435791016
3,2180,872000,-0.0003881411207636,138.5462232208252,1.0509605944156646,0.0020269334781914,0.0083749999897554,0.4601816534996032,0.1428530216217041,-0.8588571548461914,12.111926078796388,-81.78974151611328,89.56135559082031,20.029224395751957,16.485015869140625,0.7053348320841707,16.012258800680016,0.0568635873496532,1.3405466079711914,0.0,0.0,-1.9795637130737305,-1.913408279418945,0.1381294876337051,0.1475765407085418,0.0003,55.52267456054688
3,2190,876000,-0.0019625553413534,126.38354454040528,1.0538378024101258,0.004363618325442,0.0308499998692423,0.4564482569694519,0.1430318653583526,0.4124351739883423,11.343833923339844,-90.97653198242188,94.51007080078124,20.751876831054688,15.38648509979248,0.7379121889767675,9.798718297473703,0.0833451226353645,0.9185845851898192,0.0,0.0,-1.9721194505691528,-1.917988657951355,0.1391616016626358,0.1469021290540695,0.0003,69.31583404541016
3,2200,880000,-0.0025293634182613,83.89491264343262,1.0538859748840332,0.0043380497954785,0.0352249999949708,0.5927116870880127,0.1425758600234985,-0.777894139289856,9.322931289672852,-63.54440307617188,47.60744094848633,20.534223556518555,14.608362197875977,0.8486041464722628,11.834962798999213,0.0923577547073364,0.8291794061660767,0.0,0.0,-1.971201777458191,-1.9250919818878172,0.1392893642187118,0.145862340927124,0.0003,46.16868591308594
3,2210,884000,-0.0014957623084366,148.15341583251953,1.0612767589092256,0.0073339180089533,0.0452500001341104,0.4525100588798523,0.1420904695987701,0.6354858875274658,12.35562515258789,-82.653076171875,64.04004669189453,21.30142593383789,16.698469161987305,0.957903770508108,17.582771581795065,0.0615633688867092,0.8418785929679871,0.0,0.0,-1.9801995754241943,-1.923195481300354,0.138041689991951,0.1461392343044281,0.0003,68.0030288696289
3,2220,888000,-0.0029971729997305,107.73444107055664,1.0667887020111084,0.0035078567452728,0.0514999998174607,0.5850648880004883,0.1419406533241272,-0.4796407222747803,10.60073947906494,-77.33307647705078,51.65573120117188,21.11960792541504,16.456825256347656,0.8170381056091813,12.701963952551589,0.0885320156812667,1.1883865594863892,0.0,0.0,-1.9825855493545528,-1.922994613647461,0.1377127170562744,0.1461685895919799,0.0003,47.5776596069336
3,2230,892000,-0.0021516021566993,112.43888122558592,1.0697286319732666,0.0060194935649633,0.0403000000445172,0.5606575012207031,0.1416158676147461,-0.8655002117156982,10.805635452270508,-76.06581115722656,62.53349304199219,20.114761352539062,16.30229377746582,0.8629538072083618,13.305858252390472,0.0536513030529022,1.699977993965149,0.0,0.0,-1.988422393798828,-1.9219558238983157,0.1369112432003021,0.1463205069303512,0.0003,50.81901168823242
3,2240,896000,-0.0001216462569649,126.46789909362792,1.074481693506241,0.0025715953670442,0.0143250000104308,0.5142679214477539,0.1414199471473693,2.3460888862609863,11.357165336608888,-65.19046020507812,54.2054443359375,22.416364669799805,16.295644760131836,0.6937324176425299,17.15586834186541,0.0376764610409736,0.9574272632598876,0.0,0.0,-1.9920240640640257,-1.9212701320648196,0.1364190131425857,0.1464208662509918,0.0003,75.35546112060547
3,2250,900000,-0.0024645653704363,81.89893970489501,1.0752346646785735,0.0042200204916298,0.0325999999791383,0.6694834232330322,0.1414461731910705,-0.5064248442649841,9.142885208129885,-45.88868713378906,63.157989501953125,20.583391189575195,15.903277397155762,0.8973259422651629,10.10489745156664,0.0839990526437759,1.254873752593994,0.0,0.0,-1.9889228343963623,-1.9238088130950928,0.136842742562294,0.1460496336221695,0.0003,40.64929962158203
3,2260,904000,-0.0020082706181397,131.81509788513185,1.0829849791526795,0.0044888220727443,0.0283249998185783,0.5770975947380066,0.140177309513092,-1.382032036781311,11.594903945922852,-100.60920715332033,50.36548614501953,19.758140563964844,17.82982635498047,0.7663205969029268,14.143083410957413,0.0779496431350708,1.059455156326294,0.0,0.0,-1.9927109479904173,-1.9377387762069704,0.1363253444433212,0.1440292596817016,0.0003,85.34130096435547
3,2270,908000,-0.0019976343939895,77.74529850006104,1.0993180751800538,0.0041756061837077,0.0271249999152496,0.7260462045669556,0.1391898691654205,-1.6100008487701416,9.024343490600586,-63.022254943847656,49.26091384887695,18.784955978393555,17.241575241088867,0.8495053136871077,16.010560472590335,0.0791270732879638,0.9808843731880188,0.0,0.0,-2.000934839248657,-1.9437161684036253,0.1352088302373886,0.1431709080934524,0.0003,39.369022369384766
3,2280,912000,-0.001892903480956,60.85153705596924,1.117792271375656,0.0056483624503016,0.0371000000555068,0.7886078357696533,0.1375753730535507,-0.7667593955993652,7.897438049316406,-58.29874801635742,33.63981628417969,17.58428955078125,17.176780700683594,0.9071930599223866,11.192723570611502,0.0767572820186615,0.989606499671936,0.0,0.0,-2.0214014053344727,-1.9471434354782104,0.1324696987867355,0.1426810622215271,0.0003,34.15437316894531
3,2290,916000,-0.0017865469326332,28.89044200897217,1.1375368738174438,0.0041900943033397,0.0429750000499188,0.8711770176887512,0.1368999034166336,0.2509292662143707,5.575571060180664,-33.33566665649414,41.86798858642578,18.350120544433597,15.534335136413574,0.771632920824497,7.744350581586267,0.0787599757313728,1.0618261098861694,0.0,0.0,-2.029555082321167,-1.9490742683410645,0.1313939690589904,0.1424058526754379,0.0003,11.192177772521973
3,2300,920000,-0.0012581480466644,129.50487457275392,1.1456657814979554,0.0044013941660523,0.0317500000633299,0.6235606670379639,0.1361508667469024,-1.1325352191925049,11.482104301452637,-82.48677062988281,68.34497833251953,16.269865036010742,18.714317321777344,0.8241449234798389,13.405898358606269,0.0894371345639228,0.8813430666923523,0.0,0.0,-2.038560152053833,-1.9513251781463623,0.1302160620689392,0.1420856714248657,0.0003,81.06080627441406
3,2310,924000,-0.0012649570952246,92.58579650878906,1.1478901779651642,0.0039754314348101,0.0175750000262632,0.6897741556167603,0.1369743049144745,-2.286362648010254,9.867297172546388,-71.39879608154297,49.38396453857422,14.752490043640137,17.715736389160156,0.7782374730462247,22.30288784390835,0.0998083055019378,1.1187307834625244,0.0,0.0,-2.0325558185577397,-1.9452719688415527,0.131000280380249,0.1429483294486999,0.0003,45.66366958618164
3,2320,928000,-0.0015035609258011,58.05337677001953,1.1407791423797606,0.0030052624642848,0.0269500000867992,0.7699514031410217,0.1366849541664123,0.1040313020348548,7.694042682647705,-51.948028564453125,43.18708038330078,14.226630210876465,16.041494369506836,0.8182116032775245,8.77487331089599,0.0639456436038017,0.8930720090866089,0.0,0.0,-2.034548759460449,-1.947498440742493,0.1307394653558731,0.1426304280757904,0.0003,25.59091567993164
3,2330,932000,-0.0009410483893938,95.15373790740966,1.139330893754959,0.0028890701942145,0.0110499999485909,0.622556209564209,0.137426882982254,-0.0159057155251503,10.020694732666016,-64.00215148925781,64.18258666992188,14.965256690979004,16.310665130615234,0.7652501661681415,14.47220438863338,0.0735285505652427,0.9073142409324646,0.0,0.0,-2.028461456298828,-1.942703127861023,0.1315377503633499,0.1433160156011581,0.0003,37.35673904418945
3,2340,936000,-0.0032163888724113,183.5620864868164,1.1304710268974305,0.0057401773519814,0.0424250000948086,0.3666810393333435,0.1377604752779007,0.6272380948066711,13.811695098876951,-71.1784439086914,76.90613555908203,14.099897384643556,17.355443954467773,0.7508041063038349,17.733758358127,0.0635986253619194,0.9601574540138244,0.0,0.0,-2.026294231414795,-1.9400426149368288,0.1318231225013733,0.1436978280544281,0.0003,99.63127899169922
3,2350,940000,-0.0031900351803924,116.04931282043457,1.1316767203807832,0.0058384137228131,0.0618999999156221,0.3855683207511902,0.1371151059865951,0.8745279312133789,11.090746879577637,-60.1227912902832,63.85382080078125,15.38549518585205,14.148942947387695,0.841325646225212,13.330176570074896,0.0694634839892387,1.3196665048599243,0.0,0.0,-2.025864124298096,-1.9494638442993164,0.1318798214197158,0.1423503756523132,0.0003,47.231842041015625
3,2360,944000,-0.0021491163783357,82.36448764801025,1.1411849665641784,0.0063297301530838,0.0407500000903382,0.4679189324378967,0.1364924311637878,-1.5112581253051758,9.126806259155272,-55.45402145385742,48.7242317199707,13.62663459777832,12.512093544006348,0.8775185512651902,11.390397519802216,0.0830069631338119,0.7241672873497009,0.0,0.0,-2.023707389831543,-1.960270643234253,0.1321645528078079,0.1408202946186065,0.0003,35.56767654418945
3,2370,948000,-0.0012088967429852,205.3190735626221,1.1423573076725009,0.0021237903274595,0.0153999999631196,0.1291996240615844,0.1370893120765686,-0.082641951739788,14.62911891937256,-84.82067108154297,116.90474700927734,14.375372886657717,15.676852226257324,0.8254918917931379,16.999941324109205,0.0502370782196521,1.104318141937256,0.0,0.0,-2.0170319080352783,-1.95808219909668,0.1330497860908508,0.1411288231611251,0.0003,95.33392333984376
3,2380,952000,-0.0010592283124104,53.32820587158203,1.137575511932373,0.0053959242068231,0.025949999759905,0.3968563079833984,0.1367758512496948,0.15848109126091,7.441558837890625,-28.491586685180664,45.97110366821289,14.610925674438477,9.581941604614258,0.8553912876929652,6.634762548493545,0.0484035871922969,0.7799106240272522,0.0,0.0,-2.013883352279663,-1.9655249118804927,0.1334693729877472,0.1400823295116424,0.0003,32.61363983154297
3,2390,956000,-0.0041540739751682,132.46440933227538,1.1412823486328123,0.0067901141010224,0.0511500003468245,0.1310061812400818,0.1368936598300933,2.259720802307129,11.571752548217772,-55.97880935668945,76.64537048339844,17.062227249145508,12.41340160369873,0.805586170122223,11.494480215589542,0.09318558126688,0.9156450033187866,0.0,0.0,-2.0074303150177,-1.97002112865448,0.1343334317207336,0.1394539028406143,0.0003,70.5763168334961
3,2400,960000,-0.0027979057837466,156.8401155090332,1.1436587131023408,0.0061117401346564,0.0421249998826533,0.1883173584938049,0.1362404227256775,-1.0598245859146118,12.722739219665527,-96.48265075683594,44.84928131103516,15.97830867767334,14.121716499328612,1.0168523800645226,10.41714597546713,0.0668223723769187,1.4001543521881104,0.0,0.0,-2.010547637939453,-1.976412057876587,0.1339153200387954,0.1385655105113983,0.0003,72.4084243774414
3,2410,964000,-0.0004016794640236,98.9839888381958,1.1586356794834136,0.0035530352033674,0.0274250000203028,0.2203631997108459,0.1347998082637787,1.60630202293396,10.04969882965088,-64.67013549804688,79.0097427368164,17.457008361816406,11.38169288635254,1.006998346069187,11.382600696930218,0.0596518069505691,0.9374879002571106,0.0,0.0,-2.020538330078125,-1.9876608848571775,0.1325840801000595,0.1370155364274978,0.0003,35.801605224609375
3,2420,968000,-0.0028421055498321,164.92586517333984,1.174695248603821,0.0051527614705264,0.036225000093691,0.1638441085815429,0.1342205703258514,1.8308485746383667,12.923331260681152,-61.55753707885742,80.09151458740234,19.334060668945312,14.132885932922363,0.8615500266462084,12.654868782885536,0.0523259304463863,1.0762550830841064,0.0,0.0,-2.0210108757019043,-1.9956908226013184,0.1325214356184005,0.1359197199344635,0.0003,76.12198638916016
3,2430,972000,-0.0011869876353113,201.26312530517575,1.1818928146362304,0.0037535186856985,0.0274499998614192,0.1281275749206543,0.1337406784296035,-0.4536143839359283,14.404598236083984,-83.21037292480469,74.01747131347656,18.905672073364254,15.426758766174316,0.8136411285201597,13.72115048540612,0.0683153867721557,1.0002249479293823,0.0,0.0,-2.0256247520446777,-1.9982675313949585,0.1319114118814468,0.1355699449777603,0.0003,64.53630065917969
3,2440,976000,-0.0004804320261115,160.78866249084473,1.1875707054138185,0.0023864752147346,0.0085249999538064,0.3736074566841125,0.1335893273353576,-2.54805326461792,12.999195098876951,-100.45884704589844,58.63175964355469,15.587763786315918,16.424537658691406,1.029411132894536,17.94580957051019,0.0669671595096588,2.403642177581787,0.0,0.0,-2.027008533477783,-1.9991552829742432,0.1317289918661117,0.1354496479034423,0.0003,59.60074996948242
3,2450,980000,-0.0029202799769176,190.4696013641357,1.1958818542957306,0.0053685721941292,0.0338749998807907,0.1217331290245056,0.1323784440755844,1.7646604776382446,14.140511512756348,-57.348899841308594,111.13414764404295,18.46417999267578,15.088701248168944,0.8735151113056696,17.539237582321842,0.064870998263359,1.5728566646575928,0.0,0.0,-2.036736488342285,-2.0076558589935303,0.1304537504911422,0.1343031376600265,0.0003,94.13633728027344
3,2460,984000,-0.0033343032206204,101.98534492492676,1.215833773612976,0.0039764516986906,0.0455749999638646,0.4253416657447815,0.1312913298606872,-0.7591637969017029,10.176105499267578,-54.69347381591797,75.15687561035156,17.29140853881836,13.423839569091797,0.7472549412080309,8.84525468108157,0.0477541424334049,0.7439360618591309,0.0,0.0,-2.048694610595703,-2.0123095512390137,0.1289030611515045,0.1336795687675476,0.0003,59.57608413696289
3,2470,988000,-0.0047061106711982,219.52275314331052,1.2236058020591736,0.0056022191420197,0.0604999997746199,0.2022334337234497,0.1311206668615341,0.2700798511505127,14.947871208190918,-127.15591430664062,78.64321899414062,17.316898345947266,16.735605239868164,0.8981561099765485,13.839627750304947,0.0537768937647342,0.8630620837211609,0.0,0.0,-2.056398630142212,-2.007474184036255,0.1279138028621673,0.1343275308609008,0.0003,88.21305847167969
3,2480,992000,-0.0022509115391549,175.81479049682616,1.226025904417038,0.0061206561513245,0.0424499999545514,0.2493279576301574,0.1309976279735565,-1.9362568855285645,13.341429710388184,-83.67383575439453,73.45453643798828,16.392730712890625,15.39845848083496,0.8378699841657001,15.798080788550749,0.097498133778572,0.862835705280304,0.0,0.0,-2.055393695831299,-2.010267496109009,0.1280424147844314,0.1339528411626815,0.0003,71.62860107421875
3,2490,996000,-0.0001010495480513,188.2175791168213,1.230311951637268,0.0021873463410884,0.0062249999213963,0.3890817165374756,0.1306499391794204,-2.252607583999634,14.027594566345217,-87.55931091308594,38.85725021362305,11.63735008239746,17.946990966796875,0.9862640595407592,20.98154328924937,0.0544969476759433,1.8405297994613647,0.0,0.0,-2.06008529663086,-2.0109848976135254,0.1274431049823761,0.133856788277626,0.0003,65.10791778564453
3,2500,1000000,-0.0024318576455872,155.15004051208496,1.2337932181358338,0.0042771007865667,0.0466749998321756,0.4553180932998657,0.1305668354034423,0.9032606482505798,12.60333251953125,-84.2681655883789,60.37614440917969,12.07468318939209,17.077091217041016,0.9582095533951048,17.566250817052765,0.0700221210718154,1.1576316356658936,0.0,0.0,-2.061269044876098,-2.0111000537872314,0.1272923350334167,0.1338413506746292,0.0003,82.59856414794922
4,10,4000,-0.0017815204367769,109.13054019927978,0.1672589601576328,0.0036797844804823,0.0234499999415129,-0.0006797313690185,0.2220215797424316,3.5271661281585693,10.166150093078612,-37.867408752441406,64.1806640625,3.622594356536865,10.162696838378906,0.6683779212067258,6.832493192161971,0.0687954872846603,1.69145405292511,0.0,0.0,-1.508473515510559,-1.5015000104904177,0.22124744951725,0.2227957099676132,0.0003,55.37104797363281
4,20,8000,-0.000550200369149,63.99488445281983,0.1741585458815097,0.0039255763404071,0.0159499998623505,-0.0007576942443847,0.2214808017015457,2.1515097618103027,7.935462474822998,-39.613014221191406,44.22315979003906,4.986135959625244,7.932457447052002,0.6195367527176545,4.35618719471108,0.0830090418457984,1.2870877981185913,0.0,0.0,-1.5091298818588257,-1.505711793899536,0.2211022675037384,0.2218593060970306,0.0003,28.397974014282227
4,30,12000,-0.0016668384345019,76.27739093780518,0.1787769918143749,0.0026231636293232,0.0120999999111518,0.0107990503311157,0.2209112048149109,2.2429933547973637,8.705734252929688,-65.9228515625,66.03825378417969,7.088297367095947,8.753125190734863,0.6632548605737182,6.279243210085489,0.073250725865364,1.391951560974121,0.0,0.0,-1.5156619548797607,-1.5043588876724243,0.2196627259254455,0.2221596837043762,0.0003,53.46907806396485
4,40,16000,-0.0017683776401878,39.09867340087891,0.1756157672405243,0.0041242237202823,0.0237500000139698,0.0624662637710571,0.2226852923631668,1.2811977863311768,6.316052913665772,-32.656837463378906,30.71601867675781,8.33669376373291,6.523073673248291,0.6134135623413673,4.026561999102903,0.1358972191810608,1.4441711902618408,0.0,0.0,-1.5123822689056396,-1.4917160272598269,0.22038434445858,0.2249862551689148,0.0003,15.710697174072266
4,50,20000,-0.001830974668431,76.81166721343995,0.165751264989376,0.0040002609603106,0.013000000026077,0.0371772646903991,0.2219843566417694,3.1410248279571533,8.633907318115234,-40.3612060546875,74.42449951171875,11.311236381530762,8.799017906188965,0.6911496988163006,10.52902064142084,0.1093605086207389,1.0952816009521484,0.0,0.0,-1.5213161706924438,-1.4892377853393557,0.2184242010116577,0.2255444973707199,0.0003,32.17070007324219
4,60,24000,-0.0010864219738083,74.13909469604492,0.172974189966917,0.0038061316590756,0.0162249999586492,0.0710140466690063,0.2220436036586761,2.738870143890381,8.473020553588867,-32.46607971191406,65.64414978027344,14.162918090820312,8.79090690612793,0.6170222184945505,11.190668228479412,0.0834257900714874,0.7909001111984253,0.0,0.0,-1.5222365856170654,-1.4878225326538086,0.2182232737541198,0.2258639186620712,0.0003,47.651947021484375
4,70,28000,-0.0016676033923315,112.18342483520507,0.1696735796332359,0.0021896841935813,0.0062499999301508,0.0807401537895202,0.2226383090019226,-0.7652844190597534,10.917632102966309,-72.4310073852539,27.48963165283203,13.212580680847168,11.386999130249023,0.6286558228399171,11.82134947791834,0.0953076109290123,1.5331385135650637,0.0,0.0,-1.5211998224258425,-1.4835675954818726,0.2184496372938156,0.226827010512352,0.0003,69.62594604492188
4,80,32000,-0.0019900850338339,61.409901542663576,0.1705028773844242,0.003331295447424,0.0166500000050291,0.2820456624031067,0.2216800451278686,0.214423730969429,8.005589485168457,-38.869239807128906,30.94932174682617,12.234567642211914,9.44810962677002,0.6106114635805067,6.965112864154063,0.06891630589962,0.9686800241470336,0.0,0.0,-1.5262010097503662,-1.4872193336486816,0.2173598557710647,0.2260002046823501,0.0003,31.929122924804688
4,90,36000,-0.0025047120898103,89.92923385620117,0.1792406921088695,0.0038236535619944,0.0195999999158084,0.2658987641334533,0.220744103193283,1.1751809120178225,9.497517585754396,-61.442962646484375,49.155948638916016,13.23429012298584,11.084908485412598,0.6382555356070905,9.105072146849691,0.0819180011749267,0.6696385741233826,0.0,0.0,-1.536187767982483,-1.4859455823898315,0.2151999175548553,0.2262882739305496,0.0003,41.38818740844727
4,100,40000,-0.0010097652536198,48.38664524078369,0.1893039272725582,0.0029169442132115,0.0105000000121071,0.4253823757171631,0.2193997949361801,0.4185806512832641,7.004401206970215,-34.952392578125,40.99256896972656,14.20907497406006,9.240203857421877,0.5798893482079552,4.90150224042431,0.0995360761880874,0.4313777387142181,0.0,0.0,-1.5497485399246216,-1.4850181341171265,0.2123013585805893,0.2264982461929321,0.0003,20.274606704711918
4,110,44000,-0.0014610649257578,62.79002643585205,0.1997661238908767,0.0038761533796787,0.0400500001013278,0.3745504021644592,0.2187345027923584,0.4507672190666199,7.937456130981445,-47.35018157958984,66.75601959228516,14.270397186279297,10.036566734313965,0.6668659870091861,5.672578597083853,0.0879727602005004,0.4492319822311401,0.0,0.0,-1.551802635192871,-1.4889771938323977,0.2118657082319259,0.2256032675504684,0.0003,36.332496643066406
4,120,48000,-0.000807267003595,70.73338932037353,0.2046953339874744,0.0025281212292611,0.0069500000216066,0.3452227115631103,0.2181540429592132,0.8616806268692017,8.56887149810791,-39.12202453613281,70.03733825683594,15.248476028442385,10.589533805847168,0.6888872592842306,9.62383082870354,0.0598759874701499,1.0564380884170532,0.0,0.0,-1.5582221746444702,-1.4881139993667605,0.2105099856853485,0.225798100233078,0.0003,44.11628723144531
4,130,52000,-0.0013987063553853,64.77344379425048,0.2144997279345989,0.0037194681353867,0.0131500000599771,0.4901942610740661,0.2165380120277404,-0.2235060334205627,8.263925552368164,-37.29533004760742,41.18487548828125,15.24514389038086,11.574014663696287,0.6018824370313485,10.405611022521445,0.0893890783190727,0.654822826385498,0.0,0.0,-1.567096471786499,-1.49420964717865,0.2086501121520996,0.2244259119033813,0.0003,30.184335708618164
4,140,56000,-0.0022441124792174,96.2945133972168,0.2199953955411911,0.0038221944123506,0.0196500000078231,0.4785959124565124,0.2175999581813812,1.7991801500320437,9.8102445602417,-84.31814575195312,43.78064727783203,16.189916610717773,13.586030960083008,0.5898462839983367,14.29411296019794,0.0907825753092765,0.6455236077308655,0.000125,0.00025,-1.5658619403839111,-1.4859288930892944,0.2089078724384308,0.2262920439243316,0.0003,48.70970916748047
4,150,60000,-0.0007355618503093,49.31308685302734,0.214693399220705,0.0030829864554107,0.0059499999415129,0.6106724739074707,0.2168627828359604,2.151200294494629,7.0043134689331055,-30.37213897705078,58.67678451538086,18.78887367248535,11.225560188293455,0.6057148193433544,12.203998677186908,0.1001001521944999,0.5382354259490967,0.0,0.0,-1.5669217109680176,-1.4914816617965698,0.2086865901947021,0.2250389754772186,0.0003,24.052001953125
4,160,64000,-0.0019405780136145,55.349171524047854,0.2255577182769775,0.0043136635795235,0.0124499999824911,0.63386070728302,0.215560644865036,0.8236108422279358,7.625280857086182,-58.12922668457031,37.543983459472656,19.806827545166016,12.601802825927734,0.5574650500777388,11.709961471629164,0.0869972482323646,0.538300633430481,0.0,0.0,-1.5748223066329956,-1.4957658052444458,0.2070443481206894,0.2240769416093826,0.0003,27.39128875732422
4,170,68000,-0.001852295084804,85.84785396575927,0.234308962225914,0.003986588679254,0.0184999999171122,0.599030613899231,0.2153966426849365,0.9305523633956908,9.345063209533691,-60.91558837890625,86.34675598144531,20.088787078857425,14.75796890258789,0.6576817025942284,14.265570987529117,0.0756342858076095,0.5742253661155701,0.0,0.0,-1.580256462097168,-1.492228388786316,0.2059222757816314,0.2248709797859192,0.0003,45.39019393920898
4,180,72000,-0.0010027744679609,72.83911052703857,0.2359077522158622,0.0033366945572197,0.0103500000433996,0.6825665235519409,0.2149989008903503,0.0366552136838436,8.75732421875,-48.846282958984375,72.3786849975586,19.78312873840332,15.543364524841309,0.662573892440425,15.169658353051112,0.1054192408919334,0.6473111510276794,0.0,0.0,-1.586146116256714,-1.490390062332153,0.2047130316495895,0.2252847552299499,0.0003,38.22551727294922
4,190,76000,-0.000950665734717,62.15720169067383,0.2354328303039073,0.0022796844132244,0.0065499999281018,0.7141494154930115,0.2159500867128372,-0.5522253513336182,8.433042526245117,-55.67495727539063,31.069412231445312,19.03497695922852,15.773016929626465,0.5879323610549967,20.331509831456756,0.0837598294019699,0.9801916480064392,0.0,0.0,-1.5826786756515503,-1.4851160049438477,0.2054241001605987,0.2264760732650756,0.0003,26.343957901000977
4,200,80000,-0.0003441004255664,133.90711616516114,0.2279088039696216,0.0019282063003629,0.0028499999549239,0.5253999829292297,0.2163424789905548,-0.47830930352211,11.826733589172363,-78.77900695800781,61.0712890625,17.381999969482422,17.16725730895996,0.6742431322949962,18.484788740535038,0.0568160749971866,1.1739797592163086,0.0,0.0,-1.5807114839553833,-1.4834383726119995,0.2058285921812057,0.2268563210964203,0.0003,68.76434326171875
4,210,84000,-0.0018864386742527,86.39985416412354,0.2261102223396301,0.0033695611637085,0.0102249999064952,0.6114954948425293,0.2162800431251526,1.297285795211792,9.62598991394043,-50.65199661254883,88.67539978027344,19.295026779174805,15.443558692932127,0.6424815433178689,18.641937579059118,0.0671752095222473,1.0566846132278442,0.0,0.0,-1.5825616121292114,-1.4823122024536133,0.2054481357336044,0.2271119505167007,0.0003,45.15554428100586
4,220,88000,-0.0020813793620473,76.96305854797363,0.2287282538414001,0.0031721573323011,0.0133999999519437,0.6468928456306458,0.2158123850822448,1.8034127950668333,8.893455505371094,-42.56746673583984,52.03995513916016,19.01341819763184,14.966397285461426,0.6257597867308914,14.242312250450158,0.0782784968614578,1.2735077142715454,0.0,0.0,-1.5828489065170288,-1.4861781597137451,0.2053891271352768,0.2262356430292129,0.0003,42.57114028930664
4,230,92000,-0.002556334407613,38.26636043548584,0.2384587000310421,0.0052744424901902,0.0372749999398365,0.76446533203125,0.2143920212984085,-0.0154366986826062,6.323637962341309,-36.378639221191406,34.81852340698242,19.702163696289062,13.029854774475098,0.6014692144702323,7.741266140229313,0.0827628672122955,0.7469969987869263,0.0,0.0,-1.594035506248474,-1.4886385202407837,0.2031043469905853,0.2256796956062317,0.0003,19.476337432861328
4,240,96000,-0.00228747482309,127.87849639892578,0.2524499933421611,0.003463237080723,0.0235499999532476,0.4628533720970154,0.2126424014568328,0.5788391828536987,11.374090194702148,-38.657371520996094,141.69505310058594,20.719947814941406,15.519231796264648,0.5830572800780341,12.764999042953551,0.1096470728516578,0.9150825142860411,0.0,0.0,-1.6032856702804563,-1.495883584022522,0.2012342363595962,0.2240505367517471,0.0003,36.87068176269531
4,250,100000,-0.0023001182692685,87.04451766967773,0.2644078168272972,0.0037525370717048,0.0233249998791143,0.5096035599708557,0.2118943631649017,0.2586323916912079,9.522238731384276,-50.46109008789063,44.242950439453125,18.842941284179688,13.597699165344238,0.6374082905636808,10.44562847571944,0.0805596113204956,1.1678929328918457,0.000125,0.0005,-1.6088926792144775,-1.4975403547286987,0.20010906457901,0.2236796617507934,0.0003,53.201904296875
4,260,104000,-0.0013821184483575,97.34148765563964,0.2705913633108139,0.0031433454714715,0.0204250001301988,0.528954267501831,0.2114828824996948,0.4827176630496979,9.959168434143066,-70.597900390625,93.56505584716795,19.22828483581543,14.510805130004885,0.6672537728398953,9.544297641702322,0.0626742169260978,1.182751178741455,0.0,0.0,-1.618453025817871,-1.492719054222107,0.1982050836086273,0.2247606962919235,0.0003,43.59772109985352
4,270,108000,-0.0025630166726885,159.80938385009765,0.2763398304581642,0.0066328407265245,0.0347000000067055,0.3816344141960144,0.2107817679643631,-2.186948299407959,12.769702911376951,-76.36454772949219,73.83101654052734,16.219444274902344,16.238956451416016,0.7331046048980058,16.539479132133184,0.0923788547515869,0.7467577457427979,0.00025,0.00075,-1.6241989135742188,-1.493906021118164,0.1970694661140442,0.2244940549135208,0.0003,64.76302337646484
4,280,112000,-0.0017523936462552,47.09738018035889,0.28667111068964,0.0040703755803406,0.0227499999664723,0.7193601131439209,0.2096358835697174,-0.6519201397895813,6.9156813621521,-47.50123977661133,23.430044174194336,17.899333953857422,13.0545015335083,0.6419748354050264,6.455897796704916,0.0882725194096565,0.827472448348999,0.0,0.0,-1.6297663450241089,-1.4992552995681765,0.1959753483533859,0.2232963889837265,0.0003,19.999162673950195
4,290,116000,-0.000572426281264,44.95371587753296,0.287535112798214,0.0029706638306379,0.007799999974668,0.7159448862075806,0.2101729810237884,-0.2507928013801574,7.022067070007324,-31.32954406738281,46.411746978759766,17.98935317993164,13.175395965576172,0.5896344333564983,11.277987507570288,0.0931354165077209,1.0544781684875488,0.0,0.0,-1.6304986476898191,-1.49381685256958,0.1958318948745727,0.2245140820741653,0.0003,18.443830490112305
4,300,120000,-0.0023152152980808,145.3791217803955,0.2867994940280914,0.0041910470463335,0.0212750000646337,0.4237241744995117,0.2097800225019455,1.0884830951690674,12.496293067932127,-78.69873046875,61.96391296386719,17.753768920898438,16.46137046813965,0.6779375399798727,20.790632012716696,0.0808320194482803,1.3794742822647097,0.0,0.0,-1.6256757974624634,-1.5015642642974854,0.1967786401510238,0.2227814048528671,0.0003,65.67314910888672
4,310,124000,-0.0016338946840944,161.30211639404297,0.2900424218177795,0.0031321509741246,0.0150500000221654,0.4136465191841125,0.2096574008464813,-0.4210392534732818,12.8854398727417,-79.17129516601562,55.69701766967773,18.878522872924805,16.827495574951172,0.6014797836536325,14.848268404990677,0.0924262180924415,1.331110954284668,0.0,0.00025,-1.6259628534317017,-1.5024118423461914,0.1967221796512603,0.2225926369428634,0.0003,87.28495025634766
4,320,128000,-0.0001342686254825,24.61335748672485,0.2866984978318214,0.001677663414739,0.0086749999411404,0.8016032576560974,0.2109459042549133,-0.7204772233963013,4.9889445304870605,-30.295135498046875,21.50397109985352,17.787511825561523,11.200602531433104,0.5779823252432261,6.203778821155112,0.0952314585447311,0.5846635699272156,0.0,0.0,-1.6244946718215942,-1.4921855926513672,0.1970112174749374,0.2248806357383728,0.0003,12.68348217010498
4,330,132000,-0.0032246733240725,126.97524307250976,0.2835806801915169,0.0047994595952332,0.0268000000575557,0.4597883224487304,0.2097565233707428,-0.890849769115448,11.303458213806152,-64.0589370727539,46.301719665527344,18.130250930786133,15.37904453277588,0.6381441039656741,13.279840481314672,0.083001047372818,0.5791662931442261,0.0,0.0,-1.633483648300171,-1.4949276447296145,0.1952482163906097,0.2242648303508758,0.0003,49.10898971557617
4,340,136000,-0.0029725667595295,108.99068000793456,0.2930575519800186,0.0054296441376209,0.0322750002285465,0.5499531030654907,0.2093935012817382,-0.6078404784202576,10.51553726196289,-75.23052978515625,56.35480499267578,15.883295059204102,15.67482089996338,0.6329789549175975,13.247582177972246,0.0769451782107353,0.8284750580787659,0.0,0.0,-1.639079213142395,-1.493308424949646,0.1941587179899215,0.2246282547712326,0.0003,58.50763702392578
4,350,140000,-0.0016645750892399,177.06030853271486,0.2987359964847564,0.0017648602370172,0.0131249998975545,0.3906184434890747,0.2084555029869079,0.4381409585475921,13.387845039367676,-89.34014892578125,144.2081298828125,16.922761917114258,17.150074005126953,0.7259592830332706,13.013493097240682,0.0629885420203208,1.0836584568023682,0.0,0.0,-1.6422829627990725,-1.4989107847213743,0.1935376971960067,0.2233733087778091,0.0003,66.84483337402344
4,360,144000,-0.0014230520680139,52.511357116699216,0.311295213997364,0.0041218535043299,0.0154999999189749,0.7076086401939392,0.206715315580368,-0.0917680785059928,7.327199459075928,-38.23124694824219,33.96556854248047,17.369239807128906,13.550514221191406,0.5560367102482273,9.856116048127602,0.1087526157498359,0.6239119172096252,0.0,0.00025,-1.6535736322402954,-1.5047814846038818,0.1913648098707199,0.2220658212900161,0.0003,24.8905086517334
4,370,148000,-0.0043299292954077,48.33672004699707,0.3290332159399986,0.0063927792944014,0.0536250001378357,0.6820468902587891,0.2048017680644989,1.7668601274490356,7.056232929229736,-36.34422302246094,42.36334228515625,18.20974922180176,12.513861656188965,0.5986332086853536,12.587565204137666,0.1284653842449188,0.7427327632904053,0.0,0.0,-1.6722551584243774,-1.506066918373108,0.1878230273723602,0.2217805385589599,0.0003,25.236085891723636
4,380,152000,-0.0005531086600658,101.02938594818116,0.3490223294496536,0.0056680990383028,0.0196250000270083,0.5636605620384216,0.2031437456607818,0.7316206097602844,10.270224571228027,-122.01473236083984,47.48180770874024,18.626609802246094,15.54775619506836,0.8080869812292923,12.58829259647862,0.1071182489395141,1.1658591032028198,0.0,0.0,-1.6798175573349,-1.5146756172180176,0.18640798330307,0.2198794931173324,0.0003,39.35755157470703
4,390,156000,-0.0021806482417588,64.37623321533204,0.3618465828895569,0.0022064906079322,0.0166249999590218,0.6812137365341187,0.2020802199840545,-1.0939812660217283,8.130528450012207,-44.62638854980469,31.55496597290039,17.924211502075195,14.400214195251465,0.5825829347446334,11.981877746615128,0.0782503262162208,0.5932173728942871,0.0,0.0,-1.6884111166000366,-1.517098069190979,0.1848129332065582,0.2193474918603897,0.0003,30.01759910583496
4,400,160000,-0.002278144352039,38.34024124145508,0.3679403507709503,0.0028939396142959,0.016749999942258,0.7887625694274902,0.2017560005187988,0.0013641967670992,6.281434059143066,-37.87656784057617,43.59629821777344,17.5601749420166,13.66700553894043,0.6120210232674446,7.394205108162367,0.1242909654974937,0.6316913962364197,0.0,0.0,-1.6839357614517212,-1.523856282234192,0.1856418997049331,0.2178700864315033,0.0003,20.67422866821289
4,410,164000,-0.0007634809466981,101.91718154907228,0.3699177733063697,0.0021219034679234,0.0103499999735504,0.544058620929718,0.201388269662857,-2.162576198577881,10.246262550354004,-85.96607971191406,52.77544784545898,15.540359497070312,15.174381256103516,0.5723506001083518,18.58836256386988,0.0544561110436916,0.7252934575080872,0.0,0.00025,-1.6779236793518066,-1.5324065685272217,0.1867613345384597,0.2160152047872543,0.0003,49.64910507202149
4,420,168000,-0.001387045006124,48.70198806762696,0.3834547525644302,0.0043985792435705,0.0203249998576939,0.7334372997283936,0.1992597132921219,0.5459665060043335,7.022409439086914,-42.997314453125,45.32438278198242,16.0142879486084,13.601490020751951,0.6230530296924212,8.64056894817554,0.1055499762296676,0.6596798300743103,0.0,0.0,-1.687502384185791,-1.5439382791519165,0.1849809437990188,0.2135384678840637,0.0003,17.883264541625977
4,430,172000,-0.002465697754611,53.23402416229248,0.3985873144865036,0.0044800075702369,0.0425249999575316,0.7048763036727905,0.1982026249170303,-0.1177726313471794,7.392618179321289,-38.450958251953125,37.44538879394531,15.88382053375244,13.608061790466309,0.5568739775911129,8.29419614054842,0.0775864347815513,0.8458429574966431,0.0,0.0,-1.69206964969635,-1.5499093532562256,0.1841380149126052,0.212267205119133,0.0003,23.405118942260746
4,440,176000,-0.0021697368534078,67.25957313537597,0.4020516422390938,0.0033595121931284,0.0284500000346452,0.6436605453491211,0.198829174041748,0.9036242961883544,8.281420707702637,-40.385704040527344,51.47566604614258,17.16743278503418,13.873079299926758,0.6608780169401264,10.93221313970738,0.0877212062478065,0.5584957599639893,0.0,0.0,-1.690813064575195,-1.545108199119568,0.1843695491552353,0.2132887989282608,0.0003,33.5769157409668
4,450,180000,-0.0015058597566065,52.3013973236084,0.3934128564596176,0.0039806100539863,0.0269000000506639,0.7117515206336975,0.1997708827257156,-0.3427097797393799,7.363728523254394,-38.38463592529297,44.04864501953125,16.809358596801758,13.715582847595217,0.5964606389127074,9.140944318917342,0.0689302608370781,0.89612877368927,0.0,0.0,-1.687052845954895,-1.5395498275756836,0.1850641369819641,0.2144776433706283,0.0003,23.6622257232666
4,460,184000,-0.0024114478398789,70.2203239440918,0.3926803252100944,0.0049597723409533,0.0372999999811872,0.5721917748451233,0.1986413151025772,1.4101217985153198,8.558321952819824,-37.538761138916016,41.302276611328125,17.777690887451172,13.084708213806152,0.6034072219315463,11.576229199374392,0.0757324695587158,0.9827229380607604,0.0,0.0,-1.6909195184707642,-1.5467791557312012,0.184349924325943,0.2129326909780502,0.0003,36.30070114135742
4,470,188000,-4.174850129056829e-05,58.71787757873536,0.4037472274899483,0.0060262670740485,0.0224750000471249,0.6460917592048645,0.1978821158409118,-0.596705436706543,7.715240955352783,-52.41986846923828,35.791717529296875,17.279212951660156,12.9689302444458,0.7425254465578993,9.42351930530395,0.0948149934411048,0.4888934195041656,0.0,0.00025,-1.6936365365982056,-1.551572322845459,0.1838497221469879,0.211914524435997,0.0003,32.026512145996094
4,480,192000,-0.0004586507947162,164.74428058624267,0.4089468899369239,0.0050133857876062,0.02672499995213,0.3538342714309692,0.1977356970310211,1.2785260677337646,13.064371109008787,-35.85020446777344,179.01406860351562,18.574249267578125,16.252363204956055,0.6698826607515076,19.004722397212888,0.0907410979270935,0.9510061740875244,0.0,0.0,-1.6888301372528076,-1.5571496486663818,0.184735506772995,0.2107359021902084,0.0003,98.23165893554688
4,490,196000,-0.0009188164366456,126.39242805480956,0.4093154475092888,0.0024865004234015,0.0140999999735504,0.4921119809150696,0.1974397599697113,0.4426906108856201,11.349774360656738,-83.10908508300781,60.809532165527344,18.342531204223636,15.92587184906006,0.662022892833547,13.773848549108498,0.0781791135668754,0.7926772832870483,0.0,0.0,-1.688537359237671,-1.5602197647094729,0.1847895979881286,0.2100899070501327,0.0003,52.653202056884766
4,500,200000,-0.0015672533902145,74.75588695526123,0.4156857594847679,0.0051707783713936,0.0275000000093132,0.6045199036598206,0.1961670517921447,0.0004021606582682,8.88282585144043,-40.49894332885742,51.4937629699707,18.96778106689453,14.125012397766112,0.6707560364433911,12.972385391688944,0.0968290939927101,1.0457686185836792,0.0,0.0,-1.6902258396148682,-1.570908546447754,0.1844778507947921,0.2078562378883361,0.0003,41.39768981933594
4,510,204000,-0.0016327355318584,78.66401550292969,0.4245369520783424,0.001730578369461,0.0203750000568106,0.6161571741104126,0.1958994269371032,-0.7160264849662781,8.887690544128418,-61.91911315917969,70.43767547607422,18.235729217529297,14.34538459777832,0.7247525222822297,10.28863455221052,0.0729356631636619,0.5215110778808594,0.0,0.0,-1.6943070888519287,-1.5698693990707395,0.1837264895439148,0.2080723494291305,0.0003,53.56080627441406
4,520,208000,-0.0008323497937211,76.62626136779785,0.4226066207885742,0.0028586513362824,0.0118999999808147,0.5935659408569336,0.1967314779758453,-0.3820826113224029,8.847526550292969,-40.52547836303711,41.57239532470703,18.03802490234375,13.87799835205078,0.5862420889660016,12.276293026684645,0.0783226191997528,0.7035942077636719,0.0,0.00025,-1.689030647277832,-1.5665485858917236,0.1846984773874282,0.2087644636631012,0.0003,43.06005096435547
4,530,212000,-0.0016610135027643,104.61559391021729,0.4123111346364021,0.0043357070535421,0.0267750000767409,0.5682768225669861,0.1976669877767563,-0.1798642575740814,10.340376853942873,-95.70197296142578,42.67803955078125,17.396568298339844,15.737425804138184,0.6094878499626131,14.00226716995816,0.0935484319925308,0.6868395805358887,0.0,0.0,-1.6810792684555054,-1.5646507740020752,0.1861729472875595,0.2091610580682754,0.0003,64.80998992919922
4,540,216000,-0.0031766882605952,55.39726081848144,0.4068020194768905,0.0037831519730389,0.0364499999117106,0.7074737548828125,0.1978563070297241,-0.3231432437896728,7.603654384613037,-50.50196838378906,64.57969665527344,17.996801376342773,14.058531761169434,0.6030324533966628,10.669460760218074,0.0884651243686676,0.7410045266151428,0.0,0.0,-1.6809961795806885,-1.562915921211243,0.1861884146928787,0.2095242291688919,0.0003,33.17213439941406
4,550,220000,-0.001817612379232,73.55131000518799,0.4104355147480965,0.0023018778301775,0.0122999999811872,0.6233299970626831,0.1967240571975708,-1.4176231622695925,8.715463638305664,-62.66936111450195,40.27123260498047,16.698673248291016,14.20070743560791,0.6508594323397042,13.269337124980284,0.0800258964300155,0.8316622376441956,0.0,0.0,-1.688849925994873,-1.566779613494873,0.1847318559885025,0.2087162435054779,0.0003,34.07695388793945
4,560,224000,-0.002658455432785,59.82860485076904,0.4256947541236877,0.0059253983199596,0.0283249999256804,0.6912461519241333,0.195104718208313,0.5744003057479858,7.828279495239258,-45.61109924316406,38.0113525390625,16.693042755126953,14.088349342346191,0.6278186530414535,10.793950855205653,0.1281775385141372,0.6178385019302368,0.0,0.0,-1.695009708404541,-1.5769126415252686,0.183597445487976,0.2066119909286499,0.0003,29.62044715881348
4,570,228000,-0.001282235668032,59.88282119750976,0.4379486986994743,0.0032756882719695,0.0222500000055879,0.689706563949585,0.194253072142601,0.605450451374054,7.843303680419922,-72.60443115234375,40.92174530029297,18.26096534729004,14.080327987670898,0.6351050839771235,10.77333413644092,0.0924749672412872,0.8710913062095642,0.0,0.0,-1.6911908388137815,-1.5886248350143433,0.1842999011278152,0.2042062282562255,0.0003,19.595701217651367
4,580,232000,-0.002323772535608,64.36269859313965,0.4470096412301063,0.0036029603797942,0.0219500001659616,0.6749275326728821,0.1932095885276794,0.7114568948745728,8.20465087890625,-60.84824752807617,63.10194396972656,17.500871658325195,14.390304565429688,0.6239434493283015,12.938450418874368,0.0763402059674263,0.8106974363327026,0.0,0.0,-1.692874312400818,-1.5973646640777588,0.1839899122714996,0.2024292796850204,0.0003,30.57265853881836
4,590,236000,-0.003294341184941,30.018467407226563,0.4550239884853363,0.0067128813825547,0.0519499997841194,0.834429919719696,0.1926967799663543,0.1279107183218002,5.528506278991699,-32.27234649658203,25.72910499572754,18.111473083496094,13.586790084838867,0.5507725617428197,7.023913575764541,0.1174738556146621,0.5757359862327576,0.0,0.0,-1.7037149667739868,-1.5926425457000732,0.1820061206817627,0.2033874243497848,0.0003,17.3812198638916
4,600,240000,-0.00185976055637,140.94037338256837,0.4581464850902557,0.003742104396224,0.0188750000903382,0.5113487243652344,0.1926326751708984,-0.3974423408508301,11.976948738098145,-82.70670318603516,82.95928192138672,17.723756790161133,17.13352394104004,0.6805162330891502,15.610601829048584,0.0860121324658393,0.6658299565315247,0.0,0.0,-1.6982706785202026,-1.5981734991073608,0.182999700307846,0.2022656202316284,0.0003,60.39834213256836
4,610,244000,-0.0018015388133066,111.38481430053712,0.4624790543317795,0.0020148011390119,0.0169499999983236,0.6145886778831482,0.1917206943035125,-1.3808938264846802,10.698349952697754,-91.96214294433594,37.577392578125,15.892043113708496,17.232749938964844,0.6104156518441267,15.67789238967507,0.0720507279038429,0.7787437438964844,0.0,0.0,-1.7005717754364014,-1.6051356792449951,0.1825791001319885,0.2008622884750366,0.0003,47.05774688720703
4,620,248000,-0.0008603434239892,58.815319290161135,0.4701701936125755,0.0051357802003622,0.0211499999975785,0.7176440954208374,0.1912536770105362,-0.1979508996009826,7.943713665008545,-40.14682769775391,33.216434478759766,14.137066841125488,14.949447631835938,0.5821350871059036,12.076562528767443,0.0683319568634033,0.7953709959983826,0.0,0.0,-1.6970733404159546,-1.6130023002624512,0.1832189410924911,0.1992883831262588,0.0003,29.72243881225586
4,630,252000,-0.0016257307407671,166.88429862976074,0.4698210045695304,0.005093393381685,0.0199499999918043,0.4196646809577942,0.1918643414974212,-2.0281875133514404,13.243643760681152,-80.66395568847656,49.742374420166016,14.830957412719728,17.38473129272461,0.6419818872935408,26.318142404502147,0.0970889553427696,1.1318583488464355,0.0,0.0,-1.6907250881195068,-1.6127288341522217,0.1843857765197754,0.1993428915739059,0.0003,95.2844009399414
4,640,256000,-0.0009242814334429,61.16406257629394,0.4609812006354332,0.0022569769062101,0.015099999946542,0.6527488231658936,0.1925153583288192,-0.1871672421693802,8.007745742797852,-59.71070861816406,43.28099060058594,14.896344184875488,13.589029312133787,0.5650921580906342,11.572332998717089,0.0788261070847511,0.7837717533111572,0.0,0.0,-1.683059811592102,-1.6133147478103638,0.1858045756816864,0.1992261260747909,0.0003,27.048791885375977
4,650,260000,-0.0013817436000579,70.03870445251465,0.4553415557742118,0.0027196309529244,0.0189250000193715,0.579759955406189,0.1931516528129577,1.0103483200073242,8.48361587524414,-51.47572326660156,53.42977142333984,15.572429656982422,13.086764335632324,0.6026980936604126,9.417346988916046,0.0816234797239303,0.7201679348945618,0.0,0.0,-1.6901029348373413,-1.6004644632339478,0.1845005303621292,0.2018027603626251,0.0003,39.78353500366211
4,660,264000,-0.0016688431880153,96.29630317687987,0.4621995243430137,0.0032735434360802,0.0204499999806284,0.4782201647758484,0.1907103359699249,-0.6062319278717041,9.899687767028809,-43.17536926269531,76.69486999511719,14.938592910766602,13.704961776733398,0.571567759043901,10.621408043231456,0.0836723297834396,0.7092474102973938,0.0,0.0,-1.7022095918655396,-1.6137453317642212,0.1822803020477295,0.1991403549909591,0.0003,55.01684188842773
4,670,268000,-0.0011173502882688,49.71533414840698,0.4799105480313301,0.0047526182606816,0.0310250000236555,0.5874874591827393,0.190661534667015,0.2676465809345245,7.204137325286865,-39.48714828491211,51.06082534790039,14.97288703918457,11.216655731201172,0.6211363870851531,6.972628232572515,0.0814976096153259,1.023426532745361,0.0,0.0,-1.7015068531036377,-1.6148796081542969,0.1824084371328354,0.1989146023988723,0.0003,19.97049331665039
4,680,272000,-0.0014139403997251,139.82557884216308,0.4783560740947723,0.0036046311724931,0.0215499999187886,0.2918298244476318,0.1905742436647415,0.2394192814826965,12.085593223571776,-74.57954406738281,56.43614196777344,15.855381965637209,14.361478805541992,0.6075395503932733,14.288996503954724,0.0839013084769249,1.3003251552581787,0.0,0.0,-1.7025480270385742,-1.6148030757904053,0.1822186261415481,0.1989298462867736,0.0003,60.50509643554688
4,690,276000,-0.0018422706611921,73.6758755493164,0.4850902467966079,0.0031976378522813,0.024325000019744,0.4962824583053589,0.1892226636409759,-0.9640535712242126,8.665010452270508,-58.76249694824219,31.88574981689453,14.303317070007324,12.20887279510498,0.5530820853685856,8.553170920331969,0.0854934975504875,0.63018399477005,0.0,0.0,-1.710712194442749,-1.620962619781494,0.180737018585205,0.1977082788944244,0.0003,35.87586975097656
4,700,280000,-0.0051181407624346,54.72140644073486,0.5023601508140564,0.0085809156298637,0.0641250000707805,0.5444039702415466,0.187724083662033,0.7943470478057861,7.478622913360596,-38.02396774291992,33.70659637451172,14.66832447052002,11.079793930053713,0.6543428232714976,7.963378086985319,0.0920921117067337,0.6322996616363525,0.0,0.0,-1.7101114988327026,-1.636795997619629,0.180845633149147,0.1946025490760803,0.0003,25.82670021057129
4,710,284000,-0.004619717768655,64.84217979431152,0.5160836631059647,0.0058253379538655,0.0462249999027699,0.4714542627334595,0.1863352358341217,0.093549832701683,8.145452499389648,-54.129791259765625,39.83633041381836,15.275712966918944,11.204021453857422,0.6340623025913853,6.708748765973996,0.1561912596225738,1.2140387296676636,0.0,0.0,-1.7182066440582275,-1.6436004638671875,0.1793875694274902,0.1932828724384308,0.0003,31.92204475402832
4,720,288000,-0.0023958232351025,39.93638025283813,0.532806071639061,0.0043072798289358,0.0372499997261911,0.6030299663543701,0.1849370002746582,-0.0802001282572746,6.4132513999938965,-41.90028381347656,28.3523006439209,14.675655364990234,10.178866386413574,0.6117374263782684,6.021382244927692,0.0851101800799369,1.1305770874023438,0.0,0.0,-1.7212042808532717,-1.6553596258163452,0.1788506209850311,0.1910233348608017,0.0003,16.849105834960938
4,730,292000,-0.0014500275010315,36.678538208007815,0.5481264114379882,0.0046781944110989,0.0260499999066814,0.5766904950141907,0.1828500926494598,0.8740293979644775,6.212658405303955,-30.1724910736084,38.019317626953125,16.336959838867188,9.548792839050291,0.6891753766206318,7.148942238859997,0.1096848472952842,1.220897555351257,0.0,0.0,-1.7313809394836426,-1.6678065061569214,0.1770397424697876,0.188660442829132,0.0003,17.256444931030273
4,740,296000,-0.0017926899567537,115.2334408569336,0.5600456929206848,0.0056228735484182,0.0290750000346452,0.3949466943740845,0.1831026524305343,-1.839201092720032,10.918346405029297,-70.80755615234375,42.106666564941406,14.561705589294434,14.036540031433104,0.6439783634284959,15.98732426773143,0.0727401673793792,0.837990403175354,0.0,0.0,-1.72642183303833,-1.669796347618103,0.1779198944568634,0.1882853806018829,0.0003,44.176246643066406
4,750,300000,-0.0010251907023048,58.12302837371826,0.5646968042850494,0.0035371906124055,0.013575000022538,0.6030148267745972,0.1817528158426284,0.1059271246194839,7.728110313415527,-43.53490447998047,43.69948959350586,14.988661766052246,12.265524864196776,0.6197678184686297,8.946207984070561,0.075719378888607,0.8879384398460388,0.0,0.0,-1.7298641204833984,-1.680949330329895,0.1773084998130798,0.1861971318721771,0.0003,28.318357467651367
4,760,304000,-0.0024512698347651,64.90696460723876,0.5833803063631058,0.0050727846100926,0.0588500002585351,0.504505455493927,0.180004209280014,0.4560645818710327,8.175678253173828,-57.61858367919922,35.5433464050293,16.076520919799805,11.614602088928224,0.6075884777567642,8.641480827225097,0.0899354293942451,1.0140968561172483,0.0,0.0,-1.7420978546142578,-1.6881788969039917,0.1751525700092315,0.1848558485507965,0.0003,38.13228225708008
4,770,308000,-0.0015385615598417,94.63902168273924,0.5931775093078613,0.0027928445488214,0.0172499999776482,0.4899052381515503,0.1799406707286834,-0.980443000793457,9.746533393859863,-51.42676544189453,76.67010498046875,15.427775382995604,13.64660930633545,0.693400362030772,10.798103291951245,0.0706598982214927,0.5024340152740479,0.0,0.0,-1.7321425676345823,-1.6983983516693115,0.1769049614667892,0.1829763501882553,0.0003,41.07606887817383
4,780,312000,-0.0040474212406843,36.830878715515134,0.5953529220819473,0.0054560964927077,0.0452999999467283,0.6703004837036133,0.1793509274721145,0.8889393210411072,6.101933479309082,-56.42266845703125,31.482852935791016,15.983790397644045,10.62694263458252,0.5735049390407858,7.448893719508232,0.1055849716067314,0.6099587082862854,0.0,0.0,-1.739196538925171,-1.69804847240448,0.1756614744663238,0.1830403804779052,0.0003,19.736684799194336
4,790,316000,-0.002274002947488,83.56866661071777,0.6011312633752823,0.0045926738530397,0.0212000001594424,0.4068887829780578,0.1788584738969802,0.1990358233451843,9.269002914428713,-50.01348114013672,42.98604965209961,16.499732971191406,12.0355224609375,0.5793114655159286,10.277843794478956,0.0826179385185241,0.5941393971443176,0.0,0.0,-1.7419307231903076,-1.700812816619873,0.1751818507909774,0.1825350970029831,0.0003,40.18186569213867
4,800,320000,-0.0023399718565138,55.32556571960449,0.6075197434425355,0.003849244909361,0.0402749998960644,0.5257388353347778,0.1782475113868713,-0.1787986308336258,7.495362281799316,-55.23908615112305,40.30915832519531,15.706583976745604,10.883882522583008,0.6951023551231521,7.924816651880224,0.1152491271495819,0.7785221338272095,0.0,0.0,-1.735748052597046,-1.7135396003723145,0.1762683093547821,0.1802267134189605,0.0003,25.64926528930664
4,810,324000,-0.0032818595238583,127.01968376159668,0.608725608587265,0.0042709098197519,0.0219749999325722,0.3743885159492492,0.1790621876716613,-1.4563724994659424,11.610018730163574,-93.66410064697266,43.61188507080078,14.30381202697754,14.678462982177734,0.637735853452901,19.43401041265379,0.0922146067023277,1.4574443101882937,0.0,0.0,-1.7290422916412354,-1.7110824584960938,0.1774542778730392,0.1806701123714447,0.0003,45.63940048217773
4,820,328000,-0.0013404634335216,61.033219718933104,0.6011325192451477,0.0037526476662606,0.0168499999772757,0.5395270586013794,0.1793204247951507,-0.3779745697975158,8.020974159240723,-50.45177459716797,36.21611785888672,13.459487915039062,11.82020664215088,0.6238615830788024,9.803235501760438,0.0638336837291717,1.61512553691864,0.0,0.0,-1.7233436107635498,-1.7138408422470093,0.1784684211015701,0.1801724284887313,0.0003,23.824243545532227
4,830,332000,-0.0012728834798013,92.41126640319824,0.6023271328210831,0.0029620744753628,0.0147750000143423,0.3784636259078979,0.1785021424293518,2.0048422813415527,9.728436470031738,-48.04175567626953,73.68024444580078,16.13892936706543,12.33984661102295,0.6346060971102557,14.977049446661228,0.0610188543796539,0.842651903629303,0.0,0.0,-1.733922839164734,-1.7125012874603271,0.1765903234481811,0.1804139614105224,0.0003,48.88150787353516
4,840,336000,-0.0035687530716837,51.65618968963623,0.6134121000766755,0.0041322447359561,0.0236500000488013,0.5260657072067261,0.1777177900075912,0.1156479492783546,7.491567611694336,-45.65306854248047,36.22117614746094,16.495616912841797,10.882122993469238,0.6503393894304892,10.095941821960588,0.078161634504795,0.9053345918655396,0.0,0.0,-1.7400670051574707,-1.7152043581008911,0.1755086481571197,0.1799269467592239,0.0003,26.961669921875
4,850,340000,-0.0007458851728006,85.8750146484375,0.6167902702093124,0.0025057797320187,0.0242000000365078,0.4129835963249206,0.1779390573501587,0.3984631299972534,9.454957008361816,-58.70508575439453,56.46074676513672,16.606176376342773,12.340547561645508,0.605545158399107,11.06390802664304,0.0738264694809913,0.8649612069129944,0.0,0.0,-1.7376322746276855,-1.7151226997375488,0.1759364753961563,0.1799416244029998,0.0003,39.484657287597656
4,860,344000,-0.0020528952814165,128.25825889587404,0.6176476967334747,0.0053736856207251,0.038350000004284,0.335515022277832,0.1773202568292617,0.1332014501094818,11.406879425048828,-57.39725112915039,60.71374130249024,17.00406265258789,13.993432998657228,0.6358824767975322,10.94438781200332,0.1036031693220138,0.8979342579841614,0.0,0.0,-1.747917890548706,-1.7120002508163452,0.1741361320018768,0.1805043518543243,0.0003,57.6406135559082
4,870,348000,-0.0005422694351822,53.1136946105957,0.6243840688467026,0.0011002321261912,0.0112499999953433,0.5670326948165894,0.176931083202362,0.4662262797355652,7.34752607345581,-26.95085906982422,52.06903076171875,17.94091033935547,11.166411399841309,0.6238382338590567,7.452530724336832,0.0515206754207611,0.6583201885223389,0.0,0.0,-1.7578668594360352,-1.7067756652832031,0.1724122613668441,0.1814498901367187,0.0003,29.615951538085938
4,880,352000,-0.0014297911332081,89.58939239501953,0.6230810755491256,0.0048820804804563,0.016300000003539,0.5422422885894775,0.1777556836605072,-1.8413995504379272,9.700793266296388,-62.03460693359375,40.68428039550781,15.60655117034912,14.338027000427246,0.6362987933677864,18.7193470960024,0.0725118666887283,0.7783498764038086,0.0,0.0,-1.760805368423462,-1.694968581199646,0.171906366944313,0.1836049854755401,0.0003,46.67951583862305
4,890,356000,-0.0012885199487238,95.44502220153808,0.6189473670721054,0.0038246798794716,0.0161499999510124,0.578907310962677,0.1771910637617111,0.9985217452049256,9.842376708984377,-43.11439895629883,71.30363464355469,16.30986213684082,15.167399406433104,0.6819415171248977,13.152932214724924,0.0828217417001724,0.7051813006401062,0.0,0.0,-1.7647773027420044,-1.6974103450775146,0.1712249219417572,0.1831572204828262,0.0003,48.08362579345703
4,900,360000,-0.0022159918043034,83.81471210479737,0.628645835518837,0.0029879615176469,0.0227250000927597,0.6223113536834717,0.1761366128921508,-0.4758858680725097,9.331768035888672,-53.76902770996094,42.49138259887695,16.16021156311035,15.184377670288086,0.6829197649317125,13.627175036628552,0.0919548869132995,1.0702252388000488,0.0,0.0,-1.7738677263259888,-1.7004696130752563,0.1696754544973373,0.1825977563858032,0.0003,43.76814651489258
4,910,364000,-0.0018998566695037,55.49748600006104,0.6324320924282074,0.0043069873936474,0.0354750000406056,0.6982430219650269,0.1771137714385986,0.8030989766120911,7.511430740356445,-41.337059020996094,37.786094665527344,16.658466339111328,13.6739501953125,0.6388139311998647,8.812486098290904,0.0656596943736076,0.8714545369148254,0.0,0.0,-1.7677079439163208,-1.6955206394195557,0.1707238405942917,0.183503657579422,0.0003,33.30450820922852
4,920,368000,-0.0028530021604587,120.3518318939209,0.6238403397798539,0.0047465106472373,0.0347999999392777,0.500178337097168,0.177156388759613,0.8845847249031067,11.054579734802246,-55.54913330078125,68.20549011230469,17.342031478881836,15.63632583618164,0.6803759246015763,13.1847058214608,0.0714188367128372,1.0407694578170776,0.0,0.0,-1.764076590538025,-1.6984448432922363,0.1713449358940124,0.1829678416252136,0.0003,57.89585494995117
4,930,372000,-0.0016393950843928,126.70069969177246,0.6245121961832046,0.0021226408425718,0.0102749999659135,0.5365555286407471,0.177148163318634,-2.522176742553711,11.436357498168944,-60.793941497802734,52.37574768066406,15.240260124206545,16.799211502075195,0.659047709887015,21.867096090024106,0.0703961998224258,1.2425289154052734,0.0,0.00025,-1.7618592977523804,-1.7006158828735352,0.1717252880334854,0.1825710237026214,0.0003,67.22096252441406
4,940,376000,-0.0024757290024601,148.98147979736328,0.6214551544189453,0.0051850704476237,0.0328249999321997,0.5027270317077637,0.1778643131256103,-0.6111852526664734,12.273048400878906,-73.05154418945312,78.58709716796875,14.234542846679688,17.404237747192383,0.6463720631825426,13.382509896883755,0.0796164125204086,0.9463626146316528,0.0,0.0,-1.7589480876922607,-1.695525884628296,0.1722259372472763,0.1835027039051056,0.0003,72.78955841064453
4,950,380000,-0.0022947038118669,202.1975329589844,0.6157177650928497,0.004244452342391,0.0188000000081956,0.2471938729286193,0.1779585629701614,0.878904402256012,14.725725173950195,-55.89210891723633,98.74317932128906,15.723241806030272,16.972082138061523,0.7115992786735329,23.843131864850932,0.0641131326556205,1.2270824909210205,0.0,0.0,-1.7631940841674805,-1.690534591674805,0.1714962273836136,0.1844208836555481,0.0003,85.62935638427734
4,960,384000,-0.0024779985458197,141.24997550964355,0.6129496377706528,0.0052315248176455,0.050250000259839,0.3841903209686279,0.1785117536783218,-0.542746901512146,12.310604095458984,-91.28221130371094,69.58233642578125,15.326515197753906,15.687585830688477,0.7275784590764964,20.647488933420117,0.0543468371033668,1.2566262483596802,0.0,0.0,-1.761183500289917,-1.686415433883667,0.1718413680791854,0.185182124376297,0.0003,67.95319366455078
4,970,388000,-0.0009531010480714,90.68578201293946,0.6125991386175156,0.0038237483240664,0.0204499999713152,0.5310560464859009,0.177778348326683,1.6887471675872805,9.607447624206545,-55.0817756652832,75.50311279296875,16.205942153930664,14.029672622680664,0.6724267291060012,15.1683579828036,0.0633460730314254,0.7360880970954895,0.0,0.0,-1.767655372619629,-1.6883519887924194,0.1707328259944915,0.1848238557577133,0.0003,45.56679916381836
4,980,392000,-0.0020080952308475,88.95711376190185,0.6173769789934158,0.0038089617155492,0.0307749999035149,0.503666877746582,0.1780773401260376,0.6213317513465881,9.561960220336914,-79.09388732910156,65.3354263305664,17.261159896850586,13.572513580322266,0.6445039340147476,10.912925646104153,0.0660804808139801,0.867297351360321,0.0,0.0,-1.7675864696502686,-1.685185194015503,0.1707445979118347,0.1854100972414016,0.0003,43.8257942199707
4,990,396000,-0.0015492470224416,103.34333393096924,0.6122779619693756,0.0052229245193302,0.0306499999668449,0.3594201803207397,0.1785366833209991,2.2934138774871826,10.449466705322266,-37.28388595581055,66.96870422363281,19.5966739654541,13.05592155456543,0.6211934077051522,20.019186265689765,0.1085750386118888,0.8839625716209412,0.0,0.0,-1.762692093849182,-1.684748649597168,0.1715823411941528,0.1854910403490066,0.0003,37.15460968017578
4,1000,400000,-0.0024940679539266,216.7242242431641,0.6067306339740753,0.0041209207847714,0.0292499999469146,0.3032549023628235,0.1790247410535812,-0.5558415651321411,14.853313446044922,-156.2223358154297,89.58171081542969,16.592985153198242,17.794525146484375,0.7796710001046856,22.03081988403675,0.0764545425772667,0.9778305292129515,0.0,0.0,-1.7569153308868408,-1.6848454475402832,0.1725763827562332,0.185473084449768,0.0003,86.31831359863281
4,1010,404000,0.0001950888936834,153.90889099121094,0.6054767841100692,0.00238435016945,0.0116500000609084,0.4764871001243591,0.1785057634115219,-3.284153938293457,12.475838661193848,-74.70038604736328,81.28174591064453,14.401874542236328,17.24273109436035,0.7156382861795302,24.55797327530512,0.0394432842731475,1.0114928483963013,0.0,0.0,-1.7592037916183472,-1.688320875167847,0.1721819043159485,0.1848296076059341,0.0003,81.01273345947266
4,1020,408000,-0.0022644610635092,67.44837776184082,0.6146837943792343,0.0044952970929443,0.0435749996965751,0.6613699793815613,0.1775599122047424,-0.4217758476734161,8.356863021850586,-47.65569686889648,49.12226867675781,13.94851303100586,14.36086368560791,0.7249845893106237,11.031765767503735,0.1173217669129371,1.0947800874710083,0.0,0.0,-1.7696045637130735,-1.6889169216156006,0.1704003512859344,0.1847194880247116,0.0003,40.75015258789063
4,1030,412000,-0.0023392222235201,154.6056671142578,0.6231337249279022,0.0047886543907225,0.0474749998888,0.4316439032554626,0.1771858185529709,-0.0940010994672775,12.57418441772461,-63.96245574951172,77.30180358886719,14.727612495422363,16.678983688354492,0.6215814094772455,14.803517652949692,0.094126395881176,0.7142477631568909,0.0,0.0,-1.7742871046066284,-1.6886579990386963,0.1696043312549591,0.1847673207521438,0.0003,86.82360076904297
4,1040,416000,-0.0025001300419768,74.18398742675781,0.6290182411670685,0.005101263988763,0.0377750000776723,0.6195269823074341,0.1763650923967361,-0.3172396719455719,8.749284744262695,-59.06933975219727,38.36534881591797,13.3503999710083,14.184389114379885,0.7085642293918291,10.443920807494884,0.0839144960045814,1.0426970720291138,0.0,0.0,-1.778140902519226,-1.6940255165100098,0.1689519584178924,0.1837782263755798,0.0003,27.91434669494629
4,1050,420000,-0.0054259926503553,168.15286949157715,0.6315756690502167,0.007211017422378,0.0658249998092651,0.4504368305206299,0.1769084334373474,-0.942262589931488,13.030643463134766,-99.84724426269533,79.2498779296875,13.201180458068848,17.577497482299805,0.7272474274621669,15.580563424850183,0.1105848848819732,0.6909924149513245,0.0,0.0,-1.7763596773147583,-1.6897605657577517,0.1692531555891037,0.1845637112855911,0.0003,84.34486389160156
4,1060,424000,-0.0030841144323716,92.09329536437988,0.632366378903389,0.0021512557286769,0.0250750001007691,0.4189578890800476,0.1758679151535034,1.8234169483184812,9.878104209899902,-44.76485824584961,71.50102233886719,14.57863712310791,12.958950996398926,0.6685520759849695,15.990808250818816,0.0613959394395351,1.070337414741516,0.0,0.0,-1.7851110696792605,-1.693050980567932,0.1677784174680709,0.1839574128389358,0.0003,49.398868560791016
4,1070,428000,-0.0018297244220939,178.81714179992676,0.6418480604887009,0.0055832457728683,0.0266000000294297,0.2504903078079223,0.1755995750427246,-0.6394801735877991,13.695882797241213,-99.83965301513672,154.37423706054688,13.575310707092283,15.819815635681152,0.6831707382838453,18.86785762277909,0.0757908150553703,0.9987493753433228,0.0,0.0,-1.7843163013458252,-1.6967002153396606,0.1679118275642395,0.1832873225212097,0.0003,69.89443969726562
4,1080,432000,-0.0026183042214572,76.3122819519043,0.6415676653385163,0.0034828789066523,0.0365750000020489,0.5010741353034973,0.1759229004383087,-0.2100030481815338,8.846135139465332,-71.82542419433594,54.03816223144531,13.625710487365724,12.523783683776855,0.6817490524227992,8.776518643735855,0.0651201531291008,1.0346877574920654,0.0,0.0,-1.7797422409057615,-1.697372317314148,0.1686816215515136,0.1831641644239425,0.0003,39.59935760498047
4,1090,436000,-0.0012807515182095,85.43176776885986,0.6418297296762466,0.004786214325577,0.0421999998250976,0.5070141553878784,0.1753268837928772,-0.294201135635376,9.616515159606934,-69.80164337158203,52.094482421875,13.558748245239258,13.696213722229004,0.7393023523766891,12.216155214759196,0.0615543536841869,1.3678278923034668,0.0,0.0,-1.7895121574401855,-1.6949297189712524,0.1670416444540023,0.1836121380329132,0.0003,50.649112701416016
4,1100,440000,-0.0020262636883024,93.43990829467774,0.6488384431600571,0.0025497840251773,0.0188249998865649,0.3821134567260742,0.1749039739370346,2.106578826904297,10.199193954467772,-33.816036224365234,91.1538314819336,12.378206253051758,12.975123405456545,0.8311734023649434,22.276156064502302,0.0443349815905094,1.2419850826263428,0.0,0.0,-1.7916887998580933,-1.697561740875244,0.1666784435510635,0.1831294745206833,0.0003,37.26559066772461
4,1110,444000,-0.0030630349331375,143.58675422668458,0.6544748347997665,0.0042671682313084,0.0308749999012798,0.3110210299491882,0.1743268966674804,0.445652961730957,12.273111343383787,-63.73896026611328,65.74948120117188,15.402016639709473,14.786033630371094,0.7501558852828357,16.538919787588338,0.0839107260107994,1.0299776792526243,0.0,0.0,-1.7956269979476929,-1.7002904415130615,0.1660233289003372,0.1826304644346237,0.0003,62.096492767333984
4,1120,448000,-0.0020842032121814,121.845669631958,0.660320565700531,0.0044282684102654,0.0264999998919665,0.4622878432273865,0.1740642488002777,0.0536130368709564,11.290104866027832,-71.47001647949219,63.82957458496094,14.65738296508789,15.396536827087402,0.7180932529491464,15.217435694854125,0.0800559371709823,0.9293427467346193,0.0,0.0,-1.797531008720398,-1.701438069343567,0.165707528591156,0.1824209839105606,0.0003,59.49300384521485
4,1130,452000,-0.002102330097157,140.11422874450685,0.6603679668903351,0.0048991977237164,0.0272250000713393,0.2840109467506408,0.1741050779819488,0.1789959520101547,12.215997695922852,-71.49702453613281,89.28528594970703,15.5353364944458,14.436959266662598,0.7369864986510261,18.99071805990429,0.0541769862174987,1.5373283624649048,0.0,0.0,-1.7996827363967896,-1.6990410089492798,0.1653513461351394,0.182858794927597,0.0003,68.60846710205078
4,1140,456000,-0.0002581593746808,189.15752632141115,0.6584070217609406,0.0029550220351666,0.0089499999163672,0.2176990509033203,0.1744678914546966,0.1350363194942474,13.82569694519043,-79.67965698242188,94.8140640258789,16.422332763671875,15.63148021697998,0.67754102778469,13.7749385023251,0.074393130838871,1.211801052093506,0.0,0.0,-1.7937517166137695,-1.70045268535614,0.1663349568843841,0.1826008260250091,0.0003,83.68409729003906
4,1150,460000,-0.0016629625293899,167.15149612426757,0.6572933375835419,0.0035988488234579,0.0283499998226761,0.2976429462432861,0.1743124425411224,1.473682165145874,12.966703414916992,-55.9570426940918,89.65530395507812,16.972835540771484,15.47214698791504,0.7238475110035232,16.042719525943493,0.0694160163402557,0.7869501113891602,0.0,0.0,-1.796634554862976,-1.6995335817337036,0.165856122970581,0.1827687323093414,0.0003,77.218505859375
4,1160,464000,-0.0014567589791113,169.32106155395508,0.6605069810152053,0.004478333517909,0.0305249998578801,0.3964316248893738,0.1737805753946304,-1.834657073020935,13.166674613952637,-104.1555404663086,44.87480545043945,13.128905296325684,16.94778060913086,0.8626582613813227,19.366489692472783,0.0625431612133979,1.0319695472717283,0.0,0.0,-1.8009512424468994,-1.7014466524124146,0.1651417165994644,0.1824194341897964,0.0003,76.23579406738281
4,1170,468000,-0.0022776641970966,72.38191017150879,0.6768563604354858,0.0052681537345051,0.0278000000864267,0.5436434149742126,0.1712498813867569,1.5443034172058103,8.585412979125977,-63.86890411376953,94.47352600097656,16.606124877929688,12.70893096923828,0.6866585995655311,12.403949116098708,0.0492883510887622,0.7282607555389404,0.0,0.0,-1.8181827068328855,-1.7138028144836426,0.162320464849472,0.1801792830228805,0.0003,32.619258880615234
4,1180,472000,-0.0002374260062031,116.00182250976565,0.6896448862552643,0.0054245879873633,0.0254499999713152,0.3331790566444397,0.1722641885280609,-0.2802883386611938,10.890353202819824,-86.361083984375,47.7034912109375,16.842880249023438,13.3363618850708,0.6627140832838524,10.671795139074575,0.0827617719769477,0.868553876876831,0.0,0.0,-1.8109532594680784,-1.7090916633605957,0.1634982079267501,0.1810301393270492,0.0003,58.497554779052734
4,1190,476000,-0.0011344791554416,111.4781031036377,0.6869895905256271,0.0061303069815039,0.024125000135973,0.3734088540077209,0.1711218357086181,1.7272950410842896,10.606512069702148,-55.13707733154297,93.07988739013672,17.364124298095703,13.399250030517578,0.7332422837926998,12.501795700464138,0.07523725181818,0.6446986794471741,0.0,0.0,-1.820027232170105,-1.7135640382766724,0.1620213389396667,0.1802223175764084,0.0003,57.647727966308594
4,1200,480000,-0.0028480829937325,117.79950874328614,0.7034849035739899,0.006216213107109,0.0538999998709186,0.3472874164581299,0.169800728559494,1.171026587486267,10.901123046875,-59.86840438842773,62.36551284790039,19.17436408996582,13.493053436279297,0.7181752179609342,10.609915534391613,0.0615223199129104,0.8400532007217407,0.0,0.0,-1.825300216674805,-1.7235465049743652,0.1611692458391189,0.1784321963787078,0.0003,63.02314758300781
4,1210,484000,-0.0019176219981673,106.61689903259276,0.7144756096601487,0.0050439024344086,0.0318750000884756,0.4655067920684814,0.1691430062055587,-1.3524255752563477,10.519352912902832,-51.680946350097656,55.44676208496094,18.215410232543945,14.388579368591309,0.707327879107822,12.738891612526997,0.1000225320458412,1.2324188947677612,0.0,0.0,-1.828708291053772,-1.7278549671173096,0.1606209129095077,0.1776650846004486,0.0003,67.33470153808594
4,1220,488000,-0.0011132560304637,226.70769973754884,0.723831269145012,0.0026239589788019,0.0192000000365078,0.2511413097381592,0.1681790947914123,-0.3221542835235595,15.118290901184082,-103.00828552246094,76.21221923828125,19.57223129272461,17.470396041870117,0.8028253781679722,16.20205912704346,0.0940822213888168,1.127596735954285,0.0,0.0,-1.8402541875839236,-1.728327751159668,0.1587770581245422,0.1775811165571212,0.0003,115.48191833496094
4,1230,492000,-0.0012220880850538,190.3856785583496,0.7252044725418091,0.0023179913405328,0.0107499999506399,0.3403434753417969,0.1693708896636963,1.3595068454742432,13.940319061279297,-62.93632507324219,79.56999969482422,21.077831268310547,17.1638126373291,0.7494788071276552,20.561183623519824,0.0583194606006145,1.2700084447860718,0.0,0.0,-1.838699221611023,-1.716368317604065,0.1590241491794586,0.1797176301479339,0.0003,97.21660614013672
4,1240,496000,-0.000346651122531,261.4990979003906,0.7186668586730957,0.001152943004854,0.0020999999716877,0.3620885014533996,0.1690012216567993,-1.0572487115859983,16.447547912597656,-111.38274383544922,108.7887725830078,20.56700897216797,20.593063354492188,0.6767182603106393,30.69621934009556,0.0393186174333095,1.5491595268249512,0.0,0.0,-1.8399038314819336,-1.7194215059280396,0.15883269906044,0.1791697591543197,0.0003,116.3117904663086
4,1250,500000,-0.0016872377045932,127.89951820373535,0.7228514504432678,0.0043082921765744,0.0272749998560175,0.5634389519691467,0.168866828083992,0.379519909620285,11.343283653259276,-59.89583969116211,64.30902862548828,17.780500411987305,17.167865753173828,0.7435042751283695,17.489946952966275,0.0853893086314201,0.5843764543533325,0.0,0.0,-1.8405307531356807,-1.7203667163848877,0.1587331593036651,0.1790004968643188,0.0003,75.37117004394531
4,1260,504000,-0.0020621103701865,151.15965423583984,0.7287217217683792,0.0033017750829458,0.0295249999919906,0.5463815927505493,0.1676420271396637,0.7424182295799255,12.384920120239258,-89.12680053710938,98.49791717529295,19.6087703704834,18.388566970825195,0.727218793993881,21.32936477279998,0.0673670321702957,1.0936806201934814,0.0,0.0,-1.84296977519989,-1.7319581508636477,0.1583464741706848,0.1769375801086425,0.0003,75.21662902832031
4,1270,508000,-0.0021205230170322,277.1732305908203,0.7370562946796417,0.0041935881599783,0.0254749999567866,0.3900461196899414,0.1677040606737136,-4.063561916351318,16.757062911987305,-129.3625946044922,122.62571716308594,16.780410766601562,21.456029891967773,0.7125768160010214,51.14779290269592,0.05652442201972,1.0099326372146606,0.000125,0.00025,-1.8404929637908936,-1.7334774732589722,0.1587391495704651,0.1766689866781234,0.0003,139.7572021484375
4,1280,512000,-0.0019360330108902,91.06060478210448,0.7349649167060852,0.0057113762013614,0.0365500001097097,0.5441360473632812,0.1678017824888229,-0.0185074154287576,9.872373580932615,-48.28809356689453,64.86715698242188,15.667640686035156,14.621905326843262,0.6879144488103333,16.914198191215245,0.0934345945715904,1.086927890777588,0.0,0.0,-1.8399044275283811,-1.7329003810882568,0.1588326096534729,0.1767709553241729,0.0003,36.93769836425781
4,1290,516000,-0.0014035392624457,258.2423751831055,0.7401091587543488,0.0043854285031557,0.0246250001899898,0.3991208672523498,0.1667428761720657,-0.954492211341858,16.291915893554688,-110.18231964111328,79.91129302978516,15.671415328979492,21.017379760742188,0.7240743117411003,27.22280533463351,0.0702010691165924,1.01947820186615,0.0,0.0,-1.8486714363098145,-1.7370465993881226,0.1574462056159973,0.1760395467281341,0.0003,139.11195373535156
4,1300,520000,-0.0017602683066208,180.56967208862304,0.7518020021915436,0.003104152623564,0.0370249999547377,0.4528594017028808,0.1661565005779266,0.3216539323329925,13.487589836120604,-84.22605895996094,75.11482238769531,15.3655424118042,18.23412322998047,0.7849055919478417,17.70098086184612,0.0724583566188812,0.4944240152835846,0.0,0.0,-1.8543184995651243,-1.7386733293533323,0.1565596014261245,0.1757534146308899,0.0003,98.84033203125
4,1310,524000,-0.0019800469607398,266.03797943115234,0.756868754029274,0.0040856120176613,0.0223250000597909,0.4019690752029419,0.1658484041690826,-2.1563167572021484,16.45301055908203,-127.40547943115234,98.40313720703124,12.98789405822754,21.27568244934082,0.7215757212604895,27.458671642259738,0.0445494204759597,1.1176304817199707,0.0,0.0,-1.854477405548096,-1.7420434951782229,0.156534731388092,0.1751621067523956,0.0003,128.20700073242188
4,1320,528000,-0.0007422755587715,307.32909286499023,0.7589871174097061,0.003435946535319,0.0153249999135732,0.3659884333610534,0.1656393408775329,-1.5811101198196411,17.60844612121582,-108.45452880859376,94.69587707519533,12.08078956604004,22.114261627197266,0.7552362007093248,31.69179863245656,0.0806005671620369,0.7124518156051636,0.0,0.0,-1.860437512397766,-1.7391245365142822,0.1556045413017273,0.1756741404533386,0.0003,132.9084014892578
4,1330,532000,-0.0014219361748037,301.6695295715332,0.7636098074913025,0.0033372964244335,0.0122999999672174,0.1608716249465942,0.1652575731277465,1.3628618717193604,17.92129135131836,-81.82472229003906,124.98910522460938,13.36493968963623,19.563884735107425,0.7509653555925999,27.21897934000881,0.0489875636994838,1.831926107406616,0.0,0.0,-1.86594033241272,-1.738610029220581,0.1547506302595138,0.1757645457983017,0.0003,113.3477020263672
4,1340,536000,-0.0003466057247482,243.49881332397464,0.7652547854185104,0.0018679205095395,0.015349999978207,0.2486646771430969,0.1656859517097473,-1.468654990196228,15.64040756225586,-100.50826263427734,75.7035903930664,11.388646125793455,18.043930053710938,0.7876545154902814,17.945446698813512,0.0468551479279994,0.5866793990135193,0.0,0.0,-1.8657978773117063,-1.7338722944259644,0.1547726690769195,0.176599234342575,0.0003,105.93692779541016
4,1350,540000,0.0001705403646854,180.60191864013672,0.7672191196680069,0.0037516802549362,0.0141999999945983,0.2784036993980407,0.164655715227127,1.1934345960617063,13.504361152648926,-72.30657958984375,79.79473114013672,13.193703651428224,15.89742946624756,0.7369428475195412,12.69727915471814,0.0630789771676063,0.8007029891014099,0.0,0.0,-1.8737951517105105,-1.738569974899292,0.1535398513078689,0.1757715791463852,0.0003,79.19501495361328
4,1360,544000,-0.0010388606023923,279.6469192504883,0.7770658266544342,0.0028612355235964,0.0244500000355765,0.0604786276817321,0.1640616953372955,2.0197620391845703,17.05983543395996,-84.27959442138672,102.6751480102539,14.847840309143066,17.600357055664062,0.7361085568749391,22.525334136748107,0.0670331418514251,1.1039385795593262,0.0,0.0,-1.8795593976974487,-1.740309715270996,0.1526573598384857,0.1754660457372665,0.0003,147.495361328125
4,1370,548000,-0.0026427975519909,179.7340131378174,0.7810393857955933,0.0053108539432287,0.058699999935925,0.2252687811851501,0.164118230342865,-0.999604105949402,13.52377700805664,-72.0916519165039,72.24296569824219,13.946359634399414,15.364643096923828,0.7017954447530201,12.154954628454838,0.0751935094594955,0.8141331076622009,0.0,0.0,-1.8774993419647217,-1.741460204124451,0.1529721617698669,0.1752642840147018,0.0003,86.53411865234375
4,1380,552000,-0.0018130509179678,151.35957885742187,0.7877381747961044,0.0031350725330412,0.0329750000918284,0.2235056161880493,0.1626120209693908,-0.1889968812465667,12.408808708190918,-80.08037567138672,86.49504852294922,14.154781341552734,14.081889152526855,0.7289463658316032,11.090421917239258,0.0654316619038581,0.8420155048370361,0.0,0.0,-1.8743993043899536,-1.7615585327148438,0.1534471213817596,0.1717769354581833,0.0003,75.4566421508789
4,1390,556000,-0.0027174470533587,110.4371152114868,0.8007432413101196,0.0060188127681612,0.0722999997856095,0.2770836353302002,0.1621670126914978,-0.0120436400175094,10.595952987670898,-57.57994079589844,101.72444152832033,14.055493354797363,12.462236404418944,0.770248407788919,8.572229906179704,0.1072500273585319,1.016390681266785,0.0,0.0,-1.8856040239334104,-1.7567980289459229,0.1517373621463775,0.1725966334342956,0.0003,62.28474426269531
4,1400,560000,-0.0008892762793169,119.9818019104004,0.8065551501512528,0.0038667873013764,0.0293250000663101,0.2946038842201233,0.1615092158317566,-1.1073908805847168,11.042241096496582,-68.31200408935547,61.90755462646485,12.78168773651123,13.147424697875977,0.7489277837555839,11.071437371082206,0.0721556991338729,0.7073718905448914,0.0,0.0,-1.886762619018555,-1.763424277305603,0.1515616774559021,0.171456754207611,0.0003,44.54688262939453
4,1410,564000,-0.0012061658688617,136.42314613342285,0.8167363399267197,0.0052626323886215,0.0251749998936429,0.2913585305213928,0.1607820391654968,2.2342591285705566,11.675215721130373,-71.43492126464844,85.03848266601562,15.18274974822998,13.869206428527832,0.7551906243489676,15.703276252478815,0.0706597715616226,0.8037447333335876,0.0,0.0,-1.8937841653823853,-1.7657240629196167,0.1505012065172195,0.1710628718137741,0.0003,72.46797180175781
4,1420,568000,-0.0008196280404506,218.9979441833496,0.8247961986064911,0.003800590056926,0.0285750001203268,0.1599465012550354,0.1602274477481842,1.1264454126358032,14.837809562683104,-98.9634780883789,96.76821899414062,16.074405670166016,16.188861846923828,0.7380594751844977,14.999402616456289,0.0494920499622821,0.5207733511924744,0.0,0.0,-1.8971227407455444,-1.7692821025848389,0.149999588727951,0.1704553216695785,0.0003,96.61497497558594
4,1430,572000,-0.0008131723159744,96.1578214263916,0.835360808968544,0.0036348234862089,0.0329750001570209,0.3764217495918274,0.159055083990097,0.4219594001770019,9.90765380859375,-61.455848693847656,37.40680694580078,16.611003875732422,12.546579360961914,0.7239199682150453,9.624265939227485,0.0794941410422325,0.8965116143226624,0.0,0.0,-1.90371835231781,-1.777284860610962,0.1490135043859481,0.1690966486930847,0.0003,47.42797088623047
4,1440,576000,-0.0023866429057627,153.37637649536134,0.843105030655861,0.0057940604165196,0.0380750000663101,0.2752459645271301,0.1589601337909698,-0.2598665654659271,12.548055648803713,-79.45043182373047,58.64955139160156,16.672719955444336,14.739444732666016,0.7285332730725481,15.323814021554096,0.077293537557125,0.8320131301879883,0.0,0.0,-1.902124285697937,-1.7798168659210205,0.1492512226104736,0.168669044971466,0.0003,81.32823181152344
4,1450,580000,-0.0004636120111099,222.36620193481448,0.8478732669353485,0.004803036339581,0.0214500000234693,0.2530891299247741,0.1582832485437393,-0.7438193559646606,15.026968955993652,-87.7771987915039,56.40322113037109,16.18405532836914,17.387495040893555,0.7080740663878189,20.902996630750955,0.0539521425962448,0.6624489426612854,0.0,0.0,-1.9081615209579468,-1.7825205326080322,0.1483528763055801,0.1682136207818985,0.0003,113.35887145996094
4,1460,584000,-0.0007797398074559,115.41055122375488,0.8528210884332657,0.0043866806663572,0.0272500001220032,0.475555956363678,0.1584205776453018,1.0651814937591553,10.833491325378418,-53.14583206176758,77.34475708007812,17.129535675048828,14.95956039428711,0.7626325701096072,12.527990599697544,0.0855646431446075,0.8859029412269592,0.0,0.0,-1.9146591424942017,-1.775202751159668,0.147392064332962,0.1694490909576416,0.0003,66.44673919677734
4,1470,588000,-0.0013873350064601,144.33067817687987,0.856531195640564,0.0030291459988802,0.0153750000102445,0.4767835140228271,0.1575293838977813,-1.3286312818527222,12.20493507385254,-78.95278930664062,58.88614654541016,15.720134735107422,16.87309455871582,0.6516180822170538,18.78370491281618,0.0366076678037643,0.8141283392906189,0.0,0.0,-1.9214088916778564,-1.7798811197280884,0.1464005559682846,0.1686581969261169,0.0003,59.61446380615234
4,1480,592000,-0.0012849563509392,112.58336898803712,0.8632857251167297,0.0044978177174925,0.037599999923259,0.4744191169738769,0.157487004995346,0.0348066389560699,10.815000534057615,-72.76776123046875,62.9678955078125,15.724127769470217,14.91786766052246,0.715968584806188,12.075983131081134,0.0610811337828636,1.1478379964828491,0.0,0.0,-1.9242103099823,-1.7779569625854492,0.1459910124540329,0.1689830422401428,0.0003,41.455711364746094
4,1490,596000,-0.0010216946001963,196.6388128662109,0.8687100338935853,0.0031354892998933,0.0259000002080574,0.3549355864524841,0.1567726135253906,0.4544201195240021,14.063796997070312,-91.16761779785156,94.09241485595705,15.422961235046388,17.510601043701172,0.7194008403905877,12.797488808910057,0.0620071329176425,0.5654129981994629,0.0,0.0,-1.9266936779022217,-1.7842894792556765,0.1456289142370224,0.16791632771492,0.0003,84.23074340820312
4,1500,600000,-0.0014880766893069,164.3677368927002,0.876995587348938,0.0043010665103793,0.0233000001171603,0.3832000494003296,0.1560716778039932,-2.756067514419556,12.908960342407228,-73.81554412841797,79.14724731445312,13.35777473449707,16.436870574951172,0.6527190118664482,24.3018210215591,0.0673927664756774,0.6906298398971558,0.0,0.0,-1.9317388534545896,-1.7882815599441528,0.1448960304260254,0.1672473400831222,0.0003,76.31318664550781
4,1510,604000,-0.0012477939231001,123.62632797241211,0.8845088934898376,0.0047673769295215,0.036250000144355,0.4245995283126831,0.1557307541370391,2.386560440063477,11.229382514953612,-50.90935516357422,79.84087371826172,16.048295974731445,14.803716659545898,0.7195163118193958,19.66854660085763,0.0882537215948104,0.759211540222168,0.0,0.0,-1.9318808317184448,-1.7922431230545044,0.1448754519224167,0.1665860712528228,0.0003,55.3515510559082
4,1520,608000,-0.0012149159149237,135.04978981018067,0.886327611207962,0.0040212096646428,0.0230999999260529,0.4129608869552612,0.1557722687721252,2.550222396850586,11.79084300994873,-43.05323028564453,68.6218490600586,18.31339836120605,15.389033317565918,0.7249565341026476,23.87457989619469,0.0566160306334495,0.960628092288971,0.0,0.0,-1.932062029838562,-1.7915875911712646,0.1448492109775543,0.1666953265666961,0.0003,63.939208984375
4,1530,612000,-0.0013217077148607,243.39821716308597,0.8818502658605576,0.0034570922143757,0.0125250000040978,0.2645407319068908,0.1564236134290695,-1.4245084524154663,15.73869514465332,-114.6440658569336,71.2175521850586,17.826631546020508,18.35225486755371,0.7468870531374,26.289453807998537,0.0535861365497112,0.6543307900428772,0.0,0.0,-1.927088022232056,-1.788111686706543,0.1455714851617813,0.1672757416963577,0.0003,112.01782989501952
4,1540,616000,-0.0017838680935718,119.72989524841309,0.8672363758087158,0.0060320887714624,0.0367749999510124,0.4348171353340149,0.1579229235649109,0.4031565189361572,10.992207527160645,-60.715457916259766,85.26493835449219,17.402368545532227,14.62144947052002,0.7962106999619565,12.24774273789708,0.1027284488081932,0.6475765109062195,0.0,0.0,-1.9197311401367188,-1.776676893234253,0.1466463953256607,0.1691994816064834,0.0003,60.37815475463867
4,1550,620000,-0.0012571402945468,98.6185009765625,0.8521417033672333,0.0039721583016216,0.0265249999938532,0.4779987335205078,0.1587495505809784,-0.972533643245697,10.001351356506348,-49.25868225097656,55.702728271484375,15.86701488494873,13.842766761779783,0.8454152002534198,10.384867457565834,0.0885661318898201,1.2482086420059204,0.0,0.0,-1.910186767578125,-1.7752189636230469,0.1480527371168136,0.1694463491439819,0.0003,48.89386749267578
4,1560,624000,-0.003226066808874,109.9162582397461,0.8412951505184174,0.0053350352682173,0.0467499999608844,0.4373974204063415,0.1601044982671737,-0.9800127148628236,10.5722074508667,-65.20427703857422,46.932159423828125,16.42865753173828,14.09499168395996,0.7632803202914447,13.015917645353651,0.0935232117772102,0.8105600476264954,0.0,0.0,-1.9000030755996704,-1.768194317817688,0.1495681554079055,0.1706408262252807,0.0003,60.82299041748047
4,1570,628000,-0.0024847876385916,97.32305885314942,0.8412436097860336,0.0049719181843101,0.0349500002106651,0.4326995015144348,0.1580449193716049,0.2250190377235412,9.946172714233398,-46.0154914855957,66.2463607788086,16.44778823852539,13.205334663391112,0.8140503187054319,9.529865531949476,0.0553897880017757,0.767564594745636,0.0,0.0,-1.9194213151931765,-1.775504231452942,0.1466918289661407,0.1693980246782302,0.0003,43.50866317749024
4,1580,632000,-0.0005256870805764,237.09325347900392,0.863950075507164,0.0046258876100182,0.034674999974668,0.2082355618476867,0.1571572124958038,1.5529624223709106,15.416048049926758,-93.0180435180664,83.61030578613281,18.74396324157715,17.3250732421875,0.7615086831305533,14.157210991897138,0.059935376048088,0.6697989702224731,0.0,0.0,-1.9186152219772337,-1.7867462635040283,0.1468101292848587,0.1675042957067489,0.0003,121.93177795410156
4,1590,636000,-0.0004303011502968,203.12603439331053,0.8723982727527618,0.0025885421782732,0.0100750000588595,0.2255980372428894,0.1562159657478332,-1.871245622634888,14.423385620117188,-120.53704833984376,62.43797302246094,16.21833610534668,16.39019012451172,0.7925053869470453,18.805503554956715,0.0411555208265781,1.1882483959197998,0.0,0.0,-1.926030278205872,-1.7915211915969849,0.1457255333662033,0.166706383228302,0.0003,112.0902099609375
4,1600,640000,-0.0028527903528185,255.14307723999025,0.8792099165916443,0.0041547194123268,0.040624999878928,0.2436962127685547,0.1563208848237991,0.4747966527938843,16.080734252929688,-103.2057647705078,90.34259796142578,15.53427505493164,18.490886688232425,0.6860478466588152,17.309555198448848,0.0691231042146682,1.086107611656189,0.0,0.0,-1.9262481927871704,-1.790073037147522,0.1456937938928604,0.1669479757547378,0.0003,99.02662658691406
4,1610,644000,-0.0017746972139197,254.8012464904785,0.8780130743980408,0.003972353413701,0.0236000000266358,0.2638764381408691,0.1562146544456482,0.7401028871536255,16.007234573364258,-89.88656616210938,106.3504867553711,16.67446517944336,18.656963348388672,0.6716281168273049,14.572542126538274,0.072032906115055,0.8325631618499756,0.0,0.0,-1.9209133386611936,-1.7960315942764282,0.1464731246232986,0.1659561693668365,0.0003,137.63352966308594
4,1620,648000,-0.0012576171097753,298.8126887512207,0.8795584589242935,0.0081864418461918,0.0597499998286366,0.1425740122795105,0.15611132979393,1.0008842945098877,17.44748878479004,-68.80876922607422,139.6666259765625,17.550077438354492,18.842330932617188,0.7619774797211682,16.274492201789638,0.0716452747583389,1.0765691995620728,0.0,0.0,-1.9158223867416384,-1.801798105239868,0.1472207158803939,0.1650019437074661,0.0003,148.29786682128906
4,1630,652000,-0.0008515108491359,217.28225158691407,0.8784392815828324,0.0036282720975577,0.0216999999526888,0.1412709951400756,0.1560507714748382,1.7376948595046997,14.83705997467041,-75.55170440673828,112.7793426513672,19.23395538330078,16.011049270629883,0.750879216349187,16.271050788131127,0.059158980846405,0.9005274772644043,0.0,0.0,-1.914873123168945,-1.8033807277679443,0.1473605334758758,0.1647409945726394,0.0003,125.71402740478516
4,1640,656000,-0.0016676810954828,326.91383529663085,0.882886427640915,0.0052416445687413,0.0258999999472871,0.1591077446937561,0.1556694954633712,0.4669838845729828,18.33846473693848,-110.7603759765625,113.62409973144533,19.90105438232422,19.99828720092773,0.8051310975053743,20.164240790010503,0.0625976845622062,1.7239091396331787,0.0,0.0,-1.9217475652694704,-1.80188250541687,0.1463509798049926,0.1649880111217498,0.0003,144.17626953125
4,1650,660000,-0.0026460849866754,412.266787109375,0.8869352042675018,0.0041125686839222,0.0332749999500811,0.1576446294784546,0.1555631458759308,-0.5899727940559387,20.37407493591309,-129.55172729492188,114.44068145751952,19.358234405517575,22.19883728027344,0.7359341448970633,20.279616520740536,0.0896492674946785,0.937641739845276,0.0,0.0,-1.925794243812561,-1.7995920181274414,0.1457599401473999,0.1653663367033004,0.0003,212.91770935058597
4,1660,664000,-0.002398768919715,304.1266174316406,0.8859189593791962,0.0041008880361914,0.0329250000603497,0.319298505783081,0.1557731330394745,0.6923220157623291,17.859346389770508,-111.91600036621094,103.3410186767578,20.115264892578125,21.64647674560547,0.7094926778109866,33.61275070684786,0.0472256503999233,1.291613221168518,0.0,0.0,-1.924959659576416,-1.7977899312973022,0.1458816528320312,0.1656646281480789,0.0003,134.48904418945312
4,1670,668000,-0.0018754016012516,265.23043014526365,0.8864978611469269,0.0039765816181898,0.0295500000799074,0.4422664046287536,0.1555587947368621,-0.7421849966049194,16.39728546142578,-109.77983856201172,66.2173080444336,19.75742530822754,21.956268310546875,0.6960869165039205,27.32571826949915,0.0530014187097549,1.2963829040527344,0.0,0.0,-1.9277324676513672,-1.7979391813278198,0.1454776972532272,0.1656398922204971,0.0003,149.73056030273438
4,1680,672000,-0.0021461187207434,518.5060421752929,0.8903474950790405,0.0048911944031715,0.0215750000253319,0.2785773277282715,0.1550475358963012,-0.1354104578495025,22.91893196105957,-104.45857238769533,154.38677978515625,20.535972595214844,26.98357391357422,0.7521690661759279,37.66391710679616,0.0551059208810329,1.5629255771636963,0.0,0.0,-1.932274341583252,-1.800134778022766,0.1448184698820114,0.1652766168117523,0.0003,266.98028564453125
4,1690,676000,-0.0021394393661474,303.9704441833496,0.896504424214363,0.0037963488139212,0.0245000001229345,0.3398452401161194,0.1546386927366256,-0.051632322371006,17.66385269165039,-89.1674575805664,108.86148834228516,19.47032356262207,21.74015045166016,0.8007142610726983,30.77642631080969,0.0528302043676376,1.25055193901062,0.0,0.0,-1.9370735883712769,-1.8008873462677002,0.1441251039505005,0.1651522815227508,0.0003,145.0789794921875
4,1700,680000,-0.0008260890584486,326.3622094726563,0.8991738557815552,0.0029713069088757,0.0081499999808147,0.3580264449119568,0.1548736989498138,-3.712214469909668,18.21006202697754,-132.93963623046875,64.27484893798828,15.785822868347168,22.727561950683597,0.7488406389316862,41.38977339501817,0.0441013909876346,1.1508285999298096,0.0,0.0,-1.935917973518372,-1.799052119255066,0.1442917585372924,0.1654556393623352,0.0003,161.32676696777344
4,1710,684000,-0.0026712947142295,426.8749920654297,0.8968181025981903,0.0038951239548623,0.0369000000506639,0.2670931220054626,0.1549302041530609,-1.0713136196136477,20.823148727416992,-148.29830932617188,70.59762573242188,15.2039155960083,24.32327079772949,0.7462526670747524,31.466480928252043,0.0419667102396488,0.938384175300598,0.0,0.0,-1.938753604888916,-1.795904517173767,0.1438831686973571,0.1659772545099258,0.0003,176.76075744628906
4,1720,688000,-0.001647473883647,221.2155563354492,0.9016232186555864,0.0038243208546191,0.0329250000277534,0.3437070250511169,0.1538956761360168,1.7263022661209106,14.955770492553713,-77.7164535522461,66.86888122558594,16.143945693969727,18.46119880676269,0.7520601435487306,19.951967144501747,0.0768415033817291,0.7596688270568848,0.0,0.0,-1.944453239440918,-1.8034721612930296,0.1430654376745224,0.1647259443998336,0.0003,97.41686248779295
4,1730,692000,-0.0016296136373021,268.1044860839844,0.9103309935331344,0.0043542832136154,0.0339750000974163,0.1960523724555969,0.1539974510669708,0.5027937293052673,16.66722869873047,-74.79052734375,100.97796630859376,16.762718200683594,18.588720321655277,0.7237234994351611,21.34204529430628,0.0559807009994983,1.0564255714416504,0.0,0.00025,-1.9419775009155276,-1.804389715194702,0.1434200704097747,0.1645748615264892,0.0003,109.65436553955078
4,1740,696000,-0.0028310563220613,177.55159606933594,0.9126319193840028,0.0036161593161523,0.0322250000433996,0.3293088674545288,0.1530887484550476,0.2466416656970977,13.42751693725586,-65.16011047363281,63.56295776367188,17.26152801513672,16.3958683013916,0.7464024539284886,14.28281390091038,0.0961348414421081,0.9576383233070374,0.0,0.0,-1.937586069107056,-1.8193800449371336,0.1440512686967849,0.1621262282133102,0.0003,93.28321838378906
4,1750,700000,-0.0035497707421767,151.65530067443848,0.9261194837093352,0.0061189453117549,0.0529250001022592,0.3743194937705993,0.1520479023456573,0.5240782499313354,12.438461303710938,-87.11737060546875,54.51715469360352,18.104469299316406,15.72498893737793,0.769035579973769,13.180677340186636,0.1031442433595657,1.1004278659820557,0.0,0.0,-1.9411804676055908,-1.829078793525696,0.1435344070196151,0.1605614125728607,0.0003,76.48370361328125
4,1760,704000,-0.0006976950263866,485.2361999511719,0.9344470942020416,0.0050953226163983,0.0174250000389292,0.2457815408706665,0.1516458392143249,-5.350419998168945,22.200946807861328,-108.12997436523438,129.13600158691406,12.308021545410156,25.56365394592285,0.7270057740781537,56.23719159117575,0.0436458401381969,1.1255799531936646,0.0,0.0,-1.9416874647140503,-1.833644270896912,0.1434616446495056,0.1598300486803054,0.0003,201.21194458007807
4,1770,708000,-0.0028893959830398,364.54582458496094,0.9445765608549118,0.0047371075488626,0.0348250000597909,0.2374584078788757,0.1505023539066314,1.5882184505462646,19.225744247436523,-96.47824096679688,122.49524688720705,14.02549648284912,22.016658782958984,0.7538976673290688,26.122582370847503,0.0609863772988319,1.0330605506896973,0.0,0.0,-1.9488916397094729,-1.841541051864624,0.14243184030056,0.1585728675127029,0.0003,157.1613311767578
4,1780,712000,-0.0014467781855513,172.85645469665528,0.9513787418603896,0.0042972960509359,0.0443999998923391,0.43365079164505,0.1506217122077942,-0.4206173121929168,13.197502136230469,-94.78889465332033,63.61863327026367,14.370681762695312,17.53676986694336,0.7910087779486787,13.737299273473704,0.0389350391924381,0.7671579718589783,0.0,0.0,-1.948794960975647,-1.8401236534118648,0.1424456238746643,0.158797800540924,0.0003,85.9242172241211
4,1790,716000,-0.0022153992577437,638.5798211669921,0.9507582539319992,0.0039753839373588,0.0195999999856576,0.2283365726470947,0.1506228744983673,-3.713800668716431,25.39445304870605,-182.1943206787109,141.543212890625,9.70716381072998,28.908456802368164,0.6972445776526066,40.46660783838896,0.0543257594108581,0.8241929411888123,0.0,0.0,-1.9473141431808472,-1.841439127922058,0.1426567137241363,0.1585890352725982,0.0003,286.6415100097656
4,1800,720000,-0.0018814232140808,417.0807241821289,0.9517252415418624,0.0049185738898813,0.0308499999763444,0.2935110330581665,0.1504390239715576,0.5268823504447937,20.5924129486084,-132.96951293945312,118.5989990234375,10.98011875152588,24.49934959411621,0.8824250597087542,23.99632269801742,0.0474065393209457,1.1641111373901367,0.0,0.0,-1.9469324350357056,-1.8441047668457031,0.1427111774682998,0.1581668555736541,0.0003,186.2119598388672
4,1810,724000,-0.0028842808797617,355.12575073242186,0.9549763083457948,0.0051578460261225,0.045450000045821,0.230919599533081,0.150170236825943,1.874976634979248,19.01160430908203,-87.87804412841797,78.37731170654297,11.65387725830078,21.67868423461914,0.799852997871418,22.26866287939239,0.052121989428997,1.1685943603515625,0.0,0.0,-1.9482258558273315,-1.8463397026062007,0.1425267159938812,0.1578137427568435,0.0003,186.72872924804688
4,1820,728000,-0.0008632747906191,259.9826661682129,0.9475333631038666,0.0048482273705303,0.0386500000813975,0.2811039686203003,0.1515527665615081,1.1218576431274414,16.257705688476562,-116.1769561767578,95.872314453125,13.647640228271484,19.17459487915039,0.8398142032332407,14.039587754167217,0.0826968997716903,1.069746732711792,0.0,0.0,-1.9356282949447632,-1.840286135673523,0.1443335562944412,0.1587719917297363,0.0003,124.4291763305664
4,1830,732000,-0.0015052772112685,329.4889340209961,0.9443073284626008,0.005438064225018,0.0529249997949227,0.2136359214782714,0.1505005359649658,-0.5779427289962769,18.24573135375977,-131.37718200683594,67.07664489746094,11.573034286499023,20.575454711914062,0.828337603120347,13.659221051402689,0.0680564641952514,0.9837557077407836,0.0,0.0,-1.9504469633102417,-1.840169072151184,0.1422104835510254,0.1587905883789062,0.0003,193.23468017578125
4,1840,736000,-0.0025106891728421,163.4084644317627,0.9601159793138504,0.0064082629978656,0.0567250001011416,0.3686333894729614,0.1493880599737167,-1.364099383354187,12.849918365478516,-67.98689270019531,59.567626953125,10.799896240234377,16.171844482421875,0.7526765480531321,12.527847750418792,0.0920711606740951,0.9033474326133728,0.0,0.0,-1.9676897525787356,-1.838871717453003,0.1397794038057327,0.1589967161417007,0.0003,77.79190826416016
4,1850,740000,-0.0017882516020148,314.7911778259277,0.9749584972858428,0.0037974896840751,0.0396999998390674,0.2246313095092773,0.1486160159111023,-0.4774044156074524,17.78732681274414,-96.31664276123048,119.14571380615234,11.2070894241333,20.20024299621582,0.8204031333837892,15.45763291254473,0.0748981311917305,0.7123802900314331,0.0,0.0,-1.9781869649887085,-1.8394032716751096,0.1383197903633117,0.1589122414588928,0.0003,210.23936462402344
4,1860,744000,-0.0009611813569368,238.88559143066405,0.9779464823007584,0.0054990258067846,0.0451750000100582,0.2493392825126648,0.1488950699567794,0.5486369729042053,15.520099639892578,-97.66333770751952,72.820556640625,12.065075874328612,17.913179397583008,0.9098104397347124,11.62586582631895,0.0730644389986991,0.6398693323135376,0.0,0.0,-1.971083641052246,-1.8420995473861692,0.1393058151006698,0.1584843248128891,0.0003,116.65735626220705
4,1870,748000,-0.0005175253869165,174.72220962524415,0.9754136037826538,0.0027581125032156,0.0229249999439343,0.2526879906654358,0.1489132642745971,-1.1052758693695068,13.602920532226562,-77.72682189941406,84.23724365234375,11.91463851928711,15.735523223876951,0.8802550509648485,22.40157805574024,0.0516117960214614,1.1879054307937622,0.0,0.0,-1.9711679220199585,-1.841795802116394,0.1392940729856491,0.1585324853658676,0.0003,88.41944122314453
4,1880,752000,-0.0022205891105972,273.6108834838867,0.9766435837745666,0.0039760349318385,0.0391499998653307,0.1483826041221618,0.1485516726970672,0.6979344487190247,16.685550689697266,-62.13971328735352,107.61457061767578,12.104557037353516,18.08082771301269,0.7795008294614267,13.550289990885837,0.0850345715880394,1.0209457874298096,0.0,0.0,-1.967346668243408,-1.8497531414031985,0.1398273706436157,0.15727598965168,0.0003,142.21009826660156
4,1890,756000,-0.0004974177556046,199.208032989502,0.975068376660347,0.0029341720510274,0.0232249999186024,0.1736860275268554,0.1494068503379821,0.436455100774765,14.557503700256348,-69.91104888916016,127.27530670166016,13.107427597045898,16.014535903930664,0.8877206669690075,16.088130958986795,0.0608460754156112,2.0469348430633545,0.0,0.0,-1.9608436822891235,-1.844691514968872,0.1407396346330642,0.1580740809440612,0.0003,90.58525848388672
4,1900,760000,-0.0003166689136793,340.23312240600586,0.9747798562049864,0.0028320155106484,0.0168999999202787,0.1513094305992126,0.148160383105278,0.3183252513408661,18.62154960632324,-98.29904174804688,113.17323303222656,12.944783210754396,20.21348190307617,0.8656353476472946,15.611056639037749,0.061454776674509,1.4420220851898191,0.0,0.0,-1.9663203954696653,-1.855659365653992,0.1399709433317184,0.1563498228788375,0.0003,120.95098876953124
4,1910,764000,-0.0010872564318196,281.55588195800783,0.9892564618587494,0.0036667329259216,0.0339000000432133,0.1764926314353943,0.1473081111907959,-1.4865329265594482,16.931386947631836,-85.6288833618164,77.42078399658203,12.42229461669922,18.65772819519043,0.8144372664366,15.352157387193074,0.0447411052882671,0.9330732226371764,0.0,0.0,-1.973605990409851,-1.8600724935531616,0.1389548778533935,0.1556613445281982,0.0003,151.52227783203125
4,1920,768000,-0.0008648115929798,283.3028498840332,0.991353207230568,0.0018308289581909,0.0249499999219551,0.21592378616333,0.1480337977409362,1.1746591329574585,16.934185028076172,-101.04994201660156,97.52855682373048,12.326082229614258,19.124282836914062,0.9108105446513888,18.636636720605967,0.0465108677744865,0.7771801948547363,0.0,0.0,-1.9710218906402588,-1.853082656860352,0.1393144130706787,0.1567532122135162,0.0003,123.73388671875
4,1930,772000,-0.0015985672208335,200.83162887573243,0.9975440716743468,0.0035688381176441,0.0258000000054016,0.2007707357406616,0.1462236195802688,-0.5769153833389282,14.258956909179688,-88.51439666748047,78.49867248535156,12.38551139831543,15.94968318939209,0.7427714564481378,10.869278636072297,0.098791979253292,0.7977284789085388,0.0,0.0,-1.98828125,-1.8610023260116575,0.1369305700063705,0.1555166691541671,0.0003,79.63892364501953
4,1940,776000,-0.0021042532120783,181.05989410400392,1.0066539657115936,0.0070514357648789,0.0497000000532716,0.1902142167091369,0.1469788551330566,0.7379136681556702,13.546637535095217,-76.85874938964844,75.01216125488281,13.294889450073242,15.053810119628906,0.8618276866498202,11.9005957167118,0.0893763452768325,0.9899925589561462,0.0,0.0,-1.981640577316284,-1.8571635484695437,0.137842908501625,0.1561148166656494,0.0003,129.9653778076172
4,1950,780000,-0.0012290284531889,164.88202285766602,1.004853105545044,0.0034521357156336,0.0318500000238418,0.2646934390068054,0.1463880538940429,-0.0528514720499515,13.003665924072266,-72.37007141113281,47.95426940917969,13.061346054077148,15.16462230682373,0.9185494006500609,11.76631624289104,0.0833376869559288,0.9333712458610536,0.0,0.0,-1.9788141250610352,-1.867282509803772,0.1382330656051635,0.1545430570840835,0.0003,66.4713134765625
4,1960,784000,-0.0015407368532309,179.57144607543944,1.0193442273139954,0.0067050186917185,0.0418500000657513,0.3122315406799316,0.1446249186992645,-0.7245388031005859,13.443601608276367,-71.7365493774414,72.54203796386719,12.442716598510742,16.210430145263672,0.8329175752350707,9.606821679719175,0.0810959041118621,0.4894141256809234,0.0,0.0,-1.9830825328826904,-1.8864731788635252,0.1376443058252334,0.1516055464744568,0.0003,79.60618591308594
4,1970,788000,-0.0035142131086164,158.56112403869628,1.0309391736984252,0.0056970482692122,0.0491250002337619,0.2660524249076843,0.1448746025562286,1.0313100814819336,12.665974617004396,-69.0732192993164,70.74478149414062,14.280961036682127,14.784482955932615,0.8424301844358247,11.2697049450737,0.0600761733949184,0.7191328406333923,0.0,0.0,-1.9751604795455933,-1.8904081583023071,0.1387390494346618,0.1510101705789566,0.0003,80.17906188964844
4,1980,792000,-0.000624841893345,215.1488543701172,1.0350409293174745,0.0038476076442748,0.0312500001350417,0.1905092000961303,0.14363893866539,-0.1554619818925857,14.73828125,-92.9683609008789,83.54065704345703,12.64377498626709,16.381017684936523,0.7902235094661972,10.772681538490357,0.0500958524644374,0.7023382782936096,0.0,0.0,-1.9856505393981931,-1.8972091674804688,0.1372912675142288,0.1499866247177124,0.0003,118.97640228271484
4,1990,796000,-0.0014943818459699,237.22655532836916,1.0483991491794586,0.0048378407955169,0.023824999993667,0.2052628993988037,0.1431819498538971,4.088789463043213,15.329994201660156,-96.82998657226562,87.72722625732422,17.584699630737305,17.19611167907715,0.9969453579568268,27.24525392889211,0.0622060038149356,1.0737518072128296,0.0,0.0,-1.9925421476364136,-1.8970164060592647,0.1363483667373657,0.1500155329704284,0.0003,124.65540313720705
4,2000,800000,-0.0012353962879904,198.4321499633789,1.0506140387058258,0.0035489997826516,0.0261499999137595,0.3473653197288513,0.1432463824748993,-1.8530089855194087,14.328912734985352,-113.88724517822266,67.1739501953125,15.20157527923584,17.73691749572754,0.822187034384822,19.03929561700308,0.0678999796509742,0.91060608625412,0.0,0.0,-1.9899615049362185,-1.898506999015808,0.136700689792633,0.1497920900583267,0.0003,100.19782257080078
4,2010,804000,-0.0010541062046948,224.69815658569337,1.0452659928798675,0.0033951117657124,0.0376499998802319,0.3033957481384277,0.1442232877016067,0.5550310015678406,15.146900177001951,-78.72026062011719,94.55949401855467,16.45615577697754,18.148080825805664,0.8450323559809162,14.946621669118588,0.0637540072202682,0.9545655250549316,0.0,0.0,-1.988762140274048,-1.886629581451416,0.1368647366762161,0.1515818536281585,0.0003,95.76095581054688
4,2020,808000,-0.0005166779919163,148.32866050720216,1.0444009399414065,0.0034881390165537,0.0301499999733641,0.4208002090454101,0.1430127322673797,-0.3236278295516968,12.298280715942385,-82.21263885498047,87.73928833007812,18.010284423828125,16.15958595275879,1.0582991864745404,9.984999764264233,0.1064679697155952,1.4328484535217283,0.0,0.0,-1.9961678981781008,-1.895983457565308,0.1358548998832702,0.1501705795526504,0.0003,60.84391403198242
4,2030,812000,-0.0004493580574677,240.8674578857422,1.0560026037693024,0.0021117287687957,0.0176499999733641,0.3241499066352844,0.1429533660411834,-0.1163118928670883,15.605810165405272,-105.17752075195312,131.99127197265625,18.74505615234375,18.982837677001957,1.08811873478022,19.80312062815033,0.0673665925860405,0.9229920506477356,0.0,0.0,-2.0000674724578857,-1.8932567834854128,0.1353261619806289,0.1505806148052215,0.0003,136.93426513671875
4,2040,816000,-0.0009906091875978,165.3352081298828,1.0588092362880708,0.0033941739238798,0.0363499999884516,0.3316711187362671,0.1423336565494537,1.9711178541183472,12.875819206237791,-76.82760620117188,96.67185974121094,17.687387466430664,15.749970436096191,0.8217693332222812,12.5795671585334,0.0570497773587703,0.5136940479278564,0.0,0.0,-2.0154168605804443,-1.887813687324524,0.1332648396492004,0.151402473449707,0.0003,78.78465270996094
4,2050,820000,-0.0016120362040637,214.16226837158203,1.0680442905426026,0.0040720412507653,0.0250500001013278,0.2205481529235839,0.1419406831264495,2.679922342300415,14.778518676757812,-52.61986541748047,93.05520629882812,20.89679718017578,16.739259719848633,0.9344742531629208,21.906681615959865,0.0529367886483669,1.135108232498169,0.0,0.0,-2.018892526626587,-1.8899530172348025,0.1328024566173553,0.1510789096355438,0.0003,117.40768432617188
4,2060,824000,-0.0011456728032385,262.9407588195801,1.071207767724991,0.0041957451030611,0.0297499999869614,0.0888685584068298,0.1420057713985443,1.468108057975769,16.319639205932617,-92.16148376464844,86.64810180664062,20.966598510742188,17.097003936767578,0.9327636830822066,14.21115381244211,0.0725924372673034,0.7626304030418396,0.0,0.0,-2.0123395919799805,-1.8948825597763064,0.1336755603551864,0.1503359973430633,0.0003,109.96516418457033
4,2070,828000,-0.0014812490385553,229.65483657836916,1.067933099269867,0.0044986130669713,0.0333500001905485,0.2107110619544983,0.1422766298055648,1.7371041774749756,15.436617851257324,-99.66481018066406,91.96200561523438,23.675457000732425,17.37537384033203,1.0020347105203633,22.30405698070886,0.076002337038517,1.2883065938949585,0.0,0.0,-2.009528160095215,-1.8937832117080688,0.1340519189834594,0.1505013555288314,0.0003,93.29302215576172
4,2080,832000,-0.0002093865306494,199.67640396118165,1.0640442860126496,0.0033426799345761,0.0066499999305233,0.3554767370223999,0.1423293650150299,-1.990739226341248,14.615403175354004,-94.09317016601562,76.41228485107422,24.489377975463867,18.205034255981445,1.0136657589463922,25.6978270602852,0.0484623722732067,1.6955804824829102,0.0,0.0,-2.0051348209381104,-1.8970094919204712,0.1346421539783477,0.150016576051712,0.0003,84.29824829101562
4,2090,836000,-0.0023038043764205,221.16917831420895,1.0699669671058656,0.0046651298180222,0.0350749999890104,0.376887559890747,0.1415086090564727,-0.4494876563549042,14.988137245178224,-77.96015930175781,69.25188446044922,22.09720230102539,18.987354278564453,0.9626024729672996,17.76773015620859,0.1068233549594879,1.0387680530548096,0.0,0.0,-2.0093419551849365,-1.9042093753814695,0.1340768784284591,0.1489403396844864,0.0003,109.2098159790039
4,2100,840000,-0.000564119397191,200.15361061096192,1.0774701249599457,0.0051469639874994,0.0285499999811872,0.3951274752616882,0.1413036584854126,0.9681273698806764,14.318800926208496,-73.52420806884766,89.46408081054688,21.42384529113769,18.410886764526367,1.000897939556619,16.06826394821198,0.0431400053203105,1.6953890323638916,0.0,0.0,-2.008627653121948,-1.907610535621643,0.1341726779937744,0.1484346389770507,0.0003,100.61924743652344
4,2110,844000,-0.0012189604752609,298.78028549194335,1.0786697912216183,0.0038421272765845,0.0178999999491497,0.3903141021728515,0.1412593722343444,-3.2039449214935303,18.213476181030277,-168.41229248046875,50.93198394775391,20.18724822998047,23.325973510742188,1.189599848018644,71.04581143679785,0.055536963045597,1.3509981632232666,0.0,0.0,-2.00797963142395,-1.9087940454483032,0.1342596560716629,0.1482590734958648,0.0003,147.43951416015625
4,2120,848000,-0.0001050267007143,132.80480125427246,1.077027200460434,0.0050698295235633,0.0120499998889863,0.586124062538147,0.1415495574474334,1.30021071434021,11.940108299255373,-66.05429077148438,88.44157409667969,23.523944854736328,18.55979347229004,1.176569052094169,31.905783998744077,0.0563816875219345,1.1126856803894043,0.0,0.0,-2.003548145294189,-1.908901333808899,0.1348559409379959,0.1482431590557098,0.0003,79.02239227294922
4,2130,852000,-0.0001988014176633,194.5246148681641,1.0744506061077117,0.0023674287367612,0.0239500000188127,0.5166602730751038,0.1416083872318267,-0.7588467001914978,14.07082462310791,-182.97021484375,61.114837646484375,21.716703414916992,20.239198684692383,1.134599361921696,24.597705305760314,0.0545542128384113,0.8930671215057373,0.0,0.0,-2.001788854598999,-1.9097098112106323,0.135093405842781,0.1481233686208725,0.0003,108.03838348388672
4,2140,856000,-0.0018857100182296,150.22149230957032,1.0727578580379489,0.0033422268461436,0.0308000001544132,0.5443940162658691,0.1418968141078949,-1.568023920059204,12.637313842773438,-92.1448745727539,46.22676467895508,18.022602081298828,18.72233772277832,1.2315323310137374,30.75362962390756,0.0562546327710151,0.8915026783943176,0.0,0.0,-1.9965468645095823,-1.9106090068817136,0.1358034312725067,0.1479902267456054,0.0003,76.0208511352539
4,2150,860000,-0.0011319094259742,156.75264015197754,1.0754655134677886,0.0020972348283976,0.0268749999348074,0.4789540767669678,0.140798807144165,-1.0939353704452517,12.674938201904297,-74.92314147949219,67.48100280761719,16.542388916015625,17.559326171875,0.9096933971771468,17.3395546553258,0.0912263914942741,0.8615599274635315,0.0,0.0,-2.002345085144043,-1.920188546180725,0.1350182890892028,0.1465793251991272,0.0003,84.41832733154297
4,2160,864000,-0.0017583444457341,274.3081787109375,1.0824500167369842,0.0052812513895332,0.0303000000957399,0.3547678589820862,0.1413211226463318,-0.194218024611473,16.77781105041504,-89.29541015625,109.44142150878906,17.551240921020508,20.887060165405277,1.2103850213449754,22.818503065087803,0.0726492330431938,1.07708740234375,0.0,0.0,-1.999801754951477,-1.9154188632965088,0.1353621184825897,0.1472801268100738,0.0003,137.1553192138672
4,2170,868000,-0.0004960757477238,307.06563751220705,1.0770062017440796,0.0039644287899136,0.0132249999139457,0.3174119591712951,0.1411991119384765,-1.8179231882095337,17.940441131591797,-94.7059097290039,72.854736328125,16.267120361328125,21.714698791503903,1.279696348491963,40.25113538568104,0.0676117464900016,0.921497642993927,0.0,0.0,-1.9988224506378172,-1.91797947883606,0.1354947388172149,0.1469034850597381,0.0003,161.2924041748047
4,2180,872000,-0.0001541803808902,154.92752182006836,1.0796873247623444,0.0036812841426581,0.0109000000171363,0.3720463514328003,0.1409923434257507,-0.3978533446788788,12.819202423095703,-65.32453918457031,76.4817886352539,15.030298233032228,16.176969528198242,0.9579835250087572,20.689357042079152,0.0758504793047905,1.0148499011993408,0.0,0.0,-2.001387596130371,-1.9184316396713257,0.1351476311683654,0.1468370705842971,0.0003,76.83302307128906
4,2190,876000,-0.001750056528022,119.16847831726074,1.0769981968402862,0.0052011343650519,0.0472749999072402,0.3701136708259582,0.14169742166996,0.1975477486848831,11.030241012573242,-74.8044662475586,95.69259643554688,14.994882583618164,13.898051261901855,1.0290032081084848,10.423733159282628,0.072174496948719,0.6501619815826416,0.0,0.0,-1.983713984489441,-1.925262689590454,0.1375574022531509,0.1458374410867691,0.0003,59.7834587097168
4,2200,880000,-0.0034238009632055,126.28355018615724,1.0769790482521058,0.0055959220044314,0.0557499999459832,0.3600603342056274,0.1406517177820205,-0.2508894801139831,11.42449951171875,-105.78384399414062,55.340030670166016,14.61024284362793,14.28129768371582,1.0049351843447345,14.418732438391617,0.076870173215866,0.9337489604949952,0.0,0.0,-1.9878567457199097,-1.9357588291168213,0.1369886994361877,0.1443147212266922,0.0003,65.14983367919922
4,2210,884000,-0.0014669797746978,261.7692449951172,1.087409644126892,0.0033129598014056,0.0257000000542029,0.2112237215042114,0.1405056565999984,1.306931972503662,16.297840118408203,-95.32268524169922,88.02251434326172,15.869200706481934,18.350719451904297,1.0489326127610157,25.412991244133067,0.0520390793681144,0.8687282800674438,0.0,0.0,-1.9919289350509644,-1.933927059173584,0.1364320069551468,0.1445793062448501,0.0003,130.83323669433594
4,2220,888000,-0.0012388135589426,159.73194358825685,1.0883547353744507,0.0031803795136511,0.0412999999243766,0.3295302391052246,0.1404936015605926,-0.0926142856478691,12.881600379943848,-72.59180450439453,76.77664184570312,16.225603103637695,15.731865882873535,1.0454319975846134,17.61552476478475,0.0555140115320682,0.9323076605796814,0.0,0.0,-1.99586820602417,-1.9303901195526123,0.135895624756813,0.1450915932655334,0.0003,73.22206115722656
4,2230,892000,-0.0013420590338249,246.9748460388184,1.086445337533951,0.00288941944018,0.0351749999960884,0.2255467772483825,0.1407878100872039,-0.0792936980724334,15.779953956604004,-81.51001739501953,168.21707153320312,15.776866912841797,17.931150436401367,1.2054938859436468,21.06282611368233,0.0593477003276348,0.7656883597373962,0.0,0.0,-1.9955309629440308,-1.9266576766967771,0.1359414458274841,0.1456341445446014,0.0003,114.01834106445312
4,2240,896000,-0.0010207557622059,274.4756019592285,1.0855330288410188,0.0040602153167128,0.0228750001220032,0.1876057386398315,0.1405213624238968,3.3116579055786133,16.6123046875,-94.0414810180664,87.31623840332031,19.98882102966309,18.430896759033203,0.8839742680545923,25.37312468866948,0.0405350551009178,0.7887930274009705,0.0,0.0,-1.9989763498306277,-1.927106261253357,0.1354738920927047,0.1455688327550888,0.0003,155.63265991210938
4,2250,900000,-0.0019877503812444,208.0172589111328,1.0886107909679412,0.004345609806478,0.0229749999567866,0.3447396159172058,0.1405169367790222,-0.8307775855064392,14.554783821105955,-103.7973861694336,92.18464660644533,18.033781051635746,17.980377197265625,1.1340353843040631,23.789488084881267,0.0602336227893829,0.6445944309234619,0.0,0.0,-2.0001702308654785,-1.926056981086731,0.1353122591972351,0.1457216441631317,0.0003,101.21636962890624
4,2260,904000,-0.0021139792577538,170.7475343322754,1.090166277885437,0.0030239294283092,0.0259750000992789,0.3974416851997375,0.1402159333229065,-0.5892282724380493,13.4121675491333,-110.33694458007812,59.40430068969727,18.39777374267578,17.278236389160156,1.0319568020713443,20.929825385377896,0.0604972653090953,1.1666619777679443,0.0,0.0,-1.9973183870315552,-1.932863473892212,0.1356986761093139,0.1447331607341766,0.0003,101.08734130859376
4,2270,908000,-0.0023532767930271,229.572998046875,1.0937341380119323,0.0051786759868264,0.0425000001490116,0.4437044858932495,0.1398932337760925,-1.4676905870437622,15.372820854187012,-97.22377014160156,75.90249633789062,16.20591926574707,20.611082077026367,1.0236698044672012,24.60298472197615,0.0441942922770977,1.0848369598388672,0.0,0.0,-2.001461267471313,-1.9334465265274048,0.1351376622915268,0.1446488052606582,0.0003,123.8072509765625
4,2280,912000,-0.0009772396879678,213.53638107299804,1.1033164858818054,0.0029828345868736,0.0187499999441206,0.4896926879882812,0.1388397812843322,-1.6797893047332764,14.844477653503418,-81.60633850097656,82.5984878540039,15.063855171203612,20.78016662597656,1.2291110969017114,26.927196706407663,0.044041883200407,0.9867815375328064,0.0,0.0,-2.0124940872192383,-1.9377707242965696,0.1336549222469329,0.1440246552228927,0.0003,86.59048461914062
4,2290,916000,-0.0010595608475967,65.64434749603271,1.120823574066162,0.0041777221485972,0.0278249998576939,0.7126955389976501,0.1375407576560974,0.8647781014442444,8.370354652404785,-24.82838630676269,52.31905364990234,16.998191833496094,15.616104125976562,1.0686922387373623,15.871769016792204,0.0674618035554885,1.1769810914993286,0.0,0.0,-2.017728328704834,-1.9510527849197388,0.1329571604728698,0.1421243697404861,0.0003,32.06492233276367
4,2300,920000,-0.0011264863304764,236.80704879760745,1.1307532382011414,0.0049900254234671,0.0280000000447034,0.4313803315162658,0.137588694691658,-2.009295463562012,15.49779987335205,-96.41718292236328,85.39486694335938,13.578797340393066,20.55223655700684,0.8340530926162694,22.06883313873794,0.0675249695777893,0.9886322617530824,0.0,0.0,-2.024301052093506,-1.9442726373672483,0.1320861279964447,0.1430912613868713,0.0003,98.0807876586914
4,2310,924000,-0.0009795972979569,123.60537734985353,1.1282656478881836,0.0043367007747292,0.0165999999130144,0.5786055326461792,0.1381901949644088,-1.7543137073516846,11.556191444396973,-62.72106170654297,74.99891662597656,12.798192977905272,17.80206298828125,1.0350152450211272,29.49766782599846,0.0670332610607147,0.946450650691986,0.0,0.0,-2.019712209701538,-1.940119743347168,0.1326936483383178,0.1436867415904998,0.0003,48.765625
4,2320,928000,-0.0025362391849863,84.24620471954346,1.125615530014038,0.0034159875940531,0.042449999875389,0.6466184854507446,0.137553721666336,1.597966194152832,9.32003116607666,-44.87159729003906,54.83876419067383,13.348341941833496,15.678173065185549,1.088883591308116,17.57586868602263,0.0607152059674263,1.10637104511261,0.0,0.00025,-2.015829801559448,-1.9526493549346924,0.1332098245620727,0.1418976336717605,0.0003,44.228946685791016
4,2330,932000,-0.0009593141109341,166.47754013061524,1.124104809761047,0.0026102983392775,0.0189999999478459,0.3869831562042236,0.1386306881904602,0.8609867691993713,13.10988426208496,-69.96917724609375,111.8610610961914,15.01058578491211,16.74413299560547,0.9589907782780092,16.842237749428268,0.0516616702079772,0.8820693492889404,0.0,0.0,-2.009238243103028,-1.9437183141708372,0.134090781211853,0.1431706100702285,0.0003,106.22384643554688
4,2340,936000,-0.0036247614775173,171.95195587158204,1.1140731918811797,0.0055742943659424,0.0582499999273568,0.316100537776947,0.1386127173900604,-0.3186519742012024,13.257564544677734,-93.41620635986328,60.94086456298828,14.032045364379885,16.03125762939453,0.9185923269853948,13.710413119576044,0.0731991305947303,0.7809826731681824,0.0,0.0,-2.0048015117645264,-1.948143720626831,0.1346870362758636,0.1425384134054184,0.0003,88.15592956542969
4,2350,940000,-0.0036238509666203,164.19038162231445,1.1190183687210082,0.0043112761341035,0.0658999998960644,0.1952823996543884,0.1379755735397339,1.854291915893555,12.990243911743164,-51.99871063232422,98.96533966064452,16.776226043701172,14.480899810791016,0.9475709179555276,15.880765613378513,0.0976314321160316,0.8497853875160217,0.0,0.0,-2.0068509578704834,-1.9551738500595093,0.1344112753868103,0.1415398567914962,0.0003,64.04560852050781
4,2360,944000,-0.0024473893230235,149.93627403259276,1.1334672248363495,0.0044182576239109,0.0389999999152496,0.2918281555175781,0.1366719752550125,-1.561164379119873,12.32228183746338,-61.8431396484375,52.11245727539063,14.883374214172363,14.642722129821776,0.9537360449591236,11.960350172807075,0.0764545574784278,1.0082447528839111,0.0,0.0,-2.0028083324432373,-1.977692484855652,0.1349557489156723,0.1383882015943527,0.0003,78.18074798583984
4,2370,948000,-0.0003025967729481,152.79635284423827,1.1390786707401277,0.0027278545312583,0.0144999999692663,0.1022424101829528,0.1373191773891449,0.6013215184211731,12.766223907470703,-35.61255645751953,124.21836853027344,15.501714706420898,13.473576545715332,0.9707194233743902,16.186786477797686,0.0465956218540668,1.2153022289276123,0.0,0.0,-1.992379665374756,-1.978562831878662,0.1363705247640609,0.1382678151130676,0.0003,77.16324615478516
4,2380,952000,-0.0004350770342854,110.36998275756837,1.1375793719291687,0.0043555283918976,0.0193499999772757,0.1587648391723632,0.136424034833908,0.5686542391777039,10.650908470153809,-50.94879150390625,67.2498550415039,16.35279655456543,11.61255931854248,0.9526553124121088,8.322077306472695,0.0999962612986564,0.9579047560691832,0.0,0.0,-1.995604872703552,-1.988382697105408,0.1359314173460006,0.1369166821241378,0.0003,59.99182891845703
4,2390,956000,-0.0039738842073071,340.9118556213379,1.1491260373592376,0.0043491632677614,0.0370500000286847,0.0309334397315979,0.1359273940324783,4.950119495391846,18.2601375579834,-52.47998809814453,160.2069549560547,20.65370750427246,18.549287796020508,0.8166500020298697,27.086567954089457,0.0602844581007957,0.7773222923278809,0.0,0.0,-1.995772242546081,-1.99549663066864,0.1359086632728576,0.135946124792099,0.0003,160.46461486816406
4,2400,960000,-0.0028212066351494,165.25162475585938,1.1560509288311005,0.0038628079928457,0.032699999990873,0.1444692611694336,0.1355265974998474,-0.662554144859314,13.01935577392578,-88.73851013183594,52.19141387939453,18.644777297973636,14.075754165649414,1.060553361887473,12.0677495551544,0.0543495640158653,1.0396918058395386,0.0,0.0,-2.000004529953003,-1.9971721172332764,0.1353346705436706,0.1357185393571853,0.0003,98.94416046142578
4,2410,964000,-0.0013293396249486,112.61836143493652,1.1743140482902528,0.0052221999503672,0.0293750000698491,0.2626307606697082,0.1333397477865219,0.1459449529647827,10.71916961669922,-59.15646743774414,51.283180236816406,18.776769638061523,12.482990264892578,1.0857055958441912,10.078447949109218,0.0745464041829109,0.868728518486023,0.0,0.0,-2.015012741088867,-2.0146970748901367,0.1333187073469162,0.1333607882261276,0.0003,54.77536010742188
4,2420,968000,-0.002636235639482,339.201609954834,1.1990022575855257,0.0059097064658999,0.0422000001510605,0.1204434037208557,0.1324416995048523,2.1046230792999268,18.47696876525879,-116.14686584472656,129.17709350585938,20.86030960083008,19.701478958129883,1.01613085205134,19.697564473553346,0.0460515320301055,0.8625224232673645,0.0,0.0,-2.018984317779541,-2.0242481231689453,0.1327902674674987,0.1320931315422058,0.0003,129.39028930664062
4,2430,972000,-0.0006283682498818,292.30880935668944,1.212077748775482,0.0021800443064421,0.0282999998750165,0.0802714824676513,0.1316106468439102,1.0422556400299072,17.182201385498047,-111.5120849609375,96.52922821044922,21.45466423034668,17.91632652282715,0.8308883724203384,13.471813557572778,0.0525800883769989,0.5278502106666565,0.0,0.0,-2.024458169937134,-2.031368494033813,0.1320653706789016,0.1311559081077575,0.0003,158.28565979003906
4,2440,976000,-0.0006344541870457,238.2842411804199,1.2222250378131867,0.0040067490190267,0.0154000000096857,0.2665925025939941,0.1310991048812866,-3.2062087059021,15.795313835144045,-121.16354370117188,68.98651123046875,17.911907196044922,18.444019317626957,1.2452681250971167,30.608147910524863,0.0653319060802459,1.0965684652328491,0.0,0.0,-2.0300822257995605,-2.0335240364074707,0.1313247084617614,0.1308735013008117,0.0003,107.9995346069336
4,2450,980000,-0.0030028710409791,304.5161903381348,1.235810494422913,0.0063657602295279,0.0514250000519678,0.1429199576377868,0.1296175122261047,1.4877694845199585,17.619112014770508,-62.0032958984375,105.55349731445312,19.598731994628903,19.03151130676269,1.029702806979072,20.749931975033306,0.0619364120066165,0.7844573259353638,0.0,0.0,-2.0403826236724854,-2.045959949493408,0.1299789696931839,0.1292560547590255,0.0003,139.03187561035156
4,2460,984000,-0.0021803486517164,247.39618911743165,1.2560272765159608,0.0043687908910214,0.0453749999823048,0.2317193150520324,0.128679096698761,-0.1302317529916763,15.795626640319824,-73.26089477539062,103.4552001953125,19.776012420654297,18.02091789245605,0.994071457884408,14.483944934782302,0.0591746978461742,0.7214317321777344,0.0,0.0,-2.052449941635132,-2.0484213829040527,0.1284199059009552,0.1289382874965667,0.0003,90.12081146240234
4,2470,988000,-0.0034278872545633,380.9110319519043,1.26615518450737,0.0051434966735541,0.0535749996919184,0.1548728942871093,0.1282068192958831,0.2773254513740539,19.615745544433597,-150.604248046875,112.81477355957033,19.25577545166016,21.337512969970703,1.1166939553047408,22.94921388454683,0.0603114962577819,0.7271542549133301,0.0,0.0,-2.05972671508789,-2.048525810241699,0.1274888068437576,0.1289248168468475,0.0003,192.9354248046875
4,2480,992000,-0.002475745064952,403.921188659668,1.2712257826328277,0.0051898220553994,0.0408000002149492,0.1373987197875976,0.1281003355979919,-3.1023266315460205,20.13900375366211,-103.6270751953125,119.03732299804688,17.653461456298828,21.68367576599121,1.018420009217817,33.79359167909568,0.0788263604044914,0.6928449273109436,0.0,0.0,-2.060309648513794,-2.049602031707764,0.1274145096540451,0.1287861466407776,0.0003,182.94827270507807
4,2490,996000,0.0002627783058243,222.5299055480957,1.2742925548553468,0.0044600535184144,0.0183499998459592,0.3744401335716247,0.1277993023395538,-2.4128103256225586,15.123576164245604,-115.44776153564452,56.639774322509766,12.77415657043457,19.121416091918945,1.3306086130210548,22.679855277419136,0.0355365127325058,1.168413758277893,0.0,0.0,-2.063374757766724,-2.0512502193450928,0.1270245760679245,0.1285740584135055,0.0003,105.678466796875
4,2500,1000000,-0.0025801506290954,169.87272254943846,1.2774508249759675,0.0057313139550387,0.0582000002078712,0.4212068319320678,0.1277298927307129,1.0873597860336304,13.066987037658691,-77.65825653076172,67.50563049316406,14.59738063812256,17.17567253112793,1.2277998402658894,20.010916046765573,0.0662506967782974,0.5410259366035461,0.0,0.0,-2.0642025470733643,-2.051512718200684,0.1269194632768631,0.1285403072834015,0.0003,77.00364685058594
