n_updates,num_timesteps,policy_loss,value_loss,entropy_loss,approx_kl,clip_fraction,explained_variance,log_std_mean,advantage_mean,advantage_std,advantage_min,advantage_max,return_mean,return_std,actor_grad_norm_mean,critic_grad_norm_mean,actor_param_update_norm,critic_param_update_norm,frac_sampled_action_clipped,frac_sampled_action_near_bound,log_std_bid,log_std_ask,action_std_bid,action_std_ask,learning_rate,total_loss
10,4000,-0.0017815204367769156,109.13054019927978,0.16725896015763284,0.00367978448048234,0.023449999941512943,-0.0006797313690185547,0.22202157974243164,3.5271661281585693,10.166150093078613,-37.867408752441406,64.1806640625,3.6225943565368652,10.162696838378906,0.6683779212067258,6.832493192161971,0.06879548728466034,1.6914540529251099,0.0,0.0,-1.508473515510559,-1.5015000104904175,0.22124744951725006,0.22279570996761322,0.0003,55.37104797363281
20,8000,-0.000550200369149021,63.994884452819825,0.17415854588150978,0.003925576340407133,0.015949999862350524,-0.0007576942443847656,0.22148080170154572,2.1515097618103027,7.935462474822998,-39.613014221191406,44.22315979003906,4.986135959625244,7.932457447052002,0.6195367527176545,4.35618719471108,0.08300904184579849,1.2870877981185913,0.0,0.0,-1.5091298818588257,-1.5057117938995361,0.2211022675037384,0.22185930609703064,0.0003,28.397974014282227
30,12000,-0.0016668384345019137,76.27739093780518,0.17877699181437492,0.002623163629323244,0.012099999911151826,0.010799050331115723,0.2209112048149109,2.2429933547973633,8.705734252929688,-65.9228515625,66.03825378417969,7.088297367095947,8.753125190734863,0.6632548605737182,6.279243210085489,0.07325072586536407,1.391951560974121,0.0,0.0,-1.5156619548797607,-1.5043588876724243,0.21966272592544556,0.22215968370437622,0.0003,53.469078063964844
40,16000,-0.0017683776401878327,39.09867340087891,0.1756157672405243,0.004124223720282316,0.02375000001396984,0.06246626377105713,0.2226852923631668,1.2811977863311768,6.3160529136657715,-32.656837463378906,30.716018676757812,8.33669376373291,6.523073673248291,0.6134135623413673,4.026561999102903,0.1358972191810608,1.4441711902618408,0.0,0.0,-1.5123822689056396,-1.4917160272598267,0.22038434445858002,0.2249862551689148,0.0003,15.710697174072266
50,20000,-0.0018309746684310112,76.81166721343995,0.16575126498937606,0.0040002609603106976,0.013000000026077032,0.03717726469039917,0.2219843566417694,3.1410248279571533,8.633907318115234,-40.3612060546875,74.42449951171875,11.311236381530762,8.799017906188965,0.6911496988163006,10.52902064142084,0.10936050862073898,1.0952816009521484,0.0,0.0,-1.5213161706924438,-1.4892377853393555,0.21842420101165771,0.2255444973707199,0.0003,32.17070007324219
60,24000,-0.001086421973808319,74.13909469604492,0.17297418996691705,0.003806131659075618,0.01622499995864928,0.07101404666900635,0.22204360365867615,2.738870143890381,8.473020553588867,-32.46607971191406,65.64414978027344,14.162918090820312,8.79090690612793,0.6170222184945505,11.190668228479412,0.08342579007148743,0.7909001111984253,0.0,0.0,-1.5222365856170654,-1.4878225326538086,0.21822327375411987,0.22586391866207123,0.0003,47.651947021484375
70,28000,-0.0016676033923315114,112.18342483520507,0.16967357963323593,0.0021896841935813427,0.006249999930150807,0.08074015378952026,0.2226383090019226,-0.7652844190597534,10.917632102966309,-72.4310073852539,27.48963165283203,13.212580680847168,11.386999130249023,0.6286558228399171,11.82134947791834,0.0953076109290123,1.5331385135650635,0.0,0.0,-1.5211998224258423,-1.4835675954818726,0.2184496372938156,0.226827010512352,0.0003,69.62594604492188
80,32000,-0.0019900850338339304,61.409901542663576,0.1705028773844242,0.003331295447424054,0.016650000005029142,0.2820456624031067,0.22168004512786865,0.21442373096942902,8.005589485168457,-38.869239807128906,30.949321746826172,12.234567642211914,9.44810962677002,0.6106114635805067,6.9651128641540625,0.06891630589962006,0.9686800241470337,0.0,0.0,-1.5262010097503662,-1.4872193336486816,0.21735985577106476,0.22600020468235016,0.0003,31.929122924804688
90,36000,-0.0025047120898103437,89.92923385620117,0.17924069210886956,0.0038236535619944334,0.01959999991580844,0.26589876413345337,0.22074410319328308,1.1751809120178223,9.497517585754395,-61.442962646484375,49.155948638916016,13.23429012298584,11.084908485412598,0.6382555356070905,9.105072146849693,0.08191800117492676,0.6696385741233826,0.0,0.0,-1.536187767982483,-1.4859455823898315,0.21519991755485535,0.22628827393054962,0.0003,41.388187408447266
100,40000,-0.0010097652536198432,48.38664524078369,0.1893039272725582,0.0029169442132115364,0.010500000012107193,0.4253823757171631,0.21939979493618011,0.41858065128326416,7.004401206970215,-34.952392578125,40.99256896972656,14.209074974060059,9.240203857421875,0.5798893482079552,4.90150224042431,0.09953607618808746,0.43137773871421814,0.0,0.0,-1.5497485399246216,-1.4850181341171265,0.2123013585805893,0.22649824619293213,0.0003,20.274606704711914
110,44000,-0.00146106492575782,62.79002643585205,0.19976612389087678,0.003876153379678726,0.04005000010132789,0.37455040216445923,0.2187345027923584,0.4507672190666199,7.937456130981445,-47.350181579589844,66.75601959228516,14.270397186279297,10.036566734313965,0.6668659870091861,5.672578597083853,0.08797276020050049,0.44923198223114014,0.0,0.0,-1.551802635192871,-1.4889771938323975,0.21186570823192596,0.22560326755046844,0.0003,36.332496643066406
120,48000,-0.0008072670035950047,70.73338932037353,0.20469533398747444,0.00252812122926116,0.006950000021606684,0.34522271156311035,0.21815404295921326,0.8616806268692017,8.56887149810791,-39.12202453613281,70.03733825683594,15.248476028442383,10.589533805847168,0.6888872592842306,9.62383082870354,0.059875987470149994,1.0564380884170532,0.0,0.0,-1.5582221746444702,-1.4881139993667603,0.2105099856853485,0.225798100233078,0.0003,44.11628723144531
130,52000,-0.0013987063553853663,64.77344379425048,0.21449972793459893,0.0037194681353867054,0.013150000059977174,0.49019426107406616,0.21653801202774048,-0.22350603342056274,8.263925552368164,-37.29533004760742,41.18487548828125,15.24514389038086,11.574014663696289,0.6018824370313485,10.405611022521443,0.08938907831907272,0.654822826385498,0.0,0.0,-1.567096471786499,-1.49420964717865,0.2086501121520996,0.22442591190338135,0.0003,30.184335708618164
140,56000,-0.0022441124792174395,96.2945133972168,0.2199953955411911,0.0038221944123506546,0.01965000000782311,0.47859591245651245,0.21759995818138123,1.7991801500320435,9.8102445602417,-84.31814575195312,43.78064727783203,16.189916610717773,13.586030960083008,0.5898462839983367,14.29411296019794,0.09078257530927658,0.6455236077308655,0.000125,0.00025,-1.5658619403839111,-1.4859288930892944,0.2089078724384308,0.22629204392433167,0.0003,48.70970916748047
150,60000,-0.0007355618503093897,49.31308685302734,0.21469339922070504,0.003082986455410719,0.005949999941512942,0.6106724739074707,0.2168627828359604,2.151200294494629,7.0043134689331055,-30.37213897705078,58.67678451538086,18.78887367248535,11.225560188293457,0.6057148193433544,12.203998677186908,0.10010015219449997,0.5382354259490967,0.0,0.0,-1.5669217109680176,-1.4914816617965698,0.20868659019470215,0.22503897547721863,0.0003,24.052001953125
160,64000,-0.0019405780136145,55.349171524047854,0.22555771827697754,0.004313663579523563,0.012449999982491135,0.63386070728302,0.215560644865036,0.8236108422279358,7.625280857086182,-58.12922668457031,37.543983459472656,19.806827545166016,12.601802825927734,0.5574650500777388,11.709961471629164,0.08699724823236465,0.538300633430481,0.0,0.0,-1.5748223066329956,-1.4957658052444458,0.2070443481206894,0.22407694160938263,0.0003,27.39128875732422
170,68000,-0.0018522950848040632,85.84785396575927,0.234308962225914,0.003986588679254055,0.018499999917112292,0.599030613899231,0.21539664268493652,0.9305523633956909,9.345063209533691,-60.91558837890625,86.34675598144531,20.088787078857422,14.75796890258789,0.6576817025942284,14.265570987529115,0.07563428580760956,0.5742253661155701,0.0,0.0,-1.580256462097168,-1.492228388786316,0.20592227578163147,0.2248709797859192,0.0003,45.390193939208984
180,72000,-0.0010027744679609895,72.83911052703857,0.23590775221586227,0.0033366945572197437,0.010350000043399633,0.6825665235519409,0.21499890089035034,0.03665521368384361,8.75732421875,-48.846282958984375,72.3786849975586,19.78312873840332,15.543364524841309,0.662573892440425,15.169658353051112,0.10541924089193344,0.6473111510276794,0.0,0.0,-1.5861461162567139,-1.4903900623321533,0.20471303164958954,0.22528475522994995,0.0003,38.22551727294922
190,76000,-0.00095066573471704,62.15720169067383,0.23543283030390738,0.0022796844132244587,0.006549999928101897,0.7141494154930115,0.21595008671283722,-0.5522253513336182,8.433042526245117,-55.674957275390625,31.069412231445312,19.034976959228516,15.773016929626465,0.5879323610549967,20.331509831456753,0.08375982940196991,0.9801916480064392,0.0,0.0,-1.5826786756515503,-1.4851160049438477,0.20542410016059875,0.22647607326507568,0.0003,26.343957901000977
200,80000,-0.0003441004255664648,133.90711616516114,0.22790880396962165,0.0019282063003629446,0.0028499999549239873,0.5253999829292297,0.2163424789905548,-0.47830930352211,11.826733589172363,-78.77900695800781,61.0712890625,17.381999969482422,17.16725730895996,0.6742431322949962,18.484788740535034,0.05681607499718666,1.1739797592163086,0.0,0.0,-1.5807114839553833,-1.4834383726119995,0.20582859218120575,0.2268563210964203,0.0003,68.76434326171875
210,84000,-0.0018864386742527195,86.39985416412354,0.22611022233963013,0.0033695611637085676,0.010224999906495214,0.6114954948425293,0.2162800431251526,1.297285795211792,9.62598991394043,-50.65199661254883,88.67539978027344,19.295026779174805,15.443558692932129,0.6424815433178689,18.641937579059114,0.06717520952224731,1.0566846132278442,0.0,0.0,-1.5825616121292114,-1.4823122024536133,0.20544813573360443,0.22711195051670074,0.0003,45.15554428100586
220,88000,-0.0020813793620473044,76.96305854797363,0.22872825384140014,0.00317215733230114,0.013399999951943756,0.6468928456306458,0.21581238508224487,1.8034127950668335,8.893455505371094,-42.567466735839844,52.039955139160156,19.013418197631836,14.966397285461426,0.6257597867308914,14.242312250450158,0.07827849686145782,1.2735077142715454,0.0,0.0,-1.5828489065170288,-1.4861781597137451,0.2053891271352768,0.22623564302921295,0.0003,42.57114028930664
230,92000,-0.00255633440761303,38.266360435485836,0.2384587000310421,0.0052744424901902676,0.03727499993983656,0.76446533203125,0.2143920212984085,-0.01543669868260622,6.323637962341309,-36.378639221191406,34.81852340698242,19.702163696289062,13.029854774475098,0.6014692144702323,7.741266140229313,0.08276286721229553,0.7469969987869263,0.0,0.0,-1.5940355062484741,-1.4886385202407837,0.20310434699058533,0.2256796956062317,0.0003,19.476337432861328
240,96000,-0.0022874748230900877,127.87849639892578,0.25244999334216117,0.0034632370807230473,0.023549999953247608,0.4628533720970154,0.21264240145683289,0.5788391828536987,11.374090194702148,-38.657371520996094,141.69505310058594,20.719947814941406,15.519231796264648,0.5830572800780341,12.764999042953553,0.10964707285165787,0.9150825142860413,0.0,0.0,-1.6032856702804565,-1.495883584022522,0.20123423635959625,0.22405053675174713,0.0003,36.87068176269531
250,100000,-0.0023001182692685682,87.04451766967773,0.2644078168272972,0.0037525370717048645,0.02332499987911433,0.5096035599708557,0.21189436316490173,0.2586323916912079,9.522238731384277,-50.461090087890625,44.242950439453125,18.842941284179688,13.597699165344238,0.6374082905636808,10.44562847571944,0.0805596113204956,1.1678929328918457,0.000125,0.0005,-1.6088926792144775,-1.4975403547286987,0.20010906457901,0.22367966175079346,0.0003,53.201904296875
260,104000,-0.0013821184483575055,97.34148765563965,0.2705913633108139,0.003143345471471548,0.020425000130198896,0.528954267501831,0.21148288249969482,0.4827176630496979,9.959168434143066,-70.597900390625,93.56505584716797,19.22828483581543,14.510805130004883,0.6672537728398953,9.544297641702322,0.06267421692609787,1.182751178741455,0.0,0.0,-1.618453025817871,-1.492719054222107,0.19820508360862732,0.22476069629192352,0.0003,43.597721099853516
270,108000,-0.0025630166726885407,159.80938385009765,0.27633983045816424,0.0066328407265245914,0.03470000000670552,0.3816344141960144,0.2107817679643631,-2.186948299407959,12.769702911376953,-76.36454772949219,73.83101654052734,16.219444274902344,16.238956451416016,0.7331046048980058,16.539479132133184,0.09237885475158691,0.7467577457427979,0.00025,0.00075,-1.6241989135742188,-1.493906021118164,0.1970694661140442,0.2244940549135208,0.0003,64.76302337646484
280,112000,-0.0017523936462552215,47.09738018035889,0.28667111068964,0.004070375580340624,0.022749999966472388,0.7193601131439209,0.2096358835697174,-0.6519201397895813,6.9156813621521,-47.50123977661133,23.430044174194336,17.899333953857422,13.0545015335083,0.6419748354050264,6.455897796704916,0.08827251940965652,0.827472448348999,0.0,0.0,-1.6297663450241089,-1.4992552995681763,0.19597534835338593,0.2232963889837265,0.0003,19.999162673950195
290,116000,-0.0005724262812640512,44.95371587753296,0.287535112798214,0.002970663830637932,0.007799999974668026,0.7159448862075806,0.21017298102378845,-0.25079280138015747,7.022067070007324,-31.329544067382812,46.411746978759766,17.98935317993164,13.175395965576172,0.5896344333564983,11.277987507570288,0.09313541650772095,1.0544781684875488,0.0,0.0,-1.6304986476898193,-1.49381685256958,0.19583189487457275,0.22451408207416534,0.0003,18.443830490112305
300,120000,-0.0023152152980808792,145.3791217803955,0.2867994940280914,0.004191047046333551,0.021275000064633787,0.4237241744995117,0.2097800225019455,1.0884830951690674,12.496293067932129,-78.69873046875,61.96391296386719,17.753768920898438,16.46137046813965,0.6779375399798727,20.790632012716696,0.08083201944828033,1.3794742822647095,0.0,0.0,-1.6256757974624634,-1.5015642642974854,0.19677864015102386,0.22278140485286713,0.0003,65.67314910888672
310,124000,-0.0016338946840944147,161.30211639404297,0.29004242181777956,0.00313215097412467,0.015050000022165477,0.41364651918411255,0.20965740084648132,-0.42103925347328186,12.8854398727417,-79.17129516601562,55.697017669677734,18.878522872924805,16.827495574951172,0.6014797836536325,14.848268404990677,0.09242621809244156,1.331110954284668,0.0,0.00025,-1.6259628534317017,-1.5024118423461914,0.19672217965126038,0.22259263694286346,0.0003,87.28495025634766
320,128000,-0.00013426862548258535,24.613357486724855,0.28669849783182144,0.0016776634147390723,0.008674999941140413,0.8016032576560974,0.21094590425491333,-0.7204772233963013,4.9889445304870605,-30.295135498046875,21.503971099853516,17.787511825561523,11.200602531433105,0.5779823252432261,6.203778821155112,0.09523145854473114,0.5846635699272156,0.0,0.0,-1.6244946718215942,-1.4921855926513672,0.19701121747493744,0.2248806357383728,0.0003,12.68348217010498
330,132000,-0.0032246733240725023,126.97524307250977,0.2835806801915169,0.004799459595233202,0.026800000057555735,0.45978832244873047,0.2097565233707428,-0.890849769115448,11.303458213806152,-64.0589370727539,46.301719665527344,18.130250930786133,15.379044532775879,0.6381441039656741,13.279840481314672,0.083001047372818,0.5791662931442261,0.0,0.0,-1.633483648300171,-1.4949276447296143,0.19524821639060974,0.22426483035087585,0.0003,49.10898971557617
340,136000,-0.00297256675952958,108.99068000793457,0.2930575519800186,0.005429644137620926,0.03227500022854656,0.5499531030654907,0.20939350128173828,-0.6078404784202576,10.51553726196289,-75.23052978515625,56.35480499267578,15.883295059204102,15.674820899963379,0.6329789549175975,13.247582177972246,0.07694517821073532,0.8284750580787659,0.0,0.0,-1.639079213142395,-1.493308424949646,0.19415871798992157,0.2246282547712326,0.0003,58.50763702392578
350,140000,-0.0016645750892399524,177.06030853271486,0.29873599648475646,0.001764860237017274,0.013124999897554517,0.3906184434890747,0.20845550298690796,0.43814095854759216,13.387845039367676,-89.34014892578125,144.2081298828125,16.922761917114258,17.150074005126953,0.7259592830332706,13.013493097240682,0.06298854202032089,1.0836584568023682,0.0,0.0,-1.6422829627990723,-1.4989107847213745,0.19353769719600677,0.22337330877780914,0.0003,66.84483337402344
360,144000,-0.0014230520680139302,52.511357116699216,0.31129521399736404,0.00412185350432992,0.015499999918974936,0.7076086401939392,0.20671531558036804,-0.09176807850599289,7.327199459075928,-38.23124694824219,33.96556854248047,17.369239807128906,13.550514221191406,0.5560367102482273,9.856116048127602,0.10875261574983597,0.6239119172096252,0.0,0.00025,-1.6535736322402954,-1.5047814846038818,0.1913648098707199,0.22206582129001617,0.0003,24.8905086517334
370,148000,-0.004329929295407781,48.33672004699707,0.3290332159399986,0.006392779294401407,0.05362500013783574,0.6820468902587891,0.2048017680644989,1.7668601274490356,7.056232929229736,-36.34422302246094,42.36334228515625,18.209749221801758,12.513861656188965,0.5986332086853536,12.587565204137666,0.12846538424491882,0.7427327632904053,0.0,0.0,-1.6722551584243774,-1.506066918373108,0.18782302737236023,0.22178053855895996,0.0003,25.236085891723633
380,152000,-0.0005531086600658419,101.02938594818116,0.3490223294496536,0.005668099038302898,0.019625000027008354,0.5636605620384216,0.20314374566078186,0.7316206097602844,10.270224571228027,-122.01473236083984,47.481807708740234,18.626609802246094,15.54775619506836,0.8080869812292923,12.58829259647862,0.10711824893951416,1.1658591032028198,0.0,0.0,-1.6798175573349,-1.5146756172180176,0.18640798330307007,0.21987949311733246,0.0003,39.35755157470703
390,156000,-0.002180648241758898,64.37623321533204,0.3618465828895569,0.00220649060793221,0.016624999959021808,0.6812137365341187,0.20208021998405457,-1.0939812660217285,8.130528450012207,-44.62638854980469,31.55496597290039,17.924211502075195,14.400214195251465,0.5825829347446334,11.981877746615128,0.07825032621622086,0.5932173728942871,0.0,0.0,-1.6884111166000366,-1.517098069190979,0.18481293320655823,0.2193474918603897,0.0003,30.01759910583496
400,160000,-0.0022781443520390886,38.340241241455075,0.36794035077095033,0.0028939396142959595,0.016749999942258,0.7887625694274902,0.20175600051879883,0.0013641967670992017,6.281434059143066,-37.87656784057617,43.59629821777344,17.5601749420166,13.66700553894043,0.6120210232674446,7.394205108162367,0.12429096549749374,0.6316913962364197,0.0,0.0,-1.6839357614517212,-1.523856282234192,0.18564189970493317,0.2178700864315033,0.0003,20.67422866821289
410,164000,-0.0007634809466981096,101.91718154907227,0.36991777330636977,0.002121903467923403,0.010349999973550439,0.544058620929718,0.20138826966285706,-2.162576198577881,10.246262550354004,-85.96607971191406,52.775447845458984,15.540359497070312,15.174381256103516,0.5723506001083518,18.58836256386988,0.054456111043691635,0.7252934575080872,0.0,0.00025,-1.6779236793518066,-1.5324065685272217,0.18676133453845978,0.21601520478725433,0.0003,49.649105072021484
420,168000,-0.001387045006124028,48.70198806762696,0.38345475256443023,0.004398579243570566,0.020324999857693912,0.7334372997283936,0.1992597132921219,0.5459665060043335,7.022409439086914,-42.997314453125,45.32438278198242,16.0142879486084,13.601490020751953,0.6230530296924212,8.64056894817554,0.10554997622966766,0.6596798300743103,0.0,0.0,-1.687502384185791,-1.5439382791519165,0.18498094379901886,0.21353846788406372,0.0003,17.883264541625977
430,172000,-0.002465697754611025,53.23402416229248,0.3985873144865036,0.004480007570236921,0.042524999957531694,0.7048763036727905,0.19820262491703033,-0.11777263134717941,7.392618179321289,-38.450958251953125,37.44538879394531,15.883820533752441,13.608061790466309,0.5568739775911129,8.29419614054842,0.07758643478155136,0.8458429574966431,0.0,0.0,-1.69206964969635,-1.5499093532562256,0.18413801491260529,0.212267205119133,0.0003,23.405118942260742
440,176000,-0.0021697368534078086,67.25957313537597,0.4020516422390938,0.0033595121931284666,0.0284500000346452,0.6436605453491211,0.19882917404174805,0.9036242961883545,8.281420707702637,-40.385704040527344,51.47566604614258,17.16743278503418,13.873079299926758,0.6608780169401264,10.93221313970738,0.08772120624780655,0.5584957599639893,0.0,0.0,-1.6908130645751953,-1.5451081991195679,0.1843695491552353,0.2132887989282608,0.0003,33.5769157409668
450,180000,-0.0015058597566065136,52.3013973236084,0.3934128564596176,0.003980610053986311,0.02690000005066395,0.7117515206336975,0.19977088272571564,-0.3427097797393799,7.3637285232543945,-38.38463592529297,44.04864501953125,16.809358596801758,13.715582847595215,0.5964606389127074,9.140944318917342,0.0689302608370781,0.89612877368927,0.0,0.0,-1.687052845954895,-1.5395498275756836,0.1850641369819641,0.21447764337062836,0.0003,23.6622257232666
460,184000,-0.0024114478398789287,70.2203239440918,0.39268032521009444,0.00495977234095335,0.037299999981187285,0.5721917748451233,0.1986413151025772,1.4101217985153198,8.558321952819824,-37.538761138916016,41.302276611328125,17.777690887451172,13.084708213806152,0.6034072219315463,11.576229199374392,0.07573246955871582,0.9827229380607605,0.0,0.0,-1.6909195184707642,-1.5467791557312012,0.184349924325943,0.21293269097805023,0.0003,36.30070114135742
470,188000,-4.174850129056829e-05,58.717877578735354,0.4037472274899483,0.006026267074048519,0.022475000047124924,0.6460917592048645,0.19788211584091187,-0.596705436706543,7.715240955352783,-52.41986846923828,35.791717529296875,17.279212951660156,12.9689302444458,0.7425254465578993,9.42351930530395,0.09481499344110489,0.48889341950416565,0.0,0.00025,-1.6936365365982056,-1.551572322845459,0.18384972214698792,0.211914524435997,0.0003,32.026512145996094
480,192000,-0.0004586507947162322,164.74428058624267,0.40894688993692396,0.005013385787606239,0.02672499995213002,0.35383427143096924,0.19773569703102112,1.2785260677337646,13.064371109008789,-35.85020446777344,179.01406860351562,18.574249267578125,16.252363204956055,0.6698826607515076,19.004722397212888,0.0907410979270935,0.9510061740875244,0.0,0.0,-1.6888301372528076,-1.5571496486663818,0.184735506772995,0.21073590219020844,0.0003,98.23165893554688
490,196000,-0.0009188164366456509,126.39242805480957,0.4093154475092888,0.002486500423401594,0.014099999973550438,0.4921119809150696,0.1974397599697113,0.4426906108856201,11.349774360656738,-83.10908508300781,60.809532165527344,18.342531204223633,15.925871849060059,0.662022892833547,13.773848549108498,0.07817911356687546,0.7926772832870483,0.0,0.0,-1.688537359237671,-1.5602197647094727,0.18478959798812866,0.21008990705013275,0.0003,52.653202056884766
500,200000,-0.0015672533902145003,74.75588695526123,0.41568575948476794,0.005170778371393681,0.027500000009313227,0.6045199036598206,0.19616705179214478,0.000402160658268258,8.88282585144043,-40.49894332885742,51.4937629699707,18.96778106689453,14.125012397766113,0.6707560364433911,12.972385391688945,0.09682909399271011,1.0457686185836792,0.0,0.0,-1.6902258396148682,-1.570908546447754,0.18447785079479218,0.20785623788833618,0.0003,41.39768981933594
510,204000,-0.0016327355318584492,78.66401550292969,0.4245369520783424,0.001730578369461,0.02037500005681068,0.6161571741104126,0.19589942693710327,-0.7160264849662781,8.887690544128418,-61.91911315917969,70.43767547607422,18.235729217529297,14.34538459777832,0.7247525222822297,10.28863455221052,0.07293566316366196,0.5215110778808594,0.0,0.0,-1.6943070888519287,-1.5698693990707397,0.1837264895439148,0.20807234942913055,0.0003,53.56080627441406
520,208000,-0.0008323497937211855,76.62626136779785,0.4226066207885742,0.0028586513362824917,0.011899999980814755,0.5935659408569336,0.19673147797584534,-0.38208261132240295,8.847526550292969,-40.52547836303711,41.57239532470703,18.03802490234375,13.877998352050781,0.5862420889660016,12.276293026684643,0.07832261919975281,0.7035942077636719,0.0,0.00025,-1.689030647277832,-1.5665485858917236,0.18469847738742828,0.2087644636631012,0.0003,43.06005096435547
530,212000,-0.0016610135027643124,104.61559391021729,0.4123111346364021,0.004335707053542137,0.026775000076740982,0.5682768225669861,0.1976669877767563,-0.17986425757408142,10.340376853942871,-95.70197296142578,42.67803955078125,17.396568298339844,15.737425804138184,0.6094878499626131,14.002267169958161,0.09354843199253082,0.6868395805358887,0.0,0.0,-1.6810792684555054,-1.5646507740020752,0.1861729472875595,0.20916105806827545,0.0003,64.80998992919922
540,216000,-0.003176688260595255,55.39726081848144,0.40680201947689054,0.003783151973038912,0.03644999991171062,0.7074737548828125,0.19785630702972412,-0.32314324378967285,7.603654384613037,-50.50196838378906,64.57969665527344,17.996801376342773,14.058531761169434,0.6030324533966628,10.669460760218074,0.0884651243686676,0.7410045266151428,0.0,0.0,-1.6809961795806885,-1.5629159212112427,0.18618841469287872,0.2095242291688919,0.0003,33.17213439941406
550,220000,-0.0018176123792320099,73.55131000518799,0.4104355147480965,0.0023018778301775455,0.012299999981187283,0.6233299970626831,0.1967240571975708,-1.4176231622695923,8.715463638305664,-62.66936111450195,40.27123260498047,16.698673248291016,14.20070743560791,0.6508594323397042,13.269337124980284,0.08002589643001556,0.8316622376441956,0.0,0.0,-1.688849925994873,-1.566779613494873,0.1847318559885025,0.2087162435054779,0.0003,34.07695388793945
560,224000,-0.0026584554327850098,59.82860485076904,0.42569475412368774,0.0059253983199596405,0.02832499992568046,0.6912461519241333,0.195104718208313,0.5744003057479858,7.828279495239258,-45.61109924316406,38.0113525390625,16.693042755126953,14.088349342346191,0.6278186530414535,10.793950855205653,0.12817753851413727,0.6178385019302368,0.0,0.0,-1.695009708404541,-1.5769126415252686,0.18359744548797607,0.2066119909286499,0.0003,29.620447158813477
570,228000,-0.0012822356680320813,59.88282119750976,0.43794869869947434,0.003275688271969557,0.022250000005587935,0.689706563949585,0.194253072142601,0.605450451374054,7.843303680419922,-72.60443115234375,40.92174530029297,18.26096534729004,14.080327987670898,0.6351050839771235,10.77333413644092,0.09247496724128723,0.8710913062095642,0.0,0.0,-1.6911908388137817,-1.5886248350143433,0.18429990112781525,0.20420622825622559,0.0003,19.595701217651367
580,232000,-0.0023237725356080752,64.36269859313965,0.44700964123010634,0.00360296037979424,0.021950000165961683,0.6749275326728821,0.19320958852767944,0.7114568948745728,8.20465087890625,-60.84824752807617,63.10194396972656,17.500871658325195,14.390304565429688,0.6239434493283015,12.938450418874368,0.0763402059674263,0.8106974363327026,0.0,0.0,-1.6928743124008179,-1.5973646640777588,0.18398991227149963,0.20242927968502045,0.0003,30.57265853881836
590,236000,-0.003294341184941003,30.018467407226563,0.4550239884853363,0.0067128813825547695,0.051949999784119426,0.834429919719696,0.19269677996635437,0.12791071832180023,5.528506278991699,-32.27234649658203,25.72910499572754,18.111473083496094,13.586790084838867,0.5507725617428197,7.023913575764541,0.11747385561466217,0.5757359862327576,0.0,0.0,-1.7037149667739868,-1.5926425457000732,0.1820061206817627,0.20338742434978485,0.0003,17.3812198638916
600,240000,-0.001859760556370027,140.94037338256837,0.45814648509025574,0.003742104396224022,0.01887500009033829,0.5113487243652344,0.19263267517089844,-0.3974423408508301,11.976948738098145,-82.70670318603516,82.95928192138672,17.723756790161133,17.13352394104004,0.6805162330891502,15.610601829048585,0.08601213246583939,0.6658299565315247,0.0,0.0,-1.6982706785202026,-1.5981734991073608,0.18299970030784607,0.20226562023162842,0.0003,60.39834213256836
610,244000,-0.001801538813306615,111.38481430053712,0.4624790543317795,0.002014801139011979,0.01694999999832362,0.6145886778831482,0.19172069430351257,-1.3808938264846802,10.698349952697754,-91.96214294433594,37.577392578125,15.892043113708496,17.232749938964844,0.6104156518441267,15.67789238967507,0.07205072790384293,0.7787437438964844,0.0,0.0,-1.7005717754364014,-1.6051356792449951,0.18257910013198853,0.20086228847503662,0.0003,47.05774688720703
620,248000,-0.0008603434239892494,58.815319290161135,0.4701701936125755,0.0051357802003622055,0.02114999999757856,0.7176440954208374,0.1912536770105362,-0.19795089960098267,7.943713665008545,-40.146827697753906,33.216434478759766,14.137066841125488,14.949447631835938,0.5821350871059036,12.076562528767443,0.06833195686340332,0.7953709959983826,0.0,0.0,-1.6970733404159546,-1.6130023002624512,0.18321894109249115,0.19928838312625885,0.0003,29.72243881225586
630,252000,-0.0016257307407671728,166.88429862976074,0.46982100456953046,0.0050933933816850185,0.01994999999180436,0.4196646809577942,0.19186434149742126,-2.0281875133514404,13.243643760681152,-80.66395568847656,49.742374420166016,14.830957412719727,17.38473129272461,0.6419818872935408,26.318142404502147,0.09708895534276962,1.1318583488464355,0.0,0.0,-1.6907250881195068,-1.6127288341522217,0.1843857765197754,0.19934289157390594,0.0003,95.2844009399414
640,256000,-0.000924281433442955,61.164062576293944,0.4609812006354332,0.002256976906210184,0.015099999946542084,0.6527488231658936,0.19251535832881927,-0.1871672421693802,8.007745742797852,-59.71070861816406,43.28099060058594,14.896344184875488,13.589029312133789,0.5650921580906342,11.572332998717089,0.07882610708475113,0.7837717533111572,0.0,0.0,-1.683059811592102,-1.6133147478103638,0.1858045756816864,0.19922612607479095,0.0003,27.048791885375977
650,260000,-0.0013817436000579607,70.03870445251465,0.45534155577421187,0.00271963095292449,0.01892500001937151,0.579759955406189,0.19315165281295776,1.0103483200073242,8.48361587524414,-51.47572326660156,53.429771423339844,15.572429656982422,13.086764335632324,0.6026980936604126,9.417346988916046,0.08162347972393036,0.7201679348945618,0.0,0.0,-1.6901029348373413,-1.6004644632339478,0.1845005303621292,0.20180276036262512,0.0003,39.78353500366211
660,264000,-0.0016688431880153053,96.29630317687989,0.46219952434301376,0.0032735434360802174,0.02044999998062849,0.4782201647758484,0.19071033596992493,-0.6062319278717041,9.899687767028809,-43.17536926269531,76.69486999511719,14.938592910766602,13.704961776733398,0.571567759043901,10.621408043231456,0.08367232978343964,0.7092474102973938,0.0,0.0,-1.7022095918655396,-1.6137453317642212,0.1822803020477295,0.19914035499095917,0.0003,55.016841888427734
670,268000,-0.001117350288268879,49.71533414840698,0.4799105480313301,0.004752618260681629,0.031025000023655592,0.5874874591827393,0.19066153466701508,0.26764658093452454,7.204137325286865,-39.48714828491211,51.06082534790039,14.97288703918457,11.216655731201172,0.6211363870851531,6.972628232572515,0.08149760961532593,1.0234265327453613,0.0,0.0,-1.7015068531036377,-1.6148796081542969,0.1824084371328354,0.19891460239887238,0.0003,19.97049331665039
680,272000,-0.0014139403997251066,139.82557884216308,0.4783560740947723,0.0036046311724931,0.02154999991878867,0.29182982444763184,0.19057424366474152,0.23941928148269653,12.085593223571777,-74.57954406738281,56.43614196777344,15.855381965637207,14.361478805541992,0.6075395503932733,14.288996503954724,0.0839013084769249,1.3003251552581787,0.0,0.0,-1.7025480270385742,-1.6148030757904053,0.18221862614154816,0.19892984628677368,0.0003,60.505096435546875
690,276000,-0.0018422706611921935,73.6758755493164,0.48509024679660795,0.003197637852281332,0.02432500001974404,0.4962824583053589,0.18922266364097595,-0.9640535712242126,8.665010452270508,-58.76249694824219,31.88574981689453,14.303317070007324,12.20887279510498,0.5530820853685856,8.553170920331969,0.08549349755048752,0.63018399477005,0.0,0.0,-1.710712194442749,-1.6209626197814941,0.18073701858520508,0.19770827889442444,0.0003,35.87586975097656
700,280000,-0.005118140762434633,54.72140644073486,0.5023601508140564,0.008580915629863739,0.06412500007078052,0.5444039702415466,0.18772408366203308,0.7943470478057861,7.478622913360596,-38.02396774291992,33.70659637451172,14.66832447052002,11.079793930053711,0.6543428232714976,7.963378086985319,0.0920921117067337,0.6322996616363525,0.0,0.0,-1.7101114988327026,-1.636795997619629,0.18084563314914703,0.19460254907608032,0.0003,25.82670021057129
710,284000,-0.004619717768655036,64.84217979431152,0.5160836631059647,0.005825337953865528,0.046224999902769924,0.4714542627334595,0.1863352358341217,0.09354983270168304,8.145452499389648,-54.129791259765625,39.83633041381836,15.275712966918945,11.204021453857422,0.6340623025913853,6.708748765973996,0.15619125962257385,1.2140387296676636,0.0,0.0,-1.7182066440582275,-1.6436004638671875,0.17938756942749023,0.1932828724384308,0.0003,31.92204475402832
720,288000,-0.002395823235102581,39.936380252838134,0.532806071639061,0.004307279828935862,0.03724999972619116,0.6030299663543701,0.1849370002746582,-0.08020012825727463,6.4132513999938965,-41.90028381347656,28.3523006439209,14.675655364990234,10.178866386413574,0.6117374263782684,6.0213822449276915,0.08511018007993698,1.1305770874023438,0.0,0.0,-1.7212042808532715,-1.6553596258163452,0.17885062098503113,0.1910233348608017,0.0003,16.849105834960938
730,292000,-0.001450027501031581,36.678538208007815,0.5481264114379882,0.004678194411098957,0.026049999906681477,0.5766904950141907,0.18285009264945984,0.8740293979644775,6.212658405303955,-30.1724910736084,38.019317626953125,16.336959838867188,9.548792839050293,0.6891753766206318,7.148942238859997,0.10968484729528427,1.2208975553512573,0.0,0.0,-1.7313809394836426,-1.6678065061569214,0.1770397424697876,0.18866044282913208,0.0003,17.256444931030273
740,296000,-0.0017926899567537458,115.2334408569336,0.5600456929206848,0.0056228735484182835,0.0290750000346452,0.3949466943740845,0.18310265243053436,-1.8392010927200317,10.918346405029297,-70.80755615234375,42.106666564941406,14.561705589294434,14.036540031433105,0.6439783634284959,15.98732426773143,0.07274016737937927,0.837990403175354,0.0,0.0,-1.72642183303833,-1.669796347618103,0.1779198944568634,0.18828538060188293,0.0003,44.176246643066406
750,300000,-0.001025190702304819,58.12302837371826,0.5646968042850494,0.0035371906124055386,0.013575000022538006,0.6030148267745972,0.18175281584262848,0.10592712461948395,7.728110313415527,-43.53490447998047,43.69948959350586,14.988661766052246,12.265524864196777,0.6197678184686297,8.946207984070561,0.07571937888860703,0.8879384398460388,0.0,0.0,-1.7298641204833984,-1.680949330329895,0.17730849981307983,0.18619713187217712,0.0003,28.318357467651367
760,304000,-0.0024512698347651176,64.90696460723876,0.5833803063631058,0.00507278461009264,0.058850000258535144,0.504505455493927,0.18000420928001404,0.4560645818710327,8.175678253173828,-57.61858367919922,35.5433464050293,16.076520919799805,11.614602088928223,0.6075884777567642,8.641480827225097,0.08993542939424515,1.0140968561172485,0.0,0.0,-1.7420978546142578,-1.6881788969039917,0.17515257000923157,0.1848558485507965,0.0003,38.13228225708008
770,308000,-0.0015385615598417647,94.63902168273925,0.5931775093078613,0.0027928445488214493,0.01724999997764826,0.4899052381515503,0.17994067072868347,-0.980443000793457,9.746533393859863,-51.42676544189453,76.67010498046875,15.427775382995605,13.64660930633545,0.693400362030772,10.798103291951243,0.07065989822149277,0.5024340152740479,0.0,0.0,-1.7321425676345825,-1.6983983516693115,0.17690496146678925,0.1829763501882553,0.0003,41.07606887817383
780,312000,-0.004047421240684344,36.830878715515134,0.5953529220819473,0.005456096492707729,0.04529999994672835,0.6703004837036133,0.17935092747211456,0.8889393210411072,6.101933479309082,-56.42266845703125,31.482852935791016,15.983790397644043,10.62694263458252,0.5735049390407858,7.448893719508232,0.10558497160673141,0.6099587082862854,0.0,0.0,-1.739196538925171,-1.69804847240448,0.17566147446632385,0.18304038047790527,0.0003,19.736684799194336
790,316000,-0.002274002947488043,83.56866661071777,0.6011312633752823,0.0045926738530397415,0.021200000159442425,0.40688878297805786,0.17885847389698029,0.19903582334518433,9.269002914428711,-50.01348114013672,42.98604965209961,16.499732971191406,12.0355224609375,0.5793114655159286,10.277843794478956,0.08261793851852417,0.5941393971443176,0.0,0.0,-1.7419307231903076,-1.700812816619873,0.17518185079097748,0.1825350970029831,0.0003,40.18186569213867
800,320000,-0.002339971856513876,55.32556571960449,0.6075197434425355,0.003849244909361005,0.0402749998960644,0.5257388353347778,0.17824751138687134,-0.1787986308336258,7.495362281799316,-55.23908615112305,40.30915832519531,15.706583976745605,10.883882522583008,0.6951023551231521,7.924816651880224,0.11524912714958191,0.7785221338272095,0.0,0.0,-1.735748052597046,-1.7135396003723145,0.1762683093547821,0.18022671341896057,0.0003,25.64926528930664
810,324000,-0.0032818595238583016,127.01968376159668,0.608725608587265,0.004270909819751978,0.021974999932572247,0.37438851594924927,0.17906218767166138,-1.4563724994659424,11.610018730163574,-93.66410064697266,43.61188507080078,14.303812026977539,14.678462982177734,0.637735853452901,19.43401041265379,0.09221460670232773,1.4574443101882935,0.0,0.0,-1.7290422916412354,-1.7110824584960938,0.17745427787303925,0.1806701123714447,0.0003,45.639400482177734
820,328000,-0.0013404634335216548,61.033219718933104,0.6011325192451477,0.0037526476662606,0.01684999997727573,0.5395270586013794,0.17932042479515076,-0.37797456979751587,8.020974159240723,-50.45177459716797,36.21611785888672,13.459487915039062,11.820206642150879,0.6238615830788024,9.803235501760438,0.06383368372917175,1.6151255369186401,0.0,0.0,-1.7233436107635498,-1.7138408422470093,0.17846842110157013,0.18017242848873138,0.0003,23.824243545532227
830,332000,-0.0012728834798013855,92.41126640319824,0.6023271328210831,0.002962074475362897,0.014775000014342368,0.37846362590789795,0.1785021424293518,2.0048422813415527,9.728436470031738,-48.04175567626953,73.68024444580078,16.13892936706543,12.33984661102295,0.6346060971102557,14.977049446661228,0.06101885437965393,0.842651903629303,0.0,0.0,-1.7339228391647339,-1.7125012874603271,0.17659032344818115,0.18041396141052246,0.0003,48.881507873535156
840,336000,-0.003568753071683748,51.65618968963623,0.6134121000766755,0.004132244735956192,0.023650000048801304,0.5260657072067261,0.17771779000759125,0.11564794927835464,7.491567611694336,-45.65306854248047,36.22117614746094,16.495616912841797,10.882122993469238,0.6503393894304892,10.095941821960588,0.07816163450479507,0.9053345918655396,0.0,0.0,-1.7400670051574707,-1.7152043581008911,0.17550864815711975,0.17992694675922394,0.0003,26.961669921875
850,340000,-0.0007458851728006266,85.8750146484375,0.6167902702093124,0.002505779732018709,0.024200000036507845,0.41298359632492065,0.1779390573501587,0.3984631299972534,9.454957008361816,-58.70508575439453,56.46074676513672,16.606176376342773,12.340547561645508,0.605545158399107,11.06390802664304,0.07382646948099136,0.8649612069129944,0.0,0.0,-1.7376322746276855,-1.7151226997375488,0.1759364753961563,0.17994162440299988,0.0003,39.484657287597656
860,344000,-0.002052895281416567,128.25825889587404,0.6176476967334747,0.005373685620725155,0.03835000000428408,0.33551502227783203,0.17732025682926178,0.1332014501094818,11.406879425048828,-57.39725112915039,60.713741302490234,17.00406265258789,13.993432998657227,0.6358824767975322,10.94438781200332,0.10360316932201385,0.8979342579841614,0.0,0.0,-1.747917890548706,-1.7120002508163452,0.17413613200187683,0.18050435185432434,0.0003,57.6406135559082
870,348000,-0.0005422694351822433,53.1136946105957,0.6243840688467026,0.0011002321261912584,0.011249999995343388,0.5670326948165894,0.17693108320236206,0.4662262797355652,7.3475260734558105,-26.95085906982422,52.06903076171875,17.94091033935547,11.166411399841309,0.6238382338590567,7.452530724336832,0.05152067542076111,0.6583201885223389,0.0,0.0,-1.7578668594360352,-1.7067756652832031,0.17241226136684418,0.18144989013671875,0.0003,29.615951538085938
880,352000,-0.0014297911332081625,89.58939239501953,0.6230810755491256,0.004882080480456352,0.016300000003539025,0.5422422885894775,0.1777556836605072,-1.8413995504379272,9.700793266296387,-62.03460693359375,40.68428039550781,15.606551170349121,14.338027000427246,0.6362987933677864,18.7193470960024,0.07251186668872833,0.7783498764038086,0.0,0.0,-1.760805368423462,-1.694968581199646,0.17190636694431305,0.18360498547554016,0.0003,46.67951583862305
890,356000,-0.0012885199487238407,95.44502220153808,0.6189473670721054,0.0038246798794716597,0.016149999951012434,0.578907310962677,0.17719106376171112,0.9985217452049255,9.842376708984375,-43.11439895629883,71.30363464355469,16.30986213684082,15.167399406433105,0.6819415171248977,13.152932214724924,0.08282174170017242,0.7051813006401062,0.0,0.0,-1.7647773027420044,-1.6974103450775146,0.1712249219417572,0.18315722048282623,0.0003,48.08362579345703
900,360000,-0.0022159918043034832,83.81471210479737,0.628645835518837,0.0029879615176469088,0.02272500009275973,0.6223113536834717,0.17613661289215088,-0.47588586807250977,9.331768035888672,-53.76902770996094,42.49138259887695,16.16021156311035,15.184377670288086,0.6829197649317125,13.627175036628552,0.09195488691329956,1.0702252388000488,0.0,0.0,-1.7738677263259888,-1.7004696130752563,0.16967545449733734,0.18259775638580322,0.0003,43.76814651489258
910,364000,-0.0018998566695037878,55.49748600006104,0.6324320924282074,0.004306987393647432,0.035475000040605664,0.6982430219650269,0.17711377143859863,0.8030989766120911,7.511430740356445,-41.337059020996094,37.786094665527344,16.658466339111328,13.6739501953125,0.6388139311998647,8.812486098290904,0.06565969437360764,0.8714545369148254,0.0,0.0,-1.7677079439163208,-1.6955206394195557,0.1707238405942917,0.183503657579422,0.0003,33.304508209228516
920,368000,-0.0028530021604587087,120.3518318939209,0.6238403397798539,0.004746510647237301,0.034799999939277765,0.500178337097168,0.17715638875961304,0.8845847249031067,11.054579734802246,-55.54913330078125,68.20549011230469,17.342031478881836,15.63632583618164,0.6803759246015763,13.1847058214608,0.07141883671283722,1.0407694578170776,0.0,0.0,-1.764076590538025,-1.6984448432922363,0.17134493589401245,0.18296784162521362,0.0003,57.89585494995117
930,372000,-0.0016393950843928806,126.70069969177246,0.6245121961832046,0.0021226408425718546,0.010274999965913594,0.5365555286407471,0.17714816331863403,-2.522176742553711,11.436357498168945,-60.793941497802734,52.37574768066406,15.240260124206543,16.799211502075195,0.659047709887015,21.867096090024106,0.07039619982242584,1.2425289154052734,0.0,0.00025,-1.7618592977523804,-1.7006158828735352,0.1717252880334854,0.18257102370262146,0.0003,67.22096252441406
940,376000,-0.0024757290024601366,148.98147979736328,0.6214551544189453,0.00518507044762373,0.032824999932199714,0.5027270317077637,0.17786431312561035,-0.6111852526664734,12.273048400878906,-73.05154418945312,78.58709716796875,14.234542846679688,17.404237747192383,0.6463720631825426,13.382509896883755,0.07961641252040863,0.9463626146316528,0.0,0.0,-1.7589480876922607,-1.695525884628296,0.1722259372472763,0.1835027039051056,0.0003,72.78955841064453
950,380000,-0.0022947038118669295,202.19753295898437,0.6157177650928497,0.004244452342391014,0.01880000000819564,0.24719387292861938,0.17795856297016144,0.878904402256012,14.725725173950195,-55.89210891723633,98.74317932128906,15.723241806030273,16.972082138061523,0.7115992786735329,23.843131864850935,0.06411313265562057,1.2270824909210205,0.0,0.0,-1.7631940841674805,-1.6905345916748047,0.1714962273836136,0.1844208836555481,0.0003,85.62935638427734
960,384000,-0.0024779985458197183,141.24997550964355,0.6129496377706528,0.00523152481764555,0.050250000259839,0.38419032096862793,0.17851175367832184,-0.542746901512146,12.310604095458984,-91.28221130371094,69.58233642578125,15.326515197753906,15.687585830688477,0.7275784590764964,20.647488933420114,0.05434683710336685,1.2566262483596802,0.0,0.0,-1.761183500289917,-1.686415433883667,0.17184136807918549,0.185182124376297,0.0003,67.95319366455078
970,388000,-0.000953101048071403,90.68578201293946,0.6125991386175156,0.0038237483240664005,0.020449999971315264,0.5310560464859009,0.17777834832668304,1.6887471675872803,9.607447624206543,-55.0817756652832,75.50311279296875,16.205942153930664,14.029672622680664,0.6724267291060012,15.1683579828036,0.06334607303142548,0.7360880970954895,0.0,0.0,-1.767655372619629,-1.6883519887924194,0.17073282599449158,0.18482385575771332,0.0003,45.56679916381836
980,392000,-0.0020080952308475395,88.95711376190185,0.6173769789934158,0.0038089617155492306,0.030774999903514982,0.503666877746582,0.1780773401260376,0.6213317513465881,9.561960220336914,-79.09388732910156,65.3354263305664,17.261159896850586,13.572513580322266,0.6445039340147476,10.912925646104151,0.0660804808139801,0.867297351360321,0.0,0.0,-1.7675864696502686,-1.685185194015503,0.17074459791183472,0.18541009724140167,0.0003,43.8257942199707
990,396000,-0.0015492470224416977,103.34333393096924,0.6122779619693756,0.005222924519330263,0.030649999966844917,0.35942018032073975,0.17853668332099915,2.2934138774871826,10.449466705322266,-37.28388595581055,66.96870422363281,19.5966739654541,13.05592155456543,0.6211934077051522,20.019186265689765,0.10857503861188889,0.8839625716209412,0.0,0.0,-1.7626920938491821,-1.684748649597168,0.17158234119415283,0.18549104034900665,0.0003,37.15460968017578
1000,400000,-0.0024940679539266065,216.72422424316406,0.6067306339740753,0.004120920784771442,0.029249999946914615,0.3032549023628235,0.17902474105358124,-0.5558415651321411,14.853313446044922,-156.2223358154297,89.58171081542969,16.592985153198242,17.794525146484375,0.7796710001046856,22.03081988403675,0.0764545425772667,0.9778305292129517,0.0,0.0,-1.7569153308868408,-1.6848454475402832,0.17257638275623322,0.18547308444976807,0.0003,86.31831359863281
1010,404000,0.00019508889368344384,153.90889099121094,0.6054767841100692,0.0023843501694500446,0.011650000060908496,0.47648710012435913,0.1785057634115219,-3.284153938293457,12.475838661193848,-74.70038604736328,81.28174591064453,14.401874542236328,17.24273109436035,0.7156382861795302,24.557973275305116,0.03944328427314758,1.0114928483963013,0.0,0.0,-1.7592037916183472,-1.6883208751678467,0.1721819043159485,0.18482960760593414,0.0003,81.01273345947266
1020,408000,-0.0022644610635092197,67.44837776184082,0.6146837943792343,0.004495297092944384,0.043574999696575106,0.6613699793815613,0.17755991220474243,-0.42177584767341614,8.356863021850586,-47.655696868896484,49.12226867675781,13.94851303100586,14.36086368560791,0.7249845893106237,11.031765767503737,0.11732176691293716,1.0947800874710083,0.0,0.0,-1.7696045637130737,-1.6889169216156006,0.17040035128593445,0.1847194880247116,0.0003,40.750152587890625
1030,412000,-0.002339222223520121,154.6056671142578,0.6231337249279022,0.004788654390722513,0.047474999888800086,0.43164390325546265,0.1771858185529709,-0.09400109946727753,12.57418441772461,-63.96245574951172,77.30180358886719,14.727612495422363,16.678983688354492,0.6215814094772455,14.803517652949692,0.094126395881176,0.7142477631568909,0.0,0.0,-1.7742871046066284,-1.6886579990386963,0.1696043312549591,0.18476732075214386,0.0003,86.82360076904297
1040,416000,-0.002500130041976809,74.18398742675781,0.6290182411670685,0.005101263988763094,0.0377750000776723,0.6195269823074341,0.17636509239673615,-0.3172396719455719,8.749284744262695,-59.069339752197266,38.36534881591797,13.3503999710083,14.184389114379883,0.7085642293918291,10.443920807494884,0.08391449600458145,1.0426970720291138,0.0,0.0,-1.778140902519226,-1.6940255165100098,0.16895195841789246,0.18377822637557983,0.0003,27.91434669494629
1050,420000,-0.005425992650355329,168.15286949157715,0.6315756690502167,0.007211017422378063,0.06582499980926514,0.4504368305206299,0.1769084334373474,-0.942262589931488,13.030643463134766,-99.84724426269531,79.2498779296875,13.201180458068848,17.577497482299805,0.7272474274621669,15.580563424850183,0.11058488488197327,0.6909924149513245,0.0,0.0,-1.7763596773147583,-1.6897605657577515,0.1692531555891037,0.18456371128559113,0.0003,84.34486389160156
1060,424000,-0.0030841144323716565,92.09329536437988,0.632366378903389,0.002151255728676915,0.0250750001007691,0.4189578890800476,0.17586791515350342,1.8234169483184814,9.878104209899902,-44.76485824584961,71.50102233886719,14.57863712310791,12.958950996398926,0.6685520759849695,15.990808250818816,0.06139593943953514,1.0703374147415161,0.0,0.0,-1.7851110696792603,-1.6930509805679321,0.16777841746807098,0.18395741283893585,0.0003,49.398868560791016
1070,428000,-0.0018297244220939301,178.81714179992676,0.6418480604887009,0.005583245772868395,0.026600000029429794,0.25049030780792236,0.1755995750427246,-0.6394801735877991,13.695882797241211,-99.83965301513672,154.37423706054688,13.575310707092285,15.819815635681152,0.6831707382838453,18.86785762277909,0.07579081505537033,0.9987493753433228,0.0,0.0,-1.7843163013458252,-1.6967002153396606,0.1679118275642395,0.18328732252120972,0.0003,69.89443969726562
1080,432000,-0.002618304221457226,76.3122819519043,0.6415676653385163,0.0034828789066523314,0.03657500000204891,0.5010741353034973,0.17592290043830872,-0.2100030481815338,8.846135139465332,-71.82542419433594,54.03816223144531,13.625710487365723,12.523783683776855,0.6817490524227992,8.776518643735855,0.0651201531291008,1.0346877574920654,0.0,0.0,-1.7797422409057617,-1.697372317314148,0.16868162155151367,0.18316416442394257,0.0003,39.59935760498047
1090,436000,-0.001280751518209584,85.43176776885986,0.6418297296762466,0.004786214325577021,0.04219999982509762,0.5070141553878784,0.1753268837928772,-0.294201135635376,9.616515159606934,-69.80164337158203,52.094482421875,13.558748245239258,13.696213722229004,0.7393023523766891,12.216155214759196,0.061554353684186935,1.3678278923034668,0.0,0.0,-1.7895121574401855,-1.6949297189712524,0.16704164445400238,0.1836121380329132,0.0003,50.649112701416016
1100,440000,-0.0020262636883024232,93.43990829467774,0.6488384431600571,0.0025497840251773596,0.01882499988656491,0.3821134567260742,0.1749039739370346,2.106578826904297,10.199193954467773,-33.816036224365234,91.1538314819336,12.378206253051758,12.975123405456543,0.8311734023649434,22.276156064502302,0.044334981590509415,1.2419850826263428,0.0,0.0,-1.7916887998580933,-1.6975617408752441,0.16667844355106354,0.1831294745206833,0.0003,37.26559066772461
1110,444000,-0.0030630349331375317,143.58675422668458,0.6544748347997665,0.00426716823130846,0.030874999901279808,0.31102102994918823,0.17432689666748047,0.44565296173095703,12.273111343383789,-63.73896026611328,65.74948120117188,15.402016639709473,14.786033630371094,0.7501558852828357,16.538919787588338,0.08391072601079941,1.0299776792526245,0.0,0.0,-1.7956269979476929,-1.7002904415130615,0.16602332890033722,0.18263046443462372,0.0003,62.096492767333984
1120,448000,-0.002084203212181457,121.845669631958,0.660320565700531,0.004428268410265446,0.02649999989196658,0.4622878432273865,0.1740642488002777,0.05361303687095642,11.290104866027832,-71.47001647949219,63.82957458496094,14.65738296508789,15.396536827087402,0.7180932529491464,15.217435694854123,0.08005593717098236,0.9293427467346191,0.0,0.0,-1.797531008720398,-1.701438069343567,0.165707528591156,0.1824209839105606,0.0003,59.493003845214844
1130,452000,-0.002102330097157026,140.11422874450685,0.6603679668903351,0.004899197723716497,0.02722500007133931,0.28401094675064087,0.17410507798194885,0.17899595201015472,12.215997695922852,-71.49702453613281,89.28528594970703,15.5353364944458,14.436959266662598,0.7369864986510261,18.99071805990429,0.05417698621749878,1.5373283624649048,0.0,0.0,-1.7996827363967896,-1.6990410089492798,0.16535134613513947,0.18285879492759705,0.0003,68.60846710205078
1140,456000,-0.00025815937468086857,189.15752632141113,0.6584070217609406,0.002955022035166621,0.008949999916367232,0.2176990509033203,0.17446789145469666,0.13503631949424744,13.82569694519043,-79.67965698242188,94.8140640258789,16.422332763671875,15.63148021697998,0.67754102778469,13.7749385023251,0.074393130838871,1.2118010520935059,0.0,0.0,-1.7937517166137695,-1.7004526853561401,0.16633495688438416,0.18260082602500916,0.0003,83.68409729003906
1150,460000,-0.0016629625293899152,167.15149612426757,0.6572933375835419,0.0035988488234579563,0.02834999982267618,0.29764294624328613,0.17431244254112244,1.473682165145874,12.966703414916992,-55.9570426940918,89.65530395507812,16.972835540771484,15.472146987915039,0.7238475110035232,16.042719525943493,0.06941601634025574,0.7869501113891602,0.0,0.0,-1.796634554862976,-1.6995335817337036,0.16585612297058105,0.18276873230934143,0.0003,77.218505859375
1160,464000,-0.0014567589791113279,169.32106155395508,0.6605069810152053,0.00447833351790905,0.030524999857880174,0.3964316248893738,0.17378057539463043,-1.834657073020935,13.166674613952637,-104.1555404663086,44.87480545043945,13.128905296325684,16.94778060913086,0.8626582613813227,19.366489692472783,0.06254316121339798,1.0319695472717285,0.0,0.0,-1.8009512424468994,-1.7014466524124146,0.16514171659946442,0.18241943418979645,0.0003,76.23579406738281
1170,468000,-0.002277664197096603,72.38191017150879,0.6768563604354858,0.0052681537345051765,0.027800000086426736,0.5436434149742126,0.1712498813867569,1.5443034172058105,8.585412979125977,-63.86890411376953,94.47352600097656,16.606124877929688,12.708930969238281,0.6866585995655311,12.403949116098708,0.04928835108876228,0.7282607555389404,0.0,0.0,-1.8181827068328857,-1.7138028144836426,0.16232046484947205,0.18017928302288055,0.0003,32.619258880615234
1180,472000,-0.00023742600620316523,116.00182250976563,0.6896448862552643,0.0054245879873633385,0.025449999971315265,0.3331790566444397,0.1722641885280609,-0.28028833866119385,10.890353202819824,-86.361083984375,47.7034912109375,16.842880249023438,13.3363618850708,0.6627140832838524,10.671795139074577,0.08276177197694778,0.868553876876831,0.0,0.0,-1.8109532594680786,-1.7090916633605957,0.16349820792675018,0.18103013932704926,0.0003,58.497554779052734
1190,476000,-0.0011344791554416566,111.4781031036377,0.6869895905256271,0.0061303069815039635,0.024125000135973095,0.37340885400772095,0.17112183570861816,1.7272950410842896,10.606512069702148,-55.13707733154297,93.07988739013672,17.364124298095703,13.399250030517578,0.7332422837926998,12.501795700464138,0.07523725181818008,0.6446986794471741,0.0,0.0,-1.820027232170105,-1.7135640382766724,0.16202133893966675,0.1802223175764084,0.0003,57.647727966308594
1200,480000,-0.0028480829937325325,117.79950874328614,0.7034849035739899,0.00621621310710907,0.05389999987091869,0.3472874164581299,0.16980072855949402,1.171026587486267,10.901123046875,-59.868404388427734,62.36551284790039,19.17436408996582,13.493053436279297,0.7181752179609342,10.609915534391611,0.06152231991291046,0.8400532007217407,0.0,0.0,-1.8253002166748047,-1.7235465049743652,0.16116924583911896,0.17843219637870789,0.0003,63.02314758300781
1210,484000,-0.0019176219981673049,106.61689903259277,0.7144756096601487,0.005043902434408665,0.031875000088475644,0.46550679206848145,0.16914300620555878,-1.3524255752563477,10.519352912902832,-51.680946350097656,55.44676208496094,18.215410232543945,14.388579368591309,0.707327879107822,12.738891612526995,0.10002253204584122,1.2324188947677612,0.0,0.0,-1.828708291053772,-1.7278549671173096,0.16062091290950775,0.1776650846004486,0.0003,67.33470153808594
1220,488000,-0.0011132560304637073,226.70769973754884,0.723831269145012,0.0026239589788019657,0.019200000036507844,0.2511413097381592,0.16817909479141235,-0.32215428352355957,15.118290901184082,-103.00828552246094,76.21221923828125,19.57223129272461,17.470396041870117,0.8028253781679722,16.20205912704346,0.09408222138881683,1.1275967359542847,0.0,0.0,-1.8402541875839233,-1.728327751159668,0.15877705812454224,0.17758111655712128,0.0003,115.48191833496094
1230,492000,-0.0012220880850538362,190.3856785583496,0.7252044725418091,0.002317991340532899,0.010749999950639903,0.3403434753417969,0.1693708896636963,1.3595068454742432,13.940319061279297,-62.93632507324219,79.56999969482422,21.077831268310547,17.1638126373291,0.7494788071276552,20.561183623519824,0.05831946060061455,1.2700084447860718,0.0,0.0,-1.838699221611023,-1.716368317604065,0.15902414917945862,0.17971763014793396,0.0003,97.21660614013672
1240,496000,-0.00034665112253105866,261.4990979003906,0.7186668586730957,0.0011529430048540235,0.0020999999716877936,0.36208850145339966,0.16900122165679932,-1.0572487115859985,16.447547912597656,-111.38274383544922,108.78877258300781,20.56700897216797,20.593063354492188,0.6767182603106393,30.69621934009556,0.039318617433309555,1.5491595268249512,0.0,0.0,-1.8399038314819336,-1.7194215059280396,0.15883269906044006,0.17916975915431976,0.0003,116.3117904663086
1250,500000,-0.0016872377045932829,127.89951820373535,0.7228514504432678,0.004308292176574469,0.02727499985601753,0.5634389519691467,0.168866828083992,0.37951990962028503,11.343283653259277,-59.89583969116211,64.30902862548828,17.780500411987305,17.167865753173828,0.7435042751283695,17.489946952966275,0.08538930863142014,0.5843764543533325,0.0,0.0,-1.8405307531356812,-1.7203667163848877,0.15873315930366516,0.17900049686431885,0.0003,75.37117004394531
1260,504000,-0.0020621103701865626,151.15965423583984,0.7287217217683792,0.0033017750829458237,0.029524999991990625,0.5463815927505493,0.1676420271396637,0.7424182295799255,12.384920120239258,-89.12680053710938,98.49791717529297,19.6087703704834,18.388566970825195,0.727218793993881,21.32936477279998,0.06736703217029572,1.0936806201934814,0.0,0.0,-1.8429697751998901,-1.7319581508636475,0.15834647417068481,0.17693758010864258,0.0003,75.21662902832031
1270,508000,-0.0021205230170322498,277.1732305908203,0.7370562946796417,0.00419358815997839,0.025474999956786634,0.3900461196899414,0.16770406067371368,-4.063561916351318,16.757062911987305,-129.3625946044922,122.62571716308594,16.780410766601562,21.456029891967773,0.7125768160010214,51.14779290269592,0.05652442201972008,1.0099326372146606,0.000125,0.00025,-1.8404929637908936,-1.7334774732589722,0.1587391495704651,0.17666898667812347,0.0003,139.7572021484375
1280,512000,-0.0019360330108902435,91.06060478210449,0.7349649167060852,0.005711376201361418,0.036550000109709796,0.5441360473632812,0.16780178248882294,-0.018507415428757668,9.872373580932617,-48.28809356689453,64.86715698242188,15.667640686035156,14.621905326843262,0.6879144488103333,16.914198191215245,0.09343459457159042,1.086927890777588,0.0,0.0,-1.8399044275283813,-1.7329003810882568,0.1588326096534729,0.17677095532417297,0.0003,36.93769836425781
1290,516000,-0.0014035392624457011,258.2423751831055,0.7401091587543488,0.004385428503155708,0.024625000189989806,0.39912086725234985,0.16674287617206573,-0.9544922113418579,16.291915893554688,-110.18231964111328,79.91129302978516,15.671415328979492,21.017379760742188,0.7240743117411003,27.22280533463351,0.07020106911659241,1.01947820186615,0.0,0.0,-1.8486714363098145,-1.7370465993881226,0.15744620561599731,0.17603954672813416,0.0003,139.11195373535156
1300,520000,-0.0017602683066208513,180.56967208862304,0.7518020021915436,0.003104152623564005,0.03702499995473772,0.45285940170288086,0.16615650057792664,0.32165393233299255,13.487589836120605,-84.22605895996094,75.11482238769531,15.3655424118042,18.23412322998047,0.7849055919478417,17.70098086184612,0.07245835661888123,0.4944240152835846,0.0,0.0,-1.8543184995651245,-1.7386733293533325,0.15655960142612457,0.1757534146308899,0.0003,98.84033203125
1310,524000,-0.001980046960739852,266.03797943115234,0.756868754029274,0.004085612017661333,0.02232500005979091,0.4019690752029419,0.16584840416908264,-2.1563167572021484,16.45301055908203,-127.40547943115234,98.40313720703125,12.987894058227539,21.27568244934082,0.7215757212604895,27.458671642259738,0.04454942047595978,1.1176304817199707,0.0,0.0,-1.8544774055480957,-1.7420434951782227,0.15653473138809204,0.17516210675239563,0.0003,128.20700073242188
1320,528000,-0.0007422755587715102,307.32909286499023,0.7589871174097061,0.00343594653531909,0.015324999913573265,0.36598843336105347,0.16563934087753296,-1.5811101198196411,17.60844612121582,-108.45452880859375,94.69587707519531,12.080789566040039,22.114261627197266,0.7552362007093248,31.691798632456557,0.0806005671620369,0.7124518156051636,0.0,0.0,-1.8604375123977661,-1.7391245365142822,0.1556045413017273,0.17567414045333862,0.0003,132.9084014892578
1330,532000,-0.001421936174803704,301.6695295715332,0.7636098074913025,0.003337296424433589,0.012299999967217446,0.16087162494659424,0.16525757312774658,1.3628618717193604,17.92129135131836,-81.82472229003906,124.98910522460938,13.36493968963623,19.563884735107422,0.7509653555925999,27.218979340008815,0.04898756369948387,1.8319261074066162,0.0,0.0,-1.8659403324127197,-1.738610029220581,0.15475063025951385,0.1757645457983017,0.0003,113.34770202636719
1340,536000,-0.0003466057247482235,243.49881332397462,0.7652547854185104,0.0018679205095395446,0.015349999978207051,0.24866467714309692,0.16568595170974731,-1.468654990196228,15.64040756225586,-100.50826263427734,75.7035903930664,11.388646125793457,18.043930053710938,0.7876545154902814,17.945446698813512,0.046855147927999496,0.5866793990135193,0.0,0.0,-1.8657978773117065,-1.7338722944259644,0.15477266907691956,0.17659923434257507,0.0003,105.93692779541016
1350,540000,0.00017054036468543642,180.60191864013672,0.7672191196680069,0.0037516802549362183,0.014199999994598329,0.27840369939804077,0.16465571522712708,1.1934345960617065,13.504361152648926,-72.30657958984375,79.79473114013672,13.193703651428223,15.897429466247559,0.7369428475195412,12.697279154718139,0.06307897716760635,0.8007029891014099,0.0,0.0,-1.8737951517105103,-1.738569974899292,0.15353985130786896,0.1757715791463852,0.0003,79.19501495361328
1360,544000,-0.0010388606023923775,279.6469192504883,0.7770658266544342,0.002861235523596406,0.024450000035576524,0.06047862768173218,0.16406169533729553,2.0197620391845703,17.05983543395996,-84.27959442138672,102.6751480102539,14.847840309143066,17.600357055664062,0.7361085568749391,22.525334136748107,0.06703314185142517,1.1039385795593262,0.0,0.0,-1.8795593976974487,-1.740309715270996,0.15265735983848572,0.17546604573726654,0.0003,147.495361328125
1370,548000,-0.002642797551990954,179.73401313781739,0.7810393857955933,0.005310853943228722,0.05869999993592501,0.22526878118515015,0.164118230342865,-0.9996041059494019,13.52377700805664,-72.0916519165039,72.24296569824219,13.946359634399414,15.364643096923828,0.7017954447530201,12.154954628454838,0.07519350945949554,0.8141331076622009,0.0,0.0,-1.8774993419647217,-1.7414602041244507,0.15297216176986694,0.17526428401470184,0.0003,86.53411865234375
1380,552000,-0.001813050917967849,151.35957885742187,0.7877381747961044,0.003135072533041239,0.0329750000918284,0.22350561618804932,0.16261202096939087,-0.18899688124656677,12.408808708190918,-80.08037567138672,86.49504852294922,14.154781341552734,14.081889152526855,0.7289463658316032,11.090421917239258,0.06543166190385818,0.8420155048370361,0.0,0.0,-1.8743993043899536,-1.7615585327148438,0.15344712138175964,0.1717769354581833,0.0003,75.4566421508789
1390,556000,-0.002717447053358777,110.43711521148681,0.8007432413101196,0.006018812768161297,0.07229999978560954,0.2770836353302002,0.1621670126914978,-0.01204364001750946,10.595952987670898,-57.57994079589844,101.72444152832031,14.055493354797363,12.462236404418945,0.770248407788919,8.572229906179704,0.10725002735853195,1.0163906812667847,0.0,0.0,-1.8856040239334106,-1.7567980289459229,0.15173736214637756,0.17259663343429565,0.0003,62.28474426269531
1400,560000,-0.0008892762793169817,119.98180191040039,0.8065551501512528,0.003866787301376462,0.029325000066310166,0.2946038842201233,0.1615092158317566,-1.1073908805847168,11.042241096496582,-68.31200408935547,61.907554626464844,12.78168773651123,13.147424697875977,0.7489277837555839,11.071437371082206,0.07215569913387299,0.7073718905448914,0.0,0.0,-1.8867626190185547,-1.763424277305603,0.1515616774559021,0.17145675420761108,0.0003,44.54688262939453
1410,564000,-0.001206165868861717,136.42314613342285,0.8167363399267197,0.005262632388621569,0.02517499989364296,0.2913585305213928,0.16078203916549683,2.2342591285705566,11.675215721130371,-71.43492126464844,85.03848266601562,15.18274974822998,13.869206428527832,0.7551906243489676,15.703276252478817,0.07065977156162262,0.8037447333335876,0.0,0.0,-1.8937841653823853,-1.7657240629196167,0.15050120651721954,0.1710628718137741,0.0003,72.46797180175781
1420,568000,-0.0008196280404506995,218.9979441833496,0.8247961986064911,0.003800590056926012,0.028575000120326877,0.1599465012550354,0.1602274477481842,1.1264454126358032,14.837809562683105,-98.9634780883789,96.76821899414062,16.074405670166016,16.188861846923828,0.7380594751844977,14.999402616456289,0.04949204996228218,0.5207733511924744,0.0,0.0,-1.8971227407455444,-1.7692821025848389,0.14999958872795105,0.17045532166957855,0.0003,96.61497497558594
1430,572000,-0.0008131723159744064,96.1578214263916,0.835360808968544,0.0036348234862089157,0.032975000157020984,0.3764217495918274,0.15905508399009705,0.42195940017700195,9.90765380859375,-61.455848693847656,37.40680694580078,16.611003875732422,12.546579360961914,0.7239199682150453,9.624265939227485,0.07949414104223251,0.8965116143226624,0.0,0.0,-1.90371835231781,-1.777284860610962,0.14901350438594818,0.16909664869308472,0.0003,47.42797088623047
1440,576000,-0.0023866429057627057,153.37637649536134,0.843105030655861,0.005794060416519642,0.03807500006631017,0.2752459645271301,0.15896013379096985,-0.2598665654659271,12.548055648803711,-79.45043182373047,58.64955139160156,16.672719955444336,14.739444732666016,0.7285332730725481,15.323814021554096,0.07729353755712509,0.8320131301879883,0.0,0.0,-1.902124285697937,-1.7798168659210205,0.14925122261047363,0.16866904497146606,0.0003,81.32823181152344
1450,580000,-0.0004636120111099462,222.36620193481446,0.8478732669353485,0.004803036339581013,0.021450000023469327,0.25308912992477417,0.15828324854373932,-0.7438193559646606,15.026968955993652,-87.7771987915039,56.403221130371094,16.18405532836914,17.387495040893555,0.7080740663878189,20.902996630750955,0.05395214259624481,0.6624489426612854,0.0,0.0,-1.9081615209579468,-1.7825205326080322,0.14835287630558014,0.1682136207818985,0.0003,113.35887145996094
1460,584000,-0.000779739807455917,115.41055122375488,0.8528210884332657,0.004386680666357279,0.027250000122003258,0.475555956363678,0.15842057764530182,1.0651814937591553,10.833491325378418,-53.14583206176758,77.34475708007812,17.129535675048828,14.95956039428711,0.7626325701096072,12.527990599697544,0.08556464314460754,0.8859029412269592,0.0,0.0,-1.9146591424942017,-1.775202751159668,0.14739206433296204,0.1694490909576416,0.0003,66.44673919677734
1470,588000,-0.0013873350064601286,144.33067817687987,0.856531195640564,0.003029145998880267,0.015375000010244548,0.47678351402282715,0.15752938389778137,-1.3286312818527222,12.204935073852539,-78.95278930664062,58.886146545410156,15.720134735107422,16.87309455871582,0.6516180822170538,18.78370491281618,0.03660766780376434,0.8141283392906189,0.0,0.0,-1.9214088916778564,-1.7798811197280884,0.1464005559682846,0.16865819692611694,0.0003,59.614463806152344
1480,592000,-0.0012849563509392326,112.58336898803711,0.8632857251167297,0.00449781771749258,0.03759999992325902,0.47441911697387695,0.15748700499534607,0.034806638956069946,10.815000534057617,-72.76776123046875,62.9678955078125,15.724127769470215,14.917867660522461,0.715968584806188,12.075983131081134,0.06108113378286362,1.1478379964828491,0.0,0.0,-1.9242103099822998,-1.7779569625854492,0.1459910124540329,0.16898304224014282,0.0003,41.455711364746094
1490,596000,-0.0010216946001963168,196.63881286621094,0.8687100338935853,0.003135489299893379,0.025900000208057463,0.35493558645248413,0.15677261352539062,0.4544201195240021,14.063796997070312,-91.16761779785156,94.09241485595703,15.422961235046387,17.510601043701172,0.7194008403905877,12.797488808910057,0.06200713291764259,0.5654129981994629,0.0,0.0,-1.9266936779022217,-1.7842894792556763,0.1456289142370224,0.16791632771492004,0.0003,84.23074340820312
1500,600000,-0.0014880766893069365,164.3677368927002,0.876995587348938,0.004301066510379314,0.02330000011716038,0.3832000494003296,0.15607167780399323,-2.7560675144195557,12.908960342407227,-73.81554412841797,79.14724731445312,13.35777473449707,16.436870574951172,0.6527190118664482,24.3018210215591,0.06739276647567749,0.6906298398971558,0.0,0.0,-1.9317388534545898,-1.7882815599441528,0.1448960304260254,0.16724734008312225,0.0003,76.31318664550781
1510,604000,-0.0012477939231001045,123.62632797241211,0.8845088934898376,0.004767376929521561,0.036250000144355,0.4245995283126831,0.15573075413703918,2.3865604400634766,11.229382514953613,-50.90935516357422,79.84087371826172,16.048295974731445,14.803716659545898,0.7195163118193958,19.66854660085763,0.08825372159481049,0.759211540222168,0.0,0.0,-1.9318808317184448,-1.7922431230545044,0.1448754519224167,0.16658607125282288,0.0003,55.3515510559082
1520,608000,-0.0012149159149237665,135.04978981018067,0.886327611207962,0.004021209664642811,0.023099999926052987,0.41296088695526123,0.15577226877212524,2.550222396850586,11.79084300994873,-43.05323028564453,68.6218490600586,18.313398361206055,15.389033317565918,0.7249565341026476,23.874579896194692,0.056616030633449554,0.960628092288971,0.0,0.0,-1.932062029838562,-1.7915875911712646,0.14484921097755432,0.16669532656669617,0.0003,63.939208984375
1530,612000,-0.0013217077148607137,243.39821716308595,0.8818502658605576,0.0034570922143757343,0.012525000004097819,0.26454073190689087,0.15642361342906952,-1.4245084524154663,15.73869514465332,-114.6440658569336,71.2175521850586,17.826631546020508,18.35225486755371,0.7468870531374,26.289453807998537,0.05358613654971123,0.6543307900428772,0.0,0.0,-1.9270880222320557,-1.788111686706543,0.1455714851617813,0.16727574169635773,0.0003,112.01782989501953
1540,616000,-0.001783868093571801,119.72989524841309,0.8672363758087158,0.0060320887714624405,0.03677499995101243,0.4348171353340149,0.1579229235649109,0.4031565189361572,10.992207527160645,-60.715457916259766,85.26493835449219,17.402368545532227,14.62144947052002,0.7962106999619565,12.24774273789708,0.1027284488081932,0.6475765109062195,0.0,0.0,-1.9197311401367188,-1.776676893234253,0.1466463953256607,0.16919948160648346,0.0003,60.37815475463867
1550,620000,-0.0012571402945468612,98.6185009765625,0.8521417033672333,0.0039721583016216755,0.02652499999385327,0.4779987335205078,0.1587495505809784,-0.972533643245697,10.001351356506348,-49.25868225097656,55.702728271484375,15.86701488494873,13.842766761779785,0.8454152002534198,10.384867457565834,0.0885661318898201,1.2482086420059204,0.0,0.0,-1.910186767578125,-1.7752189636230469,0.14805273711681366,0.16944634914398193,0.0003,48.89386749267578
1560,624000,-0.0032260668088740195,109.9162582397461,0.8412951505184174,0.005335035268217325,0.04674999996088445,0.43739742040634155,0.16010449826717377,-0.9800127148628235,10.5722074508667,-65.20427703857422,46.932159423828125,16.42865753173828,14.094991683959961,0.7632803202914447,13.015917645353651,0.09352321177721024,0.8105600476264954,0.0,0.0,-1.9000030755996704,-1.768194317817688,0.14956815540790558,0.17064082622528076,0.0003,60.82299041748047
1570,628000,-0.0024847876385916613,97.32305885314942,0.8412436097860336,0.004971918184310198,0.03495000021066517,0.4326995015144348,0.15804491937160492,0.22501903772354126,9.946172714233398,-46.0154914855957,66.2463607788086,16.44778823852539,13.205334663391113,0.8140503187054319,9.529865531949476,0.05538978800177574,0.767564594745636,0.0,0.0,-1.9194213151931763,-1.775504231452942,0.14669182896614075,0.16939802467823029,0.0003,43.508663177490234
1580,632000,-0.000525687080576418,237.09325347900392,0.863950075507164,0.004625887610018253,0.034674999974668025,0.20823556184768677,0.15715721249580383,1.5529624223709106,15.416048049926758,-93.0180435180664,83.61030578613281,18.74396324157715,17.3250732421875,0.7615086831305533,14.157210991897138,0.059935376048088074,0.6697989702224731,0.0,0.0,-1.9186152219772339,-1.7867462635040283,0.1468101292848587,0.16750429570674896,0.0003,121.93177795410156
1590,636000,-0.0004303011502968701,203.12603439331053,0.8723982727527618,0.002588542178273201,0.010075000058859586,0.2255980372428894,0.15621596574783325,-1.8712456226348877,14.423385620117188,-120.53704833984375,62.43797302246094,16.21833610534668,16.39019012451172,0.7925053869470453,18.805503554956715,0.04115552082657814,1.1882483959197998,0.0,0.0,-1.9260302782058716,-1.7915211915969849,0.1457255333662033,0.166706383228302,0.0003,112.0902099609375
1600,640000,-0.0028527903528185574,255.14307723999025,0.8792099165916443,0.004154719412326813,0.040624999878928064,0.2436962127685547,0.15632088482379913,0.4747966527938843,16.080734252929688,-103.20576477050781,90.34259796142578,15.53427505493164,18.490886688232422,0.6860478466588152,17.309555198448848,0.06912310421466827,1.086107611656189,0.0,0.0,-1.9262481927871704,-1.790073037147522,0.1456937938928604,0.16694797575473785,0.0003,99.02662658691406
1610,644000,-0.0017746972139197138,254.80124649047852,0.8780130743980408,0.0039723534137010574,0.023600000026635825,0.26387643814086914,0.1562146544456482,0.7401028871536255,16.007234573364258,-89.88656616210938,106.3504867553711,16.67446517944336,18.656963348388672,0.6716281168273049,14.572542126538274,0.07203290611505508,0.8325631618499756,0.0,0.0,-1.9209133386611938,-1.7960315942764282,0.14647312462329865,0.16595616936683655,0.0003,137.63352966308594
1620,648000,-0.0012576171097753086,298.8126887512207,0.8795584589242935,0.008186441846191883,0.059749999828636643,0.1425740122795105,0.15611132979393005,1.0008842945098877,17.44748878479004,-68.80876922607422,139.6666259765625,17.550077438354492,18.842330932617188,0.7619774797211682,16.274492201789638,0.07164527475833893,1.0765691995620728,0.0,0.0,-1.9158223867416382,-1.8017981052398682,0.14722071588039398,0.16500194370746613,0.0003,148.29786682128906
1630,652000,-0.0008515108491359591,217.28225158691407,0.8784392815828324,0.003628272097557783,0.021699999952688814,0.14127099514007568,0.15605077147483826,1.7376948595046997,14.83705997467041,-75.55170440673828,112.77934265136719,19.23395538330078,16.011049270629883,0.750879216349187,16.271050788131127,0.05915898084640503,0.9005274772644043,0.0,0.0,-1.9148731231689453,-1.8033807277679443,0.14736053347587585,0.16474099457263947,0.0003,125.71402740478516
1640,656000,-0.0016676810954828402,326.91383529663085,0.882886427640915,0.0052416445687413216,0.02589999994728714,0.1591077446937561,0.15566949546337128,0.4669838845729828,18.338464736938477,-110.7603759765625,113.62409973144531,19.90105438232422,19.998287200927734,0.8051310975053743,20.164240790010503,0.06259768456220627,1.7239091396331787,0.0,0.0,-1.9217475652694702,-1.8018825054168701,0.14635097980499268,0.16498801112174988,0.0003,144.17626953125
1650,660000,-0.0026460849866754856,412.266787109375,0.8869352042675018,0.004112568683922291,0.03327499995008111,0.1576446294784546,0.1555631458759308,-0.5899727940559387,20.374074935913086,-129.55172729492188,114.44068145751953,19.358234405517578,22.198837280273438,0.7359341448970633,20.279616520740536,0.0896492674946785,0.9376417398452759,0.0,0.0,-1.925794243812561,-1.7995920181274414,0.1457599401473999,0.16536633670330048,0.0003,212.91770935058594
1660,664000,-0.0023987689197150753,304.1266174316406,0.8859189593791962,0.0041008880361914635,0.0329250000603497,0.31929850578308105,0.1557731330394745,0.6923220157623291,17.859346389770508,-111.91600036621094,103.34101867675781,20.115264892578125,21.64647674560547,0.7094926778109866,33.61275070684786,0.047225650399923325,1.291613221168518,0.0,0.0,-1.924959659576416,-1.7977899312973022,0.14588165283203125,0.16566462814807892,0.0003,134.48904418945312
1670,668000,-0.0018754016012516106,265.23043014526365,0.8864978611469269,0.003976581618189812,0.029550000079907476,0.44226640462875366,0.15555879473686218,-0.7421849966049194,16.39728546142578,-109.77983856201172,66.2173080444336,19.75742530822754,21.956268310546875,0.6960869165039205,27.32571826949915,0.053001418709754944,1.2963829040527344,0.0,0.0,-1.9277324676513672,-1.7979391813278198,0.14547769725322723,0.16563989222049713,0.0003,149.73056030273438
1680,672000,-0.002146118720743466,518.5060421752929,0.8903474950790405,0.004891194403171539,0.021575000025331973,0.2785773277282715,0.15504753589630127,-0.13541045784950256,22.91893196105957,-104.45857238769531,154.38677978515625,20.535972595214844,26.98357391357422,0.7521690661759279,37.663917106796156,0.055105920881032944,1.5629255771636963,0.0,0.0,-1.932274341583252,-1.8001347780227661,0.1448184698820114,0.16527661681175232,0.0003,266.98028564453125
1690,676000,-0.0021394393661474174,303.9704441833496,0.896504424214363,0.003796348813921213,0.02450000012293458,0.3398452401161194,0.15463869273662567,-0.05163232237100601,17.66385269165039,-89.1674575805664,108.86148834228516,19.47032356262207,21.740150451660156,0.8007142610726983,30.77642631080969,0.052830204367637634,1.2505519390106201,0.0,0.0,-1.9370735883712769,-1.8008873462677002,0.1441251039505005,0.16515228152275085,0.0003,145.0789794921875
1700,680000,-0.0008260890584486335,326.3622094726563,0.8991738557815552,0.002971306908875704,0.008149999980814756,0.3580264449119568,0.15487369894981384,-3.712214469909668,18.21006202697754,-132.93963623046875,64.27484893798828,15.785822868347168,22.727561950683594,0.7488406389316862,41.38977339501817,0.04410139098763466,1.1508285999298096,0.0,0.0,-1.9359179735183716,-1.799052119255066,0.14429175853729248,0.1654556393623352,0.0003,161.32676696777344
1710,684000,-0.0026712947142295907,426.8749920654297,0.8968181025981903,0.003895123954862356,0.03690000005066395,0.26709312200546265,0.1549302041530609,-1.0713136196136475,20.823148727416992,-148.29830932617188,70.59762573242188,15.2039155960083,24.323270797729492,0.7462526670747524,31.466480928252043,0.04196671023964882,0.9383841753005981,0.0,0.0,-1.938753604888916,-1.795904517173767,0.14388316869735718,0.16597725450992584,0.0003,176.76075744628906
1720,688000,-0.0016474738836470238,221.2155563354492,0.9016232186555863,0.0038243208546191454,0.032925000027753414,0.34370702505111694,0.15389567613601685,1.7263022661209106,14.955770492553711,-77.7164535522461,66.86888122558594,16.143945693969727,18.461198806762695,0.7520601435487306,19.951967144501747,0.07684150338172913,0.7596688270568848,0.0,0.0,-1.944453239440918,-1.8034721612930298,0.1430654376745224,0.16472594439983368,0.0003,97.41686248779297
1730,692000,-0.0016296136373021009,268.1044860839844,0.9103309935331345,0.0043542832136154175,0.033975000097416344,0.19605237245559692,0.15399745106697083,0.5027937293052673,16.66722869873047,-74.79052734375,100.97796630859375,16.762718200683594,18.588720321655273,0.7237234994351611,21.342045294306278,0.05598070099949837,1.0564255714416504,0.0,0.00025,-1.9419775009155273,-1.8043897151947021,0.14342007040977478,0.16457486152648926,0.0003,109.65436553955078
1740,696000,-0.002831056322061336,177.55159606933594,0.9126319193840027,0.003616159316152334,0.032225000043399635,0.3293088674545288,0.1530887484550476,0.24664166569709778,13.42751693725586,-65.16011047363281,63.562957763671875,17.26152801513672,16.3958683013916,0.7464024539284886,14.28281390091038,0.09613484144210815,0.9576383233070374,0.0,0.0,-1.9375860691070557,-1.8193800449371338,0.14405126869678497,0.16212622821331024,0.0003,93.28321838378906
1750,700000,-0.003549770742176772,151.65530067443848,0.9261194837093353,0.006118945311754942,0.05292500010225922,0.37431949377059937,0.15204790234565735,0.5240782499313354,12.438461303710938,-87.11737060546875,54.517154693603516,18.104469299316406,15.72498893737793,0.769035579973769,13.180677340186636,0.10314424335956573,1.1004278659820557,0.0,0.0,-1.9411804676055908,-1.8290787935256958,0.14353440701961517,0.16056141257286072,0.0003,76.48370361328125
1760,704000,-0.0006976950263866489,485.2361999511719,0.9344470942020416,0.0050953226163983345,0.017425000038929283,0.2457815408706665,0.15164583921432495,-5.350419998168945,22.200946807861328,-108.12997436523438,129.13600158691406,12.308021545410156,25.56365394592285,0.7270057740781537,56.23719159117575,0.043645840138196945,1.1255799531936646,0.0,0.0,-1.9416874647140503,-1.8336442708969116,0.14346164464950562,0.15983004868030548,0.0003,201.21194458007812
1770,708000,-0.0028893959830398664,364.54582458496094,0.9445765608549118,0.004737107548862696,0.03482500005979091,0.23745840787887573,0.15050235390663147,1.5882184505462646,19.225744247436523,-96.47824096679688,122.49524688720703,14.025496482849121,22.016658782958984,0.7538976673290688,26.122582370847503,0.06098637729883194,1.0330605506896973,0.0,0.0,-1.9488916397094727,-1.841541051864624,0.14243184030056,0.15857286751270294,0.0003,157.1613311767578
1780,712000,-0.0014467781855513717,172.85645469665528,0.9513787418603897,0.004297296050935984,0.04439999989233911,0.43365079164505005,0.1506217122077942,-0.42061731219291687,13.197502136230469,-94.78889465332031,63.61863327026367,14.370681762695312,17.53676986694336,0.7910087779486787,13.737299273473704,0.038935039192438126,0.7671579718589783,0.0,0.0,-1.948794960975647,-1.8401236534118652,0.1424456238746643,0.15879780054092407,0.0003,85.9242172241211
1790,716000,-0.0022153992577437754,638.5798211669921,0.9507582539319992,0.003975383937358856,0.019599999985657632,0.22833657264709473,0.1506228744983673,-3.7138006687164307,25.394453048706055,-182.19432067871094,141.543212890625,9.70716381072998,28.908456802368164,0.6972445776526066,40.46660783838896,0.054325759410858154,0.8241929411888123,0.0,0.0,-1.9473141431808472,-1.841439127922058,0.14265671372413635,0.15858903527259827,0.0003,286.6415100097656
1800,720000,-0.0018814232140808595,417.0807241821289,0.9517252415418624,0.0049185738898813725,0.030849999976344408,0.2935110330581665,0.15043902397155762,0.5268823504447937,20.5924129486084,-132.96951293945312,118.5989990234375,10.980118751525879,24.49934959411621,0.8824250597087542,23.99632269801742,0.04740653932094574,1.1641111373901367,0.0,0.0,-1.9469324350357056,-1.8441047668457031,0.14271117746829987,0.15816685557365417,0.0003,186.2119598388672
1810,724000,-0.0028842808797617183,355.12575073242186,0.9549763083457947,0.00515784602612257,0.04545000004582107,0.23091959953308105,0.150170236825943,1.874976634979248,19.01160430908203,-87.87804412841797,78.37731170654297,11.653877258300781,21.67868423461914,0.799852997871418,22.26866287939239,0.05212198942899704,1.1685943603515625,0.0,0.0,-1.9482258558273315,-1.8463397026062012,0.14252671599388123,0.15781374275684357,0.0003,186.72872924804688
1820,728000,-0.0008632747906191085,259.9826661682129,0.9475333631038666,0.004848227370530367,0.038650000081397594,0.2811039686203003,0.15155276656150818,1.1218576431274414,16.257705688476562,-116.17695617675781,95.872314453125,13.647640228271484,19.17459487915039,0.8398142032332407,14.039587754167217,0.08269689977169037,1.069746732711792,0.0,0.0,-1.9356282949447632,-1.840286135673523,0.14433355629444122,0.15877199172973633,0.0003,124.4291763305664
1830,732000,-0.0015052772112685454,329.4889340209961,0.9443073284626007,0.0054380642250180244,0.05292499979492277,0.21363592147827148,0.15050053596496582,-0.5779427289962769,18.245731353759766,-131.37718200683594,67.07664489746094,11.573034286499023,20.575454711914062,0.828337603120347,13.659221051402689,0.06805646419525146,0.9837557077407837,0.0,0.0,-1.9504469633102417,-1.840169072151184,0.1422104835510254,0.15879058837890625,0.0003,193.23468017578125
1840,736000,-0.0025106891728421043,163.4084644317627,0.9601159793138504,0.006408262997865677,0.056725000101141634,0.3686333894729614,0.14938805997371674,-1.364099383354187,12.849918365478516,-67.98689270019531,59.567626953125,10.799896240234375,16.171844482421875,0.7526765480531321,12.527847750418793,0.09207116067409515,0.9033474326133728,0.0,0.0,-1.9676897525787354,-1.838871717453003,0.13977940380573273,0.15899671614170074,0.0003,77.79190826416016
1850,740000,-0.001788251602014861,314.7911778259277,0.9749584972858429,0.003797489684075117,0.03969999983906746,0.22463130950927734,0.1486160159111023,-0.4774044156074524,17.78732681274414,-96.31664276123047,119.14571380615234,11.2070894241333,20.20024299621582,0.8204031333837892,15.45763291254473,0.0748981311917305,0.7123802900314331,0.0,0.0,-1.9781869649887085,-1.8394032716751099,0.13831979036331177,0.15891224145889282,0.0003,210.23936462402344
1860,744000,-0.000961181356936871,238.88559143066405,0.9779464823007583,0.00549902580678463,0.04517500001005828,0.2493392825126648,0.14889506995677948,0.5486369729042053,15.520099639892578,-97.66333770751953,72.820556640625,12.065075874328613,17.913179397583008,0.9098104397347124,11.62586582631895,0.07306443899869919,0.6398693323135376,0.0,0.0,-1.971083641052246,-1.8420995473861694,0.13930581510066986,0.1584843248128891,0.0003,116.65735626220703
1870,748000,-0.0005175253869165308,174.72220962524415,0.9754136037826538,0.0027581125032156706,0.02292499994393438,0.2526879906654358,0.14891326427459717,-1.1052758693695068,13.602920532226562,-77.72682189941406,84.23724365234375,11.91463851928711,15.735523223876953,0.8802550509648485,22.40157805574024,0.05161179602146149,1.1879054307937622,0.0,0.0,-1.9711679220199585,-1.841795802116394,0.1392940729856491,0.15853248536586761,0.0003,88.41944122314453
1880,752000,-0.0022205891105972065,273.6108834838867,0.9766435837745666,0.003976034931838512,0.039149999865330756,0.14838260412216187,0.14855167269706726,0.6979344487190247,16.685550689697266,-62.139713287353516,107.61457061767578,12.104557037353516,18.080827713012695,0.7795008294614267,13.550289990885835,0.0850345715880394,1.0209457874298096,0.0,0.0,-1.9673466682434082,-1.8497531414031982,0.13982737064361572,0.15727598965168,0.0003,142.21009826660156
1890,756000,-0.0004974177556046921,199.20803298950196,0.975068376660347,0.002934172051027417,0.023224999918602406,0.17368602752685547,0.14940685033798218,0.436455100774765,14.557503700256348,-69.91104888916016,127.27530670166016,13.107427597045898,16.014535903930664,0.8877206669690075,16.088130958986795,0.06084607541561127,2.0469348430633545,0.0,0.0,-1.9608436822891235,-1.844691514968872,0.14073963463306427,0.15807408094406128,0.0003,90.58525848388672
1900,760000,-0.0003166689136793144,340.23312240600586,0.9747798562049865,0.002832015510648489,0.016899999920278786,0.15130943059921265,0.14816038310527802,0.3183252513408661,18.621549606323242,-98.29904174804688,113.17323303222656,12.944783210754395,20.213481903076172,0.8656353476472946,15.611056639037747,0.06145477667450905,1.4420220851898193,0.0,0.0,-1.9663203954696655,-1.8556593656539917,0.13997094333171844,0.15634982287883759,0.0003,120.95098876953125
1910,764000,-0.0010872564318196965,281.55588195800783,0.9892564618587494,0.0036667329259216785,0.03390000004321337,0.1764926314353943,0.1473081111907959,-1.4865329265594482,16.931386947631836,-85.6288833618164,77.42078399658203,12.422294616699219,18.65772819519043,0.8144372664366,15.352157387193074,0.044741105288267136,0.9330732226371765,0.0,0.0,-1.973605990409851,-1.8600724935531616,0.13895487785339355,0.15566134452819824,0.0003,151.52227783203125
1920,768000,-0.0008648115929798239,283.3028498840332,0.991353207230568,0.0018308289581909776,0.02494999992195517,0.21592378616333008,0.14803379774093628,1.1746591329574585,16.934185028076172,-101.04994201660156,97.52855682373047,12.326082229614258,19.124282836914062,0.9108105446513889,18.636636720605967,0.04651086777448654,0.7771801948547363,0.0,0.0,-1.9710218906402588,-1.8530826568603516,0.1393144130706787,0.15675321221351624,0.0003,123.73388671875
1930,772000,-0.0015985672208335,200.83162887573243,0.9975440716743469,0.003568838117644191,0.025800000005401672,0.20077073574066162,0.14622361958026886,-0.5769153833389282,14.258956909179688,-88.51439666748047,78.49867248535156,12.38551139831543,15.94968318939209,0.7427714564481378,10.869278636072295,0.09879197925329208,0.7977284789085388,0.0,0.0,-1.98828125,-1.8610023260116577,0.13693057000637054,0.15551666915416718,0.0003,79.63892364501953
1940,776000,-0.0021042532120783973,181.05989410400392,1.0066539657115936,0.007051435764878988,0.04970000005327165,0.19021421670913696,0.14697885513305664,0.7379136681556702,13.546637535095215,-76.85874938964844,75.01216125488281,13.294889450073242,15.053810119628906,0.8618276866498202,11.9005957167118,0.08937634527683258,0.9899925589561462,0.0,0.0,-1.9816405773162842,-1.8571635484695435,0.13784290850162506,0.15611481666564941,0.0003,129.9653778076172
1950,780000,-0.0012290284531889474,164.88202285766602,1.004853105545044,0.0034521357156336308,0.031850000023841855,0.2646934390068054,0.14638805389404297,-0.05285147204995155,13.003665924072266,-72.37007141113281,47.95426940917969,13.061346054077148,15.16462230682373,0.9185494006500607,11.766316242891039,0.0833376869559288,0.9333712458610535,0.0,0.0,-1.9788141250610352,-1.867282509803772,0.13823306560516357,0.15454305708408356,0.0003,66.4713134765625
1960,784000,-0.0015407368532309106,179.57144607543944,1.0193442273139954,0.006705018691718578,0.041850000065751375,0.31223154067993164,0.14462491869926453,-0.7245388031005859,13.443601608276367,-71.7365493774414,72.54203796386719,12.442716598510742,16.210430145263672,0.8329175752350707,9.606821679719175,0.08109590411186218,0.48941412568092346,0.0,0.0,-1.9830825328826904,-1.8864731788635254,0.13764430582523346,0.1516055464744568,0.0003,79.60618591308594
1970,788000,-0.003514213108616422,158.56112403869628,1.0309391736984252,0.005697048269212246,0.04912500023376196,0.2660524249076843,0.14487460255622864,1.0313100814819336,12.665974617004395,-69.0732192993164,70.74478149414062,14.280961036682129,14.784482955932617,0.8424301844358247,11.2697049450737,0.06007617339491844,0.7191328406333923,0.0,0.0,-1.9751604795455933,-1.8904081583023071,0.13873904943466187,0.1510101705789566,0.0003,80.17906188964844
1980,792000,-0.0006248418933450051,215.1488543701172,1.0350409293174743,0.003847607644274831,0.031250000135041776,0.19050920009613037,0.14363893866539001,-0.15546198189258575,14.73828125,-92.9683609008789,83.54065704345703,12.64377498626709,16.381017684936523,0.7902235094661972,10.772681538490355,0.050095852464437485,0.7023382782936096,0.0,0.0,-1.9856505393981934,-1.8972091674804688,0.13729126751422882,0.1499866247177124,0.0003,118.97640228271484
1990,796000,-0.0014943818459699277,237.22655532836913,1.0483991491794586,0.004837840795516968,0.023824999993667006,0.2052628993988037,0.1431819498538971,4.088789463043213,15.329994201660156,-96.82998657226562,87.72722625732422,17.584699630737305,17.19611167907715,0.9969453579568268,27.24525392889211,0.062206003814935684,1.0737518072128296,0.0,0.0,-1.9925421476364136,-1.8970164060592651,0.13634836673736572,0.15001553297042847,0.0003,124.65540313720703
2000,800000,-0.0012353962879904446,198.43214996337892,1.0506140387058258,0.003548999782651663,0.02614999991375953,0.3473653197288513,0.1432463824748993,-1.8530089855194092,14.328912734985352,-113.88724517822266,67.1739501953125,15.20157527923584,17.73691749572754,0.822187034384822,19.039295617003077,0.06789997965097427,0.9106060862541199,0.0,0.0,-1.9899615049362183,-1.898506999015808,0.13670068979263306,0.14979209005832672,0.0003,100.19782257080078
2010,804000,-0.0010541062046948357,224.69815658569337,1.0452659928798675,0.0033951117657124996,0.03764999988023192,0.30339574813842773,0.14422328770160675,0.5550310015678406,15.146900177001953,-78.72026062011719,94.55949401855469,16.45615577697754,18.148080825805664,0.8450323559809162,14.946621669118588,0.06375400722026825,0.9545655250549316,0.0,0.0,-1.9887621402740479,-1.886629581451416,0.13686473667621613,0.15158185362815857,0.0003,95.76095581054688
2020,808000,-0.0005166779919163744,148.32866050720216,1.0444009399414063,0.0034881390165537596,0.030149999973364174,0.42080020904541016,0.14301273226737976,-0.3236278295516968,12.298280715942383,-82.21263885498047,87.73928833007812,18.010284423828125,16.15958595275879,1.0582991864745404,9.984999764264233,0.10646796971559525,1.4328484535217285,0.0,0.0,-1.9961678981781006,-1.8959834575653076,0.13585489988327026,0.15017057955265045,0.0003,60.84391403198242
2030,812000,-0.0004493580574677036,240.8674578857422,1.0560026037693024,0.0021117287687957287,0.017649999973364174,0.3241499066352844,0.14295336604118347,-0.11631189286708832,15.605810165405273,-105.17752075195312,131.99127197265625,18.74505615234375,18.982837677001953,1.0881187347802201,19.803120628150335,0.0673665925860405,0.9229920506477356,0.0,0.0,-2.0000674724578857,-1.8932567834854126,0.13532616198062897,0.15058061480522156,0.0003,136.93426513671875
2040,816000,-0.000990609187597875,165.3352081298828,1.0588092362880708,0.003394173923879862,0.0363499999884516,0.3316711187362671,0.14233365654945374,1.9711178541183472,12.875819206237793,-76.82760620117188,96.67185974121094,17.687387466430664,15.749970436096191,0.8217693332222812,12.5795671585334,0.05704977735877037,0.5136940479278564,0.0,0.0,-2.0154168605804443,-1.887813687324524,0.13326483964920044,0.15140247344970703,0.0003,78.78465270996094
2050,820000,-0.0016120362040637738,214.16226837158203,1.0680442905426026,0.004072041250765324,0.025050000101327897,0.22054815292358398,0.14194068312644958,2.679922342300415,14.778518676757812,-52.61986541748047,93.05520629882812,20.89679718017578,16.739259719848633,0.9344742531629209,21.906681615959865,0.05293678864836693,1.135108232498169,0.0,0.0,-2.018892526626587,-1.8899530172348022,0.13280245661735535,0.15107890963554382,0.0003,117.40768432617188
2060,824000,-0.0011456728032385398,262.9407588195801,1.071207767724991,0.004195745103061199,0.029749999986961484,0.08886855840682983,0.1420057713985443,1.468108057975769,16.319639205932617,-92.16148376464844,86.64810180664062,20.966598510742188,17.097003936767578,0.9327636830822066,14.21115381244211,0.07259243726730347,0.7626304030418396,0.0,0.0,-2.0123395919799805,-1.8948825597763062,0.13367556035518646,0.15033599734306335,0.0003,109.96516418457031
2070,828000,-0.0014812490385553278,229.65483657836913,1.067933099269867,0.004498613066971302,0.033350000190548595,0.2107110619544983,0.14227662980556488,1.7371041774749756,15.436617851257324,-99.66481018066406,91.96200561523438,23.675457000732422,17.37537384033203,1.0020347105203633,22.30405698070886,0.076002337038517,1.2883065938949585,0.0,0.0,-2.009528160095215,-1.8937832117080688,0.13405191898345947,0.15050135552883148,0.0003,93.29302215576172
2080,832000,-0.00020938653064948908,199.67640396118165,1.0640442860126496,0.0033426799345761538,0.006649999930523336,0.3554767370223999,0.1423293650150299,-1.9907392263412476,14.615403175354004,-94.09317016601562,76.41228485107422,24.489377975463867,18.205034255981445,1.0136657589463922,25.6978270602852,0.04846237227320671,1.6955804824829102,0.0,0.0,-2.0051348209381104,-1.8970094919204712,0.13464215397834778,0.15001657605171204,0.0003,84.29824829101562
2090,836000,-0.002303804376420522,221.16917831420898,1.0699669671058656,0.004665129818022251,0.0350749999890104,0.37688755989074707,0.14150860905647278,-0.4494876563549042,14.988137245178223,-77.96015930175781,69.25188446044922,22.09720230102539,18.987354278564453,0.9626024729672997,17.76773015620859,0.10682335495948792,1.0387680530548096,0.0,0.0,-2.0093419551849365,-1.9042093753814697,0.13407687842845917,0.1489403396844864,0.0003,109.2098159790039
2100,840000,-0.0005641193971910984,200.15361061096192,1.0774701249599457,0.0051469639874994755,0.028549999981187284,0.39512747526168823,0.1413036584854126,0.9681273698806763,14.318800926208496,-73.52420806884766,89.46408081054688,21.423845291137695,18.410886764526367,1.000897939556619,16.06826394821198,0.04314000532031059,1.6953890323638916,0.0,0.0,-2.0086276531219482,-1.907610535621643,0.13417267799377441,0.14843463897705078,0.0003,100.61924743652344
2110,844000,-0.0012189604752609728,298.78028549194335,1.0786697912216185,0.003842127276584506,0.017899999949149786,0.39031410217285156,0.14125937223434448,-3.2039449214935303,18.213476181030273,-168.41229248046875,50.931983947753906,20.18724822998047,23.325973510742188,1.189599848018644,71.04581143679785,0.055536963045597076,1.3509981632232666,0.0,0.0,-2.00797963142395,-1.9087940454483032,0.1342596560716629,0.14825907349586487,0.0003,147.43951416015625
2120,848000,-0.00010502670071437237,132.80480125427246,1.077027200460434,0.005069829523563385,0.012049999888986349,0.586124062538147,0.14154955744743347,1.30021071434021,11.940108299255371,-66.05429077148438,88.44157409667969,23.523944854736328,18.55979347229004,1.176569052094169,31.905783998744074,0.05638168752193451,1.1126856803894043,0.0,0.0,-2.0035481452941895,-1.908901333808899,0.1348559409379959,0.14824315905570984,0.0003,79.02239227294922
2130,852000,-0.00019880141766336122,194.52461486816406,1.0744506061077117,0.0023674287367612123,0.023950000018812714,0.5166602730751038,0.14160838723182678,-0.7588467001914978,14.07082462310791,-182.97021484375,61.114837646484375,21.716703414916992,20.239198684692383,1.134599361921696,24.597705305760314,0.05455421283841133,0.8930671215057373,0.0,0.0,-2.001788854598999,-1.9097098112106323,0.13509340584278107,0.1481233686208725,0.0003,108.03838348388672
2140,856000,-0.0018857100182296449,150.22149230957032,1.0727578580379487,0.0033422268461436033,0.030800000154413282,0.5443940162658691,0.1418968141078949,-1.568023920059204,12.637313842773438,-92.1448745727539,46.22676467895508,18.022602081298828,18.72233772277832,1.2315323310137374,30.75362962390756,0.05625463277101517,0.8915026783943176,0.0,0.0,-1.9965468645095825,-1.9106090068817139,0.1358034312725067,0.14799022674560547,0.0003,76.0208511352539
2150,860000,-0.0011319094259742979,156.75264015197754,1.0754655134677886,0.0020972348283976316,0.02687499993480742,0.4789540767669678,0.14079880714416504,-1.0939353704452515,12.674938201904297,-74.92314147949219,67.48100280761719,16.542388916015625,17.559326171875,0.9096933971771469,17.3395546553258,0.09122639149427414,0.8615599274635315,0.0,0.0,-2.002345085144043,-1.920188546180725,0.13501828908920288,0.1465793251991272,0.0003,84.41832733154297
2160,864000,-0.0017583444457341102,274.3081787109375,1.0824500167369842,0.005281251389533281,0.03030000009573996,0.3547678589820862,0.1413211226463318,-0.19421802461147308,16.77781105041504,-89.29541015625,109.44142150878906,17.551240921020508,20.887060165405273,1.2103850213449754,22.818503065087803,0.07264923304319382,1.07708740234375,0.0,0.0,-1.999801754951477,-1.9154188632965088,0.13536211848258972,0.14728012681007385,0.0003,137.1553192138672
2170,868000,-0.0004960757477238076,307.06563751220705,1.0770062017440796,0.003964428789913654,0.013224999913945793,0.31741195917129517,0.14119911193847656,-1.8179231882095337,17.940441131591797,-94.7059097290039,72.854736328125,16.267120361328125,21.714698791503906,1.279696348491963,40.25113538568104,0.06761174649000168,0.921497642993927,0.0,0.0,-1.9988224506378174,-1.9179794788360596,0.13549473881721497,0.14690348505973816,0.0003,161.2924041748047
2180,872000,-0.00015418038089028306,154.92752182006836,1.0796873247623444,0.0036812841426581144,0.010900000017136336,0.3720463514328003,0.14099234342575073,-0.3978533446788788,12.819202423095703,-65.32453918457031,76.4817886352539,15.030298233032227,16.176969528198242,0.9579835250087573,20.689357042079152,0.0758504793047905,1.0148499011993408,0.0,0.0,-2.001387596130371,-1.9184316396713257,0.13514763116836548,0.14683707058429718,0.0003,76.83302307128906
2190,876000,-0.0017500565280220148,119.16847831726074,1.0769981968402862,0.005201134365051985,0.047274999907240274,0.37011367082595825,0.14169742166996002,0.19754774868488312,11.030241012573242,-74.8044662475586,95.69259643554688,14.994882583618164,13.898051261901855,1.0290032081084848,10.423733159282628,0.07217449694871902,0.6501619815826416,0.0,0.0,-1.983713984489441,-1.925262689590454,0.13755740225315094,0.1458374410867691,0.0003,59.7834587097168
2200,880000,-0.003423800963205572,126.28355018615723,1.0769790482521058,0.005595922004431486,0.05574999994598329,0.36006033420562744,0.14065171778202057,-0.25088948011398315,11.42449951171875,-105.78384399414062,55.340030670166016,14.61024284362793,14.28129768371582,1.0049351843447345,14.418732438391617,0.07687017321586609,0.9337489604949951,0.0,0.0,-1.9878567457199097,-1.9357588291168213,0.13698869943618774,0.1443147212266922,0.0003,65.14983367919922
2210,884000,-0.0014669797746978475,261.76924499511716,1.0874096441268921,0.0033129598014056683,0.025700000054202973,0.21122372150421143,0.14050565659999847,1.306931972503662,16.297840118408203,-95.32268524169922,88.02251434326172,15.869200706481934,18.350719451904297,1.0489326127610155,25.412991244133067,0.05203907936811447,0.8687282800674438,0.0,0.0,-1.9919289350509644,-1.933927059173584,0.1364320069551468,0.14457930624485016,0.0003,130.83323669433594
2220,888000,-0.0012388135589426418,159.73194358825683,1.0883547353744507,0.0031803795136511326,0.04129999992437661,0.3295302391052246,0.14049360156059265,-0.09261428564786911,12.881600379943848,-72.59180450439453,76.77664184570312,16.225603103637695,15.731865882873535,1.0454319975846134,17.61552476478475,0.05551401153206825,0.9323076605796814,0.0,0.0,-1.99586820602417,-1.9303901195526123,0.13589562475681305,0.14509159326553345,0.0003,73.22206115722656
2230,892000,-0.0013420590338249917,246.97484603881836,1.086445337533951,0.0028894194401800632,0.035174999996088446,0.22554677724838257,0.14078781008720398,-0.07929369807243347,15.779953956604004,-81.51001739501953,168.21707153320312,15.776866912841797,17.931150436401367,1.2054938859436468,21.062826113682334,0.05934770032763481,0.7656883597373962,0.0,0.0,-1.9955309629440308,-1.9266576766967773,0.13594144582748413,0.14563414454460144,0.0003,114.01834106445312
2240,896000,-0.0010207557622059582,274.4756019592285,1.0855330288410188,0.004060215316712856,0.022875000122003258,0.18760573863983154,0.1405213624238968,3.3116579055786133,16.6123046875,-94.0414810180664,87.31623840332031,19.988821029663086,18.430896759033203,0.8839742680545923,25.373124688669478,0.040535055100917816,0.7887930274009705,0.0,0.0,-1.9989763498306274,-1.927106261253357,0.13547389209270477,0.1455688327550888,0.0003,155.63265991210938
2250,900000,-0.001987750381244404,208.0172589111328,1.0886107909679412,0.0043456098064780235,0.022974999956786632,0.3447396159172058,0.14051693677902222,-0.8307775855064392,14.554783821105957,-103.7973861694336,92.18464660644531,18.033781051635742,17.980377197265625,1.1340353843040631,23.789488084881267,0.060233622789382935,0.6445944309234619,0.0,0.0,-2.0001702308654785,-1.926056981086731,0.1353122591972351,0.1457216441631317,0.0003,101.21636962890625
2260,904000,-0.002113979257753815,170.7475343322754,1.090166277885437,0.003023929428309202,0.025975000099278986,0.39744168519973755,0.1402159333229065,-0.5892282724380493,13.4121675491333,-110.33694458007812,59.404300689697266,18.39777374267578,17.278236389160156,1.0319568020713445,20.929825385377896,0.06049726530909538,1.1666619777679443,0.0,0.0,-1.9973183870315552,-1.932863473892212,0.13569867610931396,0.14473316073417664,0.0003,101.08734130859375
2270,908000,-0.0023532767930271883,229.572998046875,1.0937341380119323,0.00517867598682642,0.04250000014901161,0.4437044858932495,0.13989323377609253,-1.4676905870437622,15.372820854187012,-97.22377014160156,75.90249633789062,16.20591926574707,20.611082077026367,1.0236698044672012,24.60298472197615,0.0441942922770977,1.0848369598388672,0.0,0.0,-2.0014612674713135,-1.9334465265274048,0.1351376622915268,0.14464880526065826,0.0003,123.8072509765625
2280,912000,-0.0009772396879678125,213.53638107299804,1.1033164858818054,0.0029828345868736506,0.018749999944120646,0.48969268798828125,0.13883978128433228,-1.6797893047332764,14.844477653503418,-81.60633850097656,82.5984878540039,15.063855171203613,20.780166625976562,1.2291110969017114,26.927196706407663,0.04404188320040703,0.9867815375328064,0.0,0.0,-2.0124940872192383,-1.9377707242965698,0.13365492224693298,0.14402465522289276,0.0003,86.59048461914062
2290,916000,-0.00105956084759673,65.64434749603271,1.120823574066162,0.0041777221485972404,0.027824999857693912,0.7126955389976501,0.1375407576560974,0.8647781014442444,8.370354652404785,-24.828386306762695,52.319053649902344,16.998191833496094,15.616104125976562,1.0686922387373625,15.871769016792205,0.06746180355548859,1.1769810914993286,0.0,0.0,-2.017728328704834,-1.9510527849197388,0.13295716047286987,0.14212436974048615,0.0003,32.06492233276367
2300,920000,-0.0011264863304764727,236.80704879760742,1.1307532382011414,0.004990025423467159,0.028000000044703485,0.43138033151626587,0.13758869469165802,-2.0092954635620117,15.49779987335205,-96.41718292236328,85.39486694335938,13.578797340393066,20.552236557006836,0.8340530926162694,22.06883313873794,0.0675249695777893,0.9886322617530823,0.0,0.0,-2.024301052093506,-1.9442726373672485,0.1320861279964447,0.14309126138687134,0.0003,98.0807876586914
2310,924000,-0.0009795972979569356,123.60537734985351,1.1282656478881836,0.004336700774729252,0.01659999991301447,0.5786055326461792,0.13819019496440887,-1.7543137073516846,11.556191444396973,-62.72106170654297,74.99891662597656,12.798192977905273,17.80206298828125,1.0350152450211272,29.49766782599846,0.06703326106071472,0.9464506506919861,0.0,0.0,-2.019712209701538,-1.940119743347168,0.13269364833831787,0.14368674159049988,0.0003,48.765625
2320,928000,-0.002536239184986329,84.24620471954346,1.125615530014038,0.0034159875940531492,0.04244999987538904,0.6466184854507446,0.13755372166633606,1.597966194152832,9.32003116607666,-44.87159729003906,54.83876419067383,13.348341941833496,15.678173065185547,1.0888835913081159,17.57586868602263,0.0607152059674263,1.1063710451126099,0.0,0.00025,-2.0158298015594482,-1.9526493549346924,0.13320982456207275,0.14189763367176056,0.0003,44.228946685791016
2330,932000,-0.0009593141109341552,166.47754013061524,1.1241048097610473,0.002610298339277506,0.018999999947845937,0.38698315620422363,0.1386306881904602,0.8609867691993713,13.109884262084961,-69.96917724609375,111.8610610961914,15.01058578491211,16.74413299560547,0.9589907782780093,16.842237749428268,0.051661670207977295,0.8820693492889404,0.0,0.0,-2.0092382431030273,-1.9437183141708374,0.13409078121185303,0.14317061007022858,0.0003,106.22384643554688
2340,936000,-0.0036247614775173176,171.95195587158204,1.1140731918811797,0.005574294365942478,0.05824999992735684,0.316100537776947,0.13861271739006042,-0.3186519742012024,13.257564544677734,-93.41620635986328,60.94086456298828,14.032045364379883,16.03125762939453,0.9185923269853948,13.710413119576044,0.07319913059473038,0.7809826731681824,0.0,0.0,-2.0048015117645264,-1.948143720626831,0.13468703627586365,0.1425384134054184,0.0003,88.15592956542969
2350,940000,-0.0036238509666203724,164.19038162231445,1.1190183687210082,0.004311276134103537,0.0658999998960644,0.19528239965438843,0.1379755735397339,1.8542919158935547,12.990243911743164,-51.99871063232422,98.96533966064453,16.776226043701172,14.480899810791016,0.9475709179555277,15.880765613378513,0.09763143211603165,0.8497853875160217,0.0,0.0,-2.0068509578704834,-1.9551738500595093,0.1344112753868103,0.14153985679149628,0.0003,64.04560852050781
2360,944000,-0.0024473893230235254,149.93627403259276,1.1334672248363495,0.004418257623910904,0.03899999991524965,0.2918281555175781,0.1366719752550125,-1.561164379119873,12.322281837463379,-61.8431396484375,52.112457275390625,14.883374214172363,14.642722129821777,0.9537360449591236,11.960350172807077,0.07645455747842789,1.0082447528839111,0.0,0.0,-2.0028083324432373,-1.9776924848556519,0.1349557489156723,0.13838820159435272,0.0003,78.18074798583984
2370,948000,-0.0003025967729481627,152.79635284423827,1.1390786707401275,0.0027278545312583447,0.014499999969266354,0.10224241018295288,0.1373191773891449,0.6013215184211731,12.766223907470703,-35.61255645751953,124.21836853027344,15.501714706420898,13.473576545715332,0.9707194233743902,16.186786477797686,0.04659562185406685,1.2153022289276123,0.0,0.0,-1.9923796653747559,-1.978562831878662,0.13637052476406097,0.13826781511306763,0.0003,77.16324615478516
2380,952000,-0.0004350770342854915,110.36998275756837,1.1375793719291687,0.004355528391897678,0.01934999997727573,0.15876483917236328,0.13642403483390808,0.5686542391777039,10.650908470153809,-50.94879150390625,67.2498550415039,16.35279655456543,11.61255931854248,0.9526553124121087,8.322077306472695,0.09999626129865646,0.9579047560691833,0.0,0.0,-1.9956048727035522,-1.9883826971054077,0.13593141734600067,0.13691668212413788,0.0003,59.99182891845703
2390,956000,-0.003973884207307137,340.9118556213379,1.1491260373592376,0.004349163267761469,0.037050000028684735,0.0309334397315979,0.13592739403247833,4.950119495391846,18.2601375579834,-52.47998809814453,160.2069549560547,20.65370750427246,18.549287796020508,0.8166500020298697,27.086567954089457,0.060284458100795746,0.7773222923278809,0.0,0.0,-1.9957722425460815,-1.9954966306686401,0.13590866327285767,0.135946124792099,0.0003,160.46461486816406
2400,960000,-0.0028212066351494245,165.25162475585938,1.1560509288311005,0.0038628079928457737,0.03269999999087304,0.1444692611694336,0.1355265974998474,-0.662554144859314,13.019355773925781,-88.73851013183594,52.19141387939453,18.644777297973633,14.075754165649414,1.060553361887473,12.0677495551544,0.054349564015865326,1.0396918058395386,0.0,0.0,-2.000004529953003,-1.9971721172332764,0.13533467054367065,0.13571853935718536,0.0003,98.94416046142578
2410,964000,-0.0013293396249486244,112.61836143493652,1.1743140482902528,0.005222199950367212,0.029375000069849194,0.26263076066970825,0.1333397477865219,0.14594495296478271,10.719169616699219,-59.15646743774414,51.283180236816406,18.776769638061523,12.482990264892578,1.0857055958441912,10.078447949109218,0.07454640418291092,0.868728518486023,0.0,0.0,-2.015012741088867,-2.0146970748901367,0.1333187073469162,0.13336078822612762,0.0003,54.775360107421875
2420,968000,-0.002636235639482036,339.201609954834,1.1990022575855255,0.005909706465899944,0.04220000015106052,0.12044340372085571,0.1324416995048523,2.1046230792999268,18.47696876525879,-116.14686584472656,129.17709350585938,20.860309600830078,19.701478958129883,1.0161308520513401,19.697564473553342,0.04605153203010559,0.8625224232673645,0.0,0.0,-2.018984317779541,-2.0242481231689453,0.13279026746749878,0.1320931315422058,0.0003,129.39028930664062
2430,972000,-0.0006283682498818055,292.30880935668944,1.2120777487754821,0.0021800443064421415,0.02829999987501651,0.08027148246765137,0.13161064684391022,1.0422556400299072,17.182201385498047,-111.5120849609375,96.52922821044922,21.45466423034668,17.91632652282715,0.8308883724203384,13.471813557572778,0.0525800883769989,0.5278502106666565,0.0,0.0,-2.024458169937134,-2.0313684940338135,0.13206537067890167,0.13115590810775757,0.0003,158.28565979003906
2440,976000,-0.0006344541870457743,238.2842411804199,1.2222250378131867,0.004006749019026756,0.015400000009685754,0.26659250259399414,0.13109910488128662,-3.2062087059020996,15.795313835144043,-121.16354370117188,68.98651123046875,17.911907196044922,18.444019317626953,1.2452681250971167,30.608147910524863,0.06533190608024597,1.0965684652328491,0.0,0.0,-2.0300822257995605,-2.0335240364074707,0.13132470846176147,0.13087350130081177,0.0003,107.9995346069336
2450,980000,-0.0030028710409791513,304.5161903381348,1.2358104944229127,0.00636576022952795,0.0514250000519678,0.14291995763778687,0.12961751222610474,1.4877694845199585,17.619112014770508,-62.0032958984375,105.55349731445312,19.598731994628906,19.031511306762695,1.029702806979072,20.749931975033302,0.06193641200661659,0.7844573259353638,0.0,0.0,-2.0403826236724854,-2.045959949493408,0.1299789696931839,0.12925605475902557,0.0003,139.03187561035156
2460,984000,-0.0021803486517164928,247.39618911743165,1.2560272765159608,0.00436879089102149,0.04537499998230487,0.23171931505203247,0.128679096698761,-0.13023175299167633,15.795626640319824,-73.26089477539062,103.4552001953125,19.776012420654297,18.020917892456055,0.9940714578844079,14.483944934782302,0.05917469784617424,0.7214317321777344,0.0,0.0,-2.052449941635132,-2.0484213829040527,0.1284199059009552,0.12893828749656677,0.0003,90.12081146240234
2470,988000,-0.003427887254563391,380.9110319519043,1.26615518450737,0.005143496673554182,0.05357499969191849,0.15487289428710938,0.12820681929588318,0.27732545137405396,19.615745544433594,-150.604248046875,112.81477355957031,19.255775451660156,21.337512969970703,1.1166939553047408,22.94921388454683,0.06031149625778198,0.7271542549133301,0.0,0.0,-2.0597267150878906,-2.048525810241699,0.12748880684375763,0.12892481684684753,0.0003,192.9354248046875
2480,992000,-0.002475745064952024,403.92118865966796,1.2712257826328277,0.005189822055399418,0.04080000021494925,0.13739871978759766,0.12810033559799194,-3.1023266315460205,20.13900375366211,-103.6270751953125,119.03732299804688,17.653461456298828,21.68367576599121,1.018420009217817,33.79359167909568,0.07882636040449142,0.6928449273109436,0.0,0.0,-2.060309648513794,-2.0496020317077637,0.1274145096540451,0.1287861466407776,0.0003,182.94827270507812
2490,996000,0.000262778305824396,222.5299055480957,1.2742925548553468,0.004460053518414497,0.018349999845959246,0.37444013357162476,0.12779930233955383,-2.4128103256225586,15.123576164245605,-115.44776153564453,56.639774322509766,12.77415657043457,19.121416091918945,1.3306086130210548,22.679855277419136,0.0355365127325058,1.168413758277893,0.0,0.0,-2.0633747577667236,-2.0512502193450928,0.1270245760679245,0.12857405841350555,0.0003,105.678466796875
2500,1000000,-0.0025801506290954457,169.87272254943846,1.2774508249759675,0.005731313955038786,0.0582000002078712,0.42120683193206787,0.1277298927307129,1.0873597860336304,13.066987037658691,-77.65825653076172,67.50563049316406,14.597380638122559,17.17567253112793,1.2277998402658894,20.010916046765573,0.06625069677829742,0.5410259366035461,0.0,0.0,-2.0642025470733643,-2.0515127182006836,0.1269194632768631,0.1285403072834015,0.0003,77.00364685058594
