evaluation_seed,full_objective,raw_pnl,fills,buy_side_fills,sell_side_fills,total_arrivals,buy_side_arrivals,sell_side_arrivals,fill_to_arrival_ratio,mean_quoted_spread,mean_bid_depth,mean_ask_depth,spread_revenue,spread_revenue_per_fill,adverse_selection_loss,carry_jump_pnl,diffusion_pnl,decomposition_residual,running_penalty,terminal_penalty,mean_abs_inventory,terminal_abs_inventory,mean_signed_inventory,terminal_signed_inventory,max_abs_inventory,mean_bid_action,mean_ask_action,action_std_bid,action_std_ask,near_bound_rate,episode_duration,n_decision_events,reward_reconciliation_error,path_seed
290000,4.875303018367732,5.715846211089911,71,28,43,289,126,163,0.24567474048442905,1.8747234630751297,0.9765080370410761,0.8982154260340536,60.58661458815297,0.8533325998331404,11.848235495580319,-43.012701902409226,-0.0098309790730935,-4.192202140984591e-13,0.6155431927221791,0.225,6.327586206896552,15.0,6.141379310344828,15.0,15.0,-0.3638619219683268,-0.41486499536954796,0.15873696698859915,0.16720866533493006,0.0,1.0,290,5.329070518200751e-15,290000
290001,39.91441309610011,40.024343163609046,64,29,35,283,141,142,0.22614840989399293,2.0867590197467285,1.052879272655725,1.033879747091003,62.016625936409056,0.9690097802563915,19.019804237644184,-3.0044545925115114,0.03197605735561038,7.105427357601002e-14,0.07393006750893315,0.036000000000000004,2.3098591549295775,6.0,1.5211267605633803,6.0,7.0,-0.31411051266296375,-0.32648759633027197,0.14468933160595637,0.14016800679508318,0.0,1.0,284,0.0,290001
290002,57.74034542006888,58.71202352318164,82,33,49,279,139,140,0.2939068100358423,1.7920250409406122,0.936915664364561,0.8551093765760511,65.94336165783722,0.8041873372906978,8.35927140002926,0.9966577240906094,0.1312755412831566,-8.526512829121202e-14,0.715678103112763,0.256,7.860714285714286,16.0,6.996428571428571,16.0,18.0,-0.3896540454366281,-0.4429460744939362,0.16064904961906665,0.1673215186504661,0.0,1.0,280,4.973799150320701e-14,290002
290003,80.94189272861071,81.02210341663957,59,28,31,287,136,151,0.20557491289198607,2.1401608332848303,1.0565606697887007,1.0836001634961299,57.88813921665951,0.9811549019772798,18.81358451189206,41.90916811788681,0.038380593985048346,2.5579538487363607e-13,0.07121068802885544,0.009000000000000001,2.1840277777777777,3.0,-1.34375,3.0,5.0,-0.3117122969721456,-0.2940976426062544,0.1261624354278828,0.1347186808715759,0.0,1.0,288,4.263256414560601e-14,290003
290004,78.91714615616094,79.28920693529551,62,26,36,269,129,140,0.23048327137546468,2.0059193992124222,1.034438463554943,0.971480935657479,56.71040856631904,0.914684009134178,21.335865801127657,43.926946500791686,-0.01228233068813471,5.826450433232822e-13,0.2720607791345831,0.1,4.303703703703704,10.0,4.303703703703704,10.0,12.0,-0.326123625114415,-0.36713678555462376,0.15285263133867105,0.15582667682211257,0.0,1.0,270,1.4210854715202004e-14,290004
290005,55.13503537181724,55.1624077106203,57,28,29,276,125,151,0.20652173913043478,2.2059249436582142,1.1005790192362657,1.1053459244219483,58.11332190958484,1.0195319633260498,21.216984037393004,18.253171183725165,0.012898654703604328,-3.055333763768431e-13,0.026372338803064135,0.001,1.4007220216606497,1.0,-0.07220216606498195,1.0,4.0,-0.2830369075707952,-0.279931546643949,0.11004779188351173,0.11265149029478316,0.0,1.0,277,0.0,290005
290006,64.45775080901156,64.51049520391598,73,36,37,281,132,149,0.2597864768683274,1.8997881572702735,0.9531815249644486,0.9466066323058249,62.4540089291488,0.8555343688924493,10.036756839811046,12.091200386822292,0.0020427277560112495,-7.105427357601002e-14,0.051744394904418525,0.001,1.7836879432624113,1.0,-0.25177304964539005,1.0,5.0,-0.37905778518372035,-0.3833409445848402,0.1687768999536629,0.15461782679816835,0.0,1.0,282,1.4210854715202004e-14,290006
290007,42.62525843328258,42.69384149563915,64,32,32,298,150,148,0.21476510067114093,2.1247725351095172,1.0832936482360525,1.0414788868734643,62.99240911448849,0.9842563924138826,21.383992738479964,1.05285333865066,0.03257178097984069,1.2789769243681803e-13,0.06858306235656733,0.0,2.0668896321070234,0.0,1.879598662207358,0.0,5.0,-0.2942973194353603,-0.3215371996181704,0.1374597907372877,0.1306670657640559,0.0,1.0,299,7.105427357601002e-15,290007
290008,30.345712919369163,30.46299591168713,84,41,43,268,122,146,0.31343283582089554,1.6456659674473333,0.8284746224720548,0.8171913449752785,62.640235481939946,0.7457170890707137,3.4569069123356218,-28.705251575956996,-0.015081081960601442,4.014566457044566e-13,0.11328299231796726,0.004,2.858736059479554,2.0,1.520446096654275,2.0,8.0,-0.4602970645952605,-0.46764746232720983,0.15494152315374532,0.14402663705992622,0.0,1.0,269,0.0,290008
290009,-24.577180531698975,-23.978415240785125,91,40,51,294,139,155,0.30952380952380953,1.742605434102622,0.9039321015748336,0.8386733325277884,71.1164959420834,0.7814999554075099,10.367217846247373,-84.71419180186801,-0.013501534753923562,7.780442956573097e-13,0.4777652909138509,0.121,5.450847457627119,11.0,5.172881355932203,11.0,12.0,-0.41114091440626005,-0.45365319934565596,0.1553559136771885,0.16450924369180178,0.0,1.0,295,3.552713678800501e-14,290009
290010,62.89852791976109,63.03364776343494,61,34,27,278,130,148,0.21942446043165467,2.118149204578544,1.0507504864412098,1.0673987181373341,61.11543917664575,1.0018924455187828,18.625351085498185,20.558963897372454,-0.015404225084929444,-1.4921397450962104e-13,0.08611984367385535,0.049,2.086021505376344,7.0,-1.5842293906810037,-7.0,8.0,-0.31549729282213756,-0.3046519400835277,0.13753456117673732,0.1338865252421154,0.0,1.0,279,2.1316282072803006e-14,290010
290011,95.21000092922434,95.37896137998177,67,31,36,265,133,132,0.2528301886792453,1.883797232222545,0.9562290858090112,0.9275681464135335,57.34465659592253,0.8558903969540677,13.305383774242056,51.290169823546925,0.04951873475465804,-2.8421709430404007e-13,0.14396045075743988,0.025,3.556390977443609,5.0,2.345864661654135,5.0,7.0,-0.37707247689663276,-0.39574340863506235,0.15837167827498483,0.16913306402808467,0.0,1.0,266,5.684341886080802e-14,290011
290012,129.21384869563656,129.4938200570226,56,29,27,280,133,147,0.2,2.1216554290640213,1.0182449785951904,1.103410450468831,54.33260972737399,0.970225173703107,15.412665559249163,90.52879415809439,0.04508173080316793,2.2737367544323206e-13,0.2759713613860421,0.004,4.419928825622776,2.0,-4.419928825622776,-2.0,9.0,-0.33667273685562094,-0.2811923951305076,0.13475523396023298,0.13658418311019419,0.0,1.0,281,2.842170943040401e-14,290012
290013,54.72515199519266,54.821798151009034,70,32,38,263,127,136,0.2661596958174905,1.8827558843875938,0.9288037964754569,0.953952087912137,57.46859760166244,0.8209799657380348,12.707934206924579,10.085378806097847,-0.02424404982658916,-8.526512829121202e-14,0.060646155816373795,0.036000000000000004,2.018939393939394,6.0,-0.7310606060606061,6.0,6.0,-0.3949384546298775,-0.3785558083295099,0.15459294248533023,0.17013763504541313,0.0,1.0,264,0.0,290013
290014,-43.13392685999155,-42.766944728266,90,45,45,267,141,126,0.33707865168539325,1.712135302683671,0.8098638847609368,0.9022714179227342,71.12943213942776,0.7903270237714196,10.630647486514146,-103.17220615783692,-0.09352322334229539,-3.907985046680551e-13,0.3669821317255474,0.0,5.201492537313433,0.0,-3.8955223880597014,0.0,11.0,-0.47242087563339086,-0.41222275302570016,0.139449601598814,0.17929256082420192,0.0,1.0,268,2.1316282072803006e-14,290014
290015,79.69723624794614,79.89834447801123,63,32,31,291,143,148,0.21649484536082475,2.1712239321573827,1.1213994481917642,1.0498244839656183,64.4908150607884,1.0236637311236254,24.71256069427685,40.12954245538991,-0.009452343889695503,-5.542233338928781e-13,0.2001082300650886,0.001,4.078767123287672,1.0,3.1883561643835616,-1.0,9.0,-0.26947361146144805,-0.31610052947020445,0.13237909076233267,0.11570548169340857,0.0,1.0,292,1.4210854715202004e-14,290015
290016,49.70399630549231,49.76030109889261,52,26,26,273,144,129,0.19047619047619047,2.2695901814271355,1.1336407044153525,1.1359494770117833,56.714935681679535,1.0906718400322988,22.109089207901256,15.125193589926532,0.02926103518819564,-3.979039320256561e-13,0.05630479340030348,0.0,1.8430656934306568,0.0,-0.7481751824817519,0.0,5.0,-0.2614991464172456,-0.2599951156193464,0.08584489576772063,0.08493238623105107,0.0,1.0,274,2.1316282072803006e-14,290016
290017,75.78362282457981,76.3665388561559,71,31,40,281,140,141,0.2526690391459075,1.9834443206232526,1.0320574802908782,0.9513868403323746,63.34222927013434,0.8921440742272442,18.12541181130484,31.082106407517358,0.06761498980888496,1.4210854715202004e-13,0.50191603157608,0.081,5.911347517730497,9.0,5.599290780141844,9.0,12.0,-0.32767469695404644,-0.38022691763241884,0.16064577612149206,0.1513896832011325,0.0,1.0,282,0.0,290017
290018,55.35604528314696,55.639913452936696,64,30,34,278,132,146,0.2302158273381295,2.2568836670891743,1.1707305320555128,1.0861531350336617,68.78612661083025,1.0747832282942227,19.59900053198867,6.369106461818759,0.0836809122774773,-1.1297629498585593e-12,0.26786816978973327,0.016,4.903225806451613,4.0,4.903225806451613,4.0,8.0,-0.2373372851989492,-0.29243453042944445,0.0958578705874155,0.08761784213285537,0.0,1.0,279,5.684341886080802e-14,290018
290019,25.38335469232614,25.401003221330583,49,24,25,302,161,141,0.16225165562913907,2.3286395694616204,1.1580002645401632,1.1706393049214574,56.67657975655531,1.1566648929909247,25.038371271035594,-6.235119812418316,-0.002085451770944101,1.2434497875801753e-13,0.016648529004441994,0.001,1.0,1.0,-0.48514851485148514,1.0,3.0,-0.24563031260155183,-0.23739671436032828,0.03811531408602153,0.0374086543460039,0.0,1.0,303,1.0658141036401503e-14,290019
290020,-7.193382475308317,-6.927869108970299,54,24,30,289,138,151,0.18685121107266436,2.1494282711669594,1.1153269158714842,1.034101355295475,53.75446742045339,0.9954531003787664,13.303307023841661,-47.43483528486877,0.05580577928675439,-1.1546319456101628e-14,0.2295133663380181,0.036000000000000004,4.613793103448276,6.0,4.613793103448276,6.0,7.0,-0.2734295123782631,-0.3263432314997515,0.13389701245000576,0.12465560625299624,0.0,1.0,290,9.769962616701378e-15,290020
290021,-59.74832570258916,-59.65561213245968,50,23,27,297,143,154,0.16835016835016836,2.2771060489770316,1.1414591953265627,1.1356468536504691,55.37199590979766,1.1074399181959533,24.46908655048232,-90.55475254324892,-0.0037689485261574425,5.684341886080802e-14,0.07671357012948762,0.016,2.3221476510067114,4.0,1.1006711409395973,4.0,6.0,-0.25640585522792186,-0.2601922571032179,0.07697477569590866,0.08283535733198949,0.0,1.0,298,1.4210854715202004e-14,290021
290022,94.20071222425638,94.39128330547607,74,37,37,297,165,132,0.24915824915824916,1.8685562963125963,0.9703308360513814,0.8982254602612149,59.073979326917694,0.7982970179313202,8.243967806687136,43.634336692700245,-0.07306490745461758,-1.1368683772161603e-13,0.19057108121969155,0.0,3.902684563758389,0.0,3.902684563758389,0.0,9.0,-0.36788600842347435,-0.41485845865531873,0.15827248204332567,0.16565661568260542,0.0,1.0,298,2.842170943040401e-14,290022
290023,44.69418194653036,44.79076828347581,86,45,41,279,144,135,0.30824372759856633,1.9432689194861439,0.9624832623211648,0.9807856571649793,77.54923545744762,0.9017352960168328,19.617502768389507,-13.128531268707084,-0.012433136875952619,7.389644451905042e-13,0.08058633694545735,0.016,2.0964285714285715,4.0,-1.5321428571428573,-4.0,7.0,-0.37299824537451765,-0.3610753017450923,0.1602462769959216,0.15954139040106416,0.0,1.0,280,2.842170943040401e-14,290023
290024,59.509831961360426,59.54949852647199,69,34,35,268,135,133,0.2574626865671642,1.8329639269107427,0.9248796183055527,0.9080843086051898,59.00527309092538,0.8551488853757301,12.930357106953538,13.44197810030942,0.032604442190868256,-1.3500311979441904e-13,0.038666565111572,0.001,1.657992565055762,1.0,0.6171003717472119,1.0,5.0,-0.39749482801766867,-0.4084359935047544,0.16492814409537856,0.16088780599887564,0.0,1.0,269,7.105427357601002e-15,290024
290025,129.40980624624493,129.5883674614019,49,26,23,310,147,163,0.15806451612903225,2.2464079647417967,1.0890714604548526,1.1573365042869441,53.78799164800133,1.0977141152653334,17.675000334625967,93.51391009964547,-0.03853395161887562,-5.684341886080802e-14,0.16956121515698006,0.009000000000000001,3.787781350482315,3.0,-3.742765273311897,-3.0,7.0,-0.2905334114892137,-0.2460627137244714,0.095376068364056,0.09815749420554415,0.0,1.0,311,0.0,290025
290026,70.69597055522173,70.78399951467938,70,36,34,288,143,145,0.24305555555555555,2.0790899086889243,1.0523371862467925,1.0267527224421318,67.70874371428697,0.9672677673469566,24.188806433330615,27.255198069265923,0.00886416445694016,1.5631940186722204e-13,0.08402895945764284,0.004,2.0795847750865053,2.0,0.8408304498269896,-2.0,6.0,-0.314463650367135,-0.33113043754636157,0.14330646731357108,0.14483669084749642,0.0,1.0,289,1.4210854715202004e-14,290026
290027,71.49254266544565,71.55440273666454,54,26,28,264,130,134,0.20454545454545456,2.2697674057774533,1.1538801217876642,1.115887283989789,60.53174411203695,1.1209582242969804,30.254542819214016,41.24238887498649,0.03481256885517147,-4.263256414560601e-14,0.05786007121888391,0.004,2.1547169811320757,2.0,1.6264150943396227,2.0,5.0,-0.2483143454946482,-0.2730644652058423,0.08429820074475941,0.08521267465901004,0.0,1.0,265,2.842170943040401e-14,290027
290028,25.23136617217951,25.272752057887544,56,26,30,299,137,162,0.18729096989966554,2.2166338222369717,1.115668648984142,1.1009651732528298,58.28281014381061,1.0407644668537608,24.81877592954863,-8.180143393528832,-0.011138762845778966,1.7408297026122455e-13,0.025385885708035003,0.016,1.4133333333333333,4.0,0.7933333333333333,4.0,4.0,-0.27320689317059604,-0.2827853507329574,0.10498135670090403,0.11020818556759576,0.0,1.0,300,3.552713678800501e-15,290028
290029,105.15201202621817,105.29297231857839,66,36,30,275,136,139,0.24,2.156701252928049,1.058506576051889,1.0981946768761601,65.7205622380766,0.995766094516312,21.49860821600818,61.104914090596644,-0.0338957940870722,3.979039320256561e-13,0.10496029236022314,0.036000000000000004,2.7318840579710146,6.0,-2.717391304347826,-6.0,7.0,-0.3104446524435398,-0.2845901676657391,0.12455277283736327,0.12701204295916949,0.0,1.0,276,2.842170943040401e-14,290029
290030,-0.17296987214723047,-0.017811545292488518,63,35,28,305,162,143,0.20655737704918034,2.168050809905681,1.0615747479988316,1.1064760619068494,62.91804141894475,0.9986990701419802,24.10654923706963,-38.88102393503728,0.05172020786950402,1.6009416015094757e-13,0.10615832685474194,0.049,2.872549019607843,7.0,-2.8529411764705883,-7.0,7.0,-0.30844591722440834,-0.2791953279337214,0.12206531509417297,0.12365739855641603,0.0,1.0,306,3.913536161803677e-15,290030
290031,-3.3844962129796694,-3.2693238275082876,67,36,31,307,171,136,0.2182410423452769,2.0118534525198193,0.9865666538600202,1.0252867986597989,59.30126743131241,0.8850935437509315,12.79779243195089,-49.760264564309104,-0.012534262560874927,1.687538997430238e-13,0.09017238547138179,0.025,2.5194805194805197,5.0,-2.4740259740259742,-5.0,7.0,-0.35730931929825654,-0.33208540146069876,0.15261303195964554,0.15301179137600202,0.0,1.0,308,1.9539925233402755e-14,290031
290032,57.74488269942969,57.8287908992325,41,19,22,270,133,137,0.15185185185185185,2.2102559425947925,1.126772537704232,1.0834834048905604,43.30249796566997,1.0561584869675602,14.681897260606794,29.195601667189127,0.012588526980137266,5.684341886080802e-14,0.07490819980280963,0.009000000000000001,2.5645756457564577,3.0,2.5645756457564577,3.0,5.0,-0.2659733567723927,-0.29417370403342447,0.11225522238752109,0.10845805540267545,0.0,1.0,271,7.105427357601002e-15,290032
290033,47.93979416151345,48.064317324970375,66,29,37,291,147,144,0.2268041237113402,2.0287608123831973,1.001254444837076,1.0275063675461211,59.67790448543548,0.9042106740217496,13.214212134209191,1.6196902938493223,-0.01906532010531704,8.526512829121202e-14,0.06052316345692674,0.064,2.1027397260273974,8.0,-0.7191780821917808,8.0,8.0,-0.3477410794392315,-0.33063948168139773,0.14879557039261987,0.15339632211520574,0.0,1.0,292,1.4210854715202004e-14,290033
290034,-3.3955202320016955,-3.128316661398003,56,32,24,274,151,123,0.20437956204379562,2.0565975357610733,1.0183099352181813,1.0382876005428918,54.55807201058671,0.9742512859033342,11.99648590872646,-45.73036102426119,0.04045826100327402,-3.419486915845482e-13,0.20320357060369276,0.064,3.6945454545454544,8.0,-2.3927272727272726,-8.0,10.0,-0.33663042140122906,-0.3236161366834811,0.14053213766738637,0.15371850418397595,0.0,1.0,275,1.3322676295501878e-15,290034
290035,43.05806932395444,43.12109140574297,56,28,28,280,141,139,0.2,2.252951187514689,1.1079503962547261,1.1450007912599631,62.36756857229202,1.1137065816480718,24.7838237541826,5.523112399233538,0.014234188400378007,-3.694822225952521e-13,0.06302208178853003,0.0,2.1281138790035588,0.0,-1.8576512455516014,0.0,6.0,-0.2782348850260765,-0.25409871187141136,0.09322384319421946,0.09449486894988281,0.0,1.0,281,7.105427357601002e-15,290035
290036,39.887197907573494,40.036498848659505,68,35,33,257,126,131,0.26459143968871596,2.0716375222250005,1.0155919567886853,1.0560455654363152,64.3516202031704,0.9463473559289765,19.21781094113444,-5.137511722192011,0.040201308815700824,-1.4210854715202004e-13,0.14530094108601405,0.004,3.4767441860465116,2.0,-1.321705426356589,-2.0,7.0,-0.3384010259520222,-0.31204785743891306,0.13744985518319616,0.15478525376590677,0.0,1.0,258,1.4210854715202004e-14,290036
290037,-2.2228092339548007,-2.099063965146911,59,28,31,271,127,144,0.2177121771217712,2.192543515682066,1.1135422579456755,1.079001257736391,60.49941362994713,1.0254137903380869,24.37252637601696,-38.27894659592304,0.052995376846216816,-2.5357493882438575e-13,0.11474526880788999,0.009000000000000001,2.9816176470588234,3.0,2.452205882352941,3.0,6.0,-0.2745921130121584,-0.2970935616976256,0.12230675826771321,0.10865814338585708,0.0,1.0,272,4.884981308350689e-15,290037
290038,63.39753460495592,63.49655404287654,48,26,22,277,150,127,0.17328519855595667,2.248331052422994,1.1417498328595734,1.1065812195634201,52.54516835369889,1.0946910073687268,17.27714060173977,28.2942704938092,-0.06574420289178456,0.0,0.08301943792061936,0.016,2.553956834532374,4.0,1.2805755395683454,-4.0,5.0,-0.2562165218126906,-0.27912682384875426,0.09293929417880062,0.09469620668402037,0.0,1.0,278,0.0,290038
290039,42.62573400508401,42.641631490720556,55,27,28,269,123,146,0.20446096654275092,2.1799999795377434,1.0882511672739228,1.0917488122638204,54.76833933155032,0.9957879878463695,18.706279966064294,6.588632445898855,-0.009060320664436046,1.1368683772161603e-13,0.014897485636544684,0.001,0.9185185185185185,1.0,0.1111111111111111,1.0,3.0,-0.29106778469224387,-0.28878927281409045,0.1174846311374349,0.12220927690575392,0.0,1.0,270,1.4210854715202004e-14,290039
290040,51.68294408047912,51.72970912735201,62,31,31,263,136,127,0.23574144486692014,1.9883220040772636,0.9860407570019617,1.0022812470753015,54.378532276407256,0.8770731012323751,13.323732646306532,10.648896305764822,0.026013191486459995,0.0,0.04676504687289231,0.0,1.6893939393939394,0.0,-1.0075757575757576,0.0,5.0,-0.35765191045351413,-0.34707217762013004,0.15980919853915174,0.15129134655474163,0.0,1.0,264,1.4210854715202004e-14,290040
290041,14.62908915695959,14.846329162780307,49,28,21,250,134,116,0.196,2.287164255986245,1.1161180217379163,1.1710462342483283,54.85649351089243,1.1195202757324985,19.210627949366305,-20.87001895941975,0.0704825606742181,-2.8421709430404007e-13,0.16824000582071652,0.049,3.4223107569721116,7.0,-3.350597609561753,-7.0,8.0,-0.2729141530096738,-0.23713162361855158,0.07352523755966715,0.07510834522832274,0.0,1.0,251,1.4210854715202004e-14,290041
290042,67.42207949759468,67.75478837105322,61,34,27,282,152,130,0.21631205673758866,2.1302399497456856,1.0191860649411841,1.1110538848045015,63.761133655797906,1.0452644861606215,20.968168330435834,25.01702416471226,-0.05520111902099027,-1.2789769243681803e-13,0.2837088734585371,0.049,5.219081272084805,7.0,-5.219081272084805,-7.0,9.0,-0.33605967394503194,-0.2762131430983505,0.13236630354592024,0.1338231309302493,0.0,1.0,283,1.4210854715202004e-14,290042
290043,66.34883675440624,66.40217114620818,65,33,32,274,136,138,0.23722627737226276,1.8439892681266277,0.9213382755749829,0.9226509925516446,54.85635046158945,0.8439438532552224,14.79784534585544,26.335162697062497,0.008503333411710019,-4.263256414560601e-14,0.052334391801932306,0.001,1.6981818181818182,1.0,0.3018181818181818,-1.0,6.0,-0.399801806427291,-0.3989466478183933,0.16089875917939994,0.1638122078449364,0.0,1.0,275,2.842170943040401e-14,290043
290044,52.593779024209105,52.62269027861247,80,40,40,314,141,173,0.25477707006369427,2.0768522001283705,1.0493584719262055,1.027493728202165,75.45563868974844,0.9431954836218555,21.866729583072306,-0.9830741964635613,0.01685536839991656,-2.1316282072803006e-14,0.028911254403364332,0.0,1.3587301587301588,0.0,0.9206349206349206,0.0,5.0,-0.3164041091560309,-0.33064771547739974,0.14401608784976533,0.1435651337710324,0.0,1.0,315,7.105427357601002e-15,290044
290045,67.91272294567598,67.95894108089206,54,26,28,281,145,136,0.19217081850533807,2.122459138807868,1.0687254174523513,1.053733721355517,52.57616461095036,0.9736326779805622,17.841797872078708,33.24428017704925,-0.0197058350290506,2.1316282072803006e-13,0.042218135216072705,0.004,1.7092198581560283,2.0,0.9645390070921985,2.0,5.0,-0.30378767279604174,-0.3135538891298806,0.13563603880017638,0.13303153241495855,0.0,1.0,282,2.842170943040401e-14,290045
290046,17.819814176958474,18.591302675748068,85,43,42,290,154,136,0.29310344827586204,1.8711538694515293,0.8652144061094991,1.0059394633420302,72.5657414381432,0.8537146051546259,16.162746761715173,-37.73339783261451,-0.07829416806449556,-9.663381206337363e-13,0.7704884987895916,0.001,7.965635738831615,1.0,-7.965635738831615,-1.0,14.0,-0.43636323664516813,-0.34468906291275675,0.16437535231067527,0.1624968600291766,0.0,1.0,291,0.0,290046
290047,38.76395297915209,38.82268410598806,69,32,37,284,143,141,0.24295774647887325,2.0550687898935376,1.0250643889792692,1.0300044009142684,65.1391587666184,0.9440457792263536,22.811233343567732,-3.5199423530510163,0.01470103598860788,-1.9184653865522705e-13,0.03373112683597164,0.025,1.3087719298245615,5.0,0.1368421052631579,5.0,6.0,-0.33223028840616264,-0.3290121585203029,0.1415729631244365,0.15348914986951517,0.0,1.0,285,7.105427357601002e-15,290047
290048,89.91015965841984,89.96865245280725,91,47,44,286,144,142,0.3181818181818182,1.984260258888702,0.9779517890945147,1.006308469794187,82.20544647814717,0.9033565547049139,22.82387030686505,30.569966939886843,0.017109341638347833,-5.684341886080802e-14,0.04949279438739861,0.009000000000000001,1.8606271777003485,3.0,-1.0662020905923344,-3.0,7.0,-0.3629214016432588,-0.34444867671381824,0.15096908456959426,0.16329129843914603,0.0,1.0,287,9.947598300641403e-14,290048
290049,16.54183736504788,16.577697443289665,54,27,27,264,124,140,0.20454545454545456,2.056105564817688,1.0387866305655338,1.017318934252154,50.011052547532145,0.9261306027320768,16.037792462088927,-17.382923704398184,-0.012638937755639434,2.7355895326763857e-13,0.03586007824178462,0.0,1.3886792452830188,0.0,1.0566037735849056,0.0,5.0,-0.32329104770577544,-0.3372760007778892,0.15057032474145113,0.1428183456739014,0.0,1.0,265,1.4210854715202004e-14,290049
290050,53.88806937488029,53.93445966483375,60,32,28,256,120,136,0.234375,2.1436210548796835,1.0655989125571952,1.078022142322488,56.43834226418213,0.9406390377363689,15.117833093028425,12.634827774039689,-0.020877280359627326,-1.4210854715202004e-14,0.030390289953469492,0.016,1.4863813229571985,4.0,-0.9727626459143969,-4.0,4.0,-0.30582440853145665,-0.29773139832973256,0.12422090759970468,0.13416625586026698,0.0,1.0,257,2.842170943040401e-14,290050
290051,82.25714744260658,82.38752542480907,74,37,37,288,145,143,0.2569444444444444,2.1035221665387356,1.0805862400678743,1.022935926470861,69.9518526256581,0.9452953057521366,16.758299836785394,29.21328691882646,-0.01931428288991863,-1.7053025658242404e-13,0.13037798220248878,0.0,3.141868512110727,0.0,3.093425605536332,0.0,7.0,-0.29606103807690964,-0.3336168576896716,0.14134938412027223,0.1361796514479221,0.0,1.0,289,5.684341886080802e-14,290051
290052,-7.302001009499746,-7.06221634017038,63,35,28,277,143,134,0.22743682310469315,2.0049698345850464,0.97347817484665,1.0314916597383963,57.00058646036468,0.9047712136565822,11.31051551850195,-52.88051262583889,0.12822534380646555,-6.847855615887966e-13,0.19078466932936533,0.049,3.985611510791367,7.0,-3.820143884892086,-7.0,8.0,-0.36583570061627657,-0.3280432960695821,0.14339328984340666,0.1631391939632488,0.0,1.0,278,1.509903313490213e-14,290052
290053,44.87707379860541,44.91227569163456,48,23,25,272,137,135,0.17647058823529413,2.1953635815438957,1.092043938804419,1.103319642739477,51.02265977469553,1.0629720786394903,17.89516738944771,11.823217445045234,-0.038434138658187116,-2.984279490192421e-13,0.03120189302915224,0.004,1.3882783882783882,2.0,-0.31868131868131866,2.0,4.0,-0.2885970150720227,-0.2812515510741671,0.12190169541800802,0.10792156761735633,0.0,1.0,273,2.842170943040401e-14,290053
290054,66.0640265804389,66.15379685982423,69,34,35,269,134,135,0.25650557620817843,1.882885307487378,0.9633943506010336,0.9194909568863443,58.906524831156034,0.8537177511761744,12.520358454726427,19.726829689735354,0.04080079365941181,-1.4210854715202004e-13,0.08877027938530899,0.001,2.611111111111111,1.0,2.522222222222222,1.0,5.0,-0.3724047244558066,-0.4010052268964797,0.16755987355222488,0.15758039995116133,0.0,1.0,270,4.263256414560601e-14,290054
290055,53.39407972505207,53.438938913066636,69,34,35,254,130,124,0.27165354330708663,2.0171452618411547,1.0203885610681218,0.9967567007730328,63.33189845824973,0.917853600844199,17.987405654550788,8.07089667489151,0.023549434476022143,1.6342482922482304e-13,0.0438591880145648,0.001,1.4901960784313726,1.0,1.2627450980392156,1.0,5.0,-0.33527631779637324,-0.3506710975812715,0.15530932313607143,0.14833522055826237,0.0,1.0,255,0.0,290055
290056,14.265361348609966,14.333678677722787,47,24,23,272,152,120,0.17279411764705882,2.341930943592435,1.1921638040329638,1.149767139559471,54.72797758203853,1.16442505493699,24.11712724885239,-16.274162516439493,-0.0030091390240008674,1.4566126083082054e-13,0.06731732911282168,0.001,2.1172161172161172,1.0,1.7216117216117217,-1.0,6.0,-0.22337475757554207,-0.2509937137234537,0.01500142311060158,0.012829423423805473,0.0,1.0,273,1.7763568394002505e-15,290056
290057,58.17373074147801,58.22028708500733,72,34,38,287,148,139,0.2508710801393728,1.8014967860286832,0.894204142715597,0.9072926433130861,55.65022788975278,0.7729198318021219,7.446150339996367,10.006960828653199,0.009248706597760434,-4.263256414560601e-14,0.030556343529317798,0.016,1.3090277777777777,4.0,-0.5104166666666666,4.0,4.0,-0.4174781126853827,-0.408951717306567,0.1592967850542908,0.1655798935789902,0.0,1.0,288,2.842170943040401e-14,290057
290058,-10.436554280163314,-10.131795342433747,56,24,32,262,116,146,0.21374045801526717,2.0471376319286296,1.0455065998072233,1.0016310321214068,50.10582602037188,0.8947468932209264,11.67163255419343,-48.54624603351444,-0.019742775097796893,4.263256414560601e-14,0.24075893772956714,0.064,3.9049429657794676,8.0,3.3726235741444865,8.0,10.0,-0.31891337936543745,-0.3474957547699214,0.1457981599609595,0.15316939581428457,0.0,1.0,263,8.881784197001252e-15,290058
290059,13.469911699059477,13.53009072681337,50,24,26,289,134,155,0.17301038062283736,2.2806662115499985,1.1433497812674622,1.1373164302825365,55.73307417299499,1.1146614834598998,18.024040957100944,-24.17431541269967,-0.004627076381193803,1.8829382497642655e-13,0.056179027753893045,0.004,1.8551724137931034,2.0,0.5310344827586206,2.0,5.0,-0.2551742486653766,-0.25910462522558547,0.07851822101872032,0.0801316208639047,0.0,1.0,290,0.0,290059
290060,32.104092114713616,32.27377251284571,62,33,29,269,142,127,0.23048327137546468,2.105560891581992,1.0332727423991492,1.0722881491828424,58.98368049520886,0.9513496854065945,19.456578408814167,-7.2528791087637465,-0.00045046478543818295,2.0605739337042905e-13,0.15368039813209308,0.016,3.5407407407407407,4.0,-2.7333333333333334,-4.0,9.0,-0.32688302451251383,-0.3014667606994611,0.14181072132738906,0.1359417374980019,0.0,1.0,270,7.105427357601002e-15,290060
290061,33.380428056503845,33.44220099970181,59,31,28,263,152,111,0.22433460076045628,2.0724307087605767,1.0410535409602888,1.0313771678002879,53.389230666126835,0.9049022146801159,15.354581326240012,-4.575757833963524,-0.01669050622177455,2.8421709430404007e-13,0.05277294319796178,0.009000000000000001,2.1136363636363638,3.0,-0.18181818181818182,-3.0,4.0,-0.3218142876926581,-0.3281178808949962,0.13858958613070305,0.1494581899895888,0.0,1.0,264,1.4210854715202004e-14,290061
290062,42.91714904703917,43.23668772679753,59,33,26,285,144,141,0.20701754385964913,1.9631683347256448,0.9530034413829434,1.0101648933427017,47.59404566517102,0.8066787400876445,7.577324969835594,3.1710335817420106,0.048933449720482414,-3.907985046680551e-13,0.2705386797583587,0.049,4.416083916083916,7.0,-4.171328671328672,-7.0,8.0,-0.3791737962588674,-0.3419364415133165,0.15507751429396952,0.16086792462608276,0.0,1.0,286,2.1316282072803006e-14,290062
290063,4.879931128570712,5.075357900674021,78,36,42,285,142,143,0.2736842105263158,1.6730594213442989,0.8445329087581744,0.8285265125861244,58.49533666993203,0.7499402137170773,6.276652312386526,-47.16531936039264,0.021992903521220155,-6.838973831690964e-14,0.15942677210330924,0.036000000000000004,3.020979020979021,6.0,1.6923076923076923,6.0,8.0,-0.4498360269109332,-0.4602632612099516,0.1628917907581942,0.14272856682588783,0.0,1.0,286,1.7763568394002505e-15,290063
290064,29.703306307624647,29.81774092744179,79,39,40,271,138,133,0.2915129151291513,1.7425378996861731,0.8926871360256627,0.8498507636605104,62.98665144041593,0.7972993853217206,14.303100607107353,-18.872552866264797,0.0067429603976391925,3.694822225952521e-13,0.11343461981714256,0.001,2.823529411764706,1.0,2.610294117647059,1.0,7.0,-0.418466354137055,-0.4463717543514636,0.15564781266791045,0.16353410125078635,0.0,1.0,272,0.0,290064
290065,42.544806742561285,42.66921344375032,72,39,33,260,129,131,0.27692307692307694,1.87893273397989,0.9382213098157581,0.9407114241641319,61.19243586521201,0.8498949425723891,16.495465616501026,-2.044212583571878,0.0164557786110313,1.8474111129762605e-13,0.08840670118903886,0.036000000000000004,2.3409961685823757,6.0,-0.3333333333333333,-6.0,7.0,-0.3888034935144623,-0.3871813291332524,0.1627429850075098,0.1627725977015266,0.0,1.0,261,1.4210854715202004e-14,290065
290066,25.94284587050677,26.096574527587165,62,29,33,247,117,130,0.25101214574898784,2.027916016773253,1.0148351025384994,1.0130809142347534,57.481079106892,0.9271141791434193,21.340516578107575,-10.051473333952593,0.007485332755827545,-4.902744876744691e-13,0.13772865708039858,0.016,3.286290322580645,4.0,0.9798387096774194,4.0,7.0,-0.33889407238871283,-0.3400368238395173,0.16140313718301602,0.14108067670052155,0.0,1.0,248,1.0658141036401503e-14,290066
290067,-45.71274820735989,-45.28838317732959,49,27,22,278,160,118,0.17625899280575538,2.207414666906439,1.0615349668327112,1.1458797000737277,52.00980231355334,1.0614245370112927,14.822283367406099,-82.7088261465073,0.23292402302989423,5.826450433232822e-13,0.3993650300302993,0.025,5.236559139784946,5.0,-5.236559139784946,-5.0,10.0,-0.3084718323358029,-0.25352615399954,0.11534407672750813,0.10870393367690868,0.0,1.0,279,7.105427357601002e-15,290067
290068,-90.09303310954597,-89.80696768469159,77,35,42,293,133,160,0.2627986348122867,1.814043877477901,0.9366975945073046,0.8773462829705965,60.560808292955194,0.7865040038046129,11.394446002841832,-139.00956250601644,0.03623253121172573,-2.4158453015843406e-13,0.23706542485438323,0.049,4.465986394557823,7.0,4.4523809523809526,7.0,9.0,-0.389796105240142,-0.4284600258813118,0.1630993282942084,0.16016151675124438,0.0,1.0,294,2.842170943040401e-14,290068
290069,13.05537611809265,13.295722586585498,54,23,31,259,124,135,0.2084942084942085,2.1874999918419378,1.1106157701450101,1.0768842216969279,54.53630852740153,1.0099316393963247,16.157209837126814,-25.11898536060967,0.0356092569202759,1.758593271006248e-13,0.17634646849284796,0.064,3.103846153846154,8.0,2.7576923076923077,8.0,10.0,-0.2764985492669377,-0.29847268730251886,0.11641974378779792,0.11942395927179605,0.0,1.0,260,1.4210854715202004e-14,290069
290070,-43.34388194389761,-42.919181035261886,48,19,29,298,144,154,0.1610738255033557,2.2854734748683367,1.164059850562622,1.1214136243057147,54.38679853695159,1.133058302853158,15.826269921260899,-81.46613136282916,-0.013578288122573962,-8.384404281969182e-13,0.32470090863571704,0.1,4.538461538461538,10.0,3.9297658862876252,10.0,12.0,-0.24168284544329402,-0.2694643765493518,0.08276844246974221,0.0696331167655036,0.0,1.0,299,2.842170943040401e-14,290070
290071,20.775534145721895,20.98512217591906,62,29,33,277,131,146,0.22382671480144403,2.144318748214843,1.1062158437509977,1.038102904463845,61.968040570449695,0.9994845253298338,18.751941137390556,-22.17543367153656,-0.055543585603866186,3.446132268436486e-13,0.1935880301971673,0.016,3.802158273381295,4.0,3.6510791366906474,4.0,9.0,-0.279364844897488,-0.3237364554154203,0.12235599612093823,0.1371330015651521,0.0,1.0,278,7.105427357601002e-15,290071
290072,-18.473176592225784,-18.374228666135735,75,37,38,290,144,146,0.25862068965517243,2.0608420610463756,1.0037136494408996,1.057128411605476,70.07238833937463,0.9342985111916616,17.593451963092974,-70.84178310038384,-0.01138194203344868,-1.0302869668521453e-13,0.09794792609004739,0.001,2.7491408934707904,1.0,-2.5635738831615122,1.0,6.0,-0.34613905095526387,-0.31134244626488855,0.1419973478127726,0.15106548554138882,0.0,1.0,291,0.0,290072
290073,54.05484530671759,54.1398371654775,55,30,25,280,156,124,0.19642857142857142,2.0984485276697673,1.0484370143786044,1.050011513291163,51.440749523246005,0.9352863549681092,15.55039095332884,18.23546504523647,0.014013550323998583,-1.3500311979441904e-13,0.059991858759914835,0.025,1.9644128113879002,5.0,-0.5338078291814946,-5.0,5.0,-0.3170043850483781,-0.31597869076414703,0.1397464480857734,0.13956460646143148,0.0,1.0,281,2.1316282072803006e-14,290073
290074,49.26428263784658,49.3176136656694,56,30,26,256,134,122,0.21875,1.9133166772963277,0.9459845115543092,0.9673321657420184,51.37940759030402,0.9174894212554289,14.726557473460621,12.679020907480554,-0.014257358654659007,1.0658141036401503e-13,0.037331027822825893,0.016,1.6070038910505837,4.0,-1.4202334630350195,-4.0,4.0,-0.38374621999903086,-0.36983946737607937,0.15899746622500652,0.16271893417407565,0.0,1.0,257,7.105427357601002e-15,290074
290075,-23.424175736939965,-23.060042440907353,58,31,27,304,157,147,0.19078947368421054,2.2929235464773154,1.1096624122475767,1.1832611342297386,66.03052051144284,1.1384572501972905,27.37889435376807,-61.69153789251992,-0.02013070606339528,1.1901590823981678e-12,0.3481332960326144,0.016,5.059016393442623,4.0,-5.00655737704918,-4.0,13.0,-0.277119606378139,-0.2291743281301622,0.06763695352633847,0.0740199442138706,0.0,1.0,305,1.7763568394002505e-14,290075
290076,26.86246441922047,26.92896317707749,78,41,37,275,138,137,0.28363636363636363,2.0025848285242667,0.9922105198289366,1.01037430869533,72.19333182137207,0.9255555361714368,17.600539273420353,-27.674467456514677,0.010638085640362671,8.881784197001252e-14,0.05049875785702301,0.016,1.7789855072463767,4.0,-0.8152173913043478,-4.0,5.0,-0.35363266952790307,-0.3418000196152075,0.15662948235652413,0.15170875514480692,0.0,1.0,276,2.1316282072803006e-14,290076
290077,43.22053686529051,43.376927917401275,48,23,25,261,120,141,0.1839080459770115,2.189324627578313,1.0781303237841766,1.1111943037941359,48.0483130686741,1.0010065222640436,21.09663677052868,16.406200157212204,0.019051462043908157,-2.5579538487363607e-13,0.15239105211076265,0.004,2.969465648854962,2.0,-2.427480916030534,2.0,7.0,-0.2976609244119495,-0.2761216683098216,0.11388085969580779,0.11879294970619639,0.0,1.0,262,1.4210854715202004e-14,290077
290078,12.870248708725816,12.910078895336284,75,38,37,285,140,145,0.2631578947368421,2.01403354832497,1.0193341645768754,0.9946993837480945,70.01933534344974,0.9335911379126632,18.203483994793366,-38.89210504039376,-0.013667412926439294,1.0835776720341528e-13,0.03883018661046837,0.001,1.8216783216783217,1.0,1.437062937062937,-1.0,5.0,-0.33596319566320326,-0.3520113197284568,0.15221331708215247,0.15364618117821596,0.0,1.0,286,5.329070518200751e-15,290078
290079,22.548980236896174,22.647138140303014,63,29,34,265,130,135,0.23773584905660378,2.029945655733257,1.0115912120174313,1.0183544437158254,58.08495871273877,0.9219834716307741,12.464279108599827,-22.966492000056462,-0.007049463779194305,-2.7355895326763857e-13,0.07315790340684221,0.025,1.9736842105263157,5.0,0.2669172932330827,5.0,7.0,-0.34100727801851094,-0.3366014267088421,0.1582045840001688,0.14331315047127713,0.0,1.0,266,0.0,290079
290080,68.65722820391265,68.71624664812794,53,27,26,276,142,134,0.19202898550724637,2.224685450851192,1.1215255930819195,1.1031598577692725,56.35274317333615,1.0632593051572858,22.80330682612677,35.16149042721189,0.005319873707204612,-5.400124791776761e-13,0.05801844421527985,0.001,1.8447653429602888,1.0,1.2671480144404332,-1.0,5.0,-0.2693914354168759,-0.28135564167044363,0.10283595871365644,0.10633827178972842,0.0,1.0,277,1.4210854715202004e-14,290080
290081,35.75202443684753,36.26904859649176,65,29,36,281,126,155,0.2313167259786477,2.1004819262479586,1.103850291895772,0.9966316343521866,64.93768059076554,0.9990412398579314,24.120542705198332,-4.554720488303421,0.006631199227906791,7.105427357601002e-14,0.4680241596442292,0.049,6.379432624113475,7.0,6.379432624113475,7.0,10.0,-0.2809058640735589,-0.35075257106593816,0.13939719058482034,0.13950544775386997,0.0,1.0,282,2.842170943040401e-14,290081
290082,98.14205358663096,98.41769382465975,67,37,30,281,144,137,0.23843416370106763,2.2321449979752614,1.1102162048128548,1.1219287931624065,72.25729877456583,1.0784671458890422,21.750385163642218,47.98140566383495,-0.07062545009850302,-2.984279490192421e-13,0.2266402380287722,0.049,4.273049645390071,7.0,-2.1382978723404253,-7.0,8.0,-0.2767588427953106,-0.26912877406178765,0.10679387887250348,0.10065675736159826,0.0,1.0,282,8.526512829121202e-14,290082
290083,30.533327815759122,31.620491452959186,90,36,54,320,146,174,0.28125,1.8449519198339361,0.9651267154064885,0.8798252044274475,74.28950353893286,0.8254389282103651,12.993499687731838,-29.71322176380259,0.037709365560784976,-3.197442310920451e-14,0.7631636372000625,0.324,6.5514018691588785,18.0,6.5514018691588785,18.0,20.0,-0.37127618974232773,-0.4268451530166383,0.1588959911665994,0.16752814225036072,0.0,1.0,321,1.7763568394002505e-14,290083
290084,73.30656349397901,73.42353879749862,66,36,30,307,151,156,0.21498371335504887,2.0382602113135895,1.0167953138042805,1.021464897509309,60.64697069206747,0.9188934953343556,16.117819909673994,28.868903940255496,0.025484074849718066,-5.684341886080802e-14,0.08097530351960117,0.036000000000000004,2.2824675324675323,6.0,-0.4253246753246753,-6.0,6.0,-0.3376171089845734,-0.33457514733075466,0.143671615847714,0.1571916422019269,0.0,1.0,308,0.0,290084
290085,75.5029935195379,75.74020630675794,52,26,26,266,134,132,0.19548872180451127,2.0915348809162695,1.083904994206897,1.0076298867093725,49.25310429015384,0.9471750825029586,14.071035489026642,40.47983330213112,0.07830420349978114,-1.5631940186722204e-13,0.23721278722004135,0.0,3.947565543071161,0.0,3.8876404494382024,0.0,12.0,-0.29389906316285297,-0.34358785060198166,0.12527020091437968,0.15704235853358242,0.0,1.0,267,0.0,290085
290086,63.2071743359822,63.32767899853212,96,47,49,287,143,144,0.3344947735191638,1.5928582292580529,0.8192053759479814,0.7736528533100714,70.21807793020689,0.7314383117729885,5.3691273613371,-1.5486038361340542,0.027332265796459698,-6.394884621840902e-14,0.1165046625499222,0.004,2.9756944444444446,2.0,2.7881944444444446,2.0,7.0,-0.466335438520469,-0.4960102523480951,0.13896879920938035,0.14472233507116783,0.0,1.0,288,4.263256414560601e-14,290086
290087,57.81729417064062,57.852519657810106,70,35,35,311,172,139,0.22508038585209003,2.0889393815310697,1.0375372563464045,1.0514021251846652,66.96447630529072,0.9566353757898673,19.77100506676503,10.631259596780016,0.027788822504530856,-1.2789769243681803e-13,0.035225487169486425,0.0,1.358974358974359,0.0,-0.46153846153846156,0.0,5.0,-0.32410494219957525,-0.3150727881564214,0.13911629474633755,0.14468737626673336,0.0,1.0,312,2.1316282072803006e-14,290087
290088,66.5695245420725,66.76259108368467,56,27,29,284,147,137,0.19718309859154928,2.0949945066971094,1.0851934403529668,1.0098010663441428,54.616561361544896,0.975295738599016,18.262135143701567,30.34844938779737,0.059715478044726704,-7.531752999057062e-13,0.1890665416121699,0.004,3.831578947368421,2.0,3.831578947368421,2.0,10.0,-0.29305971558565036,-0.3421734536000794,0.14653629870330398,0.13473898050151337,0.0,1.0,285,5.684341886080802e-14,290088
290089,62.78049821357841,62.97516131313358,71,34,37,278,140,138,0.25539568345323743,2.0454608408266295,1.0438628150921603,1.001598025734469,69.39351106122588,0.9773733952285335,21.26725947576815,14.84095827196642,0.007951455709115119,3.197442310920451e-13,0.18566309955517019,0.009000000000000001,3.6487455197132617,3.0,3.1039426523297493,3.0,8.0,-0.3199842093122201,-0.3475172565074934,0.14969372070527207,0.14754370088999533,0.0,1.0,279,7.105427357601002e-15,290089
290090,20.032038212977145,20.284890419794237,62,27,35,295,138,157,0.21016949152542372,2.141509911195932,1.091647586354103,1.0498623248418293,63.39873471595727,1.0225602373541496,22.80130618610713,-20.22500347670908,-0.08753463334699366,1.7763568394002505e-13,0.1888522068170931,0.064,3.597972972972973,8.0,3.1182432432432434,8.0,9.0,-0.2888552155951148,-0.3160758783446116,0.1293528441768598,0.13147676037807215,0.0,1.0,296,3.197442310920451e-14,290090
290091,69.40001704068953,70.3161100619393,45,16,29,272,128,144,0.16544117647058823,2.2344340283659876,1.1768097135354794,1.057624314830508,49.322768499829486,1.0960615222184331,16.57306325676685,37.53392910376123,0.03247571511531477,1.1368683772161603e-13,0.7470930212497642,0.169,7.91941391941392,13.0,7.91941391941392,13.0,14.0,-0.23337705274209236,-0.3110193942136047,0.10848573596865484,0.09286586376083229,0.0,1.0,273,2.842170943040401e-14,290091
290092,-26.24511878907259,-25.86115931751533,64,26,38,296,136,160,0.21621621621621623,2.056801830230849,1.0233188459028175,1.0334829843280315,59.572276750840146,0.9308168242318773,14.909229366420542,-70.49824399511459,-0.02596270682035651,1.0658141036401503e-14,0.23995947155726008,0.14400000000000002,3.973063973063973,12.0,1.387205387205387,12.0,12.0,-0.3333674079952035,-0.3267460641481466,0.13980725749809064,0.15583437288084473,0.0,1.0,297,7.105427357601002e-15,290092
290093,7.903416958320242,8.242437699850427,69,35,34,258,133,125,0.26744186046511625,1.8061852058813341,0.8622102907767802,0.9439749151045539,59.12831287893517,0.8569320707092054,13.993484738049519,-36.93809412762298,0.045703686587713094,4.440892098500626e-14,0.33802074153018546,0.001,4.586872586872587,1.0,-4.563706563706564,-1.0,12.0,-0.43832024271316916,-0.3850553549725025,0.1503877282252497,0.1744942634153682,0.0,1.0,259,4.440892098500626e-15,290093
290094,61.303286114958034,61.42715773644599,68,33,35,270,139,131,0.2518518518518518,2.047301392588762,0.9963688094090413,1.050932583179721,60.88901470609754,0.8954266868543757,16.82359935146676,17.329545511755757,0.032196870059392854,5.684341886080802e-14,0.11987162148795684,0.004,2.782287822878229,2.0,-2.309963099630996,2.0,7.0,-0.3509237861997105,-0.31537866740907555,0.14908311342197883,0.14861691073916408,0.0,1.0,271,7.105427357601002e-15,290094
290095,20.69271321540649,20.984443249859567,64,30,34,271,123,148,0.23616236162361623,1.7385646062509594,0.9119973546367204,0.826567251614239,50.245541056588735,0.785086579009199,3.877244999696469,-25.44186165535346,0.0580088483202509,5.115907697472721e-13,0.27573003445308053,0.016,4.75,4.0,4.75,4.0,8.0,-0.40588687205636403,-0.46153960555299844,0.1638560039575166,0.15517288031480223,0.0,1.0,272,3.552713678800501e-15,290095
290096,23.113746467502505,23.354203748592965,67,31,36,296,135,161,0.22635135135135134,2.33936529436363,1.1864611496456112,1.1529041447180184,78.37331813991861,1.1697510170137106,36.97980624768544,-18.122179257956166,0.08287111431572225,2.3803181647963356e-13,0.21545728109046125,0.025,3.4377104377104377,5.0,2.7845117845117846,5.0,10.0,-0.2270897045744839,-0.24895013767836527,0.022697161910112968,0.023439256459292755,0.0,1.0,297,1.0658141036401503e-14,290096
290097,53.17984033805008,53.56236134904725,64,35,29,285,146,139,0.22456140350877193,2.1431675955013962,1.020644882034014,1.1225227134673823,65.87307976389887,1.0292668713109199,25.87226703933715,13.499368383012897,0.0621802414737429,-1.1084466677857563e-12,0.3465210109971695,0.036000000000000004,5.723776223776224,6.0,-5.7027972027972025,-6.0,9.0,-0.3351093396247487,-0.26874186959507707,0.12442867995014509,0.13710681705482206,0.0,1.0,286,7.105427357601002e-15,290097
290098,0.4626898503432743,0.5844226121398606,63,35,28,276,153,123,0.22826086956521738,2.1592383613200767,1.0668751917310832,1.092363169588994,63.710574868015044,1.011278966158969,21.17769450075994,-41.998017855606044,0.049560100491121285,-3.2018832030189515e-13,0.07273276179658626,0.049,2.1949458483754514,7.0,-1.6750902527075813,-7.0,7.0,-0.30499298702757516,-0.28838905481973054,0.1253329911039981,0.12536463347694593,0.0,1.0,277,6.661338147750939e-16,290098
290099,79.611973821556,79.72671708226875,56,26,30,284,143,141,0.19718309859154928,2.231853042145188,1.1051135404104686,1.1267395017347193,60.512614074656476,1.0805823941902941,22.51161937797508,41.712201302676455,0.01352108291058303,3.126388037344441e-13,0.09874326071273144,0.016,2.568421052631579,4.0,-0.26666666666666666,4.0,7.0,-0.28008293128475076,-0.2659948777812879,0.09675921277329842,0.10790149527537445,0.0,1.0,285,1.4210854715202004e-14,290099
290100,53.75371780881988,54.10499848345859,68,35,33,295,147,148,0.2305084745762712,1.974008688345277,1.0363119684667543,0.937696719878523,60.146753397147336,0.8845110793698138,15.042286386627678,9.054881069693588,-0.054349596754356896,-2.984279490192421e-13,0.34728067463871043,0.004,4.956081081081081,2.0,4.591216216216216,-2.0,9.0,-0.32490314584688823,-0.3891452332869673,0.17887726194567613,0.1370278503173532,0.0,1.0,296,7.105427357601002e-15,290100
290101,85.56182606249901,85.60712029857979,67,35,32,285,147,138,0.23508771929824562,2.189014224498559,1.0947010464352591,1.0943131780633002,70.75354805189673,1.05602310525219,22.152826232476663,36.982889206535745,0.023509272623649942,3.268496584496461e-13,0.03629423608077614,0.009000000000000001,1.5454545454545454,3.0,0.32167832167832167,-3.0,6.0,-0.2868660642991767,-0.287118737939647,0.1124417880581544,0.1226647725185679,0.0,1.0,286,7.105427357601002e-14,290101
290102,53.62604861649978,53.64504922207861,53,26,27,266,121,145,0.19924812030075187,2.220059760988439,1.1115646292013357,1.1084951317871032,56.350167000984925,1.063210698131791,26.846642845878364,24.12712658168668,0.014398485285335353,3.552713678800501e-14,0.01800060557883255,0.001,1.0786516853932584,1.0,0.5168539325842697,1.0,4.0,-0.27588042288853853,-0.2778800215723648,0.10637107604519053,0.10533245638742915,0.0,1.0,267,2.1316282072803006e-14,290102
290103,19.860267272295726,20.027115273165236,74,32,42,266,131,135,0.2781954887218045,1.9151844269215752,0.9538082319230113,0.9613761949985639,63.04308209587317,0.8519335418361239,14.50046975679126,-28.520232055615274,0.004734989698486971,1.1723955140041653e-13,0.06684800086950934,0.1,1.7453183520599251,10.0,0.0,10.0,10.0,-0.37864952212290864,-0.37371943521846873,0.15926844900307968,0.1619330563964035,0.0,1.0,267,1.0658141036401503e-14,290103
290104,39.58658584195535,39.62267439766853,67,34,33,293,144,149,0.22866894197952217,2.059438259602997,1.0191662596882436,1.0402719999147534,63.21659262941064,0.9435312332747857,22.21472698642757,-1.3957967062449441,0.01660546093059017,-1.8474111129762605e-13,0.0350885557131863,0.001,1.435374149659864,1.0,-1.129251700680272,-1.0,5.0,-0.33607257591312906,-0.3223234161378441,0.14981147338725487,0.1428749133929242,0.0,1.0,294,2.1316282072803006e-14,290104
290105,47.0514491104469,47.08596073328083,83,41,42,328,178,150,0.2530487804878049,1.9560337908587861,0.9729692605110629,0.9830645303477229,78.55945796704114,0.9464994935788089,22.897790926212615,-8.558907989866391,-0.016798317681033688,-2.7000623958883807e-13,0.03351162283392903,0.001,1.4772036474164134,1.0,-0.6504559270516718,1.0,5.0,-0.3661672286478371,-0.3595907486727585,0.15808899712927968,0.15873637177117836,0.0,1.0,329,2.1316282072803006e-14,290105
290106,11.614094885308191,11.692700019862457,58,28,30,273,145,128,0.21245421245421245,2.256616082648998,1.1076906600201997,1.1489254226287988,64.1414888746481,1.1058877392180708,24.110149417130295,-28.338372680555555,-0.0002667570996965148,-1.0125233984581428e-13,0.07460513455426625,0.004,2.423357664233577,2.0,-2.18978102189781,2.0,6.0,-0.27840408804618444,-0.2515420432509268,0.08946911558614307,0.09131851385044261,0.0,1.0,274,7.105427357601002e-15,290106
290107,-0.4404637317089048,-0.38362789330037117,54,26,28,289,162,127,0.18685121107266436,2.286966833275921,1.1349395749008793,1.1520272583750415,60.968827449468286,1.1290523601753386,24.831305702419296,-36.54788134783784,0.02673170748825101,2.2198909377380005e-13,0.05283583840853361,0.004,1.8344827586206895,2.0,-0.6827586206896552,2.0,6.0,-0.2606530079903888,-0.2495213780283819,0.07396606196231417,0.07531830026724448,0.0,1.0,290,2.5923707624997405e-14,290107
290108,30.547941921792493,30.70952659861325,61,34,27,283,147,136,0.21554770318021202,2.154124309603895,1.0528568537932446,1.1012674558106499,60.475172145944775,0.9913962646876192,22.970569458321325,-6.842048580198721,0.0469724911889908,-4.654054919228656e-13,0.1125846768207612,0.049,2.915492957746479,7.0,-2.915492957746479,-7.0,7.0,-0.31412511724536246,-0.2825884312627025,0.1252398163269485,0.12984527141338972,0.0,1.0,284,3.197442310920451e-14,290108
290109,10.870231012004698,11.257148143274833,64,33,31,269,152,117,0.2379182156133829,2.094313033696607,1.007678243601055,1.0866347900955522,59.45656327776065,0.9290088012150102,16.970529170125744,-31.20147279043731,-0.027413173922726564,-3.730349362740526e-14,0.3829171312701344,0.004,5.274074074074074,2.0,-5.274074074074074,-2.0,12.0,-0.3435563489051515,-0.29212076022610434,0.14907579554939215,0.13295119077437498,0.0,1.0,270,7.105427357601002e-15,290109
290110,55.6611663265487,55.866347352205366,75,41,34,286,144,142,0.26223776223776224,1.7502876551292599,0.864945138863781,0.8853425162654789,58.784576773146014,0.7837943569752802,11.365073763587496,8.401586591723612,0.04525775092335778,-1.2079226507921703e-13,0.15618102565666364,0.049,2.975609756097561,7.0,-2.153310104529617,-7.0,9.0,-0.43653864856362723,-0.42325094588734385,0.1602716845059399,0.1600714469430841,0.0,1.0,287,0.0,290110
290111,60.72939307492285,61.04521464930758,71,41,30,242,127,115,0.29338842975206614,1.6642873097934725,0.8224612949150825,0.8418260148783899,56.12794004163974,0.7905343667836583,11.74329286672427,16.64474847108353,0.015819003308886484,-3.055333763768431e-13,0.19482157438473133,0.121,2.736625514403292,11.0,-2.1604938271604937,-11.0,11.0,-0.46421439705906514,-0.45159941052356567,0.15264486581602646,0.15131520599458045,0.0,1.0,243,7.105427357601002e-15,290111
290112,100.63199817488173,100.73977846367382,43,21,22,290,133,157,0.1482758620689655,2.3319052511267446,1.140343614204741,1.1915616369220035,50.08602218479859,1.1647912135999672,17.430242331466406,68.07129768925071,0.012700921090634283,2.8421709430404007e-13,0.10678028879208554,0.001,2.718213058419244,1.0,-2.2920962199312713,1.0,7.0,-0.2571325913159053,-0.22376703435575113,0.035153394099991034,0.03640544179196654,0.0,1.0,291,2.842170943040401e-14,290112
290113,16.419478312230694,16.590399988902732,49,27,22,292,146,146,0.1678082191780822,2.1874708348206093,1.0622515641747838,1.1252192706458257,49.78700388423857,1.0160613037599708,16.313913234991833,-16.90559170027859,0.022901039934518558,6.039613253960852e-14,0.1459216766720379,0.025,3.3959044368600684,5.0,-3.3959044368600684,-5.0,7.0,-0.30800501092868987,-0.2669852197409743,0.11879581151178496,0.11649822273616879,0.0,1.0,293,0.0,290113
290114,44.18713283981541,44.23196961773337,54,28,26,265,137,128,0.2037735849056604,2.2520508219119044,1.1174180731797791,1.1346327487321253,56.94448479302093,1.0545274961670543,22.11068896922629,9.390084273875484,0.008089520063500116,-2.6290081223123707e-13,0.04083677791795966,0.004,1.744360902255639,2.0,-1.1203007518796992,-2.0,5.0,-0.2720672452585878,-0.2608528873583789,0.08995264675607154,0.09650780527055895,0.0,1.0,266,7.105427357601002e-15,290114
290115,98.48559167669791,98.83167803477545,82,46,36,294,143,151,0.2789115646258503,1.9351592170466059,0.9731443406294034,0.9620148764172024,70.10426282710921,0.8549300344769416,13.485694729022665,42.252024696081705,-0.03891475939297849,1.8474111129762605e-13,0.2460863580775471,0.1,4.244067796610169,10.0,-0.9423728813559322,-10.0,11.0,-0.3660531741539076,-0.3733033714947558,0.16166400475560747,0.15942334079777074,0.0,1.0,295,1.4210854715202004e-14,290115
290116,87.30882670644387,87.48275666952588,74,40,34,284,135,149,0.2605633802816901,1.9599357527428878,0.9891693593352513,0.9707663934076363,65.54621865691931,0.8857597115799907,23.98061529361781,45.960549791067265,-0.043396484842468566,-3.979039320256561e-13,0.13792996308201236,0.036000000000000004,2.7859649122807015,6.0,-0.21052631578947367,-6.0,9.0,-0.3556138083593883,-0.3676022681889138,0.16246168469254954,0.15456503203672334,0.0,1.0,285,0.0,290116
290117,57.92061380529087,58.02907826457604,55,28,27,269,140,129,0.20446096654275092,2.2049814857656944,1.0909017396339202,1.1140797461317737,56.76387971690013,1.032070540307275,20.742528192130784,21.97091476179153,0.03681197801516325,0.0,0.10746445928517445,0.001,2.0925925925925926,1.0,-1.7962962962962963,-1.0,7.0,-0.2893410912674958,-0.274241970782193,0.11002457141394893,0.11442559731539712,0.0,1.0,270,0.0,290117
290118,27.120565334358645,27.21188835274154,46,22,24,265,120,145,0.17358490566037735,2.249554244839564,1.1400805963019207,1.1094736485376433,50.16485296457781,1.090540281838648,21.913342857985302,-1.067178603416272,0.02755684956511773,1.8474111129762605e-13,0.08732301838289386,0.004,2.330827067669173,2.0,1.330827067669173,2.0,6.0,-0.25730393215166086,-0.2772425749345504,0.09552346380823733,0.09587146656750149,0.0,1.0,266,2.4868995751603507e-14,290118
290119,107.488260424663,107.59064306462872,89,45,44,295,150,145,0.3016949152542373,1.8995679855347358,0.9292335550025481,0.9703344305321875,80.40577383247266,0.9034356610390186,19.069314550295434,46.236924977757766,0.01725880469281663,9.094947017729282e-13,0.10138263996572221,0.001,2.945945945945946,1.0,-2.7027027027027026,-1.0,6.0,-0.394658491994577,-0.367883666828705,0.1619333583200329,0.16386064081981708,0.0,1.0,296,4.263256414560601e-14,290119
290120,49.17608162224832,49.23501889900305,66,34,32,273,136,137,0.24175824175824176,1.939170542301645,0.9741810457251924,0.9649894965764525,57.77793957694364,0.8754233269233884,13.280169091989292,4.716741442629079,0.020506971419624646,7.105427357601002e-15,0.05493727675473715,0.004,1.9562043795620438,2.0,0.043795620437956206,-2.0,5.0,-0.36537782120021367,-0.37136557981337487,0.15888138933105542,0.16024893877956434,0.0,1.0,274,1.4210854715202004e-14,290120
290121,12.362535878682422,12.435777398814452,61,29,32,269,136,133,0.22676579925650558,2.029735918959643,1.0270295014168296,1.0027064175428135,54.703976586732225,0.8967865014218398,16.925136640340988,-25.359808229046386,0.016745681469965447,-3.6415315207705135e-13,0.06424152013202983,0.009000000000000001,2.0592592592592593,3.0,1.6296296296296295,3.0,7.0,-0.33095013217423425,-0.34679520383826723,0.15079438611605042,0.15141940483686786,0.0,1.0,270,1.7763568394002505e-15,290121
290122,25.58575832213715,25.900622365109825,57,32,25,275,140,135,0.20727272727272728,2.133761225352905,1.0487668628533566,1.0849943624995486,55.81166451465806,0.9791520090290888,21.41743433911404,-8.581885272688254,0.08827746225488962,-8.348877145181177e-13,0.265864042972677,0.049,3.536231884057971,7.0,-3.217391304347826,-7.0,10.0,-0.3167895079897045,-0.29318940320546405,0.13471947231563683,0.13109552964043383,0.0,1.0,276,0.0,290122
290123,-20.825874252042457,-20.54586940824629,66,37,29,275,155,120,0.24,2.1584772467161626,1.093436190712804,1.0650410560033587,67.09268799281725,1.0165558786790492,19.41144346989096,-68.1840528753891,-0.043061055783854614,3.730349362740526e-13,0.21600484379616802,0.064,3.898550724637681,8.0,0.0,-8.0,10.0,-0.28769004409017584,-0.30618781956599334,0.12321968803180122,0.13128905592434473,0.0,1.0,276,7.105427357601002e-15,290123
290124,8.517548029491882,8.834317547610453,54,32,22,275,139,136,0.19636363636363635,2.2372634658075907,1.0997873511738738,1.137476114633717,56.28641917942007,1.0423410959151864,20.046107068407277,-27.31524887592959,-0.09074568747308455,3.304023721284466e-13,0.216769518118571,0.1,3.9782608695652173,10.0,-3.1739130434782608,-10.0,10.0,-0.28355263317728924,-0.25900060017673876,0.09169127796560218,0.1087859897704458,0.0,1.0,276,1.4210854715202004e-14,290124
290125,80.77687401769305,80.84624976550937,75,37,38,280,139,141,0.26785714285714285,2.190638053024072,1.1079110195449207,1.0827270334791514,78.96543830254659,1.0528725107006212,28.486596856038478,30.379636033491046,-0.012227714489861152,8.526512829121202e-14,0.06837574781631955,0.001,2.0,1.0,1.701067615658363,1.0,6.0,-0.27826053665775236,-0.29466643592878994,0.11681530515326577,0.11787681163901906,0.0,1.0,281,4.263256414560601e-14,290125
290126,85.4353037198702,85.61669257882602,57,26,31,291,147,144,0.1958762886597938,2.229057937869094,1.1399100218827112,1.0891479159863828,59.64734004751806,1.046444562237159,20.00252497424654,45.98605430172355,-0.014176796169181749,1.4210854715202004e-13,0.15638885895580357,0.025,3.6678082191780823,5.0,3.414383561643836,5.0,7.0,-0.25741505144518484,-0.29048360516603045,0.10119232336943507,0.10573718676690985,0.0,1.0,292,4.263256414560601e-14,290126
290127,47.38230611439247,47.60690483587888,72,34,38,284,140,144,0.2535211267605634,2.0464809177800793,1.0623476943285797,0.9841332234514998,66.25837765290252,0.9202552451792018,24.896752352280274,6.250865305253332,-0.005585769996707064,0.0,0.20859872148641134,0.016,3.9087719298245616,4.0,3.8947368421052633,4.0,8.0,-0.3079423877356833,-0.3588945573960306,0.15879893049261046,0.1392664651097433,0.0,1.0,285,1.4210854715202004e-14,290127
290128,39.0354245112141,39.12336768395778,53,25,28,275,142,133,0.19272727272727272,2.0821611515035974,1.0615277403935093,1.0206334111100879,49.95853494040475,0.9426138668000897,13.939697685521052,3.1662484846242798,-0.0617180555501803,-2.1316282072803006e-14,0.07894317274367546,0.009000000000000001,2.1884057971014492,3.0,2.0434782608695654,3.0,6.0,-0.3084765399398067,-0.33511681226319395,0.14419316008026417,0.14101255720578834,0.0,1.0,276,3.552713678800501e-14,290128
290129,20.2093175705721,20.23423622773842,35,18,17,269,134,135,0.13011152416356878,2.294294763396883,1.1362932949130895,1.1580014684837932,38.702899455636896,1.1057971273039113,19.518018739345333,1.0798996642469896,-0.030544152799881423,-2.5224267119483557e-13,0.023918657166320648,0.001,1.2148148148148148,1.0,-0.8222222222222222,-1.0,3.0,-0.2597711382933712,-0.2456295283024401,0.06732903089642213,0.07257307361737712,0.0,1.0,270,3.552713678800501e-15,290129
290130,35.891654058484335,35.921670025110416,67,34,33,278,142,136,0.24100719424460432,2.061009422322409,1.0219416709228244,1.0390677513995845,65.1084318587354,0.9717676396826179,14.006834169540873,-15.162365729247329,-0.017561934836691263,-9.237055564881302e-14,0.029015966626084334,0.001,1.3333333333333333,1.0,-0.8817204301075269,-1.0,4.0,-0.33426455723684323,-0.3231079138653112,0.14301518170605731,0.15060847163884938,0.0,1.0,279,0.0,290130
290131,38.9544992218282,39.006899145008205,57,28,29,284,134,150,0.2007042253521127,2.177553020526123,1.1006833746485825,1.0768696458775409,57.51954861356069,1.009114887957205,16.68026079688908,-1.8710321480413894,0.038643476378022734,-3.552713678800501e-14,0.051399923180004234,0.001,1.7614035087719297,1.0,0.8070175438596491,1.0,6.0,-0.2829689261012069,-0.29848218259941317,0.12143301159543905,0.12110404931952307,0.0,1.0,285,7.105427357601002e-15,290131
290132,-28.785071352875047,-28.312441684038617,57,33,24,236,125,111,0.24152542372881355,2.01102080426197,0.9623406884066924,1.0486801158552777,53.297389030875344,0.9350419128223745,10.164886672991543,-71.3942498703842,-0.05069417153747533,-7.425171588693047e-13,0.3916296688364309,0.081,5.966244725738397,9.0,-5.924050632911392,-9.0,11.0,-0.37309112397099503,-0.31684601860358497,0.1474140776291644,0.1581825416377938,0.0,1.0,237,1.7763568394002505e-14,290132
290133,50.97231169337208,51.147373092195835,57,31,26,280,136,144,0.20357142857142857,2.1665534812066953,1.0535832410273818,1.1129702401793138,58.65656706457506,1.0290625800802642,19.467384688812285,11.981634504167973,-0.023443787734829937,-7.815970093361102e-14,0.15006139882375671,0.025,3.1387900355871885,5.0,-3.1387900355871885,-5.0,8.0,-0.3136519182940961,-0.27496474925138054,0.12156923082763295,0.12697720611723662,0.0,1.0,281,2.842170943040401e-14,290133
290134,34.422017322880954,34.71219928626044,67,38,29,294,154,140,0.22789115646258504,2.2581662608912567,1.1366350882822343,1.1215311726090222,73.4072182391299,1.0956301229720882,28.651341589278484,-10.047128906115207,0.003451542524328403,-9.947598300641403e-14,0.20918196337948872,0.081,3.5152542372881355,9.0,-0.5322033898305085,-9.0,9.0,-0.25954847983211554,-0.26938780068012713,0.09453522516708462,0.09152708623399496,0.0,1.0,295,7.105427357601002e-15,290134
290135,137.81879257772724,138.1451875819135,81,43,38,309,152,157,0.2621359223300971,1.806100252224499,0.8586889695168414,0.9474112827076578,68.16907050252294,0.8415934629941104,10.398418713093584,80.40420124043183,-0.029665447948199003,4.831690603168681e-13,0.30139500418624127,0.025,5.180645161290323,5.0,-5.180645161290323,-5.0,10.0,-0.4406141783014694,-0.3828167617407737,0.1673704570148779,0.15720590976082074,0.0,1.0,310,8.526512829121202e-14,290135
290136,-22.699841730947917,-22.082142764277705,74,43,31,276,136,140,0.26811594202898553,1.7531095933527203,0.83611289822626,0.9169966951264603,58.79066340168742,0.7944684243471273,8.41444210382556,-72.449010059228,-0.009354002911094604,-4.689582056016661e-13,0.4736989666702123,0.14400000000000002,5.88086642599278,12.0,-5.8014440433212995,-12.0,12.0,-0.45532117307830017,-0.40263009307458947,0.15312466033964872,0.1668157699508434,0.0,1.0,277,3.552713678800501e-15,290136
290137,44.298342018468475,44.41533230572247,76,37,39,279,134,145,0.2724014336917563,1.8215595057749112,0.906444089311027,0.9151154164638842,59.98265496434671,0.7892454600571935,10.48892706908143,-5.079037157278585,0.0006415677362225124,-4.476419235288631e-13,0.11299028725400184,0.004,2.842857142857143,2.0,0.05714285714285714,2.0,7.0,-0.4095045007876039,-0.4038556364877081,0.1495376820025511,0.17686338506673768,0.0,1.0,280,4.973799150320701e-14,290137
290138,26.63766645038168,26.680216800354685,52,25,27,258,112,146,0.20155038759689922,2.04574911146783,1.0255362768556244,1.020212834612205,46.72113227065646,0.8984833128972396,11.720832711117138,-8.329631106942326,0.00954834775754113,1.4921397450962104e-13,0.03855034997300586,0.004,1.4401544401544402,2.0,0.6833976833976834,2.0,5.0,-0.3319228809549953,-0.3353907933415663,0.14449881236223786,0.1530501489292726,0.0,1.0,259,1.0658141036401503e-14,290138
290139,37.28954549667841,37.361656840177716,71,37,34,295,159,136,0.24067796610169492,1.9572490518621657,0.9846513266541314,0.9725977252080344,64.01266041707424,0.9015867664376654,17.4147158602989,-9.254956790815271,0.018669074218001687,-3.623767952376511e-13,0.0631113434993096,0.009000000000000001,1.9594594594594594,3.0,0.6351351351351351,-3.0,7.0,-0.3585570433530914,-0.3664092622457432,0.1618035220996427,0.15634451427161122,0.0,1.0,296,7.105427357601002e-15,290139
290140,58.83379142904652,58.975014379495235,64,34,30,268,137,131,0.23880597014925373,2.236999925494784,1.0986269250541258,1.1383730004406578,68.89215521409658,1.076439925220259,23.79479156921344,13.906040697783922,-0.028389963171989385,1.7053025658242404e-13,0.1252229504487128,0.016,3.1486988847583643,4.0,-2.6951672862453533,-4.0,8.0,-0.28430858316798346,-0.2584163313414623,0.09647822236889222,0.10259578625467261,0.0,1.0,269,1.4210854715202004e-14,290140
290141,62.22826791940578,62.275764108412545,91,47,44,310,153,157,0.29354838709677417,1.871937126294184,0.92266158683385,0.949275539460334,80.26423057240802,0.8820245117847035,22.721700339863578,4.714828542147086,0.018405333721025274,-2.1316282072803006e-14,0.03849618900676486,0.009000000000000001,1.6109324758842443,3.0,-1.347266881028939,-3.0,5.0,-0.3989397462609415,-0.38160230710996645,0.1664485541174077,0.15723261158932839,0.0,1.0,311,2.842170943040401e-14,290141
290142,53.86866516822087,54.256308685746376,56,24,32,288,138,150,0.19444444444444445,2.16630780745679,1.1180768912922452,1.0482309161645453,58.5107348684286,1.0448345512219392,21.29790375592878,17.112394440536733,-0.06891686728984699,-3.268496584496461e-13,0.3236435175255006,0.064,4.698961937716263,8.0,4.698961937716263,8.0,10.0,-0.27163806365235427,-0.3171386460240215,0.1275282031347681,0.11966687545708118,0.0,1.0,289,7.105427357601002e-15,290142
290143,45.604024362217096,45.897652467818375,89,46,43,274,128,146,0.3248175182481752,1.6749163509592655,0.8085846053533035,0.8663317456059622,68.5644175659877,0.7703867142245808,10.247501095921379,-12.349157364164562,-0.07010663808315883,-2.2026824808563106e-13,0.2846281056012802,0.009000000000000001,4.210909090909091,3.0,-4.0218181818181815,-3.0,10.0,-0.4732542516147123,-0.4356353550785783,0.14760273185380055,0.15906620517223416,0.0,1.0,275,1.4210854715202004e-14,290143
290144,62.207649057147286,62.2811975278363,54,25,29,266,124,142,0.20300751879699247,2.17433817953677,1.0883059253723801,1.0860322541643896,55.080960497762476,1.0200177869956013,20.539480575514418,27.743462016048966,-0.003744410461053199,3.268496584496461e-13,0.05754847068901405,0.016,1.857677902621723,4.0,0.704119850187266,4.0,6.0,-0.29103211298224413,-0.29251327727118404,0.11863542945573255,0.1257192315803683,0.0,1.0,267,7.105427357601002e-15,290144
290145,11.919176588258644,12.001777403157234,64,31,33,298,145,153,0.21476510067114093,2.139335254202723,1.0865653708936434,1.052769883309079,64.18941724399545,1.002959644437429,22.8253154545941,-29.35467723779695,-0.007647148447489333,3.268496584496461e-13,0.07860081489859032,0.004,2.3411371237458196,2.0,1.7993311036789297,2.0,6.0,-0.2921659827905956,-0.31418177344740567,0.13549821804651707,0.12652382783317143,0.0,1.0,299,1.5987211554602254e-14,290145
290146,91.66431628597398,91.79846176228199,83,39,44,280,135,145,0.29642857142857143,1.9778814843428993,0.9845872291360628,0.9932942552068366,77.30126061447547,0.9313404893310298,25.731212857750148,40.28069360321398,-0.052279597657417305,1.1368683772161603e-13,0.10914547630799926,0.025,2.6156583629893237,5.0,0.3879003558718861,5.0,6.0,-0.35859879915069315,-0.35292667908620523,0.15332075087646313,0.16177811079955445,0.0,1.0,281,1.4210854715202004e-14,290146
290147,73.27793302496642,73.36665245097254,57,30,27,291,143,148,0.1958762886597938,2.0997550716544,1.0594674484452296,1.0402876232091698,55.58380231368476,0.9751544265558729,24.887754080518455,42.70669016985575,-0.036085952049168674,-3.552713678800501e-13,0.07971942600611594,0.009000000000000001,2.2773972602739727,3.0,0.4623287671232877,-3.0,5.0,-0.3098187000761784,-0.32231323847201243,0.1372320043212223,0.1425432065096661,0.0,1.0,292,2.842170943040401e-14,290147
290148,69.3647984085094,69.40391868726311,55,27,28,276,145,131,0.19927536231884058,2.1834965218944826,1.1092146525701243,1.074281869324358,56.19363086034198,1.0217023792789452,17.501053504859627,30.70122185995445,0.010119471826515512,-2.1316282072803006e-13,0.03812027875370454,0.001,1.6425992779783394,1.0,1.5631768953068592,1.0,4.0,-0.27741129571384354,-0.30016796821558095,0.12116771046812973,0.11648673416401906,0.0,1.0,277,1.4210854715202004e-14,290148
290149,-15.379491082632486,-15.133110393344737,65,35,30,271,154,117,0.23985239852398524,1.9759686608176465,0.9735614556647131,1.0024072051529336,54.62108510791598,0.8403243862756304,15.308610816437753,-54.507111984059875,0.06152729923695389,-3.907985046680551e-14,0.22138068928774798,0.025,3.636029411764706,5.0,-2.797794117647059,-5.0,9.0,-0.36578144801667695,-0.3469901232730302,0.16337346460845226,0.15051800219833825,0.0,1.0,272,1.7763568394002505e-15,290149
290150,86.96727594249509,86.98714797132247,115,58,57,328,170,158,0.35060975609756095,1.6804706757164622,0.8369520554299833,0.8435186202864787,87.8467225820547,0.76388454419178,10.250443827029988,9.384510325142497,0.006358891155181956,7.105427357601002e-14,0.01887202882737629,0.001,0.993920972644377,1.0,-0.3434650455927052,-1.0,4.0,-0.4547745110637602,-0.450496776740407,0.1531718728798774,0.15293941503073083,0.0,1.0,329,2.842170943040401e-14,290150
290151,41.3501314919924,41.72588289153089,76,33,43,272,133,139,0.27941176470588236,1.7897996490512935,0.8958254724303417,0.8939741766209518,62.512226138697635,0.822529291298653,15.051741839189605,-5.7077826563180984,-0.026818751659827347,7.744915819785092e-13,0.2757513995384868,0.1,3.7472527472527473,10.0,1.3882783882783882,10.0,11.0,-0.4164219108626935,-0.417627922194277,0.16721396990332354,0.15883170223387671,0.0,1.0,273,3.552713678800501e-14,290151
290152,92.23236027476932,93.68841391270394,64,39,25,273,148,125,0.23443223443223443,2.0162815117472315,0.9341924516674126,1.082089060079819,59.83304103776407,0.9348912662150636,12.806852062675723,46.69743783734707,-0.035212899732990674,1.5205614545266144e-12,1.260053637934619,0.196,9.981751824817518,14.0,-9.967153284671532,-14.0,18.0,-0.39142805980775897,-0.2950820384191877,0.1528632717031955,0.15275361948201477,0.0,1.0,274,1.4210854715202004e-14,290152
290153,78.05014718036978,78.20282430004349,61,29,32,289,136,153,0.21107266435986158,2.263769307063683,1.1517270266795623,1.1120422803841206,68.32384850415824,1.1200630902321023,26.542111278514177,36.402221473048854,0.01886560135043124,1.4210854715202004e-13,0.14367711967370667,0.009000000000000001,3.396551724137931,3.0,2.7344827586206897,3.0,7.0,-0.24971696148134073,-0.2755692609791013,0.08759621915398416,0.0898801473324091,0.0,1.0,290,2.842170943040401e-14,290153
290154,9.191368226749482,9.571921594604646,69,30,39,286,136,150,0.24125874125874125,1.995230989168578,1.0350786162806345,0.9601523728879435,62.96227348707032,0.9124967172039177,17.748609818102192,-35.69432650268374,0.05258442832016956,8.881784197001252e-14,0.29955336785516395,0.081,4.947735191637631,9.0,4.947735191637631,9.0,9.0,-0.3257066029199008,-0.3745166840026789,0.1601836187772997,0.14847843715666376,0.0,1.0,287,2.4868995751603507e-14,290154
290155,-2.6823018394908877,-2.363499977819288,65,27,38,258,117,141,0.25193798449612403,1.9450067037818055,1.000203303245617,0.9448034005361885,57.6170253955351,0.8864157753159246,16.14581626837738,-43.77498732856397,-0.059721776413047496,5.329070518200751e-15,0.1978018616716,0.121,3.61003861003861,11.0,3.5945945945945947,11.0,11.0,-0.34842583692853585,-0.38451564499555835,0.165414716124059,0.15374499319736415,0.0,1.0,259,3.952393967665557e-14,290155
290156,18.00120780749246,18.09405498283357,53,28,25,243,115,128,0.21810699588477367,2.05626527515444,1.0184869105558882,1.0377783645985517,50.924433744944864,0.9608383725461295,13.560622520258324,-19.26142216314011,-0.00833407871281787,-4.618527782440651e-14,0.08384717534110774,0.009000000000000001,2.4795081967213113,3.0,-0.569672131147541,-3.0,6.0,-0.33651513228233026,-0.3239478742244014,0.15420155883410894,0.13946055569008842,0.0,1.0,244,7.105427357601002e-15,290156
290157,42.798396499093116,42.86236592176465,53,24,29,274,141,133,0.19343065693430658,2.274034205145286,1.1392120420198193,1.134822163125467,58.88809846372301,1.111096197428736,27.3496729338848,11.318886142697878,0.005054249228773857,-2.0605739337042905e-13,0.03896942267153723,0.025,1.6218181818181818,5.0,0.3563636363636364,5.0,5.0,-0.25786974464958534,-0.26072949491964653,0.08339162518343513,0.08189561989857763,0.0,1.0,275,2.1316282072803006e-14,290157
290158,72.69197013320675,73.42017007998356,71,38,33,278,136,142,0.25539568345323743,1.791993690972847,0.8379489067254061,0.9540447842474411,58.690891530889175,0.8266322750829461,12.515251699169017,27.213686634277135,0.030843613985762824,4.973799150320701e-13,0.7031999467768045,0.025,7.304659498207886,5.0,-7.261648745519714,-5.0,15.0,-0.45412512053844006,-0.3784954220691366,0.16525212474691456,0.16033457626698003,0.0,1.0,279,5.684341886080802e-14,290158
290159,48.920963626532384,49.15683685080802,62,33,29,262,134,128,0.2366412213740458,2.0311620405100452,0.9861865076472744,1.0449755328627708,56.06046789809294,0.9042010951305313,10.828112503101293,3.8933766687245415,0.031104787092227026,-3.907985046680551e-13,0.21987322427564068,0.016,4.095057034220532,4.0,-3.91254752851711,-4.0,10.0,-0.35755696240202434,-0.31925933853068283,0.14911963597326378,0.1542622894447128,0.0,1.0,263,0.0,290159
290160,21.0621084635576,21.195637917661884,82,44,38,287,154,133,0.2857142857142857,1.7977336933469337,0.9025167663933362,0.8952169269535973,70.2700600426796,0.8569519517399952,20.384138988851934,-28.688438943710402,-0.001844192455343373,-4.263256414560601e-14,0.09752945410428249,0.036000000000000004,2.8090277777777777,6.0,-0.46875,-6.0,6.0,-0.4120629227953118,-0.4168183427764994,0.1544057071557106,0.16888872817175218,0.0,1.0,288,3.552713678800501e-15,290160
290161,-3.982208852215758,-3.8880650408975157,49,23,26,295,151,144,0.16610169491525423,2.2392934434048963,1.1242125556077585,1.1150808877971377,53.753476773340324,1.0970097300681698,20.5406244465273,-37.09445635959375,-0.006461008116898243,1.1102230246251565e-13,0.0851438113182424,0.009000000000000001,2.2635135135135136,3.0,1.2027027027027026,3.0,6.0,-0.26764103591979704,-0.2735897853308867,0.09818152518583431,0.10029487599812768,0.0,1.0,296,2.042810365310288e-14,290161
290162,90.70005792542453,90.76321297582027,47,24,23,294,126,168,0.1598639455782313,2.2886356230860216,1.1281968067332089,1.160438816352813,53.41237497861606,1.1364335101833203,21.518444833299238,58.864449209608225,0.004833620895021503,1.9895196601282805e-13,0.0621550503957379,0.001,2.0271186440677966,1.0,-1.7559322033898306,-1.0,6.0,-0.26504552850234636,-0.24404173820744773,0.06987063677756934,0.07597138308783133,0.0,1.0,295,5.684341886080802e-14,290162
290163,58.918853126228036,59.161803710648655,61,34,27,288,140,148,0.21180555555555555,2.104406297949092,1.0236085074493992,1.0807977904996928,56.93536411089748,0.9333666247688112,13.794826885344316,15.95423222033881,0.0670342647572929,-6.110667527536862e-13,0.19395058442061883,0.049,3.85121107266436,7.0,-3.837370242214533,-7.0,8.0,-0.33317871037825364,-0.29592322529913523,0.14048828982091208,0.13633507163815864,0.0,1.0,289,7.105427357601002e-15,290163
290164,74.88934177560665,74.97499361324435,58,26,32,251,123,128,0.23107569721115537,2.007877265002316,0.9906158043008975,1.017261460701418,54.09706016560083,0.9327079338896694,9.307243080782552,30.206473653807333,-0.021297125381254632,-1.4210854715202004e-14,0.04965183763770397,0.036000000000000004,1.873015873015873,6.0,-1.0873015873015872,6.0,6.0,-0.3546715337589529,-0.33731344144679914,0.14712601055476685,0.1589227186322182,0.0,1.0,252,2.842170943040401e-14,290164
290165,101.30693870639675,101.43553410945816,78,40,38,294,153,141,0.2653061224489796,1.9357611008833138,0.9915863134165572,0.9441747874667566,68.12557448931013,0.8734048011450016,14.776433834299397,48.03070886737426,0.05568458707292926,2.4158453015843406e-13,0.12459540306141248,0.004,2.8372881355932202,2.0,2.7152542372881356,-2.0,9.0,-0.35403930362860114,-0.3849251497765183,0.16094868405259072,0.15996813411250463,0.0,1.0,295,5.684341886080802e-14,290165
290166,60.23656379922077,60.2790441480829,52,24,28,270,125,145,0.1925925925925926,2.174285449601042,1.0875776462120035,1.0867078033890385,50.06810503653691,0.962848173779556,13.224752708815073,23.419476836110288,0.016214984250968525,-1.9184653865522705e-13,0.026480348862135808,0.016,1.3173431734317342,4.0,-0.025830258302583026,4.0,4.0,-0.2915065444132001,-0.29207319632040535,0.12048466429987836,0.12229810511006971,0.0,1.0,271,7.105427357601002e-15,290166
290167,36.845605184918206,36.93422469187914,55,29,26,272,131,141,0.20220588235294118,1.958980826627515,0.9648924697695025,0.9940883568580129,48.72996953056032,0.8859994460101877,9.296289000778899,-2.5375015677441572,0.03804572984167125,2.0605739337042905e-13,0.0796195069609282,0.009000000000000001,2.2637362637362637,3.0,-1.9706959706959708,-3.0,6.0,-0.371428787123657,-0.35240936813844154,0.15999204713356235,0.15747485164618397,0.0,1.0,273,7.105427357601002e-15,290167
290168,79.8279300008857,80.02154414177988,81,42,39,317,156,161,0.2555205047318612,1.9852905626612036,0.9588863355807073,1.0264042270804963,71.81928137833877,0.8866577947943058,17.844376522042992,26.057713199962294,-0.011073914478784084,5.968558980384842e-13,0.18461414089418307,0.009000000000000001,3.69811320754717,3.0,-3.6666666666666665,-3.0,11.0,-0.3753414335273033,-0.33135746196515203,0.16607894093999956,0.14505940409907983,0.0,1.0,318,1.4210854715202004e-14,290168
290169,65.51786692770106,65.63736205832146,51,24,27,235,118,117,0.2170212765957447,2.1849950171173216,1.115020776104373,1.0699742410129487,53.6203703851674,1.0513798114738706,16.69642476038203,28.73043001843038,-0.01701358489450416,2.1316282072803006e-13,0.11049513062039579,0.009000000000000001,2.983050847457627,3.0,2.8728813559322033,3.0,6.0,-0.27362894459558434,-0.3029741370241846,0.11686485428356251,0.12069875267583333,0.0,1.0,236,5.684341886080802e-14,290169
290170,121.42866062094785,122.15277606167899,74,33,41,271,127,144,0.2730627306273063,1.9014098640675656,1.0071140064036703,0.8942958576638954,63.3342903478586,0.8558687884845757,16.898105378265708,75.79107731143452,-0.07448621935052724,2.1174173525650986e-12,0.6601154407311532,0.064,7.6838235294117645,8.0,7.6838235294117645,8.0,14.0,-0.3439239165571146,-0.41741836574145114,0.15994549319729703,0.16356104927286208,0.0,1.0,272,1.4210854715202004e-14,290170
290171,-22.68410352465216,-22.61282847493699,49,25,24,275,154,121,0.1781818181818182,2.3049382781466607,1.1360685523388532,1.1688697258078073,55.608091380556424,1.1348590077664575,21.699499020746288,-56.51357885569546,-0.007841979051399212,-2.7000623958883807e-13,0.07027504971516808,0.001,2.028985507246377,1.0,-1.6594202898550725,-1.0,6.0,-0.2599175449831303,-0.23854949202685302,0.060890089374998804,0.06336519732927215,0.0,1.0,276,2.1316282072803006e-14,290171
290172,72.65921831918715,72.69566223378128,68,34,34,280,122,158,0.24285714285714285,2.1729137623800967,1.0916061194861921,1.0813076428939044,68.46906888891952,1.0068980718958753,17.97542125310862,22.166450838371876,0.03556375959880769,-2.984279490192421e-13,0.03644391459413524,0.0,1.5373665480427046,0.0,0.6476868327402135,0.0,4.0,-0.28888222884298753,-0.29559108617704744,0.12506709268698643,0.11736756465745628,0.0,1.0,281,2.842170943040401e-14,290172
290173,153.4776486658758,154.18324035792534,84,49,35,299,152,147,0.2809364548494983,2.0594236769848004,1.0360758586606762,1.0233478183241242,82.62959972517926,0.9836857110140388,30.498703432216473,102.08711249296766,-0.03476842800382586,-1.3073986337985843e-12,0.5095916920495566,0.196,5.583333333333333,14.0,-1.65,-14.0,14.0,-0.32505695762574305,-0.3333485341511515,0.15889091326281826,0.14126375819232584,0.0,1.0,300,0.0,290173
290174,134.5732447384875,134.7638479100516,52,29,23,281,135,146,0.18505338078291814,2.2502679064338142,1.100531861613665,1.149736044820149,57.24389895082821,1.1008442105928502,27.0978016105167,104.64193481874729,-0.02418424900696886,-2.2737367544323206e-13,0.1546031715641128,0.036000000000000004,3.3120567375886525,6.0,-3.127659574468085,-6.0,9.0,-0.2830676280137082,-0.25101397013400895,0.09581260474258675,0.09308041419029627,0.0,1.0,282,2.842170943040401e-14,290174
290175,71.35155384537953,71.42477366678798,65,30,35,295,149,146,0.22033898305084745,2.145501128123989,1.075309966339137,1.0701911617848519,64.97675070863419,0.999642318594372,20.682293420574826,27.155000509523123,-0.024684130794936594,4.405364961712621e-13,0.048219821408456494,0.025,1.8918918918918919,5.0,0.4594594594594595,5.0,7.0,-0.2994982229250124,-0.3028328257828133,0.12922907435192574,0.12769692659441115,0.0,1.0,296,1.4210854715202004e-14,290175
290176,53.729186338751674,53.908255548983675,59,27,32,246,118,128,0.23983739837398374,1.982869727305918,1.0053046714331928,0.9775650558727252,52.43459331045281,0.8887219205161494,8.875534527431876,10.391432805725035,-0.0422360397623173,1.4210854715202004e-14,0.15406921023200418,0.025,3.331983805668016,5.0,2.522267206477733,5.0,8.0,-0.3451025928475037,-0.3631733357995474,0.15937152006859634,0.15339720859027087,0.0,1.0,247,1.4210854715202004e-14,290176
290177,-47.063391898215826,-46.76017500266016,73,39,34,269,152,117,0.27137546468401486,1.8514886658883623,0.8875621363877685,0.9639265295005938,59.63983964417741,0.816984104714759,8.420921323212669,-97.98212413434588,0.0030308107202283176,7.531752999057062e-13,0.27821689555566487,0.025,4.866666666666666,5.0,-4.866666666666666,-5.0,10.0,-0.4218049927307958,-0.3720580409166098,0.16074559671719213,0.16483170547374906,0.0,1.0,270,7.105427357601002e-15,290177
290178,17.68572965706828,17.797705649161458,41,19,22,254,124,130,0.16141732283464566,2.2185331673384403,1.1030528329775586,1.1154803343608815,43.52178655682247,1.061506989190792,17.068184850686205,-8.685884116959903,0.02998805998503272,6.039613253960852e-14,0.10297599209317781,0.009000000000000001,2.8901960784313725,3.0,0.34901960784313724,3.0,6.0,-0.2814253620851459,-0.2733295691732127,0.10563858395009906,0.11069182611305545,0.0,1.0,255,7.105427357601002e-15,290178
290179,68.8515085019555,69.28424360797152,75,35,40,299,152,147,0.2508361204013378,1.7784809136349577,0.933350557538501,0.8451303560964568,57.51526559718201,0.7668702079624268,8.154770551577968,19.99603756961187,-0.07228900724425842,-1.2789769243681803e-13,0.40773510601601526,0.025,5.736666666666666,5.0,5.736666666666666,5.0,10.0,-0.3919765047695579,-0.44944682478756787,0.15905498292390097,0.16463752395920328,0.0,1.0,300,1.4210854715202004e-14,290179
290180,73.38289239314673,73.60519624523039,67,36,31,294,146,148,0.22789115646258504,1.7314105245216107,0.850754739890275,0.8806557846313359,52.3368723685305,0.7811473487840374,9.826329812417374,31.138983437136083,-0.044329748019348296,5.400124791776761e-13,0.19730385208365644,0.025,3.5661016949152544,5.0,-2.4949152542372883,-5.0,10.0,-0.4457828665189258,-0.42630407841764856,0.15030146230687266,0.1673230405250777,0.0,1.0,295,0.0,290180
290181,111.04357599306155,111.59485994247189,87,50,37,276,155,121,0.31521739130434784,1.6880861256357953,0.8624706096451846,0.8256155159906108,66.55970745908074,0.765054108725066,6.242354865139811,51.3445183494357,-0.06701100090439426,-3.552713678800501e-13,0.38228394941033667,0.169,5.072202166064982,13.0,0.33574007220216606,-13.0,14.0,-0.4381506601410441,-0.46215960584735766,0.15498017130652209,0.15724558701026745,0.0,1.0,277,1.4210854715202004e-14,290181
290182,40.691415492853935,40.79346438464472,44,23,21,256,132,124,0.171875,2.0521533743912976,1.0081314882894417,1.044021886101856,39.437121202226244,0.8962982091415056,10.504752156333886,11.867976746821817,-0.006881408068964215,-4.902744876744691e-13,0.098048891790792,0.004,2.4941634241245136,2.0,-2.32295719844358,-2.0,6.0,-0.3432610864044741,-0.3198805838196077,0.15312815291890866,0.14169970430301837,0.0,1.0,257,7.105427357601002e-15,290182
290183,58.33148718406046,58.40808965710744,69,36,33,268,147,121,0.2574626865671642,2.041983256490916,1.0317214958449583,1.010261760645958,64.9258184037394,0.9409538899092666,21.206867127913736,14.68725215903686,0.0018862222451035285,-1.8474111129762605e-13,0.06760247304697951,0.009000000000000001,2.037174721189591,3.0,0.7806691449814126,-3.0,6.0,-0.327893571240349,-0.3418733381103949,0.1429426746820152,0.1553504617574157,0.0,1.0,269,7.105427357601002e-15,290183
290184,-28.902616471335822,-28.230705578695506,64,36,28,275,154,121,0.23272727272727273,2.100400447773208,0.9891090139350914,1.1112914338381166,63.802791712944675,0.9969186205147605,14.061149042425583,-78.03031590777871,0.05796765856402601,9.237055564881302e-14,0.6079108926403171,0.064,7.47463768115942,8.0,-7.47463768115942,-8.0,11.0,-0.3556531198708345,-0.2760583937466292,0.14256672386029048,0.13681170866606593,0.0,1.0,276,2.4868995751603507e-14,290184
290185,83.3153889649507,83.36435768265316,61,30,31,273,145,128,0.22344322344322345,2.159163129165543,1.0940305884298869,1.065132540735656,63.60842775254195,1.042761110697409,21.204705098906054,40.94599111469213,0.01464391432479949,3.410605131648481e-13,0.04796871770245336,0.001,1.781021897810219,1.0,1.2627737226277371,1.0,5.0,-0.2873028286172983,-0.3061282225943712,0.12399107132263856,0.12659563565334353,0.0,1.0,274,1.4210854715202004e-14,290185
290186,16.46534026726727,17.111494311826732,45,18,27,283,135,148,0.15901060070671377,2.0686994931824265,1.0923500752370048,0.976349417945422,42.939311684977554,0.9542069263328345,11.915803939581254,-14.00214323510916,0.09012980153840132,1.1866063687193673e-12,0.5651540445594619,0.081,7.200704225352113,9.0,7.200704225352113,9.0,13.0,-0.2883975850269498,-0.3639652530652776,0.1468380984878316,0.14372368260165977,0.0,1.0,284,0.0,290186
290187,64.16677364830771,64.2199887820056,46,24,22,285,151,134,0.16140350877192983,2.322823439479194,1.1738342775760013,1.1489891619031927,53.702900014596146,1.1674543481433945,25.5439797405715,36.09684301988786,-0.03577451190726766,3.552713678800501e-13,0.04921513369788886,0.004,1.8986013986013985,2.0,0.7167832167832168,-2.0,5.0,-0.23531537586977863,-0.2515005208282017,0.04305484631888877,0.043596280711463584,0.0,1.0,286,4.263256414560601e-14,290187
290188,39.62088586537606,40.0064969711641,66,39,27,288,162,126,0.22916666666666666,1.8787760247116,0.9373842227234578,0.9413918019881424,57.3399671565684,0.8687873811601272,16.212146326374356,-1.1231208436726976,0.0017969846422900611,4.618527782440651e-13,0.24161110578803713,0.14400000000000002,3.557093425605536,12.0,-1.8269896193771626,-12.0,13.0,-0.38934880697205027,-0.38673810263138686,0.16769224832994306,0.15869174725451388,0.0,1.0,289,1.4210854715202004e-14,290188
290189,15.599475995518878,16.64858097662318,68,39,29,273,141,132,0.2490842490842491,2.0587097133713588,0.9553125974855307,1.103397115885828,63.649638083813386,0.9360240894678439,17.720046813205286,-29.348137443267095,0.0671271492841155,-1.9397816686250735e-12,0.9491049811043023,0.1,8.959854014598541,10.0,-8.930656934306569,-10.0,15.0,-0.3776695156290576,-0.2812010818342327,0.1357367031366486,0.15841357851882815,0.0,1.0,274,1.7763568394002505e-15,290189
290190,82.4637363141277,82.7907240902108,71,32,39,305,143,162,0.23278688524590163,2.0255836337381283,1.0367851972255853,0.9887984365125433,62.678990963442445,0.8828026896259499,11.678754015947892,31.805742376183414,-0.015255233467404624,2.2737367544323206e-13,0.27798777608308856,0.049,3.9607843137254903,7.0,3.679738562091503,7.0,12.0,-0.3245948648889304,-0.3558554429620591,0.14383857407238304,0.1603233476078602,0.0,1.0,306,2.842170943040401e-14,290190
290191,46.932232044659564,46.96137112605376,44,23,21,270,135,135,0.16296296296296298,2.2371919286812965,1.1230254329571647,1.114166495724132,46.84418891290897,1.0646406571115674,22.78390736696834,22.89193584743229,0.009153732680657006,1.8474111129762605e-13,0.025139081394203466,0.004,1.3911439114391144,2.0,0.25461254612546125,-2.0,3.0,-0.26841437714454014,-0.2741854584782898,0.09703070455252465,0.10140120907006797,0.0,1.0,271,1.4210854715202004e-14,290191
290192,66.6541929798067,66.82043595248433,82,44,38,274,132,142,0.29927007299270075,1.8333011494415306,0.9106758131208673,0.9226253363206633,68.73373012459031,0.8382162210315891,13.824315572056324,11.886595833646687,0.024425566303393174,2.5579538487363607e-13,0.1302429726776378,0.036000000000000004,2.6363636363636362,6.0,-1.6763636363636363,-6.0,8.0,-0.40674777933827566,-0.3989633613577061,0.1691294347270482,0.15715233366824857,0.0,1.0,275,1.4210854715202004e-14,290192
290193,-8.234630874968188,-7.525631036994582,70,42,28,319,173,146,0.219435736677116,2.037290389159485,0.9715150249489746,1.0657753642105108,64.2056350108833,0.9172233572983328,16.365836512875866,-55.38728495088079,0.021855415878341028,4.334310688136611e-13,0.5129998379736058,0.196,6.409375,14.0,-6.409375,-14.0,14.0,-0.367114578367841,-0.30570946056241965,0.14991798997584263,0.1498043088829945,0.0,1.0,320,1.0658141036401503e-14,290193
290194,23.29032825804206,23.32306039412333,45,21,24,253,127,126,0.17786561264822134,2.0166476948225833,1.0023869193980595,1.0142607754245239,40.523062101947005,0.9005124911543779,11.775964490588144,-5.435306493319703,0.011269276084070776,1.0302869668521453e-13,0.02373213608127119,0.009000000000000001,1.1496062992125984,3.0,-0.6220472440944882,3.0,4.0,-0.34700333826013485,-0.3392682130333241,0.1505145781359486,0.15410291586463332,0.0,1.0,254,1.4210854715202004e-14,290194
290195,35.0889952498824,35.184271876944365,82,39,43,292,165,127,0.2808219178082192,1.724060724685584,0.8715792563716116,0.8524814683139723,63.754618301279784,0.7774953451375584,8.030437409601646,-20.538121408100107,-0.0017876066332974012,-3.694822225952521e-13,0.07927662706196527,0.016,2.4880546075085324,4.0,1.7098976109215016,4.0,7.0,-0.4322169076247044,-0.44465800357969,0.15763628792314474,0.15915166484716495,0.0,1.0,293,7.105427357601002e-15,290195
290196,87.23920162883644,87.35664140340782,79,42,37,301,168,133,0.26245847176079734,2.02437208846164,1.0043178971449471,1.020054191316693,74.76741297906686,0.9464229491021122,21.284534640445177,33.88939843435315,-0.015635369567040324,2.842170943040401e-14,0.09243977457137989,0.025,2.480132450331126,5.0,-1.5463576158940397,-5.0,6.0,-0.3457454187899078,-0.3354941402033148,0.1575183178757269,0.1482579594076489,0.0,1.0,302,2.842170943040401e-14,290196
290197,65.35848365202439,65.40500618065983,67,35,32,278,138,140,0.24100719424460432,2.2180315418355745,1.1214068839813787,1.0966246578541954,70.3864536026632,1.0505440836218387,30.636048589078833,25.66982375655318,-0.015222589477704218,-1.4210854715202004e-14,0.037522528635441275,0.009000000000000001,1.5698924731182795,3.0,1.017921146953405,-3.0,5.0,-0.2694687674778507,-0.28561294356232275,0.10444233050119572,0.10918645497035544,0.0,1.0,279,2.842170943040401e-14,290197
290198,0.04300887377333272,0.15548169765929742,42,19,23,262,123,139,0.16030534351145037,2.275086967901911,1.1564442905961227,1.118642677305788,46.6881485164052,1.1116225837239333,18.210051247093133,-28.299401700374176,-0.023213871278450662,-1.41886502547095e-13,0.0964728238859647,0.016,2.338403041825095,4.0,2.247148288973384,4.0,6.0,-0.24664393894837439,-0.2712694870369248,0.08404260449198725,0.07835777204975347,0.0,1.0,263,8.743006318923108e-15,290198
290199,110.37754350531148,110.77649643237203,67,30,37,296,133,163,0.22635135135135134,2.079393361342468,1.087722142209321,0.9916712191331472,63.33313160652894,0.9452706209929692,26.925738430004667,74.29946373458195,0.06963952126565308,1.5631940186722204e-13,0.3499529270605453,0.049,5.632996632996633,7.0,5.632996632996633,7.0,9.0,-0.29141241369176146,-0.35398399250230606,0.14628440367498605,0.14120746690195235,0.0,1.0,297,0.0,290199
290200,91.64524843990661,91.7461523629324,53,26,27,272,130,142,0.1948529411764706,2.3168082881199292,1.1513438952397894,1.1654643928801396,60.45749686122433,1.1407074879476289,21.735665449586495,53.08066447481865,-0.05634352352371149,-3.694822225952521e-13,0.09990392302579691,0.001,2.67032967032967,1.0,-1.5054945054945055,1.0,7.0,-0.24996654928654596,-0.24076786797614794,0.056198847818818044,0.05038711837661681,0.0,1.0,273,0.0,290200
290201,-19.800979684222828,-19.696575903091002,60,28,32,292,139,153,0.2054794520547945,2.0563645083246866,1.03923095021462,1.017133558110067,54.17514345285238,0.9029190575475396,15.217888343432644,-58.66929412146111,0.015463108950219111,1.5276668818842154e-13,0.08840378113182681,0.016,2.0853242320819114,4.0,1.819112627986348,4.0,8.0,-0.32300159934807615,-0.3373967625312658,0.14399960969091904,0.14948604365346532,0.0,1.0,293,3.552713678800501e-15,290201
290202,56.11229084689418,56.12986316371082,66,33,33,276,131,145,0.2391304347826087,2.142378133784528,1.069238768083191,1.073139365701337,64.13694212708735,0.9717718504104145,16.8769003382498,8.856158471653892,0.013662903219469195,-9.237055564881302e-14,0.017572316816638667,0.0,1.0722021660649819,0.0,-0.09747292418772563,0.0,5.0,-0.3034532547766585,-0.3009122427441299,0.12710260504086002,0.13186808937807623,0.0,1.0,277,0.0,290202
290203,66.22833114288957,66.2952841600358,53,26,27,301,155,146,0.1760797342192691,2.2869803574388534,1.1237410378114778,1.1632393196273756,60.54308878770772,1.1423224299567494,29.485595810784332,35.228827037156606,0.008964145956243133,-4.263256414560601e-13,0.06595301714622413,0.001,2.1026490066225167,1.0,-1.9503311258278146,1.0,6.0,-0.26794820228536226,-0.24221737352940703,0.07145265242423761,0.0774112594651664,0.0,1.0,302,1.4210854715202004e-14,290203
290204,54.62099036236151,54.66374940912131,61,31,30,273,127,146,0.22344322344322345,2.038481741374397,1.0303668396426642,1.0081149017317323,55.689111737137665,0.9129362579858633,16.036321118703544,15.032560193747884,-0.02160140306063496,-6.394884621840902e-14,0.04175904675980168,0.001,1.5766423357664234,1.0,0.9781021897810219,-1.0,6.0,-0.3287760508106473,-0.3432718915802048,0.14501024479756963,0.15186783460312872,0.0,1.0,274,0.0,290204
290205,40.78177082298294,41.12105919402234,91,49,42,303,156,147,0.30033003300330036,1.5720645970483382,0.7551346776751892,0.8169299193731488,64.91429925060474,0.7133439478088434,2.8975921345876903,-20.720769486105,-0.17487843589063362,9.166001291305292e-13,0.29028837103939614,0.049,4.677631578947368,7.0,-4.493421052631579,-7.0,10.0,-0.5080737645878118,-0.46781776587185947,0.14058009195403903,0.1330064652815654,0.0,1.0,304,0.0,290205
290206,86.24580665971183,86.4241639329374,85,46,39,279,145,134,0.3046594982078853,1.7710524123853608,0.8684882914381244,0.9025641209472365,68.30982577940253,0.8036450091694415,16.600671574988322,34.66756077441203,0.04744895411071281,4.547473508864641e-13,0.12935727322556403,0.049,3.0714285714285716,7.0,-2.357142857142857,-7.0,8.0,-0.4342304911462589,-0.41203207406313375,0.15412603257396926,0.16703218715568108,0.0,1.0,280,4.263256414560601e-14,290206
290207,49.19481714375432,49.27673886742144,59,31,28,298,153,145,0.19798657718120805,2.2107328262607906,1.1261087267000645,1.0846240995607261,62.352793747948745,1.0568270126770973,29.14662957384127,16.119367138569523,-0.048792445255836994,2.8421709430404007e-13,0.07292172366712403,0.009000000000000001,2.4816053511705687,3.0,1.605351170568562,-3.0,5.0,-0.2664057909565967,-0.2934306079322399,0.10995908308128677,0.10952334830715942,0.0,1.0,299,1.4210854715202004e-14,290207
290208,72.42019981132593,72.46108975350829,79,40,39,271,131,140,0.2915129151291513,1.8461086443591488,0.9187502319758987,0.92735841238325,62.70308216322462,0.7937099008003117,10.604362344202434,20.364022201761696,-0.0016522672756248053,4.263256414560601e-14,0.039889942182350445,0.001,1.5955882352941178,1.0,-0.7647058823529411,-1.0,4.0,-0.4014877660083019,-0.3958800381330918,0.1562819638759919,0.16785017729605226,0.0,1.0,272,1.4210854715202004e-14,290208
290209,64.46610618717467,64.54934171103389,58,31,27,293,153,140,0.19795221843003413,2.2691385034910985,1.1281512463859977,1.1409872571051007,64.73942910770651,1.1161970535811467,25.219611929042113,25.043541637780166,-0.01401710541039466,-2.8421709430404007e-13,0.06723552385921447,0.016,2.17687074829932,4.0,-1.380952380952381,-4.0,6.0,-0.2650752084134278,-0.2567132954759916,0.08258416558578771,0.0868411641774345,0.0,1.0,294,4.263256414560601e-14,290209
290210,75.87796701892728,75.9649677826736,76,37,39,318,160,158,0.2389937106918239,1.9093101814195248,0.9774762480450262,0.9318339333744984,64.1838885963856,0.8445248499524421,13.759011641555372,25.54552494570795,-0.00543411786414889,-4.263256414560601e-13,0.08300076374631933,0.004,2.2476489028213167,2.0,1.8275862068965518,2.0,6.0,-0.36323118892382616,-0.39296449702787944,0.17161628293845632,0.15201066994689763,0.0,1.0,319,2.842170943040401e-14,290210
290211,100.71703963878096,101.01421166298763,74,35,39,280,140,140,0.2642857142857143,1.9514866332221703,1.0025450841698023,0.9489415490523684,67.24878245484494,0.9087673304708777,21.163647592141462,54.84157602620828,0.08750077407526924,5.968558980384842e-13,0.2811720242066659,0.016,4.291814946619217,4.0,4.1138790035587185,4.0,10.0,-0.34690030312873554,-0.381819882396748,0.16199942756388702,0.15566960680139097,0.0,1.0,281,5.684341886080802e-14,290211
290212,73.06003115566857,73.13891998786971,57,31,26,266,135,131,0.21428571428571427,2.1842690739994035,1.0928803160969056,1.0913887579024983,57.57373272400606,1.0100654863860712,21.123424327796293,36.68246300198125,0.006148589678303581,3.979039320256561e-13,0.05388883220114497,0.025,1.9887640449438202,5.0,-0.25842696629213485,-5.0,5.0,-0.28805216400764866,-0.28902382724755105,0.11739243232542762,0.1210811945162259,0.0,1.0,267,0.0,290212
290213,65.18907781911618,65.77033023614479,58,34,24,256,131,125,0.2265625,1.8154392158777308,0.8595646198989543,0.9558745959787766,48.14306734571977,0.8300528852710305,7.641204199527126,25.281959809837982,-0.013492719886610025,7.673861546209082e-13,0.48125241702861465,0.1,6.64591439688716,10.0,-6.64591439688716,-10.0,12.0,-0.4400437431079271,-0.37730340636237514,0.16460688063809512,0.16043143234622012,0.0,1.0,257,1.4210854715202004e-14,290213
290214,39.583291081668456,39.843235329848994,48,28,20,274,137,137,0.17518248175182483,2.117490231507838,1.0403458435038564,1.0771443880039813,50.78242436273452,1.0579671742236358,21.390181471277337,10.43310069377433,0.017891744618252853,-7.673861546209082e-13,0.19594424818053863,0.064,3.4763636363636365,8.0,-3.04,-8.0,10.0,-0.3222753113429365,-0.2983032041152237,0.13635573541860316,0.13510950588894183,0.0,1.0,275,7.105427357601002e-15,290214
290215,93.3422227932207,93.51687083241785,62,29,33,268,132,136,0.23134328358208955,2.0786956990797667,1.0639996921681327,1.0146960069116342,58.501990758544515,0.9435804961055567,18.65530210081367,53.68046944896511,-0.010287274278278715,1.7053025658242404e-13,0.15864803919714376,0.016,3.2936802973977697,4.0,3.2342007434944238,4.0,8.0,-0.30686620741693177,-0.33898468508352014,0.14052799648331182,0.14715934856012194,0.0,1.0,269,1.4210854715202004e-14,290215
290216,57.703582611218984,57.77266115724525,33,16,17,252,125,127,0.13095238095238096,2.259017588791197,1.118239257304281,1.1407783314869162,37.4045808655926,1.1334721474422,12.520998187900242,32.920190344424164,-0.0311118648718058,5.329070518200751e-13,0.06807854602627174,0.001,1.5770750988142292,1.0,-1.0948616600790513,1.0,7.0,-0.2715322916577409,-0.25684939834065035,0.0867507676241856,0.09317729797493375,0.0,1.0,253,2.842170943040401e-14,290216
290217,-3.6695400867542567,-3.1704789812283707,90,50,40,310,170,140,0.2903225806451613,1.8638664083408536,0.882905475228942,0.9809609331119116,75.70450485850168,0.8411611650944631,16.88629008434506,-61.98726835046238,-0.0014254049214621966,-1.1444178937836114e-12,0.39906110552588603,0.1,5.569131832797428,10.0,-5.569131832797428,-10.0,11.0,-0.42483853609885336,-0.3609611196802478,0.15808451131069223,0.167791494681804,0.0,1.0,311,1.7319479184152442e-14,290217
290218,36.61622869138782,36.768509692955945,56,27,29,280,138,142,0.2,2.1195951857298194,1.094593867057106,1.0250013186727132,55.467441688041646,0.9904900301436008,15.65271110081004,-3.028413820020276,-0.01780707425530971,-7.815970093361102e-14,0.14828100156812865,0.004,3.3096085409252667,2.0,3.1530249110320283,2.0,8.0,-0.2869358854179352,-0.33227137503532583,0.12951084097137136,0.14192180789594236,0.0,1.0,281,1.4210854715202004e-14,290218
290219,2.8206312013887898,2.874203012420537,58,30,28,290,134,156,0.2,2.279309477413902,1.1517429202157599,1.1275665571981424,65.37273025604917,1.1271160388973995,26.933751551093565,-35.5692066241009,0.004430931565881145,-4.574118861455645e-14,0.049571811031747556,0.004,1.6597938144329898,2.0,0.979381443298969,-2.0,5.0,-0.24970660776873801,-0.26545609934529907,0.08092359772799025,0.07565809182837352,0.0,1.0,291,1.7763568394002505e-15,290219
290220,41.24234376620136,41.32470659608049,63,31,32,283,145,138,0.2226148409893993,2.065551271474151,1.0333510579022713,1.0322002135718795,61.14477934503739,0.9705520530958316,17.909703945546035,-1.9488716345754673,0.038502831164402646,1.9895196601282805e-13,0.08136282987913308,0.001,2.267605633802817,1.0,0.704225352112676,1.0,6.0,-0.32683200652623356,-0.3275817145395617,0.14223602812019254,0.1496998133235231,0.0,1.0,284,7.105427357601002e-15,290220
290221,54.7184359561943,54.789483831823844,59,29,30,294,144,150,0.20068027210884354,2.035628992298776,1.0300318873384624,1.0055971049603136,52.467580285784486,0.8892810217929574,9.703221500818957,12.050782138444802,-0.025657091586327552,-1.6342482922482304e-13,0.07004787562954706,0.001,1.5932203389830508,1.0,1.023728813559322,1.0,9.0,-0.3289942527167707,-0.3449120894467756,0.14976536429683973,0.15188547258403756,0.0,1.0,295,2.1316282072803006e-14,290221
290222,29.2993165580728,29.519721130086396,52,29,23,274,134,140,0.1897810218978102,2.075335027385096,1.003170765180323,1.072164262204773,49.34345103362745,0.9489125198774511,13.610438829840696,-6.254698263232968,0.041407189532870425,-2.6290081223123707e-13,0.18440457201359464,0.036000000000000004,3.96,6.0,-3.96,-6.0,7.0,-0.34649270841328456,-0.30154746584589415,0.14089015796767737,0.14732876759200098,0.0,1.0,275,7.460698725481052e-14,290222
290223,62.531235730891126,63.12485943897275,62,34,28,269,143,126,0.23048327137546468,1.9057291512736836,0.8995943926396412,1.0061347586340426,55.27483075314204,0.8915295282764846,12.0053996722431,19.78755863955033,0.06786971852301543,4.689582056016661e-13,0.5576237080816211,0.036000000000000004,6.781481481481482,6.0,-6.707407407407407,-6.0,12.0,-0.41396667898824535,-0.34456183941126256,0.15651694585881495,0.16790960400451896,0.0,1.0,270,0.0,290223
290224,63.305601608083215,63.40432553479111,85,43,42,296,137,159,0.28716216216216217,1.9044083630477031,0.9750150105504853,0.9293933524972178,72.28894792002825,0.8504582108238617,15.010530693314683,6.063204773947225,0.06270353413016808,1.5631940186722204e-13,0.09772392670789833,0.001,2.6835016835016834,1.0,2.063973063973064,-1.0,7.0,-0.3648345417176255,-0.3945543932393422,0.15773271895440505,0.1654325820449022,0.0,1.0,297,1.4210854715202004e-14,290224
290225,-21.358554566479025,-20.796653087806135,76,44,32,262,159,103,0.2900763358778626,1.6547179487677317,0.8146214658623575,0.8400964829053743,59.73160880671411,0.7859422211409751,6.587192473780635,-73.88303680220301,-0.058032618535203626,-1.3962164757685969e-12,0.41790147867289273,0.14400000000000002,4.771863117870723,12.0,-3.197718631178707,-12.0,13.0,-0.4693215888040595,-0.4527260998117994,0.15089061816280103,0.1528916602213017,0.0,1.0,263,7.105427357601002e-15,290225
290226,-12.328682745128367,-12.133937917396679,41,22,19,273,147,126,0.15018315018315018,2.2497856153562292,1.0846895789660453,1.1650960363901843,43.56387505585564,1.0625335379476986,16.557416201879406,-39.18942891412527,0.04903214275220877,1.509903313490213e-13,0.18574482773168718,0.009000000000000001,3.8576642335766422,3.0,-3.8576642335766422,-3.0,7.0,-0.2933879519156274,-0.2410078307625889,0.09140112603158966,0.09827360471326683,0.0,1.0,274,3.552713678800501e-15,290226
290227,15.212222504303321,15.260760942189606,63,32,31,268,133,135,0.23507462686567165,2.011749970184579,1.0037248071675144,1.0080251630170642,57.96034152458035,0.920005421025085,15.140213633116694,-27.573437615293756,0.014070666019582947,1.2256862191861728e-13,0.047538437886284465,0.001,1.6022304832713754,1.0,-0.5018587360594795,-1.0,4.0,-0.3461317823466144,-0.34333035112309424,0.15040701624698738,0.15585514306710638,0.0,1.0,269,8.881784197001252e-15,290227
290228,-40.5067098157125,-40.07443528798956,48,20,28,281,132,149,0.1708185053380783,2.2385537311356085,1.151504106358329,1.0870496247772796,52.873751194698436,1.101536483222884,18.89669144582637,-74.09237006839508,0.040875031533358405,9.947598300641403e-14,0.3682745277229398,0.064,4.797872340425532,8.0,4.634751773049645,8.0,11.0,-0.24986218107946376,-0.29185051960634073,0.09566918571930011,0.10407255231988168,0.0,1.0,282,7.105427357601002e-15,290228
290229,58.158680140921554,58.257271576474466,54,24,30,288,134,154,0.1875,2.121820592126485,1.0645330936657633,1.057287498460722,55.4385687690304,1.0266401623894519,21.099316519673426,23.91474545686493,0.0032738702526592823,-9.947598300641403e-14,0.06259143555290732,0.036000000000000004,2.096885813148789,6.0,1.0865051903114187,6.0,6.0,-0.30651872742634173,-0.3112388104498232,0.13095790425700504,0.14030071333963742,0.0,1.0,289,2.842170943040401e-14,290229
290230,-6.907104464819795,-6.768733907488013,67,35,32,279,150,129,0.24014336917562723,1.9388886229299211,0.9586890623893083,0.9801995605406127,56.30435603881962,0.840363522967457,11.723648761552832,-51.429232340135556,0.07979115538059543,1.580957587066223e-13,0.12937055733178165,0.009000000000000001,3.217857142857143,3.0,-1.925,-3.0,6.0,-0.37546994551498103,-0.3614571095398293,0.14717417101817662,0.17124448230509715,0.0,1.0,280,1.7763568394002505e-15,290230
290231,22.613499368138285,23.031834755434772,67,31,36,302,137,165,0.22185430463576158,2.0077233406011787,1.0478205332725155,0.9599028073286634,61.92272096220762,0.9242197158538451,18.544637313419454,-20.308018783507737,-0.038230109844681115,-9.734435479913373e-13,0.393335387296487,0.025,5.597359735973598,5.0,5.544554455445544,5.0,12.0,-0.3174059865622356,-0.37467926142058133,0.1480547160003547,0.15928436744291616,0.0,1.0,303,1.0658141036401503e-14,290231
290232,55.412081842542044,55.845906674270054,49,29,20,287,138,149,0.17073170731707318,2.0461575151628857,0.9993939162784667,1.0467635988844188,46.51171590769328,0.9492186919937404,15.651453943033918,25.052099462990487,-0.06645475337936727,-4.263256414560601e-13,0.3528248317280078,0.081,5.621527777777778,9.0,-4.170138888888889,-9.0,10.0,-0.34895310536887214,-0.31809451772096203,0.15388938168158292,0.146943742020768,0.0,1.0,288,0.0,290232
290233,117.60929890781846,117.81897900798742,71,33,38,287,148,139,0.24738675958188153,1.9497903633661062,0.988264419246209,0.9615259441198969,63.562738581335076,0.8952498391737335,22.146115863447456,76.35026093433724,0.05209535576282112,-2.5579538487363607e-13,0.18468010016895575,0.025,3.013888888888889,5.0,2.6180555555555554,5.0,10.0,-0.3562033240900748,-0.37362188239287153,0.15869266124791329,0.15900609470106647,0.0,1.0,288,5.684341886080802e-14,290233
290234,29.2472041351713,29.413604521159982,45,20,25,267,126,141,0.16853932584269662,2.287129429054551,1.1382833657899898,1.1488460632645618,51.12372099222907,1.1360826887162014,17.98680646111783,-3.7757266200952664,0.05241661014382305,1.8829382497642655e-13,0.14140038598868163,0.025,3.298507462686567,5.0,0.6343283582089553,5.0,6.0,-0.2584747230927204,-0.2515937412518899,0.07499603678353761,0.07702932397637148,0.0,1.0,268,0.0,290234
290235,54.006469194607696,54.32956750149697,68,37,31,275,157,118,0.24727272727272728,1.953643973804556,0.9407109714917098,1.0129330023128464,60.73918902685589,0.8932233680419984,11.941747013739649,5.561209982652395,-0.029084494270633157,-1.0302869668521453e-12,0.2870983068892677,0.036000000000000004,4.728260869565218,6.0,-4.713768115942029,-6.0,10.0,-0.38718162402295486,-0.3401331798367553,0.16531900627184262,0.15185827244736524,0.0,1.0,276,1.4210854715202004e-14,290235
290236,20.529519831763157,20.800937850787818,58,35,23,305,142,163,0.1901639344262295,2.0800053301029107,1.0367931864096072,1.0432121436933037,54.94677227339134,0.9473581426446782,15.185757920006221,-18.931163008170945,-0.02891349442596904,-3.907985046680551e-13,0.1274180190246637,0.14400000000000002,2.3758169934640523,12.0,-1.2712418300653594,-12.0,13.0,-0.32458966040112697,-0.32040808380930313,0.1490215520242439,0.1388855909649943,0.0,1.0,306,0.0,290236
290237,56.144251332934694,56.23861039306013,77,36,41,306,136,170,0.25163398692810457,1.915465303940644,0.9638355591408443,0.9516297447997999,62.44389501524685,0.8109596755226864,9.582694645613598,3.3495086723620693,0.027901351065235204,-4.263256414560601e-13,0.06935906012543597,0.025,2.1368078175895766,5.0,0.8664495114006515,5.0,6.0,-0.37211730280449384,-0.38006867952767087,0.15691470796455517,0.16432595148699364,0.0,1.0,307,1.4210854715202004e-14,290237
290238,35.93929264248696,35.97612859866737,67,34,33,268,146,122,0.25,1.933528513972286,0.9691451756987907,0.9643833382734956,60.22449648148276,0.8988730818131755,12.521679676818863,-11.750395033603374,0.023706827606568958,2.8421709430404007e-13,0.0358359561804147,0.001,1.587360594795539,1.0,0.3828996282527881,-1.0,4.0,-0.36865839704628683,-0.3717604566225755,0.16520318985616778,0.15633505792000163,0.0,1.0,269,7.105427357601002e-15,290238
290239,74.25241498286913,74.47853966930512,66,35,31,295,147,148,0.22372881355932203,2.1042950892600105,1.0877894494424052,1.0165056398176051,63.719836512115435,0.9654520683653853,14.760139750879869,25.495296165330508,0.023546742739341642,-2.8421709430404007e-13,0.21012468643598825,0.016,3.7432432432432434,4.0,3.560810810810811,-4.0,10.0,-0.29136856695188024,-0.3378058147055193,0.140462158146628,0.13945389353240276,0.0,1.0,296,4.263256414560601e-14,290239
290240,9.692022695394561,9.916281732681341,71,39,32,284,152,132,0.25,1.9065041721707698,0.949910262000304,0.9565939101704656,61.027965901637465,0.8595488155160206,11.85717978391401,-39.31082010721372,0.0563157221716848,-7.460698725481052e-14,0.1752590372867804,0.049,3.210526315789474,7.0,-1.4982456140350877,-7.0,9.0,-0.38118882236499385,-0.3768348150860679,0.15606871983897846,0.16592437410817645,0.0,1.0,285,1.9539925233402755e-14,290240
290241,88.51394946451737,88.54200561563512,63,32,31,287,146,141,0.21951219512195122,2.1064522062346303,1.051601881981348,1.0548503242532818,60.60869406462816,0.9620427629306058,17.818457422614784,45.74052492414773,0.011244049474286802,-2.7000623958883807e-13,0.027056151117750022,0.001,1.3229166666666667,1.0,-0.34375,-1.0,4.0,-0.31494265824463896,-0.31282648741441554,0.13783772115748566,0.13876305366012132,0.0,1.0,288,4.263256414560601e-14,290241
290242,53.44606579274255,53.467099390633734,53,26,27,274,126,148,0.19343065693430658,2.1730306598278384,1.0777915362837114,1.0952391235441266,53.94738005093515,1.0178750953006632,16.015000889817248,15.54339667873876,-0.008676449222775816,-1.5631940186722204e-13,0.020033597891185955,0.001,1.1490909090909092,1.0,-0.5672727272727273,1.0,4.0,-0.2978816247249336,-0.28651553842034794,0.11892093892423611,0.12472240263989548,0.0,1.0,275,0.0,290242
290243,72.56646803903249,72.78088638966676,65,28,37,281,140,141,0.2313167259786477,1.998503704568676,1.004954324703936,0.9935493798647399,61.040891148215735,0.9390906330494728,15.051703568006555,26.777589663215956,0.014109146242021345,-3.979039320256561e-13,0.1334183506342794,0.081,2.8297872340425534,9.0,1.673758865248227,9.0,11.0,-0.34533082332440695,-0.35276048023951817,0.15034342542255683,0.16058670204622827,0.0,1.0,282,5.684341886080802e-14,290243
290244,16.93573036537952,17.026723519023903,70,34,36,265,132,133,0.2641509433962264,2.0455130547888474,1.0390255192502678,1.0064875355385796,64.26399457579318,0.918057065368474,18.779746115833646,-28.527005477708858,0.06948053677281038,4.192202140984591e-13,0.08699315364438139,0.004,2.4210526315789473,2.0,1.3383458646616542,2.0,6.0,-0.32313542564942177,-0.34433202581678696,0.1484186833993382,0.15105967326432465,0.0,1.0,266,3.552713678800501e-15,290244
290245,39.20181469868256,39.215862580576854,57,28,29,297,161,136,0.1919191919191919,2.1876802294377513,1.0909500142157147,1.0967302152220366,58.931706923448665,1.033889595148222,23.387736566698734,3.688756808784686,-0.016864584957728693,-3.552713678800501e-14,0.013047881894298004,0.001,0.9295302013422819,1.0,-0.41946308724832215,1.0,3.0,-0.28930964319076147,-0.2855441790887555,0.11517969343018859,0.11897568237719637,0.0,1.0,298,7.105427357601002e-15,290245
290246,36.739823113459074,36.81729424043641,76,39,37,280,130,150,0.2714285714285714,1.7954789343613193,0.9104676034651917,0.8850113308961278,61.082797365379164,0.8037210179655153,7.562233926307417,-16.658102908359062,-0.04516629027661033,3.339550858072471e-13,0.07347112697733538,0.004,2.2491103202846974,2.0,0.9252669039145908,-2.0,6.0,-0.40688341579508386,-0.4234666938549381,0.16801666085019895,0.1566482449726593,0.0,1.0,281,0.0,290246
290247,117.75312030177167,118.17141527709236,65,29,36,281,135,146,0.2313167259786477,2.0358142283924336,0.9754565211993005,1.0603577071931332,61.103428304900184,0.9400527431523106,16.595107944932558,73.80185570116234,-0.13876078403725,-3.552713678800501e-13,0.3692949753206795,0.049,5.322695035460993,7.0,-3.1808510638297873,7.0,11.0,-0.3645469232599019,-0.30923874838365745,0.14995107405465158,0.1541327618726277,0.0,1.0,282,2.842170943040401e-14,290247
290248,60.29098162241822,60.44089136405381,62,29,33,273,134,139,0.2271062271062271,1.9591960920031446,1.0015158007144611,0.9576802912886838,53.87397876460765,0.8689351413646395,13.895976739501295,20.424204056911872,0.03868528203539868,1.8474111129762605e-13,0.13390974163558864,0.016,3.072992700729927,4.0,2.795620437956204,4.0,8.0,-0.3475708213161893,-0.37612710109873854,0.1649189284028594,0.15086040355298497,0.0,1.0,274,7.105427357601002e-15,290248
290249,48.736785497807595,49.03488914436434,70,40,30,287,148,139,0.24390243902439024,1.9124125583368807,0.9702470279282074,0.9421655304086735,60.51803139496638,0.8645433056423768,12.324328335302193,0.8050016046604362,0.03618448003975388,-2.842170943040401e-14,0.19810364655674767,0.1,3.7152777777777777,10.0,0.1736111111111111,-10.0,10.0,-0.3679406045316236,-0.3862340636560941,0.17410957196665003,0.15143285780857052,0.0,1.0,288,7.105427357601002e-15,290249
290250,7.324128829210943,7.753354949292543,73,31,42,278,128,150,0.26258992805755393,1.9262908149320168,0.9680389554889192,0.9582518594430979,63.561774904326384,0.870709245264745,12.749921160144964,-43.026258244786895,-0.03224055010229396,3.126388037344441e-13,0.30822612008159966,0.121,4.709677419354839,11.0,2.4587813620071683,11.0,13.0,-0.3693790350456622,-0.3757547577554986,0.16783079500170728,0.15492491058803018,0.0,1.0,279,2.1316282072803006e-14,290250
290251,62.87282979424858,62.96448283250635,78,41,37,307,164,143,0.254071661237785,2.0645093099783076,1.0374250429145866,1.0270842670637212,70.2813426981269,0.9010428551041911,20.041153293435972,12.725396144764696,-0.0011027169492106364,-7.105427357601002e-14,0.07565303825777205,0.016,2.042207792207792,4.0,0.04220779220779221,-4.0,7.0,-0.32417804271092665,-0.3309144555468698,0.14952576477592372,0.1425280011467538,0.0,1.0,308,4.263256414560601e-14,290251
290252,48.915636705737995,48.96389344810571,69,34,35,273,142,131,0.25274725274725274,1.8696187156592423,0.9323127535001662,0.9373059621590764,58.05804484596313,0.8414209397965671,15.443548337620454,6.390195216117402,-0.04079827635408997,-2.7711166694643907e-13,0.04725674236771646,0.001,1.8175182481751824,1.0,-0.6131386861313869,1.0,5.0,-0.39265257362027683,-0.3893997891689425,0.16454712089446413,0.1604534739928235,0.0,1.0,274,1.4210854715202004e-14,290252
290253,11.24856994653956,11.402301482575467,63,28,35,293,153,140,0.2150170648464164,2.1173994972678423,1.0640218927329017,1.0533776045349406,61.11533824011392,0.9700847339700622,24.215394221256872,-25.52516789738151,0.02752536110000584,-7.638334409421077e-14,0.10473153603590828,0.049,2.3333333333333335,7.0,1.163265306122449,7.0,7.0,-0.3068517450427704,-0.31378587848501455,0.135738820892308,0.13703544492685377,0.0,1.0,294,1.2434497875801753e-14,290253
290254,40.684795239031025,40.753876182926206,41,18,23,258,122,136,0.15891472868217055,2.1732107399541594,1.0899468035493631,1.0832639364047962,39.25252424000431,0.9573786400001052,9.520219767722935,10.994972194095531,0.026599516549369484,-7.105427357601002e-14,0.044080943895183015,0.025,1.5250965250965252,5.0,0.8378378378378378,5.0,6.0,-0.2899631764756358,-0.29431667496190284,0.12076866898196557,0.12404449827557446,0.0,1.0,259,7.105427357601002e-15,290254
290255,21.943359162917954,22.002160604641844,53,26,27,276,128,148,0.19202898550724637,2.137855358979006,1.0843961495858534,1.0534592093931525,53.89279667843353,1.0168452203478024,16.71708552950329,-15.170560671717377,-0.0029898725704240775,-5.897504706808832e-13,0.057801441723888694,0.001,1.9061371841155235,1.0,1.8844765342960288,1.0,5.0,-0.2935791040565962,-0.3137327176755873,0.13190437822051654,0.13056281940279568,0.0,1.0,277,7.105427357601002e-15,290255
290256,94.08857506181492,94.22383131904684,61,33,28,290,149,141,0.2103448275862069,2.1642569196815935,1.0575693596364666,1.1066875600451271,60.82204863180503,0.9970827644558202,25.58008606158483,59.014454700835635,-0.03258595200926569,2.7000623958883807e-13,0.11025625723190767,0.025,3.006872852233677,5.0,-3.006872852233677,-5.0,7.0,-0.31105519431989065,-0.2790575492221418,0.1250358257639978,0.1225093738817977,0.0,1.0,291,1.4210854715202004e-14,290256
290257,8.723670427205,9.211962517221082,56,33,23,284,134,150,0.19718309859154928,2.1057901315638854,1.0121354258750608,1.0936547056888244,55.36556616839774,0.988670824435674,17.988762902151937,-28.103301523777457,-0.06153922524696159,-3.0020430585864233e-13,0.3882920900160821,0.1,5.480701754385965,10.0,-5.480701754385965,-10.0,11.0,-0.34065275440549525,-0.2875476943177285,0.13330834271091435,0.14210593534012037,0.0,1.0,285,2.1316282072803006e-14,290257
290258,-6.551995277252459,-5.878053713371969,68,29,39,297,140,157,0.22895622895622897,2.0731944790842554,1.0849505698946174,0.9882439091896379,67.97888486067565,0.9996894832452301,26.001956434152017,-47.86621019275617,0.011228052860449391,1.2434497875801753e-13,0.5739415638804901,0.1,6.671140939597316,10.0,6.671140939597316,10.0,13.0,-0.2932179315354691,-0.3562166851966633,0.14295439492315415,0.14610474374469476,0.0,1.0,298,0.0,290258
290259,21.924167836942292,22.011849584215724,63,28,35,268,134,134,0.23507462686567165,2.260599440671069,1.1338437812242423,1.1267556594468264,69.08563252614098,1.0965973416847776,20.759222406811144,-26.28473541757654,-0.02982511753750513,-6.394884621840902e-14,0.03868174727343421,0.049,1.3866171003717471,7.0,0.6654275092936803,7.0,7.0,-0.2613668537109906,-0.2659843519734751,0.08984533567932038,0.08798140806469885,0.0,1.0,269,1.7763568394002505e-14,290259
290260,-21.452141490978644,-21.392907496246607,49,25,24,263,132,131,0.18631178707224336,2.276994957101666,1.1201887460543458,1.1568062110473203,51.801738437064614,1.0571783354502982,20.876156245125728,-52.31092385956583,-0.007565828619719577,5.684341886080802e-14,0.0582339947320342,0.001,1.9090909090909092,1.0,-1.856060606060606,-1.0,6.0,-0.27026231334771195,-0.24640816886611072,0.08117357351078286,0.0787442635360782,0.0,1.0,264,1.7763568394002505e-14,290260
290261,66.6525022093151,66.80620767916298,59,27,32,276,134,142,0.213768115942029,2.242801949076844,1.140874165005838,1.1019277840710056,62.69435671556342,1.062616215518024,28.518861108084202,32.62711671807216,0.0035953536114727725,1.2789769243681803e-13,0.12870546984787112,0.025,2.9855595667870034,5.0,2.8339350180505414,5.0,8.0,-0.25678696838797616,-0.28215826588312587,0.09770314749295876,0.09729527093991117,0.0,1.0,277,4.263256414560601e-14,290261
290262,53.59674623717226,54.08907936535405,47,21,26,271,138,133,0.17343173431734318,2.239608483336043,1.17379726617229,1.065811217163753,50.63806620327728,1.0774056638995166,21.651678842574704,25.027280422977107,0.07541158167381717,5.471179065352771e-13,0.4673331281817946,0.025,6.194852941176471,5.0,6.077205882352941,5.0,11.0,-0.23533948664237828,-0.3056861044527905,0.1053091198754962,0.0957652493527422,0.0,1.0,272,5.684341886080802e-14,290262
290263,-0.4137952608090267,-0.16646642688090196,57,32,25,276,145,131,0.20652173913043478,2.056697199953925,1.003205277428747,1.0534919225251784,54.70356435506425,0.9597116553520044,18.269396593818712,-36.634487145001586,0.03385295687541235,-2.6834090505190034e-13,0.19832883392812475,0.049,3.696750902527076,7.0,-3.6823104693140793,-7.0,9.0,-0.34647022569471103,-0.3137114069764996,0.14589717212049283,0.14791725879142473,0.0,1.0,277,3.497202527569243e-15,290263
290264,-3.5960438695836503,-3.51125611248699,60,33,27,314,150,164,0.1910828025477707,2.0755677070356335,1.0411431803055853,1.0344245267300478,55.99292775460012,0.9332154625766687,12.844103804654374,-46.66042020463527,0.00034014220271881643,-1.7985612998927536e-13,0.04878775709666021,0.036000000000000004,1.6952380952380952,6.0,0.044444444444444446,-6.0,6.0,-0.32175589288312284,-0.32613270414363627,0.15031584570537732,0.13662933457307677,0.0,1.0,315,2.220446049250313e-15,290264
290265,76.5368029121362,76.8953076020245,82,39,43,279,138,141,0.2939068100358423,1.6771845710301476,0.8781567462439845,0.7990278247861632,61.915086109567405,0.7550620257264318,11.774250031012999,26.814236824534948,-0.059765301065421106,5.684341886080801e-13,0.3425046898883025,0.016,5.035714285714286,4.0,4.985714285714286,4.0,11.0,-0.42793205629018477,-0.4794799372123165,0.14482128352831988,0.16336177901751783,0.0,1.0,280,2.842170943040401e-14,290265
290266,38.32360796823615,38.43545352379654,73,36,37,285,139,146,0.256140350877193,2.000481088244837,0.9897061948889014,1.010774893355935,67.29258807921852,0.921816275057788,17.233560961937194,-11.626083058717983,0.002509465233370548,-1.7763568394002505e-13,0.11084555556039093,0.001,2.734265734265734,1.0,-1.8111888111888113,1.0,7.0,-0.3552640912814286,-0.34153906205375434,0.15150274601568914,0.15781789968706791,0.0,1.0,286,3.552713678800501e-14,290266
290267,57.89028952500836,57.95887851808985,69,34,35,288,136,152,0.23958333333333334,2.024372702772838,0.9927859839991096,1.0315867187737287,62.60124408171093,0.9072644069813178,16.12052562630319,11.44971731284752,0.02844274983483922,-2.4868995751603507e-13,0.06758899308148726,0.001,2.2214532871972317,1.0,-1.944636678200692,1.0,6.0,-0.3532577881574452,-0.32798137064783234,0.15371620873042388,0.15004235477803712,0.0,1.0,289,2.1316282072803006e-14,290267
290268,36.95092174929726,36.99936219242082,66,34,32,315,153,162,0.20952380952380953,1.9188839315217845,0.9741573789663771,0.9447265525554075,55.53695184656152,0.8414689673721443,11.330683558703186,-7.192584660586362,-0.01432143485094689,-2.0605739337042905e-13,0.044440443123566,0.004,1.768987341772152,2.0,1.6170886075949367,-2.0,7.0,-0.3653932387143515,-0.384565706976556,0.16181038835420358,0.1601461230319437,0.0,1.0,316,1.4210854715202004e-14,290268
290269,31.071291553772607,31.18681859794185,56,31,25,256,124,132,0.21875,2.2812885073376137,1.1462485933723525,1.1350399139652612,59.6977260855275,1.0660308229558482,22.19930138150203,-6.339453930412825,0.027847824328771257,4.369837824924616e-13,0.07952704416924444,0.036000000000000004,2.1284046692607004,6.0,-0.2529182879377432,-6.0,8.0,-0.25328584151353395,-0.2605876429374179,0.08197211640152352,0.07397455521229956,0.0,1.0,257,1.0658141036401503e-14,290269
290270,-10.299815735666684,-10.203050931540474,52,23,29,265,126,139,0.19622641509433963,2.2489622975761594,1.1093021447294977,1.1396601528466614,57.070650177722925,1.0975125034177486,20.39034279704073,-46.875115394912996,-0.00824291731008327,4.1033842990145786e-13,0.06076480412620902,0.036000000000000004,2.3421052631578947,6.0,-0.8007518796992481,6.0,6.0,-0.277354299670805,-0.257577826560518,0.09587090021054474,0.09290361094677303,0.0,1.0,266,0.0,290270
290271,50.89455060080491,50.93427613863156,55,28,27,291,162,129,0.18900343642611683,2.072026535123813,1.0385183565485219,1.0335081785752909,52.17899503598767,0.9487090006543213,20.253502121763276,18.981424848688672,0.027358375718538632,-4.973799150320701e-14,0.03872553782664997,0.001,1.4828767123287672,1.0,0.06506849315068493,-1.0,5.0,-0.3234658125936145,-0.3267296515643058,0.14509299298387346,0.14464091583290686,0.0,1.0,292,7.105427357601002e-15,290271
290272,-0.4277981501728244,-0.31052648877744105,62,32,30,282,133,149,0.2198581560283688,2.1752948961059344,1.1193426572609426,1.0559522388449918,65.38698229715678,1.054628746728335,23.108081501690712,-42.57903319027399,-0.010394093969682376,1.659783421814609e-13,0.11327166139538336,0.004,2.893992932862191,2.0,2.724381625441696,-2.0,7.0,-0.27081349088897483,-0.3121086542743531,0.12576962903796787,0.11748093093722027,0.0,1.0,283,1.3877787807814457e-15,290272
290273,52.784001468877065,52.96704944204458,64,33,31,284,137,147,0.22535211267605634,2.2574345902356137,1.0948624778060874,1.162572112429526,68.61488265952192,1.07210754155503,28.07928117603747,12.46170118885298,-0.030253230292812208,-3.552713678800501e-14,0.17904797316751905,0.004,3.3403508771929826,2.0,-3.094736842105263,-2.0,9.0,-0.2867609011688417,-0.24265202013587475,0.09710614656653171,0.08802509960134332,0.0,1.0,285,1.4210854715202004e-14,290273
290274,59.52073582229948,59.66942456426568,83,38,45,295,146,149,0.28135593220338984,1.755634995149177,0.8687713802848844,0.8868636148642923,69.61004181141404,0.8386752025471571,14.54323433566199,4.662379650315664,-0.05976256180236516,3.410605131648481e-13,0.09968874196620583,0.049,2.375,7.0,-0.23986486486486486,7.0,8.0,-0.4340460752602046,-0.4222600387955011,0.15931382338053965,0.1615919374430127,0.0,1.0,296,2.1316282072803006e-14,290274
290275,55.14337048194135,55.19793863281562,73,36,37,301,158,143,0.2425249169435216,2.0586312476152946,1.0133150582991302,1.0453161893161644,69.24909926338917,0.9486177981286188,15.880973864100408,1.8236368145705426,0.0061764189560143574,3.055333763768431e-13,0.05356815087426669,0.001,1.9337748344370862,1.0,-1.7483443708609272,1.0,6.0,-0.33988429262682357,-0.3190374207037822,0.1440239717311285,0.15047312337430238,0.0,1.0,302,1.4210854715202004e-14,290275
290276,-31.88677691947576,-31.74592735596883,58,30,28,276,143,133,0.21014492753623187,2.311214389918445,1.1313663870944815,1.1798480028239635,64.45680590829387,1.1113242397981702,22.64292407927746,-73.55229908808299,-0.007510096902082742,-1.6697754290362354e-13,0.13684956350692648,0.004,3.1444043321299637,2.0,-3.0144404332129966,-2.0,7.0,-0.2629807316110726,-0.23139778433347,0.0548405937325403,0.05795395182979089,0.0,1.0,277,3.552713678800501e-15,290276
290277,-96.00818966625731,-95.72185910474428,58,26,32,271,125,146,0.2140221402214022,2.251273532780749,1.169448061300008,1.0818254714807414,63.191428560465376,1.089507388973541,28.715168177151206,-130.19300500262358,-0.005114485434986892,1.1368683772161603e-13,0.2503305615130224,0.036000000000000004,4.382352941176471,6.0,4.382352941176471,6.0,9.0,-0.2381727401574265,-0.2952537510302951,0.10230160289688954,0.08808627935887448,0.0,1.0,272,1.4210854715202004e-14,290277
290278,4.435194163755063,4.9964390398594105,60,33,27,251,140,111,0.23904382470119523,1.9779471422278827,0.9502665452931377,1.0276805969347451,55.99251612432439,0.9332086020720731,14.630481360195997,-36.38179816385989,0.016202439591049868,-1.438849039914203e-13,0.5252448761043481,0.036000000000000004,5.761904761904762,6.0,-5.650793650793651,-6.0,13.0,-0.38095672456288565,-0.3305259813883004,0.16537097788502417,0.15077177454655455,0.0,1.0,252,2.6645352591003757e-15,290278
290279,60.953918953336625,61.6625605846242,60,33,27,280,153,127,0.21428571428571427,2.1368998207782965,1.014050830297945,1.1228489904803516,61.09022876291596,1.0181704793819326,16.9137720854649,17.403506780827545,0.08259712634605636,-4.689582056016661e-13,0.6726416312875774,0.036000000000000004,6.790035587188612,6.0,-6.747330960854092,-6.0,16.0,-0.3394049800482872,-0.26852931913561956,0.14624419598031682,0.1205687948567855,0.0,1.0,281,3.552713678800501e-14,290279
290280,-22.37961441941146,-21.81038834062383,71,30,41,321,162,159,0.22118380062305296,1.87654993017928,0.9821269593907775,0.8944229707885026,59.87625039598331,0.8433274703659621,10.036878716093158,-71.60082350891437,-0.04893651160090852,1.2931877790833823e-12,0.4482260787876301,0.121,5.984472049689441,11.0,5.891304347826087,11.0,11.0,-0.3602015215122493,-0.4173355589485594,0.17348606905964994,0.15271548708445312,0.0,1.0,322,2.1316282072803006e-14,290280
290281,-0.9770935584753129,-0.5003116818270428,62,27,35,297,137,160,0.20875420875420875,2.1245850648970404,1.1105449477940172,1.0140401171030233,61.771319625884416,0.9963116068691035,20.793270324649725,-41.459071788085055,-0.019289194976726057,4.707345624410664e-14,0.41278187664827004,0.064,5.795302013422819,8.0,5.795302013422819,8.0,11.0,-0.27654468590128467,-0.33941195907044447,0.13382386283485162,0.13555964964507333,0.0,1.0,298,9.2148511043888e-15,290281
290282,36.90592803189304,36.95882572400512,60,29,31,284,135,149,0.2112676056338028,2.035637484589617,1.025877073154023,1.0097604114355938,54.12281587646337,0.9020469312743895,11.71709024491343,-5.462045753345101,0.015145845800445309,-1.6342482922482304e-13,0.048897692112082426,0.004,1.9719298245614034,2.0,1.1789473684210525,2.0,4.0,-0.3317008720272238,-0.34219993790374575,0.14891607120316497,0.1503933130407053,0.0,1.0,285,7.105427357601002e-15,290282
290283,16.013577403647968,16.105325153394347,56,30,26,312,173,139,0.1794871794871795,2.013999436885728,0.9879987660560152,1.0260006708297127,51.38592829081467,0.9176058623359762,14.586568382667654,-20.71057074800395,0.01653599325149853,-2.1316282072803006e-13,0.07574774974638099,0.016,2.134185303514377,4.0,-2.038338658146965,-4.0,6.0,-0.35637638166197566,-0.33162035534443146,0.1506929583126168,0.15507022148135824,0.0,1.0,313,3.552713678800501e-15,290283
290284,25.738904707990528,25.82730748920187,64,29,35,317,147,170,0.20189274447949526,2.157047265659596,1.0819695065656108,1.075077759093985,64.81872074979557,1.0127925117155558,23.243963758577124,-15.72493359732713,-0.02251590468932152,-1.2789769243681803e-13,0.05240278121134097,0.036000000000000004,1.89937106918239,6.0,0.6729559748427673,6.0,6.0,-0.29515992056645696,-0.2996494924128531,0.1324084920324703,0.1209344474280892,0.0,1.0,318,4.618527782440651e-14,290284
290285,31.649284545614996,31.805067223780497,57,31,26,277,133,144,0.20577617328519857,2.070741193380879,1.0164896330243824,1.0542515603564961,55.66367673863783,0.976555732256804,17.75506002097346,-6.161539084702287,0.057989590818216266,1.9539925233402755e-13,0.13078267816550154,0.025,2.6366906474820144,5.0,-2.6366906474820144,-5.0,8.0,-0.33781624219847395,-0.3132165471989204,0.14555092597982702,0.1440096035216783,0.0,1.0,278,1.0658141036401503e-14,290285
290286,115.90462105508453,115.95015796337121,81,40,41,296,148,148,0.27364864864864863,1.8440218769034784,0.926326800184442,0.9176950767190364,66.10031944463564,0.8160533264769833,13.776787347948177,63.639176369720154,-0.01255050303606761,-3.410605131648481e-13,0.04453690828667498,0.001,1.7744107744107744,1.0,0.37373737373737376,1.0,5.0,-0.3965520733612008,-0.40217513816671185,0.15774734675728047,0.1676277641806934,0.0,1.0,297,2.842170943040401e-14,290286
290287,-64.31965527211258,-63.97942322992492,51,29,22,278,156,122,0.18345323741007194,2.25321113008181,1.0963142480837922,1.1568968819980177,56.32237848279689,1.1043603624077822,20.222667781879696,-100.07389424796843,-0.005239682874612345,9.094947017729282e-13,0.2912320421876535,0.049,4.275985663082437,7.0,-4.254480286738351,-7.0,11.0,-0.28581515743794444,-0.24634910202577492,0.09015442769073011,0.09659182205222541,0.0,1.0,279,1.4210854715202004e-14,290287
290288,74.6111835427342,74.83511518258399,68,32,36,249,116,133,0.27309236947791166,1.839680718747048,0.9456842956110731,0.8939964231359749,55.62578475631377,0.818026246416379,9.328940028245725,28.59711051839265,-0.058840063876789556,8.526512829121202e-14,0.20793163984978613,0.016,3.836,4.0,3.716,4.0,8.0,-0.38394179319032096,-0.4176134298862022,0.16265149526237838,0.16174139240800803,0.0,1.0,250,2.842170943040401e-14,290288
290289,56.85357444218208,56.91201585075356,55,29,26,267,128,139,0.20599250936329588,2.2654863870155926,1.142383453177905,1.1231029338376877,61.748372683109324,1.1226976851474422,28.819756578294125,23.97070896806588,0.012690777872307622,1.7763568394002505e-13,0.04944140857147997,0.009000000000000001,1.7611940298507462,3.0,0.4626865671641791,-3.0,5.0,-0.25580375510088144,-0.2683638898374086,0.08982620363850445,0.08458461329989567,0.0,1.0,268,2.1316282072803006e-14,290289
290290,70.75896639968816,71.22966402761972,76,32,44,292,136,156,0.2602739726027397,1.9290936561034784,0.9899965228516947,0.9390971332517837,67.10625497589014,0.8829770391564492,16.828050735455854,21.012957237245587,-0.06149745006016527,0.0,0.32669762793155166,0.14400000000000002,4.447098976109215,12.0,4.255972696245734,12.0,13.0,-0.35507495953315404,-0.3882329455863808,0.1582162148264188,0.16445217224499997,0.0,1.0,293,1.4210854715202004e-14,290290
290291,28.07918912934496,28.141693167546492,60,29,31,289,138,151,0.20761245674740483,2.059418544934003,1.028047111353256,1.0313714335807467,55.549619347728495,0.9258269891288082,15.301955230956363,-12.140038319770817,0.03406737054514616,3.552713678800501e-14,0.05850403820152971,0.004,2.0310344827586206,2.0,0.3620689655172414,2.0,5.0,-0.330287218604055,-0.32812161640485343,0.15150277776779653,0.14254797240247954,0.0,1.0,290,1.4210854715202004e-14,290291
290292,65.01832245011829,65.07669203401349,71,34,37,290,132,158,0.24482758620689654,2.130300756050977,1.0533357142401265,1.0769650418108503,67.90542835078456,0.9564144838138671,17.643006865788013,14.814534527481399,-0.00026397846429754637,-1.5631940186722204e-13,0.04936958389520222,0.009000000000000001,1.8694158075601375,3.0,-1.0103092783505154,3.0,4.0,-0.31381316757083855,-0.2984200377082634,0.12854735047484359,0.13645009584198997,0.0,1.0,291,1.4210854715202004e-14,290292
290293,52.51830906342981,52.60447513561496,38,17,21,261,125,136,0.14559386973180077,2.2666135144187023,1.143920140904665,1.122693373514037,40.403232234517645,1.0632429535399381,15.338888649602255,27.521437354397957,0.018694196301384906,2.2737367544323206e-13,0.07016607218515383,0.016,2.2442748091603053,4.0,1.5190839694656488,4.0,5.0,-0.2548026926006706,-0.26863069452026095,0.0896002198573123,0.08369660507203075,0.0,1.0,262,2.842170943040401e-14,290293
290294,-4.156386688275309,-4.023749580018716,55,31,24,292,135,157,0.18835616438356165,2.2538280518846037,1.1374276372433572,1.1164004146412465,59.180243221334415,1.0760044222060803,21.62544909126062,-41.573049835888526,-0.005493874203936757,-4.884981308350689e-14,0.0836371082565923,0.049,2.467576791808874,7.0,0.3515358361774744,-7.0,7.0,-0.25903218037143483,-0.27273019049020625,0.08894243570972855,0.09541096949948723,0.0,1.0,293,3.552713678800501e-15,290294
290295,46.99472541237019,47.57172551787096,59,25,34,291,142,149,0.2027491408934708,2.2104810425753665,1.164324052618336,1.0461569899570304,62.443660929029626,1.0583671343903327,27.88089808259631,12.962477529460799,0.04648514197689285,-4.973799150320701e-14,0.49600010550076656,0.081,6.801369863013699,9.0,6.801369863013699,9.0,11.0,-0.24151073320093752,-0.31848968808571915,0.11698262718153696,0.1043466400909929,0.0,1.0,292,7.105427357601002e-14,290295
290296,38.71970724040744,39.03696686045021,63,35,28,280,150,130,0.225,2.2754357206935363,1.1070936402712614,1.1683420804222748,70.8181439819847,1.1240975235235668,25.166622872929015,-6.49260700756621,-0.12194724103922074,-5.684341886080802e-14,0.26825962004276843,0.049,4.601423487544484,7.0,-4.316725978647687,-7.0,10.0,-0.2787930116200117,-0.23889322224586093,0.08065174094752556,0.08279212318308547,0.0,1.0,281,1.4210854715202004e-14,290296
290297,40.27987649150528,40.58314614205494,60,26,34,278,149,129,0.2158273381294964,1.9696754405026295,0.9729144485867597,0.99676099191587,53.273951066163576,0.8878991844360596,20.0049450773008,7.375252786168812,-0.06111263297664717,0.0,0.2392696505496624,0.064,3.910394265232975,8.0,0.1827956989247312,8.0,10.0,-0.3662029354222386,-0.35066830215178835,0.15513844507566588,0.16252391982724984,0.0,1.0,279,1.4210854715202004e-14,290297
290298,77.13212743156078,77.19608465644961,74,38,36,299,149,150,0.24749163879598662,1.9753159863295726,1.0039079349246913,0.9714080514048811,63.92924776181066,0.8639087535379819,15.158421853367827,28.41241177040363,0.012846977602945092,1.9895196601282805e-13,0.05995722488883091,0.004,1.93,2.0,1.5366666666666666,-2.0,6.0,-0.34601248528497686,-0.36718426539770455,0.1551112418310481,0.15822654807089545,0.0,1.0,300,0.0,290298
290299,110.1724837891804,110.58171554727664,73,31,42,270,141,129,0.27037037037037037,2.0363649690910353,1.0360490909837239,1.0003158781073112,71.21102187373286,0.9754934503251077,23.45453485817525,62.94265913481322,-0.11743060309467683,4.831690603168681e-13,0.28823175809623824,0.121,4.634686346863469,11.0,3.734317343173432,11.0,12.0,-0.32507439520733233,-0.34835250096668297,0.1405943387728506,0.1602001282533554,0.0,1.0,271,7.105427357601002e-14,290299
290300,-47.28059845017904,-47.03504105758009,44,19,25,282,138,144,0.15602836879432624,2.261295999513819,1.1465122861334516,1.1147837133803675,47.430555569523534,1.0779671720346258,16.628711578485746,-77.81339837842152,-0.023486670195170513,-1.1795009413617663e-12,0.2095573925989551,0.036000000000000004,3.664310954063604,6.0,2.7738515901060072,6.0,8.0,-0.2531140610469396,-0.2737833771449352,0.09072743910825387,0.08993574935971778,0.0,1.0,283,2.1316282072803006e-14,290300
290301,91.07633212175543,91.17353189896113,49,22,27,269,134,135,0.1821561338289963,2.283494636893808,1.1480456887923463,1.135448948101462,54.33955339359978,1.1089704774204037,17.769220398565576,54.53795767240854,0.06524123151838232,0.0,0.07219977720569412,0.025,2.188888888888889,5.0,1.3814814814814815,5.0,5.0,-0.25211513857699897,-0.2603211810350252,0.07597970626274808,0.07764120324927692,0.0,1.0,270,1.4210854715202004e-14,290301
290302,35.473977171044076,35.65131826187826,55,26,29,290,139,151,0.1896551724137931,2.1782289277029494,1.1192988776119772,1.0589300500909717,56.085622032278586,1.019738582405065,23.868711671755232,3.446528695745201,-0.012120794390935012,6.394884621840902e-13,0.16834109083417967,0.009000000000000001,3.625429553264605,3.0,3.625429553264605,3.0,8.0,-0.2708420107789219,-0.3101687837859355,0.11388813501101917,0.12601192111107326,0.0,1.0,291,2.1316282072803006e-14,290302
290303,64.88934985520493,64.97609704391127,50,26,24,276,138,138,0.18115942028985507,2.09480934886522,1.024754554592397,1.0700547942728227,46.915451163340265,0.9383090232668053,13.486237914345976,31.561437041582636,-0.014553246665574834,-8.526512829121202e-14,0.08274718870634053,0.004,2.3935018050541514,2.0,-2.3285198555956677,-2.0,6.0,-0.3324321274529459,-0.30292166126979064,0.1393617471264227,0.14210470922354967,0.0,1.0,277,2.842170943040401e-14,290303
290304,43.03861377029583,43.274140533104884,65,31,34,323,157,166,0.20123839009287925,2.2040444052424544,1.1414346066225391,1.0626097986199154,67.34759628215797,1.0361168658793534,32.19712257653239,8.14577488979207,-0.02210806231235194,-4.192202140984591e-13,0.22652676280904846,0.009000000000000001,4.117283950617284,3.0,4.117283950617284,3.0,9.0,-0.2564218733356328,-0.30777164206456736,0.1137598465772684,0.11255652504949695,0.0,1.0,324,2.1316282072803006e-14,290304
290305,66.57156747103475,66.75638507584506,53,28,25,259,135,124,0.20463320463320464,2.121445013237443,1.0524844622294487,1.0689605510079943,52.42181000320022,0.9890907547773626,21.05907536422463,35.38320033215164,0.010450104717770477,5.684341886080802e-14,0.17581760481030456,0.009000000000000001,3.7346153846153847,3.0,-2.0730769230769233,-3.0,8.0,-0.31436770864725855,-0.30363449698745276,0.12967174869946702,0.14099722364399764,0.0,1.0,260,0.0,290305
290306,40.64538833764857,40.75761654713688,66,31,35,292,141,151,0.22602739726027396,2.0430671348554963,1.0342745423064696,1.0087925925490264,60.27322019776352,0.913230609057023,17.309350962766317,-2.1955716835841126,-0.010681004276256479,4.263256414560601e-14,0.09622820948830643,0.016,2.426621160409556,4.0,2.0170648464163823,4.0,7.0,-0.3262304102549329,-0.34283041550662363,0.15046297316945928,0.14590997700116526,0.0,1.0,293,2.1316282072803006e-14,290306
290307,3.7875136240903515,4.0504917609233075,74,35,39,274,123,151,0.27007299270072993,1.9936031291974223,1.0399641375880213,0.953638991609401,69.10154998399923,0.9338047295135031,17.508129990031403,-47.59388501090259,0.05095677785725309,8.15347789284715e-13,0.24697813683295614,0.016,4.432727272727273,4.0,4.418181818181818,4.0,9.0,-0.3225239705023727,-0.37875977232438335,0.16885224452422726,0.14334224891513941,0.0,1.0,275,1.554312234475219e-14,290307
290308,50.768238347006175,50.839983768824396,77,38,39,291,149,142,0.2646048109965636,1.969724526447959,1.0048691571639783,0.9648553692839804,67.92541398919506,0.8821482336259099,19.129497707484624,2.0251391240973415,0.018928363016826273,-2.1316282072803006e-13,0.07074542181822621,0.001,2.030821917808219,1.0,1.8390410958904109,1.0,7.0,-0.34538630501336925,-0.37145295592786437,0.16267664896443873,0.15240719361527333,0.0,1.0,292,7.105427357601002e-15,290308
290309,50.30246601171832,50.33893974509823,56,29,27,267,145,122,0.20973782771535582,2.3342801335179826,1.166110199450338,1.1681699340676444,65.28041568803111,1.1657217087148413,26.215298375845776,11.264212105011389,0.009610327901709308,-2.0605739337042905e-13,0.03247373337990731,0.004,1.4179104477611941,2.0,-0.29850746268656714,-2.0,4.0,-0.24034716263142636,-0.23900536556370505,0.029213019856167297,0.028499247474724782,0.0,1.0,268,7.105427357601002e-15,290309
290310,43.86113642320837,44.421907441421126,70,43,27,283,134,149,0.24734982332155478,1.8864527175671377,0.935899334437411,0.9505533831297267,59.844343981167945,0.8549191997309706,14.964850407483155,-0.460318656997456,0.0027325247341692897,-3.765876499528531e-13,0.3047710182127567,0.256,3.591549295774648,16.0,-2.5985915492957745,-16.0,17.0,-0.3903161251553592,-0.38076986642843774,0.1680483002436815,0.15681829596399924,0.0,1.0,284,7.105427357601002e-15,290310
290311,66.4407048495685,66.60888737707978,66,33,33,265,135,130,0.2490566037735849,1.9361007166918205,1.0013178876222661,0.9347828290695545,57.92746150099995,0.8776888106212113,13.984273815069281,22.586006874983823,0.07969281616580544,-5.115907697472721e-13,0.16818252751127805,0.0,3.3609022556390977,0.0,3.142857142857143,0.0,9.0,-0.34769975016194404,-0.3910434633357731,0.16799506317328294,0.15191463396917568,0.0,1.0,266,0.0,290311
290312,225.72161061350147,226.1051039056543,78,41,37,296,158,138,0.2635135135135135,2.044121763421414,1.0732922895001615,0.9708294739212523,75.08306639957601,0.9626034153791796,20.64490750191939,171.57791799624627,0.08902701175155259,-1.4210854715202004e-13,0.3674932921528197,0.016,4.9966329966329965,4.0,4.30976430976431,-4.0,12.0,-0.30081262180115864,-0.3675611749104452,0.15644443773952232,0.14620021016725518,0.0,1.0,297,0.0,290312
290313,76.35496654801901,76.38685305097687,60,30,30,269,158,111,0.22304832713754646,1.9865167393910046,1.0004048242183003,0.9861119151727042,54.13298171791264,0.9022163619652107,16.14472545024356,38.36752277161848,0.031074011689587802,-2.8421709430404007e-13,0.03188650295785824,0.0,1.3962962962962964,0.0,0.9296296296296296,0.0,4.0,-0.3482945577588997,-0.3576055550521705,0.15698431631517917,0.15378501201590677,0.0,1.0,270,0.0,290313
290314,-0.17093093504144827,0.08498369384085436,97,51,46,289,159,130,0.3356401384083045,1.7070892545132386,0.8153936132919877,0.8916956412212509,76.35295281843634,0.7871438434890344,14.056763003544791,-62.230462303948414,0.019256182897062192,6.582789868758709e-13,0.23091462888230263,0.025,4.548275862068966,5.0,-4.5344827586206895,-5.0,9.0,-0.46881857975220326,-0.41911225522064344,0.1554028708575515,0.15750178808195162,0.0,1.0,290,3.9246383920499284e-14,290314
290315,77.313951913991,77.45941788055057,80,38,42,295,152,143,0.2711864406779661,1.89405141279886,0.963458136067377,0.9305932767314828,68.56192787126749,0.8570240983908436,13.729819007012246,22.643376783165568,-0.016067766870069885,-1.7053025658242404e-13,0.12946596655955822,0.016,2.864864864864865,4.0,2.47972972972973,4.0,8.0,-0.372363171941719,-0.39377271252887647,0.16170471096046574,0.16273321567947302,0.0,1.0,296,2.842170943040401e-14,290315
290316,22.79434042157148,22.906654152426825,63,30,33,281,144,137,0.22419928825622776,2.0809791571141196,1.068163750070714,1.012815407043406,62.058953645252664,0.9850627562738519,16.71385955519963,-22.397582801200443,-0.040857136425651565,-1.2079226507921703e-13,0.10331373085534322,0.009000000000000001,2.897163120567376,3.0,2.897163120567376,3.0,7.0,-0.3041535663628076,-0.3402097863016789,0.14459250359091774,0.14160211642091403,0.0,1.0,282,1.0658141036401503e-14,290316
290317,81.60462609547928,81.75559012547389,69,35,34,277,148,129,0.2490974729241877,1.946118187006922,0.9538733619675646,0.9922448250393575,58.957610380871344,0.8544581214619036,10.4583308774271,33.19387162965401,0.06243899237577309,-1.4210854715202004e-13,0.1499640299946094,0.001,3.08273381294964,1.0,-1.3992805755395683,-1.0,10.0,-0.37860709369447526,-0.3536103216825243,0.16094720665056678,0.1596982863156286,0.0,1.0,278,8.526512829121202e-14,290317
290318,71.53545876052402,71.68658560440434,65,35,30,275,139,136,0.23636363636363636,2.05987903862878,1.0026809114887556,1.0571981271400248,59.89793287075873,0.9215066595501343,16.965589123360665,28.670617114770955,0.083624742235619,-2.984279490192421e-13,0.12612684388030992,0.025,3.246376811594203,5.0,-3.246376811594203,-5.0,7.0,-0.3468118195460656,-0.3112970306569525,0.14679854988455482,0.14570376267979415,0.0,1.0,276,0.0,290318
290319,40.09310794960332,40.425200380608544,62,28,34,271,135,136,0.22878228782287824,2.2637566958658093,1.1634379686982803,1.100318727167529,68.33532658332621,1.1021826868278422,32.65790162993167,4.779160496274766,-0.0313850690614465,6.821210263296962e-13,0.29609243100521976,0.036000000000000004,5.011029411764706,6.0,4.569852941176471,6.0,10.0,-0.24208796523641324,-0.2832064726844993,0.09166206258637664,0.0868014140785522,0.0,1.0,272,2.842170943040401e-14,290319
290320,46.99111773677666,47.460406641747795,43,25,18,276,130,146,0.15579710144927536,2.2686923311634417,1.0797654464370479,1.1889268847263939,47.46868409834332,1.1039228860079842,21.253557372658186,21.165019895175945,0.08026002088681694,-9.947598300641403e-14,0.42028890497113947,0.049,5.9422382671480145,7.0,-5.9422382671480145,-7.0,10.0,-0.29659573729388344,-0.22548342186535503,0.08203725247151335,0.08757949761437166,0.0,1.0,277,1.4210854715202004e-14,290320
290321,54.87501433323268,54.91868129198761,80,41,39,271,139,132,0.2952029520295203,1.8558641939606446,0.9319672564656926,0.9238969374949522,65.92635137096639,0.8240793921370798,13.956863396959076,2.9402270115700277,0.008966306410316455,-4.263256414560601e-14,0.039666958754934166,0.004,1.5808823529411764,2.0,0.13970588235294118,-2.0,5.0,-0.39287764480365545,-0.3981349872979429,0.16440273164566496,0.16004785012084208,0.0,1.0,272,2.842170943040401e-14,290321
290322,43.74948715125248,44.25453500564083,46,26,20,279,143,136,0.16487455197132617,2.243628648253219,1.0615930427041995,1.182035605549019,49.89658335026492,1.0847083337014112,15.566774169718403,9.922420414743666,0.0023054103503119296,3.339550858072471e-13,0.4690478543883494,0.036000000000000004,6.260714285714286,6.0,-6.225,-6.0,11.0,-0.3084339992900248,-0.2299726886453381,0.09494007625611262,0.1052550860402715,0.0,1.0,280,7.105427357601002e-15,290322
290323,67.96251466007995,68.01248411420497,45,22,23,290,141,149,0.15517241379310345,2.293615336617819,1.1617311537205088,1.1318841828973103,50.01846098075842,1.1115213551279648,21.20811030766443,39.170657156862646,0.031476284248092706,2.4158453015843406e-13,0.04896945412501344,0.001,1.7525773195876289,1.0,1.0790378006872852,1.0,4.0,-0.24319985572612673,-0.26264341782119033,0.0700521603081718,0.07136979115572324,0.0,1.0,291,2.842170943040401e-14,290323
290324,41.69925549342179,41.72698348344326,64,31,33,282,148,134,0.22695035460992907,1.9803491907461923,0.9945108301816858,0.9858383605645065,55.18442571270908,0.8622566517610794,16.066823067890272,2.6068172086557966,0.0025636299687526376,-9.237055564881302e-14,0.02372799002147817,0.004,1.2968197879858658,2.0,0.40636042402826855,2.0,5.0,-0.352134151388608,-0.35778375993742956,0.14945089830637465,0.16222616294972086,0.0,1.0,283,7.105427357601002e-15,290324
290325,50.35009814311526,50.378607570915975,52,26,26,271,128,143,0.1918819188191882,2.3310894619819824,1.1697002929233156,1.1613891690586666,60.185590389610006,1.1574151998001925,23.28346952993592,13.45529431177246,0.021192399469095707,3.339550858072471e-13,0.028509427800712476,0.0,1.5,0.0,0.6544117647058824,0.0,4.0,-0.2380084259541803,-0.24342263880342738,0.03595513333416711,0.03565252438270911,0.0,1.0,272,1.4210854715202004e-14,290325
290326,20.901021556538296,20.957633370371127,46,24,22,289,140,149,0.15916955017301038,2.3385958698829135,1.174926063274956,1.1636698066079576,53.56135824273742,1.1643773531029873,22.337136485629244,-10.287391281233042,0.020802894496204344,-2.0961010704922955e-13,0.05261181383283068,0.004,1.8172413793103448,2.0,0.05862068965517241,-2.0,5.0,-0.23460414111306302,-0.2419369363491097,0.02171795697752911,0.020983833643765507,0.0,1.0,290,3.552713678800501e-15,290326
290327,58.84846254994275,59.01668604556971,68,30,38,298,145,153,0.22818791946308725,1.9650077835053612,0.9776096772579778,0.9873981062473834,60.58433922339461,0.8909461650499207,13.576098904412127,11.986735711233537,0.021710015353769877,-7.105427357601002e-14,0.10422349562695975,0.064,2.254180602006689,8.0,0.36789297658862874,8.0,10.0,-0.3631442675674618,-0.3567676765225609,0.15116412947651928,0.16467680870648665,0.0,1.0,299,5.684341886080802e-14,290327
290328,69.59681400018499,70.02287599123406,58,25,33,275,120,155,0.2109090909090909,2.19475442492394,1.121726014046446,1.073028410877494,59.00574594726058,1.0173404473665617,22.877137872431394,33.77100793531706,0.12325998108665737,1.1510792319313623e-12,0.3620619910490676,0.064,4.398550724637682,8.0,3.898550724637681,8.0,11.0,-0.26926087283844913,-0.3009845233457336,0.11617600972281068,0.1177287046197751,0.0,1.0,276,1.4210854715202004e-14,290328
290329,65.89322481223633,66.7986271866489,54,35,19,307,168,139,0.1758957654723127,2.1060621061647073,1.0000618196576119,1.1060002865070957,51.43849620664648,0.9525647445675274,14.753142571050285,30.10556510397808,0.007708447074370035,2.7000623958883807e-13,0.6494023744125784,0.256,6.873376623376624,16.0,-6.8603896103896105,-16.0,16.0,-0.34851800524086124,-0.2795052678798292,0.13464768552382192,0.14508308405477494,0.0,1.0,308,1.4210854715202004e-14,290329
290330,49.0859481081425,49.244616380917535,51,25,26,305,171,134,0.16721311475409836,2.25380858533439,1.1577490627673515,1.0960595225670389,54.48005453126912,1.068236363358218,16.367554356224826,11.180767828554586,-0.04865162268137017,2.842170943040401e-14,0.15766827277503168,0.001,3.052287581699346,1.0,3.0392156862745097,1.0,7.0,-0.24579395591721748,-0.28598109626743357,0.0958278302571745,0.09122818254983614,0.0,1.0,306,2.842170943040401e-14,290330
290331,53.91679919352596,54.076655386847875,70,36,34,263,125,138,0.2661596958174905,1.9200339306189451,0.9460296671611091,0.9740042634578359,62.74039682056097,0.896291383150871,17.262825224727024,8.616223756492724,-0.017139965478845668,5.684341886080802e-14,0.15585619332191555,0.004,3.2386363636363638,2.0,-2.140151515151515,-2.0,9.0,-0.38371680375274,-0.365492984545031,0.15516863087302799,0.16590832694484364,0.0,1.0,264,0.0,290331
290332,19.175281078399177,20.23660969789489,55,35,20,283,145,138,0.19434628975265017,2.2071676046264725,1.0554432165378356,1.1517243880886372,58.18947097156189,1.0579903813011253,19.860628079868963,-18.12553836734734,0.03330517355024386,-9.414691248821327e-13,0.8363286194957146,0.225,6.778169014084507,15.0,-6.778169014084507,-15.0,17.0,-0.31244025264309844,-0.24971868036955824,0.11507579105845885,0.10928531677897906,0.0,1.0,284,3.907985046680551e-14,290332
290333,123.79629345176822,124.31210685220208,75,41,34,277,151,126,0.27075812274368233,1.8293639352205608,0.8799296715075525,0.9494342637130082,62.86614233474318,0.838215231129909,15.711717437927502,77.20045846131913,-0.04277650593280772,8.526512829121202e-14,0.46681340043384334,0.049,5.579136690647482,7.0,-5.08273381294964,-7.0,12.0,-0.42677709880199277,-0.3814989075093454,0.16326340284076152,0.1639052454108529,0.0,1.0,278,0.0,290333
290334,57.2030328607843,57.41032516424025,52,28,24,275,131,144,0.1890909090909091,2.3210756614647194,1.1318263425308865,1.189249318933833,60.82307005302394,1.1696744240966142,23.222423426084628,19.780641955882093,0.02903658141967373,-8.242295734817162e-13,0.19129230345594933,0.016,3.6884057971014492,4.0,-3.6449275362318843,-4.0,9.0,-0.26268109744914403,-0.2252733747697533,0.04655261112441313,0.04957671487941804,0.0,1.0,276,7.105427357601002e-15,290334
290335,37.026445914002316,37.1114825901881,54,26,28,280,144,136,0.19285714285714287,2.104075264252759,1.0344873423651593,1.0695879218875999,50.56005176852487,0.9362972549726828,7.457757675718107,-5.98781459972058,-0.0029969028983438404,2.6290081223123707e-13,0.08103667618579247,0.004,2.5622775800711746,2.0,-1.309608540925267,2.0,5.0,-0.32609178341807676,-0.3032258014207738,0.13795136824960086,0.13947707347932284,0.0,1.0,281,1.4210854715202004e-14,290335
290336,12.499360314647392,12.631448373090137,62,30,32,277,136,141,0.22382671480144403,2.285163550149291,1.1624148916025807,1.1227486585467101,69.06912058010565,1.1140180738726717,27.02691799722949,-29.43520956676952,0.024455356984034286,-5.364597654988756e-13,0.1280880584427463,0.004,2.9388489208633093,2.0,2.694244604316547,2.0,8.0,-0.24275444034224872,-0.26859467954332833,0.07892322496725582,0.0726841541392694,0.0,1.0,278,7.105427357601002e-15,290336
290337,19.54502799117775,19.629028927446313,62,29,33,241,106,135,0.2572614107883817,2.07022009583776,1.0509525064641583,1.0192675893736016,59.73978143686387,0.9635448618849012,18.191032421669014,-21.925409579041453,0.005689491292649902,2.5934809855243657e-13,0.0680009362685632,0.016,2.1198347107438016,4.0,1.4173553719008265,4.0,8.0,-0.3153656885503363,-0.33600656552832303,0.15134873585870626,0.1421063645852455,0.0,1.0,242,1.0658141036401503e-14,290337
290338,82.43841025565669,82.4792160536532,57,30,27,289,157,132,0.1972318339100346,2.059775961364293,1.02830087224632,1.0314750891179731,52.62010438067902,0.9231597259768248,15.571780485374692,45.428056738298096,0.0028354200506001156,1.8474111129762605e-13,0.031805797996506076,0.009000000000000001,1.5724137931034483,3.0,-0.2827586206896552,-3.0,4.0,-0.33012190817068365,-0.32805409086309884,0.14736274962208082,0.1446737353825881,0.0,1.0,290,0.0,290338
290339,51.098431828672,51.232721944278325,95,48,47,302,151,151,0.31456953642384106,1.822910248767212,0.9409041616234237,0.8820060871437883,76.47973464903207,0.8050498384108639,11.368270637341034,-13.868458924686841,-0.010283142725869991,7.105427357601002e-15,0.1332901156063255,0.001,3.0858085808580857,1.0,3.0264026402640263,-1.0,9.0,-0.3870557719107124,-0.42542443502256116,0.1594987834905073,0.16643628978337735,0.0,1.0,303,2.842170943040401e-14,290339
290340,65.60544999755072,65.79670567237474,69,31,38,287,136,151,0.24041811846689895,1.939626886129444,0.9862709566193693,0.9533559295100746,56.67712389295173,0.8214075926514743,6.337507596220945,15.491434452666029,-0.034345077021679944,-3.836930773104541e-13,0.14225567482400828,0.049,2.5555555555555554,7.0,2.5416666666666665,7.0,9.0,-0.3575019488181497,-0.3789441707860435,0.16018373769531022,0.15916139485374217,0.0,1.0,288,2.842170943040401e-14,290340
290341,57.88636603675773,57.93095299188235,59,28,31,268,141,127,0.22014925373134328,2.0741496060300046,1.0299470913779525,1.0442025146520522,53.804074492359895,0.9119334659722016,13.676204573094488,17.803947340950135,-0.0008642683330369151,-1.4921397450962104e-13,0.035586955124622004,0.009000000000000001,1.5613382899628252,3.0,-0.31970260223048325,3.0,4.0,-0.3290494923433763,-0.31976291484567104,0.14038810847198238,0.14785532199583323,0.0,1.0,269,7.105427357601002e-15,290341
290342,48.49575291223004,48.56668817209169,56,30,26,302,146,156,0.18543046357615894,2.2164785258087965,1.0945303779056532,1.1219481479031435,58.95626520163707,1.0527904500292335,24.70876644335577,14.302210005580012,0.016979408230683474,-3.126388037344441e-13,0.054935259861648794,0.016,2.0495049504950495,4.0,-1.9174917491749175,-4.0,6.0,-0.28697724490014154,-0.269116165576137,0.10489835054367655,0.11005515447965135,0.0,1.0,303,1.4210854715202004e-14,290342
290343,53.963062667611624,54.121727433407045,68,30,38,265,143,122,0.25660377358490566,1.9675928462372787,0.9937316592601332,0.9738611869771453,60.53012717275207,0.8901489290110598,15.204804189772805,8.783829446650163,0.012575003777184679,4.405364961712621e-13,0.0946647657954243,0.064,2.4398496240601504,8.0,1.7105263157894737,8.0,9.0,-0.3526417358361426,-0.3655861905341124,0.15072857329836867,0.1641266662403407,0.0,1.0,266,0.0,290343
290344,60.90217356275674,60.999999894269806,67,33,34,256,142,114,0.26171875,1.9665471850849854,1.0045126925396914,0.9620344925452938,58.43602686584471,0.8721795054603688,14.818620761090832,17.39052413106251,-0.007930341546213481,-3.694822225952521e-13,0.09682633151306864,0.001,2.4747081712062258,1.0,2.3268482490272375,1.0,6.0,-0.3456185209423515,-0.37329059273047577,0.16074197486141492,0.15292997971766936,0.0,1.0,257,4.263256414560601e-14,290344
290345,50.78721174261543,51.00384715509858,60,35,25,258,131,127,0.23255813953488372,1.952195053007029,0.9708552807472214,0.9813397722598075,54.20127233133098,0.9033545388555164,11.359619683779986,8.103936286484156,0.05825822106322714,1.9895196601282805e-13,0.116635412483147,0.1,2.7567567567567566,10.0,-0.9806949806949807,-10.0,10.0,-0.3675443632672746,-0.36071432805305764,0.1657725824574192,0.15189919842778665,0.0,1.0,259,7.105427357601002e-15,290345
290346,53.361373154216686,53.487264004520114,56,26,30,275,143,132,0.20363636363636364,2.1568068297473606,1.1016165735339205,1.05519025621344,55.65340673085395,0.9938108344795349,11.133387803303037,8.940441848102164,0.026803228866897146,1.4210854715202004e-13,0.10989085030343258,0.016,2.9528985507246377,4.0,2.800724637681159,4.0,6.0,-0.28236100141157666,-0.31260504155263646,0.12314737002164763,0.1283276230912352,0.0,1.0,276,3.552713678800501e-14,290346
290347,85.73040540830567,85.96825742731141,68,39,29,290,148,142,0.23448275862068965,2.05951784191819,1.0166764889654656,1.042841352952724,63.076849490622855,0.9276007278032773,19.717951993732118,42.59699019566524,0.012369734755285619,1.5631940186722204e-13,0.13785201900575103,0.1,3.075601374570447,10.0,-2.374570446735395,-10.0,10.0,-0.33769451644228915,-0.3206496323681654,0.1417312987431645,0.14988314345808249,0.0,1.0,291,4.263256414560601e-14,290347
290348,63.193990579624916,63.23910274620118,59,27,32,273,131,142,0.21611721611721613,2.1753590487496095,1.0892348654192745,1.086124183330335,61.233258765882574,1.0378518434895352,22.46452009200117,24.47093110833696,-0.0005670360171025637,-7.105427357601002e-14,0.020112166576266802,0.025,1.0401459854014599,5.0,0.4416058394160584,5.0,5.0,-0.2904269626776665,-0.29245339077693905,0.12112247644039859,0.12199388254781285,0.0,1.0,274,2.1316282072803006e-14,290348
290349,29.280705109106744,29.62665519161709,53,29,24,287,145,142,0.18466898954703834,2.23148821290012,1.0849049927085839,1.146583220191536,55.1084269940554,1.0397816413972716,24.313189417912184,-1.1417129517809275,-0.02686943274559207,3.943512183468556e-13,0.3209500825103456,0.025,4.552083333333333,5.0,-4.357638888888889,-5.0,9.0,-0.29324762241606145,-0.25306785164193196,0.10265257361005646,0.10345531123498569,0.0,1.0,288,3.552713678800501e-15,290349
290350,62.41949865557544,62.56998696452996,69,36,33,277,143,134,0.2490974729241877,1.8789692991447398,0.917262162947631,0.9617071361971088,59.70053757382286,0.8652251822293168,16.125570706456617,18.96801989256859,0.027000204594816998,3.055333763768431e-13,0.14148830895452214,0.009000000000000001,3.4568345323741005,3.0,-2.7661870503597124,-3.0,6.0,-0.40245715625980344,-0.37350384631392486,0.15227050480556303,0.17235406701039643,0.0,1.0,278,2.1316282072803006e-14,290350
290351,85.0897937769467,85.19074262499235,62,30,32,273,133,140,0.2271062271062271,2.042988064526589,0.999758568883544,1.0432294956430452,58.182655855085024,0.9384299331465327,18.67217773760958,45.67695580888192,0.003308698634834699,1.5631940186722204e-13,0.09694884804564102,0.004,2.704379562043796,2.0,-2.010948905109489,2.0,7.0,-0.34871555544757726,-0.3203967800252697,0.1461218037120662,0.15112806117090463,0.0,1.0,274,2.842170943040401e-14,290351
290352,56.2393935041153,56.30151617998317,73,35,38,286,147,139,0.25524475524475526,1.6916191567020604,0.858525526599576,0.8330936301024843,58.731477998909874,0.8045407945056147,13.313230706890865,10.868252312827757,0.015016575136711258,-3.126388037344441e-13,0.053122675867868875,0.009000000000000001,1.7770034843205575,3.0,1.6306620209059233,3.0,5.0,-0.44072065183708103,-0.45728805030661357,0.15745464443524615,0.1537637144145348,0.0,1.0,287,1.4210854715202004e-14,290352
290353,15.433056893822947,15.62112159857844,63,30,33,284,139,145,0.22183098591549297,1.9326162698369556,0.97591689607795,0.9566993737590056,53.640774057683835,0.8514408580584736,13.291183346532877,-24.7299842156637,0.0015151030911008721,7.815970093361102e-14,0.17906470475549394,0.009000000000000001,3.754385964912281,3.0,2.0912280701754384,3.0,9.0,-0.36424701585579594,-0.3767661117042503,0.16160709665715853,0.1601692354108123,0.0,1.0,285,1.9539925233402755e-14,290353
290354,46.98848654756931,47.098271490297975,80,37,43,268,129,139,0.29850746268656714,1.782443211329697,0.889637229297123,0.8928059820325739,64.43409092287858,0.8054261365359823,8.061479525319742,-9.255340897723332,-0.018999009537945435,4.050093593832571e-13,0.07378494272866552,0.036000000000000004,2.200743494423792,6.0,0.6840148698884758,6.0,6.0,-0.4204531906308422,-0.4183889328895592,0.1605435207048919,0.16225573935128784,0.0,1.0,269,1.4210854715202004e-14,290354
290355,70.2558014164149,70.3103337740115,63,34,29,247,117,130,0.2550607287449393,1.9051067611166197,0.9548656591378537,0.9502411019787661,50.963507264003766,0.8089445597460915,9.553083039478869,28.876890843210013,0.023018706276680016,-8.526512829121202e-14,0.02953235759659959,0.025,1.5362903225806452,5.0,-0.16532258064516128,-5.0,5.0,-0.3779606699162786,-0.38097329939943475,0.15808770535198638,0.16200326302071,0.0,1.0,248,1.4210854715202004e-14,290355
290356,111.27450704512995,111.38175190471723,84,41,43,282,149,133,0.2978723404255319,1.7126180450942725,0.8803833329410734,0.8322347121531993,68.40631202387354,0.814360857427066,11.714214261769099,54.67646349608917,0.013190646523307235,3.126388037344441e-13,0.10324485958728366,0.004,2.833922261484099,2.0,2.706713780918728,2.0,7.0,-0.4264815648161481,-0.45784758529528674,0.16319126174981063,0.15279004123695364,0.0,1.0,283,0.0,290356
290357,-12.057526845682144,-11.757487787184914,40,16,24,256,116,140,0.15625,2.2118520939185546,1.1401152936278183,1.0717368002907364,43.27734720106942,1.0819336800267354,18.13057858949929,-36.906601089543436,0.0023446907880380783,3.5704772471945034e-13,0.23603905849722973,0.064,4.424124513618677,8.0,4.424124513618677,8.0,8.0,-0.2572813288658994,-0.30182593237162886,0.11164518752374453,0.10671554024263975,0.0,1.0,257,3.552713678800501e-14,290357
290358,61.90086547088613,61.951820318020054,67,35,32,269,154,115,0.24907063197026022,1.9941712723571805,0.9974521017319727,0.996719170625208,66.54352426455532,0.9931869293217211,17.22849885116868,12.659251673237792,-0.02245676860408871,-2.8421709430404007e-13,0.04195484713392354,0.009000000000000001,1.637037037037037,3.0,0.15555555555555556,-3.0,5.0,-0.35021808438250507,-0.3506955462854302,0.15304651415959922,0.15684070246246554,0.0,1.0,270,0.0,290358
290359,74.77393029673466,75.07747779242449,70,35,35,270,130,140,0.25925925925925924,2.0248775355050865,1.0503387039956273,0.9745388315094592,65.33874255917225,0.933410607988175,19.212699797536946,28.94448525032663,0.006949780462514931,4.263256414560601e-14,0.3035474956898266,0.0,4.760147601476015,0.0,4.214022140221402,0.0,10.0,-0.3157655450879294,-0.3651447446124986,0.15134199542791715,0.1545770830741441,0.0,1.0,271,2.842170943040401e-14,290359
290360,-24.20932362511639,-23.98115173852807,70,38,32,261,130,131,0.2681992337164751,1.8380437195124333,0.9418249181070601,0.8962188014053734,56.81379285579314,0.8116256122256162,11.43888314989236,-69.33795097587621,-0.018110468553068852,4.334310688136611e-13,0.192171886588321,0.036000000000000004,3.8435114503816794,6.0,1.5916030534351144,-6.0,9.0,-0.3864559527206827,-0.41616567995755,0.15640100837095694,0.17049497662929225,0.0,1.0,262,3.552713678800501e-15,290360
290361,81.62049948111161,81.69616221964958,49,24,25,265,135,130,0.18490566037735848,2.1659572197647767,1.0595287440006202,1.1064284757641563,48.262224154741396,0.9849433500967631,18.379282255303437,51.84412327293544,-0.030902952723241423,-5.826450433232822e-13,0.07466273853796022,0.001,2.255639097744361,1.0,-2.180451127819549,1.0,6.0,-0.3097787695939714,-0.27922632753250176,0.12066970765468005,0.1281725264269341,0.0,1.0,266,1.4210854715202004e-14,290361
290362,23.54728553516431,23.633664983335706,51,26,25,265,141,124,0.19245283018867926,2.203384782976175,1.0878007035178399,1.115584079458335,56.41764353347294,1.106228304577901,25.165605226720047,-7.599083826595372,-0.01928949682183698,2.1316282072803006e-14,0.08537944817139612,0.001,2.3909774436090228,1.0,-1.9398496240601504,-1.0,6.0,-0.2913612355775903,-0.27326198528818946,0.11552459648321631,0.11083932204269917,0.0,1.0,266,2.4868995751603507e-14,290362
290363,58.03037559102574,58.093543760265504,51,24,27,260,126,134,0.19615384615384615,2.3416230216189287,1.1642703811190407,1.1773526404998882,59.40094878184241,1.1647244859184787,23.27581369423288,21.976852297736617,-0.00844362508110812,4.618527782440651e-13,0.05416816923976743,0.009000000000000001,1.9693486590038314,3.0,-0.022988505747126436,3.0,5.0,-0.24154569705490694,-0.2330233674650138,0.01464306713811454,0.01609395961194769,0.0,1.0,261,1.4210854715202004e-14,290363
290364,50.1254696739198,50.186323856738,43,21,22,273,145,128,0.1575091575091575,2.332539517071185,1.1764153505384507,1.1561241665327346,49.217965498456586,1.144603848801316,17.009568599815623,17.969543873657283,0.008383084440126212,-3.694822225952521e-13,0.0598541828182025,0.001,1.813868613138686,1.0,1.2153284671532847,1.0,6.0,-0.23363395725230623,-0.246852481119755,0.0333006579078692,0.030958347506837593,0.0,1.0,274,4.263256414560601e-14,290364
290365,68.50384107968355,68.52733154905889,48,23,25,256,135,121,0.1875,2.291422203139222,1.147145509793314,1.1442766933459083,53.568593114821184,1.1160123565587747,25.45437726052994,40.39991322447687,0.013202470290720544,5.684341886080802e-14,0.019490469375327696,0.004,1.0622568093385214,2.0,0.0038910505836575876,2.0,3.0,-0.25270155273500683,-0.2545704194640585,0.07304101413031455,0.07065919434199334,0.0,1.0,257,1.4210854715202004e-14,290365
290366,73.13720350057673,73.26286262925862,72,37,35,309,153,156,0.23300970873786409,2.162336768739734,1.0694342341669145,1.0929025345728196,69.69642482777672,0.9680059003857878,26.575271962441292,30.136394815583444,0.005314948340604032,-8.526512829121202e-13,0.12165912868188254,0.004,2.9064516129032256,2.0,-1.770967741935484,-2.0,6.0,-0.30332592001431796,-0.2880376899654197,0.12973502911057042,0.12198248217708602,0.0,1.0,310,1.4210854715202004e-14,290366
290367,41.378687093931745,41.500362955354376,49,27,22,269,135,134,0.1821561338289963,2.179773930449526,1.0734695418842408,1.1063043885652852,49.76832677581802,1.0156801382820004,16.829583652439606,8.576644372707523,-0.015024540731688893,1.2789769243681803e-13,0.0966758614226337,0.025,2.6703703703703705,5.0,-2.3074074074074074,-5.0,6.0,-0.3006971522026938,-0.2793071631111186,0.12219269974187674,0.11892671827219208,0.0,1.0,270,2.1316282072803006e-14,290367
290368,9.8035925697574,9.900191031476425,42,19,23,284,133,151,0.14788732394366197,2.160956173748533,1.0698573408605678,1.0910988328879652,43.075220761304905,1.0256004943167834,18.013642236804284,-15.163983973264092,0.002596480239839615,5.5067062021407764e-14,0.08059846171902404,0.016,2.5789473684210527,4.0,-0.22105263157894736,4.0,6.0,-0.3030502906608541,-0.2892126964985177,0.12571296095726128,0.12521293434734962,0.0,1.0,285,3.552713678800501e-15,290368
290369,67.2613723860799,67.35517573153601,62,33,29,262,121,141,0.2366412213740458,1.9916317514150104,0.9926024710200104,0.999029280395,54.48402600329402,0.8787746129563552,14.642798147901939,27.50800268909026,0.0059451870536318865,4.263256414560601e-14,0.07780334545610948,0.016,2.2433460076045626,4.0,-1.049429657794677,-4.0,5.0,-0.3533773361687161,-0.3491906443970128,0.15480603495424733,0.1546698296335053,0.0,1.0,263,1.4210854715202004e-14,290369
290370,36.52361540629632,36.71853534023455,68,30,38,285,144,141,0.23859649122807017,2.0560881907187962,1.0546656031274764,1.0014225875913196,64.99349675588141,0.955786716998256,14.723988876758357,-13.582786014001385,0.031813475113302334,-4.192202140984591e-13,0.13091993393823384,0.064,3.2552447552447554,8.0,3.199300699300699,8.0,8.0,-0.31294682246285793,-0.34763154423372084,0.15303780129885766,0.14170065649085384,0.0,1.0,286,7.105427357601002e-15,290370
290371,18.765805617585993,19.12321215870952,50,20,30,267,119,148,0.18726591760299627,2.2350400518256923,1.1468794882176045,1.0881605636080878,53.72103166952703,1.0744206333905406,20.63979840713671,-13.919914253548551,-0.038106850131742434,-5.044853423896711e-13,0.2574065411235245,0.1,4.108208955223881,10.0,4.100746268656716,10.0,11.0,-0.2528748502886028,-0.2911268077004124,0.10214844423036844,0.0993596464804639,0.0,1.0,268,7.105427357601002e-15,290371
290372,28.324099160861778,28.448314361438037,66,34,32,296,156,140,0.22297297297297297,2.1108823938794137,1.0246801436556363,1.0862022502237778,65.09720035460704,0.9863212174940461,25.861596038617765,-10.788944036576057,0.0016540820246574361,1.5631940186722204e-13,0.1202152005762587,0.004,3.212121212121212,2.0,-3.2053872053872055,-2.0,7.0,-0.332480601841789,-0.2924025347453771,0.13693708511267422,0.1375610811318282,0.0,1.0,297,2.4868995751603507e-14,290372
290373,48.54791867929049,48.61465397708582,66,31,35,302,150,152,0.2185430463576159,2.109138527662398,1.0644783291397641,1.0446601985226338,58.92242966928659,0.8927640858982817,19.770981196907513,9.451209909658544,0.011995595048248353,-4.973799150320701e-14,0.050735297795331806,0.016,1.867986798679868,4.0,1.4917491749174918,4.0,4.0,-0.3065544033235104,-0.3194647604764963,0.1353423799638512,0.13765763676143716,0.0,1.0,303,1.4210854715202004e-14,290373
290374,51.656498560232514,51.972044688138226,59,24,35,316,151,165,0.18670886075949367,2.239615565140228,1.1214568326302616,1.1181587325099664,61.77701674970198,1.0470680805034234,19.142245315067942,9.344008489390028,-0.006735235886439171,6.039613253960852e-13,0.19454612790570988,0.121,3.410094637223975,11.0,1.4921135646687698,11.0,11.0,-0.2694362288439682,-0.2715847488684809,0.10012249014000983,0.09885185535893626,0.0,1.0,317,7.105427357601002e-15,290374
290375,49.90909577408383,49.98041186232152,46,22,24,250,121,129,0.184,2.29559509366506,1.1280120791162138,1.1675830145488464,51.638790486181385,1.1225824018735084,20.281166738546336,18.58898300586332,0.033805108823064985,7.815970093361102e-14,0.06731608823768609,0.004,2.270916334661355,2.0,-2.191235059760956,2.0,5.0,-0.2651658677794214,-0.23938770942620746,0.0667860772554454,0.06709548716273385,0.0,1.0,251,2.1316282072803006e-14,290375
290376,61.413932352938595,61.458937441373365,64,33,31,280,142,138,0.22857142857142856,2.306563166541158,1.1402137980192868,1.1663493685218709,72.70039521622925,1.135943675253582,30.703669894779356,19.462437747108055,-0.0002256271846281774,3.552713678800501e-14,0.04100508843477608,0.004,1.690391459074733,2.0,-1.5480427046263345,-2.0,5.0,-0.2572171589954118,-0.24019135791941412,0.05923434151104485,0.06239179238893421,0.0,1.0,281,1.4210854715202004e-14,290376
290377,104.23631427356376,104.40423303643718,62,34,28,300,157,143,0.20666666666666667,2.2305316202513663,1.1183642907572988,1.1121673294940675,66.86573543894936,1.0784796038540219,29.364137375538302,66.88768386079255,0.014951112233561091,1.4210854715202004e-14,0.1319187628734137,0.036000000000000004,3.1129568106312293,6.0,-0.8205980066445183,-6.0,8.0,-0.2714508396496915,-0.2754877987714764,0.10635264253408054,0.10023145355003507,0.0,1.0,301,1.4210854715202004e-14,290377
290378,-33.66783523206652,-32.78565398091973,72,30,42,252,117,135,0.2857142857142857,1.895611326289556,1.0052890636317773,0.8903222626577788,61.78800071067701,0.8581666765371807,15.390279756196232,-79.15732316746166,-0.026051767938869447,1.4210854715202004e-14,0.7381812511467881,0.14400000000000002,7.596837944664031,12.0,7.5810276679841895,12.0,14.0,-0.34511276042054845,-0.42000693131816363,0.1626611134945184,0.1609170778541212,0.0,1.0,253,7.105427357601002e-15,290378
290379,51.13348131683226,51.43843525325792,108,59,49,323,161,162,0.33436532507739936,1.7184586538766569,0.862070052045906,0.8563886018307507,81.22313330475755,0.7520660491181255,11.890529603850064,-17.896359299683905,0.0021908520346792665,-3.339550858072471e-13,0.20495393642566256,0.1,3.7191358024691357,10.0,-0.7006172839506173,-10.0,11.0,-0.438411600073621,-0.442112733790096,0.14686618559375564,0.16969465920392882,0.0,1.0,324,1.4210854715202004e-14,290379
290380,61.39705408932683,61.595985518445104,84,46,38,310,153,157,0.2709677419354839,1.811449693109269,0.9089914658036639,0.9024582273056051,68.6708681130887,0.8175103346796274,11.821028356059536,4.758639287979497,-0.01249352656346617,-9.237055564881302e-14,0.13493142911827763,0.064,3.1768488745980705,8.0,-0.6045016077170418,-8.0,8.0,-0.4078450334564804,-0.41210105759947746,0.15760883709540383,0.1682362224799734,0.0,1.0,311,4.973799150320701e-14,290380
290381,89.65335824348942,89.74007205715726,59,30,29,294,148,146,0.20068027210884354,2.1111530830812217,1.0777503400705244,1.0334027430106973,57.53592896650828,0.9751852367204793,15.967470680622197,48.12118731188929,0.0504264593820635,-1.7053025658242404e-13,0.08571381366784256,0.001,2.3966101694915256,1.0,2.1728813559322036,-1.0,6.0,-0.2979084616570271,-0.3267983366901551,0.13322806823606057,0.1402652446986884,0.0,1.0,295,5.684341886080802e-14,290381
290382,30.74922277037616,30.832383532568898,61,31,30,293,150,143,0.20819112627986347,2.134128989382588,1.0514938269688106,1.0826351624137776,61.229586463693266,1.0037637125195618,20.749746047785457,-9.629796728392742,-0.017660154945972548,-1.9895196601282805e-13,0.082160762192736,0.001,2.3537414965986394,1.0,-2.0272108843537415,-1.0,7.0,-0.31501304978816946,-0.2947262845738982,0.13248703625873406,0.13089678474673097,0.0,1.0,294,3.552713678800501e-15,290382
290383,16.254086707243285,16.307679548385067,68,32,36,268,128,140,0.2537313432835821,1.8802194054345676,0.942147279122949,0.9380721263116185,57.18763315324087,0.8409946051947186,13.690555081722282,-27.193243185889933,0.0038446627564976865,-8.526512829121202e-14,0.037592841141784454,0.016,1.5353159851301115,4.0,0.27137546468401486,4.0,5.0,-0.38624595330511047,-0.3889006778734206,0.16487198618852036,0.15816198351564134,0.0,1.0,269,3.552713678800501e-15,290383
290384,71.17691418166775,71.56047927360467,67,32,35,249,125,124,0.26907630522088355,1.869703413991183,0.9905936129537425,0.8791098010374405,57.26798977042687,0.8547461159765205,12.493388448137027,26.797540641098607,-0.0116626897833405,-4.405364961712621e-13,0.3745650919369139,0.009000000000000001,6.116,3.0,6.116,3.0,10.0,-0.3546859901283758,-0.42731119663356104,0.1659390196528292,0.15955784323930228,0.0,1.0,250,2.842170943040401e-14,290384
290385,77.07470574708032,77.23166286287528,83,39,44,275,126,149,0.3018181818181818,1.7744813907716346,0.8843715279181392,0.8901098628534952,65.47211803312041,0.7888206991942218,10.454402645477892,22.243439650805442,-0.029492175572837145,1.7053025658242404e-13,0.13195711579495556,0.025,3.2572463768115942,5.0,0.33695652173913043,5.0,9.0,-0.42388348820920674,-0.42014529741259965,0.16967482163512398,0.15368454987289257,0.0,1.0,276,1.4210854715202004e-14,290385
290386,65.4575583063862,65.62084333789306,71,37,34,243,118,125,0.29218106995884774,1.8517322796175226,0.9139278658873187,0.9378044137302038,59.95638388545532,0.844456111062751,12.24586959449438,17.929305964523536,-0.018976917590719237,-6.821210263296962e-13,0.15428503150685643,0.009000000000000001,2.987704918032787,3.0,-2.25,-3.0,9.0,-0.4046292564812832,-0.3890750770186871,0.16995509149762464,0.1560933443038194,0.0,1.0,244,2.842170943040401e-14,290386
290387,6.6488349389864965,7.292844474814601,64,32,32,281,153,128,0.2277580071174377,2.1232752681052363,0.9934246586146203,1.1298506094906158,65.50919793254961,1.0235812176960877,24.15629682070317,-33.98788569822218,-0.07217093880935699,-3.055333763768431e-13,0.6440095358281045,0.0,6.98581560283688,0.0,-6.98581560283688,0.0,15.0,-0.3528417288655726,-0.26396817238479897,0.12291313504853668,0.15115285277992627,0.0,1.0,282,3.197442310920451e-14,290387
290388,-20.008646973079898,-19.871169940688787,81,37,44,279,142,137,0.2903225806451613,1.8294391612169716,0.9080860022935668,0.921353158923405,64.74054683815996,0.7992660103476538,14.732486405742975,-69.82416655818027,-0.0550638149255681,6.394884621840902e-14,0.08847703239110977,0.049,2.4035714285714285,7.0,-0.010714285714285714,7.0,7.0,-0.4084348901654801,-0.39979211079315297,0.1644518587008525,0.16039942408767371,0.0,1.0,280,3.552713678800501e-15,290388
290389,71.10398936834746,71.22156357298218,68,34,34,288,154,134,0.2361111111111111,2.0587532415765555,1.0313696547007258,1.0273835868758292,64.93234293852335,0.9548873961547552,21.692719700449832,27.99992156791214,-0.017981233003884756,3.979039320256561e-13,0.11757420463472779,0.0,2.913494809688581,0.0,-1.0034602076124568,0.0,9.0,-0.32812277524151906,-0.33071946613278597,0.14645146484898108,0.1477899430568194,0.0,1.0,289,1.4210854715202004e-14,290389
290390,130.5610315557549,130.68705295642303,69,37,32,285,153,132,0.24210526315789474,2.0674753626212996,1.027837519864487,1.0396378427568127,67.2144133418941,0.9741219324912188,22.25608072580351,85.70834022451307,0.0203801158194029,-2.842170943040401e-14,0.10102140066810449,0.025,2.4510489510489513,5.0,-1.367132867132867,-5.0,7.0,-0.3304237552445947,-0.32273653256937374,0.1481967408299956,0.14332157908796528,0.0,1.0,286,5.684341886080802e-14,290390
290391,15.786219423956016,15.945044001380069,60,29,31,282,132,150,0.2127659574468085,2.072572701763957,1.066162542206923,1.0064101595570334,57.609078265406,0.9601513044234333,13.755774289963018,-27.907631631929647,-0.0006283421333374473,6.927791673660977e-14,0.15482457742405265,0.004,3.636042402826855,2.0,3.5159010600706715,2.0,6.0,-0.30545723666138574,-0.34438243175951366,0.14805050480551438,0.1402710928709809,0.0,1.0,283,4.263256414560601e-14,290391
290392,31.89445890135022,32.16271876950486,50,29,21,261,135,126,0.19157088122605365,2.2310553616492355,1.0937860660953693,1.1372692955538666,54.445665040822874,1.0889133008164575,23.50597370531096,1.1969037174463955,0.026123716546374534,1.8474111129762605e-13,0.2042598681546434,0.064,3.683206106870229,8.0,-3.599236641221374,-8.0,9.0,-0.28746212066817295,-0.25913533075443596,0.10797917054229694,0.09647734616865998,0.0,1.0,262,1.4210854715202004e-14,290392
290393,61.85765834298751,61.89879491609213,73,37,36,267,127,140,0.27340823970037453,2.005775327736783,0.9925666982821534,1.0132086294546296,65.2009781082523,0.893164083674689,19.06963315598496,15.788598752068388,-0.02114878824353709,-6.394884621840902e-14,0.040136573104616324,0.001,1.6567164179104477,1.0,-1.5,-1.0,5.0,-0.35340064002269667,-0.3399536248166468,0.15501541493075455,0.15213867478701057,0.0,1.0,268,1.4210854715202004e-14,290393
290394,-30.56382584718396,-29.865229752722882,84,44,40,289,151,138,0.2906574394463668,2.056232791089028,0.9626219417964936,1.0936108492925343,81.02597157266194,0.9645948996745469,26.41015594771564,-84.59956007158816,0.11851469391814008,8.277822871605167e-13,0.6825960944610802,0.016,7.906896551724138,4.0,-7.906896551724138,-4.0,15.0,-0.37290790377818417,-0.2875762642040854,0.1478483748826187,0.14859775703212172,0.0,1.0,290,2.1316282072803006e-14,290394
290395,52.68928001179427,52.85699540316955,85,44,41,294,146,148,0.2891156462585034,1.8469533330369217,0.9551713556796277,0.8917819773572939,69.73344032142323,0.8203934155461556,11.34382199111816,-5.48927277632047,-0.04335015081521019,1.5631940186722204e-13,0.15871539137528,0.009000000000000001,3.5728813559322035,3.0,3.328813559322034,-3.0,8.0,-0.37776152643443406,-0.4190560122594351,0.1528001893129437,0.17130411734724416,0.0,1.0,295,2.842170943040401e-14,290395
290396,8.190498432645265,8.31305263889567,56,31,25,299,147,152,0.18729096989966554,2.183063565488911,1.0991308302133351,1.0839327352755757,58.78499634844934,1.0497320776508812,23.605943703695843,-26.804489358547674,-0.06151064731045354,3.0020430585864233e-13,0.08655420625040555,0.036000000000000004,2.47,6.0,-0.21,-6.0,7.0,-0.2839803183229127,-0.293880991473279,0.12236448077697185,0.11704179615295666,0.0,1.0,300,0.0,290396
290397,-36.07857602704333,-35.95785289200221,65,32,33,253,123,130,0.25691699604743085,1.9253683708727638,0.9847661347398194,0.9406022361329444,55.41928899246983,0.8526044460379973,14.741242901880414,-76.67522415180824,0.03932516921686256,-2.4868995751603507e-13,0.11972313504112723,0.001,2.8503937007874014,1.0,2.779527559055118,1.0,7.0,-0.3584822525759534,-0.38725245877240416,0.16243440362984443,0.15740876887370273,0.0,1.0,254,2.1316282072803006e-14,290397
290398,56.183679866160716,56.61447699327209,58,33,25,236,115,121,0.2457627118644068,1.9643272555803768,0.9572288173230665,1.0070984382573103,51.33452729878763,0.8850780568756488,14.819724401904336,20.144195253846465,-0.044521157457049015,-6.181721801112872e-13,0.36679712711137824,0.064,5.253164556962025,8.0,-4.341772151898734,-8.0,10.0,-0.37642121007672463,-0.3439340582972012,0.14862405206621343,0.16674440955978742,0.0,1.0,237,4.973799150320701e-14,290398
290399,51.394975461632725,51.48982788089489,81,39,42,281,159,122,0.28825622775800713,1.7623145714417037,0.8802852736895331,0.8820292977521705,65.15551977544146,0.8043891330301415,10.98114195716256,-2.699629806821141,0.015079869436934781,2.0605739337042905e-13,0.08585241926216897,0.009000000000000001,1.9609929078014185,3.0,0.599290780141844,3.0,8.0,-0.426545444703913,-0.42540931466384774,0.15521662792538202,0.16662635196349682,0.0,1.0,282,7.105427357601002e-15,290399
290400,58.34870291307238,58.47135800722015,62,34,28,267,141,126,0.23220973782771537,2.0031677454477452,1.0119879893005477,0.9911797561471974,55.51022874486799,0.895326270078516,16.411777885733024,19.416181779314222,-0.043274631229077744,3.552713678800501e-14,0.08665509414776588,0.036000000000000004,2.541044776119403,6.0,0.31716417910447764,-6.0,7.0,-0.34074880074160746,-0.3543041519965925,0.14945081556398868,0.15776390047922878,0.0,1.0,268,7.105427357601002e-15,290400
290401,47.4942188375314,47.551519592048635,47,23,24,288,133,155,0.16319444444444445,2.159721936435722,1.0659234467686622,1.0937984896670603,46.54048937522758,0.9902231781963314,19.6843775632678,20.70928253091123,-0.013874750822143053,-2.3447910280083306e-13,0.05630075451724103,0.001,1.7508650519031141,1.0,-1.5778546712802768,1.0,5.0,-0.3056129934056132,-0.28745402743522763,0.12705062562401523,0.12456826283925007,0.0,1.0,289,1.4210854715202004e-14,290401
290402,-4.863552724880113,-4.580418515599263,57,26,31,272,130,142,0.20955882352941177,2.1642594840533618,1.1219057341704195,1.042353749882942,55.89596296922775,0.9806309292846974,19.771384986107364,-40.68082776693495,-0.024168731785106444,4.014566457044566e-13,0.2581342092808498,0.025,4.157509157509158,5.0,4.106227106227106,5.0,10.0,-0.26914379565125496,-0.320967277352014,0.12632517229497303,0.1264130800691954,0.0,1.0,273,3.552713678800501e-15,290402
290403,48.09345589586892,48.175322343603455,80,41,39,296,158,138,0.2702702702702703,2.01884525680841,1.007738422970212,1.0111068338381979,74.90241848182615,0.9362802310228269,22.630137513488005,-4.1051828245112185,0.008224199776346268,1.9184653865522705e-13,0.07786644773453778,0.004,2.410774410774411,2.0,-0.7811447811447811,-2.0,5.0,-0.3435171455532281,-0.34132282217410415,0.15513620677477052,0.15073225330723605,0.0,1.0,297,1.4210854715202004e-14,290403
290404,37.881795601694506,37.91944904820562,55,27,28,279,150,129,0.1971326164874552,2.2503718320409933,1.1345382090656044,1.1158336229753885,59.74786879960376,1.086324887265523,29.454935993753583,7.628641390967923,-0.0021251486124673016,-1.4210854715202004e-14,0.03665344651111995,0.001,1.5035714285714286,1.0,0.5821428571428572,1.0,4.0,-0.2609144744416145,-0.2730994222295127,0.0978416358339358,0.0899135880850397,0.0,1.0,280,1.4210854715202004e-14,290404
290405,89.19635416859239,89.23549831792224,67,32,35,291,150,141,0.23024054982817868,2.1330156095555917,1.0624024800517846,1.0706131295038073,64.79102928921522,0.9670302878987346,25.235058845078935,49.699040003228724,-0.019512129442537045,-2.4158453015843406e-13,0.030144149329837173,0.009000000000000001,1.4143835616438356,3.0,-0.017123287671232876,3.0,4.0,-0.30790669802977044,-0.3025579384049877,0.13007627042134803,0.13352946092386297,0.0,1.0,292,2.842170943040401e-14,290405
290406,72.42657522775286,72.56026245693533,98,52,46,281,140,141,0.3487544483985765,1.5791271628758088,0.7771371011908025,0.8019900616850062,70.42756688117916,0.7186486416446853,5.367994545904416,7.477473795219515,0.023216326441228202,-1.4210854715202004e-13,0.09768722918247359,0.036000000000000004,2.5319148936170213,6.0,-1.900709219858156,-6.0,8.0,-0.4937404679058182,-0.47755021250342966,0.13284448439533864,0.1436995824582945,0.0,1.0,282,2.842170943040401e-14,290406
290407,61.980828899884095,62.056384604407015,63,30,33,260,131,129,0.2423076923076923,1.9887024610705795,0.9836614903443471,1.0050409707262322,57.58273494720085,0.9140116658285848,16.839827325728702,21.29421804544226,0.019258937491899573,7.105427357601002e-13,0.06655570452291715,0.009000000000000001,1.9310344827586208,3.0,-0.5900383141762452,3.0,6.0,-0.3592018640240815,-0.34527437849036446,0.14998148713566142,0.1625723712542682,0.0,1.0,261,2.1316282072803006e-14,290407
290408,41.27225197872557,41.32024269327226,50,26,24,265,133,132,0.18867924528301888,2.0161905041491157,1.0089732428979103,1.0072172612512056,44.87316105613255,0.8974632211226511,8.210125968695003,4.6942484189297,-0.03704081309496767,-2.1316282072803006e-14,0.043990714546695085,0.004,1.4924812030075187,2.0,-0.34210526315789475,-2.0,6.0,-0.34271273233211225,-0.34385665204134247,0.15040728018981636,0.154810118913233,0.0,1.0,266,0.0,290408
290409,50.549866863259325,50.775908547610584,77,42,35,276,155,121,0.27898550724637683,1.8782670427973467,0.9079332863060532,0.9703337564912934,61.146309335837536,0.7941079134524356,7.140874864508836,-3.201655286196967,-0.0278706375212301,8.526512829121202e-14,0.17704168435125825,0.049,3.6895306859205776,7.0,-3.588447653429603,-7.0,7.0,-0.408534375731494,-0.36788410592706666,0.16350401164944803,0.16127328325375564,0.0,1.0,277,7.105427357601002e-15,290409
290410,69.06585292629431,69.19293942774394,67,32,35,308,149,159,0.21753246753246752,2.161417090884748,1.09530266492817,1.066114425956578,68.23077495056008,1.0183697753814938,22.59944521182789,23.627464957992373,-0.06585526898068604,7.105427357601002e-14,0.11808650144961823,0.009000000000000001,2.9158576051779934,3.0,2.0097087378640777,3.0,6.0,-0.2864741449116542,-0.305488581594407,0.12400209142670209,0.12764610146870592,0.0,1.0,309,8.526512829121202e-14,290410
290411,59.135335524839654,59.31372519070305,72,33,39,278,144,134,0.2589928057553957,1.8235764725668495,0.902963016629285,0.9206134559375644,59.67544931386385,0.8288256849147757,12.65482339617416,12.33278877367208,-0.039689500658920816,2.0605739337042905e-13,0.14238966586339596,0.036000000000000004,3.283154121863799,6.0,0.021505376344086023,6.0,8.0,-0.41177221677278125,-0.40027398418065,0.1586239356899281,0.16792789295396596,0.0,1.0,279,2.1316282072803006e-14,290411
290412,76.34756891098434,76.59717204397805,57,25,32,280,147,133,0.20357142857142857,2.223027506836241,1.1285806713393893,1.094446835496852,60.84435654398812,1.0674448516489143,25.260339186397996,41.03176797126905,-0.01861328488042247,-7.105427357601002e-13,0.20060313299370744,0.049,3.398576512455516,7.0,2.9359430604982206,7.0,10.0,-0.26479546308195395,-0.2870316679108615,0.10578096801689489,0.10649028597155877,0.0,1.0,281,1.4210854715202004e-14,290412
290413,59.84687043630516,59.93299216928838,60,30,30,298,153,145,0.20134228187919462,2.1306609867794326,1.0759095713095215,1.054751415469911,58.51165281581071,0.9751942135968452,18.52640488755679,19.950523243668187,-0.002779002634395649,6.679101716144942e-13,0.08612173298322276,0.0,2.3812709030100336,0.0,0.4882943143812709,0.0,6.0,-0.2991076152300728,-0.3128909207226602,0.1325485570065612,0.13353219020179158,0.0,1.0,299,7.105427357601002e-15,290413
290414,58.39028416116784,58.567085730673625,73,34,39,260,134,126,0.28076923076923077,1.749697876950646,0.8957281714338139,0.853969705516832,57.30515690072951,0.7850021493250617,6.106949174908709,7.412291180820699,-0.04341317596853003,6.608047442568932e-13,0.15180156950578846,0.025,3.2298850574712645,5.0,3.1226053639846745,5.0,10.0,-0.4164852967915069,-0.4436885037722427,0.16364734464685615,0.15550177060068443,0.0,1.0,261,7.105427357601002e-15,290414
290415,16.40548887725239,16.575075047943926,57,30,27,273,139,134,0.2087912087912088,2.0944190621776655,1.0105900427641836,1.0838290194134819,52.98840415274758,0.9296211254867996,11.405930823852373,-24.92262908042129,-0.0847692005301966,2.0961010704922955e-13,0.1605861706915328,0.009000000000000001,3.605839416058394,3.0,-3.591240875912409,-3.0,7.0,-0.34165948144171554,-0.2939485563131685,0.1333907589422715,0.14986181289064876,0.0,1.0,274,3.552713678800501e-15,290415
290416,61.469695557273,61.578977046780835,70,32,38,329,152,177,0.2127659574468085,2.091301721743123,1.0515991284582846,1.0397025932848383,68.76960345665877,0.9824229065236967,20.047886656980808,12.850322243901545,0.00693800320154552,-2.2026824808563106e-13,0.07328148950783593,0.036000000000000004,2.0454545454545454,6.0,1.5121212121212122,6.0,8.0,-0.31494445200444715,-0.32269435137384045,0.13926247546063059,0.14295654716664158,0.0,1.0,330,1.4210854715202004e-14,290416
290417,32.4913642957189,32.523172391265774,43,22,21,290,158,132,0.1482758620689655,2.3224182083346854,1.155802717745875,1.1666154905888104,49.650825601472754,1.1546703628249477,16.58770573902193,-0.5436216020606673,0.003674130875695624,-7.105427357601002e-14,0.030808095546870525,0.001,1.4398625429553265,1.0,-0.2852233676975945,-1.0,4.0,-0.24706188627127798,-0.2400179949016363,0.04536351620276666,0.0452674294854046,0.0,1.0,291,7.105427357601002e-15,290417
290418,35.36439707049613,35.434810145943516,68,36,32,261,137,124,0.26053639846743293,1.8242896718614776,0.9052431484919095,0.919046523369568,52.03570898898677,0.7652310145439231,6.050865566663614,-10.537034158409012,-0.012999117970823445,1.9895196601282805e-13,0.05441307544738456,0.016,2.0419847328244276,4.0,-1.3625954198473282,-4.0,5.0,-0.4102868437438564,-0.40129474943234306,0.1616765521733086,0.16175099234231377,0.0,1.0,262,2.1316282072803006e-14,290418
290419,10.376145327832731,10.429566383834029,49,24,25,270,143,127,0.1814814814814815,2.2348999330488977,1.1003194977390258,1.1345804353098718,51.68539280158684,1.054803934726262,18.62267071714806,-22.604397292692788,-0.028758407912047534,8.171241461241152e-14,0.052421056001298316,0.001,2.03690036900369,1.0,-1.6900369003690037,1.0,6.0,-0.2832059707020754,-0.2608869665042997,0.10354648098316954,0.0986363421750709,0.0,1.0,271,3.552713678800501e-15,290419
290420,25.636906670483633,26.070931472995426,71,32,39,287,132,155,0.24738675958188153,1.9729433785979487,1.0309524771639529,0.9419909014339957,61.219416699264656,0.8622453056234458,16.930274906811626,-18.172549514357264,-0.04566080510067767,3.339550858072471e-13,0.3850248025117917,0.049,5.645833333333333,7.0,5.645833333333333,7.0,10.0,-0.3283945420948109,-0.3863478242562185,0.16029291762233336,0.1533296435597978,0.0,1.0,288,2.1316282072803006e-14,290420
290421,11.241666744465082,11.407476207285583,58,28,30,326,156,170,0.17791411042944785,2.193379118385422,1.1203939409676045,1.0729851774178174,59.93405967039692,1.0333458563861537,22.866667945840163,-25.703911339386018,0.043995822114731395,1.1368683772161603e-13,0.16180946282050165,0.004,3.36085626911315,2.0,3.2079510703363914,2.0,8.0,-0.2701286408198972,-0.3010126874251898,0.11271984724690468,0.11945952064419235,0.0,1.0,327,1.7763568394002505e-15,290421
290422,13.043499162009383,13.156928495389877,57,27,30,277,142,135,0.20577617328519857,2.1186801227101144,1.0633710012185131,1.0553091214916013,54.10607311615929,0.9492293529150753,19.074208088145962,-21.936501151609487,0.06156461898619679,-1.5987211554602254e-13,0.1044293333804943,0.009000000000000001,2.91726618705036,3.0,0.9316546762589928,3.0,6.0,-0.30727576293229536,-0.3125276077510439,0.1335582899545255,0.13891629549561194,0.0,1.0,278,0.0,290422
290423,44.17204650799064,44.209960980662615,57,29,28,272,143,129,0.20955882352941177,2.1227476846323663,1.0641249600535165,1.0586227245788498,55.49817796888157,0.9736522450680978,20.86871116400902,9.593169773219607,-0.012675597429681615,1.4210854715202004e-13,0.03691447267197087,0.001,1.5824175824175823,1.0,0.3956043956043956,-1.0,5.0,-0.30678460268985935,-0.3103689884470294,0.13464348576325452,0.13322551958284587,0.0,1.0,273,7.105427357601002e-15,290423
290424,50.75965114062539,50.92797796671158,77,36,41,290,149,141,0.2655172413793103,2.0681648154447996,1.0597869245327498,1.0083778909120498,76.47371380222212,0.993165114314573,24.290220303565313,-1.2863020640934508,0.03078653214878626,-5.684341886080801e-13,0.14332682608619776,0.025,3.106529209621993,5.0,3.0859106529209623,5.0,7.0,-0.3096105800233135,-0.3431005694554863,0.1481799763849224,0.14402360692015556,0.0,1.0,291,0.0,290424
290425,57.44595299475628,57.914579828643355,62,26,36,277,129,148,0.22382671480144403,2.0416390569566594,1.0575577406263077,0.9840813163303518,57.3049192320088,0.9242728908388516,15.986261760402844,16.55744200661506,0.038480350423093605,-7.602807272633072e-13,0.3686268338870682,0.1,5.467625899280575,10.0,5.467625899280575,10.0,12.0,-0.3110627634278867,-0.35892837186045984,0.14548010213279958,0.1526679359526139,0.0,1.0,278,2.1316282072803006e-14,290425
290426,51.72194277713835,52.02157674642842,63,37,26,293,155,138,0.2150170648464164,2.0912286526805057,1.04421948629548,1.0470091663850256,59.28473872875585,0.9410275988691404,17.493098966659115,10.22574658807789,0.004190396254241001,-4.405364961712621e-13,0.17863396929006803,0.121,2.945578231292517,11.0,-1.3877551020408163,-11.0,12.0,-0.3197518588090371,-0.31793454480528954,0.14181431997170518,0.1415622921504379,0.0,1.0,294,4.263256414560601e-14,290426
290427,70.76742170033657,70.85331773985911,57,31,26,281,143,138,0.20284697508896798,2.172294081066669,1.079589706836586,1.0927043742300828,58.65659457578682,1.029063062733102,16.541010630898118,28.72551960806922,0.012214186901470159,-2.8421709430404007e-13,0.0608960395225367,0.025,2.0106382978723403,5.0,-0.776595744680851,-5.0,5.0,-0.29671022140198167,-0.28816677988049305,0.12440080189810679,0.12281553960849394,0.0,1.0,282,4.263256414560601e-14,290427
290428,123.02437761995321,124.32428562352311,73,30,43,307,143,164,0.23778501628664495,1.9580711900250678,1.046653563893705,0.9114176261313627,67.51017865388702,0.924796967861466,14.058722280509876,70.81878724309044,0.05404200705484571,6.821210263296962e-13,1.1309080035698968,0.169,9.136363636363637,13.0,9.136363636363637,13.0,17.0,-0.3181661991048867,-0.40626453139268215,0.15533395218264315,0.1643268966778307,0.0,1.0,308,0.0,290428
290429,147.66657126643943,148.05849643719858,76,40,36,299,151,148,0.25418060200668896,2.030782556850635,0.9663666325062318,1.064415924344403,70.93912053297367,0.933409480697022,24.247910332120657,101.36139194674645,0.005894289598808766,2.8421709430404007e-13,0.37592517075916965,0.016,5.74,4.0,-5.74,-4.0,14.0,-0.3704684560106739,-0.3065950564109149,0.15440639481931995,0.14774099265480026,0.0,1.0,300,2.842170943040401e-14,290429
290430,96.82092345535565,97.15606346024833,72,32,40,262,129,133,0.2748091603053435,1.765357387377243,0.9158091675869943,0.8495482197902487,59.17913498205434,0.8219324303063104,16.66733483320976,54.63917602446409,0.005087286939710575,-5.684341886080802e-14,0.2711400048926847,0.064,4.376425855513308,8.0,4.376425855513308,8.0,10.0,-0.4034036980608373,-0.44656884405154573,0.16547045756626286,0.15651727221907719,0.0,1.0,263,4.263256414560601e-14,290430
290431,69.72497910825665,69.75398224303324,55,28,27,283,142,141,0.19434628975265017,2.057313092580474,1.0382986323200076,1.0190144602604663,51.53709902005423,0.9370381640009859,14.646111451376484,32.86106742100467,0.0019272533510276103,-2.1316282072803006e-13,0.028003134776589538,0.001,1.3169014084507042,1.0,0.8873239436619719,-1.0,4.0,-0.3236089501235915,-0.33617146439388906,0.15193497024650005,0.14201887828238638,0.0,1.0,284,1.4210854715202004e-14,290431
290432,70.02323112704686,70.05003049095754,66,34,32,280,142,138,0.2357142857142857,1.9618754289848164,0.9841484052529967,0.9777270237318195,56.62335259702353,0.8579295848033869,14.227959586043122,27.664960774163724,-0.010323294186551847,-5.684341886080802e-14,0.022799363910678876,0.004,1.217081850533808,2.0,0.10676156583629894,-2.0,4.0,-0.3588846673371072,-0.3630678231783716,0.15874286247718672,0.1565359744366442,0.0,1.0,281,8.526512829121202e-14,290432
290433,35.602907406776495,35.654040159897846,57,29,28,263,133,130,0.21673003802281368,1.9157572923628345,0.9586384272851762,0.9571188650776583,49.55032670773089,0.8693039773286121,12.261881690763268,-1.642909864812697,0.008505007743042935,-1.2079226507921703e-13,0.05013275312135263,0.001,1.7840909090909092,1.0,-0.29924242424242425,-1.0,5.0,-0.37550293133445434,-0.37649283755690494,0.15585971509677837,0.16461686214077828,0.0,1.0,264,2.842170943040401e-14,290433
290434,77.47310848789076,77.57697932840495,80,38,42,300,156,144,0.26666666666666666,2.08084344034204,1.0544158257187726,1.0264276146232676,76.47318495820572,0.9559148119775716,26.984241130795652,28.05047341115789,0.03756208983682553,1.7053025658242404e-13,0.08787084051417983,0.016,2.3322259136212624,4.0,1.813953488372093,4.0,8.0,-0.3131095378883147,-0.3313422263439966,0.14790515536820134,0.1389319019041008,0.0,1.0,301,1.4210854715202004e-14,290434
290435,46.05207864750222,46.10412693036906,58,30,28,278,142,136,0.20863309352517986,2.0419274714632096,1.0130757429117585,1.028851728551451,55.70596277339705,0.9604476340240871,12.05439193471186,2.4340155640298757,0.018540527654016883,-2.1316282072803006e-14,0.04804828286684112,0.004,1.7598566308243728,2.0,-0.8494623655913979,-2.0,5.0,-0.3400401926550783,-0.32976305739022327,0.14365724021680115,0.1545190157342842,0.0,1.0,279,7.105427357601002e-15,290435
290436,11.118187581508613,11.761484644808888,70,29,41,302,148,154,0.23178807947019867,2.0810278069785495,1.085059236495067,0.9959685704834824,68.80016203688193,0.9828594576697418,26.18117797770133,-30.80993238396861,-0.04756703040370639,6.092903959142859e-13,0.49929706330027634,0.14400000000000002,6.465346534653466,12.0,6.135313531353136,12.0,12.0,-0.2931471415780551,-0.35118451853493016,0.1405783823795089,0.14610612440665846,0.0,1.0,303,1.0658141036401503e-14,290436
290437,41.87368579043,42.09246069825008,78,37,41,318,160,158,0.24528301886792453,1.9146233888080728,0.9908631544539852,0.9237602343540877,64.39231878899047,0.8255425485768009,12.05281405883958,-10.228537606496767,-0.018506425403913382,-1.2789769243681803e-13,0.2027749078200766,0.016,3.8808777429467085,4.0,3.8808777429467085,4.0,8.0,-0.3545103995490775,-0.39822404142754786,0.15655044590020098,0.165383575281222,0.0,1.0,319,2.842170943040401e-14,290437
290438,85.3529808751594,85.59446662882573,81,38,43,329,169,160,0.24620060790273557,1.9418911944006898,0.9991504769993547,0.942740717401335,70.01461215620125,0.8643779278543364,16.01969880702956,31.581071737854526,0.018481541798548887,9.521272659185342e-13,0.21648575366631828,0.025,4.084848484848485,5.0,3.696969696969697,5.0,8.0,-0.349111691872267,-0.38585936285063116,0.16642751514577223,0.15238914431090608,0.0,1.0,330,9.947598300641403e-14,290438
290439,19.291402719567717,19.625040849828338,54,23,31,311,151,160,0.17363344051446947,2.2633163192496233,1.1709169774022488,1.0923993418473745,59.69781247145958,1.10551504576777,27.868807647409486,-12.2384437100384,0.03447973581668397,-3.907985046680551e-14,0.2696381302606213,0.064,4.733974358974359,8.0,4.733974358974359,8.0,9.0,-0.2372158269210519,-0.2883654907014127,0.08901609331207444,0.08611747112069369,0.0,1.0,312,7.105427357601002e-15,290439
290440,135.95912331569193,136.54840951304482,45,18,27,254,131,123,0.17716535433070865,2.0778988993713083,1.0873047340651234,0.9905941653061846,42.92411131368884,0.9538691403041965,11.822311239073716,105.35804551674066,0.08856392168847255,5.684341886080801e-13,0.5082861973529105,0.081,6.533333333333333,9.0,6.43921568627451,9.0,12.0,-0.29168433077235106,-0.35468563030294953,0.14486642143622225,0.14391534341555817,0.0,1.0,255,5.684341886080802e-14,290440
290441,36.153158991018294,36.17299819326276,65,32,33,272,126,146,0.23897058823529413,1.9322427312288308,0.9617828284562552,0.9704599027725758,58.92536596300331,0.9065440917385125,17.07207626025033,-5.674368752438731,-0.005922757051350598,-1.3500311979441904e-13,0.01883920224446598,0.001,1.0146520146520146,1.0,-0.25274725274725274,1.0,5.0,-0.3734545372182198,-0.36780192897625585,0.15929709325162336,0.16187638388467232,0.0,1.0,273,7.105427357601002e-15,290441
290442,43.378628668859555,43.42240850986167,67,33,34,282,139,143,0.2375886524822695,2.146013014948739,1.087977889251562,1.0580351256971772,67.73125292667396,1.0109142227861785,29.865998017873917,5.564569633065818,-0.00741603200384223,-3.481659405224491e-13,0.042779841002113995,0.001,1.646643109540636,1.0,1.3003533568904593,1.0,4.0,-0.29124580939794925,-0.31075177487485367,0.12952170655940726,0.12839764357094874,0.0,1.0,283,2.842170943040401e-14,290442
290443,73.29214323843158,73.33837943931695,57,27,30,270,139,131,0.2111111111111111,2.2354658054959944,1.1190313159534964,1.1164344895424982,61.03093997736235,1.0707182452168833,25.802879521022348,38.121215596388886,-0.010896613412064061,1.1368683772161603e-13,0.03723620088537755,0.009000000000000001,1.2915129151291513,3.0,0.14760147601476015,3.0,5.0,-0.27101631160669304,-0.27270799267782897,0.09952750071117479,0.10152279739383112,0.0,1.0,271,4.263256414560601e-14,290443
290444,64.4471354617669,64.65574178611473,81,43,38,259,136,123,0.3127413127413127,1.79961457750587,0.870558491933568,0.929056085572302,64.61661918783453,0.7977360393559818,9.161631813432631,9.236164329769302,-0.035409918056314986,-1.5631940186722204e-13,0.18360632434781418,0.025,3.773076923076923,5.0,-3.726923076923077,-5.0,8.0,-0.4328818761688522,-0.3947741029859713,0.16488473266104112,0.15852337892868165,0.0,1.0,260,2.842170943040401e-14,290444
290445,107.85647030282695,107.96089922696484,54,27,27,289,148,141,0.18685121107266436,2.169666761619034,1.0891364022750338,1.080530359344,55.060424538433885,1.0196374914524793,24.38074253787449,77.30384856497321,-0.022631338568076486,3.126388037344441e-13,0.10442892413789698,0.0,2.5448275862068965,0.0,1.0620689655172413,0.0,7.0,-0.2904911056779886,-0.29609744111194447,0.11730421118210732,0.13114985674699767,0.0,1.0,290,0.0,290445
290446,59.057936508815004,59.289551783456204,78,41,37,280,140,140,0.2785714285714286,1.8172046784789195,0.8908446964215996,0.9263599820573198,61.65894212298763,0.7904992579870209,10.897889198316834,8.548542786386525,-0.020043927600944585,-1.7763568394002505e-13,0.21561527464120436,0.016,4.238434163701068,4.0,-2.8576512455516014,-4.0,9.0,-0.4196665961669824,-0.396530457304766,0.16452988489611894,0.1633673102614315,0.0,1.0,281,2.842170943040401e-14,290446
290447,-21.642359982720055,-21.28714243233776,80,39,41,283,134,149,0.2826855123674912,1.8499521585901937,0.9710918546737044,0.8788603039164892,67.94384050653278,0.8492980063316597,14.71632090265868,-74.59991754849047,0.08525551227832698,2.8066438062523957e-13,0.3512175503822955,0.004,5.014084507042254,2.0,4.788732394366197,2.0,10.0,-0.36739024914102386,-0.42747372946788104,0.16970931329524144,0.15858132924360702,0.0,1.0,284,3.552713678800501e-15,290447
290448,56.487527413054345,56.79692386679608,67,28,39,260,121,139,0.25769230769230766,1.884220463090175,0.9647027700190781,0.9195176930710971,56.51176289440538,0.8434591476776923,12.765334155110054,13.012521658468078,0.037973469032553886,1.2789769243681803e-13,0.18839645374173383,0.121,3.3409961685823757,11.0,3.3409961685823757,11.0,11.0,-0.3715523654558988,-0.40098780983022214,0.15892312408804368,0.16497918588523988,0.0,1.0,261,2.842170943040401e-14,290448
290449,55.58547717301356,55.605967443026984,54,27,27,275,134,141,0.19636363636363635,2.0988837665954856,1.057596023689301,1.0412877429061849,52.512589060525805,0.9724553529727001,12.878648151166812,15.977679920922123,-0.005653387254295829,1.7053025658242404e-13,0.020490270013425488,0.0,1.2282608695652173,0.0,0.7789855072463768,0.0,3.0,-0.31103782424337384,-0.3216617187735281,0.14060424339486638,0.1378055033277353,0.0,1.0,276,7.105427357601002e-15,290449
290450,-30.41874296196259,-29.97574704552926,73,31,42,298,128,170,0.24496644295302014,2.121919661535527,1.0740950760122348,1.0478245855232924,74.57406917697116,1.0215625914653583,20.92141595502464,-83.66076516506833,0.032364897593064795,-5.222489107836736e-13,0.32199591643333186,0.121,4.147157190635451,11.0,3.1638795986622075,11.0,12.0,-0.30028965317264905,-0.3174033467570073,0.12860603837912635,0.1438004940557074,0.0,1.0,299,2.1316282072803006e-14,290450
290451,57.739617433885,57.78710791795311,48,26,22,283,144,139,0.1696113074204947,2.2439003795028265,1.1138177052185492,1.1300826742842773,50.65234541160734,1.055257196075153,14.373012861653917,21.512012266857642,-0.004236898857823956,-1.2789769243681803e-13,0.0314904840681063,0.016,1.4612676056338028,4.0,-1.3204225352112675,-4.0,5.0,-0.2744126751661627,-0.2638169956958028,0.09640252241028519,0.09636355072449235,0.0,1.0,284,2.1316282072803006e-14,290451
290452,56.70975812280294,56.80549013386984,65,32,33,273,149,124,0.23809523809523808,2.0903414956099295,1.0697619605304394,1.0205795350794904,64.9102117171657,0.9986186418025491,25.565948934568294,17.460759080018782,0.0004682712527059806,9.521272659185342e-13,0.09473201106690424,0.001,2.8576642335766422,1.0,2.835766423357664,1.0,6.0,-0.3031124253874391,-0.33515190935738637,0.13951670629094592,0.14308242981750846,0.0,1.0,274,1.4210854715202004e-14,290452
290453,141.83018691462922,142.1449111158862,41,24,17,265,133,132,0.15471698113207547,2.268952497636049,1.097460979500921,1.171491518135128,45.62277156450782,1.1127505259636055,20.88276703305261,117.4124156266153,-0.007509042184659355,3.410605131648481e-13,0.26572420125697394,0.049,4.609022556390977,7.0,-4.518796992481203,-7.0,9.0,-0.2850681287479185,-0.2368415471161762,0.08310450048255738,0.08801117512808208,0.0,1.0,266,5.684341886080802e-14,290453
290454,63.46714458167747,63.51623580027092,47,23,24,279,133,146,0.16845878136200718,2.315963126386814,1.144964007161009,1.1709991192258047,54.01096451646554,1.1491694577971392,17.352516633635446,26.862127304261474,-0.004339386820682066,3.552713678800501e-14,0.048091218593445915,0.001,1.5,1.0,-1.1857142857142857,1.0,5.0,-0.25412267456820725,-0.23716231630999726,0.05148578241536229,0.05053123914037162,0.0,1.0,280,7.105427357601002e-15,290454
290455,58.05010754751446,58.15168014988228,58,27,31,288,152,136,0.2013888888888889,2.0333572662853094,1.0345533349403726,0.9988039313449368,51.65998358335978,0.8906893721268928,11.713906481244909,18.200157658973286,0.005445388794029595,9.947598300641403e-14,0.08557260236782385,0.016,2.2698961937716264,4.0,2.2145328719723185,4.0,5.0,-0.3260487931011837,-0.3493374461704297,0.15111716985809293,0.15017687175938618,0.0,1.0,289,2.1316282072803006e-14,290455
290456,49.31567815076283,49.41836341432699,56,28,28,286,137,149,0.1958041958041958,2.2566649237034686,1.1495497293736205,1.1071151943298485,63.42436896349328,1.132578017205237,31.975885915801964,17.951175380724706,0.018704985911300622,-3.268496584496461e-13,0.10268526356416445,0.0,2.5505226480836236,0.0,1.5121951219512195,0.0,7.0,-0.2511353437894901,-0.2787789704069506,0.09512059408672977,0.08898043717835745,0.0,1.0,287,7.105427357601002e-15,290456
290457,51.06634490350426,51.15823973091176,54,25,29,261,130,131,0.20689655172413793,2.142355772090941,1.0636311573282882,1.0787246147626532,56.09489173155739,1.038794291325137,20.61058962466156,15.692029915082768,-0.018092291066616053,-2.2026824808563106e-13,0.07589482740750347,0.016,2.354961832061069,4.0,0.003816793893129771,4.0,6.0,-0.3071062863879324,-0.2972737784730534,0.12961072274178684,0.13145933783353903,0.0,1.0,262,7.105427357601002e-15,290457
290458,56.554058348297524,57.34997474908096,79,47,32,300,151,149,0.2633333333333333,2.1694084194093053,1.0539205445104243,1.1154878748988806,79.01461581878436,1.000185010364359,34.044053705172935,12.345703337892218,0.03370929757793755,-6.252776074688882e-13,0.5709164007834298,0.225,5.98671096345515,15.0,-5.647840531561462,-15.0,16.0,-0.31343218473197904,-0.2733246569521464,0.12626181475788417,0.12118940770332369,0.0,1.0,301,2.842170943040401e-14,290458
290459,118.84203821317654,119.1140671231409,47,19,28,274,151,123,0.17153284671532848,2.292950429919648,1.136990052963339,1.1559603769563092,52.93390633480144,1.126253326272371,20.103385376057886,86.29557657996268,-0.012030415565928931,5.968558980384842e-13,0.19102890996436547,0.081,3.4509090909090907,9.0,0.6727272727272727,9.0,12.0,-0.25931724102870374,-0.2469591804836082,0.07260815474832606,0.07067044252928795,0.0,1.0,275,2.842170943040401e-14,290459
290460,30.892345602887243,31.21113407516839,62,28,34,270,132,138,0.22962962962962963,2.1923111699763043,1.1252404402380718,1.0670707297382322,65.56856026916668,1.0575574236962368,22.659564697606232,-11.67349984466348,-0.024361651729074462,4.902744876744691e-13,0.28278847228114296,0.036000000000000004,4.276752767527675,6.0,3.715867158671587,6.0,10.0,-0.26697142898532966,-0.3048656054113143,0.12566919782590083,0.10885850260110967,0.0,1.0,271,3.552713678800501e-14,290460
290461,49.50749642947291,49.60963123976188,80,38,42,269,135,134,0.29739776951672864,1.8038994443063396,0.9049531567840284,0.8989462875223113,64.60644678574526,0.8075805848218158,9.643262596051985,-5.361425208705461,0.007872258773942254,1.2079226507921703e-13,0.08613481028897689,0.016,2.1185185185185187,4.0,0.9925925925925926,4.0,7.0,-0.41047575644165224,-0.4143888817024694,0.1609381932114905,0.16250140213534964,0.0,1.0,270,3.552713678800501e-14,290461
290462,48.94815060152597,49.00702128093634,58,29,29,284,135,149,0.20422535211267606,2.158029463345762,1.0925406125807884,1.065488850764974,56.03100241811331,0.9660517658295398,14.862563098194824,7.8422733316993005,-0.0036913706818135954,3.694822225952521e-13,0.05887067941037402,0.0,1.9403508771929825,0.0,1.0,0.0,5.0,-0.28827346105144835,-0.3058961073750013,0.12569328833503896,0.12544618653432107,0.0,1.0,285,7.105427357601002e-15,290462
290463,39.96903533328666,40.04752808143411,63,33,30,275,139,136,0.2290909090909091,2.197888632900858,1.0854378348497105,1.1124507980511469,66.10468812439248,1.0492807638792458,22.819272348413982,-3.2151302580137453,-0.02275743653109096,4.476419235288631e-13,0.06949274814744548,0.009000000000000001,1.923913043478261,3.0,-1.894927536231884,-3.0,6.0,-0.2929005068136366,-0.2753031355262776,0.11316896045745546,0.11562166169192951,0.0,1.0,276,7.105427357601002e-15,290463
290464,88.67291355662618,88.78132321351455,73,37,36,286,150,136,0.25524475524475526,1.8649982607594449,0.916194605248417,0.948803655511028,60.807252902363714,0.8329760671556673,11.413792660113023,39.40279236509212,-0.01492939382784557,-4.121147867408581e-13,0.10740965688836658,0.001,2.264808362369338,1.0,-2.097560975609756,-1.0,9.0,-0.4031526078866269,-0.3819097120028897,0.16651421478180692,0.15915249937577436,0.0,1.0,287,1.4210854715202004e-14,290464
290465,30.552697417554842,31.513287153134115,42,15,27,246,105,141,0.17073170731707318,2.172349056527244,1.1539051466091088,1.0184439099181348,43.79418596497038,1.0427187134516758,14.59365940984338,2.3395858842316812,-0.0268252862278318,3.2649438708176604e-12,0.8165897355792758,0.14400000000000002,8.214574898785425,12.0,8.214574898785425,12.0,14.0,-0.24829804328185154,-0.3365431446918723,0.13164468967611692,0.11444652423942195,0.0,1.0,247,2.842170943040401e-14,290465
290466,33.83552038744681,33.86149936370336,46,22,24,258,127,131,0.17829457364341086,2.265602085966135,1.1425301066043148,1.1230719793618205,51.17147597103671,1.1124233906747112,24.196305487627203,6.890329331032734,-0.004000450738918729,3.552713678800501e-14,0.021978976256550826,0.004,1.166023166023166,2.0,1.0810810810810811,2.0,3.0,-0.25570821894011786,-0.2683840548744979,0.08543658663067173,0.08642211227573321,0.0,1.0,259,0.0,290466
290467,59.20385682264807,59.24258365991285,69,34,35,286,134,152,0.24125874125874125,2.1063677678895907,1.0550584868192523,1.0513092810703386,67.61021088447974,0.979858128760576,17.14413963653351,8.800962745115774,-0.024450333148836368,-3.197442310920451e-13,0.03772683726478744,0.001,1.4982578397212543,1.0,0.662020905923345,1.0,5.0,-0.31269088163380543,-0.31513327068621555,0.1370823599031297,0.13994734209066947,0.0,1.0,287,1.4210854715202004e-14,290467
290468,56.8002478129034,56.97198918526283,77,40,37,269,135,134,0.2862453531598513,1.891311141270294,0.914373834683608,0.9769373065866862,63.46633639887134,0.8242381350502772,13.816680826646179,7.3268316536592994,-0.004498040621765281,1.2789769243681803e-13,0.16274137235943062,0.009000000000000001,3.7074074074074073,3.0,-3.7074074074074073,-3.0,9.0,-0.4043387338002893,-0.36358227787596503,0.16232875911859532,0.16287693348126164,0.0,1.0,270,0.0,290468
290469,51.899674566938934,51.951569016917944,58,30,28,250,127,123,0.232,1.9897366607246898,0.9826283101700248,1.007108350554665,52.35676241160208,0.9027028002000358,14.823930663265196,14.393450460244322,0.02528680833698176,-2.4158453015843406e-13,0.04789444997901185,0.004,1.8047808764940239,2.0,-1.6135458167330676,-2.0,5.0,-0.35987492069686194,-0.34392760101313513,0.15469315978162182,0.15448392291873836,0.0,1.0,251,2.1316282072803006e-14,290469
290470,-35.931067116301975,-35.34657471417904,55,21,34,269,122,147,0.20446096654275092,2.0456612576752318,1.0630217878931274,0.9826394697821041,49.878345579267084,0.9068790105321288,17.514272168175214,-67.76577740747831,0.05512928220729193,1.1368683772161603e-13,0.4154924021229355,0.169,5.607407407407408,13.0,5.592592592592593,13.0,13.0,-0.3075032550626284,-0.3598676508599425,0.15300955229606392,0.14425794838666087,0.0,1.0,270,1.4210854715202004e-14,290470
290471,20.364744799441482,20.442073811827072,61,33,28,262,142,120,0.23282442748091603,2.020615216771789,0.9948705290645713,1.0257446877072172,56.37348323762159,0.9241554629118294,18.130743350933553,-17.76578385603865,-0.034882218822380295,5.684341886080802e-14,0.05232901238559197,0.025,2.140684410646388,5.0,-2.064638783269962,-5.0,5.0,-0.35189982852863155,-0.33178711343077144,0.1485994552685388,0.1534465508685258,0.0,1.0,263,3.907985046680551e-14,290471
290472,16.27099348536811,16.314439402956452,61,30,31,304,155,149,0.20065789473684212,2.1541027165298585,1.069766405820223,1.0843363107096355,60.2632527843967,0.9879221767933885,15.157687081011147,-28.802371855989485,0.01124555556075946,-3.730349362740526e-13,0.042445917588343485,0.001,1.839344262295082,1.0,-0.9344262295081968,1.0,5.0,-0.303109529540203,-0.2936180855972134,0.1260975015735622,0.12802988356304768,0.0,1.0,305,3.552713678800501e-15,290472
290473,78.07747483533167,78.23191363614805,79,38,41,280,146,134,0.28214285714285714,1.7893263788625233,0.9219406339478087,0.8673857449147144,60.338662747897,0.7637805411126202,5.841778839026111,23.73856967444564,-0.003539947168675516,1.9895196601282805e-13,0.14543880081637958,0.009000000000000001,3.4234875444839856,3.0,3.3523131672597866,3.0,8.0,-0.3994094050511211,-0.4349487359529969,0.15420825896432108,0.168547172987285,0.0,1.0,281,0.0,290473
290474,76.42945809857308,76.48561458911654,63,32,31,271,149,122,0.23247232472324722,1.9394328835587762,0.9535648313426942,0.985868052216082,55.369114646214804,0.8788748356542032,18.90119566962375,39.972480066010796,0.045215546514440416,2.4158453015843406e-13,0.05515649054345507,0.001,1.7904411764705883,1.0,-1.4227941176470589,-1.0,6.0,-0.3788080834162943,-0.3577644175567727,0.1643567420938091,0.15377348461139126,0.0,1.0,272,7.105427357601002e-14,290474
290475,52.45592608262537,53.157741551867844,44,26,18,259,135,124,0.16988416988416988,2.2599521216960423,1.0715620015098668,1.188390120186176,48.40265006374584,1.1000602287214962,22.008860390591522,26.633775802499702,0.13017607621515848,-1.3287149158713873e-12,0.6378154692424777,0.064,6.615384615384615,8.0,-6.615384615384615,-8.0,12.0,-0.30193980359059136,-0.22583309268220234,0.0850807157901515,0.096283702447672,0.0,1.0,260,1.4210854715202004e-14,290475
290476,29.023493875154728,29.164452962890493,65,30,35,323,140,183,0.20123839009287925,2.1395963719336915,1.0743848272271865,1.0652115447065051,65.34710977137915,1.00534015032891,23.796673623323766,-12.433970142804732,0.047986957639551665,2.913225216616411e-13,0.11595908773576735,0.025,2.787037037037037,5.0,1.5030864197530864,5.0,7.0,-0.3001008971419817,-0.3060767561114889,0.1330040479786219,0.12855085399675,0.0,1.0,324,3.552713678800501e-15,290476
290477,62.56185409469312,62.7439608974305,69,30,39,270,135,135,0.25555555555555554,1.6667261381866163,0.8426849292001509,0.8240412089864655,51.646737700960934,0.7485034449414628,7.935613790541654,19.04454121338607,-0.01170422637508528,2.3447910280083306e-13,0.10110680273737993,0.081,2.3653136531365315,9.0,1.5977859778597785,9.0,9.0,-0.45103987789801275,-0.46318517511444035,0.15196991076629612,0.15291029489352725,0.0,1.0,271,2.1316282072803006e-14,290477
290478,-7.895719709656333,-7.776300276781797,37,21,16,263,133,130,0.14068441064638784,2.3384271940531582,1.160225188093392,1.1782020059597662,42.80485245425994,1.1568879041691875,22.15462295645593,-28.455928657325497,0.029398882740098695,-4.0323300254385686e-13,0.09441943287453615,0.025,2.321969696969697,5.0,-1.7159090909090908,-5.0,7.0,-0.2441809045688156,-0.23247005536649684,0.023559157966809324,0.022766922011112266,0.0,1.0,264,8.881784197001252e-16,290478
290479,40.135060749902024,40.395284517733785,79,44,35,290,148,142,0.27241379310344827,1.9406435445934596,0.965273304224863,0.9753702403685965,69.46451208161172,0.8792976212862242,13.928093127369753,-15.123023711676337,-0.018110724831342122,-4.973799150320701e-13,0.17922376783175967,0.081,3.2714776632302405,9.0,-1.8144329896907216,-9.0,10.0,-0.37118069566993467,-0.36460313019290486,0.15527915297846737,0.16412474889015752,0.0,1.0,291,2.1316282072803006e-14,290479
290480,61.361708327307504,61.60792518626329,65,37,28,281,152,129,0.2313167259786477,2.091727606842791,1.0493092646321476,1.0424183422106432,59.30960101205109,0.9124554001854014,18.74487857348587,21.040344909434527,0.0028578382633560532,1.8474111129762605e-13,0.16521685895578314,0.081,3.095744680851064,9.0,-0.7978723404255319,-9.0,10.0,-0.316436164840449,-0.32092519921477264,0.1473088292111162,0.13560615734508596,0.0,1.0,282,2.842170943040401e-14,290480
290481,59.22838847477984,59.288972715982425,61,28,33,281,147,134,0.21708185053380782,2.0795335998283924,1.0490943611521475,1.030439238676245,58.28579297327476,0.9555048028405698,22.49471317774617,23.471799625224893,0.026093295228518734,4.263256414560601e-13,0.03558424120258356,0.025,1.4539007092198581,5.0,1.3546099290780143,5.0,6.0,-0.31657616193370747,-0.3287288870594782,0.14372542332017016,0.14431428835463703,0.0,1.0,282,1.4210854715202004e-14,290481
290482,64.63517446142538,64.71969299229801,71,35,36,267,123,144,0.26591760299625467,1.9331861353580877,0.975130233725475,0.9580559016326128,60.14961216181982,0.8471776360819693,11.565679604429238,16.116687639685015,0.019072795222056082,3.552713678800501e-13,0.08351853087261688,0.001,2.014925373134328,1.0,1.5223880597014925,1.0,8.0,-0.36475948053399704,-0.3758824128491673,0.15698346576736003,0.16442232451417926,0.0,1.0,268,1.4210854715202004e-14,290482
290483,77.86693889205064,78.02058763738495,59,31,28,304,149,155,0.19407894736842105,2.0993041841013724,1.078153068872573,1.0211511152287995,55.932860432987006,0.9480145836099493,14.276064897032537,36.379226305005915,-0.015434203575518498,8.526512829121202e-14,0.1446487453343076,0.009000000000000001,3.4098360655737703,3.0,2.3475409836065575,-3.0,8.0,-0.29764610731237773,-0.3347795582001708,0.14944705329279256,0.13027437839759498,0.0,1.0,305,4.263256414560601e-14,290483
290484,54.43216664230854,54.537288034312326,74,35,39,270,132,138,0.2740740740740741,2.0046377713345502,0.9925216257107062,1.0121161456238439,69.5780321920475,0.9402436782709122,18.87151341241462,3.8591778767180456,-0.02840862203853647,-6.394884621840902e-14,0.08912139200379092,0.016,2.4760147601476015,4.0,-0.5276752767527675,4.0,6.0,-0.35343000217629345,-0.34066531436556485,0.15048058243503615,0.1554375321879443,0.0,1.0,271,7.105427357601002e-15,290484
290485,42.14105179861126,42.36378423615247,72,31,41,276,135,141,0.2608695652173913,1.9957203764234053,0.9938057917730541,1.0019145846503514,66.12818444780022,0.9184470062194475,14.580568872314567,-9.173577876706787,-0.01025346262642898,2.842170943040401e-14,0.12273243754120865,0.1,2.4620938628158844,10.0,0.628158844765343,10.0,10.0,-0.3525934428242058,-0.3473110368219462,0.15323584581300756,0.15658966722592232,0.0,1.0,277,1.4210854715202004e-14,290485
290486,48.16775356335875,48.31313689213121,61,32,29,258,128,130,0.2364341085271318,1.972034430880765,1.013973925360644,0.958060505520121,52.805211242672044,0.8656592006995417,13.39596662277499,8.946132798033478,-0.04224052579969875,3.836930773104541e-13,0.136383328772457,0.009000000000000001,3.4633204633204633,3.0,2.111969111969112,-3.0,8.0,-0.33945507913313877,-0.375879413684757,0.15881335792858942,0.15729566549805105,0.0,1.0,259,0.0,290486
290487,126.52746091833475,127.13746149618453,73,40,33,305,150,155,0.23934426229508196,2.1772316346797735,1.0417543972447685,1.135477237435005,74.51341577851879,1.020731722993408,21.70294114037304,74.39728801447505,-0.0703011564362424,-2.842170943040401e-14,0.5610005778497742,0.049,6.470588235294118,7.0,-5.888888888888889,-7.0,15.0,-0.32135772066722323,-0.2603027521828439,0.13704221630346047,0.10942721914252068,0.0,1.0,306,9.947598300641403e-14,290487
290488,28.477514539506455,28.5716008691673,66,35,31,267,143,124,0.24719101123595505,2.0120919907505725,1.0163502982792754,0.9957416924712975,61.12011472932873,0.9260623443837687,17.762522663594034,-14.785717579307779,-0.000273617259615925,-7.105427357601002e-15,0.0780863296608469,0.016,2.1641791044776117,4.0,0.417910447761194,-4.0,7.0,-0.33790701066488027,-0.351332316338066,0.15506951896805526,0.15131519464186616,0.0,1.0,268,1.0658141036401503e-14,290488
290489,62.665562836379806,62.81367172580917,67,34,33,278,144,134,0.24100719424460432,2.095292010079281,1.0792154294932481,1.0160765805860332,66.85635823645184,0.9978560930813707,27.21742203290486,23.144299008102067,0.030436514160009285,1.2079226507921703e-13,0.14710888942936828,0.001,3.2222222222222223,1.0,3.057347670250896,-1.0,8.0,-0.2969540412793512,-0.338085321790541,0.14768051840249338,0.13595030184736154,0.0,1.0,279,2.1316282072803006e-14,290489
290490,154.9933935490688,155.38983385774134,66,28,38,282,150,132,0.23404255319148937,1.9787663168513288,1.0112992909701612,0.9674670258811673,57.85161818653954,0.8765396694930233,15.023268000339954,112.5057710420774,0.05571262946500868,-6.536993168992922e-13,0.2964403086725533,0.1,3.8763250883392226,10.0,3.812720848056537,10.0,13.0,-0.3411974475684819,-0.36975161385468763,0.15204790415832378,0.16150391512798024,0.0,1.0,283,0.0,290490
290491,5.43122246474352,5.545391045688007,63,35,28,278,144,134,0.22661870503597123,1.8874185783462194,0.9318998930344397,0.9555186853117799,55.598499335659504,0.8825158624707857,16.939627569041996,-33.12788632236811,0.014405601438004121,6.066258606551855e-13,0.0651685809444866,0.049,2.150537634408602,7.0,-1.7132616487455197,-7.0,7.0,-0.39292152815336806,-0.3775352614204661,0.15958737177611312,0.16397876808680786,0.0,1.0,279,1.7763568394002505e-14,290491
290492,103.06670443731541,103.25363076550423,56,32,24,300,156,144,0.18666666666666668,2.317431634394696,1.1470775162511095,1.1703541181435864,63.18551862542554,1.1283128325968845,34.19585269762585,74.24538193171144,0.018582905993084032,1.4210854715202004e-14,0.1229263281888272,0.064,2.744186046511628,8.0,-1.9800664451827243,-8.0,8.0,-0.2527458465652834,-0.23758249692624117,0.04849649569754567,0.05368138441727329,0.0,1.0,301,8.526512829121202e-14,290492
290493,100.50084872489423,100.59173464134568,56,30,26,265,138,127,0.21132075471698114,2.1668010372659,1.1009895593575818,1.0658114779083179,56.87538323639344,1.0156318435070257,22.29579131260501,66.0041202230139,0.008022494542985726,3.694822225952521e-13,0.07488591645144611,0.016,2.3045112781954886,4.0,1.1015037593984962,-4.0,5.0,-0.2827694646068644,-0.305685934592902,0.13149708380962907,0.11710983979111117,0.0,1.0,266,0.0,290493
290494,27.048409494315052,27.82528205173662,66,29,37,299,148,151,0.22073578595317725,2.106905485188967,1.1074824535441639,0.999423031644803,67.16510894381386,1.0176531658153616,17.54209260218866,-21.78399750667105,-0.013736783217436793,-9.592326932761353e-14,0.7128725574215702,0.064,7.086666666666667,8.0,7.02,8.0,13.0,-0.2785397224316429,-0.34893413840446486,0.13627931170372048,0.14225464202333712,0.0,1.0,300,2.842170943040401e-14,290494
290495,-6.351641455338929,-5.903909697777976,56,24,32,261,122,139,0.21455938697318008,2.258852145786972,1.1740180358004202,1.0848341099865517,59.127264467654435,1.0558440083509721,27.414768861695656,-37.61741178071577,0.001006476978701922,3.126388037344441e-13,0.3837317575609528,0.064,5.7748091603053435,8.0,5.751908396946565,8.0,10.0,-0.23519566809547457,-0.2932937983786229,0.08989145439300344,0.09095746472788695,0.0,1.0,262,1.687538997430238e-14,290495
290496,93.71973034499544,93.98414651068754,74,32,42,313,144,169,0.2364217252396166,2.1338964203384316,1.0802185526610255,1.053677867677406,72.9357541834464,0.9856182997763028,23.471125708554773,44.574300923530124,-0.05478288773492546,7.105427357601002e-13,0.16441616569210754,0.1,2.8535031847133756,10.0,2.337579617834395,10.0,11.0,-0.29630056499469887,-0.31359027454617733,0.13068557267405906,0.13468121037639322,0.0,1.0,314,5.684341886080802e-14,290496
290497,49.830759526096294,50.20924716372065,88,47,41,327,169,158,0.2691131498470948,1.9518028940717564,0.9435002165994872,1.0083026774722694,78.41314792675924,0.8910584991677186,16.531246892745965,-11.74537293835475,0.0727190680616786,4.476419235288631e-13,0.34248763762435197,0.036000000000000004,4.960365853658536,6.0,-4.679878048780488,-6.0,14.0,-0.38536459338447987,-0.3431495666282793,0.1533002665946915,0.16442492852741447,0.0,1.0,328,2.1316282072803006e-14,290497
290498,60.045396017585574,60.117104104478756,60,28,32,303,149,154,0.19801980198019803,2.2898296338886395,1.146326578184689,1.1435030557039505,66.70658595429143,1.1117764325715238,22.71085714063867,16.105926299769862,0.015448991056103208,2.842170943040401e-14,0.05570808689318647,0.016,1.8223684210526316,4.0,0.8486842105263158,4.0,5.0,-0.25323503895302923,-0.2550743993024011,0.06973709162209993,0.07236723599385142,0.0,1.0,304,0.0,290498
290499,28.911525278692924,29.06156369342662,46,22,24,285,139,146,0.16140350877192983,2.252991282151112,1.1570606907889387,1.095930591362173,49.892438145467,1.0846182205536303,23.835071961873815,2.986625177502207,0.017572332331493364,-2.5934809855243657e-13,0.14603841473369492,0.004,3.3916083916083917,2.0,3.3776223776223775,2.0,7.0,-0.24624239014479854,-0.286065087433661,0.09497396927934477,0.090697811497495,0.0,1.0,286,5.684341886080802e-14,290499
