path_seed,switch_event_index,new_regime,detection_delay_events
300000,109,0,0
300000,125,1,0
300000,145,0,0
300000,147,1,0
300000,250,0,0
300000,263,1,0
300001,82,0,0
300001,97,1,0
300001,109,0,0
300001,122,1,0
300001,134,0,0
300001,147,1,0
300001,167,0,0
300001,194,1,0
300001,228,0,0
300002,20,0,0
300002,23,1,0
300002,114,0,0
300002,131,1,0
300002,184,0,0
300002,214,1,0
300003,191,0,0
300003,251,1,0
300004,96,0,0
300004,126,1,0
300004,184,0,0
300004,198,1,0
300004,234,0,10
300004,235,1,0
300004,244,0,0
300005,9,1,0
300005,158,0,0
300005,179,1,0
300006,265,0,0
300007,6,0,0
300007,43,1,0
300007,71,0,0
300007,97,1,0
300007,105,0,0
300007,133,1,0
300008,44,0,0
300008,69,1,0
300008,135,0,0
300008,152,1,0
300009,50,1,0
300009,128,0,0
300009,132,1,0
300009,155,0,0
300009,198,1,0
300009,235,0,0
300010,139,0,0
300010,215,1,0
300010,241,0,0
300010,260,1,0
300010,282,0,0
300011,1,1,0
300011,22,0,0
300011,39,1,0
300011,59,0,0
300011,72,1,0
300011,272,0,0
300012,14,0,0
300012,23,1,0
300012,43,0,0
300012,58,1,0
300012,123,0,0
300012,159,1,0
300012,172,0,0
300012,176,1,0
300012,198,0,0
300013,8,1,0
300013,32,0,0
300013,33,1,0
300013,68,0,0
300013,82,1,0
300013,178,0,0
300013,188,1,0
300013,199,0,0
300013,240,1,0
300013,284,0,0
300014,57,1,0
300015,14,1,0
300015,19,0,0
300015,29,1,0
300015,89,0,0
300015,93,1,0
300015,103,0,1
300015,238,1,0
300016,127,0,0
300016,285,1,0
300017,80,1,0
300017,97,0,0
300017,104,1,0
300017,188,0,0
300017,192,1,0
300018,98,0,0
300018,125,1,0
300018,137,0,0
300018,145,1,0
300019,25,1,0
300019,66,0,0
300019,87,1,0
300019,123,0,0
300019,150,1,0
300019,158,0,0
300019,185,1,0
300019,197,0,0
300019,208,1,0
300020,6,0,0
300020,17,1,0
300020,115,0,0
300020,125,1,0
300020,164,0,0
300020,167,1,0
300020,216,0,0
300020,217,1,0
300020,250,0,0
300021,11,1,0
300021,43,0,0
300021,52,1,0
300022,50,1,0
300022,68,0,0
300022,140,1,0
300022,268,0,0
300022,274,1,0
300022,279,0,0
300023,10,1,0
300023,40,0,0
300023,89,1,0
300023,98,0,0
300023,155,1,0
300023,180,0,0
300023,221,1,0
300023,274,0,0
300024,14,1,0
300024,24,0,0
300024,35,1,0
300024,98,0,0
300024,126,1,0
300024,165,0,0
300024,170,1,0
300024,197,0,0
300024,209,1,0
300025,19,0,0
300025,40,1,0
300025,57,0,0
300025,59,1,0
300026,13,1,0
300026,49,0,0
300026,71,1,0
300026,76,0,0
300026,119,1,0
300026,132,0,0
300026,169,1,0
300026,227,0,0
300026,237,1,0
300026,294,0,0
300027,37,0,0
300027,81,1,0
300027,99,0,0
300027,117,1,0
300027,177,0,0
300027,226,1,1
300028,267,0,0
300028,278,1,0
300029,38,1,0
300029,48,0,0
300029,83,1,0
300029,87,0,0
300029,99,1,0
300029,193,0,0
300029,194,1,0
300029,217,0,0
300029,248,1,0
300031,209,0,0
300031,211,1,0
300031,236,0,0
300031,255,1,0
300032,84,0,0
300032,106,1,0
300032,152,0,0
300032,164,1,0
300032,193,0,0
300032,198,1,0
300033,5,0,0
300033,13,1,0
300033,103,0,0
300033,124,1,0
300033,170,0,0
300033,230,1,0
300034,88,0,0
300034,93,1,0
300034,144,0,0
300034,178,1,0
300034,193,0,0
300034,205,1,0
300034,230,0,0
300035,71,1,0
300036,12,0,0
300036,26,1,0
300036,201,0,0
300036,233,1,0
300036,285,0,0
300037,144,0,0
300037,148,1,0
300037,154,0,0
300037,188,1,0
300037,266,0,0
300037,271,1,0
300038,5,0,0
300038,7,1,0
300038,99,0,2
300038,104,1,0
300038,198,0,0
300038,252,1,0
300038,265,0,0
300039,102,0,0
300039,122,1,0
300039,167,0,0
300039,187,1,0
300039,230,0,0
300039,255,1,0
300040,80,0,0
300040,120,1,0
300040,200,0,0
300040,213,1,0
300040,266,0,0
300040,275,1,0
300041,120,0,0
300041,140,1,0
300041,252,0,0
300041,269,1,0
300042,69,0,0
300042,94,1,0
300042,139,0,0
300042,160,1,0
300042,208,0,0
300042,229,1,0
300043,3,1,0
300043,136,0,0
300043,209,1,0
300043,254,0,0
300043,267,1,0
300044,53,0,0
300044,76,1,0
300044,78,0,0
300044,85,1,0
300044,276,0,0
300044,301,1,0
300045,78,0,0
300045,90,1,0
300045,146,0,0
300046,192,0,0
300046,203,1,0
300046,233,0,0
300047,128,0,0
300047,146,1,0
300047,167,0,0
300047,170,1,0
300047,200,0,0
300047,210,1,0
300047,257,0,0
300048,3,1,0
300048,12,0,0
300048,19,1,0
300048,52,0,0
300048,213,1,0
300049,38,0,0
300049,39,1,0
300049,60,0,0
300049,152,1,0
300049,154,0,0
300049,162,1,0
300049,248,0,0
300049,251,1,0
300050,54,0,0
300050,61,1,0
300050,146,0,0
300050,186,1,0
300050,188,0,0
300050,244,1,0
300050,283,0,0
300050,288,1,0
300051,11,0,0
300051,57,1,0
300051,159,0,0
300051,179,1,0
300052,10,0,0
300052,13,1,0
300052,19,0,0
300052,46,1,0
300052,71,0,0
300052,86,1,0
300053,7,0,0
300053,29,1,0
300053,41,0,0
300053,239,1,0
300054,17,0,0
300054,28,1,0
300054,128,0,0
300054,139,1,0
300054,143,0,0
300054,169,1,0
300054,180,0,1
300054,210,1,0
300054,229,0,0
300054,245,1,0
300055,6,1,0
300055,132,0,0
300055,162,1,0
300056,42,0,0
300056,46,1,0
300056,87,0,0
300056,105,1,0
300056,261,0,0
300057,23,1,0
300057,52,0,0
300057,77,1,0
300057,98,0,0
300057,103,1,0
300058,11,1,0
300058,59,0,0
300058,85,1,0
300058,99,0,0
300058,134,1,0
300058,145,0,0
300058,166,1,0
300058,186,0,0
300058,227,1,0
300058,272,0,0
300059,15,0,0
300059,24,1,0
300059,38,0,0
300059,61,1,0
300059,182,0,0
300059,186,1,0
300059,245,0,0
300060,110,0,0
300060,152,1,0
300060,228,0,0
300060,265,1,0
300060,285,0,0
300060,286,1,0
300061,2,0,0
300061,5,1,0
300061,235,0,0
300063,143,0,0
300063,152,1,0
300063,202,0,0
300063,232,1,0
300063,272,0,1
300064,222,0,0
300064,253,1,0
300064,258,0,0
300064,282,1,0
300065,31,1,0
300065,94,0,0
300065,97,1,0
300065,152,0,0
300065,157,1,0
300065,208,0,0
300065,235,1,0
300065,237,0,1
300065,243,1,0
300065,255,0,0
300065,262,1,0
300065,264,0,0
300065,281,1,0
300066,54,1,0
300066,65,0,0
300066,75,1,0
300066,172,0,0
300066,209,1,0
300067,75,0,0
300067,96,1,0
300067,127,0,0
300067,169,1,0
300067,219,0,0
300067,243,1,0
300068,10,1,0
300068,50,0,0
300068,138,1,0
300070,75,0,0
300070,109,1,0
300071,5,0,0
300071,13,1,0
300071,23,0,0
300071,32,1,0
300071,41,0,0
300071,98,1,0
300071,192,0,0
300071,241,1,0
300072,30,1,0
300072,72,0,0
300072,227,1,0
300072,261,0,0
300072,271,1,0
300073,25,1,0
300073,136,0,0
300073,143,1,0
300073,210,0,0
300073,233,1,0
300073,234,0,0
300074,137,0,0
300074,144,1,0
300074,156,0,1
300074,166,1,0
300074,188,0,0
300074,194,1,0
300075,15,1,0
300075,178,0,0
300075,185,1,0
300075,237,0,0
300075,242,1,0
300076,33,0,0
300076,53,1,0
300076,73,0,0
300076,145,1,0
300076,198,0,0
300076,199,1,0
300076,242,0,0
300076,248,1,0
300077,1,0,0
300077,80,1,0
300077,83,0,0
300077,85,1,0
300078,230,0,0
300078,250,1,0
300078,254,0,0
300078,265,1,0
300079,80,1,0
300079,84,0,0
300079,87,1,0
300080,40,0,0
300080,50,1,0
300080,117,0,0
300080,131,1,0
300080,145,0,0
300080,169,1,0
300081,131,0,0
300081,142,1,0
300081,200,0,0
300082,144,0,0
300082,166,1,0
300083,92,0,0
300083,102,1,0
300083,128,0,0
300083,141,1,0
300084,17,0,0
300084,45,1,0
300084,143,0,0
300084,206,1,0
300085,50,1,0
300085,178,0,0
300085,202,1,0
300086,214,0,0
300086,230,1,0
300087,55,0,0
300087,75,1,0
300087,107,0,0
300087,180,1,0
300087,242,0,0
300087,258,1,0
300088,6,0,0
300088,10,1,0
300088,24,0,0
300088,49,1,0
300088,69,0,0
300088,79,1,0
300089,1,0,0
300089,15,1,0
300089,43,0,0
300089,47,1,0
300089,100,0,0
300089,106,1,0
300089,271,0,0
300090,15,0,0
300090,28,1,0
300090,83,0,0
300090,132,1,0
300090,133,0,0
300090,155,1,0
300090,207,0,0
300090,270,1,0
300090,288,0,0
300091,71,0,0
300091,98,1,0
300091,121,0,0
300091,128,1,0
300091,149,0,0
300091,170,1,0
300091,247,0,0
300092,24,0,0
300092,27,1,0
300092,95,0,0
300092,103,1,0
300092,118,0,1
300092,128,1,0
300092,247,0,0
300093,22,1,0
300093,152,0,0
300093,154,1,0
300093,189,0,0
300093,269,1,0
300094,79,0,0
300094,120,1,0
300094,188,0,0
300094,200,1,0
300094,222,0,0
300095,60,0,0
300095,61,1,0
300095,70,0,0
300095,112,1,0
300095,129,0,0
300095,150,1,0
300096,5,1,0
300096,27,0,0
300096,29,1,0
300096,77,0,0
300096,133,1,0
300096,265,0,0
300096,271,1,0
300097,8,1,0
300097,13,0,0
300097,56,1,0
300097,138,0,0
300097,158,1,0
300097,212,0,0
300098,6,1,0
300098,7,0,0
300098,14,1,0
300098,25,0,0
300098,41,1,0
300098,235,0,0
300099,31,0,0
300099,40,1,0
300099,71,0,0
300099,113,1,0
300099,123,0,0
300099,142,1,0
300099,191,0,0
300099,210,1,0
300099,215,0,0
300099,219,1,0
300100,50,0,0
300100,66,1,0
300100,129,0,0
300100,130,1,0
300100,162,0,0
300100,200,1,0
300101,43,1,0
300101,171,0,0
300101,176,1,0
300101,201,0,0
300101,211,1,0
300101,267,0,1
300102,16,0,0
300102,34,1,0
300102,58,0,0
300102,90,1,0
300102,124,0,0
300102,130,1,0
300102,163,0,0
300102,172,1,1
300102,182,0,0
300102,222,1,0
300103,10,1,0
300103,62,0,0
300103,130,1,0
300103,132,0,0
300103,170,1,0
300103,173,0,0
300103,174,1,0
300103,250,0,0
300103,258,1,0
300103,271,0,0
300103,295,1,0
300103,299,0,0
300104,94,1,0
300104,139,0,0
300104,191,1,0
300104,213,0,0
300104,227,1,0
300105,14,0,0
300105,29,1,0
300105,107,0,0
300105,162,1,0
300106,167,0,0
300106,170,1,0
300106,211,0,1
300106,265,1,0
300107,140,0,0
300107,142,1,0
300107,248,0,0
300108,176,0,0
300108,215,1,0
300108,226,0,0
300108,255,1,0
300108,291,0,0
300109,9,0,0
300109,91,1,0
300109,156,0,0
300109,161,1,0
300109,234,0,1
300109,277,1,0
300110,19,0,0
300110,56,1,0
300110,108,0,0
300110,112,1,0
300110,138,0,0
300110,142,1,0
300110,152,0,0
300110,190,1,0
300111,161,1,0
300112,116,0,0
300112,130,1,0
300113,55,0,0
300113,119,1,0
300113,290,0,0
300114,8,0,0
300114,45,1,0
300114,134,0,0
300114,136,1,0
300114,149,0,0
300114,169,1,0
300115,49,0,0
300115,94,1,0
300115,104,0,0
300115,112,1,0
300115,120,0,0
300115,131,1,0
300115,139,0,0
300115,191,1,0
300115,269,0,0
300115,277,1,0
300116,77,0,0
300116,99,1,0
300116,137,0,0
300116,168,1,0
300116,209,0,0
300116,210,1,0
300116,237,0,0
300116,251,1,0
300117,18,0,0
300117,76,1,0
300117,157,0,0
300117,262,1,0
300117,271,0,0
300117,288,1,0
300117,293,0,0
300117,306,1,0
300118,82,0,0
300118,108,1,0
300118,119,0,0
300118,130,1,0
300118,136,0,0
300118,152,1,0
300118,244,0,0
300118,248,1,0
300119,8,0,0
300119,19,1,0
300119,180,0,0
300119,221,1,0
300119,252,0,0
300119,256,1,0
300119,259,0,0
300119,275,1,0
300120,42,0,0
300120,46,1,0
300120,110,0,0
300120,124,1,0
300120,136,0,0
300120,191,1,0
300121,23,0,0
300121,39,1,0
300121,71,0,0
300121,84,1,0
300121,254,0,0
300121,267,1,0
300122,5,0,0
300122,35,1,0
300122,124,0,0
300122,166,1,0
300122,193,0,0
300122,197,1,0
300123,54,0,0
300123,117,1,0
300123,166,0,0
300123,178,1,0
300123,189,0,0
300123,195,1,0
300124,154,0,0
300124,203,1,0
300124,235,0,0
300124,275,1,0
300125,89,1,0
300126,17,1,0
300126,70,0,0
300126,118,1,0
300126,172,0,0
300126,173,1,0
300126,184,0,0
300126,227,1,0
300126,274,0,0
300127,24,0,0
300127,33,1,0
300127,106,0,0
300127,137,1,0
300127,138,0,0
300127,141,1,0
300127,173,0,0
300127,178,1,0
300127,207,0,1
300128,13,0,0
300128,29,1,0
300128,40,0,0
300128,54,1,0
300128,136,0,0
300128,141,1,0
300128,148,0,0
300128,172,1,0
300128,199,0,0
300128,234,1,0
300129,43,0,0
300129,70,1,0
300129,159,0,0
300130,95,0,0
300130,165,1,0
300130,188,0,0
300131,52,0,0
300131,55,1,0
300131,70,0,0
300131,74,1,0
300131,78,0,0
300131,86,1,0
300131,130,0,0
300131,237,1,0
300132,104,0,0
300132,108,1,0
300132,189,0,0
300132,215,1,0
300132,251,0,0
300132,259,1,0
300133,135,0,0
300133,148,1,0
300133,189,0,0
300133,211,1,0
300134,153,0,0
300134,156,1,0
300134,180,0,0
300134,230,1,0
300134,251,0,0
300134,257,1,0
300134,265,0,0
300134,274,1,0
300135,54,0,0
300135,89,1,0
300136,3,1,0
300136,64,0,0
300136,112,1,0
300136,178,0,0
300136,230,1,0
300137,10,1,0
300137,112,0,0
300137,135,1,0
300137,206,0,1
300137,244,1,0
300137,292,0,0
300138,19,0,0
300138,48,1,0
300138,64,0,0
300138,95,1,0
300138,146,0,0
300138,153,1,0
300138,170,0,0
300138,175,1,0
300138,217,0,0
300138,230,1,0
300139,146,0,0
300139,187,1,0
300139,295,0,0
300140,27,1,0
300140,181,0,0
300140,184,1,0
300141,44,1,0
300141,52,0,0
300141,118,1,0
300141,150,0,0
300141,164,1,0
300141,273,0,0
300142,70,0,0
300142,83,1,0
300142,243,0,0
300142,244,1,0
300142,257,0,0
300142,262,1,0
300142,269,0,0
300142,278,1,0
300142,282,0,0
300143,40,0,0
300143,145,1,0
300143,205,0,0
300143,216,1,0
300143,248,0,0
300143,262,1,0
300144,2,1,0
300144,41,0,0
300144,48,1,0
300144,58,0,0
300144,61,1,0
300144,150,0,0
300144,154,1,0
300144,174,0,0
300144,175,1,1
300145,13,0,0
300145,20,1,0
300145,56,0,0
300145,74,1,0
300145,137,0,0
300145,139,1,0
300145,173,0,0
300145,219,1,0
300145,224,0,1
300145,232,1,0
300146,37,0,0
300146,41,1,0
300146,63,0,0
300146,66,1,0
300146,91,0,0
300146,122,1,0
300146,214,0,0
300146,230,1,0
300147,188,0,0
300147,211,1,0
300147,234,0,0
300147,244,1,0
300148,54,0,0
300148,135,1,0
300148,156,0,0
300149,140,0,0
300149,158,1,0
300149,164,0,0
300149,167,1,0
300150,5,0,0
300150,7,1,0
300150,36,0,0
300150,46,1,0
300150,79,0,0
300150,96,1,0
300150,132,0,0
300150,158,1,0
300150,221,0,0
300150,231,1,0
300151,209,0,0
300151,223,1,0
300151,233,0,0
300151,258,1,0
300152,16,1,0
300152,125,0,0
300152,135,1,0
300152,163,0,0
300152,185,1,0
300152,223,0,0
300152,251,1,0
300152,264,0,0
300152,273,1,0
300153,39,0,1
300153,44,1,0
300153,77,0,0
300153,100,1,0
300153,148,0,0
300153,183,1,0
300153,196,0,0
300153,198,1,0
300153,207,0,0
300153,215,1,0
300154,36,0,0
300154,57,1,0
300154,244,0,0
300154,250,1,0
300155,154,0,0
300155,186,1,0
300155,195,0,0
300155,245,1,0
300155,254,0,0
300155,257,1,0
300156,43,0,0
300156,79,1,0
300156,89,0,0
300156,175,1,0
300157,37,1,0
300157,198,0,0
300157,218,1,0
300158,12,1,0
300158,40,0,0
300158,49,1,0
300158,108,0,0
300158,229,1,0
300159,32,0,0
300159,103,1,0
300159,239,0,0
300160,11,0,0
300160,37,1,0
300160,38,0,0
300160,58,1,0
300160,110,0,0
300160,115,1,0
300160,145,0,0
300160,168,1,0
300160,205,0,0
300160,219,1,0
300160,232,0,0
300161,50,0,0
300161,84,1,0
300161,98,0,0
300161,124,1,0
300161,130,0,0
300161,157,1,0
300161,161,0,0
300161,164,1,0
300161,188,0,0
300161,274,1,0
300162,34,1,0
300162,91,0,0
300162,133,1,0
300162,151,0,0
300162,177,1,0
300162,179,0,0
300162,198,1,0
300162,228,0,0
300162,233,1,0
300163,58,0,0
300163,60,1,0
300163,84,0,0
300163,104,1,0
300163,117,0,0
300163,129,1,0
300163,166,0,0
300163,175,1,0
300163,195,0,0
300163,213,1,0
300163,226,0,0
300163,247,1,0
300164,136,0,0
300164,154,1,0
300164,208,0,0
300164,219,1,0
300164,276,0,0
300164,291,1,0
300165,4,1,0
300165,65,0,0
300165,69,1,0
300165,164,0,0
300165,170,1,0
300165,225,0,0
300165,241,1,0
300166,64,0,0
300166,73,1,0
300167,88,0,0
300167,117,1,0
300167,126,0,0
300167,139,1,0
300167,164,0,0
300167,201,1,0
300167,228,0,0
300168,36,1,0
300168,88,0,0
300168,125,1,0
300168,140,0,0
300168,142,1,0
300168,149,0,0
300168,154,1,0
300168,195,0,0
300168,204,1,0
300169,9,1,0
300169,186,0,0
300169,207,1,0
300170,3,1,0
300170,66,0,0
300170,68,1,0
300170,72,0,0
300170,107,1,0
300170,149,0,0
300170,150,1,0
300170,205,0,0
300170,226,1,0
300171,45,1,0
300171,55,0,0
300171,79,1,0
300171,110,0,0
300171,113,1,0
300171,121,0,0
300171,144,1,0
300171,156,0,0
300171,164,1,0
300171,209,0,0
300171,254,1,0
300172,17,0,0
300172,55,1,0
300172,91,0,0
300172,126,1,0
300172,131,0,0
300172,149,1,0
300172,259,0,0
300172,266,1,0
300173,12,1,0
300173,161,0,0
300173,174,1,0
300173,198,0,0
300173,233,1,0
300174,31,0,0
300174,61,1,0
300174,74,0,0
300174,121,1,0
300175,68,0,0
300175,74,1,0
300175,135,0,0
300175,152,1,0
300175,193,0,0
300175,197,1,0
300175,232,0,0
300176,134,1,0
300176,172,0,0
300176,193,1,0
300176,232,0,0
300176,252,1,0
300177,6,1,0
300177,58,0,0
300177,79,1,0
300177,108,0,0
300177,178,1,0
300177,185,0,1
300177,192,1,0
300177,258,0,0
300178,85,0,0
300178,107,1,0
300178,119,0,0
300178,188,1,0
300178,194,0,0
300178,204,1,0
300178,249,0,0
300178,252,1,0
300179,24,1,0
300179,158,0,0
300179,186,1,0
300179,207,0,0
300179,216,1,0
300179,228,0,0
300179,233,1,0
300180,24,0,0
300180,83,1,0
300180,233,0,0
300180,236,1,0
300181,109,0,0
300181,121,1,0
300181,194,0,0
300181,213,1,0
300181,237,0,0
300181,247,1,0
300182,5,0,0
300182,12,1,0
300182,112,0,0
300182,132,1,0
300182,263,0,0
300182,268,1,0
300183,65,1,0
300183,72,0,0
300183,74,1,0
300183,97,0,0
300183,114,1,0
300183,206,0,0
300184,37,0,0
300184,47,1,0
300184,144,0,0
300184,149,1,0
300184,153,0,0
300184,205,1,0
300184,269,0,0
300185,41,0,0
300185,50,1,0
300185,273,0,0
300185,279,1,0
300186,27,0,0
300186,37,1,0
300186,62,0,0
300186,134,1,0
300186,216,0,0
300186,221,1,0
300186,241,0,0
300186,248,1,0
300187,47,0,0
300187,64,1,0
300187,144,0,0
300187,147,1,0
300187,252,0,0
300187,253,1,0
300188,83,0,0
300188,116,1,0
300188,199,0,0
300188,206,1,0
300189,168,0,0
300189,178,1,0
300190,22,1,0
300190,33,0,0
300190,108,1,0
300190,172,0,0
300190,204,1,0
300190,213,0,0
300190,250,1,0
300191,7,0,0
300191,23,1,0
300191,108,0,0
300191,165,1,0
300191,222,0,0
300191,225,1,0
300192,19,0,0
300192,28,1,0
300192,122,0,0
300192,159,1,0
300192,226,0,0
300192,253,1,0
300193,134,0,1
300193,143,1,0
300193,146,0,0
300193,148,1,0
300194,57,0,0
300194,80,1,0
300195,43,1,0
300195,159,0,0
300195,219,1,0
300196,7,0,0
300196,90,1,0
300196,152,0,0
300196,169,1,0
300196,184,0,0
300196,189,1,0
300196,235,0,0
300196,245,1,0
300197,6,1,0
300197,71,0,0
300197,90,1,0
300197,108,0,0
300197,129,1,0
300197,185,0,0
300197,192,1,0
300198,37,0,0
300198,65,1,0
300198,108,0,0
300198,113,1,0
300198,204,0,0
300199,11,0,0
300199,45,1,0
300199,76,0,0
300199,172,1,0
300199,251,0,0
300199,275,1,0
300200,7,0,0
300200,19,1,0
300200,71,0,0
300200,83,1,0
300200,86,0,0
300200,161,1,0
300200,166,0,0
300200,181,1,0
300201,11,1,0
300201,24,0,0
300201,87,1,0
300201,92,0,0
300201,132,1,0
300201,189,0,0
300201,227,1,0
300201,273,0,0
300202,115,0,0
300202,131,1,0
300202,177,0,0
300202,178,1,0
300203,49,1,0
300203,104,0,0
300203,180,1,1
300203,198,0,0
300203,220,1,0
300204,16,0,0
300204,20,1,0
300204,35,0,0
300204,36,1,0
300204,160,0,0
300204,163,1,0
300204,247,0,0
300205,10,1,0
300205,37,0,0
300205,52,1,0
300205,123,0,0
300205,155,1,0
300205,240,0,0
300206,25,0,0
300206,45,1,0
300206,149,0,0
300206,193,1,0
300206,223,0,0
300206,234,1,0
300206,255,0,0
300206,270,1,0
300207,40,0,0
300207,44,1,0
300207,110,0,0
300207,128,1,0
300207,197,0,0
300208,15,1,0
300208,102,0,0
300208,104,1,0
300208,217,0,0
300209,7,0,0
300209,31,1,0
300209,78,0,0
300209,158,1,0
300210,89,0,0
300210,151,1,0
300211,18,1,0
300211,37,0,0
300211,51,1,0
300211,65,0,1
300211,136,1,0
300211,169,0,0
300211,243,1,0
300211,291,0,0
300212,25,1,0
300212,39,0,0
300212,107,1,0
300212,126,0,0
300212,164,1,0
300212,237,0,0
300213,87,0,0
300213,114,1,0
300214,22,1,0
300214,183,0,0
300214,188,1,0
300214,244,0,0
300215,133,0,0
300215,137,1,0
300215,201,0,0
300216,2,0,0
300216,49,1,0
300216,101,0,0
300216,140,1,0
300216,149,0,0
300216,240,1,0
300217,114,0,0
300217,169,1,0
300217,193,0,0
300217,202,1,0
300218,23,1,0
300218,52,0,0
300218,60,1,0
300218,65,0,0
300218,69,1,0
300219,4,0,0
300219,50,1,0
300219,84,0,0
300219,126,1,0
300219,138,0,0
300219,180,1,0
300219,257,0,0
300219,274,1,0
300220,55,0,0
300220,82,1,0
300220,83,0,0
300220,99,1,0
300220,242,0,0
300220,248,1,0
300221,15,0,0
300221,29,1,0
300221,226,0,0
300221,232,1,0
300221,233,0,0
300222,51,0,0
300222,149,1,0
300222,185,0,0
300222,193,1,0
300223,5,0,0
300223,10,1,0
300223,104,0,0
300223,109,1,0
300223,116,0,0
300223,174,1,0
300223,175,0,0
300223,182,1,0
300224,38,0,0
300224,88,1,0
300224,111,0,0
300224,142,1,0
300224,158,0,0
300224,198,1,0
300225,2,0,0
300225,13,1,0
300225,121,0,0
300225,140,1,0
300225,186,0,0
300225,187,1,0
300225,237,0,0
300225,266,1,0
300226,26,0,1
300226,53,1,0
300226,62,0,0
300226,65,1,0
300226,98,0,0
300226,105,1,0
300226,145,0,0
300226,151,1,0
300228,7,0,0
300228,46,1,0
300228,139,0,0
300228,174,1,0
300228,192,0,0
300228,205,1,0
300228,211,0,0
300228,224,1,0
300229,140,0,0
300229,172,1,0
300229,186,0,0
300229,231,1,0
300230,1,0,0
300230,54,1,0
300230,120,0,0
300230,138,1,0
300230,193,0,0
300230,259,1,0
300231,24,1,0
300231,34,0,0
300231,37,1,0
300231,53,0,0
300231,62,1,0
300231,124,0,0
300231,148,1,0
300231,165,0,0
300231,174,1,0
300233,47,0,0
300233,53,1,0
300233,65,0,0
300233,73,1,0
300233,151,0,0
300233,154,1,0
300233,217,0,0
300233,218,1,0
300234,194,0,1
300234,255,1,0
300235,12,0,0
300235,89,1,0
300235,110,0,0
300235,112,1,0
300235,257,0,0
300235,268,1,0
300236,88,0,1
300236,107,1,0
300236,174,0,0
300236,209,1,0
300236,210,0,0
300236,272,1,0
300237,12,0,0
300237,20,1,0
300237,114,0,0
300237,160,1,0
300237,209,0,0
300237,216,1,0
300238,17,0,0
300238,112,1,0
300238,124,0,0
300238,143,1,0
300238,148,0,0
300238,226,1,0
300238,286,0,0
300238,292,1,0
300239,248,0,0
300239,259,1,0
300240,51,0,0
300240,65,1,0
300240,194,0,0
300240,196,1,0
300241,51,0,0
300241,83,1,0
300241,95,0,0
300241,97,1,0
300241,253,0,0
300241,271,1,0
300242,11,1,0
300242,96,0,1
300242,117,1,0
300242,218,0,0
300242,243,1,0
300243,16,1,0
300243,34,0,0
300243,46,1,1
300243,123,0,0
300243,147,1,0
300243,206,0,0
300243,220,1,0
300244,11,0,0
300244,39,1,0
300244,81,0,0
300244,103,1,0
300244,200,0,0
300244,240,1,0
300244,249,0,0
300244,258,1,0
300244,266,0,0
300245,5,0,0
300245,75,1,0
300245,103,0,0
300245,121,1,0
300246,101,0,0
300246,132,1,0
300246,157,0,0
300246,221,1,0
300247,70,0,0
300247,79,1,0
300247,101,0,0
300247,159,1,0
300247,186,0,0
300247,223,1,0
300247,227,0,0
300248,44,0,1
300248,101,1,0
300248,125,0,0
300248,166,1,0
300249,58,1,0
300249,95,0,0
300249,110,1,0
300249,143,0,1
300249,148,1,0
300249,208,0,0
300249,247,1,0
300250,35,1,0
300250,148,0,0
300250,155,1,0
300250,195,0,0
300250,236,1,0
300250,267,0,0
300250,272,1,0
300250,284,0,0
300251,117,1,0
300251,213,0,0
300251,224,1,0
300252,218,0,0
300252,259,1,0
300253,110,0,0
300253,161,1,0
300253,174,0,0
300253,198,1,0
300253,213,0,0
300254,43,0,0
300254,121,1,0
300254,154,0,0
300254,173,1,0
300255,49,0,0
300255,115,1,0
300256,92,0,0
300256,115,1,0
300256,118,0,1
300256,182,1,0
300256,215,0,0
300256,231,1,0
300257,5,0,0
300257,8,1,0
300257,31,0,0
300257,49,1,0
300258,11,0,0
300258,51,1,0
300258,66,0,0
300258,84,1,0
300258,107,0,0
300258,117,1,0
300258,171,0,0
300258,178,1,0
300258,222,0,0
300258,238,1,0
300258,285,0,0
300258,291,1,0
300259,78,1,0
300259,148,0,0
300259,188,1,0
300259,193,0,0
300259,243,1,0
300260,14,1,0
300260,137,0,0
300260,206,1,0
300260,213,0,0
300260,264,1,0
300261,79,1,0
300261,90,0,0
300261,92,1,0
300261,175,0,0
300261,271,1,0
300262,49,0,0
300262,97,1,0
300262,136,0,0
300262,147,1,0
300262,224,0,0
300262,239,1,0
300263,19,0,0
300263,28,1,0
300263,49,0,0
300263,50,1,0
300263,87,0,0
300263,92,1,0
300263,102,0,0
300263,138,1,0
300263,156,0,0
300263,208,1,0
300264,107,0,0
300264,109,1,0
300265,20,0,0
300265,125,1,0
300265,232,0,0
300265,242,1,0
300265,247,0,0
300265,249,1,0
300266,81,0,0
300266,88,1,0
300266,224,0,0
300266,225,1,0
300267,152,0,0
300267,194,1,0
300268,19,1,0
300268,110,0,0
300268,132,1,0
300268,219,0,0
300268,241,1,0
300269,14,0,0
300269,37,1,0
300269,105,0,0
300269,133,1,0
300269,163,0,0
300269,179,1,0
300269,213,0,0
300269,229,1,0
300269,241,0,0
300270,12,0,0
300270,79,1,0
300271,86,0,0
300271,188,1,0
300271,214,0,0
300271,226,1,0
300272,14,1,0
300272,85,0,0
300272,95,1,0
300272,103,0,0
300272,120,1,0
300273,28,1,0
300273,104,0,0
300273,122,1,0
300273,198,0,0
300273,267,1,0
300274,3,0,0
300274,9,1,0
300274,26,0,0
300274,74,1,0
300274,125,0,0
300274,136,1,0
300274,270,0,0
300274,272,1,0
300274,280,0,0
300274,285,1,0
300275,23,0,0
300275,65,1,0
300275,126,0,0
300275,145,1,0
300275,151,0,0
300275,193,1,0
300276,1,0,0
300276,7,1,0
300276,69,0,0
300276,85,1,0
300276,86,0,0
300276,124,1,0
300276,227,0,1
300276,256,1,0
300277,20,1,0
300277,54,0,0
300277,55,1,0
300277,67,0,0
300277,117,1,0
300277,215,0,0
300277,267,1,0
300278,17,0,0
300278,53,1,0
300278,106,0,0
300278,111,1,1
300278,253,0,0
300279,45,0,0
300279,62,1,0
300279,85,0,0
300279,91,1,0
300279,99,0,0
300279,104,1,0
300279,197,0,0
300279,209,1,0
300279,256,0,0
300280,17,1,0
300280,142,0,0
300280,153,1,0
300280,201,0,0
300281,53,0,0
300281,64,1,0
300281,127,0,0
300281,209,1,0
300281,227,0,0
300281,234,1,0
300281,239,0,0
300281,244,1,0
300282,47,1,0
300282,57,0,0
300282,59,1,0
300282,68,0,0
300282,80,1,0
300282,197,0,0
300282,199,1,0
300282,240,0,0
300282,242,1,0
300283,41,1,0
300283,80,0,0
300283,91,1,0
300283,129,0,0
300283,144,1,0
300283,174,0,0
300283,177,1,0
300284,3,0,0
300284,18,1,0
300284,20,0,1
300284,37,1,0
300284,147,0,0
300284,149,1,0
300284,251,0,1
300285,17,1,0
300285,116,0,0
300285,177,1,0
300285,190,0,0
300285,220,1,0
300286,24,0,0
300286,31,1,0
300286,85,0,0
300286,104,1,0
300286,111,0,0
300286,116,1,0
300286,129,0,0
300286,130,1,0
300286,141,0,0
300286,162,1,0
300287,95,0,0
300287,159,1,0
300287,182,0,0
300287,185,1,0
300287,272,0,0
300288,20,0,0
300288,24,1,0
300288,100,0,0
300288,117,1,0
300288,212,0,0
300289,62,0,0
300289,80,1,0
300289,112,0,0
300289,191,1,0
300289,232,0,0
300289,262,1,0
300290,31,1,0
300290,34,0,0
300290,94,1,0
300290,125,0,0
300290,138,1,0
300290,145,0,0
300290,163,1,0
300291,15,0,0
300291,30,1,0
300291,109,0,0
300291,123,1,0
300291,124,0,0
300291,149,1,0
300291,157,0,0
300291,201,1,0
300292,86,0,0
300292,98,1,0
300292,106,0,0
300292,140,1,0
300292,236,0,0
300292,269,1,0
300292,281,0,0
300293,236,0,0
300293,263,1,0
300294,108,1,0
300294,144,0,0
300294,152,1,0
300295,5,0,0
300295,35,1,0
300295,114,0,0
300295,162,1,0
300295,236,0,0
300295,242,1,0
300296,11,1,0
300296,99,0,0
300296,122,1,0
300296,140,0,0
300296,206,1,0
300297,49,0,0
300297,57,1,0
300297,63,0,0
300297,96,1,0
300297,104,0,0
300297,106,1,0
300297,121,0,0
300297,128,1,0
300297,140,0,0
300297,192,1,0
300298,9,0,0
300298,41,1,0
300298,191,0,0
300298,198,1,0
300299,40,0,0
300299,56,1,0
300299,231,0,0
300300,44,0,0
300300,48,1,0
300300,77,0,0
300300,92,1,0
300300,114,0,0
300300,126,1,0
300301,61,0,0
300301,64,1,0
300301,172,0,0
300301,175,1,0
300301,185,0,0
300301,232,1,0
300302,140,1,0
300302,219,0,0
300303,48,1,0
300303,91,0,0
300303,112,1,0
300303,224,0,0
300304,58,0,0
300304,66,1,0
300304,78,0,0
300304,109,1,0
300304,140,0,0
300304,147,1,0
300305,6,0,0
300305,105,1,0
300305,121,0,0
300305,128,1,0
300306,112,0,0
300306,119,1,0
300306,131,0,0
300306,150,1,0
300306,177,0,0
300306,213,1,0
300307,54,0,0
300307,100,1,0
300307,140,0,0
300307,166,1,0
300307,216,0,0
300307,260,1,0
300308,15,0,0
300308,16,1,0
300308,30,0,0
300308,40,1,0
300308,44,0,0
300308,49,1,0
300308,234,0,0
300308,237,1,0
300308,244,0,0
300308,284,1,0
300309,39,0,0
300309,54,1,0
300309,58,0,0
300309,95,1,0
300309,96,0,0
300309,97,1,0
300309,107,0,0
300309,135,1,0
300309,247,0,0
300309,254,1,0
300309,256,0,0
300309,280,1,0
300310,153,0,0
300310,190,1,0
300311,9,1,0
300311,81,0,0
300311,84,1,0
300311,206,0,0
300311,237,1,0
300311,241,0,0
300311,254,1,0
300312,150,0,0
300312,171,1,0
300312,219,0,0
300312,222,1,0
300313,73,0,0
300313,78,1,0
300313,102,0,0
300313,109,1,0
300313,114,0,0
300313,125,1,0
300314,4,0,0
300314,74,1,0
300314,83,0,0
300314,101,1,0
300314,133,0,0
300314,141,1,0
300314,146,0,0
300314,195,1,0
300314,212,0,0
300314,260,1,1
300315,152,0,0
300315,226,1,0
300315,238,0,0
300315,254,1,0
300316,47,0,0
300316,88,1,0
300316,124,0,0
300316,138,1,0
300316,220,0,0
300316,256,1,0
300317,51,1,0
300317,75,0,0
300317,88,1,0
300317,114,0,0
300317,145,1,0
300317,267,0,0
300318,21,0,0
300318,76,1,0
300319,2,1,0
300319,38,0,0
300319,72,1,0
300319,97,0,0
300319,117,1,0
300319,241,0,0
300320,16,1,0
300320,74,0,0
300320,85,1,0
300320,137,0,0
300320,166,1,0
300321,35,0,0
300321,74,1,0
300321,119,0,0
300321,126,1,0
300321,242,0,0
300321,243,1,0
300321,244,0,1
300321,257,1,0
300322,36,1,0
300322,59,0,0
300322,77,1,0
300323,47,1,0
300323,53,0,0
300323,100,1,0
300323,117,0,0
300323,128,1,0
300323,136,0,0
300323,183,1,0
300324,67,0,0
300324,72,1,0
300324,81,0,0
300324,123,1,0
300324,153,0,0
300324,158,1,0
300324,239,0,1
300324,294,1,0
300325,59,0,0
300325,134,1,0
300325,184,0,0
300325,210,1,0
300325,233,0,0
300326,49,0,0
300326,61,1,0
300326,85,0,0
300326,99,1,0
300326,253,0,0
300326,286,1,0
300327,224,0,0
300327,227,1,0
300328,84,1,0
300328,120,0,0
300328,160,1,0
300328,258,0,0
300328,263,1,0
300328,292,0,0
300328,315,1,0
300329,6,1,0
300329,217,0,0
300329,221,1,0
300329,229,0,0
300329,261,1,0
300330,75,0,0
300330,87,1,0
300330,102,0,0
300330,130,1,0
300330,188,0,0
300331,74,0,0
300331,84,1,0
300331,88,0,0
300331,98,1,0
300331,185,0,0
300331,186,1,0
300332,143,0,0
300332,163,1,0
300332,277,0,0
300333,64,0,0
300333,77,1,0
300333,193,0,0
300333,228,1,0
300333,229,0,0
300334,6,1,0
300334,50,0,0
300334,56,1,0
300334,111,0,0
300334,115,1,0
300334,120,0,0
300334,134,1,0
300334,177,0,0
300334,217,1,0
300334,279,0,0
300335,13,0,0
300335,19,1,0
300335,50,0,0
300335,78,1,0
300336,13,0,0
300336,75,1,0
300336,77,0,0
300336,153,1,0
300336,166,0,0
300336,218,1,0
300336,256,0,0
300336,282,1,0
300337,23,0,0
300337,43,1,0
300337,141,0,0
300337,192,1,0
300338,50,0,0
300338,54,1,0
300338,65,0,0
300338,103,1,0
300338,151,0,0
300338,200,1,0
300338,226,0,0
300338,229,1,0
300339,63,0,0
300339,97,1,0
300339,235,0,0
300339,248,1,0
300340,68,0,0
300340,85,1,0
300340,108,0,0
300340,128,1,0
300340,233,0,0
300340,257,1,0
300341,58,1,0
300341,210,0,0
300341,215,1,0
300341,222,0,0
300341,258,1,0
300342,43,0,0
300342,77,1,0
300342,173,0,0
300342,190,1,0
300342,214,0,0
300342,253,1,0
300343,59,0,0
300343,84,1,0
300343,184,0,0
300343,224,1,0
300344,3,1,0
300344,26,0,0
300344,36,1,0
300344,184,0,0
300344,187,1,0
300344,204,0,0
300344,205,1,0
300344,226,0,0
300344,234,1,0
300344,248,0,0
300344,268,1,0
300345,55,1,0
300345,126,0,0
300345,128,1,0
300345,134,0,0
300345,176,1,0
300345,237,0,0
300345,254,1,0
300346,16,0,0
300346,22,1,0
300346,189,0,0
300346,230,1,0
300346,263,0,0
300346,267,1,0
300346,272,0,0
300347,9,0,0
300347,96,1,0
300347,173,0,0
300347,216,1,0
300347,221,0,0
300347,222,1,0
300347,230,0,0
300347,259,1,0
300348,6,1,0
300349,106,0,0
300349,177,1,0
300349,240,0,1
300349,250,1,0
300350,47,0,0
300350,49,1,0
300350,96,0,0
300350,114,1,0
300350,208,0,0
300350,260,1,0
300351,98,0,0
300351,134,1,0
300351,176,0,0
300351,201,1,0
300351,206,0,0
300351,207,1,0
300352,47,1,0
300352,107,0,0
300352,122,1,0
300352,189,0,0
300352,201,1,0
300353,212,0,0
300353,244,1,0
300354,82,0,0
300354,101,1,0
300354,215,0,0
300354,239,1,0
300355,27,1,0
300355,121,0,0
300355,142,1,0
300355,196,0,0
300355,201,1,0
300355,240,0,0
300355,252,1,0
300356,2,1,0
300356,9,0,0
300356,49,1,0
300356,84,0,0
300356,98,1,0
300356,152,0,0
300356,180,1,0
300356,190,0,0
300356,209,1,0
300356,228,0,1
300356,233,1,0
300357,36,0,0
300357,52,1,0
300357,123,0,0
300357,136,1,0
300357,191,0,1
300357,204,1,0
300357,206,0,0
300357,231,1,0
300358,20,0,0
300358,61,1,0
300358,144,0,0
300358,226,1,0
300359,13,1,0
300359,50,0,1
300359,105,1,0
300359,261,0,0
300359,276,1,0
300360,36,0,0
300360,65,1,0
300360,255,0,0
300360,278,1,0
300361,98,0,0
300361,99,1,0
300361,103,0,0
300361,145,1,0
300361,205,0,0
300361,233,1,0
300361,272,0,0
300362,11,0,0
300362,14,1,0
300362,55,0,0
300362,57,1,0
300362,104,0,0
300362,144,1,0
300363,16,0,0
300363,23,1,0
300363,73,0,0
300363,89,1,0
300363,105,0,0
300363,110,1,0
300363,144,0,0
300363,188,1,0
300364,34,0,0
300364,56,1,0
300364,262,0,0
300364,264,1,0
300365,17,0,0
300365,31,1,0
300365,107,0,0
300365,128,1,1
300365,181,0,0
300365,252,1,0
300366,33,0,0
300366,84,1,0
300366,136,0,0
300366,184,1,0
300366,281,0,0
300367,11,0,0
300367,59,1,0
300367,142,0,0
300367,203,1,0
300367,258,0,0
300368,98,0,0
300368,105,1,0
300368,176,0,0
300368,214,1,0
300368,226,0,0
300368,229,1,0
300368,263,0,0
300369,74,0,1
300369,97,1,0
300369,114,0,0
300369,119,1,0
300369,137,0,0
300369,139,1,0
300369,143,0,0
300369,190,1,0
300369,267,0,0
300370,20,1,0
300370,93,0,0
300370,100,1,0
300370,133,0,0
300370,181,1,0
300370,281,0,0
300371,24,1,0
300371,106,0,0
300371,135,1,0
300371,222,0,0
300372,31,0,0
300372,203,1,0
300373,34,0,0
300373,60,1,0
300373,99,0,0
300373,107,1,0
300373,215,0,0
300373,235,1,0
300373,281,0,0
300374,48,0,0
300374,59,1,0
300374,71,0,0
300374,90,1,0
300374,93,0,1
300374,118,1,0
300374,202,0,0
300374,219,1,0
300375,7,1,0
300375,32,0,0
300375,37,1,0
300375,154,0,0
300375,195,1,0
300375,209,0,0
300375,230,1,0
300376,20,0,0
300376,23,1,0
300376,129,0,0
300376,199,1,0
300376,275,0,0
300377,77,0,0
300377,85,1,0
300377,134,0,0
300377,174,1,0
300378,24,0,0
300378,40,1,0
300378,98,0,0
300378,114,1,0
300379,113,0,0
300379,153,1,0
300380,55,0,0
300380,78,1,0
300380,79,0,0
300380,96,1,0
300380,122,0,0
300380,157,1,0
300380,192,0,1
300380,198,1,0
300380,207,0,0
300380,226,1,0
300380,242,0,0
300381,48,0,0
300381,77,1,0
300381,123,0,0
300381,172,1,0
300382,115,0,0
300382,141,1,0
300382,183,0,0
300382,200,1,0
300382,220,0,0
300382,238,1,0
300382,300,0,0
300383,111,0,0
300383,120,1,0
300383,157,0,0
300383,184,1,0
300384,52,0,0
300384,100,1,0
300384,101,0,1
300384,157,1,0
300384,162,0,0
300384,179,1,0
300384,188,0,0
300384,228,1,0
300385,10,1,0
300385,72,0,0
300385,80,1,0
300385,85,0,0
300385,89,1,0
300385,163,0,0
300385,273,1,0
300386,1,1,0
300386,48,0,0
300386,149,1,0
300386,159,0,0
300386,168,1,0
300386,212,0,0
300387,55,0,0
300387,61,1,0
300387,84,0,0
300387,94,1,0
300387,115,0,0
300387,145,1,0
300387,182,0,0
300387,225,1,0
300387,256,0,0
300387,257,1,0
300388,1,1,0
300388,37,0,0
300388,45,1,0
300388,204,0,0
300388,228,1,0
300389,56,1,0
300389,177,0,0
300389,223,1,0
300389,243,0,0
300389,249,1,0
300390,25,0,0
300390,77,1,0
300390,115,0,0
300390,208,1,0
300391,73,0,0
300391,82,1,0
300391,135,0,0
300391,138,1,0
300392,25,0,0
300392,36,1,0
300392,42,0,0
300392,91,1,0
300392,132,0,0
300392,152,1,0
300392,161,0,0
300392,180,1,0
300392,217,0,0
300392,227,1,0
300393,252,0,0
300393,262,1,0
300394,154,0,0
300394,155,1,0
300395,124,0,0
300395,131,1,0
300395,246,0,0
300395,252,1,0
300396,16,1,0
300396,201,0,0
300396,272,1,0
300397,5,0,0
300397,7,1,0
300397,44,0,0
300397,77,1,0
300397,135,0,0
300397,219,1,0
300397,261,0,0
300397,269,1,0
300397,275,0,0
300397,284,1,0
300398,19,0,0
300398,62,1,0
300399,164,0,0
300399,211,1,0
300399,235,0,0
300399,267,1,0
300400,32,0,0
300400,52,1,0
300400,120,0,0
300400,174,1,0
300401,12,0,0
300401,22,1,0
300401,53,0,0
300401,76,1,0
300401,99,0,0
300401,115,1,0
300401,145,0,0
300401,174,1,0
300401,193,0,0
300401,221,1,0
300402,32,1,0
300402,47,0,0
300402,53,1,0
300402,132,0,0
300402,142,1,0
300402,220,0,0
300402,244,1,0
300403,7,1,0
300403,36,0,0
300403,42,1,0
300403,116,0,0
300403,117,1,0
300403,192,0,0
300403,195,1,0
300403,277,0,0
300404,27,0,0
300404,36,1,0
300404,75,0,0
300404,96,1,0
300404,99,0,0
300404,100,1,0
300404,209,0,0
300404,237,1,0
300405,27,1,0
300405,95,0,0
300405,105,1,0
300405,177,0,0
300405,184,1,0
300405,273,0,0
300406,38,1,0
300406,100,0,0
300406,103,1,0
300406,210,0,0
300406,226,1,0
300406,241,0,1
300406,246,1,0
300406,261,0,1
300406,263,1,0
300407,22,1,0
300407,96,0,0
300407,141,1,0
300408,8,0,1
300408,33,1,0
300408,190,0,0
300408,200,1,0
300409,8,1,0
300409,19,0,0
300409,127,1,0
300409,146,0,0
300409,148,1,0
300409,207,0,0
300409,231,1,0
300409,266,0,0
300410,52,0,0
300410,54,1,0
300410,79,0,0
300410,96,1,0
300411,140,0,0
300411,143,1,0
300411,154,0,0
300411,208,1,0
300411,248,0,0
300412,25,0,0
300412,63,1,0
300412,83,0,0
300412,97,1,0
300412,107,0,0
300412,114,1,0
300412,142,0,0
300412,153,1,0
300412,163,0,1
300412,173,1,0
300412,197,0,0
300412,206,1,0
300413,26,0,0
300413,41,1,0
300413,82,0,0
300413,84,1,0
300413,144,0,0
300413,169,1,0
300413,212,0,1
300413,226,1,0
300413,258,0,0
300414,100,0,0
300414,107,1,0
300414,139,0,0
300414,169,1,0
300414,236,0,0
300414,240,1,0
300415,165,0,0
300415,181,1,0
300415,189,0,0
300415,238,1,0
300416,45,0,0
300416,57,1,0
300416,167,0,0
300416,180,1,0
300417,6,1,0
300417,62,0,0
300417,84,1,0
300417,130,0,0
300417,135,1,0
300417,175,0,0
300417,211,1,0
300417,248,0,0
300417,251,1,0
300418,6,0,0
300418,24,1,0
300418,71,0,0
300418,91,1,0
300418,141,0,0
300418,153,1,0
300418,231,0,1
300418,250,1,0
300418,276,0,0
300418,290,1,0
300419,50,0,0
300419,51,1,0
300419,123,0,0
300419,138,1,0
300420,195,0,0
300420,226,1,0
300420,281,0,0
300421,32,1,0
300422,149,0,0
300422,153,1,0
300422,269,0,0
300423,31,1,0
300423,201,0,0
300423,262,1,0
300424,135,0,0
300424,148,1,0
300424,193,0,0
300424,238,1,0
300424,266,0,0
300425,8,0,1
300425,25,1,0
300425,111,0,0
300425,121,1,0
300426,40,1,0
300426,168,0,0
300426,218,1,0
300427,6,0,0
300427,9,1,0
300427,76,0,0
300427,105,1,0
300427,164,0,0
300427,181,1,0
300427,210,0,0
300427,218,1,0
300427,237,0,0
300428,4,0,0
300428,28,1,0
300428,209,0,0
300428,225,1,0
300429,43,0,0
300429,57,1,0
300429,121,0,0
300429,168,1,0
300429,191,0,1
300429,219,1,0
300429,271,0,0
300429,274,1,0
300430,121,0,0
300430,122,1,0
300430,170,0,0
300430,175,1,0
300430,244,0,0
300430,245,1,0
300431,96,0,0
300431,102,1,0
300431,130,0,0
300431,185,1,0
300431,195,0,0
300431,200,1,0
300431,283,0,0
300432,19,1,0
300432,46,0,0
300432,62,1,0
300432,118,0,0
300432,122,1,0
300432,135,0,0
300432,155,1,0
300433,3,1,0
300433,239,0,0
300433,272,1,0
300433,285,0,0
300433,292,1,0
300434,73,0,0
300434,86,1,0
300434,103,0,0
300434,135,1,0
300434,141,0,0
300434,179,1,0
300434,258,0,0
300434,280,1,0
300435,158,0,0
300435,238,1,0
300436,28,0,0
300436,29,1,0
300436,144,0,0
300436,180,1,0
300436,195,0,0
300436,208,1,0
300436,255,0,0
300436,265,1,0
300437,36,0,0
300437,77,1,0
300437,253,0,0
300437,261,1,0
300438,113,0,0
300438,131,1,0
300438,137,0,0
300438,183,1,0
300438,223,0,0
300438,225,1,0
300438,251,0,0
300439,26,0,0
300439,34,1,0
300439,58,0,0
300439,65,1,0
300439,123,0,0
300439,126,1,0
300440,12,0,0
300440,49,1,0
300440,89,0,0
300440,135,1,0
300440,174,0,0
300440,186,1,0
300440,213,0,0
300440,215,1,0
300441,19,1,0
300441,48,0,0
300441,93,1,0
300441,127,0,0
300441,142,1,0
300442,164,0,0
300442,172,1,0
300443,3,0,0
300443,31,1,0
300443,79,0,0
300443,115,1,0
300443,117,0,0
300443,128,1,0
300443,147,0,0
300443,157,1,0
300443,267,0,0
300443,269,1,0
300443,278,0,0
300444,8,1,0
300445,86,0,0
300445,91,1,0
300445,255,0,0
300446,13,0,0
300446,14,1,0
300446,66,0,0
300446,83,1,0
300446,95,0,0
300446,104,1,0
300446,119,0,0
300446,154,1,0
300447,32,1,0
300447,43,0,0
300447,60,1,0
300447,245,0,0
300447,246,1,0
300448,16,1,0
300448,103,0,0
300448,122,1,0
300448,255,0,0
300448,261,1,0
300448,275,0,0
300449,108,0,0
300449,110,1,0
300449,253,0,0
300449,256,1,0
300450,41,0,0
300450,42,1,0
300450,213,0,0
300451,11,0,0
300451,31,1,0
300451,80,0,0
300451,102,1,0
300451,166,0,0
300451,180,1,0
300452,258,0,0
300453,62,0,0
300453,63,1,0
300453,71,0,0
300453,74,1,0
300453,82,0,0
300453,89,1,0
300453,111,0,0
300453,146,1,0
300453,201,0,0
300453,227,1,0
300453,234,0,0
300453,237,1,0
300453,250,0,0
300454,75,0,0
300454,82,1,0
300454,100,0,0
300454,120,1,0
300455,17,1,0
300455,25,0,0
300455,53,1,0
300455,127,0,0
300455,182,1,0
300455,265,0,0
300455,266,1,1
300456,14,1,0
300456,15,0,0
300456,25,1,0
300456,169,0,0
300456,192,1,0
300457,60,0,0
300457,62,1,0
300457,227,0,0
300457,229,1,0
300457,237,0,0
300457,254,1,0
300458,52,0,0
300458,63,1,0
300458,104,0,0
300458,105,1,0
300458,108,0,0
300458,176,1,0
300459,175,0,0
300460,3,0,0
300460,9,1,0
300460,239,0,0
300460,255,1,0
300461,26,0,0
300461,45,1,0
300461,190,0,0
300461,214,1,0
300462,59,0,0
300462,60,1,0
300463,3,0,0
300463,66,1,0
300463,142,0,0
300463,143,1,0
300463,184,0,0
300463,200,1,0
300463,237,0,0
300463,272,1,0
300464,89,0,0
300464,147,1,0
300464,164,0,0
300464,169,1,0
300464,245,0,0
300465,39,0,0
300465,46,1,0
300465,73,0,0
300465,129,1,0
300465,191,0,0
300465,198,1,0
300465,273,0,0
300466,21,0,0
300466,61,1,0
300466,110,0,0
300466,149,1,0
300466,196,0,0
300466,199,1,0
300466,213,0,0
300466,264,1,0
300467,13,1,0
300467,52,0,0
300467,71,1,0
300467,102,0,0
300467,128,1,1
300467,201,0,0
300467,209,1,0
300468,59,0,0
300468,97,1,0
300468,114,0,0
300468,146,1,0
300468,196,0,0
300468,216,1,0
300468,307,0,0
300469,110,0,0
300469,121,1,0
300470,3,1,0
300470,44,0,0
300470,95,1,0
300470,107,0,0
300470,114,1,0
300470,127,0,0
300470,130,1,0
300470,188,0,0
300470,223,1,0
300471,58,0,0
300471,66,1,0
300471,108,0,0
300471,117,1,0
300472,64,0,0
300472,114,1,0
300472,192,0,0
300472,222,1,0
300473,17,0,0
300473,25,1,0
300473,39,0,0
300473,63,1,0
300473,91,0,0
300473,92,1,0
300474,176,0,0
300474,178,1,0
300474,192,0,0
300474,235,1,0
300475,44,0,0
300475,50,1,0
300475,124,0,0
300475,181,1,0
300475,244,0,0
300475,296,1,0
300476,159,0,0
300476,163,1,0
300476,191,0,0
300476,199,1,0
300476,249,0,0
300476,278,1,0
300477,5,1,0
300477,40,0,0
300477,48,1,0
300477,53,0,0
300477,76,1,0
300477,81,0,0
300477,126,1,0
300478,25,1,0
300478,133,0,0
300478,137,1,0
300479,19,1,0
300479,118,0,0
300479,162,1,0
300479,169,0,0
300479,181,1,0
300480,26,1,0
300480,77,0,0
300480,146,1,0
300480,236,0,0
300480,255,1,0
300481,79,0,0
300481,80,1,0
300481,126,0,0
300481,170,1,0
300481,194,0,0
300481,204,1,0
300482,17,0,0
300482,39,1,0
300482,86,0,0
300482,88,1,0
300482,93,0,0
300482,113,1,0
300483,45,0,0
300483,91,1,0
300483,124,0,0
300483,130,1,0
300483,169,0,0
300483,189,1,0
300484,4,0,0
300484,6,1,0
300484,15,0,0
300484,70,1,0
300484,121,0,0
300484,148,1,0
300484,262,0,0
300485,150,0,0
300485,190,1,0
300485,235,0,0
300485,257,1,0
300485,264,0,0
300485,271,1,0
300486,10,1,0
300487,28,0,0
300487,31,1,0
300487,54,0,0
300487,115,1,0
300487,248,0,0
300487,252,1,0
300488,56,0,0
300488,82,1,0
300488,86,0,0
300488,94,1,0
300488,225,0,0
300488,235,1,0
300489,65,0,0
300489,68,1,0
300489,84,0,0
300489,94,1,0
300489,199,0,0
300489,243,1,0
300490,77,0,0
300490,111,1,0
300490,136,0,0
300490,166,1,0
300490,247,0,0
300491,161,0,0
300491,166,1,0
300491,268,0,0
300491,275,1,0
300491,306,0,0
300492,41,0,0
300492,42,1,0
300492,47,0,0
300492,51,1,0
300492,58,0,0
300492,84,1,0
300492,214,0,0
300492,225,1,0
300493,60,0,0
300493,62,1,0
300493,67,0,0
300493,68,1,0
300493,103,0,0
300493,109,1,0
300493,124,0,0
300493,126,1,0
300494,17,1,0
300494,277,0,0
300494,291,1,1
300495,116,0,0
300495,121,1,0
300495,156,0,0
300495,177,1,0
300496,89,1,0
300496,155,0,0
300496,162,1,0
300496,181,0,0
300496,207,1,0
300496,264,0,0
300497,13,0,0
300497,25,1,0
300498,4,0,0
300498,36,1,0
300498,45,0,0
300498,80,1,0
300499,39,0,0
300499,41,1,0
300499,92,0,0
300499,95,1,0
300499,177,0,0
300500,4,1,0
300500,81,0,0
300500,96,1,0
300500,198,0,0
300500,243,1,0
300501,31,0,0
300501,41,1,0
300501,66,0,0
300501,105,1,0
300501,257,0,0
300502,50,0,0
300502,68,1,0
300502,82,0,0
300502,146,1,0
300502,182,0,0
300502,223,1,0
300502,227,0,0
300502,236,1,0
300503,8,1,0
300503,50,0,0
300503,109,1,0
300503,165,0,0
300503,169,1,0
300503,181,0,0
300503,189,1,0
300503,216,0,0
300503,218,1,0
300503,264,0,0
300504,37,1,0
300504,38,0,0
300504,64,1,0
300504,195,0,0
300504,205,1,0
300504,260,0,0
300504,262,1,0
300505,121,0,0
300505,146,1,0
300506,109,0,0
300506,134,1,0
300506,193,0,0
300506,227,1,0
300506,256,0,0
300507,11,0,0
300507,33,1,0
300507,46,0,0
300507,81,1,0
300507,87,0,0
300507,103,1,0
300507,198,0,0
300507,199,1,0
300507,200,0,0
300507,210,1,0
300507,259,0,0
300508,11,0,0
300508,68,1,0
300508,189,0,0
300508,225,1,1
300508,235,0,0
300509,23,0,0
300509,57,1,0
300509,70,0,1
300509,104,1,0
300509,182,0,0
300509,186,1,0
300510,37,0,0
300510,49,1,0
300510,102,0,0
300510,158,1,0
300510,167,0,0
300510,206,1,0
300510,235,0,0
300510,254,1,0
300511,23,1,0
300511,50,0,0
300511,73,1,0
300511,102,0,0
300511,118,1,0
300511,143,0,0
300511,148,1,0
300511,179,0,0
300511,180,1,0
300511,182,0,0
300511,216,1,0
300512,48,0,0
300512,57,1,0
300512,89,0,0
300512,92,1,0
300512,95,0,0
300512,171,1,0
300512,209,0,0
300512,217,1,0
300513,25,0,0
300513,79,1,0
300513,139,0,0
300513,222,1,0
300514,234,0,0
300514,253,1,0
300515,7,1,0
300515,72,0,0
300515,111,1,0
300515,131,0,0
300515,146,1,0
300515,151,0,0
300515,197,1,0
300516,85,0,0
300516,104,1,0
300516,106,0,0
300516,124,1,0
300516,184,0,0
300516,226,1,0
300516,262,0,0
300517,146,0,0
300517,159,1,0
300517,167,0,0
300517,205,1,0
300518,159,0,0
300518,164,1,0
300519,42,0,0
300519,60,1,0
300519,65,0,0
300519,110,1,0
300519,179,0,0
300519,188,1,0
300519,203,0,0
300519,206,1,0
300520,236,0,0
300521,42,1,0
300521,119,0,0
300521,147,1,0
300521,200,0,1
300521,210,1,0
300521,247,0,0
300521,254,1,0
300522,13,0,0
300522,53,1,0
300522,100,0,0
300522,111,1,0
300522,113,0,0
300522,131,1,0
300522,140,0,0
300522,171,1,0
300522,176,0,0
300522,181,1,0
300522,182,0,0
300522,248,1,0
300523,95,0,0
300523,116,1,0
300523,144,0,0
300523,164,1,0
300524,226,0,0
300525,108,0,0
300525,121,1,0
300525,178,0,0
300525,192,1,0
300525,233,0,0
300525,242,1,0
300526,10,0,0
300526,13,1,0
300526,49,0,0
300526,50,1,0
300526,90,0,0
300526,109,1,0
300526,275,0,0
300527,41,1,0
300527,48,0,0
300527,122,1,0
300527,177,0,0
300527,194,1,0
300527,255,0,0
300528,16,1,0
300528,212,0,0
300528,258,1,0
300528,282,0,0
300529,33,1,0
300529,157,0,0
300529,293,1,0
300530,45,0,0
300530,85,1,0
300530,96,0,0
300530,126,1,0
300530,272,0,0
300531,46,0,0
300531,58,1,0
300532,116,0,0
300532,136,1,0
300532,211,0,0
300532,225,1,0
300533,13,0,0
300533,51,1,0
300533,80,0,0
300533,105,1,0
300533,176,0,0
300533,213,1,0
300534,49,0,0
300534,51,1,0
300534,104,0,0
300534,157,1,0
300534,169,0,0
300534,244,1,0
300535,60,0,0
300535,66,1,0
300535,165,0,0
300535,167,1,0
300535,273,0,0
300536,8,0,0
300536,40,1,0
300536,111,0,0
300536,119,1,0
300536,176,0,0
300536,178,1,0
300537,6,0,0
300537,10,1,0
300537,64,0,0
300537,81,1,0
300537,91,0,0
300537,97,1,0
300537,178,0,0
300537,191,1,0
300537,278,0,0
300538,37,0,0
300538,80,1,0
300538,187,0,0
300538,197,1,0
300538,201,0,0
300538,214,1,0
300539,12,1,0
300539,72,0,0
300539,83,1,0
300539,86,0,0
300539,99,1,0
300539,118,0,0
300539,146,1,0
300539,182,0,1
300539,275,1,0
300539,287,0,0
300540,96,0,0
300540,114,1,0
300540,132,0,0
300540,138,1,0
300540,167,0,0
300540,181,1,0
300540,225,0,0
300540,227,1,0
300540,229,0,0
300541,15,0,0
300541,67,1,0
300541,203,0,0
300541,225,1,0
300542,48,1,0
300542,132,0,0
300542,148,1,0
300542,241,0,0
300543,35,0,0
300543,59,1,0
300543,111,0,0
300543,117,1,0
300543,242,0,0
300543,244,1,0
300544,164,0,0
300544,251,1,0
300545,193,0,0
300545,200,1,0
300545,234,0,0
300545,262,1,0
300546,39,0,0
300546,70,1,0
300546,81,0,0
300546,159,1,0
300546,175,0,0
300546,197,1,0
300547,231,0,0
300547,236,1,0
300548,16,1,0
300548,116,0,0
300548,140,1,0
300549,16,1,0
300549,28,0,0
300549,55,1,0
300549,80,0,0
300549,202,1,0
300549,230,0,0
300549,240,1,0
300549,250,0,0
300550,70,0,0
300550,94,1,0
300550,146,0,0
300550,157,1,0
300550,219,0,0
300550,254,1,0
300551,113,0,0
300551,175,1,0
300551,230,0,0
300551,235,1,0
300551,254,0,0
300552,1,1,0
300552,146,0,0
300552,166,1,0
300552,206,0,0
300552,223,1,0
300553,13,0,0
300553,25,1,0
300553,84,0,0
300553,86,1,0
300553,102,0,0
300553,174,1,0
300553,223,0,0
300553,275,1,0
300554,111,0,0
300554,168,1,0
300554,169,0,0
300554,212,1,0
300556,9,0,0
300556,36,1,0
300556,47,0,0
300556,52,1,0
300556,125,0,0
300556,150,1,0
300556,200,0,0
300556,221,1,0
300557,87,0,0
300557,137,1,0
300558,140,0,0
300558,182,1,0
300558,210,0,0
300558,225,1,0
300558,250,0,0
300558,251,1,0
300559,120,0,0
300559,125,1,0
300559,137,0,0
300559,152,1,0
300559,171,0,1
300559,215,1,0
300559,235,0,0
300560,20,0,0
300560,22,1,0
300560,65,0,0
300560,76,1,0
300560,149,0,0
300560,158,1,0
300560,186,0,1
300560,260,1,0
300561,83,0,0
300561,110,1,0
300561,198,0,0
300561,236,1,0
300561,287,0,0
300562,57,0,0
300562,65,1,0
300562,90,0,0
300562,108,1,0
300562,197,0,0
300562,199,1,0
300563,132,0,0
300563,162,1,0
300563,167,0,0
300563,236,1,0
300564,43,1,0
300564,58,0,0
300564,96,1,0
300564,251,0,0
300564,255,1,0
300564,277,0,0
300564,279,1,0
300565,21,0,0
300565,55,1,0
300565,63,0,0
300565,80,1,1
300565,135,0,1
300565,150,1,0
300565,276,0,0
300566,16,1,0
300566,36,0,0
300566,83,1,0
300566,113,0,0
300566,119,1,0
300567,63,0,0
300567,74,1,0
300567,119,0,0
300567,130,1,0
300567,157,0,0
300567,208,1,0
300567,254,0,0
300567,274,1,0
300568,2,0,0
300568,5,1,0
300568,48,0,0
300568,57,1,0
300568,255,0,0
300568,259,1,0
300569,203,0,1
300569,214,1,0
300570,27,0,0
300570,37,1,0
300570,149,0,0
300570,164,1,0
300571,59,1,0
300571,107,0,0
300571,108,1,0
300571,122,0,1
300571,133,1,0
300571,217,0,0
300571,254,1,0
300572,53,0,0
300572,56,1,0
300572,78,0,1
300572,179,1,0
300572,230,0,0
300572,238,1,0
300573,6,0,0
300573,21,1,0
300573,125,0,0
300573,134,1,0
300573,135,0,0
300573,158,1,0
300573,188,0,0
300573,193,1,0
300574,58,1,0
300574,145,0,0
300574,157,1,0
300574,256,0,0
300575,34,0,0
300575,45,1,0
300575,57,0,0
300575,59,1,0
300575,102,0,0
300575,111,1,0
300575,155,0,0
300575,161,1,0
300575,166,0,0
300575,186,1,0
300575,196,0,0
300575,199,1,0
300576,86,1,0
300576,105,0,1
300576,140,1,0
300576,232,0,0
300576,247,1,0
300577,36,1,0
300577,226,0,1
300577,234,1,0
300577,254,0,0
300578,81,0,0
300578,117,1,0
300578,186,0,0
300578,204,1,0
300579,30,0,0
300579,40,1,0
300579,58,0,0
300579,65,1,0
300579,210,0,0
300579,213,1,0
300579,255,0,0
300580,17,0,0
300580,24,1,0
300580,210,0,0
300580,227,1,0
300580,261,0,0
300580,266,1,0
300581,116,0,0
300581,165,1,0
300582,14,0,0
300582,29,1,0
300582,76,0,0
300582,122,1,0
300583,36,0,0
300583,75,1,0
300583,122,0,0
300583,130,1,0
300583,179,0,0
300583,206,1,0
300583,279,0,0
300584,7,0,0
300584,71,1,0
300584,158,0,0
300584,197,1,0
300584,231,0,0
300584,232,1,0
300584,241,0,0
300585,89,0,0
300585,111,1,0
300586,14,0,0
300586,56,1,0
300586,220,0,0
300586,239,1,0
300587,74,0,0
300587,106,1,0
300587,136,0,0
300587,150,1,0
300587,176,0,0
300587,183,1,0
300588,23,0,0
300588,29,1,0
300588,31,0,0
300588,66,1,0
300588,109,0,0
300588,127,1,0
300588,216,0,0
300588,225,1,0
300588,269,0,0
300589,59,0,0
300589,76,1,1
300589,79,0,0
300589,81,1,0
300589,222,0,0
300589,246,1,0
300589,256,0,0
300590,40,1,0
300590,99,0,0
300590,122,1,0
300590,219,0,0
300590,223,1,0
300590,225,0,0
300590,233,1,0
300591,31,1,0
300591,167,0,0
300591,205,1,0
300592,14,1,0
300592,182,0,0
300592,189,1,0
300592,190,0,0
300592,197,1,0
300592,274,0,0
300593,45,0,0
300593,95,1,0
300593,124,0,0
300593,150,1,0
300593,164,0,0
300593,171,1,0
300593,214,0,0
300593,218,1,0
300594,45,0,0
300594,69,1,0
300594,93,0,0
300594,121,1,0
300594,167,0,0
300594,177,1,0
300594,222,0,0
300594,240,1,0
300595,16,0,0
300595,75,1,0
300595,81,0,0
300595,119,1,0
300595,195,0,0
300596,101,0,0
300596,119,1,0
300596,133,0,0
300596,198,1,0
300596,225,0,0
300596,248,1,0
300597,189,0,0
300597,214,1,0
300598,2,0,0
300598,25,1,0
300598,27,0,0
300598,77,1,0
300599,20,0,0
300599,28,1,0
300599,58,0,0
300599,65,1,0
300599,78,0,0
300599,108,1,0
300599,158,0,0
300599,161,1,0
300600,5,0,0
300600,13,1,0
300600,88,0,0
300600,98,1,0
300600,151,0,0
300600,171,1,0
300600,231,0,0
300600,242,1,0
300600,248,0,0
300600,265,1,0
300601,41,0,0
300601,50,1,0
300601,103,0,0
300601,148,1,0
300601,296,0,0
300602,75,0,0
300602,139,1,0
300602,210,0,0
300602,230,1,0
300603,18,1,0
300603,111,0,0
300603,145,1,0
300603,171,0,0
300603,274,1,0
300604,82,0,0
300604,91,1,0
300604,127,0,0
300604,144,1,0
300604,146,0,0
300604,150,1,0
300605,22,0,0
300605,29,1,0
300605,133,0,0
300605,173,1,0
300605,258,0,0
300606,22,0,0
300606,89,1,0
300606,243,0,0
300606,265,1,0
300607,49,0,0
300607,63,1,0
300607,106,0,0
300607,160,1,0
300607,204,0,0
300607,239,1,0
300607,244,0,0
300607,245,1,0
300607,265,0,0
300608,3,0,0
300608,85,1,0
300608,88,0,0
300608,90,1,0
300608,104,0,0
300608,126,1,0
300608,183,0,0
300608,206,1,0
300608,260,0,0
300608,261,1,0
300609,36,1,0
300609,123,0,0
300609,125,1,0
300609,137,0,0
300609,174,1,0
300609,200,0,0
300609,201,1,0
300609,248,0,0
300610,45,0,0
300610,64,1,0
300610,202,0,0
300610,215,1,0
300611,32,0,0
300611,48,1,0
300611,149,0,0
300611,168,1,0
300611,242,0,0
300611,248,1,0
300612,2,1,0
300612,86,0,0
300612,95,1,0
300612,248,0,0
300612,288,1,0
300613,87,1,0
300613,289,0,0
300614,121,1,0
300614,192,0,0
300614,197,1,0
300614,231,0,0
300614,245,1,0
300614,268,0,0
300615,16,1,0
300615,39,0,0
300615,48,1,0
300615,142,0,0
300615,199,1,0
300615,206,0,0
300615,217,1,0
300615,261,0,0
300616,180,0,0
300616,214,1,0
300616,215,0,0
300616,246,1,0
300617,86,0,0
300617,110,1,0
300617,170,0,0
300617,200,1,0
300617,245,0,0
300617,247,1,0
300617,260,0,0
300618,41,1,0
300618,181,0,0
300618,234,1,0
300618,240,0,0
300618,247,1,0
300618,267,0,0
300619,53,0,0
300619,62,1,0
300619,84,0,0
300619,100,1,0
300619,266,0,0
300619,291,1,0
300620,51,0,0
300620,128,1,0
300620,256,0,0
300621,35,0,0
300621,141,1,0
300621,186,0,0
300621,211,1,0
300622,39,0,1
300622,85,1,0
300622,93,0,0
300622,109,1,0
300622,114,0,0
300622,115,1,0
300623,4,0,0
300623,48,1,0
300623,66,0,0
300623,117,1,0
300623,238,0,0
300623,284,1,0
300624,14,0,0
300624,22,1,0
300624,74,0,0
300624,85,1,0
300624,100,0,0
300624,118,1,0
300624,133,0,0
300624,150,1,0
300624,165,0,0
300624,185,1,0
300625,31,0,0
300625,51,1,0
300625,67,0,0
300625,112,1,0
300625,114,0,0
300625,196,1,0
300625,206,0,0
300625,217,1,0
300626,38,1,0
300626,82,0,0
300626,85,1,0
300626,106,0,0
300626,114,1,0
300626,210,0,0
300626,252,1,0
300627,14,0,0
300627,30,1,0
300627,54,0,0
300627,58,1,0
300627,72,0,0
300627,92,1,0
300627,166,0,0
300627,207,1,0
300628,107,0,0
300628,125,1,0
300628,142,0,0
300628,158,1,0
300629,130,0,0
300629,167,1,0
300629,208,0,0
300630,125,0,0
300630,128,1,0
300630,166,0,0
300630,177,1,0
300631,48,0,0
300631,169,1,0
300631,196,0,1
300631,225,1,0
300632,99,0,0
300632,139,1,0
300632,200,0,0
300632,278,1,0
300633,12,1,0
300633,123,0,0
300633,126,1,0
300633,152,0,0
300633,156,1,0
300633,157,0,0
300633,158,1,0
300634,5,0,0
300634,24,1,0
300634,108,0,1
300634,124,1,0
300634,161,0,0
300634,204,1,0
300634,208,0,0
300634,229,1,0
300634,260,0,0
300635,210,0,0
300635,220,1,0
300635,249,0,1
300636,8,0,0
300636,93,1,0
300636,96,0,1
300636,135,1,0
300636,166,0,0
300636,171,1,0
300636,189,0,0
300636,250,1,0
300637,39,1,0
300637,55,0,0
300637,70,1,0
300637,95,0,0
300637,115,1,0
300637,142,0,0
300637,152,1,0
300637,212,0,0
300637,244,1,0
300638,101,0,0
300638,181,1,0
300638,206,0,0
300638,269,1,0
300639,26,0,0
300639,46,1,0
300639,128,0,0
300639,141,1,0
300639,158,0,0
300639,189,1,0
300639,210,0,0
300639,271,1,0
300640,59,0,0
300640,119,1,0
300640,148,0,0
300641,13,0,0
300641,15,1,0
300641,29,0,0
300641,32,1,0
300641,161,0,0
300641,177,1,0
300642,19,0,0
300642,26,1,0
300642,34,0,0
300642,50,1,0
300642,158,0,0
300642,185,1,0
300642,215,0,0
300642,273,1,0
300643,141,0,0
300643,160,1,0
300643,222,0,0
300644,35,0,0
300644,74,1,0
300644,144,0,0
300644,160,1,0
300644,165,0,0
300644,176,1,0
300645,96,0,0
300645,98,1,0
300645,140,0,0
300645,155,1,0
300645,200,0,0
300645,208,1,0
300645,212,0,0
300645,224,1,0
300646,57,0,1
300646,75,1,0
300646,93,0,0
300646,131,1,0
300646,155,0,0
300646,199,1,0
300646,212,0,0
300646,225,1,0
300646,241,0,0
300646,252,1,0
300646,257,0,0
300647,70,0,0
300647,92,1,0
300647,145,0,0
300647,222,1,0
300647,290,0,0
300648,68,0,0
300648,91,1,0
300648,158,0,0
300648,160,1,0
300649,44,0,0
300649,112,1,0
300649,144,0,0
300649,158,1,0
300649,167,0,0
300649,175,1,0
300649,204,0,0
300649,222,1,0
300650,146,0,0
300650,185,1,0
300650,239,0,0
300650,241,1,0
300650,248,0,0
300650,261,1,0
300651,74,0,0
300651,77,1,0
300651,232,0,0
300651,239,1,0
300651,279,0,0
300651,308,1,0
300652,30,0,0
300652,70,1,0
300652,199,0,0
300652,204,1,0
300653,19,0,0
300653,42,1,0
300653,101,0,0
300653,119,1,0
300653,140,0,0
300653,152,1,0
300653,154,0,0
300653,159,1,0
300653,162,0,0
300653,194,1,0
300653,228,0,0
300653,251,1,0
300653,260,0,0
300653,263,1,0
300654,17,0,0
300654,111,1,0
300654,160,0,0
300654,175,1,0
300654,204,0,0
300654,251,1,0
300654,258,0,0
300654,272,1,0
300654,283,0,0
300654,290,1,0
300655,20,1,0
300655,125,0,0
300655,133,1,0
300655,148,0,0
300655,151,1,0
300655,194,0,1
300655,221,1,0
300656,59,0,0
300656,82,1,0
300656,87,0,0
300656,158,1,0
300656,160,0,0
300656,182,1,0
300656,218,0,0
300656,299,1,0
300657,59,1,0
300657,106,0,0
300657,185,1,0
300657,276,0,0
300657,285,1,0
300658,46,0,0
300658,58,1,0
300658,72,0,0
300658,74,1,0
300658,142,0,0
300658,161,1,0
300658,164,0,0
300658,187,1,0
300659,53,0,0
300659,73,1,0
300659,120,0,0
300659,224,1,0
300659,240,0,0
300660,82,0,0
300660,90,1,0
300660,150,0,0
300660,155,1,0
300660,172,0,0
300660,220,1,0
300660,225,0,0
300660,241,1,0
300661,10,0,0
300661,42,1,0
300661,209,0,0
300661,225,1,0
300661,255,0,0
300662,10,0,0
300662,22,1,0
300662,101,0,0
300662,121,1,0
300662,122,0,0
300662,128,1,0
300662,183,0,0
300662,272,1,0
300663,50,0,0
300663,51,1,0
300663,97,0,0
300663,126,1,0
300663,197,0,0
300663,210,1,0
300663,225,0,0
300663,246,1,0
300664,28,0,1
300664,37,1,0
300664,42,0,0
300664,89,1,0
300664,131,0,0
300664,180,1,0
300664,195,0,1
300664,226,1,0
300665,131,0,0
300665,216,1,0
300666,1,0,0
300666,5,1,0
300666,117,0,0
300666,120,1,0
300667,52,0,0
300667,94,1,0
300667,216,0,0
300667,219,1,0
300668,38,0,0
300668,74,1,0
300668,76,0,0
300668,133,1,0
300668,205,0,0
300668,247,1,0
300669,112,0,0
300669,145,1,0
300669,157,0,0
300669,241,1,0
300670,18,0,0
300670,22,1,0
300670,113,0,0
300670,115,1,0
300670,118,0,0
300670,160,1,0
300670,220,0,0
300670,229,1,0
300671,5,0,0
300671,33,1,0
300671,121,0,0
300671,128,1,0
300671,187,0,0
300671,214,1,0
300671,254,0,0
300672,122,0,0
300672,270,1,0
300673,39,0,0
300673,41,1,0
300673,167,0,0
300673,172,1,0
300673,173,0,0
300673,174,1,0
300673,187,0,0
300673,188,1,0
300674,4,1,0
300674,24,0,0
300674,64,1,0
300675,31,0,0
300675,41,1,0
300675,243,0,1
300675,263,1,0
300675,265,0,0
300675,288,1,0
300676,15,1,0
300676,57,0,0
300676,109,1,0
300676,160,0,0
300676,163,1,0
300676,206,0,0
300676,267,1,0
300677,11,1,0
300677,16,0,0
300677,22,1,0
300677,52,0,0
300677,114,1,0
300677,124,0,0
300677,165,1,0
300677,224,0,0
300677,242,1,0
300677,243,0,0
300677,245,1,0
300678,188,0,0
300678,189,1,0
300678,197,0,0
300679,62,0,0
300679,64,1,0
300679,81,0,0
300679,143,1,0
300679,179,0,0
300679,181,1,0
300680,85,0,0
300680,104,1,0
300680,111,0,0
300680,118,1,0
300680,181,0,0
300680,183,1,0
300681,242,0,0
300681,274,1,0
300682,13,0,0
300682,14,1,0
300682,22,0,1
300682,47,1,0
300682,63,0,0
300682,108,1,0
300682,145,0,0
300682,183,1,0
300682,184,0,0
300682,190,1,0
300682,239,0,0
300682,252,1,0
300682,258,0,0
300682,269,1,0
300683,31,0,0
300683,37,1,0
300683,58,0,0
300683,85,1,0
300683,150,0,0
300683,151,1,0
300684,5,1,0
300684,172,0,0
300684,173,1,0
300684,199,0,0
300684,223,1,0
300685,16,0,0
300685,34,1,0
300686,3,0,0
300686,14,1,0
300686,89,0,0
300686,103,1,0
300686,125,0,0
300686,172,1,0
300686,274,0,0
300687,43,0,0
300687,44,1,0
300687,155,0,0
300687,177,1,0
300687,257,0,0
300688,69,1,0
300688,148,0,0
300688,186,1,0
300688,267,0,0
300689,171,0,0
300689,213,1,0
300689,243,0,0
300689,271,1,0
300690,73,0,0
300690,107,1,0
300690,221,0,0
300690,264,1,0
300691,27,1,0
300691,54,0,0
300691,65,1,0
300691,98,0,0
300691,136,1,0
300691,303,0,1
300691,309,1,0
300692,60,0,0
300692,95,1,0
300692,97,0,0
300692,104,1,0
300692,130,0,0
300692,149,1,0
300692,205,0,0
300693,47,0,0
300693,143,1,0
300693,169,0,0
300693,174,1,0
300693,223,0,0
300694,18,1,0
300695,25,0,0
300695,26,1,0
300695,120,0,0
300695,127,1,0
300695,139,0,0
300695,191,1,0
300695,231,0,0
300695,245,1,0
300696,26,0,0
300696,29,1,0
300696,120,0,0
300696,132,1,0
300696,171,0,0
300697,12,1,0
300697,80,0,0
300697,104,1,0
300698,48,0,0
300698,59,1,0
300698,74,0,0
300698,98,1,0
300699,158,0,0
300699,168,1,0
300699,270,0,0
300700,49,0,0
300700,110,1,0
300700,116,0,0
300700,129,1,0
300700,148,0,0
300700,155,1,0
300700,171,0,0
300700,173,1,0
300700,252,0,0
300701,135,1,0
300701,181,0,0
300701,195,1,0
300701,231,0,0
300701,250,1,0
300702,11,0,0
300702,37,1,0
300702,72,0,0
300702,100,1,0
300702,121,0,0
300702,159,1,0
300702,185,0,0
300702,207,1,0
300703,33,1,0
300703,132,0,0
300703,147,1,0
300704,33,1,0
300704,218,0,0
300704,256,1,0
300705,44,0,0
300705,70,1,0
300705,139,0,0
300705,141,1,0
300705,151,0,0
300705,167,1,0
300705,253,0,0
300706,10,0,0
300706,18,1,0
300706,163,0,0
300706,168,1,0
300706,231,0,0
300706,247,1,0
300706,257,0,0
300706,261,1,1
300707,35,0,0
300707,123,1,0
300707,139,0,0
300707,232,1,0
300708,5,1,0
300708,53,0,0
300708,54,1,0
300708,92,0,0
300708,113,1,0
300708,224,0,0
300708,226,1,0
300709,18,0,0
300709,45,1,0
300709,79,0,0
300709,81,1,0
300709,248,0,0
300709,255,1,0
300709,260,0,0
300710,35,0,0
300710,44,1,0
300710,94,0,0
300710,152,1,0
300711,8,1,0
300711,56,0,0
300711,60,1,0
300711,91,0,0
300711,94,1,0
300712,17,1,0
300712,27,0,0
300712,38,1,0
300712,72,0,0
300712,81,1,0
300713,89,0,0
300713,90,1,0
300713,198,0,0
300713,212,1,0
300714,159,0,0
300714,175,1,0
300715,52,0,0
300715,101,1,0
300715,133,0,0
300715,157,1,0
300715,239,0,28
300715,240,1,0
300715,267,0,0
300715,268,1,0
300716,63,0,0
300716,66,1,0
300717,50,0,0
300717,89,1,0
300717,236,0,0
300717,239,1,0
300718,46,0,0
300718,72,1,0
300718,77,0,0
300718,99,1,0
300718,114,0,0
300718,130,1,0
300719,54,0,0
300719,69,1,0
300719,154,0,0
300719,173,1,0
300720,28,1,0
300720,61,0,0
300720,81,1,0
300720,115,0,0
300720,186,1,0
300720,248,0,1
300721,81,0,0
300721,118,1,0
300722,117,0,0
300722,145,1,0
300722,234,0,0
300722,255,1,0
300723,17,0,0
300723,32,1,0
300723,66,0,1
300723,121,1,0
300723,186,0,0
300723,195,1,0
300724,93,0,0
300724,123,1,0
300724,181,0,0
300724,204,1,0
300725,43,0,0
300725,98,1,0
300725,189,0,0
300725,234,1,0
300725,246,0,0
300726,224,0,0
300727,12,0,0
300727,24,1,0
300727,55,0,0
300727,105,1,0
300727,158,0,0
300727,159,1,0
300727,169,0,0
300727,173,1,0
300727,259,0,1
300728,152,0,0
300728,177,1,0
300729,107,0,0
300729,129,1,0
300729,160,0,0
300729,262,1,0
300730,184,0,0
300730,212,1,0
300731,39,0,0
300731,78,1,0
300731,97,0,0
300731,136,1,0
300731,244,0,0
300731,277,1,0
300732,28,1,0
300732,230,0,0
300732,257,1,0
300733,165,0,0
300733,190,1,0
300733,278,0,1
300733,281,1,0
300734,3,1,0
300734,35,0,0
300734,36,1,0
300734,47,0,0
300734,92,1,0
300734,114,0,0
300734,187,1,0
300734,216,0,0
300734,230,1,0
300735,10,1,0
300735,49,0,0
300735,87,1,0
300735,187,0,0
300735,188,1,0
300736,27,1,0
300737,21,0,0
300737,70,1,0
300737,89,0,0
300737,128,1,0
300737,139,0,0
300737,159,1,0
300737,198,0,0
300737,235,1,0
300738,16,1,0
300738,71,0,0
300738,155,1,0
300738,212,0,0
300738,215,1,0
300738,241,0,0
300739,2,0,0
300739,23,1,0
300739,50,0,0
300739,51,1,0
300739,82,0,0
300739,130,1,0
300740,9,1,0
300740,17,0,0
300740,20,1,0
300740,103,0,0
300740,113,1,0
300740,145,0,0
300740,181,1,0
300741,133,0,0
300741,141,1,0
300741,176,0,0
300742,12,0,0
300742,13,1,0
300742,36,0,0
300742,43,1,0
300742,196,0,0
300742,222,1,0
300742,237,0,0
300742,239,1,0
300742,245,0,0
300742,246,1,0
300743,76,0,0
300743,85,1,0
300743,117,0,0
300743,127,1,0
300743,173,0,0
300743,196,1,0
300743,280,0,0
300744,153,0,0
300744,166,1,0
300745,157,0,0
300745,173,1,0
300745,219,0,0
300745,242,1,0
300745,263,0,0
300745,264,1,0
300746,31,1,0
300746,128,0,0
300746,141,1,0
300746,273,0,0
300747,24,1,0
300747,79,0,0
300747,101,1,0
300747,187,0,0
300747,222,1,0
300747,243,0,1
300747,252,1,0
300748,13,0,0
300748,77,1,0
300748,173,0,0
300748,183,1,0
300748,197,0,0
300748,236,1,0
300748,253,0,0
300748,267,1,0
300748,268,0,0
300749,55,0,0
300749,60,1,0
300750,40,1,0
300750,120,0,0
300750,140,1,0
300751,2,1,0
300751,104,0,0
300751,120,1,0
300751,146,0,0
300751,169,1,0
300751,229,0,0
300751,284,1,0
300751,289,0,0
300752,97,0,0
300752,98,1,0
300752,156,0,0
300752,195,1,0
300752,252,0,1
300753,70,0,0
300753,98,1,0
300753,178,0,0
300753,181,1,0
300753,245,0,0
300754,5,1,0
300754,67,0,0
300754,73,1,0
300754,76,0,0
300754,79,1,0
300754,124,0,0
300754,159,1,0
300754,168,0,0
300754,173,1,0
300755,55,0,0
300755,63,1,0
300755,217,0,0
300755,272,1,0
300756,50,0,0
300756,166,1,0
300756,192,0,0
300757,1,1,0
300757,35,0,0
300757,92,1,0
300757,159,0,0
300757,166,1,0
300757,184,0,0
300757,185,1,0
300757,188,0,0
300757,249,1,0
300758,8,1,0
300758,72,0,0
300758,117,1,0
300758,156,0,0
300758,186,1,0
300759,241,0,0
300760,4,0,0
300760,76,1,0
300760,164,0,0
300760,182,1,0
300761,3,0,0
300761,7,1,0
300761,88,0,0
300761,110,1,0
300761,224,0,0
300761,237,1,0
300761,247,0,0
300762,17,1,0
300762,91,0,0
300762,109,1,0
300762,114,0,0
300762,147,1,0
300762,212,0,0
300762,226,1,0
300763,30,1,0
300763,67,0,0
300763,81,1,0
300763,98,0,0
300763,122,1,0
300763,149,0,0
300763,166,1,0
300764,11,0,0
300764,31,1,0
300764,88,0,0
300764,129,1,0
300764,225,0,0
300765,241,0,0
300766,14,1,0
300766,67,0,0
300766,77,1,0
300766,91,0,0
300766,117,1,0
300766,134,0,0
300766,141,1,0
300766,165,0,0
300766,199,1,0
300767,49,1,0
300767,116,0,0
300767,258,1,0
300767,269,0,0
300768,9,0,0
300768,32,1,0
300768,106,0,0
300768,112,1,0
300768,145,0,0
300768,147,1,0
300769,116,0,0
300769,137,1,0
300769,138,0,0
300769,185,1,0
300769,187,0,0
300769,225,1,0
300769,253,0,0
300770,34,0,0
300770,43,1,0
300770,58,0,0
300770,114,1,0
300770,118,0,0
300770,120,1,0
300770,151,0,0
300770,202,1,0
300770,250,0,0
300771,53,0,0
300771,62,1,0
300771,224,0,0
300771,232,1,0
300771,236,0,0
300772,76,0,0
300772,139,1,0
300772,200,0,0
300773,53,0,0
300773,76,1,0
300773,94,0,0
300773,173,1,0
300773,188,0,0
300773,209,1,0
300773,248,0,1
300774,14,0,0
300774,24,1,0
300774,75,0,0
300774,169,1,0
300774,228,0,0
300774,258,1,0
300775,2,1,0
300775,124,0,0
300775,193,1,0
300775,219,0,0
300775,233,1,0
300776,176,0,0
300776,209,1,0
300776,211,0,0
300777,30,1,0
300777,243,0,0
300778,41,0,0
300778,46,1,0
300778,72,0,0
300778,82,1,0
300778,155,0,0
300778,189,1,0
300778,253,0,0
300779,34,1,0
300779,121,0,0
300779,161,1,1
300779,216,0,0
300779,217,1,0
300779,231,0,0
300779,244,1,0
300779,266,0,0
300780,25,1,0
300780,268,0,0
300780,282,1,0
300781,84,1,0
300781,93,0,0
300781,117,1,0
300781,136,0,0
300781,186,1,0
300782,204,1,0
300783,2,0,0
300783,10,1,0
300783,22,0,0
300783,35,1,0
300783,172,0,0
300783,204,1,0
300783,210,0,0
300783,229,1,0
300784,57,0,0
300784,63,1,0
300784,128,0,0
300784,179,1,0
300784,182,0,0
300784,184,1,0
300785,26,0,0
300785,47,1,0
300785,59,0,0
300785,85,1,0
300785,100,0,0
300785,117,1,0
300785,151,0,0
300785,188,1,0
300785,202,0,0
300785,209,1,0
300785,245,0,0
300785,249,1,0
300786,17,1,0
300786,22,0,0
300786,50,1,0
300786,98,0,0
300786,133,1,0
300786,134,0,0
300786,137,1,0
300786,138,0,0
300786,142,1,0
300787,153,0,0
300787,200,1,0
300787,254,0,0
300788,34,0,0
300788,37,1,0
300788,53,0,0
300788,89,1,0
300788,120,0,0
300788,124,1,0
300788,183,0,0
300788,199,1,0
300788,255,0,0
300788,261,1,0
300789,58,0,1
300789,69,1,0
300789,88,0,0
300789,118,1,0
300789,122,0,0
300789,123,1,0
300790,207,0,0
300790,220,1,0
300790,317,0,0
300791,45,1,0
300791,65,0,0
300791,101,1,0
300791,104,0,0
300791,112,1,0
300791,180,0,0
300791,190,1,0
300791,268,0,0
300791,278,1,0
300792,47,1,0
300792,75,0,0
300792,85,1,1
300792,127,0,0
300792,156,1,0
300792,190,0,0
300792,210,1,0
300792,225,0,1
300792,237,1,0
300792,276,0,0
300793,13,0,0
300793,64,1,0
300793,125,0,0
300793,172,1,0
300793,181,0,0
300793,187,1,0
300794,30,0,0
300794,93,1,0
300794,101,0,0
300794,103,1,0
300794,106,0,0
300794,107,1,0
300795,38,0,0
300795,116,1,0
300795,130,0,0
300795,158,1,0
300795,181,0,0
300795,201,1,0
300796,235,0,0
300796,251,1,0
300797,10,0,0
300797,30,1,0
300797,157,0,0
300797,243,1,0
300798,30,0,0
300798,43,1,0
300798,235,0,0
300798,286,1,0
300799,19,0,0
300799,48,1,0
300799,63,0,1
300799,74,1,0
300799,125,0,0
300799,133,1,0
300799,295,0,0
300800,102,0,0
300800,142,1,0
300800,163,0,0
300800,168,1,0
300800,231,0,0
300801,57,0,0
300801,64,1,0
300801,88,0,0
300801,120,1,0
300801,198,0,0
300801,207,1,0
300801,258,0,0
300801,279,1,0
300801,288,0,1
300802,9,0,0
300802,19,1,0
300802,29,0,0
300802,53,1,0
300802,102,0,0
300802,120,1,0
300802,148,0,0
300802,162,1,0
300802,164,0,0
300802,204,1,0
300803,27,1,0
300803,122,0,0
300803,151,1,0
300803,208,0,0
300803,235,1,0
300803,242,0,0
300803,243,1,0
300804,87,0,0
300804,111,1,0
300804,151,0,0
300804,232,1,0
300805,35,0,0
300805,46,1,0
300805,70,0,0
300805,136,1,0
300805,158,0,0
300805,160,1,0
300805,276,0,0
300806,22,0,0
300806,111,1,0
300806,128,0,0
300806,201,1,0
300806,229,0,1
300806,246,1,0
300807,13,1,0
300807,78,0,0
300807,82,1,0
300807,91,0,0
300807,97,1,0
300807,129,0,0
300807,174,1,0
300807,229,0,0
300807,238,1,0
300807,256,0,0
300808,18,1,0
300808,222,0,1
300808,252,1,0
300809,65,0,0
300809,67,1,0
300809,95,0,0
300809,103,1,0
300809,118,0,0
300809,167,1,0
300809,223,0,0
300810,161,0,0
300810,225,1,0
300810,267,0,0
300810,279,1,0
300811,17,0,0
300811,68,1,0
300811,180,0,0
300811,183,1,0
300812,31,0,0
300812,56,1,0
300812,107,0,0
300812,124,1,0
300812,225,0,0
300812,238,1,0
300812,245,0,0
300813,52,0,0
300813,101,1,0
300813,122,0,0
300813,170,1,0
300814,54,0,1
300814,61,1,0
300814,133,0,0
300814,136,1,0
300814,200,0,0
300814,212,1,0
300814,246,0,0
300814,248,1,0
300815,52,1,0
300815,117,0,0
300815,138,1,0
300815,244,0,0
300816,3,1,0
300816,31,0,0
300816,35,1,0
300816,42,0,0
300816,46,1,0
300816,78,0,0
300816,106,1,1
300816,162,0,0
300816,175,1,0
300816,180,0,0
300816,224,1,0
300817,25,0,0
300817,45,1,0
300817,198,0,0
300818,37,0,0
300818,38,1,0
300818,81,0,0
300818,107,1,0
300818,228,0,1
300818,231,1,0
300819,42,0,0
300819,69,1,0
300819,85,0,0
300819,184,1,0
300819,264,0,0
300820,17,1,0
300820,37,0,0
300820,48,1,0
300820,266,0,0
300820,305,1,0
300821,85,1,0
300821,182,0,0
300821,217,1,0
300821,231,0,0
300821,286,1,0
300822,2,1,0
300822,20,0,0
300822,80,1,0
300822,91,0,0
300822,150,1,0
300822,182,0,0
300822,239,1,0
300823,73,0,0
300823,103,1,0
300823,154,0,0
300823,159,1,0
300823,225,0,0
300823,250,1,0
300824,61,1,0
300824,154,0,0
300825,49,0,0
300825,96,1,0
300825,247,0,0
300825,277,1,0
300826,6,1,0
300826,9,0,0
300826,46,1,0
300826,135,0,0
300826,209,1,0
300826,266,0,0
300826,286,1,0
300827,30,0,0
300827,36,1,1
300827,49,0,0
300827,78,1,0
300827,137,0,0
300827,161,1,0
300827,214,0,0
300827,241,1,0
300828,56,0,0
300828,126,1,0
300828,176,0,0
300828,186,1,0
300828,238,0,0
300828,255,1,1
300829,83,0,0
300829,99,1,0
300829,135,0,0
300829,140,1,0
300830,11,1,0
300830,98,0,0
300830,112,1,1
300830,206,0,0
300830,221,1,0
300830,223,0,0
300830,270,1,0
300830,298,0,0
300830,317,1,0
300831,38,0,0
300831,59,1,0
300831,130,0,0
300831,132,1,0
300831,143,0,0
300831,182,1,0
300831,272,0,0
300832,114,0,0
300832,115,1,0
300832,128,0,0
300832,165,1,0
300832,169,0,0
300832,216,1,0
300833,39,0,1
300833,54,1,0
300833,105,0,0
300833,219,1,0
300834,142,0,0
300834,192,1,0
300834,220,0,0
300834,280,1,0
300835,29,0,0
300835,44,1,0
300835,49,0,0
300835,56,1,0
300835,60,0,0
300835,79,1,0
300835,114,0,0
300835,167,1,0
300835,268,0,0
300836,5,1,0
300836,82,0,0
300836,90,1,0
300836,284,0,0
300838,23,1,0
300838,118,0,0
300838,141,1,0
300838,194,0,0
300838,205,1,0
300839,32,1,0
300839,129,0,0
300839,138,1,0
300839,152,0,0
300839,226,1,0
300839,285,0,0
300840,32,1,0
300840,70,0,0
300840,101,1,0
300840,155,0,0
300840,181,1,0
300840,259,0,0
300840,285,1,0
300840,293,0,0
300841,3,1,0
300841,15,0,0
300841,29,1,0
300841,140,0,0
300841,150,1,0
300842,8,1,0
300842,37,0,0
300842,56,1,0
300842,68,0,1
300842,140,1,0
300842,146,0,0
300842,158,1,0
300843,142,0,0
300843,146,1,0
300843,232,0,0
300843,263,1,0
300844,26,1,0
300844,30,0,0
300844,75,1,0
300844,156,0,0
300844,157,1,0
300844,183,0,0
300844,203,1,0
300844,240,0,0
300844,275,1,0
300845,11,0,0
300845,46,1,0
300845,52,0,0
300845,63,1,0
300845,224,0,0
300845,239,1,0
300846,105,0,0
300846,111,1,0
300846,172,0,0
300846,179,1,0
300846,219,0,0
300847,11,1,0
300847,75,0,0
300847,77,1,0
300847,273,0,0
300848,88,0,0
300848,125,1,0
300848,134,0,0
300848,141,1,0
300848,148,0,0
300848,244,1,0
300848,248,0,0
300849,8,0,0
300849,75,1,0
300849,88,0,0
300849,133,1,0
300849,148,0,0
300849,151,1,0
300849,191,0,0
300849,210,1,0
300849,230,0,0
300849,244,1,0
300850,52,1,0
300850,98,0,0
300850,100,1,0
300850,184,0,0
300850,208,1,0
300851,5,1,0
300851,23,0,0
300851,36,1,0
300851,106,0,0
300851,127,1,0
300851,140,0,0
300851,220,1,0
300851,253,0,0
300852,45,0,0
300852,151,1,0
300852,249,0,0
300852,266,1,0
300853,14,1,0
300853,88,0,0
300853,113,1,0
300853,160,0,0
300853,186,1,0
300853,235,0,0
300853,239,1,0
300854,11,1,0
300854,41,0,0
300854,110,1,0
300854,149,0,0
300854,167,1,0
300854,208,0,0
300854,226,1,0
300855,219,0,0
300855,227,1,0
300856,31,0,0
300856,41,1,0
300856,42,0,0
300856,63,1,0
300856,171,0,0
300856,235,1,0
300856,251,0,0
300857,184,0,0
300857,189,1,0
300858,137,0,0
300858,184,1,0
300858,191,0,0
300858,212,1,0
300858,236,0,0
300858,252,1,0
300858,275,0,0
300858,280,1,0
300859,5,0,0
300859,42,1,0
300859,173,0,0
300859,174,1,0
300859,179,0,0
300859,207,1,0
300859,275,0,0
300860,180,0,0
300860,193,1,0
300861,59,0,0
300861,106,1,0
300862,79,0,0
300862,80,1,0
300862,133,0,0
300862,182,1,0
300862,215,0,0
300862,217,1,0
300863,71,0,0
300863,77,1,0
300863,85,0,0
300863,95,1,0
300863,154,0,0
300863,205,1,0
300863,234,0,0
300863,244,1,0
300863,255,0,0
300864,33,1,0
300864,37,0,0
300864,92,1,0
300864,96,0,0
300864,105,1,0
300864,120,0,0
300864,215,1,0
300864,238,0,0
300864,264,1,0
300864,272,0,0
300865,38,0,0
300865,55,1,0
300865,106,0,0
300865,139,1,0
300865,148,0,0
300865,181,1,0
300865,183,0,0
300865,190,1,0
300866,48,1,0
300867,4,1,0
300867,55,0,0
300867,77,1,0
300867,251,0,1
300868,10,0,0
300868,24,1,0
300868,42,0,0
300868,44,1,0
300868,79,0,0
300868,99,1,0
300868,148,0,0
300868,166,1,0
300869,112,0,1
300869,134,1,0
300869,158,0,0
300869,221,1,0
300869,256,0,0
300869,265,1,0
300870,4,0,0
300870,18,1,0
300870,51,0,0
300870,72,1,0
300870,219,0,0
300870,265,1,0
300870,275,0,0
300870,276,1,0
300871,23,1,0
300871,55,0,0
300871,128,1,0
300871,217,0,0
300871,246,1,0
300872,64,0,1
300872,103,1,0
300873,87,0,0
300873,126,1,0
300873,166,0,0
300873,179,1,0
300873,182,0,0
300873,196,1,0
300873,235,0,0
300874,49,0,0
300874,54,1,0
300874,55,0,0
300874,71,1,0
300874,80,0,0
300874,128,1,0
300874,129,0,0
300874,151,1,0
300875,81,1,0
300875,253,0,0
300875,261,1,0
300876,19,0,0
300876,50,1,0
300876,68,0,0
300876,87,1,0
300876,128,0,0
300876,187,1,0
300876,213,0,0
300876,266,1,0
300877,11,0,0
300877,16,1,0
300877,78,0,0
300877,92,1,0
300877,99,0,0
300877,102,1,0
300878,33,0,0
300878,45,1,0
300878,160,0,0
300878,161,1,0
300878,181,0,0
300878,187,1,0
300879,4,0,0
300879,16,1,0
300879,82,0,1
300879,93,1,0
300879,212,0,0
300879,220,1,0
300879,276,0,0
300880,115,0,0
300880,120,1,0
300880,137,0,0
300880,144,1,0
300880,196,0,0
300881,29,1,0
300881,62,0,0
300881,95,1,0
300881,96,0,0
300881,142,1,0
300881,190,0,0
300881,191,1,0
300881,258,0,0
300882,61,0,0
300882,66,1,0
300882,105,0,0
300882,142,1,0
300882,149,0,0
300882,186,1,0
300883,49,0,0
300883,53,1,0
300883,110,0,0
300883,157,1,0
300883,213,0,0
300883,249,1,0
300884,159,0,0
300884,200,1,0
300885,63,0,0
300885,71,1,0
300885,110,0,0
300885,111,1,0
300886,41,1,0
300886,70,0,0
300886,81,1,0
300886,218,0,0
300887,129,0,0
300887,132,1,0
300887,147,0,0
300887,149,1,0
300887,251,0,0
300887,271,1,0
300888,35,0,0
300888,38,1,0
300888,52,0,0
300888,55,1,0
300888,88,0,0
300888,129,1,0
300888,240,0,0
300889,13,0,0
300889,81,1,0
300889,225,0,0
300889,235,1,0
300890,43,0,0
300890,82,1,0
300890,181,0,0
300890,182,1,0
300891,156,0,0
300891,168,1,0
300892,38,1,0
300892,57,0,0
300892,65,1,0
300892,83,0,0
300892,84,1,0
300892,176,0,0
300892,188,1,0
300892,222,0,0
300892,229,1,0
300892,261,0,0
300893,83,0,0
300893,97,1,0
300893,159,0,0
300893,195,1,0
300894,82,0,0
300894,146,1,0
300894,179,0,0
300894,211,1,0
300895,51,1,0
300895,139,0,0
300895,196,1,0
300895,208,0,0
300896,6,0,0
300896,9,1,0
300896,79,0,0
300896,143,1,0
300897,46,0,0
300897,48,1,0
300897,145,0,0
300897,149,1,0
300897,164,0,0
300897,187,1,0
300897,236,0,0
300898,38,0,0
300898,77,1,0
300898,136,0,0
300898,145,1,0
300899,94,1,0
300899,98,0,0
300899,110,1,0
300899,185,0,0
300899,215,1,0
300899,233,0,0
300899,267,1,0
300900,33,1,0
300900,55,0,0
300900,61,1,0
300900,99,0,0
300900,107,1,0
300900,122,0,0
300900,140,1,0
300900,189,0,0
300900,224,1,0
300901,7,1,0
300901,41,0,0
300901,51,1,0
300901,180,0,0
300901,191,1,0
300901,219,0,0
300901,261,1,0
300902,112,0,0
300902,160,1,0
300902,246,0,1
300902,263,1,0
300902,266,0,1
300902,274,1,0
300903,116,0,0
300903,144,1,0
300903,215,0,1
300903,226,1,0
300904,257,0,0
300905,13,0,0
300905,24,1,0
300905,32,0,0
300905,54,1,0
300905,129,0,0
300905,151,1,0
300905,171,0,0
300905,176,1,0
300905,233,0,0
300905,251,1,0
300905,263,0,0
300905,268,1,0
300906,46,0,0
300906,61,1,0
300906,189,0,0
300906,260,1,0
300907,77,0,0
300907,93,1,0
300907,137,0,0
300907,148,1,0
300907,208,0,0
300907,223,1,0
300908,104,0,0
300908,169,1,0
300908,205,0,0
300908,229,1,0
300908,253,0,0
300909,67,1,0
300909,131,0,0
300909,137,1,0
300909,174,0,0
300909,198,1,0
300909,285,0,0
300909,292,1,0
300910,86,0,0
300910,115,1,0
300910,124,0,0
300910,141,1,0
300910,199,0,0
300910,202,1,0
300911,59,0,0
300911,105,1,0
300911,122,0,0
300911,123,1,0
300911,129,0,0
300911,132,1,0
300911,133,0,0
300911,151,1,0
300911,157,0,0
300911,201,1,0
300912,31,0,0
300912,55,1,0
300912,68,0,0
300912,96,1,0
300912,103,0,0
300912,161,1,0
300912,248,0,0
300912,262,1,0
300912,263,0,0
300912,269,1,0
300913,17,0,0
300913,39,1,0
300913,122,0,0
300913,128,1,0
300913,171,0,0
300913,172,1,0
300913,178,0,0
300913,186,1,0
300914,138,0,0
300914,162,1,0
300914,225,0,0
300914,235,1,0
300916,74,1,0
300916,131,0,0
300916,186,1,0
300916,215,0,0
300917,85,0,0
300917,97,1,0
300917,218,0,0
300917,229,1,0
300918,13,0,0
300918,17,1,0
300918,22,0,0
300918,34,1,0
300918,89,0,0
300918,133,1,0
300918,160,0,1
300918,162,1,0
300918,163,0,0
300919,34,0,0
300919,80,1,0
300919,194,0,0
300919,263,1,0
300920,30,0,1
300920,53,1,0
300920,245,0,0
300920,294,1,0
300921,14,0,0
300921,31,1,0
300921,177,0,0
300921,206,1,0
300922,11,0,0
300922,67,1,0
300922,75,0,0
300922,141,1,0
300923,26,0,0
300923,99,1,0
300923,142,0,0
300923,158,1,0
300923,203,0,0
300923,222,1,0
300924,64,0,0
300924,65,1,0
300924,179,0,0
300924,194,1,0
300925,11,1,0
300925,151,0,0
300925,189,1,0
300925,255,0,0
300926,1,0,0
300926,93,1,0
300926,131,0,0
300926,185,1,0
300926,239,0,0
300926,249,1,0
300926,294,0,0
300927,44,0,0
300927,155,1,0
300927,168,0,0
300927,183,1,0
300928,5,0,0
300928,82,1,0
300928,134,0,0
300928,140,1,0
300928,189,0,0
300928,193,1,0
300928,227,0,0
300928,240,1,0
300928,248,0,0
300928,255,1,0
300928,256,0,0
300928,270,1,0
300929,93,0,0
300929,117,1,0
300929,191,0,0
300929,205,1,0
300929,246,0,0
300929,255,1,0
300930,13,1,0
300930,292,0,0
300930,293,1,0
300931,18,0,0
300931,30,1,0
300931,110,0,0
300931,115,1,0
300931,127,0,0
300931,160,1,0
300931,201,0,0
300931,278,1,0
300931,281,0,0
300931,282,1,0
300932,50,1,0
300932,112,0,0
300932,149,1,0
300932,160,0,1
300932,203,1,0
300933,23,0,0
300933,35,1,0
300933,90,0,0
300933,105,1,0
300933,110,0,0
300933,170,1,0
300933,178,0,0
300933,220,1,0
300934,99,0,0
300934,103,1,0
300934,127,0,0
300934,154,1,0
300934,252,0,0
300935,107,0,1
300935,138,1,0
300935,211,0,0
300935,262,1,0
300936,73,1,1
300936,109,0,0
300936,139,1,0
300936,161,0,0
300936,174,1,0
300936,213,0,0
300936,217,1,0
300937,88,0,0
300937,106,1,0
300937,276,0,0
300938,20,0,0
300938,28,1,0
300938,66,0,0
300938,80,1,0
300938,225,0,0
300938,258,1,0
300938,272,0,0
300939,28,0,0
300939,32,1,0
300939,63,0,0
300939,81,1,0
300939,156,0,0
300939,186,1,0
300939,219,0,0
300939,221,1,0
300940,37,0,0
300940,64,1,0
300940,68,0,0
300940,82,1,0
300940,113,0,0
300940,116,1,0
300940,124,0,0
300940,135,1,0
300940,149,0,0
300940,181,1,0
300940,247,0,0
300940,264,1,0
300941,15,1,0
300941,16,0,0
300941,29,1,0
300941,64,0,0
300941,80,1,0
300941,118,0,0
300941,140,1,0
300942,12,0,0
300942,35,1,0
300942,37,0,0
300942,52,1,0
300942,157,0,0
300942,193,1,0
300942,225,0,0
300942,264,1,0
300943,30,0,0
300943,37,1,0
300943,141,0,0
300943,149,1,0
300943,230,0,0
300943,237,1,0
300944,17,0,0
300944,90,1,0
300944,152,0,0
300944,182,1,0
300944,234,0,0
300945,186,0,0
300945,196,1,0
300945,282,0,0
300946,2,0,0
300946,12,1,0
300946,26,0,0
300946,39,1,0
300946,55,0,0
300946,91,1,0
300946,99,0,0
300946,158,1,0
300946,162,0,0
300946,167,1,0
300946,234,0,0
300946,240,1,0
300947,53,0,0
300947,57,1,0
300947,107,0,0
300947,124,1,0
300947,246,0,0
300947,249,1,0
300948,25,0,0
300948,68,1,0
300948,92,0,0
300948,110,1,0
300948,223,0,0
300948,244,1,0
300949,3,0,0
300949,23,1,0
300949,39,0,0
300949,64,1,0
300949,107,0,0
300949,131,1,0
300950,28,0,0
300950,48,1,0
300950,91,0,0
300950,93,1,0
300950,223,0,0
300950,237,1,0
300950,273,0,0
300950,275,1,0
300951,24,0,0
300951,43,1,0
300951,54,0,0
300951,67,1,0
300951,84,0,0
300951,137,1,0
300952,4,0,0
300952,12,1,0
300952,26,0,0
300952,30,1,0
300952,61,0,0
300952,219,1,0
300952,231,0,0
300952,243,1,0
300953,49,0,0
300953,50,1,0
300953,57,0,0
300953,59,1,0
300953,139,0,0
300953,143,1,0
300953,164,0,0
300953,206,1,0
300953,235,0,0
300953,250,1,0
300954,14,1,0
300954,69,0,0
300954,87,1,0
300954,128,0,0
300954,157,1,0
300954,199,0,0
300954,206,1,0
300954,215,0,0
300954,216,1,0
300954,225,0,0
300954,232,1,0
300955,11,0,0
300955,26,1,0
300955,47,0,0
300955,50,1,0
300955,61,0,0
300955,90,1,0
300955,216,0,0
300955,218,1,0
300955,219,0,0
300955,267,1,0
300956,49,1,0
300956,66,0,0
300956,74,1,0
300956,237,0,0
300956,256,1,0
300956,266,0,0
300957,53,0,0
300957,92,1,0
300957,139,0,0
300957,140,1,0
300958,76,1,0
300958,140,0,0
300958,144,1,0
300958,195,0,0
300958,238,1,0
300959,77,0,0
300959,81,1,0
300959,156,0,0
300959,180,1,0
300960,33,0,0
300960,41,1,0
300960,45,0,0
300960,49,1,0
300960,77,0,0
300960,103,1,0
300960,153,0,0
300960,167,1,0
300960,175,0,0
300960,218,1,0
300960,229,0,0
300960,237,1,0
300960,264,0,0
300961,24,1,0
300961,42,0,0
300961,56,1,0
300961,61,0,0
300961,68,1,0
300961,126,0,0
300961,140,1,0
300961,228,0,0
300962,73,0,1
300962,106,1,0
300962,229,0,0
300962,240,1,0
300963,24,0,0
300963,55,1,0
300963,93,0,0
300963,96,1,0
300963,142,0,0
300963,200,1,0
300963,247,0,0
300963,268,1,0
300964,61,1,0
300964,81,0,0
300964,141,1,0
300964,174,0,0
300964,175,1,0
300965,19,0,0
300965,23,1,0
300965,74,0,0
300965,85,1,0
300965,165,0,0
300965,169,1,0
300965,198,0,0
300965,202,1,0
300965,208,0,0
300965,212,1,0
300965,243,0,0
300965,252,1,0
300966,65,0,0
300966,99,1,0
300968,1,1,0
300968,102,0,0
300968,131,1,0
300968,171,0,0
300968,178,1,0
300969,33,1,0
300969,49,0,0
300969,59,1,0
300969,62,0,0
300969,84,1,0
300970,5,0,0
300970,27,1,0
300970,138,0,0
300970,258,1,0
300971,75,0,0
300971,115,1,0
300971,278,0,0
300972,105,0,0
300972,116,1,0
300972,200,0,0
300972,229,1,0
300973,12,0,0
300973,32,1,0
300973,33,0,0
300973,122,1,0
300973,199,0,0
300973,203,1,0
300973,224,0,0
300973,244,1,0
300974,38,0,0
300974,39,1,0
300974,192,0,0
300974,218,1,0
300974,248,0,0
300974,256,1,0
300974,259,0,0
300975,130,0,0
300975,152,1,0
300975,264,0,0
300975,297,1,0
300976,124,0,0
300976,156,1,0
300976,200,0,0
300976,252,1,0
300976,277,0,0
300976,280,1,0
300976,301,0,0
300977,11,0,0
300977,13,1,0
300977,106,0,0
300977,108,1,0
300977,124,0,0
300977,130,1,0
300978,11,1,0
300978,239,0,0
300979,30,0,0
300979,55,1,0
300979,172,0,0
300979,175,1,0
300979,184,0,0
300979,229,1,0
300979,253,0,0
300980,1,1,0
300980,204,0,0
300980,262,1,0
300981,3,0,0
300981,24,1,0
300981,53,0,0
300981,58,1,0
300981,80,0,0
300981,131,1,0
300982,144,0,0
300982,179,1,0
300982,257,0,0
300982,259,1,0
300983,98,0,0
300983,132,1,0
300983,265,0,0
300983,271,1,0
300984,74,1,0
300984,103,0,0
300984,160,1,0
300984,168,0,0
300984,202,1,0
300984,239,0,0
300984,270,1,0
300985,87,0,0
300985,128,1,0
300985,210,0,0
300985,222,1,0
300985,259,0,0
300985,270,1,0
300986,96,0,0
300986,116,1,0
300987,8,1,0
300987,34,0,0
300987,107,1,0
300987,152,0,0
300987,193,1,0
300987,208,0,0
300987,212,1,0
300987,247,0,0
300988,54,0,0
300988,55,1,0
300988,76,0,0
300988,93,1,0
300988,249,0,0
300989,8,1,0
300989,62,0,0
300989,63,1,0
300989,134,0,0
300989,245,1,0
300990,5,1,0
300990,78,0,0
300990,134,1,0
300990,232,0,0
300991,84,0,0
300991,111,1,0
300991,177,0,0
300991,203,1,0
300991,260,0,0
300991,271,1,0
300992,66,0,0
300992,123,1,0
300993,102,1,0
300993,168,0,0
300993,239,1,0
300993,286,0,0
300994,14,0,0
300994,16,1,0
300994,74,0,0
300994,154,1,0
300994,163,0,0
300994,190,1,0
300994,277,0,0
300995,6,0,0
300995,102,1,0
300995,140,0,0
300995,213,1,0
300995,219,0,0
300995,260,1,0
300995,269,0,0
300995,282,1,0
300996,48,0,0
300996,63,1,0
300996,174,0,1
300996,239,1,0
300996,298,0,0
300997,9,0,0
300997,11,1,0
300997,143,0,0
300997,223,1,0
300997,235,0,0
300997,236,1,0
300997,279,0,0
300998,11,0,0
300998,61,1,1
300998,204,0,0
300998,212,1,0
300998,238,0,0
300998,263,1,0
300999,28,1,0
300999,98,0,0
300999,119,1,0
300999,160,0,0
300999,171,1,0
300999,204,0,0
300999,246,1,0
300999,247,0,0
300999,260,1,0
301000,50,0,0
301000,65,1,0
301000,160,0,0
301000,238,1,0
301000,294,0,0
301001,51,0,0
301001,128,1,0
301001,179,0,0
301001,248,1,0
301002,30,1,0
301002,141,0,0
301002,159,1,0
301002,162,0,0
301002,171,1,0
301003,78,0,0
301003,107,1,0
301003,139,0,0
301003,152,1,0
301003,177,0,1
301003,194,1,0
301004,2,1,0
301004,81,0,0
301004,131,1,0
301005,25,0,0
301005,103,1,0
301005,185,0,0
301005,186,1,0
301006,6,0,0
301006,7,1,0
301006,12,0,0
301006,52,1,0
301006,73,0,0
301006,83,1,0
301006,88,0,0
301006,107,1,0
301006,127,0,0
301006,149,1,0
301006,245,0,0
301007,153,0,0
301007,174,1,0
301008,10,1,0
301008,73,0,0
301008,100,1,0
301008,154,0,0
301008,169,1,0
301008,172,0,0
301008,203,1,0
301008,221,0,0
301008,257,1,0
301009,80,1,0
301009,82,0,0
301009,87,1,0
301009,112,0,0
301009,142,1,0
301010,95,1,0
301010,139,0,0
301010,171,1,0
301011,59,0,0
301011,72,1,0
301012,90,1,0
301012,275,0,1
301012,284,1,0
301013,5,1,0
301013,58,0,0
301013,105,1,0
301013,121,0,0
301013,166,1,0
301013,212,0,0
301013,270,1,0
301013,274,0,0
301013,281,1,0
301014,13,0,0
301014,47,1,0
301014,152,0,0
301014,160,1,0
301014,199,0,0
301014,272,1,0
301015,22,0,0
301015,24,1,0
301015,78,0,0
301015,95,1,0
301015,120,0,0
301015,140,1,0
301015,160,0,1
301015,169,1,0
301016,12,1,0
301016,51,0,0
301016,129,1,0
301016,173,0,0
301016,215,1,0
301016,255,0,0
301016,259,1,0
301017,45,1,0
301017,47,0,0
301017,51,1,0
301017,221,0,0
301017,227,1,0
301017,229,0,0
301017,233,1,0
301018,29,1,0
301018,167,0,0
301018,239,1,0
301018,276,0,0
301019,20,1,0
301019,28,0,0
301019,56,1,0
301019,124,0,0
301019,147,1,0
301019,151,0,0
301019,210,1,0
301020,32,1,0
301020,37,0,0
301020,67,1,0
301020,76,0,0
301020,105,1,0
301020,233,0,0
301020,238,1,0
301020,240,0,0
301021,35,0,0
301021,70,1,0
301021,88,0,0
301021,182,1,0
301022,30,0,0
301022,44,1,0
301022,49,0,0
301022,68,1,0
301022,108,0,0
301022,126,1,0
301022,145,0,0
301022,158,1,0
301022,165,0,0
301022,183,1,0
301022,206,0,0
301022,275,1,0
301023,110,0,0
301023,134,1,0
301023,152,0,0
301023,171,1,0
301024,28,1,0
301024,152,0,0
301024,188,1,0
301024,241,0,0
301024,250,1,0
301025,6,1,0
301025,69,0,0
301025,70,1,0
301025,112,0,0
301025,176,1,0
301025,182,0,0
301025,220,1,0
301025,243,0,0
301025,244,1,0
301025,277,0,1
301026,50,1,0
301026,74,0,0
301026,144,1,0
301027,160,0,0
301027,166,1,0
301028,4,0,0
301028,36,1,0
301028,70,0,0
301028,91,1,0
301028,219,0,0
301028,264,1,0
301028,291,0,0
301029,28,0,0
301029,32,1,0
301029,40,0,0
301029,45,1,0
301029,85,0,0
301029,128,1,0
301029,159,0,0
301029,217,1,0
301029,275,0,0
301030,3,1,0
301030,47,0,0
301030,50,1,0
301030,52,0,0
301030,59,1,0
301030,202,0,0
301031,5,0,0
301031,17,1,0
301031,24,0,0
301031,68,1,0
301031,82,0,0
301031,93,1,0
301031,117,0,0
301031,130,1,0
301031,171,0,0
301031,182,1,0
301032,9,0,0
301032,24,1,0
301032,31,0,0
301032,72,1,0
301032,111,0,0
301032,149,1,0
301032,179,0,0
301032,183,1,0
301033,39,0,0
301033,59,1,0
301033,80,0,0
301033,87,1,0
301033,268,0,0
301033,269,1,0
301034,61,0,0
301034,157,1,0
301034,217,0,0
301034,272,1,0
301035,16,1,0
301035,49,0,0
301035,62,1,0
301035,71,0,0
301035,89,1,0
301035,214,0,0
301035,261,1,0
301036,96,0,0
301036,114,1,0
301036,191,0,0
301036,221,1,0
301036,234,0,0
301036,297,1,0
301037,7,0,0
301037,44,1,0
301037,80,0,0
301037,90,1,0
301037,148,0,0
301037,151,1,0
301037,272,0,0
301038,8,0,0
301038,42,1,0
301038,48,0,0
301038,50,1,0
301038,124,0,0
301038,148,1,0
301038,172,0,0
301038,191,1,0
301039,12,0,0
301039,14,1,0
301039,154,0,0
301039,166,1,0
301039,252,0,0
301039,260,1,0
301040,33,0,0
301040,45,1,0
301040,161,0,0
301040,162,1,0
301040,233,0,0
301041,60,0,0
301041,81,1,0
301041,168,0,0
301041,174,1,0
301041,188,0,0
301041,241,1,0
301041,261,0,0
301042,52,0,0
301042,72,1,0
301042,76,0,0
301042,85,1,0
301042,118,0,0
301042,121,1,0
301042,173,0,0
301042,182,1,0
301042,208,0,0
301043,5,0,1
301043,127,1,0
301043,130,0,0
301043,140,1,0
301043,234,0,0
301043,246,1,0
301044,74,0,0
301044,100,1,0
301044,185,0,0
301044,233,1,0
301045,96,0,0
301045,160,1,0
301045,188,0,0
301046,13,1,0
301046,74,0,1
301046,125,1,0
301047,166,0,1
301047,180,1,0
301048,39,0,0
301048,49,1,0
301048,78,0,0
301048,86,1,0
301048,87,0,1
301048,104,1,0
301048,211,0,0
301048,241,1,0
301048,256,0,0
301048,265,1,0
301049,141,0,0
301049,146,1,0
301049,151,0,0
301049,170,1,0
301049,212,0,0
301049,285,1,0
301049,307,0,0
301050,23,1,0
301050,150,0,0
301050,181,1,0
301050,191,0,0
301050,217,1,0
301050,232,0,0
301051,34,0,0
301051,69,1,0
301051,97,0,0
301051,101,1,0
301051,242,0,0
301051,245,1,0
301052,9,1,0
301052,55,0,0
301052,61,1,0
301052,76,0,0
301052,80,1,0
301052,91,0,0
301052,117,1,0
301052,123,0,0
301052,128,1,0
301052,164,0,1
301052,171,1,0
301052,209,0,0
301052,223,1,0
301052,233,0,0
301052,248,1,0
301053,70,0,0
301053,93,1,0
301054,101,0,0
301054,110,1,0
301054,181,0,0
301054,182,1,0
301054,216,0,0
301055,15,0,0
301055,75,1,0
301055,179,0,0
301055,181,1,0
301056,11,0,0
301056,120,1,0
301056,146,0,0
301056,189,1,0
301056,248,0,0
301056,304,1,0
301057,24,1,0
301057,127,0,0
301057,171,1,0
301057,212,0,0
301057,217,1,0
301057,265,0,0
301057,269,1,0
301058,22,0,0
301058,46,1,0
301058,166,0,0
301058,224,1,0
301058,228,0,0
301058,288,1,0
301059,104,0,0
301059,149,1,0
301059,194,0,0
301059,200,1,0
301060,39,0,0
301060,58,1,0
301060,227,0,0
301061,17,1,0
301061,85,0,0
301061,108,1,0
301061,230,0,0
301061,248,1,0
301062,21,1,0
301062,81,0,0
301062,145,1,0
301063,24,0,0
301063,30,1,0
301063,120,0,0
301063,144,1,0
301063,163,0,0
301063,175,1,0
301063,185,0,0
301063,252,1,0
301064,26,0,0
301064,53,1,0
301064,120,0,0
301064,130,1,0
301065,8,0,0
301065,76,1,0
301065,203,0,0
301065,209,1,0
301065,246,0,0
301065,274,1,0
301066,106,0,0
301066,147,1,0
301067,114,0,0
301067,118,1,0
301067,211,0,0
301067,256,1,0
301068,1,0,0
301068,3,1,0
301068,21,0,0
301068,28,1,0
301068,29,0,0
301068,59,1,0
301068,82,0,0
301068,122,1,0
301068,169,0,0
301068,175,1,0
301068,183,0,0
301068,189,1,0
301069,94,0,0
301069,193,1,0
301069,200,0,0
301070,69,1,0
301070,247,0,0
301071,20,1,0
301071,27,0,0
301071,37,1,0
301071,119,0,0
301071,134,1,0
301072,204,0,0
301072,221,1,0
301072,231,0,0
301072,237,1,0
301073,7,0,0
301073,27,1,0
301073,66,0,0
301073,80,1,0
301073,231,0,0
301073,236,1,0
301073,246,0,0
301073,278,1,0
301074,112,1,0
301075,62,0,0
301075,94,1,0
301075,164,0,0
301075,172,1,0
301076,7,0,0
301076,65,1,0
301076,112,0,0
301076,118,1,0
301076,131,0,0
301076,161,1,0
301076,167,0,0
301076,190,1,0
301076,198,0,0
301076,219,1,0
301077,49,0,0
301077,72,1,0
301077,130,0,0
301077,140,1,0
301077,160,0,0
301077,163,1,0
301077,168,0,0
301077,221,1,0
301077,242,0,0
301078,16,0,0
301078,78,1,0
301078,88,0,0
301078,109,1,0
301078,158,0,0
301078,163,1,0
301078,187,0,0
301078,207,1,0
301079,25,0,0
301079,122,1,0
301079,192,0,0
301079,232,1,0
301079,249,0,0
301079,269,1,0
301080,137,0,0
301080,176,1,0
301081,8,1,0
301081,9,0,0
301081,56,1,0
301081,64,0,0
301081,141,1,0
301081,239,0,0
301082,4,1,0
301082,65,0,0
301082,70,1,0
301082,95,0,0
301082,107,1,0
301082,150,0,0
301082,222,1,0
301082,241,0,0
301082,253,1,0
301083,21,0,0
301083,86,1,0
301083,121,0,0
301083,173,1,0
301083,180,0,0
301083,188,1,0
301084,21,0,0
301084,23,1,0
301084,100,0,0
301084,123,1,0
301085,5,0,0
301085,54,1,0
301085,83,0,0
301085,113,1,0
301085,186,0,0
301085,235,1,0
301086,2,1,0
301086,55,0,0
301086,106,1,0
301087,96,0,1
301087,105,1,0
301087,111,0,0
301087,118,1,0
301087,213,0,0
301087,219,1,0
301087,257,0,0
301088,63,0,0
301088,79,1,0
301088,230,0,0
301088,246,1,0
301088,248,0,0
301088,262,1,0
301089,45,0,0
301089,78,1,0
301089,166,0,0
301089,207,1,0
301089,233,0,0
301089,251,1,0
301090,66,0,0
301090,71,1,0
301090,162,0,0
301090,207,1,2
301091,107,0,0
301091,119,1,0
301091,124,0,0
301091,137,1,0
301091,147,0,0
301091,150,1,0
301092,36,0,0
301092,59,1,0
301092,132,0,0
301092,144,1,0
301092,163,0,0
301092,169,1,0
301093,87,0,0
301093,111,1,0
301093,168,0,0
301093,208,1,0
301094,104,0,0
301094,131,1,0
301094,148,0,0
301094,171,1,0
301094,183,0,0
301094,272,1,0
301095,11,0,0
301095,62,1,0
301095,65,0,0
301095,94,1,0
301095,114,0,0
301095,118,1,0
301095,162,0,0
301095,163,1,0
301095,239,0,0
301095,249,1,0
301095,260,0,0
301095,276,1,0
301096,84,1,0
301096,116,0,0
301096,137,1,0
301096,138,0,0
301096,172,1,0
301096,229,0,0
301096,237,1,0
301097,8,1,0
301097,53,0,0
301097,120,1,0
301097,131,0,0
301097,162,1,0
301097,178,0,0
301097,201,1,0
301097,234,0,0
301097,249,1,0
301098,120,0,0
301098,127,1,0
301099,5,1,0
301099,158,0,0
301099,179,1,0
301099,275,0,1
301100,25,1,0
301100,108,0,0
301100,131,1,0
301101,21,1,0
301101,120,0,0
301101,158,1,1
301101,189,0,0
301101,200,1,0
301101,206,0,0
301102,38,0,0
301102,54,1,0
301102,210,0,0
301102,252,1,0
301103,78,0,0
301103,82,1,0
301103,158,0,0
301103,164,1,0
301103,169,0,0
301103,181,1,0
301104,8,1,0
301104,128,0,0
301104,130,1,0
301104,164,0,0
301104,228,1,0
301105,32,1,0
301105,102,0,0
301105,112,1,0
301105,154,0,0
301105,155,1,0
301105,212,0,0
301105,236,1,0
301106,16,1,0
301106,77,0,0
301106,85,1,0
301106,176,0,0
301106,179,1,0
301108,8,0,0
301108,14,1,0
301108,174,0,0
301108,190,1,0
301108,214,0,0
301108,245,1,0
301108,247,0,0
301108,250,1,0
301109,49,1,0
301109,53,0,0
301109,99,1,1
301110,11,0,0
301110,33,1,0
301110,104,0,0
301110,111,1,0
301111,11,0,0
301111,54,1,0
301111,177,0,0
301111,196,1,0
301111,215,0,0
301112,28,1,0
301112,43,0,0
301112,61,1,0
301112,70,0,0
301112,82,1,0
301112,103,0,0
301112,109,1,0
301112,172,0,0
301112,190,1,0
301113,129,0,0
301113,167,1,0
301113,217,0,0
301114,60,0,0
301114,67,1,0
301114,158,0,0
301114,186,1,0
301115,35,0,0
301115,46,1,0
301115,71,0,0
301115,90,1,0
301115,164,0,0
301115,180,1,0
301115,190,0,0
301115,191,1,0
301115,221,0,0
301115,234,1,0
301116,114,1,0
301116,118,0,0
301116,152,1,0
301117,118,0,0
301117,132,1,0
301117,192,0,0
301117,201,1,0
301117,204,0,0
301117,267,1,0
301118,49,0,0
301118,55,1,0
301118,169,0,0
301118,188,1,0
301118,244,0,0
301118,271,1,0
301119,156,0,0
301119,163,1,0
301119,209,0,0
301119,211,1,0
301120,226,0,0
301120,246,1,0
301121,92,0,0
301121,106,1,0
301121,107,0,0
301121,136,1,0
301122,40,1,0
301122,83,0,0
301122,106,1,0
301122,220,0,0
301122,230,1,0
301122,239,0,0
301122,243,1,0
301123,121,0,0
301123,133,1,0
301123,250,0,0
301124,127,0,0
301124,128,1,0
301124,177,0,0
301124,224,1,0
301125,15,0,0
301125,105,1,0
301126,12,0,0
301126,16,1,0
301127,173,0,0
301127,245,1,0
301128,10,1,0
301128,143,0,0
301128,165,1,0
301128,167,0,0
301128,231,1,0
301128,260,0,0
301128,265,1,0
301128,280,0,0
301129,1,1,0
301129,33,0,0
301129,42,1,0
301129,92,0,0
301129,128,1,0
301129,164,0,0
301129,170,1,0
301129,227,0,0
301130,17,0,0
301130,26,1,0
301130,46,0,0
301130,71,1,0
301130,97,0,0
301130,98,1,0
301130,268,0,0
301131,56,0,0
301131,58,1,0
301131,72,0,0
301131,125,1,0
301131,171,0,0
301131,180,1,0
301131,264,0,0
301132,37,1,1
301132,224,0,1
301133,56,0,0
301133,111,1,0
301133,159,0,0
301133,254,1,0
301134,51,0,0
301134,119,1,0
301134,218,0,0
301134,240,1,0
301135,17,0,0
301135,18,1,0
301135,38,0,0
301135,56,1,0
301135,178,0,0
301135,208,1,0
301135,243,0,0
301135,250,1,0
301135,293,0,0
301135,315,1,0
301136,36,0,0
301136,60,1,0
301136,227,0,0
301136,247,1,0
301138,31,0,0
301138,56,1,0
301138,184,0,1
301138,237,1,0
301139,54,0,0
301139,97,1,0
301139,103,0,0
301139,173,1,0
301139,232,0,0
301139,262,1,0
301139,280,0,0
301140,74,0,0
301140,150,1,0
301140,161,0,0
301140,167,1,0
301140,248,0,0
301140,252,1,0
301141,127,0,1
301141,149,1,0
301142,116,0,0
301142,142,1,0
301142,159,0,0
301142,171,1,0
301142,176,0,0
301142,199,1,0
301143,35,0,0
301143,81,1,0
301143,140,0,0
301143,178,1,0
301143,261,0,0
301144,84,0,0
301144,99,1,0
301144,172,0,0
301144,193,1,0
301144,225,0,0
301144,246,1,0
301145,18,0,0
301145,54,1,0
301145,76,0,0
301145,83,1,0
301145,127,0,1
301145,144,1,0
301145,173,0,0
301145,182,1,0
301146,295,0,0
301147,10,1,0
301147,48,0,0
301147,61,1,0
301147,89,0,0
301147,113,1,0
301147,216,0,0
301147,225,1,0
301147,254,0,0
301148,33,0,0
301148,75,1,0
301148,94,0,0
301148,192,1,0
301148,246,0,0
301149,153,0,0
301149,182,1,0
301150,14,0,0
301150,56,1,0
301150,104,0,0
301150,107,1,0
301151,88,0,0
301151,113,1,0
301151,270,0,0
301151,279,1,0
301152,13,1,0
301152,14,0,0
301152,49,1,0
301152,55,0,0
301152,77,1,0
301152,85,0,1
301152,147,1,0
301152,289,0,0
301153,2,1,0
301153,83,0,0
301153,87,1,0
301153,95,0,0
301153,100,1,0
301153,222,0,1
301153,251,1,0
301153,282,0,0
301154,8,0,0
301154,47,1,0
301154,155,0,0
301154,161,1,0
301154,232,0,0
301154,252,1,0
301155,99,0,0
301155,128,1,0
301155,152,0,0
301155,192,1,0
301156,93,1,0
301156,96,0,0
301156,99,1,0
301156,144,0,0
301156,150,1,0
301156,181,0,0
301156,197,1,0
301156,209,0,0
301156,262,1,0
301157,17,0,0
301157,101,1,0
301157,211,0,0
301157,212,1,0
301157,282,0,0
301158,160,0,0
301158,164,1,0
301158,205,0,0
301158,227,1,0
301159,83,0,0
301159,94,1,0
301159,183,0,0
301159,221,1,0
301159,252,0,0
301159,257,1,0
301159,278,0,0
301160,102,1,0
301160,219,0,0
301160,257,1,0
301161,253,0,0
301161,268,1,0
301162,24,1,0
301162,130,0,0
301162,162,1,0
301162,204,0,0
301163,215,0,0
301163,250,1,1
301164,65,0,0
301164,98,1,0
301164,101,0,0
301164,152,1,0
301164,191,0,0
301164,208,1,0
301165,141,0,0
301165,157,1,0
301167,32,1,0
301167,61,0,0
301167,111,1,0
301167,131,0,0
301167,143,1,0
301168,62,0,0
301168,75,1,0
301168,152,0,0
301168,158,1,0
301168,198,0,0
301168,218,1,0
301169,5,1,0
301169,21,0,0
301169,53,1,0
301169,61,0,0
301169,76,1,0
301169,95,0,0
301169,149,1,0
301169,157,0,0
301169,168,1,0
301169,180,0,0
301169,195,1,0
301169,214,0,0
301169,232,1,0
301170,122,0,0
301170,141,1,0
301170,254,0,0
301171,10,0,0
301171,29,1,0
301171,46,0,0
301171,106,1,0
301171,136,0,0
301171,171,1,0
301171,190,0,0
301171,191,1,0
301171,246,0,0
301172,9,1,0
301172,45,0,0
301172,53,1,0
301172,63,0,0
301172,82,1,0
301172,157,0,0
301172,208,1,0
301172,240,0,0
301172,241,1,0
301173,4,0,0
301173,13,1,0
301173,22,0,0
301173,23,1,0
301173,212,0,0
301173,239,1,0
301174,13,1,0
301174,44,0,0
301174,78,1,0
301174,117,0,0
301174,172,1,0
301175,19,0,0
301175,48,1,0
301175,87,0,0
301175,155,1,0
301175,202,0,0
301176,76,0,0
301176,130,1,0
301176,147,0,0
301176,180,1,0
301176,217,0,0
301178,38,1,0
301178,142,0,0
301178,168,1,0
301178,197,0,0
301178,219,1,0
301179,151,0,0
301179,152,1,0
301179,222,0,0
301179,244,1,0
301180,169,0,0
301180,191,1,0
301180,199,0,0
301180,205,1,0
301181,220,0,0
301182,166,0,0
301182,174,1,0
301182,178,0,0
301182,208,1,0
301183,24,0,0
301183,34,1,0
301183,62,0,0
301183,89,1,0
301183,95,0,1
301183,101,1,0
301183,121,0,0
301183,148,1,0
301183,189,0,0
301183,207,1,0
301183,230,0,0
301183,244,1,0
301184,25,1,0
301184,31,0,0
301184,39,1,0
301184,47,0,0
301184,108,1,0
301184,143,0,0
301184,149,1,0
301184,229,0,0
301185,41,0,0
301185,47,1,0
301185,67,0,0
301185,160,1,0
301185,171,0,0
301185,172,1,0
301186,6,1,0
301186,32,0,0
301186,111,1,0
301186,171,0,0
301186,173,1,0
301186,211,0,0
301186,249,1,0
301186,263,0,0
301186,266,1,0
301187,27,1,0
301187,93,0,0
301187,94,1,0
301187,122,0,0
301187,133,1,0
301187,196,0,0
301187,211,1,0
301188,83,0,0
301188,93,1,0
301188,142,0,0
301188,157,1,0
301188,173,0,0
301188,179,1,0
301188,209,0,0
301188,210,1,0
301188,220,0,0
301189,94,0,0
301189,96,1,0
301189,130,0,0
301189,149,1,0
301189,214,0,0
301189,224,1,0
301189,234,0,0
301189,250,1,0
301190,32,0,0
301190,70,1,0
301190,76,0,0
301190,105,1,0
301190,173,0,0
301190,209,1,0
301190,217,0,0
301190,224,1,0
301190,266,0,0
301190,267,1,0
301191,29,1,0
301191,36,0,0
301191,48,1,0
301191,62,0,0
301191,71,1,0
301191,97,0,0
301191,117,1,0
301191,234,0,0
301191,244,1,0
301192,18,0,0
301192,38,1,0
301192,83,0,0
301192,103,1,0
301192,105,0,0
301192,143,1,0
301192,203,0,0
301192,204,1,0
301192,257,0,0
301193,37,0,0
301193,46,1,0
301193,140,0,1
301193,168,1,0
301193,235,0,0
301193,252,1,0
301194,86,0,0
301194,91,1,0
301194,110,0,0
301194,174,1,0
301194,202,0,0
301194,205,1,0
301194,213,0,0
301194,231,1,0
301194,258,0,0
301195,37,0,0
301195,38,1,0
301195,87,0,0
301195,117,1,0
301196,45,1,0
301196,190,0,0
301196,195,1,0
301196,236,0,0
301196,241,1,0
301196,246,0,0
301197,20,1,0
301197,38,0,0
301197,45,1,0
301197,255,0,0
301197,259,1,0
301198,31,0,1
301198,34,1,0
301198,53,0,1
301198,67,1,0
301198,157,0,0
301198,203,1,0
301198,280,0,0
301199,179,0,0
301199,220,1,0
301200,37,0,0
301200,84,1,0
301200,90,0,0
301200,92,1,0
301200,165,0,0
301200,170,1,0
301200,172,0,0
301200,218,1,0
301200,229,0,0
301200,232,1,0
301200,291,0,0
301201,203,1,0
301202,17,0,0
301202,20,1,0
301202,126,0,0
301202,136,1,0
301202,185,0,0
301202,212,1,1
301203,78,0,0
301203,97,1,0
301203,122,0,0
301203,126,1,0
301203,167,0,0
301203,202,1,0
301204,55,0,0
301204,120,1,0
301204,267,0,0
301204,286,1,0
301205,101,1,0
301205,122,0,0
301205,174,1,0
301206,80,0,0
301206,87,1,0
301206,95,0,0
301206,140,1,0
301206,141,0,0
301206,191,1,0
301206,206,0,0
301206,229,1,0
301207,57,0,0
301207,69,1,0
301208,33,0,0
301208,45,1,0
301208,124,0,0
301208,184,1,0
301208,216,0,0
301208,218,1,0
301208,253,0,0
301209,18,0,0
301209,22,1,0
301209,112,0,0
301209,178,1,0
301209,249,0,0
301209,259,1,0
301210,1,0,0
301210,23,1,0
301210,123,0,0
301210,175,1,0
301210,248,0,0
301211,30,1,0
301211,183,0,0
301211,196,1,0
301211,240,0,0
301211,265,1,0
301212,12,1,0
301212,21,0,0
301212,34,1,0
301212,38,0,0
301212,46,1,0
301212,52,0,0
301212,65,1,0
301212,77,0,0
301212,135,1,0
301212,137,0,0
301212,162,1,0
301213,42,0,0
301213,45,1,0
301213,140,0,0
301213,157,1,0
301213,199,0,0
301213,212,1,0
301214,10,1,0
301214,61,0,0
301214,66,1,0
301214,168,0,0
301214,176,1,0
301214,227,0,0
301214,228,1,0
301214,286,0,0
301215,17,1,0
301215,22,0,0
301215,30,1,0
301215,47,0,0
301215,64,1,0
301215,132,0,0
301215,180,1,0
301215,211,0,0
301215,216,1,0
301215,239,0,0
301215,251,1,0
301215,272,0,0
301216,151,0,0
301216,204,1,0
301216,275,0,0
301216,278,1,0
301217,21,0,0
301217,113,1,0
301217,243,0,0
301218,6,1,0
301218,13,0,0
301218,18,1,0
301219,79,0,0
301219,111,1,0
301219,220,0,0
301219,251,1,0
301220,87,0,0
301220,106,1,0
301220,126,0,0
301220,145,1,0
301220,194,0,0
301220,245,1,0
301221,161,0,0
301221,199,1,0
301222,56,0,0
301222,81,1,0
301222,244,0,0
301222,257,1,0
301223,88,0,0
301223,95,1,0
301223,140,0,0
301223,228,1,0
301223,230,0,0
301223,265,1,0
301223,284,0,0
301224,46,0,0
301224,57,1,0
301224,202,0,0
301224,234,1,0
301225,38,0,0
301225,45,1,0
301225,113,0,0
301225,118,1,0
301225,120,0,1
301225,140,1,0
301225,150,0,0
301225,159,1,0
301225,164,0,0
301225,182,1,0
301225,184,0,0
301225,202,1,0
301226,10,0,0
301226,29,1,0
301226,44,0,0
301226,74,1,0
301226,105,0,0
301226,132,1,0
301226,178,0,0
301226,182,1,0
301226,224,0,0
301226,242,1,0
301227,187,0,0
301227,226,1,0
301228,3,0,0
301228,5,1,0
301228,121,0,0
301228,160,1,0
301229,73,0,0
301229,78,1,0
301229,123,0,0
301229,146,1,0
301229,203,0,0
301229,218,1,0
301229,232,0,0
301229,256,1,0
301230,263,0,0
301231,39,0,0
301231,48,1,0
301231,58,0,0
301231,106,1,0
301231,141,0,0
301231,180,1,0
301231,241,0,0
301232,60,0,0
301232,62,1,0
301232,124,0,0
301232,134,1,0
301232,198,0,0
301232,202,1,0
301232,203,0,0
301232,264,1,0
301232,265,0,0
301233,125,0,0
301233,161,1,0
301233,199,0,0
301233,203,1,0
301234,42,0,0
301234,114,1,0
301234,141,0,0
301234,151,1,0
301234,202,0,0
301234,211,1,0
301235,89,0,0
301235,104,1,0
301235,161,0,0
301235,169,1,0
301235,173,0,0
301235,176,1,0
301235,184,0,0
301235,185,1,0
301235,229,0,0
301236,33,0,0
301236,61,1,0
301236,205,0,0
301236,245,1,0
301237,34,0,0
301237,44,1,0
301237,212,0,0
301237,269,1,0
301237,272,0,0
301238,70,0,0
301238,97,1,0
301238,176,0,0
301238,185,1,0
301238,190,0,0
301238,223,1,0
301238,261,0,0
301238,304,1,0
301240,145,0,0
301240,199,1,0
301242,6,1,0
301242,47,0,0
301242,84,1,0
301242,96,0,0
301242,151,1,0
301242,195,0,0
301242,244,1,0
301243,25,0,0
301243,29,1,0
301243,72,0,0
301243,83,1,0
301243,85,0,0
301243,93,1,0
301243,130,0,0
301243,162,1,0
301243,166,0,0
301243,190,1,0
301243,203,0,0
301243,206,1,0
301243,249,0,0
301243,252,1,0
301243,261,0,0
301244,95,0,0
301244,138,1,0
301244,209,0,0
301244,252,1,0
301245,7,1,0
301245,72,0,0
301245,108,1,0
301245,197,0,0
301245,213,1,0
301245,240,0,0
301245,287,1,0
301246,40,0,0
301246,97,1,0
301246,125,0,0
301246,146,1,0
301247,53,0,0
301247,72,1,0
301247,161,0,0
301247,197,1,0
301248,108,0,0
301248,134,1,0
301248,191,0,0
301248,265,1,0
301248,268,0,0
301248,285,1,0
301249,27,0,0
301249,51,1,1
301249,86,0,0
301249,104,1,0
301249,122,0,0
301249,128,1,0
301249,176,0,0
301249,227,1,0
301250,122,0,0
301250,189,1,0
301250,194,0,0
301250,209,1,0
301250,214,0,0
301250,223,1,0
301250,267,0,1
301250,278,1,0
301251,114,0,0
301251,120,1,0
301251,158,0,0
301251,209,1,0
301252,130,0,0
301252,131,1,0
301252,166,0,0
301252,222,1,0
301253,138,0,0
301253,143,1,0
301253,153,0,0
301253,171,1,0
301253,219,0,0
301253,223,1,0
301254,16,1,0
301254,218,0,0
301254,223,1,0
301254,227,0,0
301254,236,1,0
301255,116,0,0
301255,130,1,0
301255,163,0,0
301255,170,1,0
301255,227,0,0
301255,231,1,0
301256,42,0,0
301256,46,1,0
301256,97,0,0
301256,103,1,0
301256,224,0,0
301256,231,1,0
301257,143,0,0
301257,144,1,0
301257,189,0,0
301257,277,1,0
301258,7,0,0
301258,57,1,0
301258,113,0,0
301258,114,1,0
301259,46,0,0
301259,110,1,0
301259,262,0,0
301259,278,1,0
301260,34,0,0
301260,52,1,0
301260,64,0,0
301260,75,1,0
301260,107,0,0
301260,130,1,0
301260,161,0,0
301260,180,1,0
301261,69,0,0
301261,97,1,0
301261,216,0,0
301261,297,1,0
301261,305,0,0
301262,27,1,0
301262,160,0,0
301262,166,1,0
301262,254,0,0
301263,5,1,0
301263,10,0,0
301263,21,1,0
301263,51,0,0
301263,88,1,0
301263,116,0,0
301263,131,1,0
301263,142,0,0
301263,145,1,0
301263,189,0,0
301263,266,1,0
301264,84,0,0
301264,89,1,0
301264,140,0,0
301264,181,1,0
301264,205,0,0
301264,215,1,0
301264,219,0,0
301264,235,1,0
301265,25,0,0
301265,64,1,0
301265,90,0,0
301265,134,1,0
301265,135,0,0
301265,184,1,0
301265,207,0,0
301265,221,1,0
301265,246,0,0
301265,255,1,0
301265,283,0,0
301266,50,0,0
301266,71,1,0
301266,119,0,0
301266,207,1,0
301266,220,0,0
301267,6,0,0
301267,79,1,0
301267,150,0,0
301267,167,1,0
301267,182,0,0
301267,201,1,0
301267,223,0,0
301268,87,0,0
301268,124,1,0
301268,126,0,0
301268,135,1,0
301268,170,0,0
301268,192,1,0
301269,9,0,0
301269,55,1,0
301269,144,0,0
301269,150,1,0
301269,192,0,0
301269,201,1,0
301269,218,0,0
301269,221,1,0
301269,255,0,0
301270,196,0,0
301270,215,1,0
301270,225,1,0
301271,9,0,0
301271,67,1,0
301271,196,0,0
301271,254,1,0
301272,8,0,0
301272,15,1,0
301272,94,0,0
301272,97,1,0
301272,126,0,0
301272,129,1,0
301272,159,0,0
301272,176,1,0
301272,221,0,0
301272,263,1,0
301272,264,0,0
301272,266,1,1
301273,22,0,0
301273,54,1,0
301273,114,0,1
301273,142,1,0
301273,211,0,0
301273,233,1,0
301274,42,0,0
301274,83,1,0
301274,127,0,0
301274,138,1,0
301274,188,0,0
301274,193,1,0
301274,221,0,0
301274,260,1,0
301275,47,0,0
301275,196,1,0
301275,204,0,0
301275,235,1,0
301275,269,0,0
301275,270,1,0
301276,27,0,0
301276,35,1,0
301276,147,0,0
301276,165,1,0
301277,36,1,0
301277,37,0,0
301277,87,1,0
301277,103,0,0
301277,133,1,0
301277,146,0,0
301277,177,1,0
301278,10,0,0
301278,72,1,0
301278,73,0,0
301278,90,1,0
301278,91,0,0
301278,142,1,0
301278,189,0,0
301278,226,1,0
301279,60,1,0
301279,124,0,0
301279,129,1,0
301279,144,0,0
301279,174,1,0
301279,220,0,0
301279,222,1,0
301279,259,0,0
301279,260,1,0
301279,273,0,0
301280,93,0,0
301280,101,1,0
301280,230,0,0
301280,231,1,1
301280,249,0,0
301280,281,1,0
301281,18,1,0
301281,51,0,0
301281,73,1,0
301281,79,0,0
301281,102,1,0
301281,164,0,0
301281,198,1,0
301281,220,0,0
301281,265,1,0
301282,172,0,0
301282,186,1,0
301282,261,0,0
301282,271,1,0
301283,4,0,0
301283,81,1,0
301283,252,0,0
301283,256,1,0
301284,50,0,0
301284,61,1,0
301284,122,0,0
301284,149,1,0
301284,152,0,0
301284,179,1,0
301284,192,0,0
301284,278,1,0
301285,11,0,0
301285,96,1,0
301285,115,0,0
301285,136,1,0
301285,174,0,0
301285,191,1,0
301286,1,1,0
301286,104,0,0
301286,112,1,0
301286,120,0,0
301286,133,1,0
301286,135,0,0
301286,138,1,0
301286,221,0,0
301286,244,1,0
301286,254,0,0
301286,271,1,0
301287,65,0,0
301287,83,1,0
301287,279,0,0
301288,143,0,0
301288,185,1,0
301288,188,0,0
301288,236,1,0
301288,253,0,0
301289,157,0,0
301289,174,1,0
301289,215,0,0
301289,249,1,0
301290,70,0,0
301290,95,1,0
301290,198,0,0
301290,206,1,0
301290,273,0,0
301290,277,1,0
301291,157,0,0
301291,269,1,0
301292,23,0,0
301292,36,1,0
301292,59,0,0
301292,105,1,0
301292,141,0,0
301292,154,1,0
301292,187,0,0
301292,194,1,0
301292,195,0,0
301292,201,1,0
301292,209,0,0
301292,243,1,0
301293,23,1,0
301293,81,0,0
301293,145,1,0
301293,264,0,0
301294,60,0,0
301294,91,1,0
301294,92,0,0
301294,123,1,0
301294,272,0,0
301294,273,1,0
301295,97,0,0
301295,127,1,0
301295,206,0,0
301295,274,1,0
301295,282,0,0
301296,61,1,0
301296,173,0,0
301296,174,1,0
301296,224,0,0
301296,244,1,0
301297,4,0,0
301297,19,1,0
301297,59,0,0
301297,81,1,0
301297,166,0,0
301297,167,1,0
301298,11,1,0
301298,13,0,0
301298,129,1,0
301298,182,0,0
301298,220,1,0
301299,187,0,0
301299,191,1,0
301299,244,0,0
301300,106,0,0
301300,113,1,0
301300,136,0,0
301300,179,1,0
301300,181,0,0
301300,224,1,0
301301,32,0,0
301301,65,1,0
301301,118,0,0
301301,126,1,0
301301,157,0,0
301301,164,1,0
301301,249,0,0
301301,255,1,0
301301,270,0,0
301301,286,1,0
301303,140,0,0
301303,146,1,0
301304,44,0,0
301304,53,1,0
301304,186,0,0
301304,227,1,0
301305,107,0,0
301305,111,1,0
301305,199,0,0
301305,222,1,0
301305,237,0,0
301306,2,0,0
301306,11,1,0
301306,27,0,0
301306,37,1,0
301306,70,0,0
301306,92,1,0
301306,177,0,0
301306,180,1,0
301306,233,0,0
301306,241,1,0
301306,247,0,0
301307,9,0,0
301307,50,1,0
301307,78,0,0
301307,118,1,0
301307,160,0,0
301307,190,1,0
301307,207,0,0
301307,209,1,0
301307,269,0,0
301308,45,0,0
301308,66,1,0
301308,80,0,0
301308,101,1,0
301308,162,0,0
301308,175,1,0
301308,208,0,0
301308,273,1,0
301309,177,0,0
301309,197,1,0
301309,212,0,0
301310,48,0,0
301310,51,1,0
301310,62,0,0
301310,84,1,0
301310,95,0,0
301310,105,1,0
301310,151,0,0
301310,168,1,0
301310,228,0,0
301310,244,1,0
301310,260,0,0
301310,275,1,0
301311,36,1,0
301311,147,0,0
301311,150,1,0
301311,151,0,0
301311,229,1,0
301313,154,0,0
301313,155,1,0
301314,1,1,0
301314,15,0,0
301314,47,1,0
301314,226,0,0
301314,248,1,0
301315,1,0,0
301315,32,1,0
301315,171,0,0
301315,178,1,0
301315,222,0,0
301315,224,1,0
301316,74,0,0
301316,80,1,0
301316,87,0,0
301316,254,1,0
301317,10,0,0
301317,24,1,0
301318,159,0,0
301318,187,1,0
301318,197,0,0
301318,208,1,0
301319,133,0,0
301319,148,1,0
301319,187,0,0
301319,190,1,0
301320,2,1,0
301320,91,0,0
301320,101,1,0
301320,111,0,0
301320,112,1,0
301320,199,0,1
301320,226,1,0
301321,134,0,0
301321,162,1,0
301322,218,0,0
301322,234,1,0
301322,239,0,0
301322,264,1,0
301323,29,0,0
301323,37,1,0
301323,60,0,0
301323,63,1,0
301323,212,0,0
301323,241,1,0
301323,250,0,0
301324,78,0,0
301324,85,1,0
301324,268,0,0
301324,285,1,0
301324,295,0,0
301325,16,0,0
301325,26,1,0
301325,62,0,0
301325,94,1,0
301325,265,0,0
301326,86,0,0
301326,91,1,0
301326,147,0,0
301326,191,1,0
301326,205,0,0
301326,235,1,0
301326,261,0,0
301327,13,0,0
301327,32,1,0
301327,58,0,0
301327,64,1,0
301327,121,0,0
301327,129,1,0
301327,144,0,0
301327,146,1,0
301327,147,0,0
301327,187,1,0
301328,111,0,0
301328,157,1,0
301328,159,0,0
301328,160,1,0
301328,226,0,0
301328,259,1,0
301329,131,1,0
301329,191,0,0
301329,236,1,0
301330,243,0,0
301330,253,1,0
301331,63,0,0
301331,116,1,0
301331,129,0,0
301331,145,1,0
301331,216,0,0
301331,219,1,0
301331,240,0,0
301331,283,1,0
301332,30,1,0
301332,92,0,0
301332,98,1,0
301332,117,0,0
301332,125,1,0
301332,217,0,0
301332,222,1,0
301333,75,1,0
301333,109,0,0
301333,139,1,0
301333,170,0,0
301333,180,1,0
301333,195,0,0
301333,221,1,0
301334,2,1,0
301334,77,0,0
301334,79,1,0
301334,133,0,0
301334,158,1,0
301334,169,0,0
301334,207,1,0
301334,245,0,0
301334,287,1,0
301335,58,0,0
301335,106,1,0
301335,209,0,0
301335,278,1,0
301336,44,1,0
301336,103,0,0
301336,109,1,0
301336,252,0,0
301336,278,1,0
301336,298,0,0
301337,118,0,0
301337,147,1,0
301337,254,0,0
301337,260,1,0
301338,139,0,0
301338,141,1,0
301338,164,0,0
301338,170,1,0
301338,173,0,0
301338,240,1,0
301339,18,1,0
301339,182,0,0
301339,199,1,0
301340,43,0,0
301340,92,1,0
301340,98,0,0
301340,123,1,0
301340,153,0,0
301340,162,1,0
301340,193,0,0
301340,210,1,0
301340,214,0,0
301340,230,1,0
301340,279,0,0
301340,284,1,0
301341,47,0,0
301341,56,1,0
301341,72,0,0
301341,101,1,0
301341,132,0,0
301341,138,1,0
301342,165,0,0
301342,189,1,0
301342,267,0,0
301343,154,0,0
301343,180,1,0
301343,223,0,0
301343,286,1,0
301344,45,1,0
301344,51,0,0
301344,133,1,0
301344,249,0,0
301344,250,1,0
301345,110,0,0
301345,120,1,0
301345,156,0,0
301345,158,1,0
301345,192,0,0
301345,211,1,0
301345,242,0,1
301345,249,1,0
301346,43,0,0
301346,85,1,0
301346,190,0,0
301346,206,1,0
301346,262,0,0
301346,289,1,0
301347,10,1,0
301347,82,0,0
301347,85,1,0
301347,273,0,0
301348,69,0,1
301348,72,1,0
301348,97,0,0
301348,103,1,0
301348,146,0,0
301348,184,1,0
301349,3,0,1
301349,11,1,0
301349,70,0,0
301349,75,1,0
301349,99,0,0
301349,153,1,0
301350,86,0,0
301350,168,1,0
301350,184,0,0
301351,49,0,0
301351,147,1,0
301351,165,0,0
301351,175,1,0
301351,219,0,0
301352,14,0,0
301352,26,1,0
301352,149,0,0
301352,154,1,0
301352,180,0,0
301352,210,1,0
301352,211,0,0
301352,214,1,0
301352,228,0,0
301352,231,1,0
301353,5,0,0
301353,15,1,0
301353,165,0,0
301353,196,1,0
301354,42,1,0
301354,52,0,0
301354,64,1,0
301354,237,0,0
301355,37,0,0
301355,44,1,0
301355,155,0,0
301355,161,1,0
301356,30,0,0
301356,104,1,0
301357,85,0,0
301357,88,1,0
301357,97,0,0
301357,119,1,0
301357,139,0,0
301357,151,1,0
301357,204,0,0
301357,205,1,0
301358,92,0,0
301358,113,1,0
301359,107,0,1
301359,138,1,0
301359,193,0,0
301359,256,1,0
301360,3,1,0
301360,127,0,0
301360,133,1,0
301361,32,1,0
301362,2,0,0
301362,8,1,0
301362,112,0,0
301362,133,1,0
301362,166,0,0
301362,213,1,0
301362,255,0,0
301363,29,1,0
301363,44,0,0
301363,64,1,0
301363,120,0,0
301363,146,1,0
301363,159,0,0
301363,211,1,0
301364,95,0,1
301364,121,1,0
301364,248,0,0
301364,260,1,0
301365,100,0,0
301365,111,1,0
301365,239,0,0
301365,266,1,0
301365,273,0,0
301366,52,0,0
301366,149,1,0
301366,203,0,0
301366,223,1,0
301367,3,1,0
301367,80,0,0
301367,127,1,0
301367,193,0,0
301367,221,1,0
301367,257,0,0
301367,292,1,0
301368,48,0,0
301368,121,1,0
301368,242,0,0
301368,244,1,0
301368,314,0,0
301369,55,0,0
301369,58,1,0
301369,68,0,0
301369,201,1,0
301369,228,0,0
301369,234,1,0
301370,3,0,0
301370,26,1,0
301370,244,0,0
301371,35,0,0
301371,68,1,0
301371,145,0,0
301371,155,1,0
301372,25,0,0
301372,40,1,0
301372,193,0,0
301372,196,1,0
301372,239,0,0
301372,252,1,0
301373,30,1,0
301373,41,0,0
301373,58,1,0
301373,184,0,0
301373,240,1,0
301374,31,1,0
301374,213,0,0
301374,234,1,0
301375,19,0,0
301375,22,1,0
301375,266,0,0
301376,5,0,0
301376,59,1,0
301376,221,0,0
301376,225,1,0
301376,243,0,0
301376,252,1,0
301377,85,0,0
301377,147,1,0
301377,229,0,0
301377,232,1,0
301377,252,0,0
301378,138,0,0
301378,141,1,0
301379,19,0,0
301379,25,1,0
301379,29,0,0
301379,41,1,0
301379,140,0,0
301379,159,1,0
301379,230,0,0
301380,25,0,0
301380,31,1,0
301380,51,0,0
301380,52,1,0
301380,91,0,0
301380,120,1,0
301380,149,0,0
301380,163,1,0
301380,166,0,0
301380,222,1,0
301381,70,0,0
301381,76,1,0
301381,85,0,0
301381,141,1,0
301381,201,0,0
301381,207,1,0
301381,234,0,0
301381,236,1,0
301381,254,0,0
301382,35,0,0
301382,47,1,0
301382,87,0,0
301382,104,1,0
301382,107,0,0
301382,116,1,0
301382,143,0,0
301382,210,1,0
301382,249,0,0
301383,87,1,0
301383,224,0,0
301384,21,1,0
301384,63,0,0
301384,67,1,0
301384,93,0,0
301384,118,1,0
301384,239,0,0
301385,7,0,0
301385,36,1,0
301385,54,0,0
301385,69,1,0
301385,92,0,0
301385,101,1,0
301385,258,0,0
301386,7,0,0
301386,53,1,0
301386,101,0,0
301386,197,1,0
301386,221,0,0
301387,128,0,0
301387,177,1,0
301387,245,0,0
301388,10,1,0
301388,77,0,0
301388,111,1,0
301388,152,0,0
301388,167,1,0
301388,261,0,0
301389,156,0,0
301389,186,1,0
301389,207,0,0
301389,235,1,0
301389,254,0,0
301389,255,1,0
301389,264,0,0
301389,297,1,0
301389,298,0,0
301390,43,0,0
301390,57,1,0
301391,30,0,0
301391,59,1,0
301391,184,0,0
301391,193,1,0
301391,234,0,0
301391,262,1,0
301391,263,0,0
301392,75,1,0
301392,94,0,0
301392,126,1,0
301393,100,0,0
301393,103,1,0
301393,116,0,0
301393,135,1,0
301393,139,0,0
301394,23,0,0
301394,27,1,0
301394,41,0,0
301394,230,1,0
301395,46,0,0
301395,48,1,0
301395,225,0,0
301395,246,1,0
301395,279,0,0
301396,58,1,0
301396,141,0,0
301396,172,1,0
301396,192,0,0
301396,210,1,0
301396,266,0,0
301397,16,0,0
301397,27,1,0
301397,199,0,1
301397,205,1,0
301397,210,0,0
301397,222,1,0
301397,245,0,0
301397,258,1,0
301397,262,0,0
301397,270,1,0
301398,168,0,0
301398,194,1,0
301399,5,1,0
301399,13,0,0
301399,42,1,0
301399,47,0,0
301399,52,1,0
301399,127,0,0
301399,163,1,0
301399,208,0,0
301399,209,1,0
301399,222,0,0
301399,242,1,0
301400,14,0,0
301400,30,1,0
301401,88,0,0
301401,149,1,0
301402,29,0,0
301402,35,1,0
301402,92,0,0
301402,115,1,0
301402,132,0,0
301402,205,1,0
301403,94,0,0
301403,110,1,0
301404,1,1,0
301404,137,0,0
301404,152,1,0
301404,218,0,0
301404,246,1,0
301405,25,0,0
301405,33,1,0
301405,47,0,0
301405,73,1,0
301405,105,0,0
301405,114,1,0
301405,176,0,0
301405,196,1,0
301405,210,0,0
301405,252,1,0
301406,3,0,0
301406,102,1,0
301406,121,0,0
301406,213,1,0
301406,219,0,0
301406,246,1,0
301406,285,0,0
301407,53,0,0
301407,77,1,0
301408,69,0,0
301408,72,1,0
301408,111,0,0
301408,144,1,0
301409,8,0,0
301409,20,1,0
301409,32,0,0
301409,49,1,0
301409,186,0,0
301410,8,1,0
301410,41,0,0
301410,117,1,0
301410,140,0,0
301410,180,1,0
301410,210,0,0
301410,213,1,0
301410,283,0,0
301411,122,0,0
301411,124,1,0
301411,220,0,0
301411,229,1,0
301412,128,1,0
301412,167,0,0
301412,217,1,0
301414,5,0,0
301414,27,1,0
301414,74,0,0
301414,89,1,0
301414,133,0,0
301414,153,1,0
301414,262,0,0
301414,277,1,0
301415,12,1,0
301415,22,0,0
301415,44,1,0
301415,74,0,0
301415,88,1,0
301415,146,0,0
301415,174,1,0
301415,235,0,0
301415,237,1,0
301416,12,1,0
301416,25,0,0
301416,34,1,0
301416,85,0,0
301416,103,1,0
301417,2,0,0
301417,86,1,0
301417,226,0,0
301417,234,1,0
301418,97,0,0
301418,125,1,0
301418,149,0,0
301418,164,1,0
301418,168,0,0
301418,208,1,0
301418,250,0,0
301418,273,1,0
301419,7,0,0
301419,24,1,0
301419,84,0,0
301419,108,1,0
301419,123,0,0
301419,197,1,0
301420,60,0,0
301420,65,1,0
301420,96,0,0
301420,109,1,0
301420,111,0,0
301420,119,1,0
301420,137,0,0
301420,155,1,0
301421,3,0,0
301421,57,1,0
301421,129,0,0
301421,143,1,0
301421,197,0,0
301421,221,1,0
301421,234,0,0
301421,236,1,0
301422,71,0,0
301422,103,1,0
301422,198,0,0
301422,237,1,0
301423,124,0,0
301423,139,1,0
301423,253,0,0
301423,255,1,0
301424,30,1,0
301424,34,0,0
301424,134,1,0
301424,137,0,0
301424,141,1,0
301424,177,0,0
301424,186,1,0
301424,197,0,0
301424,217,1,0
301424,234,0,0
301424,249,1,0
301424,254,0,0
301424,257,1,0
301424,269,0,0
301425,107,0,0
301425,129,1,0
301425,142,0,0
301425,146,1,0
301425,163,0,0
301425,171,1,0
301425,256,0,0
301426,100,0,0
301426,129,1,0
301426,131,0,0
301426,158,1,0
301426,196,0,1
301426,245,1,0
301427,23,1,0
301427,64,0,0
301427,113,1,0
301427,133,0,0
301427,141,1,0
301427,230,0,0
301427,246,1,0
301428,33,0,0
301428,55,1,1
301428,138,0,0
301428,144,1,0
301428,164,0,0
301428,175,1,0
301428,196,0,0
301428,201,1,0
301429,87,0,0
301429,166,1,0
301429,207,0,0
301429,224,1,0
301430,88,0,0
301430,184,1,0
301430,286,0,0
301431,81,0,0
301431,94,1,0
301431,138,0,0
301431,159,1,0
301431,173,0,0
301431,177,1,0
301431,182,0,0
301431,224,1,0
301431,246,0,0
301431,257,1,0
301432,232,0,0
301432,251,1,0
301434,178,0,0
301434,231,1,0
301434,248,0,0
301435,192,0,0
301435,196,1,0
301435,197,0,0
301435,202,1,0
301436,66,0,0
301436,84,1,0
301436,90,0,0
301436,129,1,0
301436,180,0,0
301436,206,1,0
301436,244,0,0
301436,257,1,0
301437,36,0,0
301437,94,1,0
301437,196,0,0
301438,76,0,0
301438,92,1,0
301438,211,0,0
301438,225,1,0
301438,273,0,0
301439,10,1,0
301439,49,0,0
301439,59,1,0
301439,126,0,0
301439,178,1,0
301439,215,0,0
301439,232,1,0
301439,264,0,0
301440,7,0,0
301440,12,1,0
301440,50,0,0
301440,70,1,0
301440,88,0,0
301440,99,1,0
301440,103,0,0
301440,147,1,0
301440,190,0,1
301440,231,1,0
301440,235,0,0
301440,246,1,0
301440,253,0,0
301440,266,1,0
301441,11,0,0
301441,30,1,0
301441,286,0,0
301442,4,0,0
301442,31,1,0
301442,57,0,0
301442,60,1,0
301442,87,0,0
301442,94,1,0
301442,104,0,0
301442,127,1,0
301442,180,0,0
301442,182,1,0
301443,20,0,0
301443,103,1,0
301443,137,0,0
301443,146,1,0
301443,172,0,0
301443,188,1,0
301443,233,0,0
301443,236,1,0
301444,33,1,0
301445,8,1,0
301445,152,0,0
301445,169,1,0
301445,173,0,0
301445,208,1,0
301445,290,0,0
301445,299,1,0
301446,19,0,0
301446,38,1,0
301446,101,0,0
301446,112,1,0
301446,198,0,0
301446,199,1,0
301447,23,1,0
301447,33,0,0
301447,130,1,0
301447,178,0,0
301447,199,1,0
301447,224,0,0
301447,226,1,0
301447,259,0,0
301447,266,1,0
301448,132,0,0
301448,139,1,0
301448,154,0,0
301448,174,1,0
301448,265,0,0
301449,17,0,0
301449,36,1,0
301449,134,0,0
301449,186,1,0
301450,18,0,0
301450,37,1,0
301450,48,0,0
301450,65,1,0
301450,80,0,0
301450,161,1,0
301450,168,0,0
301450,170,1,0
301450,257,0,0
301451,5,1,0
301451,16,0,0
301451,41,1,0
301451,128,0,0
301451,157,1,0
301451,175,0,0
301451,176,1,0
301451,207,0,1
301451,209,1,0
301451,225,0,1
301451,229,1,0
301451,261,0,0
301451,262,1,0
301452,30,0,0
301452,43,1,0
301452,79,0,0
301452,121,1,0
301452,134,0,0
301452,139,1,0
301452,147,0,0
301452,157,1,0
301452,233,0,0
301453,37,0,0
301453,57,1,0
301453,110,0,0
301453,121,1,0
301453,268,0,1
301454,8,0,0
301454,26,1,0
301454,100,0,0
301454,185,1,0
301455,66,0,0
301455,118,1,0
301455,173,0,0
301455,211,1,0
301456,55,0,0
301456,71,1,0
301456,86,0,0
301456,159,1,0
301456,199,0,0
301456,208,1,0
301456,238,0,0
301457,9,0,0
301457,20,1,0
301457,149,0,0
301457,242,1,0
301458,23,0,0
301458,31,1,0
301458,50,0,0
301458,56,1,0
301458,128,0,0
301458,136,1,0
301458,141,0,0
301458,275,1,0
301458,280,0,0
301459,73,1,0
301459,87,0,0
301459,100,1,0
301459,145,0,0
301459,161,1,0
301459,187,0,0
301459,213,1,0
301459,244,0,0
301459,251,1,0
301460,30,0,0
301460,55,1,0
301460,139,0,0
301460,213,1,0
301460,233,0,0
301460,289,1,0
301461,15,0,0
301461,59,1,0
301461,180,0,0
301461,201,1,0
301462,95,0,0
301462,128,1,0
301462,155,0,1
301462,239,1,0
301462,248,0,0
301462,274,1,0
301462,280,0,0
301462,294,1,0
301463,35,0,1
301463,67,1,0
301463,135,0,0
301463,185,1,0
301463,266,0,0
301464,36,0,0
301464,38,1,0
301464,74,0,0
301464,88,1,0
301464,110,0,0
301464,119,1,0
301464,222,0,0
301464,223,1,0
301465,7,0,0
301465,15,1,0
301465,104,0,0
301465,146,1,0
301465,148,0,0
301465,159,1,0
301466,10,1,0
301466,74,0,0
301466,115,1,0
301466,241,0,0
301466,267,1,0
301466,272,0,0
301467,40,0,0
301467,87,1,0
301467,126,0,0
301467,128,1,0
301467,230,0,0
301467,244,1,0
301468,11,0,0
301468,70,1,0
301468,137,0,0
301468,162,1,0
301468,251,0,0
301468,255,1,0
301469,21,1,0
301469,46,0,0
301469,105,1,0
301469,244,0,0
301469,257,1,0
301470,86,0,0
301470,89,1,0
301471,22,1,0
301471,124,0,0
301471,273,1,0
301472,2,0,0
301472,20,1,0
301472,76,0,0
301472,93,1,0
301472,199,0,0
301472,247,1,0
301473,42,0,0
301473,49,1,0
301473,109,0,0
301473,116,1,0
301473,179,0,0
301473,206,1,0
301473,246,0,0
301473,253,1,0
301474,20,1,0
301474,69,0,0
301474,72,1,0
301474,94,0,0
301474,110,1,0
301474,124,0,0
301474,159,1,0
301475,17,0,0
301475,74,1,0
301475,100,0,0
301475,143,1,0
301475,150,0,0
301475,161,1,0
301475,225,0,0
301475,250,1,0
301476,9,0,0
301476,52,1,0
301476,98,0,0
301476,106,1,0
301477,11,0,0
301477,20,1,0
301477,108,0,0
301477,123,1,0
301477,126,0,0
301477,132,1,0
301477,148,0,0
301477,212,1,0
301477,243,0,0
301477,263,1,0
301478,66,0,0
301478,69,1,0
301478,181,0,0
301478,223,1,0
301479,35,0,0
301479,46,1,0
301479,144,0,0
301479,150,1,0
301479,169,0,0
301479,204,1,0
301480,10,1,0
301480,70,0,0
301480,99,1,0
301480,129,0,0
301480,213,1,0
301480,259,0,0
301481,38,0,0
301481,55,1,0
301481,60,0,0
301481,67,1,0
301481,117,0,0
301481,181,1,0
301481,218,0,0
301481,252,1,0
301482,149,0,0
301482,173,1,0
301482,174,0,0
301482,191,1,0
301482,249,0,0
301482,273,1,0
301483,26,0,0
301483,49,1,0
301483,56,0,0
301483,116,1,0
301483,197,0,0
301483,252,1,0
301484,73,0,0
301484,84,1,0
301484,137,0,0
301484,166,1,0
301484,223,0,1
301484,276,1,0
301485,5,0,0
301485,62,1,0
301485,223,0,0
301485,269,1,0
301485,272,0,0
301486,44,0,0
301486,100,1,0
301486,102,0,0
301486,111,1,0
301486,136,0,0
301486,189,1,0
301486,197,0,0
301486,254,1,0
301487,54,0,0
301487,83,1,0
301487,157,0,0
301487,181,1,0
301487,223,0,0
301487,227,1,0
301488,34,0,0
301488,37,1,0
301488,85,0,0
301488,125,1,0
301488,223,0,0
301488,224,1,0
301489,30,0,0
301489,47,1,0
301489,131,0,0
301489,144,1,0
301489,195,0,1
301489,199,1,0
301489,255,0,0
301490,161,0,0
301490,177,1,0
301490,212,0,0
301490,214,1,0
301490,267,0,0
301491,41,0,0
301491,63,1,0
301491,94,0,0
301491,134,1,0
301491,170,0,0
301491,199,1,0
301492,30,1,0
301492,68,0,0
301492,86,1,0
301492,101,0,0
301492,117,1,0
301492,146,0,0
301492,147,1,0
301492,193,0,0
301492,207,1,0
301493,11,0,0
301493,35,1,0
301493,109,0,0
301493,112,1,0
301493,133,0,0
301493,140,1,0
301493,176,0,0
301493,187,1,0
301493,191,0,0
301493,201,1,0
301493,209,0,0
301493,269,1,0
301494,41,0,0
301494,50,1,0
301494,62,0,0
301494,76,1,0
301494,158,0,0
301494,195,1,0
301494,255,0,0
301494,262,1,0
301495,154,0,0
301495,172,1,0
301495,264,0,0
301496,8,0,1
301496,13,1,0
301496,27,0,0
301496,48,1,0
301496,64,0,0
301496,68,1,0
301496,172,0,0
301496,189,1,0
301496,245,0,0
301496,287,1,0
301497,163,0,0
301497,266,1,0
301498,35,0,0
301498,50,1,0
301498,111,0,0
301498,140,1,0
301498,224,0,0
301498,233,1,0
301500,76,0,0
301500,83,1,0
301500,86,0,0
301500,96,1,0
301500,215,0,0
301500,222,1,0
301500,259,0,0
301501,70,0,0
301501,79,1,0
301501,99,0,0
301501,125,1,0
301501,167,0,0
301501,168,1,0
301502,44,0,0
301502,76,1,0
301502,91,0,0
301502,122,1,0
301502,153,0,0
301502,214,1,0
301503,135,0,0
301503,185,1,0
301503,285,0,1
301503,288,1,0
301505,24,0,0
301505,32,1,0
301505,33,0,0
301505,39,1,0
301505,165,0,0
301505,174,1,0
301505,193,0,0
301505,234,1,0
301506,85,0,0
301506,91,1,0
301506,149,0,0
301506,150,1,0
301506,153,0,0
301506,183,1,0
301506,206,0,0
301506,215,1,0
301506,225,0,0
301506,253,1,0
301506,272,0,0
301507,6,1,0
301507,79,0,0
301507,112,1,0
301507,128,0,0
301507,166,1,0
301507,229,0,0
301507,260,1,0
301508,17,0,0
301508,45,1,0
301508,131,0,0
301508,202,1,0
301508,222,0,0
301508,246,1,0
301509,122,0,0
301509,157,1,0
301509,232,0,0
301510,6,1,0
301510,82,0,0
301510,108,1,0
301510,167,0,0
301510,188,1,0
301511,110,0,0
301511,123,1,0
301511,186,0,0
301511,214,1,0
301512,49,1,0
301512,175,0,0
301512,209,1,0
301513,10,0,0
301513,52,1,0
301513,268,0,0
301513,303,1,0
301514,87,0,0
301514,122,1,0
301515,16,1,0
301515,19,0,0
301515,53,1,0
301515,182,0,0
301515,214,1,0
301516,119,1,0
301516,131,0,0
301516,171,1,0
301516,232,0,0
301516,244,1,0
301517,80,0,0
301517,84,1,0
301517,86,0,0
301517,106,1,0
301517,110,0,0
301517,227,1,0
301517,268,0,0
301518,44,1,0
301518,119,0,0
301518,184,1,0
301519,102,0,0
301519,104,1,0
301520,68,1,0
301520,270,0,0
301521,204,0,0
301522,93,1,0
301522,195,0,0
301522,212,1,0
301523,172,0,0
301523,205,1,0
301524,24,0,1
301524,100,1,0
301524,201,0,0
301524,209,1,0
301525,10,0,0
301525,31,1,0
301525,127,0,0
301525,132,1,0
301525,163,0,0
301525,167,1,0
301526,140,0,0
301526,143,1,0
301526,160,0,0
301526,201,1,0
301527,104,0,0
301527,128,1,0
301527,159,0,0
301527,213,1,0
301528,149,0,0
301528,183,1,0
301528,211,0,0
301529,13,1,0
301529,87,0,0
301529,91,1,0
301529,119,0,0
301529,237,1,0
301529,241,0,0
301529,249,1,0
301530,3,0,0
301530,15,1,0
301530,139,0,0
301530,153,1,0
301530,158,0,0
301530,202,1,0
301530,203,0,0
301530,254,1,0
301530,264,0,0
301530,266,1,0
301531,9,0,0
301531,11,1,0
301531,139,0,0
301531,164,1,0
301532,54,1,0
301532,114,0,0
301532,125,1,0
301532,210,0,0
301532,265,1,0
301533,27,1,0
301533,123,0,0
301533,128,1,0
301533,147,0,0
301533,182,1,0
301533,248,0,0
301534,11,0,0
301534,54,1,0
301534,111,0,0
301534,114,1,0
301534,233,0,0
301534,268,1,0
301535,39,0,0
301535,73,1,0
301535,76,0,0
301535,88,1,0
301535,176,0,0
301535,204,1,0
301536,116,0,0
301536,144,1,0
301536,254,0,0
301536,265,1,0
301537,11,1,0
301537,195,0,0
301537,199,1,0
301537,255,0,0
301538,2,1,0
301538,56,0,0
301538,125,1,0
301539,3,0,0
301539,14,1,0
301539,51,0,0
301539,110,1,0
301539,192,0,0
301539,227,1,0
301539,256,0,0
301540,41,0,0
301540,66,1,0
301540,208,0,0
301540,214,1,0
301540,242,0,0
301540,249,1,0
301541,2,0,0
301541,17,1,0
301541,33,0,0
301541,90,1,0
301541,96,0,0
301541,162,1,0
301541,218,0,0
301541,246,1,0
301541,263,0,0
301542,16,1,0
301542,44,0,0
301542,52,1,0
301542,167,0,0
301542,185,1,0
301542,226,0,0
301542,236,1,0
301542,241,0,1
301543,21,0,0
301543,100,1,0
301543,131,0,0
301543,136,1,0
301543,163,0,0
301543,166,1,0
301543,262,0,0
301544,13,0,0
301544,69,1,0
301544,93,0,0
301544,186,1,0
301544,229,0,0
301544,239,1,0
301545,79,0,0
301545,130,1,0
301545,188,0,1
301545,210,1,0
301546,222,0,0
301546,228,1,0
301546,250,0,0
301546,251,1,0
301548,109,0,0
301548,121,1,0
301549,17,0,0
301549,30,1,0
301549,74,0,0
301549,90,1,0
301549,128,0,1
301549,178,1,0
301549,186,0,0
301549,204,1,0
301550,9,1,0
301550,30,0,0
301550,42,1,0
301550,94,0,0
301550,103,1,0
301550,188,0,0
301550,202,1,0
301550,243,0,0
301550,262,1,0
301551,99,0,0
301551,138,1,0
301551,175,0,0
301551,208,1,0
301552,56,0,0
301552,60,1,0
301552,139,0,0
301552,165,1,0
301552,241,0,0
301552,248,1,0
301552,258,0,0
301552,273,1,0
301553,28,1,0
301553,43,0,0
301553,151,1,0
301553,213,0,0
301553,235,1,0
301553,251,0,0
301554,36,0,0
301554,53,1,0
301554,129,0,0
301554,199,1,0
301554,285,0,0
301555,3,0,0
301555,7,1,0
301555,8,0,0
301555,83,1,0
301555,85,0,0
301555,125,1,0
301555,164,0,0
301555,175,1,0
301555,185,0,0
301556,64,0,0
301556,77,1,0
301556,136,0,0
301556,170,1,0
301556,232,0,1
301556,250,1,0
301557,25,0,0
301557,62,1,0
301557,167,0,0
301557,175,1,0
301557,276,0,0
301558,37,0,0
301558,77,1,0
301558,104,0,0
301558,131,1,0
301558,188,0,0
301558,219,1,0
301558,241,0,0
301558,278,1,0
301559,64,0,0
301559,103,1,0
301559,180,0,0
301559,188,1,0
301560,10,0,0
301560,27,1,0
301560,44,0,0
301560,69,1,0
301560,155,0,0
301561,82,0,0
301561,97,1,0
301561,141,0,0
301561,155,1,0
301561,185,0,0
301561,200,1,0
301562,51,0,0
301562,73,1,0
301562,302,0,0
301563,42,0,0
301563,66,1,0
301563,98,0,0
301563,155,1,0
301563,169,0,0
301563,250,1,0
301563,263,0,0
301563,275,1,0
301563,290,0,0
301564,22,0,0
301564,28,1,0
301565,5,1,0
301565,85,0,0
301565,137,1,0
301565,218,0,0
301566,22,1,0
301566,28,0,0
301566,33,1,0
301566,65,0,0
301566,201,1,0
301566,205,0,0
301566,212,1,0
301567,26,1,0
301567,43,0,0
301567,88,1,0
301568,144,0,0
301568,164,1,0
301568,187,0,0
301568,215,1,0
301569,18,0,0
301569,28,1,0
301569,96,0,0
301569,122,1,0
301569,126,0,0
301569,133,1,0
301569,261,0,0
301570,64,0,0
301570,67,1,0
301570,80,0,0
301570,110,1,0
301571,40,0,0
301571,51,1,0
301571,127,0,0
301571,135,1,0
301571,192,0,0
301572,19,0,0
301572,58,1,0
301573,26,0,0
301573,59,1,0
301573,226,0,0
301573,263,1,0
301574,72,0,0
301574,99,1,0
301575,168,0,0
301575,169,1,0
301575,181,0,0
301575,183,1,0
301575,265,0,0
301576,33,0,0
301576,38,1,0
301576,44,0,119
301576,45,1,0
301576,163,0,0
301576,204,1,0
301577,33,0,1
301577,36,1,0
301577,58,0,0
301577,71,1,0
301577,176,0,0
301577,200,1,0
301577,214,0,0
301578,93,0,0
301578,143,1,0
301578,189,0,0
301578,230,1,0
301578,249,0,0
301578,253,1,0
301579,148,0,0
301579,181,1,0
301579,184,0,0
301579,229,1,0
301580,109,0,0
301580,146,1,0
301580,248,0,1
301580,258,1,0
301581,14,0,0
301581,28,1,0
301581,65,0,0
301581,97,1,0
301581,144,0,0
301581,180,1,0
301582,139,0,0
301582,169,1,0
301582,284,0,0
301583,51,0,0
301583,76,1,0
301583,119,0,1
301583,121,1,0
301583,126,0,0
301583,130,1,0
301583,284,0,0
301584,17,1,0
301584,96,0,0
301584,110,1,0
301584,239,0,0
301584,252,1,0
301585,67,0,0
301585,78,1,0
301585,181,0,0
301585,188,1,0
301586,33,0,0
301586,36,1,0
301586,141,0,0
301586,143,1,0
301587,26,0,0
301587,61,1,0
301587,92,0,0
301587,115,1,0
301587,156,0,0
301587,209,1,0
301588,11,0,0
301588,14,1,0
301588,69,0,0
301588,77,1,0
301588,199,0,0
301588,204,1,0
301589,4,0,0
301589,11,1,0
301589,120,0,0
301589,127,1,0
301589,162,0,0
301589,173,1,0
301589,213,0,0
301589,221,1,0
301589,240,0,0
301589,244,1,0
301589,248,0,0
301589,273,1,0
301590,64,1,0
301590,112,0,0
301590,127,1,0
301590,167,0,0
301590,196,1,0
301591,15,0,0
301591,28,1,0
301591,109,0,0
301591,123,1,0
301592,250,0,0
301593,26,0,0
301593,49,1,0
301593,91,0,0
301593,139,1,0
301593,186,0,0
301593,209,1,0
301593,247,0,0
301593,249,1,0
301594,32,0,0
301594,37,1,0
301594,50,0,0
301594,86,1,0
301594,93,0,0
301594,102,1,0
301594,131,0,0
301594,163,1,0
301594,217,0,0
301595,22,0,0
301595,41,1,0
301595,49,0,0
301595,111,1,0
301596,31,1,0
301596,183,0,0
301596,192,1,0
301596,293,0,0
301597,98,1,0
301597,167,0,0
301597,175,1,0
301598,67,0,0
301598,87,1,0
301598,93,0,0
301598,106,1,0
301599,59,0,0
301599,105,1,0
301599,133,0,0
301599,267,1,0
301600,8,0,0
301600,23,1,0
301600,93,0,0
301600,98,1,0
301600,99,0,0
301600,111,1,0
301601,213,0,0
301602,102,0,0
301602,138,1,0
301602,177,0,0
301602,189,1,0
301602,205,0,0
301602,233,1,0
301602,242,0,0
301602,247,1,0
301603,100,0,0
301603,129,1,0
301603,150,0,0
301603,159,1,0
301604,16,1,0
301604,27,0,0
301604,44,1,0
301604,146,0,0
301604,153,1,0
301605,50,1,0
301605,78,0,0
301605,98,1,0
301605,147,0,0
301605,159,1,0
301606,67,0,0
301606,103,1,0
301606,144,0,0
301606,229,1,0
301606,263,0,0
301606,281,1,0
301607,20,0,0
301607,22,1,0
301607,56,0,0
301607,58,1,0
301607,232,0,0
301607,234,1,0
301607,292,0,0
301608,4,0,0
301608,5,1,0
301608,45,0,0
301608,70,1,0
301608,220,0,0
301608,222,1,0
301609,27,1,0
301609,98,0,0
301609,112,1,0
301609,279,0,0
301610,16,0,0
301610,25,1,0
301610,49,0,0
301610,68,1,0
301610,96,0,0
301610,122,1,0
301610,161,0,0
301610,209,1,0
301611,16,0,0
301611,71,1,0
301612,5,1,0
301612,33,0,0
301612,72,1,0
301612,118,0,0
301612,126,1,0
301612,261,0,0
301613,66,0,0
301613,94,1,0
301613,280,0,0
301614,4,1,0
301614,116,0,0
301614,167,1,0
301615,2,0,0
301615,45,1,0
301615,78,0,1
301615,168,1,0
301615,264,0,0
301615,265,1,0
301616,59,0,0
301616,110,1,0
301616,117,0,0
301616,141,1,0
301616,162,0,1
301616,214,1,0
301616,234,0,0
301616,277,1,0
301617,60,0,0
301617,80,1,0
301617,85,0,0
301617,96,1,0
301617,187,0,0
301617,198,1,0
301617,262,0,0
301617,267,1,0
301618,52,1,0
301618,75,0,0
301618,149,1,0
301618,240,0,0
301619,99,0,1
301619,191,1,0
301619,269,0,0
301619,271,1,0
301620,11,1,0
301620,38,0,0
301620,87,1,0
301620,90,0,0
301620,113,1,0
301620,175,0,0
301620,219,1,0
301621,120,0,0
301621,131,1,0
301621,176,0,0
301621,185,1,0
301621,208,0,0
301622,20,1,0
301622,263,0,0
301622,267,1,0
301623,25,1,0
301623,31,0,0
301623,56,1,0
301623,222,0,0
301623,242,1,0
301623,269,0,0
301624,205,0,0
301624,260,1,0
301624,278,0,0
301625,52,1,0
301625,147,0,0
301625,164,1,0
301626,116,0,0
301626,148,1,0
301626,164,0,0
301626,185,1,0
301627,108,0,0
301627,114,1,0
301627,150,0,0
301627,173,1,0
301627,182,0,0
301627,183,1,0
301627,244,0,0
301627,247,1,0
301628,29,0,0
301628,75,1,0
301628,103,0,0
301628,118,1,0
301628,140,0,0
301628,151,1,0
301628,190,0,0
301628,257,1,0
301628,289,0,0
301628,297,1,0
301628,298,0,0
301629,11,0,0
301629,39,1,0
301629,45,0,0
301629,64,1,0
301629,86,0,0
301629,276,1,0
301630,8,0,0
301630,50,1,0
301630,91,0,0
301630,104,1,0
301630,129,0,0
301630,139,1,0
301630,168,0,0
301630,201,1,0
301631,64,0,0
301631,66,1,0
301631,76,0,0
301631,105,1,0
301631,143,0,0
301631,197,1,0
301631,204,0,0
301631,259,1,0
301631,304,0,0
301632,34,1,0
301632,40,0,0
301632,58,1,0
301632,61,0,0
301632,100,1,0
301632,217,0,0
301632,222,1,0
301632,229,0,0
301632,232,1,0
301633,51,1,0
301633,53,0,0
301633,80,1,0
301633,140,0,0
301633,155,1,0
301633,184,0,0
301633,243,1,0
301634,35,0,0
301634,58,1,0
301634,123,0,0
301634,146,1,0
301634,195,0,0
301634,211,1,0
301635,27,0,0
301635,31,1,0
301635,149,0,0
301635,152,1,0
301635,177,0,0
301635,180,1,0
301635,188,0,0
301635,196,1,0
301635,271,0,0
301635,309,1,0
301636,12,1,0
301636,95,0,0
301636,133,1,0
301636,221,0,0
301636,227,1,0
301637,29,0,0
301637,58,1,0
301637,83,0,0
301637,109,1,0
301637,132,0,0
301637,154,1,0
301637,180,0,0
301637,187,1,0
301637,209,0,0
301637,214,1,0
301637,221,0,0
301637,227,1,0
301638,40,0,0
301638,46,1,0
301638,224,0,0
301638,231,1,0
301639,25,1,0
301639,31,0,0
301639,50,1,0
301639,186,0,0
301639,197,1,0
301639,293,0,0
301640,85,0,1
301640,107,1,0
301640,278,0,0
301641,200,0,0
301641,224,1,0
301641,250,0,0
301641,264,1,0
301642,49,0,0
301642,88,1,0
301642,146,0,0
301642,188,1,0
301642,203,0,0
301642,204,1,0
301643,2,0,0
301643,14,1,0
301643,103,0,0
301643,108,1,0
301643,210,0,0
301643,220,1,0
301643,261,0,0
301644,82,1,1
301644,113,0,0
301644,119,1,0
301645,114,0,0
301645,136,1,0
301645,185,0,0
301645,212,1,0
301645,220,0,0
301646,29,1,0
301646,77,0,0
301646,107,1,0
301646,173,0,0
301646,195,1,0
301646,235,0,0
301646,248,1,0
301646,254,0,0
301646,265,1,0
301647,195,0,0
301647,214,1,0
301647,274,0,0
301647,281,1,0
301648,44,0,0
301648,47,1,0
301648,156,0,0
301648,157,1,0
301648,189,0,0
301648,202,1,0
301648,218,0,0
301648,254,1,0
301649,40,0,0
301649,181,1,0
301650,22,0,0
301650,29,1,0
301650,97,0,0
301650,112,1,0
301650,115,0,0
301650,129,1,0
301650,137,0,0
301650,211,1,0
301651,46,0,1
301651,56,1,0
301651,67,0,0
301651,76,1,0
301651,124,0,0
301651,143,1,0
301651,234,0,0
301651,243,1,0
301652,18,0,0
301652,45,1,0
301652,104,0,0
301652,177,1,0
301653,21,0,0
301653,27,1,0
301653,56,0,0
301653,60,1,0
301653,106,0,0
301653,115,1,0
301653,159,0,0
301653,166,1,0
301653,227,0,0
301654,29,0,0
301654,32,1,0
301654,43,0,0
301654,50,1,0
301654,157,0,0
301654,170,1,0
301654,198,0,0
301654,216,1,0
301655,4,1,0
301655,29,0,0
301655,40,1,0
301655,83,0,0
301655,115,1,0
301655,152,0,0
301655,159,1,0
301655,162,0,0
301655,195,1,0
301655,199,0,0
301655,206,1,0
301656,50,0,0
301656,78,1,0
301656,80,0,0
301656,87,1,0
301656,198,0,0
301656,200,1,0
301657,36,1,0
301657,65,0,0
301657,143,1,0
301657,184,0,0
301657,193,1,0
301657,198,0,0
301657,213,1,0
301657,258,0,0
301657,261,1,0
301657,287,0,0
301658,11,0,0
301658,15,1,0
301658,18,0,0
301658,19,1,0
301658,119,0,0
301658,139,1,1
301658,198,0,0
301658,218,1,0
301658,221,0,0
301658,231,1,0
301659,43,0,0
301659,166,1,0
301659,173,0,0
301659,201,1,0
301660,105,0,0
301660,237,1,0
301660,253,0,1
301660,255,1,0
301661,11,0,0
301661,62,1,0
301661,71,0,0
301661,189,1,0
301661,200,0,0
301661,225,1,0
301661,263,0,0
301662,25,0,0
301662,28,1,0
301662,33,0,0
301662,41,1,0
301662,163,0,0
301662,186,1,0
301662,253,0,0
301662,284,1,0
301663,6,0,0
301663,27,1,0
301663,247,0,0
301663,250,1,0
301663,263,0,0
301663,264,1,0
301664,79,0,0
301664,83,1,0
301664,154,0,0
301664,182,1,0
301664,185,0,0
301664,235,1,0
301664,242,0,0
301665,141,0,0
301665,227,1,0
301666,154,0,0
301666,207,1,0
301667,12,0,0
301667,53,1,0
301667,156,0,0
301667,167,1,0
301667,228,0,0
301667,237,1,0
301667,242,0,0
301667,266,1,0
301668,50,0,0
301668,81,1,0
301668,176,0,0
301668,189,1,0
301668,249,0,0
301668,261,1,0
301669,36,1,0
301669,62,0,0
301669,118,1,0
301669,144,0,0
301669,167,1,0
301669,240,0,0
301669,263,1,0
301670,69,1,0
301670,242,0,0
301670,266,1,0
301670,296,0,0
301671,188,0,0
301671,196,1,0
301671,226,0,0
301671,233,1,0
301671,242,0,0
301671,246,1,0
301673,25,0,0
301673,30,1,0
301673,58,0,0
301673,74,1,0
301673,88,0,0
301673,135,1,0
301673,188,0,0
301673,232,1,0
301673,259,0,0
301673,282,1,0
301674,121,0,0
301674,133,1,0
301674,200,0,0
301674,204,1,0
301674,276,0,0
301674,279,1,0
301675,30,1,0
301675,35,0,0
301675,47,1,0
301675,57,0,0
301675,76,1,0
301675,148,0,0
301675,191,1,0
301676,19,1,0
301676,77,0,0
301676,82,1,0
301676,172,0,0
301676,182,1,0
301676,193,0,0
301676,216,1,0
301677,3,0,0
301677,16,1,0
301677,20,0,0
301677,68,1,0
301678,34,0,0
301678,72,1,0
301678,141,0,0
301678,173,1,0
301679,13,1,0
301679,90,0,0
301679,91,1,0
301679,111,0,0
301679,130,1,0
301679,252,0,0
301680,83,1,0
301680,91,0,0
301680,148,1,0
301680,265,0,0
301680,280,1,0
301681,111,0,0
301681,132,1,0
301681,145,0,0
301681,150,1,0
301681,152,0,0
301681,226,1,0
301681,236,0,0
301682,26,1,0
301682,37,0,1
301682,45,1,0
301682,57,0,0
301682,138,1,0
301682,157,0,0
301682,188,1,0
301682,253,0,0
301683,77,0,0
301683,110,1,0
301683,118,0,0
301683,123,1,0
301683,302,0,0
301684,12,0,0
301684,44,1,0
301684,118,0,0
301684,119,1,0
301684,139,0,0
301684,157,1,0
301685,58,0,0
301685,94,1,0
301685,106,0,0
301685,108,1,0
301685,119,0,0
301685,136,1,0
301685,159,0,0
301685,169,1,0
301685,212,0,0
301685,278,1,0
301685,290,0,0
301686,69,0,0
301686,128,1,0
301686,166,0,0
301686,250,1,0
301687,60,1,0
301687,74,0,0
301687,191,1,0
301688,85,0,0
301688,183,1,0
301688,212,0,0
301688,215,1,0
301689,21,0,1
301689,64,1,0
301689,197,0,0
301689,198,1,0
301689,230,0,0
301689,241,1,0
301689,248,0,0
301690,35,1,0
301690,84,0,0
301690,137,1,0
301690,142,0,0
301690,213,1,0
301690,249,0,0
301691,18,1,0
301691,115,0,0
301691,117,1,0
301691,170,0,0
301691,203,1,0
301691,250,0,0
301691,281,1,0
301692,116,0,0
301692,174,1,0
301693,2,0,0
301693,25,1,0
301693,194,0,0
301693,210,1,0
301694,35,0,0
301694,36,1,0
301694,65,0,0
301694,84,1,0
301694,113,0,0
301694,118,1,0
301694,119,0,0
301694,126,1,0
301695,162,0,0
301695,179,1,0
301695,245,0,0
301695,302,1,0
301696,22,0,0
301696,67,1,0
301696,82,0,0
301696,138,1,0
301696,256,0,0
301696,258,1,0
301697,66,1,0
301697,88,0,0
301697,109,1,0
301698,56,1,0
301698,95,0,0
301698,98,1,0
301698,106,0,0
301698,194,1,0
301698,230,0,0
301698,233,1,0
301700,26,1,0
301700,51,0,0
301700,59,1,0
301700,68,0,0
301700,88,1,0
301700,108,0,0
301700,206,1,0
301700,238,0,0
301700,242,1,0
301701,9,1,0
301701,44,0,0
301701,64,1,0
301701,132,0,1
301701,138,1,0
301701,170,0,0
301701,186,1,0
301701,220,0,0
301701,227,1,0
301702,23,0,0
301702,44,1,0
301702,70,0,0
301702,80,1,0
301702,221,0,0
301702,281,1,0
301703,43,0,0
301703,90,1,0
301703,154,0,0
301703,166,1,0
301703,181,0,0
301703,231,1,0
301703,255,0,0
301704,12,1,0
301704,75,0,0
301704,88,1,0
301704,118,0,0
301704,126,1,0
301704,233,0,0
301704,236,1,0
301704,249,0,0
301704,252,1,0
301705,54,1,0
301705,142,0,0
301705,165,1,0
301705,218,0,0
301705,247,1,0
301705,250,0,0
301705,254,1,0
301705,263,0,0
301706,141,0,1
301706,176,1,0
301706,246,0,0
301706,252,1,0
301707,78,0,0
301707,107,1,0
301707,142,0,0
301707,157,1,0
301707,219,0,0
301707,251,1,0
301707,268,0,0
301708,20,0,0
301708,50,1,0
301708,68,0,0
301708,69,1,0
301709,17,0,0
301709,23,1,0
301709,31,0,0
301709,112,1,0
301709,287,0,0
301710,45,0,0
301710,57,1,0
301710,63,0,0
301710,88,1,0
301710,244,0,0
301710,251,1,0
301710,257,0,0
301711,115,0,0
301711,176,1,0
301711,193,0,0
301711,197,1,0
301712,95,0,0
301712,98,1,0
301712,134,0,0
301712,203,1,0
301712,234,0,0
301712,246,1,0
301713,7,1,0
301713,27,0,0
301713,36,1,0
301713,39,0,0
301713,75,1,0
301713,145,0,0
301713,160,1,0
301713,183,0,0
301713,242,1,0
301714,21,1,0
301714,102,0,0
301714,131,1,0
301714,208,0,0
301714,234,1,0
301715,51,0,0
301715,52,1,0
301715,262,0,0
301715,269,1,0
301716,103,0,0
301716,115,1,0
301716,139,0,0
301716,171,1,0
301716,173,0,0
301716,220,1,0
301717,58,1,0
301717,140,0,0
301718,43,0,0
301718,57,1,0
301718,69,0,0
301718,88,1,0
301718,99,0,0
301718,119,1,0
301718,227,0,0
301718,248,1,0
301719,32,1,0
301719,166,0,0
301719,251,1,0
301719,267,0,1
301720,102,0,0
301720,119,1,0
301720,175,0,0
301720,201,1,0
301720,264,0,0
301721,138,0,0
301721,139,1,0
301721,192,0,0
301721,198,1,0
301722,14,0,0
301722,101,1,0
301722,105,0,0
301722,122,1,0
301722,227,0,0
301722,230,1,0
301723,115,0,1
301723,127,1,0
301723,151,0,0
301723,247,1,0
301723,252,0,0
301724,17,1,0
301724,40,0,0
301724,60,1,0
301725,155,0,0
301725,193,1,0
301726,37,0,0
301726,39,1,0
301726,85,0,0
301726,87,1,0
301726,115,0,0
301726,131,1,0
301726,136,0,0
301726,150,1,0
301726,232,0,0
301726,246,1,0
301726,274,0,0
301727,40,0,0
301727,96,1,0
301727,127,0,0
301727,128,1,0
301728,54,0,0
301728,88,1,0
301728,106,0,0
301728,148,1,0
301728,184,0,0
301728,193,1,0
301728,222,0,0
301728,266,1,0
301729,6,1,0
301729,113,0,0
301729,128,1,0
301729,160,0,0
301729,192,1,0
301729,241,0,0
301730,40,0,0
301730,62,1,0
301730,192,0,0
301730,201,1,0
301731,33,1,0
301731,66,0,0
301731,86,1,0
301731,236,0,0
301732,16,0,0
301732,54,1,0
301732,107,0,0
301732,109,1,0
301732,124,0,0
301732,142,1,0
301732,211,0,0
301732,242,1,0
301733,1,0,0
301733,135,1,0
301733,209,0,0
301733,235,1,0
301734,18,0,0
301734,46,1,0
301734,49,0,0
301734,117,1,0
301734,143,0,0
301734,162,1,0
301735,54,0,0
301735,56,1,0
301735,171,0,0
301735,181,1,0
301735,206,0,0
301735,223,1,0
301736,65,1,0
301736,132,0,0
301736,267,1,0
301738,124,0,0
301738,158,1,0
301738,297,0,0
301739,119,0,0
301739,196,1,0
301739,237,0,0
301739,240,1,0
301739,243,0,0
301739,284,1,0
301740,63,1,0
301740,72,0,0
301740,121,1,0
301740,146,0,0
301740,164,1,0
301740,267,0,0
301741,1,0,0
301741,31,1,0
301741,41,0,0
301741,71,1,0
301741,164,0,0
301741,187,1,0
301742,1,1,0
301742,11,0,0
301742,21,1,0
301742,167,0,0
301742,168,1,0
301742,235,0,0
301742,248,1,0
301743,8,1,0
301743,10,0,0
301743,85,1,0
301743,227,0,0
301743,232,1,0
301743,241,0,0
301743,263,1,0
301743,275,0,0
301743,276,1,0
301743,287,0,0
301744,45,0,0
301744,74,1,0
301744,189,0,0
301744,202,1,0
301744,248,0,0
301745,75,0,0
301745,124,1,0
301745,173,0,0
301745,182,1,0
301745,201,0,0
301745,236,1,0
301746,5,0,0
301746,23,1,0
301746,52,0,0
301746,55,1,0
301746,95,0,0
301746,151,1,0
301746,220,0,1
301746,222,1,0
301747,61,0,0
301747,139,1,0
301747,249,0,0
301748,11,1,0
301748,71,0,0
301748,104,1,0
301748,108,0,1
301748,121,1,0
301748,174,0,0
301748,200,1,0
301748,222,0,0
301748,245,1,0
301748,257,0,0
301748,269,1,0
301749,69,1,0
301749,106,0,0
301749,185,1,0
301749,247,0,0
301749,254,1,0
301750,5,1,0
301750,98,0,0
301750,142,1,0
301751,135,0,0
301751,145,1,0
301751,156,0,0
301751,160,1,0
301751,180,0,0
301751,184,1,0
301751,205,0,0
301751,221,1,0
301751,259,0,0
301752,53,1,0
301752,116,0,0
301752,178,1,0
301752,229,0,0
301752,250,1,0
301752,257,0,0
301753,5,1,0
301753,21,0,0
301753,33,1,0
301753,124,0,0
301753,149,1,0
301753,205,0,0
301753,213,1,0
301753,237,0,0
301753,256,1,0
301754,21,1,0
301754,273,0,0
301755,25,0,0
301755,39,1,0
301755,42,0,0
301755,56,1,0
301755,230,0,0
301755,235,1,0
301756,82,0,0
301756,95,1,0
301756,118,0,0
301756,122,1,0
301756,157,0,0
301756,201,1,0
301756,233,0,0
301757,181,0,0
301757,200,1,0
301758,105,0,0
301758,126,1,0
301758,153,0,0
301758,181,1,0
301758,211,0,0
301758,212,1,0
301758,214,0,0
301758,225,1,0
301758,263,0,0
301759,8,0,0
301759,23,1,0
301759,34,0,0
301759,203,1,0
301760,20,0,0
301760,43,1,0
301760,52,0,0
301760,137,1,0
301761,230,0,0
301761,235,1,0
301762,3,0,0
301762,93,1,0
301762,138,0,1
301762,188,1,0
301762,194,0,0
301762,211,1,0
301762,228,0,0
301762,295,1,0
301763,134,0,0
301764,84,0,0
301764,85,1,0
301764,183,0,0
301764,227,1,0
301764,231,0,0
301765,101,0,0
301765,137,1,0
301765,174,0,0
301765,185,1,0
301765,186,0,0
301765,226,1,0
301766,25,0,0
301766,26,1,0
301766,102,0,0
301766,107,1,0
301766,225,0,0
301766,250,1,0
301767,37,0,0
301767,99,1,0
301767,171,0,0
301767,191,1,0
301767,238,0,0
301767,246,1,0
301768,6,0,0
301768,82,1,0
301769,13,1,0
301769,178,0,0
301769,220,1,0
301769,247,0,0
301769,257,1,0
301770,24,0,0
301770,68,1,0
301770,204,0,0
301770,206,1,0
301771,103,0,0
301771,118,1,0
301771,130,0,0
301771,165,1,0
301772,99,0,0
301772,168,1,0
301772,235,0,0
301772,249,1,0
301773,29,0,0
301773,95,1,0
301773,133,0,0
301773,137,1,0
301773,177,0,0
301773,179,1,0
301773,196,0,0
301773,260,1,0
301773,261,0,0
301773,271,1,0
301774,90,0,0
301774,99,1,0
301774,227,0,0
301774,236,1,0
301775,53,0,0
301775,113,1,0
301775,135,0,0
301775,156,1,0
301775,229,0,0
301776,122,0,0
301776,189,1,0
301776,230,0,0
301778,12,0,0
301778,16,1,0
301778,40,0,0
301778,79,1,0
301778,181,0,1
301779,40,0,0
301779,83,1,0
301780,11,0,0
301780,23,1,0
301780,27,0,0
301780,36,1,0
301780,57,0,0
301780,69,1,0
301780,143,0,0
301780,171,1,0
301780,238,0,0
301780,262,1,0
301781,27,0,1
301781,31,1,0
301781,253,0,0
301781,262,1,0
301782,33,0,0
301782,50,1,0
301782,63,0,0
301782,125,1,0
301784,13,0,0
301784,14,1,0
301784,32,0,0
301784,58,1,0
301784,218,0,0
301784,226,1,0
301784,271,0,0
301785,12,0,0
301785,20,1,0
301785,22,0,0
301785,53,1,0
301785,131,0,0
301785,183,1,0
301785,233,0,0
301785,234,1,0
301786,7,0,0
301786,47,1,0
301786,55,0,0
301786,67,1,0
301786,237,0,0
301786,271,1,0
301787,9,1,0
301787,75,0,0
301787,132,1,0
301787,243,0,0
301787,245,1,0
301788,21,0,0
301788,25,1,0
301788,77,0,0
301788,79,1,0
301788,178,0,0
301788,204,1,0
301788,294,0,0
301788,296,1,0
301789,85,1,0
301789,101,0,0
301789,122,1,0
301789,244,0,0
301789,260,1,0
301790,58,0,0
301790,76,1,0
301790,167,0,0
301790,193,1,0
301791,34,1,0
301791,83,0,0
301791,143,1,0
301792,70,0,0
301792,102,1,0
301792,187,0,0
301792,190,1,0
301792,232,0,0
301793,20,1,0
301793,86,0,0
301793,142,1,0
301794,80,0,0
301794,81,1,0
301794,169,0,0
301794,172,1,0
301795,49,1,0
301795,165,0,0
301795,183,1,0
301795,208,0,0
301795,241,1,0
301796,8,0,0
301796,143,1,0
301796,148,0,0
301796,164,1,0
301796,235,0,0
301797,184,0,0
301797,205,1,0
301797,208,0,0
301797,225,1,0
301797,266,0,0
301798,17,0,0
301798,44,1,0
301798,45,0,0
301798,106,1,0
301798,180,0,0
301798,211,1,0
301798,216,0,0
301799,117,0,0
301799,131,1,0
301800,89,0,0
301800,100,1,0
301800,149,0,0
301800,159,1,0
301800,162,0,0
301800,213,1,0
301800,228,0,0
301800,276,1,0
301801,6,0,0
301801,7,1,0
301801,55,0,0
301801,121,1,0
301801,126,0,0
301801,147,1,0
301801,217,0,0
301801,251,1,0
301802,122,0,0
301802,136,1,0
301802,231,0,0
301802,233,1,0
301802,246,0,0
301802,267,1,0
301803,120,0,0
301803,196,1,0
301804,165,0,0
301804,190,1,0
301804,221,0,0
301804,230,1,0
301804,243,0,0
301804,252,1,0
301804,258,0,0
301805,6,1,0
301805,15,0,1
301805,32,1,0
301805,39,0,0
301805,43,1,0
301806,18,0,0
301806,27,1,0
301806,47,0,0
301806,75,1,0
301806,83,0,0
301806,131,1,0
301806,226,0,0
301806,237,1,0
301807,12,1,0
301807,87,0,0
301807,125,1,0
301808,2,0,0
301808,5,1,0
301808,14,0,0
301808,29,1,0
301808,124,0,0
301808,187,1,0
301809,56,1,0
301809,92,0,0
301809,114,1,0
301809,148,0,0
301809,185,1,0
301809,209,0,0
301809,242,1,0
301811,2,1,0
301811,210,0,0
301811,247,1,0
301811,252,0,0
301811,264,1,0
301812,18,0,0
301812,23,1,0
301812,223,0,0
301812,235,1,0
301813,33,0,0
301813,49,1,0
301813,241,0,0
301813,243,1,0
301814,85,0,0
301814,110,1,0
301814,217,0,0
301814,227,1,0
301814,229,0,0
301814,243,1,0
301815,194,0,0
301815,287,1,0
301816,18,1,0
301816,21,0,0
301816,33,1,0
301816,137,0,0
301816,156,1,0
301816,263,0,0
301817,18,0,0
301817,19,1,0
301817,48,0,0
301817,133,1,0
301817,147,0,0
301817,281,1,0
301818,109,0,0
301818,131,1,0
301818,200,0,0
301818,205,1,0
301818,207,0,0
301818,264,1,0
301819,186,0,0
301819,207,1,0
301820,71,0,0
301820,127,1,0
301821,2,1,0
301821,60,0,0
301821,63,1,0
301821,67,0,0
301821,78,1,0
301821,101,0,0
301821,108,1,0
301821,122,0,0
301821,223,1,0
301821,236,0,0
301821,275,1,0
301822,50,0,0
301822,63,1,0
301822,65,0,0
301822,67,1,0
301822,120,0,0
301822,139,1,0
301822,157,0,0
301822,182,1,0
301822,240,0,0
301823,12,1,0
301823,89,0,0
301823,148,1,0
301823,200,0,0
301824,29,1,0
301824,41,0,0
301824,58,1,0
301824,83,0,0
301824,90,1,0
301824,125,0,0
301824,130,1,0
301825,171,1,0
301825,252,0,0
301825,264,1,0
301826,61,0,0
301826,103,1,0
301826,283,0,0
301826,294,1,0
301827,22,1,0
301827,77,0,0
301827,137,1,0
301827,214,0,0
301827,221,1,0
301828,38,0,0
301828,43,1,0
301828,96,0,1
301828,105,1,0
301828,166,0,0
301828,221,1,0
301828,224,0,0
301828,228,1,0
301828,230,0,0
301828,232,1,0
301829,223,0,0
301829,241,1,0
301829,242,0,0
301829,259,1,0
301830,48,1,0
301830,77,0,0
301830,144,1,0
301831,46,0,0
301831,76,1,0
301831,99,0,0
301831,158,1,0
301832,1,1,0
301832,64,0,0
301832,116,1,0
301832,147,0,0
301832,150,1,0
301832,242,0,0
301832,244,1,0
301832,268,0,0
301833,50,0,0
301833,82,1,0
301834,36,0,0
301834,93,1,0
301834,118,0,0
301834,133,1,0
301834,198,0,0
301835,33,0,0
301835,236,1,0
301836,3,1,0
301836,178,0,0
301836,184,1,0
301836,233,0,0
301836,238,1,0
301837,33,0,0
301837,55,1,0
301837,73,0,0
301837,98,1,0
301837,109,0,0
301837,174,1,0
301838,82,0,0
301838,93,1,0
301838,178,0,0
301838,232,1,0
301839,77,0,0
301839,115,1,0
301839,167,0,0
301839,171,1,0
301840,1,1,0
301840,28,0,0
301840,64,1,0
301840,68,0,0
301840,101,1,0
301840,187,0,0
301840,217,1,0
301841,12,0,0
301841,22,1,0
301841,42,0,0
301841,59,1,0
301841,60,0,0
301841,61,1,0
301841,72,0,0
301841,92,1,0
301841,104,0,0
301841,115,1,0
301841,155,0,0
301841,197,1,0
301841,248,0,0
301841,254,1,0
301841,269,0,0
301842,128,0,0
301842,132,1,0
301842,158,0,0
301842,228,1,0
301843,15,1,0
301843,21,0,0
301843,75,1,0
301843,98,0,0
301843,99,1,0
301843,111,0,0
301843,134,1,0
301843,200,0,0
301843,202,1,0
301844,172,0,0
301844,195,1,0
301845,34,0,0
301845,186,1,0
301845,257,0,0
301846,116,0,0
301846,143,1,0
301846,167,0,0
301846,223,1,0
301846,274,0,0
301847,27,1,0
301847,96,0,0
301847,153,1,0
301847,246,0,0
301847,271,1,0
301848,79,0,0
301848,90,1,0
301848,188,0,0
301848,209,1,0
301849,24,1,0
301849,99,0,0
301849,119,1,0
301850,23,0,0
301850,65,1,0
301850,111,0,0
301850,123,1,0
301850,206,0,0
301850,226,1,0
301850,257,0,0
301850,269,1,0
301851,41,1,0
301851,69,0,0
301851,109,1,0
301851,154,0,0
301851,206,1,0
301851,270,0,0
301852,131,0,0
301852,198,1,0
301853,42,0,0
301853,44,1,0
301853,134,0,0
301853,140,1,0
301853,146,0,0
301853,160,1,0
301853,163,0,0
301853,253,1,0
301854,95,0,0
301854,97,1,0
301855,55,0,0
301855,109,1,0
301855,127,0,0
301855,204,1,0
301855,222,0,0
301856,26,0,0
301856,38,1,0
301856,84,0,0
301856,88,1,0
301856,92,0,0
301856,96,1,0
301856,123,0,0
301856,181,1,0
301856,199,0,0
301856,251,1,0
301857,79,0,0
301857,83,1,0
301857,248,0,0
301857,249,1,0
301858,32,1,0
301858,48,0,0
301858,116,1,0
301858,125,0,0
301858,130,1,0
301858,251,0,0
301858,262,1,0
301859,13,0,0
301859,58,1,0
301859,74,0,0
301859,117,1,0
301859,149,0,0
301859,161,1,0
301860,4,1,0
301860,64,0,0
301860,93,1,0
301860,185,0,0
301860,208,1,0
301861,21,1,0
301861,183,0,0
301861,201,1,0
301862,13,1,0
301862,162,0,0
301862,187,1,0
301863,14,0,0
301863,34,1,0
301863,106,0,0
301863,208,1,0
301863,235,0,0
301863,238,1,0
301865,10,0,0
301865,11,1,0
301865,90,0,0
301865,102,1,0
301865,110,0,0
301865,124,1,0
301865,137,0,0
301865,161,1,0
301865,194,0,0
301865,253,1,0
301866,45,1,0
301866,106,0,0
301866,131,1,0
301866,137,0,0
301866,154,1,0
301867,49,1,0
301867,55,0,0
301867,60,1,0
301867,96,0,0
301867,98,1,0
301867,114,0,0
301867,135,1,0
301867,224,0,0
301867,235,1,0
301867,242,0,0
301868,32,0,0
301868,42,1,0
301868,52,0,0
301868,57,1,0
301868,89,0,105
301868,90,1,0
301868,263,0,0
301868,267,1,0
301869,28,0,0
301869,30,1,0
301869,67,0,0
301869,77,1,0
301869,137,0,0
301869,167,1,0
301869,219,0,0
301870,56,1,0
301870,84,0,0
301870,87,1,0
301870,227,0,0
301870,232,1,0
301870,277,0,0
301871,37,1,0
301871,82,0,0
301871,92,1,0
301871,103,0,0
301871,122,1,0
301871,152,0,0
301871,233,1,0
301872,110,0,0
301872,121,1,0
301872,209,0,0
301872,246,1,0
301872,257,0,0
301872,277,1,0
301872,284,0,0
301873,73,0,0
301873,77,1,0
301873,129,0,0
301873,183,1,0
301873,188,0,0
301873,203,1,0
301873,238,0,0
301873,244,1,0
301874,26,1,0
301874,117,0,0
301874,189,1,0
301874,254,0,0
301874,264,1,0
301874,289,0,0
301875,65,0,0
301875,88,1,0
301875,225,0,0
301875,246,1,0
301876,66,1,0
301876,78,0,0
301876,110,1,0
301876,125,0,0
301876,222,1,0
301877,35,0,0
301877,44,1,42
301877,45,0,0
301877,86,1,0
301877,196,0,0
301877,197,1,0
301877,241,0,0
301877,254,1,0
301878,20,1,0
301878,126,0,1
301878,153,1,0
301878,204,0,0
301878,220,1,0
301879,37,0,1
301879,66,1,0
301879,98,0,0
301879,123,1,0
301879,159,0,1
301879,224,1,0
301880,9,1,0
301880,147,0,0
301880,206,1,0
301880,255,0,0
301880,300,1,0
301881,168,0,0
301881,203,1,0
301881,219,0,0
301882,152,0,6
301882,153,1,0
301882,158,0,0
301882,160,1,0
301883,45,0,0
301883,72,1,0
301883,167,0,1
301883,221,1,0
301884,21,0,0
301884,52,1,0
301884,76,0,0
301884,81,1,0
301884,157,0,0
301884,161,1,0
301884,223,0,0
301884,250,1,0
301885,10,0,0
301885,47,1,0
301886,27,1,0
301886,81,0,0
301886,93,1,0
301886,99,0,0
301886,100,1,0
301886,161,0,0
301886,188,1,0
301886,224,0,0
301886,257,1,0
301887,116,0,0
301887,153,1,0
301887,155,0,0
301887,173,1,0
301888,71,0,0
301888,79,1,0
301888,91,0,0
301888,104,1,0
301888,147,0,0
301888,193,1,0
301888,265,0,0
301889,15,0,0
301889,43,1,0
301890,25,0,0
301890,87,1,0
301890,105,0,0
301890,136,1,0
301890,149,0,0
301890,161,1,0
301890,182,0,0
301891,188,0,1
301891,225,1,0
301891,257,0,0
301892,16,0,0
301892,20,1,0
301892,139,0,0
301892,161,1,0
301892,225,0,0
301892,239,1,0
301893,114,0,0
301893,137,1,0
301893,244,0,0
301894,56,0,0
301894,67,1,0
301894,70,0,0
301894,99,1,0
301894,201,0,0
301894,219,1,0
301895,87,0,0
301895,111,1,0
301895,160,0,0
301895,162,1,0
301895,221,0,0
301895,270,1,0
301896,2,0,0
301896,4,1,0
301896,102,0,0
301896,106,1,0
301896,243,0,0
301897,30,1,0
301897,115,0,1
301897,144,1,0
301897,196,0,0
301897,198,1,0
301897,232,0,0
301898,9,0,0
301898,13,1,0
301898,91,0,0
301898,156,1,0
301898,167,0,0
301898,205,1,0
301898,206,0,0
301898,225,1,1
301898,251,0,0
301899,58,0,0
301899,149,1,0
301900,38,0,0
301900,44,1,0
301900,60,0,0
301900,113,1,0
301900,179,0,0
301900,208,1,0
301900,229,0,0
301901,41,0,0
301901,51,1,0
301901,181,0,0
301901,214,1,0
301901,219,0,0
301902,19,1,0
301902,24,0,1
301902,66,1,0
301902,122,0,0
301902,130,1,0
301902,203,0,0
301902,239,1,0
301902,286,0,0
301903,109,0,0
301903,112,1,0
301903,146,0,0
301903,162,1,0
301904,77,0,0
301904,100,1,0
301904,166,0,0
301904,176,1,0
301904,210,0,0
301904,211,1,0
301904,218,0,0
301905,165,0,0
301905,169,1,0
301905,173,0,0
301905,198,1,0
301905,253,0,0
301905,254,1,0
301906,35,0,0
301906,38,1,0
301906,41,0,0
301906,66,1,0
301906,212,0,0
301906,261,1,0
301907,4,0,0
301907,84,1,0
301907,111,0,0
301907,164,1,0
301907,214,0,0
301907,271,1,0
301907,283,0,0
301908,34,1,0
301908,277,0,0
301910,93,0,0
301910,110,1,0
301910,127,0,0
301910,134,1,0
301910,215,0,0
301911,21,0,0
301911,58,1,0
301911,217,0,0
301911,260,1,0
301912,4,0,0
301912,10,1,0
301912,82,0,0
301912,122,1,0
301912,273,0,0
301913,54,0,0
301913,106,1,0
301913,160,0,0
301913,161,1,0
301913,165,0,0
301913,171,1,0
301913,191,0,0
301913,197,1,0
301913,263,0,0
301913,269,1,0
301914,19,0,0
301914,37,1,0
301914,126,0,0
301914,193,1,0
301914,230,0,0
301914,250,1,0
301915,10,0,0
301915,57,1,0
301915,142,0,0
301915,175,1,0
301915,179,0,0
301915,190,1,0
301915,191,0,0
301915,204,1,0
301915,251,0,0
301916,8,1,0
301916,159,0,0
301916,188,1,0
301916,225,0,0
301916,257,1,0
301917,20,1,0
301917,63,0,0
301917,71,1,0
301917,121,0,1
301917,189,1,0
301917,190,0,0
301917,201,1,0
301917,273,0,0
301918,181,0,0
301918,195,1,0
301918,260,0,0
301918,270,1,0
301919,3,0,0
301919,4,1,0
301919,38,0,0
301919,41,1,0
301919,115,0,0
301919,120,1,0
301919,128,0,0
301919,131,1,0
301919,177,0,0
301919,202,1,0
301920,12,1,0
301920,39,0,0
301920,61,1,0
301920,67,0,0
301920,76,1,0
301920,112,0,0
301920,115,1,0
301920,165,0,0
301921,68,0,0
301921,73,1,0
301921,151,0,0
301921,158,1,0
301921,251,0,0
301922,112,0,0
301922,178,1,0
301922,203,0,0
301922,226,1,0
301923,5,0,0
301923,22,1,0
301923,45,0,0
301923,76,1,0
301924,57,0,0
301924,78,1,0
301924,168,0,0
301924,233,1,0
301924,261,0,0
301924,302,1,0
301925,48,0,0
301925,63,1,0
301925,142,0,0
301925,174,1,0
301925,220,0,0
301925,239,1,0
301925,279,0,0
301925,284,1,0
301926,45,0,0
301926,47,1,0
301926,207,0,0
301926,213,1,0
301926,214,0,0
301926,225,1,0
301926,257,0,0
301926,271,1,0
301926,278,0,0
301927,35,0,0
301927,40,1,0
301927,203,0,0
301927,217,1,0
301927,219,0,0
301927,225,1,0
301927,292,0,0
301928,58,0,0
301928,109,1,0
301928,127,0,0
301928,151,1,0
301928,231,0,0
301928,242,1,0
301929,13,1,0
301929,84,0,0
301929,92,1,0
301929,119,0,0
301929,145,1,0
301929,213,0,0
301929,258,1,0
301929,262,0,0
301930,82,0,0
301930,115,1,0
301930,222,0,0
301930,270,1,0
301930,273,0,0
301930,280,1,0
301931,29,0,0
301931,44,1,0
301931,52,0,0
301931,56,1,0
301931,69,0,0
301931,114,1,0
301931,169,0,0
301931,174,1,0
301931,178,0,0
301931,211,1,0
301932,2,1,0
301932,60,0,0
301932,134,1,0
301932,185,0,0
301932,198,1,0
301933,16,0,0
301933,41,1,0
301933,46,0,0
301933,54,1,0
301933,156,0,0
301933,183,1,0
301933,255,0,0
301934,4,0,0
301934,59,1,0
301934,124,0,0
301934,138,1,0
301934,171,0,0
301934,198,1,0
301934,208,0,0
301934,211,1,0
301934,218,0,0
301934,223,1,0
301934,263,0,0
301934,274,1,0
301935,224,0,0
301935,257,1,0
301936,11,0,0
301936,35,1,0
301936,136,0,0
301936,176,1,0
301936,254,0,0
301937,64,0,0
301937,106,1,0
301937,162,0,0
301937,172,1,0
301937,243,0,0
301938,85,0,0
301938,114,1,0
301938,179,0,0
301938,195,1,0
301939,29,1,0
301939,86,0,0
301939,87,1,0
301939,134,0,0
301939,137,1,0
301939,171,0,0
301939,175,1,0
301939,192,0,0
301939,249,1,0
301940,13,1,0
301940,54,0,0
301940,81,1,0
301940,84,0,0
301940,115,1,0
301940,201,0,0
301940,231,1,0
301940,234,0,0
301940,245,1,0
301941,64,0,0
301941,67,1,0
301941,83,0,0
301941,86,1,0
301941,207,0,0
301941,215,1,0
301941,235,0,0
301942,1,1,0
301942,149,0,0
301942,150,1,0
301942,202,0,0
301943,68,0,0
301943,122,1,0
301943,163,0,0
301943,195,1,0
301944,39,0,0
301944,56,1,0
301944,69,0,0
301944,83,1,0
301944,158,0,0
301944,166,1,0
301944,250,0,0
301944,262,1,0
301945,53,0,0
301945,77,1,0
301945,103,0,0
301945,121,1,0
301945,205,0,0
301945,235,1,0
301945,245,0,0
301946,28,0,0
301946,33,1,0
301946,75,0,0
301946,81,1,0
301946,84,0,0
301946,86,1,0
301946,183,0,0
301946,220,1,0
301947,10,0,0
301947,32,1,0
301947,136,0,0
301947,219,1,0
301947,224,0,0
301947,247,1,0
301947,251,0,0
301947,255,1,0
301948,12,0,0
301948,19,1,0
301948,25,0,0
301948,107,1,0
301948,179,0,0
301948,194,1,0
301948,219,0,1
301948,225,1,0
301948,228,0,0
301948,247,1,0
301949,9,0,0
301949,58,1,0
301949,66,0,0
301949,74,1,0
301949,106,0,0
301949,124,1,0
301949,136,0,0
301949,191,1,0
301949,218,0,0
301949,226,1,0
301950,65,1,0
301950,80,0,0
301950,92,1,0
301950,169,0,0
301950,180,1,0
301950,211,0,0
301950,219,1,0
301951,14,0,0
301951,61,1,0
301951,97,0,0
301951,111,1,0
301951,173,0,0
301951,256,1,0
301952,7,0,0
301952,55,1,0
301952,164,0,0
301952,171,1,0
301952,190,0,0
301952,195,1,0
301952,210,0,0
301953,95,0,0
301953,133,1,0
301953,173,0,0
301953,184,1,0
301953,242,0,0
301953,257,1,0
301954,30,0,0
301954,71,1,0
301954,172,0,0
301954,179,1,0
301954,226,0,0
301955,19,0,0
301955,51,1,0
301955,84,0,0
301955,137,1,0
301955,250,0,0
301956,4,1,0
301956,162,0,0
301956,170,1,0
301957,74,0,0
301957,91,1,0
301957,95,0,0
301957,140,1,0
301957,199,0,0
301957,201,1,0
301957,206,0,0
301957,207,1,0
301957,243,0,0
301958,11,1,0
301958,32,0,0
301958,88,1,0
301958,138,0,0
301958,156,1,1
301959,121,0,0
301959,171,1,0
301959,240,0,0
301959,247,1,0
301960,13,0,0
301960,32,1,0
301960,114,0,0
301960,209,1,0
301961,87,0,0
301961,168,1,0
301961,193,0,0
301961,246,1,0
301962,5,1,0
301963,14,0,0
301963,81,1,0
301963,89,0,0
301963,90,1,0
301963,186,0,0
301963,201,1,0
301963,210,0,0
301963,228,1,0
301964,36,0,0
301964,70,1,0
301964,71,0,0
301964,95,1,0
301964,106,0,0
301964,133,1,0
301964,189,0,0
301964,190,1,0
301964,238,0,0
301965,15,1,0
301966,123,1,0
301966,144,0,0
301966,148,1,0
301966,156,0,0
301966,168,1,0
301966,228,0,0
301966,258,1,0
301967,15,0,0
301967,25,1,0
301967,51,0,0
301967,103,1,0
301967,232,0,0
301968,113,1,0
301968,162,0,0
301968,183,1,0
301968,232,0,0
301968,250,1,0
301969,62,1,0
301969,100,0,0
301969,166,1,0
301970,7,0,0
301970,16,1,0
301970,33,0,0
301970,65,1,0
301970,105,0,0
301970,108,1,0
301970,244,0,0
301971,11,0,0
301971,19,1,0
301971,99,0,1
301971,109,1,0
301971,138,0,0
301971,150,1,0
301971,170,0,0
301971,202,1,0
301971,272,0,0
301972,29,0,0
301972,80,1,0
301972,130,0,0
301972,193,1,0
301972,232,0,0
301972,262,1,0
301973,4,1,0
301973,20,0,0
301973,26,1,0
301973,84,0,0
301973,96,1,0
301973,97,0,0
301973,120,1,0
301974,6,0,0
301974,50,1,0
301974,60,0,0
301974,62,1,0
301974,80,0,0
301974,104,1,0
301974,152,0,0
301974,155,1,0
301974,191,0,0
301974,204,1,0
301974,211,0,0
301974,246,1,0
301975,16,0,0
301975,25,1,0
301975,90,0,0
301975,106,1,0
301975,154,0,0
301975,160,1,0
301976,27,1,0
301976,68,0,0
301976,75,1,0
301976,143,0,0
301976,164,1,0
301976,179,0,0
301976,194,1,0
301976,247,0,0
301976,273,1,0
301977,47,0,0
301977,64,1,0
301977,91,0,0
301977,134,1,0
301977,161,0,0
301977,175,1,0
301978,81,0,0
301978,90,1,0
301978,111,0,0
301978,193,1,0
301978,239,0,0
301978,265,1,0
301978,287,0,1
301979,13,0,0
301979,82,1,0
301979,129,0,0
301979,138,1,0
301979,222,0,0
301979,224,1,0
301979,253,0,0
301980,96,0,0
301980,98,1,0
301980,142,0,0
301980,171,1,0
301981,33,0,0
301981,94,1,0
301981,107,0,0
301981,159,1,0
301981,180,0,0
301981,192,1,0
301981,206,0,0
301981,252,1,0
301982,19,1,0
301982,105,0,0
301982,157,1,0
301982,275,0,0
301982,277,1,0
301983,19,1,0
301983,112,0,0
301983,116,1,0
301983,177,0,0
301983,201,1,0
301983,237,0,1
301983,259,1,0
301983,291,0,0
301984,108,0,0
301984,111,1,0
301984,175,0,0
301985,82,0,0
301985,93,1,0
301985,144,0,0
301985,187,1,0
301985,256,0,0
301985,258,1,0
301986,77,0,0
301986,114,1,0
301986,230,0,0
301986,265,1,0
301987,26,0,0
301987,160,1,0
301987,214,0,0
301987,220,1,0
301988,125,0,0
301988,135,1,0
301988,210,0,0
301988,234,1,0
301988,243,0,0
301988,253,1,0
301988,254,0,0
301988,255,1,0
301989,9,0,0
301989,60,1,0
301989,266,0,0
301989,290,1,0
301990,25,0,0
301990,41,1,0
301990,133,0,0
301990,160,1,0
301990,172,0,0
301990,175,1,0
301990,180,0,0
301990,181,1,0
301991,81,0,0
301991,98,1,0
301991,127,0,0
301991,172,1,0
301991,184,0,0
301991,226,1,0
301991,244,0,0
301992,139,0,0
301992,176,1,0
301992,258,0,0
301993,210,0,0
301993,213,1,0
301993,259,0,0
301993,290,1,0
301994,39,0,0
301994,43,1,0
301994,196,0,0
301994,198,1,0
301994,222,0,0
301994,263,1,0
301995,105,0,0
301995,111,1,0
301995,157,0,1
301995,220,1,0
301995,268,0,0
301995,298,1,0
301996,66,0,0
301996,73,1,0
301996,84,0,0
301996,91,1,0
301996,251,0,0
301996,253,1,0
301997,225,0,0
301997,233,1,0
301998,131,0,0
301998,152,1,0
301998,244,0,0
301998,256,1,0
301998,261,0,0
301999,167,0,0
301999,194,1,0
301999,225,0,0
301999,254,1,0
301999,282,0,0
302000,74,0,0
302000,87,1,0
302000,198,0,0
302000,200,1,0
302000,232,0,0
302000,240,1,0
302001,18,1,0
302001,26,0,0
302001,49,1,0
302001,108,0,0
302001,111,1,0
302001,152,0,0
302001,210,1,0
302002,22,1,0
302002,32,0,0
302002,38,1,0
302002,113,0,0
302002,186,1,0
302002,256,0,0
302002,291,1,0
302003,10,0,0
302003,36,1,0
302003,97,0,0
302003,107,1,0
302003,133,0,0
302003,142,1,0
302003,175,0,0
302003,189,1,0
302004,25,1,0
302004,117,0,0
302004,199,1,0
302004,218,0,0
302004,233,1,0
302004,260,0,0
302004,290,1,0
302005,32,0,0
302005,62,1,0
302006,57,1,0
302006,132,0,0
302006,141,1,0
302006,146,0,0
302006,163,1,0
302006,176,0,0
302006,186,1,0
302007,16,1,0
302007,124,0,0
302007,141,1,0
302007,173,0,0
302007,189,1,0
302007,204,0,0
302007,224,1,0
302008,4,1,0
302008,24,0,0
302008,53,1,0
302008,55,0,0
302008,71,1,1
302008,188,0,0
302008,231,1,0
302008,253,0,0
302008,283,1,0
302009,127,0,0
302009,146,1,0
302009,161,0,1
302009,195,1,0
302009,268,0,1
302010,16,0,18
302010,17,1,0
302010,34,0,0
302010,79,1,0
302010,152,0,0
302010,161,1,0
302010,195,0,0
302010,246,1,0
302010,257,0,0
302011,4,1,0
302011,104,0,0
302011,108,1,0
302011,129,0,0
302011,134,1,0
302011,232,0,1
302011,240,1,0
302012,70,0,0
302012,97,1,0
302012,111,0,0
302012,160,1,0
302012,170,0,0
302012,189,1,0
302012,267,0,0
302013,12,1,0
302013,41,0,0
302013,45,1,0
302013,53,0,0
302013,64,1,0
302013,100,0,0
302013,134,1,0
302013,205,0,0
302013,221,1,0
302014,11,0,0
302014,55,1,0
302014,62,0,0
302014,121,1,0
302014,244,0,0
302015,37,0,0
302015,45,1,0
302015,47,0,1
302015,177,1,0
302016,40,1,0
302016,175,0,0
302016,241,1,0
302017,164,0,0
302017,289,1,0
302018,19,0,0
302018,41,1,0
302018,187,0,0
302018,193,1,0
302019,58,0,0
302019,87,1,0
302019,267,0,0
302020,96,0,0
302020,120,1,0
302020,134,0,0
302020,140,1,0
302020,229,0,0
302020,231,1,0
302021,9,1,0
302021,66,0,0
302021,89,1,0
302021,110,0,0
302021,127,1,0
302021,256,0,0
302022,129,0,0
302022,195,1,0
302022,203,0,0
302022,215,1,0
302022,241,0,0
302022,252,1,0
302022,264,0,0
302022,280,1,0
302023,21,0,0
302023,34,1,0
302023,54,0,0
302023,96,1,0
302023,195,0,0
302023,219,1,0
302024,5,0,0
302024,31,1,0
302025,25,1,0
302025,36,0,0
302025,48,1,0
302025,142,0,0
302026,2,0,0
302026,45,1,1
302026,76,0,0
302026,82,1,0
302026,141,0,0
302026,149,1,0
302026,283,0,1
302027,5,0,0
302027,14,1,0
302027,64,0,0
302027,78,1,0
302027,218,0,0
302027,229,1,0
302028,76,0,0
302028,86,1,0
302028,90,0,0
302028,161,1,0
302028,227,0,0
302028,243,1,0
302029,5,1,0
302029,130,0,0
302029,210,1,0
302030,88,0,0
302030,115,1,0
302031,56,0,0
302031,59,1,0
302031,73,0,0
302031,86,1,0
302031,124,0,0
302031,127,1,0
302031,212,0,0
302032,10,0,0
302032,70,1,0
302032,115,0,0
302032,138,1,0
302032,204,0,0
302032,285,1,0
302033,85,0,0
302033,145,1,0
302034,3,0,0
302034,51,1,0
302034,77,0,0
302034,96,1,0
302034,117,0,0
302034,184,1,0
302035,36,0,0
302035,37,1,0
302035,69,0,0
302035,76,1,0
302035,139,0,0
302035,173,1,0
302036,128,0,1
302036,157,1,0
302036,222,0,0
302036,259,1,0
302037,41,0,0
302037,52,1,0
302037,126,0,0
302037,131,1,0
302037,220,0,0
302037,232,1,0
302038,53,1,0
302038,83,0,0
302038,85,1,0
302038,141,0,0
302038,163,1,0
302038,291,0,0
302039,37,1,0
302040,49,1,0
302040,108,0,0
302040,138,1,0
302041,10,0,0
302041,33,1,1
302041,76,0,0
302041,103,1,0
302041,109,0,0
302041,124,1,0
302041,197,0,0
302041,229,1,0
302042,57,0,0
302042,80,1,0
302042,127,0,0
302042,231,1,0
302043,43,0,0
302043,50,1,0
302043,113,0,0
302043,227,1,0
302043,241,0,0
302043,257,1,0
302044,18,1,0
302044,47,0,0
302044,78,1,0
302044,274,0,0
302044,290,1,0
302045,29,1,0
302045,154,0,0
302046,45,0,0
302046,46,1,0
302046,53,0,0
302046,94,1,0
302046,132,0,0
302046,184,1,0
302046,250,0,0
302046,277,1,0
302047,29,0,0
302047,33,1,0
302047,54,0,0
302047,87,1,0
302047,162,0,0
302047,219,1,0
302048,91,0,0
302048,109,1,0
302048,119,0,0
302048,162,1,0
302048,205,0,0
302048,219,1,0
302048,223,0,0
302048,250,1,0
302048,262,0,0
302049,108,0,0
302049,143,1,0
302049,222,0,0
302049,232,1,0
302050,20,1,0
302050,31,0,0
302050,38,1,0
302050,76,0,0
302050,97,1,0
302050,226,0,0
302051,68,0,0
302051,160,1,0
302051,208,0,0
302051,248,1,0
302052,3,0,0
302052,9,1,0
302052,31,0,0
302052,52,1,0
302052,189,0,0
302052,200,1,0
302052,274,0,0
302052,279,1,0
302053,141,0,0
302053,166,1,0
302053,195,0,0
302053,206,1,0
302054,28,1,0
302054,47,0,0
302054,89,1,0
302054,170,0,0
302054,176,1,0
302055,23,0,0
302055,71,1,0
302055,142,0,0
302055,179,1,0
302055,236,0,0
302055,259,1,0
302056,70,0,0
302056,88,1,0
302056,178,0,0
302056,189,1,0
302056,227,0,0
302056,246,1,0
302057,28,0,0
302057,54,1,0
302057,134,0,0
302057,143,1,0
302057,273,0,0
302058,4,0,0
302058,44,1,0
302058,65,0,0
302058,66,1,0
302059,51,0,0
302059,74,1,0
302059,197,0,0
302059,198,1,0
302059,222,0,0
302059,274,1,0
302060,9,1,0
302060,103,0,0
302060,112,1,0
302060,142,0,0
302060,192,1,0
302060,251,0,0
302061,25,0,0
302061,109,1,0
302061,145,0,0
302061,152,1,0
302062,237,0,0
302063,28,1,0
302063,51,0,0
302063,91,1,0
302063,162,0,0
302063,202,1,0
302064,150,0,0
302064,207,1,0
302064,219,0,0
302064,228,1,0
302065,3,0,1
302065,28,1,0
302065,66,0,0
302065,109,1,0
302065,136,0,0
302065,143,1,0
302066,106,0,0
302066,113,1,0
302066,199,0,0
302066,213,1,0
302067,7,1,0
302067,196,0,0
302067,255,1,0
302068,80,0,0
302068,103,1,0
302068,213,0,0
302068,263,1,0
302069,30,0,0
302069,45,1,0
302069,175,0,0
302069,180,1,0
302069,241,0,0
302070,12,0,0
302070,20,1,0
302070,23,0,0
302070,91,1,0
302070,129,0,0
302070,147,1,0
302070,165,0,0
302070,169,1,0
302070,183,0,0
302071,7,1,0
302071,55,0,0
302071,120,1,0
302071,154,0,0
302071,163,1,0
302071,260,0,0
302072,81,0,0
302072,85,1,0
302072,97,0,0
302072,142,1,0
302072,271,0,0
302072,288,1,0
302073,44,0,0
302073,112,1,0
302073,152,0,0
302073,154,1,0
302073,274,0,0
302073,280,1,0
302073,281,0,0
302074,136,0,0
302074,137,1,0
302075,2,0,0
302075,44,1,0
302075,119,0,0
302075,130,1,0
302075,135,0,0
302075,143,1,0
302075,265,0,0
302075,276,1,0
302076,25,0,0
302076,54,1,0
302076,179,0,0
302076,214,1,0
302077,206,0,0
302077,268,1,0
302078,60,1,0
302078,173,0,0
302078,175,1,0
302078,188,0,0
302078,189,1,0
302079,48,0,0
302079,121,1,0
302079,128,0,0
302079,132,1,0
302079,139,0,0
302079,149,1,0
302080,8,0,0
302080,16,1,0
302080,199,0,0
302080,236,1,0
302080,247,0,0
302080,255,1,0
302081,141,1,0
302081,165,0,0
302081,193,1,0
302082,9,0,0
302082,30,1,0
302082,37,0,0
302082,66,1,0
302082,79,0,0
302082,238,1,0
302083,18,1,0
302083,120,0,0
302083,140,1,0
302083,141,0,0
302083,196,1,0
302083,208,0,0
302084,20,0,0
302084,30,1,0
302084,57,0,0
302084,114,1,0
302084,178,0,0
302084,245,1,0
302085,8,0,0
302085,53,1,0
302085,62,0,0
302085,90,1,0
302085,99,0,0
302085,102,1,0
302085,108,0,0
302085,129,1,0
302085,249,0,0
302085,278,1,0
302086,58,0,0
302086,66,1,0
302086,178,0,0
302086,193,1,0
302086,224,0,0
302087,49,0,0
302087,50,1,0
302087,119,0,0
302087,188,1,0
302087,197,0,0
302087,232,1,0
302087,257,0,0
302088,63,0,0
302088,68,1,0
302088,95,0,0
302088,121,1,0
302088,171,0,0
302088,176,1,0
302088,229,0,0
302088,251,1,0
302088,252,0,0
302089,151,1,0
302089,226,0,0
302089,239,1,0
302090,31,0,0
302090,79,1,0
302090,140,0,0
302090,178,1,0
302091,113,0,0
302091,141,1,0
302091,147,0,0
302091,163,1,0
302091,165,0,0
302091,219,1,0
302091,248,0,0
302091,255,1,0
302091,262,0,0
302091,263,1,0
302092,133,0,0
302092,152,1,0
302092,251,0,0
302093,75,0,0
302093,90,1,0
302093,147,0,0
302093,155,1,1
302093,165,0,0
302093,186,1,0
302093,215,0,0
302093,286,1,0
302094,33,0,0
302094,89,1,0
302094,150,0,0
302094,183,1,0
302095,46,0,0
302095,49,1,0
302095,53,0,0
302095,105,1,0
302095,122,0,0
302095,147,1,0
302095,231,0,0
302095,280,1,0
302096,66,1,0
302096,71,0,0
302096,89,1,0
302096,147,0,0
302096,157,1,0
302096,242,0,0
302097,4,0,0
302097,12,1,0
302097,21,0,0
302097,79,1,0
302097,203,0,0
302097,209,1,0
302098,81,0,0
302098,120,1,0
302098,200,0,0
302098,223,1,0
302098,235,0,0
302098,245,1,0
302099,45,1,0
302099,189,0,1
302099,203,1,0
302100,139,0,0
302100,182,1,0
302101,38,0,0
302101,56,1,0
302101,104,0,0
302101,115,1,0
302101,120,0,0
302101,122,1,0
302101,169,0,0
302101,193,1,0
302101,253,0,0
302101,271,1,0
302102,20,1,0
302102,110,0,0
302102,114,1,0
302102,123,0,0
302102,154,1,0
302102,221,0,0
302103,1,0,0
302103,57,1,0
302103,144,0,1
302103,250,1,0
302104,106,0,0
302104,138,1,0
302104,195,0,0
302104,196,1,0
302105,44,0,0
302105,108,1,0
302105,131,0,1
302105,137,1,0
302106,147,0,0
302106,163,1,0
302106,181,0,0
302106,215,1,0
302106,237,0,1
302106,257,1,0
302106,265,0,0
302107,74,1,0
302107,100,0,0
302107,110,1,0
302107,162,0,0
302107,167,1,0
302107,203,0,0
302107,225,1,0
302108,29,0,0
302108,49,1,0
302108,150,0,0
302108,153,1,0
302108,207,0,0
302108,217,1,0
302109,36,1,0
302109,98,0,0
302109,99,1,0
302109,107,0,0
302109,170,1,0
302109,229,0,0
302109,232,1,0
302109,248,0,0
302109,249,1,0
302110,75,0,0
302110,129,1,0
302110,133,0,0
302110,150,1,0
302111,27,0,0
302111,63,1,0
302111,127,0,74
302111,128,1,0
302111,201,0,0
302111,262,1,0
302112,15,0,0
302112,46,1,0
302112,96,0,0
302112,98,1,0
302112,210,0,0
302112,245,1,0
302113,17,0,0
302113,28,1,0
302113,37,0,0
302113,60,1,0
302113,100,0,0
302113,109,1,0
302113,200,0,0
302113,229,1,0
302114,37,0,0
302114,43,1,0
302114,100,0,0
302114,102,1,0
302114,122,0,0
302114,159,1,0
302114,178,0,0
302114,231,1,0
302115,1,0,0
302115,4,1,0
302115,41,0,0
302115,65,1,0
302115,245,0,0
302115,248,1,0
302115,252,0,0
302116,19,0,0
302116,30,1,0
302116,106,0,0
302116,118,1,0
302116,154,0,0
302116,161,1,0
302116,240,0,0
302117,3,1,0
302117,59,0,0
302117,64,1,0
302117,140,0,0
302117,168,1,0
302117,202,0,0
302117,234,1,0
302117,241,0,0
302117,256,1,0
302117,263,0,0
302118,117,0,0
302118,193,1,0
302118,199,0,0
302118,237,1,0
302118,245,0,0
302119,143,0,0
302119,187,1,0
302119,226,0,1
302119,240,1,0
302119,274,0,0
302120,3,1,0
302120,77,0,0
302120,79,1,0
302120,259,0,0
302121,47,0,0
302121,61,1,0
302121,140,0,0
302121,147,1,0
302121,179,0,0
302121,192,1,0
302121,291,0,0
302122,12,0,0
302122,88,1,0
302122,102,0,0
302122,121,1,0
302123,8,1,0
302123,63,0,0
302123,67,1,0
302123,100,0,0
302123,120,1,0
302123,153,0,0
302123,171,1,0
302123,216,0,0
302123,243,1,0
302124,122,0,0
302124,148,1,0
302124,155,0,0
302124,192,1,0
302125,18,0,0
302125,84,1,0
302125,101,0,0
302125,142,1,0
302125,203,0,0
302125,215,1,0
302126,22,0,0
302126,24,1,0
302126,146,0,0
302126,153,1,0
302127,3,1,0
302127,9,0,0
302127,31,1,0
302127,51,0,0
302127,61,1,0
302127,90,0,0
302127,98,1,0
302127,145,0,0
302127,146,1,0
302127,161,0,0
302127,170,1,0
302127,210,0,0
302127,256,1,0
302128,29,0,0
302128,69,1,0
302128,136,0,0
302128,178,1,0
302129,4,1,0
302129,33,0,0
302129,39,1,0
302129,156,0,0
302129,158,1,0
302130,192,0,0
302130,240,1,0
302130,241,0,0
302130,248,1,0
302131,232,0,0
302131,277,1,0
302132,16,1,0
302132,71,0,0
302132,73,1,0
302132,239,0,0
302132,241,1,0
302132,272,0,0
302133,81,0,0
302133,107,1,0
302133,118,0,0
302133,141,1,0
302133,157,0,0
302133,177,1,0
302133,285,0,0
302133,291,1,0
302134,71,1,0
302134,87,0,0
302134,102,1,0
302134,123,0,0
302134,157,1,0
302134,169,0,0
302134,198,1,0
302135,38,0,0
302135,102,1,0
302135,240,0,0
302135,261,1,0
302135,283,0,0
302136,29,0,0
302136,37,1,0
302136,44,0,0
302136,77,1,0
302136,152,0,0
302136,159,1,0
302137,24,0,0
302137,26,1,0
302138,6,0,0
302138,27,1,0
302138,136,0,0
302138,147,1,0
302138,151,0,0
302138,179,1,0
302138,239,0,0
302139,1,0,0
302139,46,1,0
302139,64,0,0
302139,94,1,0
302139,147,0,0
302139,199,1,0
302140,136,0,0
302140,143,1,0
302140,153,0,0
302140,171,1,0
302140,186,0,0
302140,213,1,0
302140,273,0,0
302140,287,1,0
302140,298,0,0
302141,8,0,0
302141,87,1,0
302141,91,0,0
302141,92,1,0
302141,102,0,0
302141,115,1,0
302142,2,0,0
302142,3,1,0
302142,67,0,0
302142,106,1,0
302142,143,0,0
302142,162,1,0
302142,197,0,0
302142,216,1,0
302142,254,0,0
302142,270,1,0
302143,22,0,0
302143,75,1,0
302143,134,0,0
302143,182,1,0
302143,236,0,0
302144,260,0,0
302145,58,1,0
302145,74,0,0
302145,142,1,0
302145,205,0,0
302145,213,1,0
302146,3,0,0
302146,13,1,0
302146,169,0,0
302146,227,1,0
302147,3,0,0
302147,15,1,0
302147,34,0,0
302147,66,1,0
302147,68,0,0
302147,80,1,0
302147,142,0,0
302147,154,1,0
302147,236,0,0
302147,266,1,0
302148,152,0,0
302148,158,1,0
302148,230,0,0
302149,1,0,0
302149,2,1,0
302149,17,0,0
302149,27,1,0
302149,226,0,0
302149,231,1,0
302149,278,0,0
302150,40,0,0
302150,91,1,0
302150,96,0,0
302150,98,1,0
302150,253,0,0
302151,36,0,0
302151,149,1,0
302151,172,0,0
302151,206,1,0
302151,221,0,0
302151,266,1,0
302152,1,0,0
302152,22,1,0
302152,51,0,0
302152,55,1,0
302152,62,0,0
302152,66,1,0
302152,180,0,0
302152,230,1,0
302152,254,0,0
302152,267,1,0
302153,95,0,0
302153,144,1,0
302153,204,0,0
302153,259,1,0
302154,7,1,0
302154,14,0,0
302154,32,1,0
302154,48,0,0
302154,55,1,0
302154,123,0,0
302154,132,1,0
302154,203,0,1
302154,215,1,0
302154,225,0,0
302154,233,1,0
302154,268,0,1
302155,30,0,0
302155,130,1,0
302156,34,0,0
302156,43,1,0
302156,113,0,0
302156,118,1,0
302156,192,0,0
302156,209,1,0
302157,5,1,0
302157,28,0,0
302157,29,1,0
302157,65,0,0
302157,74,1,0
302157,103,0,0
302157,138,1,0
302157,171,0,0
302157,183,1,0
302157,259,0,0
302157,262,1,0
302158,42,0,0
302158,48,1,0
302158,52,0,0
302158,58,1,0
302158,132,0,0
302158,142,1,0
302158,200,0,0
302158,222,1,0
302158,288,0,0
302159,227,0,0
302159,252,1,0
302160,36,1,0
302160,73,0,0
302160,123,1,0
302160,234,0,0
302161,157,0,0
302161,208,1,0
302162,11,1,0
302162,49,0,1
302162,54,1,0
302162,69,0,0
302162,148,1,0
302162,180,0,0
302162,209,1,0
302163,183,0,0
302163,191,1,0
302163,240,0,0
302164,4,1,0
302164,47,0,0
302164,82,1,0
302164,153,0,0
302164,164,1,0
302164,168,0,0
302164,197,1,0
302165,74,0,0
302165,75,1,0
302165,83,0,1
302165,94,1,0
302165,111,0,0
302165,128,1,0
302166,10,1,0
302166,77,0,0
302166,147,1,0
302166,198,0,0
302166,203,1,0
302166,270,0,0
302167,16,1,0
302167,183,0,0
302167,187,1,0
302168,37,1,0
302168,75,0,0
302168,89,1,0
302168,205,0,0
302168,208,1,0
302168,226,0,0
302169,67,0,0
302169,68,1,0
302169,135,0,0
302169,227,1,0
302170,26,1,0
302170,100,0,0
302170,260,1,0
302170,268,0,0
302171,47,1,0
302171,58,0,0
302171,116,1,0
302171,178,0,0
302171,186,1,0
302171,254,0,0
302172,3,1,0
302172,34,0,0
302172,37,1,0
302174,74,0,0
302174,206,1,0
302174,221,0,0
302174,222,1,0
302174,253,0,0
302175,27,0,0
302175,81,1,0
302175,94,0,0
302175,154,1,0
302175,235,0,0
302175,259,1,0
302176,137,0,0
302176,140,1,0
302176,158,0,0
302176,169,1,0
302176,261,0,0
302176,264,1,0
302177,238,0,0
302177,252,1,0
302178,157,0,0
302178,158,1,0
302179,97,0,0
302179,98,1,0
302180,199,0,0
302180,239,1,0
302181,76,1,0
302181,131,0,0
302181,138,1,0
302181,140,0,0
302181,159,1,0
302181,160,0,0
302181,186,1,0
302182,18,0,0
302182,45,1,0
302182,51,0,0
302182,93,1,0
302182,94,0,0
302182,98,1,0
302183,15,0,0
302183,49,1,0
302183,65,0,0
302183,115,1,0
302183,125,0,0
302183,128,1,0
302184,6,0,0
302184,7,1,0
302184,35,0,0
302184,41,1,0
302184,43,0,0
302184,65,1,0
302184,69,0,0
302184,104,1,0
302184,200,0,0
302184,261,1,0
302185,74,0,0
302185,87,1,0
302185,237,0,0
302185,244,1,0
302186,28,0,0
302186,78,1,0
302186,102,0,0
302186,141,1,0
302186,142,0,0
302186,177,1,0
302186,186,0,0
302186,223,1,0
302187,40,0,0
302187,54,1,0
302187,117,0,0
302187,122,1,0
302187,137,0,0
302187,148,1,0
302187,206,0,0
302187,235,1,0
302188,9,1,0
302188,81,0,0
302188,83,1,0
302188,172,0,0
302188,216,1,0
302188,246,0,0
302188,254,1,0
302189,45,0,0
302189,99,1,0
302189,135,0,1
302189,168,1,0
302189,169,0,0
302189,196,1,0
302189,213,0,0
302189,249,1,0
302190,3,1,0
302190,55,0,0
302190,61,1,0
302190,76,0,0
302190,84,1,0
302190,156,0,0
302190,240,1,0
302190,247,0,0
302191,40,1,0
302191,73,0,1
302191,87,1,0
302191,135,0,0
302191,141,1,0
302191,243,0,0
302192,19,0,0
302192,26,1,0
302192,38,0,0
302192,61,1,0
302192,117,0,0
302192,119,1,0
302192,188,0,0
302192,202,1,0
302193,21,0,0
302193,22,1,0
302193,52,0,0
302193,63,1,0
302193,108,0,0
302193,201,1,0
302193,222,0,0
302193,260,1,0
302194,83,0,1
302194,120,1,0
302194,180,0,0
302194,205,1,0
302194,248,0,0
302195,5,1,0
302195,26,0,0
302195,69,1,0
302195,90,0,0
302195,103,1,0
302195,136,0,0
302195,146,1,0
302195,201,0,0
302195,211,1,0
302196,61,0,0
302196,74,1,0
302196,234,0,0
302196,241,1,0
302197,9,0,0
302197,10,1,0
302197,42,0,0
302197,81,1,0
302197,123,0,0
302197,146,1,0
302197,246,0,0
302197,296,1,0
302198,48,0,0
302198,53,1,0
302198,149,0,0
302198,166,1,0
302198,172,0,0
302198,173,1,0
302198,298,0,0
302198,310,1,0
302199,10,1,0
302199,21,0,0
302199,36,1,0
302199,52,0,0
302199,86,1,0
302199,126,0,0
302199,200,1,0
302200,28,1,0
302200,69,0,0
302200,80,1,0
302200,115,0,0
302200,119,1,0
302200,122,0,0
302200,159,1,0
302200,244,0,0
302200,255,1,0
302201,7,0,0
302201,39,1,0
302201,106,0,0
302201,139,1,0
302201,216,0,0
302201,234,1,0
302201,257,0,0
302201,262,1,0
302201,289,0,0
302202,76,1,0
302202,127,0,0
302202,146,1,0
302202,199,0,0
302202,237,1,0
302203,7,1,0
302203,128,0,0
302203,169,1,0
302204,166,1,0
302204,224,0,0
302204,228,1,0
302204,239,0,0
302204,247,1,0
302205,88,0,0
302205,97,1,0
302205,129,0,0
302205,177,1,0
302205,179,0,0
302205,231,1,0
302206,128,0,0
302206,134,1,0
302206,189,0,0
302207,74,0,0
302207,79,1,0
302207,117,0,0
302207,124,1,0
302207,193,0,0
302207,194,1,0
302207,241,0,0
302208,12,0,0
302208,77,1,0
302208,83,0,0
302208,91,1,0
302208,103,0,0
302208,169,1,0
302208,204,0,0
302208,208,1,0
302208,211,0,0
302208,245,1,0
302209,66,1,0
302209,239,0,0
302209,248,1,0
302210,6,0,0
302210,17,1,0
302210,124,0,0
302210,168,1,0
302210,171,0,0
302210,174,1,0
302210,189,0,0
302210,209,1,0
302211,53,0,0
302211,56,1,0
302211,133,0,0
302211,146,1,0
302211,160,0,0
302211,163,1,0
302211,205,0,0
302211,255,1,0
302211,266,0,0
302212,61,0,0
302212,80,1,0
302212,91,0,0
302212,124,1,0
302212,142,0,0
302212,221,1,0
302212,275,0,0
302213,36,1,0
302213,131,0,0
302213,154,1,0
302213,160,0,0
302213,261,1,0
302214,29,0,0
302214,67,1,0
302214,84,0,0
302214,99,1,0
302214,104,0,0
302214,109,1,0
302214,137,0,0
302214,177,1,0
302214,212,0,0
302214,256,1,0
302214,257,0,0
302215,20,1,0
302215,105,0,0
302215,183,1,0
302215,219,0,0
302215,228,1,0
302216,63,0,0
302216,67,1,0
302216,142,0,0
302216,145,1,0
302216,233,0,0
302217,16,1,0
302217,41,0,0
302217,52,1,0
302217,95,0,0
302217,122,1,0
302217,202,0,0
302217,222,1,0
302217,288,0,0
302218,32,1,0
302218,191,0,0
302219,4,1,0
302219,9,0,0
302219,37,1,0
302219,132,0,0
302219,142,1,0
302220,54,1,0
302220,147,0,0
302220,169,1,0
302220,192,0,0
302220,207,1,0
302221,9,0,0
302221,28,1,0
302221,51,0,0
302221,101,1,0
302221,129,0,0
302221,204,1,0
302221,253,0,0
302222,23,0,0
302222,51,1,0
302222,104,0,0
302222,119,1,0
302222,222,0,0
302222,251,1,1
302223,4,1,0
302223,36,0,0
302223,51,1,0
302223,80,0,0
302223,93,1,0
302223,107,0,0
302223,126,1,0
302224,8,0,0
302224,17,1,0
302224,49,0,0
302224,141,1,0
302224,224,0,0
302224,249,1,0
302224,262,0,0
302224,270,1,0
302224,274,0,0
302225,1,0,0
302225,79,1,0
302225,98,0,0
302225,148,1,0
302225,215,0,0
302225,239,1,0
302226,67,0,0
302226,77,1,0
302226,103,0,0
302226,117,1,0
302226,149,0,0
302226,150,1,0
302226,208,0,0
302226,211,1,0
302227,28,1,0
302227,47,0,0
302227,50,1,0
302227,117,0,0
302227,153,1,0
302227,214,0,0
302227,234,1,0
302227,260,0,0
302227,273,1,0
302228,44,1,0
302228,137,0,0
302228,179,1,0
302229,26,0,0
302229,28,1,0
302229,51,0,0
302229,106,1,0
302229,217,0,0
302229,227,1,0
302230,31,1,0
302230,48,0,0
302230,69,1,0
302230,94,0,0
302230,105,1,0
302231,154,0,0
302231,167,1,0
302231,186,0,0
302231,199,1,0
302231,239,0,0
302231,250,1,0
302231,252,0,0
302232,71,0,0
302232,95,1,0
302232,158,0,0
302232,162,1,0
302232,186,0,0
302232,215,1,0
302233,156,0,0
302233,184,1,0
302233,264,0,1
302234,90,0,0
302234,108,1,0
302234,164,0,0
302234,172,1,0
302234,178,0,0
302234,185,1,0
302234,279,0,0
302235,47,1,0
302235,76,0,0
302235,87,1,0
302235,99,0,1
302235,116,1,0
302235,171,0,0
302235,183,1,0
302235,209,0,0
302235,212,1,0
302235,213,0,0
302235,247,1,0
302236,16,1,0
302236,51,0,0
302236,85,1,0
302236,105,0,0
302236,122,1,0
302236,165,0,0
302236,205,1,0
302237,119,0,0
302237,132,1,0
302237,176,0,0
302237,209,1,0
302237,234,0,0
302237,248,1,0
302238,21,0,0
302238,45,1,0
302238,215,0,0
302238,295,1,0
302239,2,1,0
302239,30,0,0
302239,95,1,0
302240,140,0,0
302240,164,1,0
302240,176,0,0
302240,197,1,0
302241,25,1,0
302241,65,0,0
302241,117,1,0
302241,119,0,0
302241,146,1,0
302241,168,0,0
302241,171,1,0
302241,188,0,0
302241,280,1,0
302242,85,0,0
302242,94,1,0
302242,151,0,0
302242,165,1,0
302242,211,0,0
302242,216,1,0
302242,269,0,0
302242,317,1,0
302242,329,0,0
302243,86,0,0
302243,133,1,0
302244,109,0,0
302244,111,1,0
302244,138,0,0
302244,155,1,0
302244,239,0,0
302244,250,1,0
302244,268,0,0
302245,8,1,0
302245,83,0,0
302245,90,1,0
302245,212,0,0
302245,239,1,0
302245,252,0,0
302246,131,0,0
302246,132,1,0
302246,185,0,0
302246,215,1,0
302246,235,0,1
302247,84,0,0
302247,178,1,0
302248,3,0,0
302248,43,1,0
302248,45,0,0
302248,69,1,0
302248,106,0,0
302248,137,1,0
302248,246,0,0
302249,179,0,1
302249,223,1,0
302249,269,0,0
302249,273,1,0
302250,31,1,0
302250,55,0,0
302250,78,1,0
302250,151,0,0
302250,170,1,0
302250,188,0,0
302250,200,1,0
302251,14,1,0
302251,96,0,0
302251,113,1,0
302251,164,0,0
302251,179,1,0
302252,28,0,0
302252,57,1,0
302252,84,0,0
302252,114,1,0
302252,151,0,0
302253,77,0,0
302253,82,1,0
302253,156,0,0
302253,202,1,0
302254,91,1,0
302254,156,0,0
302254,171,1,0
302254,207,0,1
302254,237,1,0
302255,1,0,0
302255,60,1,0
302255,135,0,0
302255,150,1,0
302255,200,0,0
302255,208,1,0
302255,220,0,0
302255,271,1,0
302256,6,0,0
302256,19,1,0
302256,20,0,0
302256,143,1,0
302256,159,0,0
302256,166,1,0
302256,229,0,0
302257,64,0,0
302257,123,1,0
302257,125,0,0
302257,147,1,0
302258,56,0,0
302258,74,1,0
302258,163,0,0
302258,212,1,0
302258,263,0,0
302258,278,1,0
302259,23,1,0
302259,31,0,0
302259,84,1,0
302259,161,0,1
302259,163,1,0
302259,183,0,0
302260,24,0,0
302260,36,1,0
302260,63,0,0
302260,75,1,0
302260,121,0,0
302260,169,1,0
302260,210,0,0
302260,215,1,0
302261,9,0,0
302261,25,1,0
302261,28,0,0
302261,75,1,0
302261,92,0,0
302261,109,1,0
302261,197,0,0
302262,7,0,0
302262,9,1,0
302262,21,0,0
302262,72,1,0
302262,108,0,0
302262,125,1,0
302263,89,0,0
302263,160,1,0
302263,178,0,0
302263,218,1,0
302264,25,0,0
302264,59,1,0
302264,104,0,0
302264,117,1,0
302264,172,0,0
302264,207,1,0
302264,245,0,0
302264,270,1,0
302265,7,1,0
302265,23,0,0
302265,34,1,0
302265,155,0,0
302265,158,1,0
302266,21,0,0
302266,25,1,0
302266,59,0,0
302266,64,1,0
302266,71,0,0
302266,108,1,0
302266,156,0,0
302266,178,1,0
302266,195,0,0
302266,215,1,0
302267,4,0,0
302267,22,1,1
302267,188,0,0
302267,200,1,0
302267,256,0,0
302269,55,1,0
302269,170,0,0
302269,217,1,0
302269,224,0,0
302269,293,1,0
302270,46,0,0
302270,94,1,0
302270,226,0,0
302270,240,1,0
302270,241,0,0
302270,244,1,0
302271,16,0,0
302271,23,1,0
302271,82,0,0
302271,188,1,0
302271,227,0,0
302271,231,1,0
302272,89,0,0
302272,114,1,0
302272,212,0,0
302272,214,1,0
302273,38,0,0
302273,77,1,0
302273,80,0,0
302273,132,1,0
302273,140,0,0
302273,151,1,0
302273,167,0,0
302273,168,1,0
302274,2,1,0
302274,43,0,0
302274,76,1,0
302274,192,0,0
302274,203,1,0
302274,249,0,0
302274,257,1,0
302275,2,0,0
302275,38,1,0
302276,14,1,0
302276,31,0,0
302276,82,1,0
302276,118,0,0
302276,140,1,0
302276,192,0,0
302276,217,1,0
302277,18,0,0
302277,45,1,0
302277,47,0,0
302277,76,1,0
302277,92,0,0
302277,98,1,0
302277,144,0,0
302277,167,1,0
302277,173,0,0
302277,199,1,0
302277,212,0,0
302277,215,1,0
302277,236,0,0
302277,262,1,0
302278,120,0,0
302278,138,1,0
302278,143,0,0
302278,192,1,0
302278,203,0,0
302278,213,1,0
302278,225,0,0
302278,229,1,0
302278,267,0,0
302278,274,1,0
302279,51,1,0
302279,116,0,0
302279,137,1,0
302279,164,0,0
302279,175,1,0
302280,22,0,0
302280,38,1,0
302280,149,0,0
302280,216,1,0
302281,58,0,0
302281,60,1,0
302281,262,0,0
302282,24,0,0
302282,29,1,0
302282,31,0,0
302282,76,1,0
302282,95,0,0
302282,106,1,0
302282,109,0,0
302282,140,1,0
302282,226,0,0
302282,243,1,0
302283,68,0,0
302283,130,1,0
302283,196,0,1
302283,216,1,0
302283,240,0,0
302283,247,1,0
302283,281,0,0
302284,12,0,0
302284,33,1,0
302284,99,0,0
302284,132,1,0
302284,233,0,0
302284,251,1,0
302285,93,0,0
302285,98,1,0
302286,78,0,0
302286,140,1,0
302286,161,0,0
302286,179,1,0
302287,13,0,0
302287,15,1,0
302287,57,0,0
302287,81,1,0
302287,99,0,0
302287,106,1,0
302288,26,0,0
302288,62,1,0
302288,76,0,0
302288,79,1,0
302288,125,0,0
302288,161,1,0
302288,204,0,0
302288,211,1,0
302288,236,0,0
302288,241,1,0
302288,249,0,0
302288,274,1,0
302289,229,0,0
302289,242,1,0
302290,27,0,0
302290,28,1,0
302290,53,0,0
302290,94,1,0
302291,11,0,0
302291,36,1,0
302291,42,0,0
302291,109,1,0
302291,162,0,0
302291,213,1,0
302291,227,0,0
302291,275,1,0
302292,22,0,0
302292,90,1,0
302292,175,0,0
302292,219,1,0
302292,282,0,0
302293,54,0,0
302293,86,1,0
302293,111,0,0
302293,140,1,0
302293,153,0,0
302293,216,1,0
302294,12,1,0
302294,33,0,1
302294,53,1,0
302294,83,0,0
302294,119,1,0
302294,176,0,0
302294,238,1,0
302295,24,0,0
302295,31,1,0
302295,58,0,0
302295,67,1,0
302295,73,0,0
302295,86,1,0
302296,59,0,0
302296,81,1,0
302296,133,0,0
302296,154,1,0
302296,160,0,0
302296,274,1,0
302297,40,0,0
302297,43,1,0
302297,79,0,0
302297,91,1,0
302297,177,0,0
302297,185,1,0
302297,207,0,0
302297,271,1,0
302298,29,0,0
302298,68,1,0
302299,34,1,0
302299,72,0,0
302299,80,1,0
302299,132,0,0
302299,146,1,0
302299,149,0,0
302299,168,1,0
302300,126,0,0
302300,128,1,0
302300,133,0,0
302300,140,1,0
302300,172,0,0
302300,205,1,0
302300,208,0,0
302300,243,1,0
302301,50,0,0
302301,83,1,0
302301,101,0,0
302301,136,1,0
302301,145,0,0
302301,157,1,0
302302,31,1,0
302302,49,0,0
302302,50,1,0
302302,125,0,0
302302,146,1,0
302302,189,0,0
302302,197,1,0
302302,217,0,0
302302,237,1,0
302304,28,0,0
302304,66,1,0
302304,123,0,0
302304,134,1,0
302304,173,0,0
302304,185,1,0
302304,238,0,0
302304,257,1,0
302304,282,0,0
302305,8,1,0
302305,17,0,0
302305,24,1,0
302305,31,0,0
302305,35,1,0
302305,83,0,0
302305,107,1,0
302305,112,0,0
302305,137,1,0
302305,237,0,0
302305,251,1,0
302307,238,0,0
302307,242,1,0
302308,52,0,0
302308,94,1,0
302308,97,0,0
302308,143,1,0
302308,150,0,1
302308,161,1,0
302308,168,0,0
302308,203,1,0
302308,207,0,0
302308,219,1,0
302309,11,1,0
302309,166,0,0
302309,169,1,0
302309,239,0,0
302309,245,1,0
302310,27,0,0
302310,29,1,0
302310,45,0,0
302310,51,1,0
302310,166,0,0
302310,170,1,0
302310,210,0,0
302310,261,1,0
302311,7,0,0
302311,18,1,0
302311,187,0,0
302311,206,1,0
302312,22,1,0
302312,79,0,0
302312,91,1,0
302312,209,0,0
302312,230,1,0
302313,7,1,0
302313,102,0,0
302313,118,1,0
302313,254,0,0
302313,255,1,0
302314,29,0,0
302314,38,1,0
302314,96,0,0
302314,97,1,0
302314,130,0,0
302314,144,1,0
302314,174,0,0
302314,181,1,0
302315,39,0,1
302315,50,1,0
302315,133,0,0
302315,160,1,0
302315,180,0,0
302315,187,1,0
302315,208,0,0
302315,211,1,0
302316,3,1,0
302316,74,0,0
302316,157,1,0
302316,168,0,0
302316,173,1,0
302317,55,1,0
302318,12,0,0
302318,29,1,0
302318,53,0,0
302318,58,1,0
302318,111,0,0
302318,123,1,0
302319,36,0,0
302319,46,1,0
302319,62,0,0
302319,80,1,0
302319,125,0,0
302319,208,1,0
302320,27,0,0
302320,61,1,0
302321,113,0,0
302321,150,1,0
302321,152,0,0
302321,187,1,0
302321,219,0,0
302321,243,1,0
302322,111,0,0
302322,145,1,0
302323,112,0,0
302323,114,1,0
302323,167,0,0
302323,176,1,0
302323,204,0,0
302323,212,1,0
302323,235,0,0
302324,117,0,0
302324,126,1,0
302325,46,1,0
302325,148,0,0
302325,170,1,0
302325,192,0,0
302325,222,1,0
302326,69,0,0
302326,127,1,0
302326,214,0,0
302327,16,1,0
302327,23,0,0
302327,46,1,0
302327,47,0,0
302327,70,1,0
302327,164,0,0
302327,168,1,0
302327,187,0,0
302327,199,1,0
302327,206,0,0
302328,38,0,0
302328,127,1,0
302328,134,0,0
302328,209,1,0
302329,13,1,0
302329,23,0,0
302329,25,1,0
302329,53,0,0
302329,65,1,0
302329,69,0,0
302329,98,1,0
302329,264,0,0
302330,147,0,0
302330,158,1,0
302330,259,0,0
302330,265,1,0
302331,10,1,0
302331,21,0,0
302331,27,1,0
302331,81,0,0
302331,85,1,0
302331,120,0,0
302331,143,1,0
302331,241,0,0
302332,18,0,0
302332,60,1,0
302332,138,0,0
302332,148,1,0
302332,158,0,0
302332,234,1,0
302333,26,0,0
302333,84,1,0
302333,241,0,0
302333,261,1,0
302334,62,0,0
302334,66,1,0
302334,143,0,0
302334,159,1,0
302335,55,0,42
302335,56,1,0
302335,97,0,0
302335,116,1,0
302335,230,0,0
302335,249,1,0
302335,281,0,0
302335,296,1,0
302336,54,0,0
302336,64,1,0
302336,125,0,0
302336,150,1,0
302336,207,0,0
302337,48,1,0
302337,259,0,0
302337,268,1,0
302338,53,1,0
302338,101,0,0
302338,117,1,0
302338,125,0,0
302338,136,1,0
302339,38,1,0
302339,104,0,0
302339,156,1,0
302339,186,0,0
302339,187,1,0
302339,210,0,0
302339,226,1,0
302340,14,0,0
302340,89,1,0
302340,149,0,0
302340,156,1,0
302340,225,0,0
302340,236,1,0
302340,238,0,0
302340,304,1,0
302341,7,1,0
302341,45,0,0
302341,51,1,0
302341,55,0,0
302341,65,1,0
302341,89,0,0
302341,117,1,0
302341,201,0,1
302341,204,1,0
302341,213,0,0
302342,5,0,0
302342,9,1,0
302342,58,0,0
302342,178,1,0
302343,178,0,0
302343,188,1,0
302343,254,0,0
302343,261,1,1
302344,103,0,0
302344,108,1,0
302344,165,0,0
302344,171,1,0
302344,211,0,0
302344,218,1,0
302344,251,0,0
302344,253,1,0
302344,264,0,0
302344,274,1,0
302345,2,1,0
302345,122,0,0
302345,146,1,0
302346,32,0,0
302346,74,1,0
302346,123,0,0
302346,188,1,0
302347,78,0,0
302347,163,1,0
302347,178,0,0
302347,184,1,0
302348,32,0,0
302348,45,1,0
302348,46,0,1
302348,50,1,0
302348,73,0,0
302348,85,1,0
302348,153,0,0
302348,215,1,0
302349,65,1,1
302349,149,0,0
302349,161,1,0
302349,170,0,0
302349,173,1,0
302349,191,0,0
302349,202,1,0
302349,221,0,0
302350,84,0,1
302350,87,1,0
302350,105,0,0
302350,138,1,0
302350,179,0,0
302350,242,1,0
302351,64,0,0
302351,104,1,0
302351,143,0,0
302351,179,1,0
302351,254,0,0
302352,2,0,0
302352,82,1,0
302352,217,0,0
302352,239,1,0
302352,260,0,0
302353,24,0,0
302353,150,1,0
302353,201,0,0
302353,239,1,0
302353,245,0,0
302354,128,0,0
302354,133,1,0
302354,166,0,0
302354,198,1,0
302354,271,0,0
302355,6,0,0
302355,10,1,0
302355,46,0,0
302355,67,1,0
302355,72,0,0
302355,85,1,0
302355,147,0,0
302355,233,1,0
302355,235,0,0
302356,91,0,0
302356,116,1,0
302356,132,0,0
302356,156,1,0
302356,194,0,0
302356,217,1,0
302356,232,0,0
302356,240,1,0
302357,6,0,0
302357,149,1,0
302357,179,0,0
302357,200,1,0
302358,104,0,1
302358,151,1,0
302358,173,0,0
302358,176,1,0
302359,61,0,0
302359,92,1,0
302359,118,0,0
302359,125,1,0
302359,200,0,0
302359,211,1,0
302360,112,0,0
302360,120,1,0
302360,203,0,0
302360,233,1,0
302360,237,0,1
302360,244,1,0
302360,247,0,0
302361,6,0,0
302361,45,1,0
302361,158,0,0
302362,47,1,0
302362,99,0,0
302362,112,1,0
302362,136,0,0
302362,142,1,0
302363,5,1,0
302363,12,0,0
302363,26,1,0
302363,95,0,0
302363,116,1,0
302363,135,0,0
302363,151,1,0
302364,101,0,0
302364,113,1,0
302364,250,0,0
302364,260,1,0
302365,38,1,0
302365,244,0,0
302366,53,0,0
302366,66,1,0
302366,146,0,0
302366,149,1,0
302366,255,0,0
302366,267,1,0
302366,301,0,0
302367,41,1,0
302367,97,0,0
302367,109,1,0
302367,118,0,0
302367,151,1,0
302367,228,0,0
302367,245,1,0
302368,159,0,0
302368,167,1,0
302368,257,0,0
302368,262,1,0
302368,278,0,0
302369,4,0,0
302369,31,1,0
302369,36,0,0
302369,60,1,0
302369,111,0,0
302369,119,1,0
302369,228,0,0
302369,273,1,0
302369,299,0,0
302370,79,1,0
302370,86,0,0
302370,132,1,0
302370,219,0,0
302371,77,0,0
302371,117,1,0
302372,32,1,0
302372,95,0,0
302372,178,1,0
302374,8,0,0
302374,51,1,0
302375,105,0,0
302375,133,1,0
302375,282,0,0
302376,84,0,0
302376,93,1,0
302376,143,0,0
302376,178,1,0
302377,75,0,0
302377,93,1,0
302377,116,0,0
302377,148,1,0
302377,242,0,0
302378,13,0,0
302378,54,1,0
302378,163,0,0
302378,167,1,0
302378,282,0,0
302379,6,0,0
302379,9,1,0
302379,32,0,0
302379,37,1,0
302379,149,0,0
302379,166,1,0
302379,226,0,0
302379,232,1,0
302380,7,1,0
302380,28,0,0
302380,36,1,0
302380,77,0,0
302380,83,1,0
302380,258,0,0
302382,55,0,0
302382,102,1,0
302382,105,0,0
302382,152,1,0
302382,211,0,0
302382,228,1,0
302382,238,0,0
302382,249,1,0
302382,255,0,0
302383,23,0,0
302383,25,1,0
302383,77,0,0
302383,104,1,0
302383,124,0,0
302383,147,1,0
302383,160,0,0
302383,239,1,0
302384,32,0,0
302384,42,1,0
302384,150,0,0
302384,165,1,0
302384,195,0,0
302384,207,1,0
302385,9,1,0
302385,32,0,0
302385,39,1,0
302385,132,0,0
302385,167,1,0
302385,197,0,0
302385,241,1,0
302386,227,0,0
302387,37,0,0
302387,52,1,0
302387,65,0,0
302387,98,1,0
302387,99,0,0
302387,148,1,0
302387,155,0,0
302387,199,1,0
302387,225,0,0
302387,243,1,0
302388,16,1,0
302388,45,0,0
302388,56,1,0
302388,93,0,0
302388,148,1,0
302388,149,0,0
302388,168,1,0
302388,250,0,0
302388,262,1,0
302389,153,0,0
302389,173,1,0
302389,186,0,0
302389,230,1,0
302389,237,0,0
302390,35,0,0
302390,92,1,0
302390,106,0,0
302390,119,1,0
302390,164,0,0
302390,229,1,0
302391,110,0,0
302391,124,1,0
302391,175,0,0
302391,188,1,0
302391,210,0,0
302391,223,1,0
302392,18,1,0
302392,166,0,0
302392,203,1,0
302392,239,0,0
302392,242,1,0
302393,61,0,0
302393,89,1,0
302393,209,0,0
302393,229,1,0
302394,140,0,0
302394,158,1,0
302394,219,0,0
302394,240,1,0
302394,253,0,0
302394,258,1,0
302394,277,0,0
302395,1,0,0
302395,15,1,0
302395,253,0,0
302395,266,1,0
302396,71,0,0
302396,73,1,0
302396,284,0,0
302397,47,1,0
302397,183,0,0
302397,187,1,0
302397,226,0,0
302397,253,1,0
302398,106,0,0
302398,107,1,0
302398,163,0,0
302398,166,1,0
302398,210,0,0
302398,215,1,0
302398,263,0,0
302399,33,1,0
302399,58,0,0
302399,118,1,0
302399,202,0,0
302399,250,1,0
302400,24,1,0
302400,117,0,0
302400,119,1,0
302400,172,0,1
302400,200,1,0
302401,43,0,0
302401,69,1,0
302401,91,0,0
302401,107,1,0
302401,131,0,0
302401,160,1,0
302401,212,0,0
302401,219,1,0
302401,240,0,0
302401,242,1,0
302402,5,0,0
302402,11,1,0
302402,22,0,0
302402,61,1,0
302402,238,0,0
302402,292,1,0
302403,63,1,0
302403,194,0,0
302403,199,1,0
302404,3,1,0
302404,68,0,0
302404,111,1,0
302404,134,0,0
302404,172,1,0
302404,183,0,0
302404,196,1,0
302405,40,1,0
302405,88,0,0
302405,119,1,1
302406,141,0,0
302406,239,1,0
302407,2,0,0
302407,57,1,0
302407,74,0,0
302407,127,1,0
302407,230,0,0
302407,283,1,0
302408,5,0,0
302408,29,1,0
302408,47,0,0
302408,105,1,0
302410,34,0,0
302410,70,1,0
302410,108,0,0
302410,169,1,0
302411,39,0,0
302411,61,1,0
302411,138,0,0
302411,142,1,0
302411,173,0,0
302411,191,1,0
302411,290,0,0
302412,34,1,0
302412,208,0,0
302412,246,1,0
302413,81,0,0
302413,97,1,0
302413,159,0,0
302413,208,1,0
302413,289,0,0
302414,146,1,0
302414,153,0,0
302414,173,1,0
302414,175,0,0
302414,192,1,0
302414,262,0,0
302415,7,1,0
302415,19,0,0
302415,61,1,0
302415,95,0,0
302415,116,1,0
302415,162,0,0
302415,185,1,0
302416,8,1,0
302416,52,0,0
302416,66,1,0
302416,68,0,0
302416,147,1,0
302416,215,0,0
302416,235,1,0
302417,238,0,0
302417,267,1,0
302418,17,1,0
302418,25,0,0
302418,37,1,0
302418,55,0,0
302418,66,1,0
302418,187,0,0
302418,234,1,0
302419,40,0,0
302419,68,1,0
302419,78,0,1
302419,127,1,0
302419,157,0,0
302419,159,1,0
302419,207,0,0
302419,226,1,0
302419,233,0,0
302419,246,1,0
302420,132,0,0
302420,134,1,0
302420,248,0,0
302420,267,1,0
302420,283,0,0
302421,61,0,0
302421,95,1,0
302421,134,0,0
302421,136,1,0
302421,225,0,0
302421,267,1,0
302422,168,0,0
302422,238,1,0
302423,20,0,0
302423,32,1,0
302423,100,0,0
302423,190,1,0
302424,185,0,0
302424,221,1,0
302424,244,0,0
302425,46,1,0
302425,67,0,0
302425,121,1,0
302425,130,0,1
302425,138,1,0
302425,158,0,0
302425,182,1,0
302425,257,0,0
302426,12,1,0
302426,35,0,0
302426,106,1,0
302426,127,0,0
302426,165,1,0
302426,187,0,1
302426,232,1,0
302427,7,1,0
302427,109,0,0
302427,157,1,0
302427,206,0,0
302427,211,1,0
302427,263,0,0
302428,11,1,0
302428,99,0,0
302428,115,1,0
302428,266,0,0
302428,282,1,0
302428,289,0,0
302428,302,1,0
302429,64,0,0
302429,76,1,0
302430,110,0,0
302430,139,1,0
302430,159,0,0
302430,175,1,0
302430,193,0,0
302430,203,1,0
302431,30,1,0
302431,131,0,0
302431,174,1,0
302431,279,0,0
302432,4,0,0
302432,51,1,0
302432,77,0,0
302432,83,1,0
302432,89,0,0
302432,107,1,0
302432,142,0,0
302432,154,1,0
302432,248,0,0
302432,254,1,0
302433,56,0,0
302433,60,1,0
302433,68,0,0
302433,70,1,0
302433,76,0,0
302433,86,1,0
302433,89,0,0
302433,116,1,0
302433,139,0,0
302433,172,1,0
302433,212,0,0
302433,267,1,0
302434,15,1,0
302434,34,0,1
302434,70,1,0
302434,167,0,0
302434,192,1,0
302434,193,0,0
302434,222,1,0
302435,72,1,0
302435,282,0,0
302435,289,1,0
302436,125,0,0
302436,171,1,0
302436,190,0,0
302436,203,1,0
302437,42,1,0
302437,55,0,0
302437,64,1,0
302437,213,0,0
302437,223,1,0
302437,233,0,0
302437,241,1,0
302438,30,1,0
302438,106,0,0
302438,144,1,1
302438,191,0,0
302438,197,1,0
302439,57,1,0
302439,159,0,0
302439,161,1,0
302439,217,0,0
302439,257,1,0
302439,268,0,1
302440,10,1,0
302440,75,0,0
302440,91,1,0
302440,113,0,0
302440,158,1,0
302440,248,0,0
302441,16,1,0
302441,29,0,0
302441,43,1,0
302441,60,0,0
302441,81,1,0
302441,89,0,0
302441,93,1,0
302441,131,0,0
302441,141,1,0
302441,150,0,0
302441,169,1,0
302442,26,1,0
302442,61,0,0
302442,118,1,0
302442,203,0,0
302442,217,1,0
302443,48,1,0
302443,78,0,0
302443,82,1,0
302443,107,0,0
302443,129,1,0
302444,4,1,0
302444,48,0,0
302444,57,1,0
302444,167,0,1
302444,254,1,0
302445,2,0,0
302445,6,1,0
302445,264,0,0
302445,265,1,0
302446,32,1,0
302446,208,0,0
302446,238,1,0
302447,62,0,0
302447,66,1,0
302447,108,0,0
302447,114,1,0
302447,183,0,0
302447,257,1,0
302448,129,0,0
302448,191,1,0
302448,237,0,0
302448,299,1,0
302449,2,1,0
302449,23,0,0
302449,27,1,0
302449,200,0,0
302449,202,1,0
302449,219,0,1
302449,227,1,0
302450,26,1,0
302451,12,0,0
302451,14,1,0
302451,43,0,0
302451,47,1,0
302451,87,0,0
302451,129,1,0
302451,166,0,1
302451,220,1,0
302451,223,0,0
302452,2,0,1
302452,87,1,0
302453,35,0,0
302453,38,1,0
302453,66,0,0
302453,108,1,0
302453,137,0,0
302453,173,1,0
302453,185,0,0
302453,203,1,0
302454,26,1,0
302454,89,0,0
302454,104,1,0
302454,158,0,0
302454,222,1,0
302454,249,0,0
302455,12,1,0
302455,285,0,0
302455,300,1,0
302456,223,0,0
302456,243,1,0
302456,265,0,0
302457,6,0,0
302457,26,1,0
302457,42,0,0
302457,52,1,0
302457,107,0,0
302457,132,1,0
302457,264,0,0
302458,1,0,0
302458,4,1,0
302458,100,0,0
302458,105,1,0
302458,223,0,0
302459,2,0,0
302459,8,1,0
302459,223,0,0
302459,248,1,0
302459,260,0,0
302459,263,1,0
302460,25,0,0
302460,44,1,0
302460,186,0,0
302460,221,1,0
302460,290,0,0
302461,231,0,0
302461,253,1,0
302462,73,0,0
302462,114,1,0
302463,36,1,0
302463,94,0,0
302463,95,1,0
302463,184,0,0
302463,200,1,0
302464,7,1,0
302464,63,0,0
302464,69,1,0
302464,244,0,0
302464,245,1,0
302465,26,0,0
302465,58,1,0
302465,77,0,0
302465,97,1,0
302465,106,0,0
302465,140,1,0
302465,154,0,0
302465,212,1,0
302465,216,0,0
302465,283,1,0
302466,188,0,0
302466,217,1,0
302466,226,0,0
302466,233,1,0
302466,246,0,0
302467,11,0,0
302467,31,1,0
302467,189,0,0
302467,235,1,0
302468,93,0,0
302468,118,1,0
302468,153,0,0
302468,156,1,0
302469,8,0,0
302469,21,1,0
302469,63,0,0
302469,87,1,0
302469,182,0,0
302469,196,1,0
302469,265,0,0
302470,43,0,0
302470,151,1,0
302471,97,0,1
302471,112,1,1
302471,184,0,0
302471,186,1,0
302471,190,0,0
302471,194,1,0
302471,207,0,0
302471,253,1,0
302472,12,1,0
302472,88,0,0
302472,92,1,0
302472,231,0,0
302472,243,1,0
302473,158,0,0
302473,173,1,0
302474,137,1,0
302475,65,0,0
302475,124,1,0
302475,165,0,0
302475,189,1,0
302475,244,0,0
302475,257,1,0
302476,7,1,0
302476,36,0,0
302476,69,1,0
302476,106,0,0
302476,125,1,0
302476,144,0,0
302476,147,1,0
302476,181,0,0
302476,226,1,0
302476,258,0,0
302477,4,1,0
302477,115,0,0
302477,134,1,0
302477,248,0,0
302477,256,1,0
302478,34,0,0
302478,39,1,0
302478,69,0,0
302478,73,1,0
302478,144,0,0
302478,179,1,0
302478,260,0,0
302479,27,1,0
302479,87,0,0
302479,88,1,0
302479,100,0,0
302479,109,1,0
302479,117,0,0
302479,141,1,0
302479,279,0,0
302480,5,0,0
302480,100,1,0
302480,147,0,0
302480,171,1,0
302480,247,0,0
302480,267,1,0
302480,274,0,0
302481,147,0,0
302481,164,1,0
302481,165,0,0
302481,194,1,0
302481,222,0,0
302481,237,1,0
302481,278,0,0
302482,39,0,0
302482,64,1,0
302482,143,0,0
302482,158,1,0
302482,188,0,0
302482,215,1,0
302483,22,0,0
302483,56,1,0
302483,59,0,0
302483,85,1,0
302484,99,0,0
302484,158,1,0
302484,188,0,0
302484,206,1,0
302484,213,0,0
302484,237,1,0
302485,106,0,0
302485,121,1,0
302485,146,0,0
302485,177,1,0
302486,189,0,0
302486,221,1,0
302486,235,0,0
302486,245,1,0
302487,98,1,0
302487,139,0,0
302487,172,1,0
302488,90,0,0
302488,101,1,0
302489,14,1,0
302489,103,0,0
302489,142,1,0
302489,254,0,0
302489,256,1,0
302490,9,1,0
302490,38,0,0
302490,102,1,0
302490,185,0,0
302490,200,1,0
302490,243,0,0
302491,105,0,0
302491,196,1,0
302492,45,1,0
302492,115,0,0
302492,165,1,0
302492,188,0,0
302492,195,1,0
302492,199,0,0
302492,203,1,0
302492,236,0,0
302492,246,1,0
302492,265,0,0
302493,66,0,0
302493,141,1,0
302493,205,0,0
302494,55,1,0
302494,93,0,0
302494,167,1,0
302494,231,0,0
302495,6,1,0
302495,21,0,0
302495,24,1,0
302495,25,0,0
302495,41,1,0
302495,113,0,0
302495,135,1,0
302495,230,0,0
302495,233,1,0
302496,89,0,0
302496,92,1,0
302496,157,0,0
302496,177,1,0
302496,180,0,0
302496,220,1,0
302496,251,0,0
302496,253,1,0
302497,7,0,0
302497,37,1,0
302497,70,0,0
302497,79,1,0
302497,118,0,0
302497,170,1,0
302497,234,0,0
302497,252,1,0
302498,75,1,0
302498,95,0,0
302498,178,1,0
302498,201,0,0
302498,238,1,0
302499,155,0,0
302499,203,1,0
302499,225,0,0
302500,1,1,0
302500,16,0,0
302500,56,1,0
302500,77,0,0
302500,107,1,0
302500,170,0,0
302500,209,1,0
302500,306,0,0
302501,10,0,0
302501,34,1,0
302501,129,0,0
302501,164,1,0
302501,195,0,0
302501,220,1,0
302502,71,1,0
302502,123,0,0
302502,157,1,0
302502,204,0,0
302502,205,1,0
302502,286,0,0
302503,1,1,0
302503,27,0,0
302503,64,1,0
302503,99,0,0
302503,116,1,0
302503,134,0,0
302503,198,1,0
302504,17,0,0
302504,36,1,0
302504,145,0,0
302504,165,1,0
302504,212,0,0
302504,221,1,0
302504,244,0,0
302504,275,1,0
302505,9,1,0
302505,52,0,0
302505,107,1,0
302505,208,0,0
302505,251,1,0
302506,9,0,0
302506,53,1,0
302506,237,0,0
302506,249,1,0
302507,126,0,0
302507,194,1,0
302507,212,0,0
302507,227,1,0
302507,265,0,0
302507,272,1,0
302508,70,0,0
302508,89,1,0
302508,275,0,0
302509,39,1,0
302509,101,0,0
302509,159,1,0
302510,235,0,0
302510,242,1,0
302511,91,0,0
302511,134,1,0
302511,135,0,0
302511,138,1,0
302511,213,0,0
302511,220,1,0
302512,114,0,0
302512,117,1,0
302512,179,0,0
302512,190,1,0
302512,227,0,0
302513,71,0,0
302513,79,1,0
302514,23,0,0
302514,61,1,0
302514,230,0,0
302514,231,1,0
302515,101,0,0
302515,120,1,0
302515,172,0,0
302516,102,0,0
302516,130,1,0
302517,43,1,0
302517,95,0,0
302517,114,1,0
302517,173,0,0
302517,190,1,0
302517,212,0,0
302518,2,0,0
302518,114,1,0
302518,167,0,0
302518,181,1,0
302518,186,0,0
302518,191,1,0
302518,239,0,0
302519,24,0,0
302519,34,1,0
302519,36,0,0
302519,52,1,0
302519,58,0,0
302519,83,1,0
302519,215,0,0
302519,294,1,0
302520,21,0,0
302520,32,1,0
302520,72,0,0
302520,74,1,0
302521,67,0,0
302521,95,1,0
302521,101,0,0
302521,106,1,0
302521,177,0,0
302521,238,1,0
302522,4,1,0
302522,117,0,0
302522,147,1,0
302522,241,0,0
302522,250,1,0
302522,262,0,0
302522,271,1,0
302523,270,0,1
302524,91,0,1
302524,130,1,0
302525,34,1,0
302525,88,0,0
302525,198,1,0
302526,58,1,0
302526,90,0,0
302526,143,1,0
302526,225,0,0
302526,232,1,0
302526,237,0,0
302526,246,1,0
302527,20,0,0
302527,38,1,0
302527,78,0,0
302527,115,1,0
302527,186,0,0
302527,210,1,0
302528,75,0,0
302528,85,1,0
302528,136,0,0
302528,167,1,0
302528,175,0,0
302528,193,1,0
302529,9,0,0
302529,91,1,0
302530,109,0,0
302530,128,1,0
302530,160,0,0
302530,181,1,0
302530,259,0,0
302531,48,1,0
302531,157,0,0
302531,167,1,50
302531,168,0,0
302531,217,1,0
302532,10,0,0
302532,16,1,0
302532,45,0,0
302532,67,1,0
302532,147,0,0
302532,159,1,0
302532,250,0,0
302532,265,1,0
302534,15,0,0
302534,17,1,0
302534,62,0,0
302534,75,1,0
302534,120,0,0
302534,127,1,0
302534,134,0,0
302534,165,1,0
302534,171,0,0
302534,226,1,0
302534,273,0,0
302534,292,1,0
302535,70,0,0
302535,87,1,0
302535,88,0,0
302535,141,1,0
302535,218,0,0
302536,51,1,0
302536,180,0,0
302536,182,1,0
302536,250,0,0
302536,283,1,0
302537,64,0,0
302537,67,1,0
302537,115,0,0
302537,132,1,0
302537,138,0,0
302537,142,1,0
302537,160,0,0
302537,161,1,0
302537,196,0,0
302537,245,1,0
302538,62,0,0
302538,65,1,0
302538,74,0,0
302538,168,1,0
302538,191,0,0
302538,210,1,0
302538,270,0,1
302538,273,1,0
302538,284,0,0
302539,118,0,0
302539,126,1,0
302539,140,0,0
302539,227,1,0
302540,77,0,0
302540,82,1,0
302540,124,0,0
302540,179,1,0
302540,192,0,0
302540,238,1,0
302541,8,1,0
302541,46,0,0
302541,75,1,0
302541,104,0,0
302541,138,1,0
302541,254,0,0
302542,15,0,0
302542,34,1,0
302542,207,0,0
302542,257,1,0
302543,86,1,0
302543,91,0,0
302543,170,1,0
302544,45,0,0
302544,88,1,0
302544,161,0,0
302544,217,1,0
302545,115,0,0
302545,129,1,0
302545,171,0,0
302545,176,1,0
302545,209,0,0
302545,211,1,0
302545,288,0,0
302545,299,1,0
302546,39,0,0
302546,63,1,0
302546,139,0,0
302546,141,1,0
302546,204,0,0
302546,253,1,0
302547,3,0,0
302547,52,1,0
302547,55,0,0
302547,83,1,0
302547,102,0,0
302547,127,1,0
302547,195,0,0
302547,211,1,0
302547,236,0,0
302547,265,1,0
302547,270,0,0
302548,62,0,0
302548,78,1,0
302548,119,0,0
302548,164,1,0
302548,210,0,0
302548,241,1,0
302548,249,0,0
302548,265,1,0
302549,41,0,0
302549,96,1,0
302549,111,0,0
302549,117,1,0
302549,284,0,0
302550,31,1,0
302551,12,1,0
302551,191,0,0
302551,203,1,0
302551,267,0,0
302551,274,1,0
302551,294,0,0
302552,109,0,0
302552,118,1,0
302552,145,0,0
302552,182,1,0
302552,188,0,0
302552,195,1,0
302552,234,0,0
302552,248,1,0
302552,259,0,0
302552,275,1,0
302553,35,0,0
302553,66,1,0
302553,75,0,0
302553,98,1,0
302553,149,0,0
302553,168,1,0
302553,254,0,0
302554,10,0,0
302554,15,1,0
302554,94,0,0
302554,96,1,0
302554,110,0,0
302554,112,1,0
302555,3,0,1
302555,41,1,0
302555,73,0,0
302555,135,1,0
302556,82,0,0
302556,172,1,0
302557,125,1,0
302558,10,1,0
302558,130,0,0
302558,152,1,0
302558,280,0,0
302559,34,0,0
302559,46,1,0
302560,1,0,0
302560,11,1,0
302560,22,0,0
302560,31,1,0
302560,93,0,0
302560,126,1,0
302560,184,0,0
302560,201,1,0
302560,213,0,0
302560,218,1,0
302560,245,0,0
302560,261,1,0
302561,69,0,0
302561,77,1,0
302561,131,0,0
302561,133,1,0
302561,175,0,0
302561,182,1,0
302562,71,0,1
302562,82,1,0
302562,121,0,0
302562,122,1,0
302562,158,0,0
302562,217,1,0
302563,70,0,0
302563,96,1,0
302563,233,0,0
302563,259,1,0
302564,43,0,0
302564,99,1,0
302564,199,0,0
302564,246,1,0
302564,278,0,0
302565,111,0,0
302565,138,1,0
302566,113,0,0
302566,146,1,0
302567,57,0,0
302567,97,1,0
302567,129,0,0
302567,145,1,0
302567,168,0,0
302567,196,1,0
302567,206,0,0
302567,242,1,0
302568,83,0,0
302568,115,1,0
302569,5,1,0
302569,12,0,0
302569,69,1,0
302569,79,0,0
302569,129,1,0
302570,11,0,0
302570,25,1,0
302570,33,0,0
302570,56,1,0
302570,83,0,0
302570,95,1,0
302570,156,0,0
302570,170,1,0
302570,208,0,0
302570,244,1,0
302571,108,0,0
302571,117,1,0
302572,14,0,0
302572,71,1,0
302572,151,0,0
302572,163,1,0
302572,274,0,0
302572,278,1,0
302573,36,0,0
302573,57,1,0
302573,159,0,0
302573,196,1,0
302573,256,0,0
302574,6,1,0
302574,20,0,0
302574,39,1,0
302574,88,0,0
302574,94,1,0
302574,243,0,0
302574,273,1,0
302575,12,1,0
302575,105,0,0
302575,113,1,0
302575,162,0,0
302575,206,1,0
302575,236,0,0
302575,258,1,0
302576,225,0,0
302576,256,1,0
302576,268,0,0
302576,276,1,0
302577,36,1,0
302577,44,0,0
302577,75,1,0
302577,119,0,0
302577,175,1,0
302577,184,0,0
302577,244,1,0
302577,305,0,0
302577,314,1,0
302578,19,0,0
302578,34,1,0
302578,60,0,0
302578,74,1,0
302578,85,0,0
302578,89,1,0
302578,131,0,0
302578,159,1,0
302578,263,0,0
302578,271,1,0
302579,47,1,0
302579,83,0,0
302579,135,1,0
302580,279,0,0
302581,21,0,0
302581,39,1,0
302581,44,0,1
302581,121,1,0
302581,158,0,0
302581,180,1,0
302581,197,0,0
302581,218,1,0
302582,9,1,0
302582,147,0,0
302582,167,1,0
302582,183,0,0
302582,184,1,0
302582,224,0,0
302583,10,1,0
302583,33,0,0
302583,35,1,0
302583,74,0,0
302583,85,1,0
302583,127,0,0
302583,196,1,0
302584,21,1,0
302584,59,0,0
302584,65,1,0
302584,76,0,0
302584,133,1,0
302584,145,0,1
302584,156,1,0
302584,205,0,0
302584,208,1,0
302584,209,0,0
302584,211,1,0
302584,259,0,0
302585,11,1,0
302585,95,0,0
302585,117,1,0
302585,131,0,0
302585,144,1,0
302585,232,0,0
302585,252,1,0
302586,52,0,0
302586,183,1,0
302586,190,0,0
302586,196,1,0
302587,7,1,0
302587,27,0,0
302587,28,1,0
302587,253,0,0
302587,260,1,0
302587,262,0,0
302588,236,0,1
302589,27,1,0
302589,99,0,0
302589,114,1,0
302589,226,0,0
302590,26,1,0
302591,10,0,0
302591,19,1,0
302591,123,0,0
302591,141,1,0
302591,208,0,0
302591,265,1,0
302592,86,1,0
302592,106,0,0
302592,130,1,0
302592,203,0,1
302592,212,1,0
302592,267,0,0
302592,276,1,0
302593,65,0,0
302593,77,1,0
302593,87,0,0
302593,93,1,0
302593,118,0,1
302594,18,1,0
302594,99,0,0
302594,163,1,0
302594,204,0,0
302594,292,1,0
302595,2,1,0
302595,51,0,0
302595,55,1,0
302596,29,1,0
302596,38,0,0
302596,82,1,0
302596,212,0,0
302596,223,1,0
302598,80,0,0
302598,89,1,0
302598,231,0,0
302598,270,1,0
302599,9,1,0
302599,27,0,0
302599,29,1,0
302599,47,0,0
302599,57,1,0
302599,183,0,0
302599,225,1,0
302599,231,0,0
302599,273,1,0
302599,279,0,0
302600,2,1,0
302600,119,0,0
302600,120,1,0
302600,177,0,0
302600,201,1,0
302600,228,0,0
302600,263,1,0
302601,27,0,0
302601,42,1,0
302601,96,0,0
302601,177,1,0
302601,237,0,0
302602,48,1,0
302602,65,0,0
302602,101,1,0
302602,189,0,0
302602,223,1,0
302603,60,0,0
302603,81,1,0
302603,92,0,0
302603,199,1,0
302603,222,0,0
302604,45,1,0
302604,127,0,0
302604,134,1,0
302604,146,0,0
302604,169,1,0
302605,6,1,0
302605,68,0,0
302605,89,1,0
302605,109,0,0
302605,155,1,0
302605,208,0,0
302605,232,1,0
302606,98,0,1
302606,131,1,0
302606,133,0,0
302606,181,1,0
302607,21,0,0
302607,28,1,0
302607,89,0,0
302607,112,1,0
302608,4,1,0
302608,52,0,0
302608,65,1,0
302608,168,0,0
302608,228,1,0
302608,295,0,0
302609,91,0,0
302609,121,1,0
302609,267,0,0
302610,62,1,0
302610,68,0,0
302610,92,1,0
302610,97,0,0
302610,98,1,0
302610,190,0,0
302610,191,1,0
302611,81,0,0
302611,85,1,0
302611,116,0,0
302611,121,1,0
302611,157,0,0
302611,158,1,0
302611,204,0,0
302611,221,1,0
302613,25,0,0
302613,52,1,0
302613,137,0,0
302613,148,1,0
302613,215,0,0
302613,270,1,0
302613,279,0,0
302614,1,0,0
302614,30,1,0
302614,58,0,0
302614,62,1,0
302614,177,0,0
302614,186,1,0
302614,237,0,0
302615,4,0,0
302615,51,1,0
302616,3,0,0
302616,5,1,0
302616,21,0,0
302616,22,1,0
302616,81,0,0
302616,128,1,0
302616,149,0,0
302616,152,1,0
302616,220,0,0
302616,264,1,0
302617,51,0,0
302617,56,1,0
302617,64,0,0
302617,118,1,0
302617,157,0,0
302617,185,1,0
302617,203,0,0
302617,204,1,0
302617,215,0,0
302617,222,1,0
302617,259,0,0
302618,258,0,0
302619,14,0,0
302619,44,1,0
302619,52,0,0
302619,87,1,0
302619,89,0,0
302619,107,1,0
302619,130,0,0
302619,131,1,0
302619,237,0,0
302620,60,0,0
302620,61,1,0
302620,96,0,0
302620,138,1,0
302620,144,0,0
302621,86,0,0
302621,100,1,0
302621,101,0,0
302621,181,1,0
302621,212,0,0
302621,266,1,0
302622,8,1,0
302622,30,0,0
302622,95,1,0
302622,106,0,0
302622,124,1,0
302622,218,0,0
302623,28,0,0
302623,84,1,0
302623,87,0,0
302623,108,1,0
302623,131,0,0
302623,144,1,0
302623,168,0,0
302623,169,1,0
302623,259,0,0
302623,266,1,0
302623,277,0,0
302624,10,0,0
302624,161,1,0
302624,169,0,0
302624,219,1,0
302624,231,0,0
302625,117,1,0
302625,193,0,0
302625,203,1,0
302625,244,0,0
302625,271,1,0
302626,1,1,0
302626,16,0,0
302626,41,1,0
302626,81,0,0
302626,107,1,0
302626,108,0,0
302626,135,1,0
302626,163,0,0
302626,166,1,0
302627,149,0,0
302627,156,1,0
302627,162,0,0
302627,223,1,0
302627,260,0,0
302628,5,0,0
302628,19,1,0
302628,67,0,0
302628,80,1,0
302628,227,0,0
302628,237,1,0
302629,89,1,0
302629,175,0,0
302629,214,1,0
302629,235,0,0
302629,263,1,0
302630,5,0,0
302630,35,1,0
302630,191,0,0
302630,218,1,0
302630,245,0,0
302630,286,1,0
302631,7,0,0
302631,78,1,0
302631,117,0,0
302631,166,1,0
302632,33,0,0
302632,135,1,0
302633,21,1,0
302633,193,0,0
302633,208,1,0
302633,253,0,0
302633,269,1,0
302634,50,1,0
302634,236,0,0
302634,238,1,0
302635,15,0,0
302635,29,1,0
302635,103,0,0
302635,110,1,0
302635,223,0,0
302635,246,1,0
302636,105,0,0
302636,143,1,0
302636,210,0,0
302636,227,1,0
302637,18,1,0
302637,41,0,0
302637,59,1,0
302637,87,0,0
302637,88,1,0
302637,96,0,0
302637,127,1,0
302637,206,0,0
302637,209,1,0
302637,267,0,0
302638,55,0,0
302638,70,1,0
302638,216,0,0
302638,243,1,0
302638,244,0,0
302638,262,1,0
302639,8,0,0
302639,36,1,0
302639,47,0,0
302639,67,1,0
302639,85,0,0
302639,101,1,0
302639,158,0,0
302639,163,1,0
302639,276,0,0
302640,106,0,0
302640,111,1,0
302640,161,0,0
302640,231,1,0
302640,275,0,0
302640,280,1,0
302641,11,0,0
302641,52,1,0
302641,131,0,0
302641,133,1,0
302641,143,0,0
302641,172,1,0
302642,1,1,0
302642,67,0,0
302642,75,1,0
302642,119,0,0
302642,136,1,0
302642,165,0,0
302642,223,1,0
302642,277,0,0
302643,37,1,0
302643,137,0,0
302643,151,1,0
302643,182,0,0
302643,201,1,0
302643,206,0,0
302643,210,1,0
302643,227,0,0
302643,228,1,0
302643,276,0,0
302644,34,1,0
302644,48,0,0
302644,51,1,0
302644,136,0,0
302644,150,1,0
302644,160,0,0
302644,196,1,0
302645,20,0,0
302645,41,1,0
302645,126,0,0
302645,128,1,0
302645,232,0,0
302645,245,1,0
302645,259,0,0
302645,262,1,0
302646,97,0,0
302646,116,1,0
302646,140,0,1
302646,160,1,0
302646,228,0,0
302646,233,1,0
302646,269,0,1
302646,284,1,0
302647,7,1,0
302647,101,0,0
302647,126,1,0
302647,218,0,0
302647,233,1,0
302648,2,1,0
302648,17,0,0
302648,47,1,0
302648,148,0,0
302648,153,1,0
302648,246,0,0
302649,51,0,1
302649,58,1,0
302649,111,0,0
302649,133,1,0
302649,134,0,0
302649,143,1,0
302649,163,0,0
302649,175,1,0
302650,12,0,0
302650,30,1,0
302650,91,0,0
302650,163,1,0
302650,266,0,0
302651,32,0,0
302651,72,1,0
302651,252,0,0
302652,20,0,0
302652,54,1,0
302652,223,0,0
302652,228,1,0
302653,8,1,0
302653,125,0,0
302653,131,1,0
302653,236,0,0
302653,255,1,0
302654,32,1,0
302654,42,0,0
302654,75,1,0
302654,77,0,0
302654,118,1,0
302654,148,0,0
302654,163,1,0
302654,244,0,0
302654,257,1,0
302655,35,0,0
302655,36,1,0
302655,38,0,0
302655,68,1,0
302655,81,0,0
302655,127,1,0
302655,209,0,0
302656,36,1,0
302656,116,0,0
302656,136,1,0
302656,167,0,0
302656,177,1,0
302657,64,0,0
302657,82,1,0
302657,85,0,0
302657,93,1,1
302657,112,0,0
302657,119,1,0
302657,143,0,0
302657,154,1,0
302657,255,0,0
302658,32,0,0
302658,89,1,0
302658,127,0,0
302658,172,1,0
302658,217,0,0
302658,218,1,0
302658,263,0,0
302658,264,1,0
302659,33,0,0
302659,38,1,0
302659,51,0,0
302659,72,1,0
302659,180,0,0
302659,198,1,0
302659,274,0,0
302660,48,1,0
302660,261,0,0
302660,278,1,0
302661,108,0,0
302661,153,1,0
302661,208,0,0
302661,216,1,0
302661,273,0,0
302662,278,0,0
302663,2,1,0
302663,116,0,0
302663,131,1,0
302663,213,0,0
302663,234,1,0
302664,5,0,0
302664,62,1,0
302665,267,0,0
302666,65,0,0
302666,72,1,0
302666,73,0,0
302666,133,1,0
302666,227,0,0
302666,265,1,0
302667,114,0,0
302667,146,1,0
302667,176,0,0
302667,187,1,0
302667,228,0,0
302667,257,1,0
302667,264,0,0
302667,267,1,0
302668,57,0,0
302668,88,1,0
302668,123,0,0
302668,130,1,0
302668,193,0,0
302668,213,1,0
302669,34,1,0
302669,114,0,0
302669,144,1,0
302669,221,0,0
302669,231,1,0
302670,81,1,0
302671,52,0,0
302671,115,1,0
302671,157,0,1
302671,194,1,0
302671,287,0,0
302672,1,0,0
302672,5,1,0
302672,125,0,0
302672,170,1,0
302672,179,0,0
302672,182,1,0
302672,201,0,0
302672,238,1,0
302673,20,0,0
302673,50,1,0
302673,95,0,0
302673,97,1,0
302673,103,0,0
302673,141,1,0
302673,151,0,0
302673,206,1,0
302674,21,0,0
302674,40,1,0
302674,50,0,0
302674,53,1,0
302674,170,0,0
302674,229,1,0
302675,3,1,0
302675,24,0,0
302675,74,1,0
302675,155,0,0
302675,166,1,0
302675,200,0,1
302675,228,1,0
302676,87,0,0
302676,116,1,0
302676,203,0,1
302677,2,0,0
302677,19,1,0
302677,58,0,0
302677,71,1,0
302677,79,0,0
302677,88,1,0
302677,189,0,0
302677,235,1,0
302678,97,0,0
302678,112,1,0
302678,115,0,0
302678,149,1,0
302678,220,0,0
302678,276,1,0
302678,281,0,0
302679,62,0,0
302679,72,1,0
302679,186,0,0
302679,208,1,0
302680,107,0,0
302680,111,1,0
302680,148,0,0
302680,154,1,0
302680,160,0,0
302680,241,1,0
302681,45,0,0
302681,146,1,0
302681,219,0,0
302681,220,1,0
302682,34,0,0
302682,75,1,0
302682,220,0,0
302682,271,1,0
302683,35,0,0
302683,73,1,0
302683,78,0,0
302683,85,1,0
302684,8,1,0
302684,76,0,0
302684,103,1,0
302684,180,0,0
302684,203,1,0
302684,204,0,0
302684,223,1,0
302684,249,0,0
302685,162,0,0
302685,219,1,0
302686,76,0,0
302686,90,1,0
302686,158,0,0
302686,171,1,0
302686,204,0,1
302686,216,1,0
302686,257,0,0
302687,111,0,0
302687,180,1,0
302687,201,0,0
302688,43,1,0
302688,78,0,0
302688,130,1,0
302689,37,0,0
302689,40,1,0
302689,46,0,0
302689,108,1,0
302689,130,0,0
302689,147,1,0
302689,197,0,0
302689,207,1,0
302689,220,0,0
302689,224,1,0
302690,67,0,0
302690,71,1,0
302690,110,0,0
302690,115,1,0
302690,117,0,0
302690,150,1,0
302690,185,0,0
302690,191,1,0
302690,227,0,0
302690,249,1,0
302690,292,0,0
302691,24,0,0
302691,45,1,0
302691,56,0,0
302691,80,1,0
302691,81,0,0
302691,83,1,0
302691,182,0,0
302691,214,1,0
302691,249,0,0
302692,241,0,0
302693,37,0,0
302693,85,1,0
302693,192,0,0
302693,217,1,0
302693,267,0,0
302693,268,1,0
302694,6,0,0
302694,17,1,0
302694,96,0,0
302694,136,1,0
302695,153,0,0
302695,164,1,0
302695,165,0,0
302695,185,1,0
302695,207,0,0
302695,221,1,0
302696,40,0,0
302696,128,1,0
302696,143,0,0
302696,157,1,0
302696,182,0,1
302696,192,1,0
302696,223,0,0
302696,238,1,0
302697,38,0,0
302697,40,1,0
302697,70,0,0
302697,88,1,0
302697,161,0,0
302697,163,1,0
302697,210,0,0
302698,28,0,0
302698,71,1,0
302698,78,0,0
302698,90,1,0
302698,170,0,0
302698,206,1,0
302698,295,0,0
302699,7,1,0
302699,66,0,0
302699,72,1,0
302699,73,0,0
302699,90,1,0
302700,53,0,0
302700,89,1,0
302700,176,0,0
302700,189,1,0
302701,59,0,0
302701,71,1,0
302701,93,0,0
302701,102,1,0
302701,164,0,0
302701,181,1,0
302701,219,0,0
302701,235,1,0
302702,59,0,0
302702,81,1,0
302702,82,0,0
302702,90,1,1
302702,136,0,0
302702,145,1,0
302702,158,0,0
302702,193,1,0
302703,18,0,0
302703,111,1,0
302703,202,0,0
302703,217,1,0
302704,55,0,0
302704,95,1,0
302704,198,0,0
302704,218,1,0
302704,229,0,0
302704,242,1,0
302705,4,1,0
302705,104,0,0
302705,126,1,0
302705,212,0,0
302705,258,1,0
302706,155,0,0
302706,284,1,0
302707,75,0,0
302707,96,1,0
302707,113,0,0
302707,117,1,0
302707,189,0,0
302707,200,1,0
302707,245,0,0
302708,5,1,0
302708,13,0,0
302708,31,1,0
302708,63,0,0
302708,70,1,0
302708,152,0,0
302708,157,1,0
302708,226,0,0
302709,63,0,0
302709,89,1,0
302709,131,0,0
302709,134,1,0
302709,156,0,0
302709,205,1,0
302710,84,0,0
302710,158,1,0
302710,191,0,0
302710,215,1,0
302711,115,0,0
302711,129,1,0
302711,176,0,0
302711,201,1,0
302711,233,0,0
302711,270,1,0
302712,14,0,0
302712,16,1,0
302712,168,0,0
302712,177,1,0
302712,228,0,0
302713,6,1,0
302713,7,0,0
302713,26,1,0
302713,64,0,0
302713,77,1,0
302713,114,0,1
302713,118,1,1
302713,192,0,0
302713,227,1,0
302713,264,0,0
302713,274,1,0
302714,73,0,0
302714,95,1,0
302714,170,0,0
302715,18,0,0
302715,33,1,0
302715,51,0,0
302715,72,1,0
302716,50,0,0
302716,52,1,0
302716,208,0,1
302716,218,1,0
302717,55,1,0
302717,160,0,0
302717,209,1,0
302718,46,1,0
302718,67,0,0
302718,71,1,0
302718,194,0,0
302718,208,1,0
302719,36,1,0
302719,95,0,0
302719,209,1,0
302720,93,0,0
302720,114,1,0
302720,157,0,0
302720,158,1,0
302720,247,0,1
302720,261,1,0
302721,43,0,0
302721,68,1,0
302721,124,0,0
302721,150,1,0
302721,165,0,0
302723,195,0,0
302723,197,1,0
302723,281,0,0
302724,28,1,0
302724,57,0,0
302724,58,1,0
302724,69,0,0
302724,72,1,0
302724,89,0,0
302724,118,1,0
302724,217,0,0
302724,223,1,0
302725,63,0,0
302725,71,1,0
302725,87,0,0
302725,91,1,0
302725,102,0,0
302725,171,1,0
302725,216,0,0
302725,280,1,0
302726,2,1,0
302726,86,0,0
302726,109,1,0
302726,269,0,0
302727,34,0,0
302727,58,1,0
302727,62,0,0
302727,69,1,0
302727,86,0,0
302727,169,1,0
302727,196,0,0
302727,199,1,0
302727,268,0,0
302727,289,1,0
302727,299,0,0
302728,110,0,0
302728,125,1,0
302728,181,0,0
302728,220,1,0
302728,223,0,0
302728,224,1,0
302728,227,0,0
302729,20,0,0
302729,27,1,0
302729,44,0,0
302729,65,1,0
302729,160,0,0
302729,177,1,0
302729,244,0,0
302729,254,1,0
302730,70,1,0
302730,83,0,0
302730,86,1,0
302730,126,0,0
302730,157,1,0
302730,207,0,0
302730,221,1,0
302731,73,0,0
302731,77,1,0
302731,99,0,0
302731,109,1,0
302731,136,0,0
302731,158,1,0
302731,161,0,0
302731,180,1,0
302732,198,0,0
302732,233,1,0
302732,281,0,0
302733,29,0,0
302733,50,1,0
302733,153,0,0
302733,184,1,0
302733,236,0,0
302733,237,1,0
302733,244,0,0
302733,283,1,0
302734,9,0,0
302734,63,1,0
302734,107,0,0
302734,110,1,0
302734,143,0,0
302734,159,1,0
302734,198,0,0
302734,210,1,0
302734,214,0,0
302734,226,1,0
302734,228,0,0
302734,232,1,0
302735,30,0,0
302735,57,1,0
302735,72,0,0
302735,75,1,0
302735,111,0,0
302735,138,1,0
302735,187,0,0
302735,205,1,0
302735,211,0,0
302735,212,1,0
302736,34,0,0
302736,38,1,0
302736,147,0,0
302736,210,1,0
302736,239,0,0
302736,255,1,0
302737,184,0,0
302737,236,1,0
302737,262,0,0
302738,25,0,0
302738,45,1,0
302738,95,0,0
302738,103,1,0
302739,69,0,0
302739,129,1,0
302739,149,0,0
302739,166,1,0
302739,169,0,0
302739,186,1,0
302739,209,0,0
302739,227,1,0
302739,258,0,0
302739,280,1,0
302740,221,0,0
302741,7,1,0
302741,43,0,0
302741,44,1,0
302741,93,0,0
302741,158,1,0
302742,31,0,0
302742,47,1,0
302742,121,0,0
302742,131,1,0
302742,213,0,0
302742,270,1,0
302742,306,0,0
302742,314,1,0
302743,26,0,0
302743,29,1,0
302743,124,0,0
302743,128,1,0
302743,212,0,0
302743,223,1,0
302744,11,1,0
302744,50,0,0
302744,64,1,0
302744,189,0,0
302745,4,1,0
302745,5,0,0
302745,18,1,0
302745,110,0,0
302745,111,1,0
302745,124,0,0
302745,138,1,0
302745,178,0,0
302745,204,1,0
302745,219,0,0
302745,225,1,0
302746,19,1,0
302746,62,0,0
302746,106,1,0
302746,115,0,0
302746,167,1,0
302746,258,0,0
302746,262,1,0
302747,1,0,0
302747,65,1,0
302747,114,0,0
302747,168,1,0
302747,187,0,0
302747,200,1,0
302747,212,0,0
302747,242,1,0
302748,33,1,0
302748,127,0,0
302748,131,1,0
302748,197,0,0
302748,199,1,0
302748,249,0,0
302748,258,1,0
302749,9,1,0
302749,51,0,0
302749,130,1,0
302749,171,0,0
302749,178,1,0
302750,21,0,0
302750,29,1,0
302750,43,0,0
302750,90,1,0
302750,200,0,0
302750,264,1,0
302750,300,0,0
302751,42,0,0
302751,65,1,0
302751,80,0,0
302751,97,1,0
302751,244,0,0
302751,275,1,0
302752,19,1,0
302752,66,0,0
302752,143,1,0
302752,172,0,0
302752,199,1,0
302752,241,0,0
302753,66,0,0
302753,74,1,0
302753,94,0,0
302753,107,1,0
302753,108,0,0
302753,145,1,0
302753,178,0,0
302753,190,1,0
302753,198,0,0
302753,201,1,0
302753,241,0,0
302754,174,0,0
302754,178,1,0
302754,202,0,0
302754,204,1,0
302754,237,0,0
302754,263,1,0
302755,213,0,0
302756,10,1,0
302756,141,0,0
302756,235,1,0
302757,55,1,0
302757,135,0,0
302757,185,1,0
302757,206,0,0
302757,225,1,0
302758,10,1,0
302758,76,0,0
302758,112,1,0
302758,118,0,0
302758,140,1,0
302758,230,0,0
302758,245,1,0
302759,155,0,0
302759,220,1,0
302759,268,0,0
302759,285,1,0
302760,75,0,0
302760,96,1,0
302760,129,0,0
302760,229,1,0
302760,258,0,0
302761,88,0,0
302761,95,1,0
302761,107,0,0
302761,115,1,0
302761,137,0,0
302761,195,1,0
302761,216,0,0
302761,232,1,0
302761,272,0,0
302762,11,0,0
302762,53,1,0
302762,54,0,0
302762,103,1,0
302762,196,0,0
302762,206,1,0
302763,20,1,0
302763,72,0,0
302763,112,1,0
302763,152,0,0
302763,192,1,0
302764,163,0,0
302764,178,1,0
302764,204,0,0
302764,216,1,0
302765,13,1,0
302765,74,0,0
302765,109,1,0
302765,230,0,0
302765,258,1,0
302766,124,0,0
302766,129,1,0
302766,149,0,0
302766,205,1,0
302766,247,0,0
302766,260,1,0
302767,43,0,0
302767,44,1,0
302767,108,0,0
302767,153,1,0
302768,13,0,0
302768,14,1,0
302768,43,0,0
302768,74,1,0
302768,163,0,0
302768,196,1,0
302768,278,0,0
302769,32,0,0
302769,112,1,0
302769,138,0,0
302769,145,1,0
302769,246,0,0
302769,249,1,0
302769,250,0,0
302770,37,0,0
302770,60,1,0
302770,78,0,0
302770,96,1,0
302770,122,0,0
302770,217,1,0
302770,265,0,0
302770,277,1,0
302771,4,0,0
302771,6,1,0
302771,38,0,0
302771,103,1,0
302771,204,0,0
302771,246,1,0
302771,262,0,0
302771,280,1,0
302772,153,0,0
302772,188,1,0
302772,214,0,0
302772,242,1,0
302773,42,0,0
302773,119,1,0
302773,141,0,0
302773,173,1,0
302774,31,0,0
302774,38,1,0
302774,50,0,0
302774,160,1,0
302774,250,0,0
302775,88,1,0
302775,93,0,0
302775,106,1,0
302776,94,0,0
302776,153,1,0
302776,185,0,0
302776,190,1,0
302776,218,0,0
302776,233,1,0
302777,12,0,0
302777,24,1,0
302777,43,0,0
302777,93,1,0
302778,101,0,0
302778,104,1,0
302778,199,0,0
302778,245,1,0
302778,266,0,0
302779,28,0,0
302779,102,1,0
302779,128,0,0
302779,143,1,0
302779,258,0,0
302780,25,0,0
302780,65,1,0
302780,101,0,0
302780,102,1,0
302780,117,0,0
302780,125,1,0
302780,145,0,0
302780,147,1,0
302781,43,1,0
302781,98,0,0
302781,131,1,0
302781,163,0,0
302781,180,1,0
302781,255,0,0
302781,264,1,0
302782,91,1,0
302782,137,0,0
302782,141,1,0
302782,145,0,0
302782,158,1,0
302782,200,0,0
302782,225,1,0
302782,235,0,0
302783,58,0,0
302783,68,1,0
302783,190,0,0
302783,201,1,0
302784,47,0,0
302784,48,1,0
302784,50,0,0
302784,64,1,0
302784,99,0,0
302784,109,1,0
302784,200,0,0
302784,204,1,0
302784,234,0,0
302785,62,0,0
302785,217,1,0
302787,43,0,0
302787,64,1,0
302787,118,0,0
302787,128,1,0
302787,196,0,1
302787,207,1,0
302787,225,0,0
302787,292,1,0
302788,8,0,0
302788,10,1,0
302788,125,0,0
302788,151,1,0
302788,189,0,0
302788,214,1,0
302788,237,0,0
302788,266,1,0
302790,7,0,0
302790,22,1,0
302790,33,0,0
302790,56,1,0
302790,62,0,0
302790,115,1,0
302790,153,0,0
302790,223,1,0
302791,31,0,0
302791,41,1,0
302791,201,0,0
302791,223,1,0
302792,19,1,0
302792,145,0,0
302792,160,1,0
302792,183,0,0
302792,197,1,0
302793,7,1,0
302793,151,0,0
302793,153,1,0
302793,183,0,0
302793,251,1,0
302794,28,0,0
302794,137,1,0
302794,284,0,0
302795,87,0,0
302795,104,1,0
302795,140,0,0
302795,155,1,0
302795,218,0,0
302795,266,1,0
302796,20,0,0
302796,82,1,0
302796,162,0,0
302796,170,1,0
302796,190,0,0
302796,191,1,0
302796,208,0,0
302796,249,1,0
302797,23,0,0
302797,25,1,0
302797,160,0,0
302797,246,1,0
302798,4,0,0
302798,61,1,0
302798,62,0,0
302798,78,1,0
302798,217,0,0
302798,265,1,0
302798,269,0,0
302799,144,0,0
302799,175,1,0
302799,185,0,0
302800,289,0,0
302801,5,1,0
302801,54,0,0
302801,83,1,0
302801,103,0,0
302801,120,1,0
302802,14,1,0
302802,104,0,0
302802,121,1,0
302802,138,0,0
302802,172,1,0
302802,174,0,0
302802,197,1,0
302802,220,0,0
302802,223,1,0
302802,272,0,0
302802,283,1,0
302803,129,0,0
302803,141,1,0
302803,180,0,0
302803,184,1,0
302804,36,1,0
302804,84,0,0
302804,125,1,0
302805,18,0,0
302805,54,1,0
302805,285,0,0
302806,10,0,0
302806,89,1,0
302806,107,0,0
302806,114,1,0
302806,154,0,0
302806,182,1,0
302806,197,0,0
302806,215,1,0
302806,266,0,0
302808,3,1,0
302808,93,0,0
302808,108,1,0
302808,113,0,0
302808,142,1,0
302809,93,0,0
302809,109,1,0
302809,215,0,0
302809,232,1,0
302809,233,0,0
302809,235,1,0
302809,259,0,0
302809,267,1,0
302809,271,0,0
302810,30,0,0
302810,33,1,0
302810,77,0,0
302810,120,1,0
302810,154,0,1
302810,167,1,0
302810,172,0,0
302810,187,1,0
302811,80,1,0
302811,86,0,0
302811,118,1,0
302811,208,0,0
302811,219,1,0
302812,4,0,0
302812,8,1,0
302812,25,0,0
302812,30,1,0
302812,71,0,0
302812,114,1,0
302812,136,0,0
302812,138,1,0
302812,230,0,0
302812,256,1,0
302813,17,0,0
302813,24,1,0
302813,64,0,0
302813,66,1,0
302813,244,0,0
302814,63,0,0
302814,91,1,0
302814,149,0,0
302814,151,1,0
302814,155,0,0
302814,169,1,0
302815,98,1,0
302815,184,0,0
302815,203,1,0
302815,223,0,0
302815,263,1,0
302815,268,0,0
302815,275,1,0
302815,286,0,0
302815,288,1,0
302815,292,0,0
302815,298,1,0
302816,12,1,0
302816,26,0,0
302816,39,1,0
302816,218,0,0
302816,269,1,0
302817,114,0,0
302817,144,1,0
302817,168,0,0
302817,174,1,0
302818,1,1,0
302818,101,0,0
302818,129,1,0
302818,157,0,0
302818,179,1,0
302819,37,1,0
302819,175,0,0
302819,248,1,0
302821,45,0,0
302821,56,1,0
302821,95,0,0
302821,119,1,0
302822,11,1,0
302822,99,0,0
302822,132,1,0
302822,143,0,0
302822,160,1,0
302822,200,0,0
302822,215,1,0
302822,254,0,0
302822,270,1,0
302823,126,1,0
302824,66,0,0
302824,83,1,0
302824,118,0,0
302824,133,1,0
302825,43,1,0
302825,70,0,0
302825,75,1,0
302825,92,0,0
302825,102,1,0
302825,129,0,0
302825,153,1,0
302825,184,0,0
302825,214,1,0
302825,247,0,0
302825,256,1,0
302826,177,0,0
302826,227,1,0
302827,32,1,0
302827,34,0,0
302827,44,1,0
302827,125,0,0
302827,128,1,0
302827,138,0,0
302827,163,1,0
302827,234,0,0
302827,247,1,0
302828,93,0,0
302828,128,1,0
302828,146,0,0
302828,148,1,0
302828,184,0,0
302828,236,1,0
302828,239,0,0
302828,267,1,0
302829,27,0,0
302829,36,1,0
302829,93,0,0
302829,98,1,0
302829,143,0,0
302829,155,1,0
302829,179,0,0
302829,198,1,0
302829,247,0,0
302830,178,0,0
302830,180,1,0
302830,199,0,1
302831,44,1,0
302831,63,0,0
302831,97,1,0
302831,117,0,0
302831,131,1,0
302831,146,0,0
302831,160,1,0
302832,34,0,0
302832,39,1,0
302832,102,0,0
302832,106,1,0
302832,142,0,0
302832,240,1,0
302832,288,0,0
302832,290,1,0
302833,13,0,0
302833,46,1,0
302833,77,0,0
302833,79,1,0
302833,176,0,0
302833,178,1,0
302833,240,0,0
302833,241,1,0
302834,4,1,0
302835,84,0,0
302835,102,1,0
302835,200,0,0
302835,223,1,0
302836,78,0,0
302836,125,1,0
302836,281,0,0
302836,292,1,0
302837,33,0,0
302837,42,1,0
302837,104,0,0
302837,123,1,0
302837,141,0,0
302837,158,1,0
302837,224,0,0
302837,266,1,0
302838,25,0,0
302838,55,1,0
302838,65,0,0
302838,72,1,0
302839,29,0,0
302839,42,1,0
302839,161,0,0
302839,265,1,0
302839,282,0,0
302840,62,0,0
302840,91,1,0
302840,170,0,0
302840,178,1,0
302841,1,1,0
302841,46,0,1
302841,86,1,0
302841,97,0,0
302841,150,1,0
302841,195,0,0
302841,196,1,0
302841,238,0,0
302843,5,1,0
302843,30,0,0
302843,40,1,0
302843,186,0,0
302843,232,1,0
302843,234,0,0
302843,246,1,0
302844,23,0,0
302844,36,1,0
302844,125,0,1
302844,141,1,0
302844,203,0,0
302844,236,1,0
302845,70,1,0
302845,101,0,1
302845,109,1,0
302845,258,0,0
302846,2,1,0
302846,75,0,0
302846,78,1,0
302846,84,0,0
302846,89,1,0
302846,129,0,0
302846,130,1,0
302846,224,0,0
302846,283,1,0
302847,69,0,0
302847,101,1,0
302847,123,0,0
302847,136,1,0
302847,176,0,0
302847,226,1,0
302848,44,0,0
302848,78,1,0
302848,137,0,0
302848,147,1,0
302848,163,0,0
302848,242,1,0
302848,259,0,0
302849,72,0,0
302849,81,1,0
302849,152,0,0
302849,214,1,0
302849,224,0,0
302849,248,1,0
302850,30,0,0
302850,33,1,0
302850,75,0,0
302850,172,1,0
302850,228,0,0
302850,251,1,0
302851,89,0,0
302851,106,1,0
302851,121,0,0
302851,159,1,0
302852,5,0,0
302852,20,1,0
302852,45,0,0
302852,101,1,0
302852,139,0,0
302852,148,1,0
302852,195,0,0
302852,208,1,0
302852,270,0,0
302853,72,1,0
302853,185,0,0
302854,123,0,0
302854,164,1,0
302854,180,0,0
302854,258,1,0
302854,260,0,0
302854,263,1,0
302854,272,0,0
302855,31,0,0
302855,68,1,0
302855,117,0,0
302855,118,1,0
302855,211,0,0
302855,252,1,0
302856,42,0,0
302856,55,1,0
302856,115,0,0
302856,121,1,0
302856,196,0,0
302856,221,1,0
302856,258,0,0
302856,266,1,0
302856,272,0,0
302856,278,1,0
302857,37,0,0
302857,44,1,0
302857,220,0,0
302857,257,1,0
302858,34,1,0
302858,118,0,0
302858,160,1,0
302858,235,0,0
302858,247,1,0
302859,10,1,0
302859,13,0,0
302859,22,1,0
302859,23,0,0
302859,36,1,0
302859,59,0,0
302859,85,1,0
302860,45,1,0
302860,229,0,0
302860,234,1,0
302860,241,0,0
302860,250,1,0
302861,83,0,0
302861,94,1,0
302861,139,0,0
302861,269,1,0
302862,191,0,0
302862,212,1,0
302862,215,0,0
302863,14,0,0
302863,21,1,0
302863,77,0,0
302863,97,1,0
302863,231,0,0
302863,257,1,0
302864,132,0,0
302864,149,1,0
302864,158,0,0
302864,177,1,0
302864,234,0,0
302865,100,0,0
302865,110,1,0
302865,131,0,0
302865,141,1,0
302865,222,0,0
302865,276,1,0
302865,284,0,0
302866,25,1,0
302866,45,0,0
302866,99,1,0
302866,123,0,0
302866,170,1,0
302866,216,0,0
302866,235,1,0
302867,47,0,0
302867,52,1,0
302867,109,0,0
302867,110,1,0
302867,188,0,0
302868,23,0,0
302868,45,1,0
302868,111,0,0
302868,127,1,0
302868,151,0,1
302868,181,1,0
302868,221,0,0
302868,232,1,0
302868,282,0,0
302869,29,0,0
302869,36,1,0
302869,109,0,0
302869,134,1,0
302870,64,0,1
302870,68,1,0
302871,40,0,0
302871,122,1,0
302871,192,0,0
302871,196,1,0
302871,223,0,0
302871,260,1,0
302872,38,0,0
302872,74,1,0
302872,230,0,0
302872,284,1,0
302872,288,0,0
302873,88,0,0
302873,154,1,0
302873,222,0,0
302873,241,1,0
302874,31,0,0
302874,40,1,0
302874,79,0,0
302874,100,1,0
302874,199,0,0
302874,223,1,0
302875,37,1,0
302875,55,0,0
302875,135,1,0
302875,307,0,0
302876,22,0,0
302876,28,1,0
302876,35,0,0
302876,42,1,0
302876,57,0,0
302876,88,1,0
302876,190,0,0
302876,191,1,0
302876,253,0,0
302876,268,1,0
302876,272,0,0
302877,103,0,0
302877,106,1,0
302877,166,0,0
302878,43,0,0
302878,94,1,0
302878,127,0,0
302878,147,1,0
302878,277,0,0
302878,286,1,0
302879,80,0,0
302879,82,1,0
302879,94,0,0
302879,114,1,0
302879,185,0,0
302879,207,1,0
302879,274,0,0
302880,122,0,0
302880,124,1,0
302880,149,0,0
302880,171,1,0
302881,8,0,0
302881,9,1,0
302881,20,0,0
302881,30,1,0
302881,93,0,0
302881,175,1,0
302882,24,1,0
302882,143,0,0
302882,181,1,0
302882,267,0,0
302882,268,1,0
302882,275,0,0
302883,6,1,0
302884,16,0,0
302884,17,1,0
302884,101,0,0
302884,108,1,0
302884,160,0,0
302884,167,1,0
302885,6,0,0
302885,16,1,0
302885,38,0,0
302885,58,1,0
302885,71,0,0
302885,151,1,0
302886,17,1,0
302886,36,0,0
302886,50,1,0
302886,63,0,0
302886,69,1,0
302886,219,0,0
302886,224,1,0
302886,239,0,0
302886,245,1,0
302886,254,0,0
302886,260,1,0
302887,104,0,0
302887,128,1,0
302887,133,0,0
302887,139,1,0
302887,157,0,0
302887,173,1,0
302887,186,0,0
302887,205,1,0
302887,211,0,0
302887,248,1,0
302887,255,0,0
302888,16,1,0
302888,40,0,0
302888,46,1,0
302888,179,0,0
302888,220,1,0
302889,6,1,0
302889,87,0,0
302889,105,1,0
302889,215,0,0
302889,237,1,0
302890,7,0,0
302890,42,1,0
302890,72,0,0
302890,74,1,0
302890,82,0,0
302890,95,1,0
302890,111,0,0
302890,135,1,1
302890,154,0,0
302890,165,1,0
302890,241,0,0
302890,256,1,0
302891,164,0,0
302891,193,1,0
302891,232,0,0
302891,247,1,0
302891,266,0,0
302891,271,1,0
302892,117,0,0
302892,137,1,0
302892,169,0,0
302892,215,1,0
302893,16,0,0
302893,32,1,0
302894,59,0,0
302894,66,1,0
302894,74,0,0
302894,97,1,0
302894,102,0,0
302894,110,1,0
302894,147,0,0
302894,176,1,0
302895,17,1,0
302895,66,0,1
302895,75,1,0
302895,129,0,0
302895,141,1,0
302895,167,0,0
302895,180,1,0
302895,211,0,0
302895,263,1,0
302895,288,0,0
302896,93,0,0
302896,136,1,0
302896,146,0,0
302896,156,1,0
302896,205,0,0
302896,222,1,0
302897,82,0,0
302897,183,1,0
302898,110,0,0
302898,179,1,0
302899,27,0,0
302899,33,1,0
302899,271,0,0
302900,13,0,1
302900,36,1,0
302900,119,0,0
302900,134,1,0
302900,150,0,0
302900,157,1,0
302900,239,0,0
302900,250,1,0
302901,38,1,0
302901,109,0,0
302901,167,1,0
302901,240,0,1
302902,46,1,0
302902,172,0,0
302902,175,1,0
302903,1,1,0
302903,83,0,0
302903,114,1,0
302903,155,0,0
302903,166,1,0
302904,14,0,0
302904,15,1,0
302904,72,0,0
302904,145,1,0
302904,195,0,0
302904,205,1,0
302905,48,0,0
302905,65,1,0
302906,112,1,0
302906,185,0,0
302906,193,1,0
302906,220,0,0
302906,222,1,0
302906,245,0,0
302906,256,1,0
302906,284,0,0
302907,34,1,0
302907,72,0,0
302907,92,1,0
302907,124,0,0
302907,158,1,0
302907,167,0,0
302907,186,1,0
302908,72,0,0
302908,96,1,0
302908,145,0,0
302908,161,1,0
302908,171,0,0
302908,181,1,0
302908,219,0,0
302908,241,1,0
302908,253,0,0
302909,58,0,0
302909,83,1,0
302910,11,0,0
302910,20,1,0
302910,44,0,0
302910,73,1,0
302910,99,0,0
302910,137,1,0
302910,171,0,0
302910,182,1,0
302910,237,0,0
302911,16,1,0
302911,63,0,0
302911,72,1,0
302911,142,0,0
302911,188,1,0
302911,191,0,0
302911,197,1,0
302911,234,0,0
302911,270,1,0
302912,28,0,0
302912,39,1,0
302912,142,0,0
302912,144,1,0
302913,87,1,0
302913,220,0,0
302913,239,1,0
302913,264,0,0
302914,3,0,0
302914,4,1,0
302914,249,0,0
302914,251,1,0
302915,18,1,0
302915,58,0,0
302915,100,1,0
302916,105,1,0
302916,154,0,0
302916,166,1,0
302917,76,0,0
302917,187,1,0
302918,188,0,0
302918,276,1,0
302919,124,0,0
302919,160,1,0
302919,212,0,0
302919,259,1,0
302920,148,0,0
302920,153,1,0
302920,217,0,0
302920,223,1,0
302921,9,1,0
302921,59,0,0
302921,64,1,0
302922,7,0,0
302922,17,1,0
302922,19,0,0
302922,36,1,0
302922,71,0,0
302922,72,1,0
302922,83,0,0
302922,148,1,0
302923,21,0,0
302923,23,1,0
302923,126,0,0
302923,147,1,0
302923,204,0,0
302923,208,1,0
302923,239,0,0
302924,2,0,0
302924,41,1,0
302924,80,0,0
302924,96,1,0
302924,112,0,0
302924,148,1,0
302925,9,0,0
302925,21,1,0
302925,25,0,0
302925,34,1,0
302925,47,0,0
302925,150,1,0
302925,206,0,0
302925,221,1,0
302925,251,0,0
302926,69,0,0
302926,82,1,0
302926,101,0,0
302926,156,1,0
302927,10,1,0
302927,59,0,0
302927,88,1,0
302927,153,0,0
302927,260,1,0
302928,6,1,0
302928,125,0,0
302928,177,1,0
302928,182,0,0
302928,184,1,0
302928,199,0,0
302928,202,1,0
302929,80,1,0
302929,154,0,0
302929,158,1,0
302929,179,0,0
302929,184,1,0
302929,222,0,0
302929,223,1,0
302930,133,0,0
302930,136,1,0
302930,174,0,0
302930,199,1,0
302930,215,0,0
302930,217,1,0
302930,223,0,0
302930,309,1,0
302931,14,0,0
302931,47,1,0
302931,136,0,0
302931,195,1,0
302931,208,0,0
302932,220,0,0
302932,223,1,0
302932,261,0,0
302932,268,1,0
302933,163,0,0
302933,190,1,0
302933,295,0,0
302934,101,0,0
302934,107,1,0
302934,188,0,0
302934,196,1,0
302934,216,0,0
302934,246,1,0
302934,265,0,0
302935,43,0,0
302935,56,1,0
302935,70,0,0
302935,98,1,0
302935,136,0,0
302935,190,1,0
302936,13,0,0
302936,43,1,0
302936,57,0,0
302936,138,1,0
302936,202,0,0
302936,206,1,0
302937,131,0,0
302937,183,1,0
302937,256,0,0
302937,279,1,0
302938,2,1,0
302938,192,0,0
302938,216,1,0
302938,224,0,0
302939,36,0,0
302939,37,1,0
302939,142,0,0
302939,147,1,0
302939,148,0,0
302939,164,1,0
302940,12,0,0
302940,31,1,0
302940,139,0,0
302940,140,1,0
302940,226,0,1
302940,241,1,0
302941,12,1,0
302941,126,0,1
302941,176,1,0
302941,247,0,0
302941,288,1,0
302942,15,0,0
302942,27,1,0
302942,82,0,0
302942,89,1,0
302942,225,0,0
302942,269,1,0
302943,119,0,0
302943,168,1,0
302943,172,0,0
302943,228,1,0
302944,100,0,0
302944,135,1,0
302945,10,1,0
302945,136,0,0
302945,142,1,0
302945,162,0,0
302945,219,1,0
302946,5,0,0
302946,29,1,0
302946,39,0,0
302946,63,1,0
302946,183,0,0
302946,188,1,0
302946,195,0,0
302947,64,0,0
302947,84,1,0
302947,145,0,0
302947,156,1,0
302947,266,0,0
302947,291,1,0
302948,67,0,0
302948,81,1,0
302948,228,0,0
302949,6,1,0
302949,87,0,0
302949,137,1,0
302949,267,0,0
302950,70,0,0
302950,118,1,0
302950,125,0,0
302950,144,1,0
302950,145,0,0
302950,147,1,0
302950,207,0,0
302950,249,1,0
302951,89,0,0
302951,106,1,0
302951,126,0,1
302951,191,1,0
302951,258,0,0
302951,268,1,0
302952,1,1,0
302952,40,0,0
302952,41,1,0
302952,55,0,0
302952,149,1,0
302952,202,0,0
302952,218,1,0
302953,2,0,0
302953,118,1,0
302953,139,0,0
302953,165,1,0
302953,222,0,0
302953,223,1,0
302954,4,1,0
302954,35,0,0
302954,42,1,0
302954,71,0,0
302954,78,1,0
302954,194,0,0
302954,221,1,0
302955,159,0,0
302955,172,1,0
302955,197,0,0
302955,215,1,0
302956,64,0,0
302956,165,1,0
302956,169,0,0
302956,170,1,0
302957,60,0,0
302957,89,1,0
302957,211,0,0
302957,225,1,0
302958,74,0,0
302958,77,1,0
302958,153,0,0
302958,160,1,0
302958,260,0,0
302958,290,1,0
302959,57,0,0
302959,91,1,0
302959,148,0,0
302959,172,1,0
302960,113,0,0
302960,170,1,0
302960,204,0,1
302960,249,1,0
302961,17,0,0
302961,55,1,0
302961,158,0,0
302961,192,1,0
302961,229,0,0
302961,274,1,0
302962,11,0,0
302962,30,1,0
302962,59,0,0
302962,81,1,0
302963,84,0,0
302963,146,1,0
302963,202,0,0
302963,210,1,0
302964,40,0,0
302964,141,1,0
302964,154,0,0
302964,250,1,0
302964,254,0,1
302965,55,0,0
302965,68,1,0
302965,74,0,0
302965,88,1,0
302965,156,0,0
302965,226,1,0
302965,270,0,0
302966,121,0,0
302966,164,1,0
302966,238,0,0
302966,267,1,0
302967,17,0,0
302967,24,1,0
302967,43,0,0
302967,100,1,0
302967,103,0,0
302967,163,1,0
302967,271,0,0
302967,283,1,0
302969,16,0,0
302969,81,1,0
302970,112,0,0
302970,136,1,0
302971,9,1,0
302971,42,0,0
302971,56,1,0
302971,133,0,0
302971,146,1,0
302971,263,0,0
302972,11,1,0
302972,45,0,0
302972,99,1,0
302972,107,0,0
302972,112,1,0
302972,206,0,0
302972,215,1,0
302972,225,0,0
302972,234,1,0
302973,205,0,0
302973,265,1,0
302974,94,0,0
302974,102,1,0
302974,114,0,0
302974,145,1,0
302974,179,0,0
302974,234,1,0
302974,254,0,0
302974,260,1,0
302974,262,0,0
302975,20,1,0
302975,25,0,0
302975,29,1,0
302975,71,0,0
302975,92,1,0
302975,146,0,0
302975,168,1,0
302975,263,0,0
302975,285,1,0
302976,29,0,0
302976,77,1,0
302976,148,0,0
302976,195,1,0
302976,202,0,0
302976,226,1,0
302976,263,0,0
302977,9,0,0
302977,25,1,0
302977,141,0,0
302977,158,1,0
302977,160,0,0
302977,192,1,0
302977,253,0,0
302977,265,1,0
302978,18,1,0
302978,20,0,0
302978,46,1,0
302978,85,0,0
302978,129,1,0
302978,138,0,0
302978,152,1,0
302978,174,0,0
302978,176,1,0
302978,244,0,0
302978,247,1,0
302979,65,0,0
302979,67,1,0
302979,81,0,0
302979,82,1,0
302979,176,0,0
302979,181,1,0
302979,206,0,1
302979,210,1,0
302979,223,0,0
302979,234,1,0
302980,187,0,0
302980,189,1,0
302980,201,0,0
302980,232,1,0
302980,253,0,0
302980,267,1,0
302981,40,1,0
302981,118,0,0
302981,128,1,0
302981,143,0,0
302981,152,1,0
302981,191,0,0
302981,196,1,0
302981,217,0,0
302981,230,1,0
302981,231,0,0
302981,248,1,0
302982,10,0,0
302982,46,1,0
302982,122,0,0
302982,152,1,0
302982,206,0,0
302982,208,1,0
302983,22,0,0
302983,39,1,0
302983,176,0,0
302983,198,1,0
302983,266,0,0
302984,3,1,0
302984,45,0,0
302984,120,1,0
302984,141,0,0
302984,160,1,0
302984,231,0,0
302984,232,1,0
302984,262,0,0
302984,269,1,0
302985,7,0,0
302985,30,1,0
302985,198,0,0
302985,199,1,0
302986,2,0,1
302986,14,1,0
302986,18,0,0
302986,41,1,0
302986,100,0,0
302986,111,1,0
302986,200,0,0
302986,237,1,0
302986,275,0,0
302986,283,1,0
302987,25,1,0
302987,148,0,0
302987,182,1,0
302987,202,0,0
302988,64,0,0
302988,149,1,0
302988,192,0,0
302989,28,0,0
302989,32,1,0
302989,155,0,0
302989,208,1,0
302990,1,0,0
302990,32,1,0
302990,53,0,0
302990,67,1,0
302990,127,0,0
302990,145,1,0
302990,189,0,0
302990,230,1,0
302991,19,1,0
302991,76,0,0
302991,82,1,0
302991,122,0,0
302991,182,1,0
302991,273,0,0
302991,276,1,0
302992,20,0,0
302992,62,1,0
302992,64,0,0
302992,70,1,0
302992,134,0,0
302992,162,1,0
302992,237,0,0
302992,267,1,0
302993,41,0,0
302993,57,1,0
302993,134,0,0
302993,169,1,0
302993,183,0,0
302993,226,1,0
302993,259,0,0
302994,42,1,0
302994,246,0,0
302995,4,0,0
302995,28,1,0
302995,159,0,0
302995,177,1,0
302995,229,0,0
302996,42,0,0
302996,44,1,0
302996,46,0,0
302996,49,1,0
302996,75,0,0
302996,78,1,0
302997,209,0,0
302997,212,1,0
302998,14,1,0
302998,60,0,0
302998,102,1,0
302998,152,0,0
302998,177,1,0
302998,181,0,0
302998,210,1,0
302998,244,0,0
302998,252,1,0
302999,181,0,0
302999,190,1,0
302999,207,0,0
302999,262,1,0
303000,68,0,0
303000,118,1,0
303000,218,0,0
303000,239,1,0
303001,214,0,0
303002,120,0,0
303002,180,1,0
303003,87,0,0
303003,91,1,0
303003,148,0,0
303003,158,1,0
303004,25,1,0
303004,29,0,0
303004,60,1,0
303004,112,0,0
303004,132,1,0
303004,152,0,0
303004,175,1,0
303004,265,0,0
303004,292,1,0
303005,10,0,0
303005,85,1,0
303005,191,0,0
303005,197,1,0
303005,265,0,1
303006,118,0,0
303006,230,1,0
303006,275,0,0
303007,13,1,0
303007,22,0,0
303007,57,1,0
303007,64,0,0
303007,66,1,0
303007,157,0,0
303007,169,1,0
303008,76,0,0
303008,79,1,0
303008,125,0,0
303008,141,1,0
303009,22,0,0
303009,28,1,0
303009,51,0,0
303009,75,1,0
303009,236,0,0
303009,246,1,0
303010,4,1,0
303010,267,0,0
303010,274,1,0
303011,119,0,0
303011,142,1,0
303011,263,0,0
303011,272,1,0
303012,18,0,0
303012,31,1,0
303012,165,0,0
303012,187,1,0
303013,108,0,0
303013,126,1,0
303013,139,0,0
303013,154,1,0
303013,201,0,1
303013,218,1,0
303013,219,0,0
303013,225,1,0
303013,240,0,0
303013,273,1,0
303014,33,0,0
303014,62,1,0
303015,23,0,0
303015,39,1,0
303015,52,0,1
303015,61,1,0
303015,121,0,0
303015,181,1,0
303015,206,0,0
303015,220,1,24
303015,221,0,0
303015,244,1,0
303016,128,0,0
303016,139,1,0
303017,2,0,0
303017,36,1,0
303017,71,0,0
303017,79,1,0
303017,83,0,0
303017,98,1,0
303017,108,0,0
303017,166,1,0
303017,167,0,0
303017,245,1,0
303018,4,1,0
303018,67,0,0
303018,78,1,0
303019,55,1,0
303019,74,0,0
303019,188,1,0
303019,193,0,0
303019,204,1,0
303019,212,0,0
303020,9,1,0
303020,93,0,0
303020,96,1,0
303020,248,0,0
303021,77,0,0
303021,80,1,0
303021,90,0,0
303021,112,1,0
303021,119,0,0
303021,142,1,0
303021,166,0,0
303021,186,1,0
303021,265,0,0
303022,36,0,0
303022,71,1,0
303022,152,0,0
303022,203,1,0
303022,216,0,0
303022,217,1,0
303022,252,0,0
303023,21,1,0
303023,120,0,0
303023,178,1,0
303024,70,0,0
303024,84,1,0
303024,116,0,0
303024,140,1,0
303024,183,0,0
303024,198,1,0
303024,202,0,0
303024,277,1,0
303025,56,0,0
303025,134,1,0
303025,162,0,0
303025,184,1,0
303025,195,0,0
303025,245,1,0
303026,57,0,0
303026,72,1,0
303026,94,0,0
303026,96,1,0
303026,175,0,0
303026,181,1,0
303026,292,0,0
303027,22,1,0
303027,65,0,0
303027,145,1,0
303027,149,0,0
303027,182,1,0
303027,245,0,0
303028,4,0,0
303028,5,1,0
303028,85,0,0
303028,97,1,0
303028,98,0,0
303028,109,1,0
303028,185,0,0
303028,264,1,0
303028,280,0,0
303029,5,1,0
303029,37,0,0
303029,67,1,0
303029,118,0,0
303029,192,1,0
303029,196,0,0
303030,20,0,0
303030,26,1,0
303030,124,0,0
303030,132,1,0
303030,234,0,0
303030,262,1,0
303031,67,1,0
303031,116,0,0
303031,152,1,0
303031,194,0,0
303031,258,1,0
303031,282,0,0
303031,283,1,0
303031,292,0,0
303032,12,1,0
303032,113,0,0
303032,130,1,0
303032,149,0,0
303032,175,1,0
303032,176,0,0
303032,190,1,0
303032,192,0,0
303032,199,1,0
303032,228,0,0
303032,267,1,0
303033,5,1,0
303033,188,0,0
303033,201,1,0
303033,255,0,0
303034,102,0,0
303034,163,1,0
303034,181,0,0
303034,204,1,0
303034,235,0,0
303035,16,1,0
303035,126,0,0
303035,150,1,0
303036,12,0,0
303036,34,1,0
303036,143,0,0
303036,146,1,0
303036,198,0,0
303036,267,1,0
303037,2,1,0
303037,82,0,0
303037,101,1,0
303037,162,0,0
303037,200,1,0
303037,237,0,0
303037,247,1,0
303038,6,1,1
303038,15,0,0
303038,17,1,0
303038,72,0,0
303038,134,1,1
303038,259,0,0
303039,82,0,0
303039,98,1,0
303040,67,0,0
303040,89,1,0
303040,192,0,0
303041,152,0,0
303041,159,1,0
303041,309,0,0
303041,319,1,0
303042,9,0,0
303042,29,1,0
303042,59,0,0
303042,90,1,0
303042,144,0,0
303042,145,1,0
303042,206,0,0
303042,234,1,0
303043,22,0,0
303043,24,1,0
303043,37,0,0
303043,49,1,0
303043,78,0,0
303043,101,1,0
303043,112,0,0
303044,247,0,0
303044,258,1,0
303044,272,0,0
303044,273,1,0
303045,18,1,0
303045,91,0,0
303045,136,1,0
303046,7,1,0
303046,68,0,0
303046,104,1,0
303047,43,1,0
303047,96,0,0
303047,150,1,0
303048,11,0,0
303048,13,1,0
303048,68,0,0
303048,116,1,0
303048,188,0,0
303049,29,0,0
303049,41,1,0
303049,45,0,0
303049,65,1,0
303049,110,0,0
303049,200,1,0
303049,230,0,0
303050,19,0,0
303050,34,1,0
303050,203,0,0
303050,213,1,0
303051,47,0,0
303051,54,1,0
303051,80,0,0
303051,109,1,0
303051,185,0,0
303051,218,1,0
303051,220,0,0
303051,221,1,0
303051,260,0,0
303051,265,1,0
303052,147,0,0
303052,163,1,0
303052,220,0,0
303052,221,1,0
303053,21,1,0
303053,38,0,0
303053,121,1,0
303053,159,0,1
303053,173,1,0
303053,256,0,0
303053,257,1,0
303053,261,0,0
303054,45,0,0
303054,53,1,0
303054,108,0,0
303054,121,1,0
303054,189,0,0
303054,191,1,0
303054,227,0,0
303054,230,1,0
303055,46,0,0
303055,107,1,0
303055,150,0,0
303055,182,1,0
303055,200,0,0
303055,217,1,0
303056,27,1,0
303057,134,1,0
303057,139,0,0
303057,140,1,0
303057,164,0,0
303057,185,1,0
303057,193,0,0
303057,231,1,0
303057,240,0,0
303057,250,1,0
303057,268,0,0
303058,27,0,0
303058,31,1,0
303058,107,0,0
303058,138,1,0
303058,191,0,0
303058,206,1,0
303059,125,0,0
303059,130,1,0
303059,148,0,1
303059,181,1,0
303059,231,0,0
303060,103,0,1
303060,117,1,0
303061,124,0,0
303061,168,1,0
303061,277,0,0
303061,281,1,0
303062,43,0,0
303062,52,1,0
303062,222,0,0
303062,236,1,0
303062,250,0,0
303062,279,1,0
303063,66,0,0
303063,72,1,0
303063,96,0,0
303063,170,1,0
303063,225,0,0
303063,243,1,0
303063,303,0,0
303064,34,1,0
303064,71,0,0
303064,97,1,0
303064,205,0,0
303064,245,1,0
303065,45,0,0
303065,60,1,0
303065,71,0,0
303065,101,1,0
303065,143,0,0
303065,149,1,0
303065,190,0,0
303065,239,1,0
303065,271,0,0
303066,27,1,0
303066,36,0,0
303066,47,1,0
303066,189,0,0
303066,197,1,0
303066,262,0,0
303066,299,1,0
303067,276,0,0
303067,291,1,0
303068,25,0,0
303068,106,1,0
303068,154,0,0
303068,159,1,1
303069,10,0,0
303069,79,1,0
303069,110,0,0
303069,144,1,0
303071,1,1,0
303071,89,0,0
303071,158,1,0
303071,203,0,0
303072,2,1,0
303072,29,0,0
303072,35,1,0
303072,54,0,0
303072,86,1,0
303072,103,0,0
303072,129,1,0
303072,194,0,0
303072,268,1,0
303073,24,0,0
303073,40,1,0
303073,80,0,0
303073,126,1,0
303073,197,0,0
303073,199,1,0
303073,249,0,0
303074,227,0,0
303075,77,0,0
303075,86,1,0
303075,194,0,0
303075,199,1,0
303075,266,0,0
303076,223,0,0
303076,243,1,0
303076,276,0,0
303077,46,0,0
303077,61,1,0
303077,111,0,0
303077,151,1,0
303077,200,0,0
303077,210,1,0
303077,213,0,0
303077,218,1,0
303078,106,0,0
303078,111,1,0
303078,175,0,0
303078,176,1,0
303078,190,0,0
303078,205,1,0
303078,273,0,0
303079,13,0,0
303079,47,1,0
303079,80,0,0
303079,107,1,0
303079,117,0,0
303079,168,1,0
303080,49,0,0
303080,76,1,0
303080,215,0,0
303080,272,1,0
303081,40,0,0
303081,59,1,0
303081,75,0,0
303081,95,1,0
303081,242,0,0
303082,29,1,0
303082,131,0,0
303082,174,1,0
303082,195,0,0
303082,274,1,0
303084,19,0,0
303084,35,1,0
303084,38,0,0
303084,87,1,0
303084,262,0,0
303085,163,0,0
303085,168,1,0
303085,251,0,0
303085,262,1,0
303085,268,0,0
303085,284,1,0
303086,23,1,0
303086,32,0,0
303086,41,1,0
303086,180,0,0
303086,236,1,0
303087,104,0,0
303087,107,1,0
303087,233,0,0
303087,271,1,0
303088,70,0,0
303088,71,1,0
303088,111,0,1
303088,194,1,0
303088,245,0,0
303089,29,1,0
303089,243,0,0
303089,261,1,0
303090,27,0,0
303090,29,1,0
303090,219,0,0
303090,222,1,0
303090,240,0,0
303090,288,1,0
303091,73,0,0
303091,80,1,0
303091,108,0,0
303091,157,1,0
303091,171,0,0
303091,179,1,0
303091,230,0,0
303091,239,1,0
303092,125,0,0
303092,147,1,0
303092,158,0,0
303092,167,1,0
303092,194,0,0
303092,201,1,0
303093,68,0,0
303093,94,1,0
303093,144,0,1
303093,150,1,0
303093,220,0,1
303094,26,0,0
303094,47,1,0
303094,240,0,0
303094,245,1,0
303094,254,0,0
303094,261,1,0
303095,40,1,0
303095,109,0,0
303095,117,1,0
303095,156,0,0
303095,169,1,0
303095,232,0,0
303096,92,0,0
303096,116,1,0
303096,160,0,0
303096,161,1,0
303096,165,0,0
303096,222,1,0
303097,112,0,0
303097,118,1,0
303097,184,0,0
303097,210,1,0
303098,41,1,0
303098,52,0,0
303098,137,1,0
303099,31,0,0
303099,36,1,0
303099,73,0,1
303099,109,1,0
303099,115,0,1
303099,118,1,0
303099,141,0,0
303099,162,1,0
303099,206,0,0
303100,43,1,0
303100,55,0,0
303100,83,1,0
303100,114,0,0
303100,146,1,0
303100,235,0,0
303100,251,1,0
303100,262,0,0
303101,15,0,0
303101,67,1,0
303101,139,0,0
303101,171,1,0
303101,178,0,0
303101,206,1,0
303102,10,1,0
303102,39,0,0
303102,60,1,0
303102,111,0,0
303102,160,1,0
303102,243,0,0
303102,249,1,0
303103,35,0,0
303103,75,1,0
303103,165,0,1
303103,190,1,0
303103,259,0,0
303104,3,0,0
303104,14,1,0
303104,50,0,0
303104,69,1,0
303104,100,0,0
303104,104,1,0
303104,183,0,0
303104,202,1,0
303105,136,0,0
303105,143,1,0
303105,166,0,0
303105,175,1,0
303105,181,0,0
303105,191,1,0
303106,44,1,0
303106,216,0,0
303106,251,1,0
303107,95,0,0
303107,118,1,0
303107,126,0,0
303107,210,1,0
303107,234,0,0
303107,258,1,0
303108,89,0,0
303108,118,1,0
303108,121,0,0
303108,195,1,0
303108,214,0,0
303108,220,1,0
303108,239,0,0
303109,187,0,0
303109,234,1,0
303110,9,1,0
303110,121,0,0
303110,189,1,0
303111,23,0,0
303111,26,1,0
303111,208,0,1
303111,220,1,0
303111,265,0,0
303112,18,1,0
303112,124,0,0
303112,266,1,0
303113,69,0,0
303113,184,1,0
303114,2,1,0
303114,23,0,0
303114,33,1,0
303114,98,0,0
303114,112,1,0
303114,180,0,0
303114,196,1,0
303114,269,0,0
303115,41,1,0
303115,74,0,0
303115,83,1,0
303115,95,0,1
303115,136,1,0
303115,155,0,0
303115,271,1,1
303115,283,0,0
303116,19,0,0
303116,26,1,0
303116,36,0,0
303116,105,1,0
303116,108,0,0
303116,126,1,0
303116,209,0,0
303117,34,0,0
303117,110,1,0
303117,155,0,0
303117,167,1,0
303117,172,0,0
303117,197,1,0
303118,68,0,0
303118,103,1,0
303118,128,0,0
303118,181,1,0
303118,240,0,0
303119,58,0,0
303119,102,1,0
303119,177,0,0
303119,182,1,0
303120,210,0,0
303120,239,1,0
303121,17,0,1
303121,62,1,0
303121,90,0,0
303121,111,1,0
303121,131,0,0
303121,203,1,1
303121,282,0,0
303122,54,0,0
303122,75,1,0
303122,99,0,0
303122,110,1,0
303122,141,0,0
303122,155,1,0
303122,161,0,0
303122,162,1,0
303124,96,0,0
303124,103,1,0
303124,212,0,0
303124,240,1,0
303124,248,0,0
303124,268,1,0
303125,18,0,0
303125,35,1,0
303125,127,0,0
303125,160,1,0
303125,250,0,0
303126,15,0,0
303126,18,1,0
303126,193,0,0
303126,235,1,0
303127,21,0,0
303127,36,1,0
303127,41,0,0
303127,54,1,0
303127,80,0,0
303127,85,1,0
303127,149,0,0
303127,166,1,0
303127,253,0,0
303127,273,1,0
303127,287,0,0
303128,12,0,0
303128,39,1,0
303128,180,0,1
303128,182,1,0
303129,36,0,0
303129,52,1,0
303129,58,0,0
303129,147,1,0
303129,204,0,0
303129,241,1,0
303130,33,0,0
303130,142,1,0
303130,207,0,1
303130,236,1,0
303131,64,0,0
303131,69,1,0
303131,104,0,0
303131,181,1,0
303131,197,0,1
303131,224,1,0
303131,245,0,0
303131,246,1,0
303131,295,0,0
303132,78,1,0
303132,209,0,0
303132,225,1,0
303133,58,0,0
303133,63,1,0
303133,150,0,0
303133,151,1,0
303133,266,0,0
303133,274,1,0
303134,33,0,0
303134,70,1,0
303134,106,0,0
303134,153,1,0
303134,200,0,0
303134,212,1,0
303134,237,0,0
303134,256,1,0
303135,68,1,0
303135,162,0,0
303135,178,1,0
303136,2,0,0
303136,12,1,0
303136,183,0,0
303136,184,1,0
303136,236,0,1
303136,274,1,0
303138,8,1,0
303138,69,0,0
303138,75,1,0
303138,170,0,0
303138,260,1,0
303139,132,0,0
303139,141,1,0
303139,158,0,0
303139,177,1,0
303139,248,0,0
303139,278,1,0
303140,15,1,0
303140,18,0,0
303140,19,1,0
303140,51,0,0
303140,60,1,0
303140,82,0,0
303140,103,1,0
303141,176,0,0
303141,256,1,0
303142,41,0,0
303142,44,1,0
303142,159,0,0
303142,168,1,0
303142,237,0,0
303142,241,1,0
303143,76,0,0
303143,111,1,0
303143,115,0,0
303143,130,1,0
303143,165,0,0
303143,172,1,0
303143,186,0,0
303143,187,1,0
303143,199,0,0
303144,1,0,0
303144,30,1,0
303144,41,0,0
303144,80,1,0
303144,134,0,0
303144,149,1,0
303144,159,0,0
303144,240,1,0
303145,113,0,0
303145,137,1,0
303145,210,0,0
303147,108,0,0
303147,129,1,0
303147,151,0,0
303147,184,1,0
303148,5,1,0
303148,50,0,0
303148,56,1,0
303148,62,0,0
303148,113,1,0
303148,143,0,0
303148,164,1,0
303148,189,0,0
303149,46,0,0
303149,194,1,0
303149,244,0,0
303149,272,1,0
303150,12,0,0
303150,32,1,0
303150,40,0,0
303150,42,1,0
303150,50,0,0
303150,64,1,0
303150,226,0,0
303150,257,1,0
303151,121,0,0
303151,126,1,0
303151,164,0,0
303151,186,1,0
303152,19,0,0
303152,21,1,0
303152,177,0,0
303152,233,1,0
303152,280,0,0
303153,2,0,0
303153,11,1,0
303153,149,0,0
303153,214,1,0
303154,51,0,0
303154,74,1,0
303154,108,0,0
303155,87,0,0
303155,140,1,0
303155,174,0,0
303155,218,1,0
303156,47,0,0
303156,60,1,0
303156,151,0,0
303156,166,1,0
303156,170,0,0
303156,220,1,0
303156,256,0,0
303157,10,0,0
303157,51,1,0
303157,142,0,0
303157,199,1,0
303157,222,0,0
303158,71,0,0
303158,120,1,0
303158,130,0,0
303158,200,1,0
303159,107,0,0
303159,121,1,0
303159,155,0,0
303159,178,1,0
303159,198,0,0
303159,199,1,0
303160,42,0,0
303160,58,1,0
303160,102,0,0
303160,219,1,0
303160,268,0,0
303161,27,0,0
303161,46,1,0
303161,67,0,0
303161,75,1,0
303161,162,0,0
303161,165,1,0
303161,215,0,0
303161,271,1,0
303162,5,0,0
303162,9,1,0
303162,46,0,0
303162,73,1,0
303162,159,0,0
303162,183,1,0
303162,211,0,0
303162,231,1,0
303162,250,0,0
303163,6,0,0
303163,8,1,0
303163,43,0,0
303163,53,1,0
303163,97,0,0
303163,140,1,0
303163,167,0,0
303163,180,1,0
303164,86,0,0
303164,143,1,0
303164,156,0,0
303164,188,1,0
303165,13,0,0
303165,22,1,0
303165,124,0,0
303165,125,1,0
303166,4,0,0
303166,12,1,0
303166,65,0,0
303166,91,1,0
303166,157,0,0
303166,173,1,0
303166,230,0,0
303166,251,1,0
303167,23,0,0
303167,25,1,0
303167,46,0,0
303167,47,1,0
303167,87,0,0
303167,141,1,0
303167,224,0,0
303167,234,1,0
303167,274,0,0
303168,29,0,0
303168,31,1,0
303168,139,0,0
303168,157,1,0
303168,208,0,0
303169,12,0,0
303169,24,1,0
303169,113,0,0
303169,235,1,0
303169,293,0,0
303171,50,0,0
303171,53,1,0
303171,117,0,0
303171,153,1,0
303172,1,1,0
303172,59,0,0
303172,70,1,0
303172,188,0,0
303172,233,1,0
303174,18,1,0
303174,122,0,0
303174,198,1,0
303175,152,0,0
303175,155,1,0
303175,156,0,0
303175,163,1,0
303176,14,1,0
303176,187,0,0
303176,209,1,0
303176,216,0,0
303176,232,1,0
303177,19,1,0
303177,57,0,0
303177,85,1,0
303177,140,0,0
303177,159,1,0
303178,8,1,0
303178,48,0,0
303178,50,1,0
303178,104,0,0
303178,170,1,0
303178,200,0,0
303178,205,1,0
303179,28,0,0
303179,53,1,0
303179,113,0,0
303179,188,1,0
303179,210,0,0
303180,49,0,0
303180,69,1,0
303180,228,0,0
303181,2,0,0
303181,5,1,0
303181,32,0,0
303181,71,1,0
303181,102,0,0
303181,109,1,0
303181,170,0,0
303181,231,1,0
303181,266,0,0
303182,25,1,0
303182,82,0,0
303182,92,1,0
303182,135,0,0
303182,154,1,0
303183,17,0,0
303183,110,1,0
303183,149,0,0
303183,179,1,0
303184,140,0,0
303184,153,1,0
303184,173,0,0
303184,181,1,0
303184,209,0,0
303184,239,1,0
303185,2,1,0
303185,29,0,0
303185,54,1,0
303185,77,0,0
303185,90,1,0
303185,205,0,0
303185,208,1,0
303185,239,0,0
303185,244,1,0
303185,248,0,0
303186,97,0,0
303186,151,1,0
303187,72,0,0
303187,164,1,0
303187,193,0,0
303187,209,1,0
303187,248,0,0
303187,250,1,0
303188,18,1,0
303188,45,0,0
303188,93,1,0
303188,103,0,0
303188,116,1,0
303188,132,0,0
303188,137,1,0
303188,150,0,0
303188,170,1,0
303188,249,0,0
303188,252,1,0
303189,181,0,0
303189,205,1,0
303189,248,0,0
303189,257,1,0
303190,76,0,0
303190,101,1,0
303190,124,0,0
303190,125,1,0
303190,160,0,0
303190,161,1,0
303190,204,0,0
303190,275,1,0
303191,39,0,0
303191,51,1,0
303191,82,0,0
303191,144,1,0
303191,174,0,0
303191,182,1,0
303192,13,0,0
303192,23,1,0
303192,83,0,0
303192,102,1,0
303192,177,0,0
303192,183,1,0
303192,257,0,0
303193,49,0,1
303193,70,1,0
303193,239,0,0
303193,270,1,0
303194,168,0,0
303194,224,1,0
303195,5,0,0
303195,47,1,0
303195,102,0,0
303195,115,1,0
303195,185,0,0
303195,209,1,0
303195,227,0,0
303195,257,1,0
303196,69,0,0
303196,143,1,0
303196,268,0,0
303197,65,1,0
303197,78,0,0
303197,80,1,0
303197,107,0,0
303197,141,1,0
303197,144,0,0
303197,166,1,0
303197,213,0,0
303197,219,1,0
303198,53,0,0
303198,63,1,0
303198,132,0,0
303198,186,1,0
303199,38,1,0
303199,52,0,0
303199,53,1,0
303199,84,0,0
303199,105,1,0
303199,259,0,0
303200,194,0,0
303200,195,1,0
303201,22,1,0
303201,43,0,0
303201,48,1,0
303201,58,0,0
303201,80,1,0
303201,110,0,0
303201,115,1,0
303201,169,0,0
303201,256,1,0
303202,97,0,0
303202,141,1,0
303202,160,0,0
303202,169,1,0
303202,188,0,0
303202,196,1,0
303203,38,1,0
303203,51,0,0
303203,67,1,0
303203,128,0,0
303203,138,1,0
303203,155,0,0
303203,168,1,0
303204,44,1,0
303204,118,0,0
303204,123,1,0
303204,213,0,0
303205,71,0,0
303205,107,1,0
303205,248,0,0
303205,282,1,0
303206,178,0,0
303206,184,1,0
303206,257,0,0
303207,67,0,0
303207,130,1,0
303207,245,0,0
303207,250,1,0
303208,17,0,1
303208,91,1,0
303208,146,0,0
303208,184,1,0
303209,28,0,0
303209,88,1,0
303209,212,0,0
303210,112,0,0
303210,176,1,0
303210,223,0,0
303210,263,1,0
303211,1,1,0
303211,166,0,0
303211,169,1,0
303211,225,0,0
303211,273,1,0
303211,292,0,0
303211,295,1,0
303212,76,1,0
303212,101,0,0
303212,113,1,0
303212,141,0,0
303212,168,1,0
303212,206,0,0
303212,215,1,0
303213,117,0,0
303213,129,1,0
303214,130,0,0
303214,134,1,0
303214,145,0,0
303214,220,1,0
303215,30,1,0
303215,242,0,0
303215,264,1,0
303216,30,0,0
303216,67,1,0
303216,108,0,31
303216,109,1,0
303216,139,0,0
303216,186,1,0
303216,242,0,0
303217,167,0,0
303217,184,1,0
303217,185,0,0
303217,211,1,0
303218,105,1,0
303218,225,0,0
303218,236,1,0
303218,274,0,0
303219,3,0,0
303219,30,1,0
303219,241,0,0
303219,290,1,0
303220,193,0,0
303220,206,1,0
303220,244,0,0
303220,254,1,0
303220,276,0,0
303220,288,1,0
303221,59,0,0
303221,118,1,0
303221,162,0,0
303221,238,1,0
303222,31,1,0
303222,109,0,0
303222,127,1,0
303222,186,0,0
303222,188,1,0
303222,229,0,0
303222,239,1,0
303223,25,0,0
303223,45,1,0
303223,52,0,0
303223,64,1,0
303223,155,0,0
303223,187,1,0
303223,209,0,0
303223,222,1,0
303224,9,1,0
303224,42,0,0
303224,47,1,0
303224,141,0,0
303224,227,1,0
303224,229,0,0
303224,240,1,0
303225,1,0,0
303225,20,1,0
303225,134,0,0
303225,138,1,0
303225,159,0,0
303225,248,1,0
303225,312,0,0
303226,64,1,0
303226,186,0,0
303226,196,1,0
303227,26,0,0
303227,46,1,0
303227,51,0,0
303227,57,1,0
303227,239,0,0
303228,87,0,0
303228,136,1,0
303228,168,0,0
303228,172,1,0
303229,36,0,0
303229,39,1,0
303229,230,0,0
303230,3,1,0
303230,13,0,0
303230,21,1,0
303230,148,0,0
303230,168,1,0
303230,301,0,0
303231,24,0,0
303231,30,1,0
303231,103,0,0
303231,175,1,0
303231,185,0,0
303231,190,1,0
303232,144,0,0
303232,263,1,0
303233,180,0,0
303233,186,1,0
303233,262,0,0
303234,80,0,1
303234,136,1,0
303234,247,0,0
303234,254,1,0
303235,9,0,0
303235,22,1,0
303235,188,0,0
303235,201,1,0
303235,209,0,0
303235,225,1,0
303235,248,0,0
303235,262,1,0
303236,8,1,0
303236,17,0,0
303236,57,1,0
303236,128,0,0
303236,253,1,0
303237,23,1,0
303237,25,0,0
303237,58,1,0
303237,60,0,0
303237,62,1,0
303237,154,0,0
303237,160,1,0
303237,179,0,0
303237,208,1,0
303238,69,1,0
303238,103,0,0
303238,167,1,0
303238,174,0,0
303238,175,1,0
303238,233,0,0
303238,258,1,0
303239,68,0,0
303239,109,1,0
303239,144,0,0
303240,95,0,0
303240,114,1,0
303240,163,0,0
303240,182,1,0
303240,194,0,0
303240,270,1,0
303241,1,0,0
303241,81,1,0
303241,172,0,0
303241,173,1,0
303241,213,0,0
303241,243,1,0
303241,262,0,0
303241,275,1,0
303241,285,0,0
303242,13,0,0
303242,28,1,0
303242,246,0,0
303242,249,1,0
303242,253,0,0
303243,5,0,0
303243,19,1,0
303243,47,0,0
303243,58,1,0
303243,61,0,0
303243,65,1,0
303244,18,1,0
303244,78,0,0
303244,112,1,0
303244,164,0,0
303244,206,1,0
303245,55,0,0
303245,56,1,0
303245,109,0,0
303245,123,1,0
303245,165,0,0
303245,186,1,0
303245,237,0,0
303245,245,1,0
303246,21,1,0
303246,199,0,0
303246,220,1,0
303247,46,0,1
303247,61,1,0
303247,179,0,0
303247,190,1,0
303247,219,0,0
303247,250,1,0
303248,45,0,0
303248,64,1,0
303248,163,0,0
303248,173,1,0
303248,199,0,0
303248,241,1,0
303248,261,0,0
303248,268,1,0
303248,279,0,0
303250,32,0,0
303250,48,1,0
303251,9,1,0
303251,73,0,0
303251,125,1,0
303251,212,0,0
303251,241,1,0
303251,259,0,0
303251,262,1,0
303252,86,1,0
303252,102,0,0
303252,183,1,0
303252,259,0,0
303252,288,1,0
303253,23,0,0
303253,164,1,0
303254,20,0,0
303254,29,1,0
303254,40,0,0
303254,62,1,0
303254,89,0,0
303254,110,1,0
303254,239,0,0
303254,262,1,0
303255,73,0,0
303255,104,1,0
303256,13,1,0
303256,46,0,0
303256,125,1,0
303256,133,0,0
303256,144,1,0
303256,149,0,0
303256,164,1,0
303256,179,0,0
303256,204,1,0
303256,226,0,0
303256,268,1,0
303257,19,0,0
303257,31,1,0
303257,123,0,0
303257,135,1,0
303257,194,0,0
303257,204,1,0
303257,224,0,0
303257,231,1,0
303258,15,0,0
303258,67,1,0
303258,77,0,0
303258,156,1,0
303258,167,0,0
303258,178,1,0
303258,277,0,0
303259,20,0,0
303259,30,1,0
303259,265,0,0
303259,281,1,0
303260,55,0,0
303260,56,1,0
303260,219,0,0
303260,271,1,0
303261,15,0,0
303261,37,1,0
303261,38,0,0
303261,45,1,0
303262,10,0,0
303262,22,1,0
303262,60,0,0
303262,84,1,0
303262,155,0,0
303262,174,1,0
303262,220,0,0
303262,271,1,0
303263,33,0,0
303263,44,1,0
303263,54,0,0
303263,126,1,0
303263,140,0,0
303263,252,1,0
303264,67,0,0
303264,130,1,0
303265,20,1,0
303265,77,0,0
303265,122,1,0
303265,185,0,0
303265,280,1,0
303266,145,0,0
303266,161,1,0
303266,171,0,0
303266,173,1,0
303266,177,0,0
303266,200,1,0
303267,2,1,0
303267,65,0,0
303267,83,1,0
303267,98,0,0
303267,159,1,0
303267,176,0,0
303267,204,1,0
303267,258,0,0
303267,271,1,0
303268,18,0,0
303268,31,1,0
303268,185,0,0
303268,240,1,0
303268,303,0,0
303269,53,0,0
303269,70,1,0
303269,152,0,0
303269,171,1,0
303269,214,0,0
303270,150,0,0
303270,167,1,0
303270,196,0,0
303270,197,1,0
303270,243,0,0
303271,105,0,0
303271,134,1,0
303271,163,0,0
303271,180,1,0
303271,224,0,0
303271,231,1,0
303271,263,0,0
303272,19,1,0
303272,182,0,0
303272,185,1,0
303272,196,0,0
303272,291,1,0
303272,303,0,0
303273,19,0,0
303273,44,1,0
303273,53,0,0
303273,59,1,0
303273,182,0,0
303273,190,1,0
303273,192,0,0
303273,250,1,0
303274,1,1,0
303274,39,0,0
303274,50,1,0
303274,68,0,0
303274,69,1,0
303274,147,0,0
303274,148,1,0
303274,250,0,0
303274,252,1,0
303274,257,0,0
303274,259,1,0
303275,44,0,0
303275,63,1,0
303275,149,0,0
303275,222,1,0
303276,161,0,0
303276,162,1,0
303276,242,0,0
303277,75,1,0
303277,98,0,0
303277,114,1,0
303277,144,0,0
303277,150,1,0
303277,197,0,0
303278,5,1,0
303278,126,0,0
303278,187,1,0
303278,209,0,0
303278,213,1,0
303279,36,1,0
303279,142,0,0
303279,171,1,0
303279,210,0,0
303279,229,1,0
303279,287,0,0
303280,30,0,0
303280,42,1,0
303280,49,0,0
303280,54,1,0
303280,76,0,0
303280,81,1,0
303280,119,0,0
303280,133,1,0
303280,167,0,0
303280,244,1,0
303280,245,0,0
303280,266,1,0
303281,12,0,0
303281,53,1,0
303281,179,0,0
303281,191,1,0
303281,195,0,0
303281,196,1,0
303281,244,0,0
303282,23,0,0
303282,62,1,0
303282,110,0,0
303282,168,1,0
303282,195,0,0
303282,242,1,0
303282,282,0,0
303283,46,0,0
303283,77,1,0
303283,100,0,0
303283,103,1,0
303283,179,0,0
303283,192,1,0
303283,241,0,0
303284,1,0,0
303284,29,1,0
303284,249,0,0
303285,115,0,0
303285,139,1,0
303285,178,0,0
303285,206,1,0
303285,261,0,0
303286,12,0,0
303286,150,1,0
303286,162,0,0
303286,224,1,0
303287,73,1,0
303287,79,0,0
303287,92,1,0
303287,135,0,0
303287,177,1,0
303287,295,0,0
303288,13,0,0
303288,36,1,0
303288,57,0,0
303288,66,1,0
303288,233,0,0
303288,274,1,0
303289,42,1,0
303289,63,0,0
303289,144,1,0
303289,163,0,0
303289,175,1,0
303289,189,0,0
303289,221,1,0
303289,285,0,0
303289,294,1,0
303290,23,1,0
303290,80,0,0
303290,148,1,0
303290,177,0,0
303290,194,1,0
303291,60,0,0
303291,67,1,0
303291,102,0,0
303291,129,1,0
303291,154,0,0
303291,230,1,0
303292,42,0,0
303292,76,1,0
303292,84,0,0
303292,129,1,0
303292,136,0,0
303292,165,1,0
303292,195,0,0
303292,257,1,0
303293,14,1,0
303293,121,0,0
303293,145,1,0
303294,148,0,0
303294,158,1,0
303294,164,0,0
303294,170,1,0
303294,217,0,0
303294,234,1,0
303294,236,0,0
303294,254,1,0
303295,3,0,0
303295,14,1,0
303295,52,0,0
303295,104,1,0
303296,36,0,0
303296,134,1,0
303296,167,0,0
303296,183,1,0
303296,205,0,0
303296,221,1,0
303296,259,0,0
303297,14,0,0
303297,19,1,0
303297,21,0,0
303297,43,1,0
303297,116,0,0
303297,117,1,0
303297,140,0,0
303297,164,1,0
303297,188,0,0
303297,215,1,0
303297,289,0,0
303297,292,1,0
303298,73,1,0
303298,76,0,0
303298,95,1,0
303298,127,0,0
303298,132,1,0
303298,134,0,0
303298,232,1,0
303298,244,0,0
303299,6,0,0
303299,14,1,0
303299,43,0,0
303299,48,1,0
303299,54,0,0
303299,64,1,0
303299,74,0,0
303299,146,1,0
303299,252,0,0
303299,259,1,0
303300,1,1,0
303300,32,0,0
303300,42,1,0
303300,124,0,0
303300,125,1,0
303301,38,0,0
303301,53,1,0
303301,94,0,0
303301,111,1,0
303301,143,0,0
303301,146,1,0
303301,149,0,0
303301,155,1,0
303301,182,0,0
303301,183,1,0
303301,223,0,0
303301,276,1,0
303302,70,0,0
303302,90,1,0
303302,217,0,0
303302,221,1,0
303302,257,0,0
303302,259,1,0
303302,277,0,1
303303,13,0,0
303303,71,1,0
303303,125,0,0
303303,168,1,0
303303,214,0,0
303303,224,1,0
303304,25,0,0
303304,47,1,0
303304,110,0,0
303304,143,1,0
303304,150,0,0
303304,151,1,0
303304,172,0,0
303304,184,1,0
303305,132,0,0
303305,139,1,0
303305,186,0,0
303305,191,1,0
303305,214,0,0
303305,223,1,0
303305,264,0,0
303306,27,0,0
303306,132,1,0
303307,2,1,0
303307,32,0,0
303307,33,1,0
303307,77,0,0
303307,83,1,0
303307,216,0,0
303307,237,1,0
303308,131,0,0
303308,135,1,0
303308,139,0,0
303308,152,1,0
303309,30,0,0
303309,46,1,0
303309,51,0,0
303309,106,1,0
303309,108,0,0
303309,130,1,0
303309,135,0,0
303309,150,1,0
303310,19,1,0
303310,84,0,0
303310,103,1,0
303310,115,0,0
303310,117,1,0
303311,15,0,0
303311,56,1,0
303311,257,0,0
303311,266,1,0
303312,200,0,0
303312,213,1,0
303312,248,0,0
303312,265,1,0
303313,168,0,0
303313,181,1,0
303313,246,0,0
303313,257,1,0
303314,73,0,0
303314,89,1,0
303314,128,0,0
303314,152,1,0
303315,83,0,0
303315,127,1,0
303315,268,0,0
303316,47,0,0
303316,58,1,0
303316,95,0,0
303316,128,1,0
303317,22,0,0
303317,59,1,0
303317,97,0,0
303317,120,1,0
303317,127,0,0
303317,138,1,0
303318,196,0,0
303318,197,1,0
303319,33,0,0
303319,46,1,0
303319,74,0,0
303319,127,1,0
303319,161,0,0
303319,181,1,0
303320,69,1,0
303320,108,0,0
303320,119,1,0
303320,214,0,0
303320,271,1,0
303321,33,0,0
303321,54,1,0
303321,186,0,0
303321,202,1,0
303321,205,0,0
303322,8,0,0
303322,68,1,0
303322,125,0,0
303322,138,1,0
303323,18,0,0
303323,126,1,0
303323,171,0,0
303323,181,1,0
303323,186,0,0
303323,188,1,0
303323,219,0,0
303323,233,1,0
303324,42,1,0
303324,84,0,0
303324,86,1,0
303324,164,0,0
303324,177,1,0
303324,248,0,0
303325,10,0,0
303325,20,1,0
303325,123,0,0
303325,142,1,0
303325,149,0,0
303325,204,1,0
303325,221,0,0
303325,224,1,0
303325,270,0,0
303325,275,1,0
303326,28,0,0
303326,47,1,0
303326,62,0,0
303326,69,1,0
303326,81,0,0
303326,128,1,0
303326,234,0,0
303327,30,1,0
303327,37,0,0
303327,53,1,0
303327,234,0,0
303328,17,1,0
303328,47,0,0
303328,54,1,0
303328,58,0,0
303328,82,1,0
303328,113,0,0
303328,139,1,0
303328,159,0,0
303328,164,1,0
303328,168,0,0
303328,174,1,0
303329,7,1,0
303329,45,0,0
303329,96,1,0
303329,151,0,0
303329,222,1,0
303329,284,0,0
303329,286,1,0
303330,38,0,0
303330,66,1,0
303330,169,0,0
303330,175,1,0
303330,234,0,0
303330,240,1,0
303330,265,0,0
303331,18,0,0
303331,33,1,0
303331,82,0,0
303331,86,1,0
303331,138,0,0
303331,215,1,0
303331,231,0,0
303332,128,0,0
303332,140,1,0
303332,182,0,0
303332,190,1,0
303332,200,0,0
303332,268,1,0
303333,57,0,0
303333,95,1,0
303333,142,0,0
303333,203,1,0
303334,28,0,0
303334,68,1,0
303334,109,0,0
303334,157,1,0
303334,183,0,0
303335,38,0,0
303335,67,1,0
303335,183,0,0
303335,203,1,0
303336,7,0,1
303336,29,1,0
303336,107,0,0
303336,117,1,0
303336,168,0,0
303336,213,1,0
303336,265,0,1
303337,61,0,0
303337,113,1,0
303337,177,0,0
303337,180,1,0
303337,199,0,1
303337,206,1,0
303338,21,0,0
303338,24,1,0
303338,223,0,0
303338,235,1,0
303339,99,0,0
303339,111,1,0
303339,169,0,0
303339,207,1,0
303340,8,1,0
303340,206,0,0
303340,218,1,0
303340,235,0,0
303340,239,1,0
303341,36,0,1
303341,47,1,0
303341,55,0,0
303341,65,1,0
303341,74,0,0
303341,113,1,0
303341,200,0,0
303341,211,1,0
303342,82,0,0
303342,100,1,0
303342,211,0,0
303342,220,1,0
303343,28,0,0
303343,66,1,0
303343,97,0,0
303343,104,1,0
303343,150,0,1
303343,179,1,0
303344,50,0,1
303344,58,1,0
303345,35,0,0
303345,54,1,0
303345,99,0,0
303345,136,1,0
303346,3,1,0
303346,98,0,0
303346,133,1,0
303347,43,0,0
303347,54,1,0
303347,87,0,0
303347,97,1,0
303347,124,0,0
303347,212,1,0
303347,227,0,0
303347,232,1,0
303347,276,0,0
303347,278,1,0
303348,19,0,0
303348,32,1,0
303348,147,0,0
303348,210,1,0
303348,226,0,0
303349,8,0,0
303349,99,1,0
303350,84,0,0
303350,95,1,0
303350,115,0,0
303350,146,1,0
303351,19,1,0
303351,112,0,0
303351,117,1,0
303352,10,1,0
303352,20,0,0
303352,36,1,0
303353,142,0,0
303353,180,1,0
303353,190,0,0
303353,224,1,0
303353,250,0,0
303353,279,1,0
303354,5,1,0
303354,20,0,0
303354,28,1,0
303354,73,0,0
303354,80,1,0
303354,232,0,0
303355,70,0,0
303355,123,1,1
303355,246,0,1
303355,273,1,0
303356,38,0,0
303356,85,1,0
303356,109,0,0
303356,162,1,0
303357,123,0,0
303357,204,1,0
303357,216,0,0
303357,240,1,0
303357,252,0,0
303357,257,1,0
303358,21,0,0
303358,35,1,0
303358,102,0,0
303358,154,1,0
303358,162,0,1
303358,166,1,0
303358,217,0,0
303358,239,1,0
303359,57,0,0
303359,120,1,0
303359,159,0,0
303359,218,1,0
303359,287,0,0
303360,15,0,0
303360,21,1,0
303360,47,0,0
303360,48,1,0
303360,78,0,0
303360,109,1,0
303360,141,0,0
303360,195,1,0
303360,219,0,0
303360,228,1,0
303361,25,1,0
303361,53,0,0
303361,182,1,0
303362,120,1,0
303362,122,0,0
303362,160,1,0
303362,184,0,0
303362,193,1,0
303362,224,0,0
303362,268,1,0
303362,288,0,0
303363,55,0,0
303363,68,1,0
303363,82,0,0
303363,88,1,0
303363,90,0,0
303363,95,1,0
303363,105,0,0
303363,107,1,0
303363,185,0,0
303363,187,1,0
303363,289,0,0
303364,101,0,0
303364,102,1,0
303364,127,0,0
303364,153,1,0
303364,184,0,0
303365,70,0,0
303365,73,1,0
303365,173,0,0
303365,177,1,0
303365,211,0,0
303365,226,1,0
303365,230,0,0
303365,287,1,0
303365,288,0,0
303365,296,1,0
303366,25,0,0
303366,27,1,0
303366,114,0,0
303366,187,1,0
303367,19,0,0
303367,39,1,0
303367,127,0,0
303367,170,1,0
303367,226,0,0
303367,237,1,0
303367,270,0,0
303367,273,1,0
303368,175,0,0
303368,186,1,0
303368,212,0,0
303368,266,1,0
303369,94,1,0
303370,18,0,0
303370,24,1,0
303370,73,0,0
303370,106,1,1
303370,152,0,1
303370,167,1,0
303370,224,0,0
303370,259,1,0
303371,36,1,0
303371,101,0,0
303371,121,1,0
303371,154,0,0
303371,158,1,0
303371,169,0,0
303371,190,1,0
303371,223,0,0
303371,229,1,0
303371,232,0,0
303371,244,1,0
303372,149,0,0
303372,254,1,0
303373,76,1,0
303373,131,0,0
303373,183,1,0
303374,3,0,0
303374,7,1,0
303374,57,0,0
303374,81,1,0
303374,164,0,0
303374,174,1,0
303374,183,0,0
303374,203,1,0
303375,2,1,0
303375,95,0,0
303375,138,1,0
303375,143,0,0
303375,162,1,0
303376,20,1,0
303376,31,0,0
303376,58,1,0
303376,146,0,0
303376,161,1,0
303376,193,0,0
303376,236,1,0
303376,246,0,0
303377,116,0,0
303377,149,1,0
303377,171,0,0
303377,177,1,0
303377,198,0,0
303377,230,1,0
303377,255,0,0
303378,12,0,0
303378,42,1,0
303378,217,0,0
303378,256,1,0
303378,272,0,0
303379,30,0,0
303379,31,1,0
303379,150,0,0
303379,226,1,0
303380,60,1,0
303380,109,0,0
303380,159,1,0
303380,244,0,0
303380,271,1,0
303381,10,0,0
303381,21,1,0
303381,78,0,0
303381,84,1,0
303381,160,0,0
303381,189,1,0
303381,194,0,0
303381,227,1,0
303381,256,0,0
303382,13,0,0
303382,31,1,0
303382,39,0,0
303382,47,1,0
303382,169,0,1
303382,175,1,0
303382,273,0,0
303384,100,0,0
303384,115,1,0
303384,146,0,0
303384,147,1,0
303385,28,0,0
303385,55,1,0
303385,164,0,0
303385,168,1,0
303385,265,0,0
303386,202,0,0
303386,230,1,0
303386,234,0,0
303386,242,1,0
303386,256,0,0
303387,92,0,0
303387,151,1,0
303387,184,0,0
303387,212,1,0
303387,222,0,0
303387,231,1,0
303387,238,0,0
303387,239,1,0
303388,54,0,0
303388,82,1,0
303388,101,0,0
303388,136,1,0
303388,282,0,0
303389,36,0,0
303389,74,1,0
303389,105,0,0
303389,127,1,0
303389,155,0,0
303389,161,1,0
303389,238,0,0
303389,284,1,0
303390,90,0,0
303390,140,1,0
303390,167,0,0
303390,171,1,0
303390,209,0,0
303390,215,1,0
303390,228,0,0
303390,257,1,0
303391,129,0,0
303391,220,1,0
303392,27,0,0
303392,97,1,0
303392,137,0,0
303392,166,1,0
303392,171,0,0
303392,196,1,0
303392,231,0,0
303392,238,1,0
303392,241,0,0
303392,269,1,0
303393,95,0,0
303393,98,1,0
303393,116,0,0
303393,151,1,0
303393,225,0,0
303393,291,1,0
303394,3,0,0
303394,10,1,0
303394,14,0,0
303394,15,1,0
303394,122,0,0
303394,132,1,0
303394,199,0,0
303394,239,1,0
303394,241,0,0
303394,257,1,0
303395,18,0,0
303395,53,1,0
303395,66,0,0
303395,108,1,0
303396,169,0,0
303396,209,1,0
303396,255,0,0
303397,99,0,0
303397,100,1,0
303397,120,0,0
303397,123,1,0
303397,157,0,0
303397,169,1,0
303397,189,0,0
303397,215,1,0
303397,252,0,0
303397,274,1,0
303398,183,0,0
303398,195,1,0
303398,232,0,0
303398,248,1,0
303399,289,0,0
303400,19,1,0
303400,73,0,0
303400,77,1,0
303400,117,0,0
303400,195,1,0
303401,1,0,0
303401,7,1,0
303401,18,0,0
303401,26,1,0
303401,60,0,0
303401,108,1,0
303401,258,0,0
303401,270,1,0
303402,22,1,0
303402,92,0,0
303402,98,1,0
303402,173,0,0
303402,205,1,0
303402,211,0,0
303402,243,1,0
303402,258,0,0
303403,50,0,0
303403,55,1,0
303403,119,0,0
303403,195,1,0
303404,46,0,0
303404,74,1,0
303404,135,0,0
303404,153,1,0
303404,177,0,0
303404,179,1,0
303404,184,0,0
303404,193,1,0
303404,212,0,0
303404,255,1,1
303405,38,0,0
303405,45,1,0
303405,145,0,0
303405,152,1,0
303405,239,0,0
303405,261,1,0
303406,79,1,0
303406,141,0,1
303406,155,1,0
303406,162,0,0
303406,186,1,0
303406,190,0,0
303406,197,1,0
303406,208,0,0
303406,216,1,0
303407,81,0,0
303407,86,1,0
303407,161,0,0
303407,183,1,0
303407,232,0,0
303408,5,1,0
303408,118,0,0
303408,180,1,0
303408,229,0,0
303408,230,1,0
303408,293,0,0
303409,22,1,0
303409,69,0,0
303409,88,1,0
303409,100,0,0
303409,161,1,0
303409,215,0,0
303409,229,1,0
303409,236,0,0
303409,260,1,0
303410,1,1,0
303410,3,0,0
303410,13,1,0
303410,96,0,0
303410,101,1,0
303410,125,0,0
303410,167,1,0
303411,19,0,0
303411,26,1,0
303411,35,0,0
303411,102,1,0
303411,120,0,0
303411,174,1,0
303411,193,0,0
303411,195,1,0
303411,262,0,0
303411,267,1,0
303412,34,0,0
303412,48,1,0
303412,115,0,0
303412,137,1,0
303412,244,0,0
303412,269,1,0
303413,64,0,0
303413,97,1,0
303413,160,0,0
303413,169,1,0
303413,194,0,0
303413,280,1,0
303413,290,0,0
303414,17,0,0
303414,30,1,0
303414,38,0,0
303414,42,1,0
303414,66,0,0
303414,79,1,0
303414,216,0,0
303414,227,1,0
303415,123,0,0
303415,143,1,0
303416,7,1,0
303416,10,0,0
303416,34,1,0
303416,103,0,0
303416,146,1,0
303416,183,0,0
303416,186,1,0
303417,70,0,0
303417,120,1,0
303417,128,0,0
303417,135,1,0
303417,203,0,0
303417,239,1,0
303418,78,0,0
303418,83,1,0
303418,96,0,0
303418,123,1,0
303419,3,1,0
303420,248,0,0
303420,253,1,0
303421,103,0,0
303421,114,1,0
303421,195,0,0
303422,76,0,0
303422,118,1,0
303422,139,0,0
303422,233,1,0
303423,12,1,0
303423,165,0,0
303423,184,1,0
303424,3,1,0
303424,15,0,0
303424,27,1,0
303424,53,0,0
303424,84,1,0
303424,140,0,0
303424,199,1,0
303424,204,0,0
303424,212,1,0
303424,235,0,0
303424,244,1,0
303425,132,0,0
303425,135,1,0
303425,169,0,0
303425,192,1,0
303425,195,0,0
303425,220,1,0
303425,256,0,0
303425,260,1,0
303426,95,0,0
303426,103,1,0
303426,120,0,0
303426,136,1,0
303426,200,0,0
303426,229,1,0
303427,43,0,0
303427,44,1,0
303427,61,0,0
303427,101,1,1
303427,118,0,0
303427,138,1,0
303427,184,0,0
303428,4,0,0
303428,57,1,0
303428,126,0,0
303428,130,1,0
303428,155,0,0
303428,178,1,0
303428,203,0,0
303428,265,1,0
303429,150,0,0
303429,163,1,0
303429,200,0,0
303429,203,1,0
303429,234,0,0
303429,248,1,0
303431,11,0,0
303431,20,1,0
303432,13,0,0
303432,19,1,0
303432,76,0,0
303432,170,1,0
303432,218,0,0
303432,233,1,0
303432,262,0,0
303432,278,1,0
303433,38,0,0
303433,52,1,0
303433,58,0,0
303433,91,1,0
303433,130,0,0
303433,146,1,0
303433,187,0,0
303433,194,1,0
303433,212,0,0
303433,260,1,0
303434,21,1,0
303434,140,0,0
303434,144,1,0
303434,202,0,0
303434,205,1,0
303434,262,0,0
303435,27,0,0
303435,56,1,0
303435,193,0,0
303435,207,1,0
303436,59,1,0
303436,77,0,0
303436,106,1,0
303436,131,0,0
303436,211,1,0
303436,264,0,0
303436,271,1,0
303437,16,0,0
303437,75,1,0
303437,100,0,0
303437,128,1,0
303437,130,0,1
303437,136,1,0
303438,23,0,0
303438,33,1,0
303438,39,0,0
303438,45,1,0
303438,136,0,0
303439,150,0,0
303439,157,1,0
303439,175,0,0
303439,200,1,0
303439,210,0,0
303439,215,1,0
303439,227,0,0
303439,239,1,0
303440,48,0,1
303440,58,1,0
303440,237,0,0
303440,244,1,0
303440,247,0,0
303441,35,0,0
303441,42,1,0
303441,50,0,0
303441,106,1,0
303441,125,0,0
303441,178,1,0
303441,230,0,0
303441,251,1,0
303442,10,0,0
303442,100,1,0
303442,197,0,0
303442,200,1,0
303442,227,0,0
303442,246,1,0
303443,28,0,0
303443,52,1,0
303443,75,0,0
303443,81,1,0
303443,85,0,0
303443,92,1,0
303443,188,0,0
303443,194,1,0
303444,17,0,0
303444,44,1,0
303444,60,0,0
303444,107,1,0
303444,205,0,0
303444,212,1,0
303445,63,0,0
303445,136,1,0
303446,55,0,0
303446,63,1,0
303447,89,0,0
303447,113,1,0
303447,129,0,0
303447,173,1,0
303447,204,0,0
303448,34,0,1
303448,69,1,0
303448,98,0,0
303448,100,1,0
303448,121,0,26
303448,122,1,0
303448,240,0,0
303448,250,1,0
303449,6,1,0
303449,48,0,0
303449,97,1,0
303449,103,0,0
303449,106,1,0
303449,226,0,0
303449,239,1,0
303450,5,1,0
303450,101,0,0
303450,146,1,0
303450,209,0,0
303450,211,1,0
303450,295,0,0
303451,9,0,0
303451,30,1,0
303451,43,0,0
303451,64,1,0
303451,84,0,0
303451,136,1,0
303452,18,1,0
303452,181,0,0
303453,1,0,0
303453,17,1,0
303453,59,0,0
303453,74,1,0
303454,20,0,0
303454,34,1,0
303454,120,0,0
303454,162,1,0
303454,198,0,0
303454,224,1,0
303454,247,0,0
303454,251,1,0
303455,38,0,0
303455,53,1,0
303455,77,0,0
303455,88,1,0
303455,187,0,0
303455,210,1,0
303455,257,0,0
303456,56,0,0
303456,79,1,0
303456,85,0,0
303456,87,1,0
303456,122,0,0
303456,263,1,0
303456,282,0,0
303456,286,1,0
303456,297,0,0
303457,142,0,0
303457,172,1,0
303458,48,0,0
303458,71,1,0
303458,122,0,0
303458,157,1,0
303458,162,0,0
303458,240,1,0
303459,52,0,0
303459,99,1,0
303459,109,0,0
303459,213,1,0
303459,221,0,0
303459,224,1,0
303459,249,0,0
303459,280,1,0
303459,288,0,0
303460,1,0,0
303460,8,1,0
303460,9,0,0
303460,18,1,0
303460,63,0,0
303460,76,1,0
303460,186,0,0
303460,199,1,0
303460,248,0,0
303460,250,1,0
303460,276,0,1
303461,63,0,0
303461,72,1,0
303461,80,0,0
303461,121,1,0
303461,248,0,0
303461,259,1,0
303462,56,0,0
303462,57,1,0
303462,68,0,0
303462,71,1,1
303462,87,0,0
303462,89,1,0
303462,141,0,0
303462,194,1,0
303462,205,0,0
303462,270,1,0
303462,282,0,0
303463,81,0,0
303463,113,1,0
303463,145,0,0
303463,180,1,0
303463,196,0,0
303463,206,1,0
303463,264,0,0
303463,276,1,0
303463,282,0,0
303464,10,0,0
303464,40,1,0
303464,172,0,0
303464,214,1,0
303464,240,0,0
303464,242,1,0
303464,302,0,0
303465,130,0,0
303465,137,1,0
303465,148,0,0
303465,158,1,0
303465,270,0,0
303466,17,1,0
303466,180,0,0
303466,196,1,0
303466,214,0,0
303467,26,0,0
303467,43,1,0
303467,126,0,0
303467,170,1,0
303468,41,0,0
303468,47,1,0
303468,138,0,0
303468,256,1,0
303469,22,1,0
303469,73,0,0
303469,76,1,0
303469,140,0,0
303469,154,1,0
303469,159,0,0
303469,183,1,0
303470,23,0,1
303470,44,1,0
303470,67,0,0
303470,72,1,0
303470,245,0,0
303471,39,1,0
303471,45,0,0
303471,145,1,0
303471,203,0,0
303471,275,1,0
303472,80,0,0
303472,118,1,0
303472,183,0,0
303472,252,1,0
303472,310,0,0
303473,20,0,0
303473,54,1,0
303473,79,0,0
303473,84,1,0
303473,91,0,0
303473,92,1,0
303474,45,1,0
303474,149,0,0
303474,157,1,0
303474,177,0,0
303474,218,1,0
303475,136,0,0
303475,188,1,0
303476,79,0,0
303476,82,1,0
303476,126,0,0
303476,188,1,0
303476,216,0,0
303476,224,1,0
303476,225,0,0
303476,255,1,0
303477,17,1,0
303477,47,0,0
303477,81,1,0
303477,87,0,0
303477,94,1,0
303477,136,0,0
303477,149,1,0
303477,153,0,0
303477,225,1,0
303478,97,0,0
303478,106,1,0
303478,108,0,0
303478,117,1,0
303478,212,0,0
303478,247,1,0
303478,282,0,0
303479,51,0,0
303479,55,1,0
303479,61,0,0
303479,92,1,0
303479,128,0,0
303479,150,1,0
303479,266,0,0
303480,44,0,0
303480,52,1,0
303481,35,0,0
303481,52,1,0
303482,79,0,0
303482,88,1,0
303482,89,0,0
303482,94,1,0
303482,140,0,0
303482,158,1,0
303482,205,0,0
303482,217,1,0
303483,38,1,0
303483,58,0,0
303483,118,1,0
303483,151,0,0
303483,169,1,0
303483,225,0,0
303483,232,1,0
303483,254,0,0
303484,6,0,0
303484,109,1,0
303484,115,0,0
303484,123,1,0
303484,167,0,0
303484,187,1,0
303484,201,0,0
303484,211,1,0
303484,260,0,0
303484,261,1,0
303485,29,0,0
303485,79,1,0
303485,93,0,0
303485,157,1,0
303486,19,1,0
303486,22,0,0
303486,71,1,0
303486,87,0,0
303486,90,1,0
303486,168,0,0
303486,171,1,0
303486,184,0,0
303486,186,1,0
303486,229,0,0
303486,234,1,0
303486,289,0,0
303486,290,1,0
303487,110,0,0
303487,198,1,0
303487,241,0,1
303488,134,0,0
303488,152,1,0
303488,203,0,1
303488,213,1,0
303488,219,0,1
303488,237,1,0
303489,102,0,0
303489,116,1,0
303489,140,0,0
303489,165,1,0
303489,218,0,0
303489,238,1,0
303490,13,0,0
303490,31,1,0
303490,150,0,0
303490,164,1,0
303490,208,0,0
303490,220,1,0
303491,1,1,0
303491,64,0,0
303491,138,1,0
303491,206,0,0
303491,212,1,0
303492,13,0,0
303492,20,1,0
303492,42,0,0
303492,45,1,0
303492,55,0,0
303492,62,1,0
303492,238,0,0
303492,267,1,0
303493,51,0,0
303493,60,1,0
303493,79,0,0
303493,125,1,0
303493,170,0,0
303494,158,0,0
303494,178,1,0
303494,242,0,0
303495,2,1,0
303495,79,0,0
303495,95,1,0
303495,141,0,0
303495,164,1,0
303496,71,0,0
303496,119,1,0
303496,194,0,0
303496,205,1,0
303497,34,0,0
303497,37,1,0
303497,56,0,0
303497,70,1,0
303497,137,0,0
303497,266,1,0
303497,301,0,0
303498,46,0,0
303498,113,1,0
303498,128,0,0
303498,147,1,0
303498,296,0,0
303499,93,0,0
303499,104,1,0
303500,3,1,0
303500,47,0,0
303500,54,1,0
303500,115,0,0
303500,169,1,0
303500,281,0,0
303501,75,1,0
303501,81,0,0
303501,118,1,0
303501,168,0,0
303501,170,1,0
303501,227,0,0
303502,35,1,0
303502,83,0,1
303502,128,1,0
303502,129,0,0
303502,167,1,0
303503,48,0,0
303503,131,1,0
303503,186,0,0
303503,252,1,0
303504,33,0,0
303504,57,1,0
303504,188,0,0
303504,243,1,0
303505,108,0,0
303505,132,1,0
303505,166,0,0
303505,176,1,0
303505,187,0,0
303505,193,1,0
303505,287,0,0
303506,52,1,0
303506,90,0,0
303506,150,1,0
303506,152,0,0
303506,176,1,0
303507,28,1,0
303507,99,0,0
303507,105,1,0
303507,118,0,0
303507,121,1,0
303507,231,0,0
303507,249,1,0
303508,11,0,0
303508,31,1,0
303508,123,0,1
303508,134,1,0
303508,172,0,0
303508,223,1,0
303508,260,0,0
303508,261,1,0
303508,269,0,0
303508,281,1,0
303509,39,0,0
303509,46,1,0
303509,98,0,0
303509,112,1,0
303509,204,0,0
303509,227,1,0
303510,21,1,0
303510,27,0,0
303510,78,1,0
303510,144,0,0
303510,265,1,0
303511,54,0,0
303511,71,1,0
303511,75,0,0
303511,156,1,0
303511,185,0,0
303511,240,1,0
303511,269,0,0
303512,121,0,0
303512,122,1,1
303512,203,0,0
303512,259,1,0
303513,273,0,0
303513,278,1,0
303514,61,0,0
303514,98,1,0
303514,141,0,0
303514,154,1,0
303514,207,0,0
303514,209,1,0
303514,219,0,0
303514,245,1,0
303515,66,0,0
303515,93,1,0
303515,138,0,0
303515,146,1,0
303516,35,0,0
303516,77,1,0
303516,270,0,0
303517,15,1,0
303517,272,0,0
303517,275,1,0
303518,118,0,0
303518,132,1,0
303519,10,0,0
303519,22,1,0
303519,124,0,0
303519,139,1,0
303519,176,0,0
303519,270,1,0
303520,1,0,0
303520,20,1,0
303520,25,0,0
303520,34,1,0
303520,116,0,0
303520,175,1,0
303521,97,0,0
303521,134,1,0
303521,189,0,1
303521,227,1,0
303521,232,0,0
303521,265,1,0
303522,29,0,0
303522,64,1,0
303522,67,0,0
303522,69,1,0
303522,71,0,0
303522,114,1,0
303522,210,0,0
303522,218,1,0
303522,269,0,0
303523,25,1,0
303523,33,0,0
303523,47,1,0
303523,266,0,0
303523,278,1,0
303524,3,1,0
303524,30,0,0
303524,116,1,0
303525,157,0,0
303525,235,1,0
303526,27,0,0
303526,41,1,0
303526,199,0,0
303526,213,1,0
303526,214,0,0
303526,254,1,0
303527,10,1,0
303527,32,0,0
303527,35,1,0
303527,63,0,0
303527,109,1,0
303527,124,0,0
303527,132,1,0
303527,209,0,0
303527,210,1,0
303527,215,0,0
303527,219,1,0
303527,226,0,0
303527,229,1,0
303528,60,0,0
303528,145,1,0
303528,171,0,0
303528,214,1,0
303528,230,0,0
303528,249,1,0
303529,12,0,0
303529,27,1,0
303529,40,0,0
303529,46,1,0
303529,107,0,0
303529,148,1,0
303529,228,0,0
303529,230,1,0
303529,239,0,0
303529,244,1,0
303530,4,0,0
303530,18,1,0
303530,34,0,0
303530,83,1,0
303530,122,0,0
303530,129,1,0
303530,134,0,0
303530,186,1,0
303531,9,0,0
303531,13,1,0
303531,65,0,0
303531,122,1,0
303531,133,0,0
303531,137,1,0
303531,227,0,0
303531,234,1,0
303532,35,0,0
303532,73,1,0
303532,105,0,0
303532,128,1,0
303533,6,1,0
303533,30,0,0
303533,73,1,0
303533,80,0,0
303533,92,1,0
303533,203,0,1
303533,263,1,0
303533,270,0,0
303533,278,1,0
303534,26,1,0
303534,115,0,0
303534,139,1,0
303534,221,0,0
303534,227,1,0
303534,277,0,0
303535,48,1,0
303535,63,0,0
303535,88,1,0
303535,96,0,0
303535,101,1,0
303535,255,0,0
303535,301,1,0
303536,137,0,0
303536,148,1,0
303536,192,0,0
303536,214,1,0
303536,276,0,0
303536,284,1,0
303537,26,0,0
303537,73,1,0
303537,82,0,0
303537,100,1,0
303538,1,1,0
303538,84,0,0
303538,102,1,0
303538,125,0,0
303538,177,1,0
303538,198,0,0
303538,244,1,0
303539,16,1,0
303539,41,0,0
303539,97,1,0
303539,121,0,0
303539,126,1,0
303539,195,0,0
303539,198,1,0
303539,241,0,0
303539,277,1,0
303540,4,1,0
303540,59,0,0
303540,86,1,0
303540,157,0,1
303540,166,1,0
303540,281,0,0
303541,36,0,0
303541,77,1,0
303541,145,0,0
303541,157,1,0
303541,178,0,1
303541,202,1,0
303541,224,0,0
303541,230,1,0
303542,149,0,0
303542,226,1,0
303543,57,0,0
303543,63,1,0
303543,211,0,0
303544,7,0,0
303544,39,1,0
303544,76,0,0
303544,94,1,0
303544,129,0,0
303544,152,1,0
303544,224,0,0
303544,236,1,0
303545,10,1,0
303545,14,0,0
303545,39,1,0
303545,148,0,0
303545,152,1,0
303545,161,0,0
303545,169,1,0
303545,258,0,0
303546,72,1,0
303546,99,0,0
303546,271,1,0
303547,13,0,0
303547,30,1,0
303548,15,0,0
303548,36,1,0
303548,62,0,0
303548,78,1,0
303548,82,0,0
303548,86,1,0
303548,106,0,0
303548,132,1,0
303548,133,0,0
303548,144,1,0
303548,158,0,0
303548,169,1,0
303548,194,0,0
303548,212,1,0
303548,239,0,0
303548,253,1,0
303549,201,0,0
303549,237,1,0
303550,19,1,0
303550,23,0,0
303550,31,1,0
303550,202,0,0
303550,223,1,0
303551,25,0,0
303551,30,1,0
303551,53,0,0
303551,61,1,0
303551,78,0,0
303551,89,1,0
303551,97,0,0
303551,116,1,0
303551,209,0,0
303552,66,0,0
303552,77,1,0
303552,89,0,0
303552,95,1,0
303552,146,0,0
303552,165,1,0
303552,223,0,1
303553,16,1,0
303553,217,0,0
303553,258,1,0
303553,270,0,0
303553,284,1,0
303554,64,0,0
303554,88,1,0
303554,111,0,0
303554,148,1,0
303554,176,0,0
303554,187,1,0
303554,255,0,0
303554,266,1,0
303555,137,0,0
303555,153,1,0
303556,17,0,0
303556,24,1,0
303556,35,0,0
303556,36,1,0
303556,100,0,0
303556,106,1,0
303556,109,0,0
303556,141,1,0
303556,226,0,0
303557,27,0,0
303557,28,1,0
303557,29,0,0
303557,43,1,0
303557,76,0,0
303557,103,1,0
303557,155,0,0
303557,172,1,0
303557,178,0,0
303557,196,1,0
303557,200,0,0
303557,204,1,0
303558,37,1,0
303558,44,0,1
303558,54,1,0
303558,95,0,0
303558,111,1,0
303558,130,0,0
303558,135,1,0
303558,200,0,1
303558,211,1,0
303558,247,0,0
303558,260,1,0
303559,40,0,0
303559,47,1,0
303559,65,0,0
303559,119,1,0
303559,126,0,0
303559,150,1,0
303559,181,0,0
303559,206,1,0
303559,240,0,0
303559,257,1,0
303560,16,0,0
303560,25,1,0
303560,95,0,0
303560,112,1,0
303561,6,0,0
303561,18,1,0
303561,52,0,0
303561,91,1,0
303561,172,0,0
303561,178,1,0
303561,225,0,0
303561,239,1,0
303561,252,0,0
303562,15,1,0
303562,64,0,0
303562,109,1,0
303562,120,0,0
303562,136,1,0
303562,156,0,0
303562,165,1,0
303563,51,1,0
303563,99,0,0
303563,103,1,0
303563,234,0,0
303563,253,1,0
303563,264,0,0
303564,30,0,0
303564,42,1,0
303564,229,0,0
303564,274,1,0
303565,61,0,0
303565,126,1,0
303565,138,0,0
303565,156,1,0
303566,124,0,0
303566,148,1,0
303566,195,0,1
303566,205,1,0
303566,249,0,0
303566,289,1,0
303567,1,1,0
303567,158,0,0
303567,209,1,0
303568,23,0,0
303568,31,1,0
303568,67,0,0
303568,70,1,0
303568,88,0,0
303568,96,1,0
303568,157,0,0
303568,179,1,0
303568,246,0,0
303569,22,1,0
303569,40,0,0
303569,43,1,0
303569,188,0,1
303569,207,1,0
303570,48,0,0
303570,66,1,0
303570,245,0,0
303570,256,1,0
303570,277,0,0
303571,133,0,0
303571,150,1,0
303571,231,0,1
303571,235,1,0
303572,247,0,0
303573,190,0,0
303573,227,1,0
303573,256,0,0
303573,265,1,0
303573,266,0,0
303573,270,1,0
303574,61,1,0
303574,116,0,0
303574,118,1,0
303574,176,0,0
303574,276,1,0
303575,6,0,0
303575,16,1,0
303575,52,0,0
303575,91,1,0
303575,103,0,1
303575,111,1,0
303575,158,0,0
303575,163,1,0
303575,225,0,0
303575,248,1,0
303576,74,0,0
303576,75,1,0
303576,91,0,0
303576,131,1,0
303576,298,0,1
303577,51,0,0
303577,68,1,0
303577,72,0,0
303577,81,1,0
303577,152,0,1
303577,164,1,0
303577,223,0,0
303577,228,1,0
303578,65,0,0
303578,82,1,0
303578,202,0,0
303578,220,1,0
303579,136,0,0
303579,158,1,0
303579,228,0,0
303579,234,1,0
303580,30,1,0
303580,157,0,0
303580,234,1,0
303581,27,0,0
303581,35,1,0
303581,67,0,0
303581,81,1,0
303581,127,0,1
303581,174,1,0
303581,188,0,0
303581,189,1,0
303581,223,0,0
303581,227,1,0
303582,75,0,0
303582,92,1,0
303582,100,0,0
303582,104,1,0
303582,198,0,0
303582,215,1,0
303583,69,0,0
303583,129,1,0
303584,114,0,0
303584,191,1,0
303584,273,0,0
303585,20,1,0
303585,82,0,0
303585,119,1,0
303585,276,0,0
303586,72,1,0
303586,150,0,0
303586,172,1,0
303586,225,0,0
303587,4,0,0
303587,11,1,0
303587,26,0,0
303587,37,1,0
303587,125,0,1
303587,172,1,0
303588,24,0,0
303588,83,1,0
303588,182,0,0
303588,188,1,0
303588,272,0,0
303589,38,0,0
303589,56,1,0
303589,97,0,0
303589,120,1,0
303589,199,0,0
303589,214,1,0
303589,218,0,0
303589,222,1,0
303589,254,0,0
303590,73,0,1
303590,113,1,0
303590,152,0,0
303590,219,1,0
303591,167,0,0
303591,170,1,0
303591,220,0,1
303591,223,1,0
303592,3,1,0
303592,52,0,0
303592,64,1,0
303592,114,0,0
303592,189,1,0
303592,217,0,0
303592,254,1,0
303592,263,0,0
303593,150,0,0
303593,212,1,0
303593,301,0,0
303594,27,1,0
303594,69,0,0
303594,81,1,0
303594,178,0,0
303594,207,1,0
303594,259,0,0
303595,87,0,0
303595,98,1,0
303595,123,0,0
303595,141,1,0
303595,170,0,0
303595,209,1,0
303596,8,1,0
303596,136,0,1
303596,143,1,0
303596,198,0,0
303596,260,1,0
303596,274,0,0
303596,276,1,0
303596,297,0,0
303597,32,1,0
303597,121,0,0
303597,128,1,0
303597,178,0,0
303597,188,1,0
303598,30,0,0
303598,50,1,0
303598,128,0,0
303598,145,1,0
303598,225,0,0
303598,234,1,0
303598,268,0,0
303598,280,1,0
303599,48,0,0
303599,64,1,0
303599,85,0,0
303599,173,1,0
303599,177,0,0
303599,190,1,0
303599,262,0,0
303599,290,1,0
303600,38,1,0
303600,118,0,0
303600,132,1,0
303600,258,0,0
303600,264,1,0
303601,152,0,0
303601,197,1,0
303601,266,0,0
303602,90,0,0
303602,124,1,0
303602,186,0,1
303602,199,1,0
303603,62,0,0
303603,68,1,0
303603,93,0,0
303603,136,1,0
303604,215,0,0
303604,216,1,0
303604,245,0,0
303604,260,1,0
303604,261,0,0
303605,108,0,0
303605,120,1,0
303605,258,0,0
303606,58,0,0
303606,59,1,0
303606,94,0,0
303606,141,1,0
303607,39,1,0
303607,232,0,0
303607,238,1,0
303608,3,1,0
303608,39,0,0
303608,58,1,0
303608,83,0,0
303608,96,1,0
303608,194,0,0
303608,276,1,0
303609,12,1,0
303609,139,0,0
303609,212,1,0
303609,236,0,0
303609,248,1,0
303610,31,0,0
303610,44,1,0
303610,154,0,0
303610,169,1,0
303610,190,0,0
303610,195,1,0
303610,259,0,0
303610,275,1,0
303611,50,1,0
303612,52,0,0
303612,55,1,0
303612,64,0,0
303612,68,1,0
303613,19,1,0
303613,21,0,0
303613,33,1,0
303613,70,0,0
303613,124,1,0
303613,133,0,0
303613,154,1,0
303613,236,0,0
303613,238,1,0
303614,65,0,0
303614,124,1,0
303614,218,0,1
303614,232,1,0
303614,268,0,0
303615,86,0,0
303615,108,1,0
303615,113,0,0
303615,146,1,0
303615,227,0,0
303615,294,1,0
303616,45,0,0
303616,148,1,0
303616,214,0,0
303617,63,0,0
303617,74,1,0
303617,100,0,0
303617,108,1,0
303617,274,0,0
303618,3,0,0
303618,15,1,0
303618,31,0,0
303618,47,1,0
303618,57,0,0
303618,97,1,0
303618,153,0,0
303618,180,1,0
303618,206,0,0
303618,213,1,0
303618,226,0,0
303619,21,1,0
303619,45,0,0
303619,65,1,0
303619,253,0,0
303619,259,1,0
303620,15,0,0
303620,41,1,0
303620,175,0,0
303620,245,1,0
303620,248,0,0
303620,276,1,0
303621,2,0,0
303621,18,1,0
303621,42,0,0
303621,54,1,0
303621,88,0,0
303621,104,1,0
303621,188,0,0
303621,209,1,0
303621,273,0,0
303621,275,1,0
303622,20,1,0
303622,69,0,0
303622,83,1,0
303623,6,0,0
303623,47,1,0
303623,84,0,0
303623,97,1,0
303623,217,0,0
303623,223,1,0
303623,241,0,0
303624,52,0,0
303624,70,1,0
303624,198,0,0
303624,259,1,0
303625,157,0,0
303625,190,1,0
303625,235,0,0
303625,257,1,0
303625,271,0,0
303625,274,1,0
303626,2,0,0
303626,31,1,0
303626,88,0,0
303626,120,1,0
303627,57,1,0
303627,129,0,0
303627,146,1,0
303627,244,0,0
303627,276,1,0
303628,21,0,0
303628,61,1,0
303628,224,0,0
303628,263,1,0
303628,294,0,0
303629,10,1,0
303629,36,0,0
303629,52,1,1
303629,55,0,0
303629,58,1,0
303629,161,0,0
303629,184,1,0
303629,227,0,0
303629,239,1,0
303629,248,0,0
303630,97,1,0
303630,151,0,0
303630,175,1,0
303630,252,0,0
303630,300,1,0
303631,34,0,0
303631,42,1,0
303631,45,0,0
303631,62,1,0
303631,166,0,0
303631,168,1,0
303631,177,0,0
303631,189,1,0
303631,192,0,0
303631,197,1,0
303631,226,0,0
303631,228,1,0
303632,7,1,0
303632,219,0,0
303632,223,1,0
303632,248,0,0
303633,2,0,0
303633,10,1,0
303633,70,0,0
303633,126,1,0
303633,137,0,0
303633,138,1,0
303633,198,0,0
303633,209,1,0
303634,158,0,0
303634,163,1,0
303634,194,0,0
303634,201,1,0
303634,219,0,0
303634,228,1,0
303635,1,1,0
303635,115,0,0
303635,116,1,0
303635,167,0,0
303635,210,1,0
303636,65,0,0
303636,74,1,0
303636,253,0,0
303636,272,1,0
303637,13,0,0
303637,28,1,0
303637,30,0,0
303637,80,1,0
303637,132,0,0
303637,141,1,0
303637,242,0,0
303637,258,1,0
303638,89,0,0
303638,131,1,0
303638,211,0,0
303638,229,1,0
303639,6,0,0
303639,27,1,0
303639,140,0,0
303639,191,1,0
303640,14,0,0
303640,132,1,0
303640,255,0,0
303641,24,1,0
303641,35,0,0
303641,67,1,0
303641,142,0,0
303641,242,1,0
303641,249,0,0
303642,22,0,0
303642,31,1,0
303642,49,0,0
303642,80,1,0
303642,119,0,0
303642,163,1,0
303642,232,0,0
303642,258,1,0
303643,34,0,1
303643,39,1,0
303643,64,0,0
303643,87,1,0
303643,155,0,0
303643,179,1,0
303643,193,0,0
303643,231,1,0
303644,290,0,0
303644,301,1,0
303645,14,0,0
303645,21,1,0
303645,149,0,0
303645,153,1,0
303646,12,1,0
303646,202,0,0
303646,228,1,0
303647,25,0,0
303647,28,1,0
303647,48,0,0
303647,75,1,0
303648,10,0,0
303648,35,1,0
303648,123,0,0
303648,137,1,0
303649,10,0,0
303649,11,1,0
303649,220,0,0
303649,254,1,0
303650,138,0,0
303650,161,1,0
303651,120,0,0
303651,138,1,0
303651,155,0,0
303651,233,1,0
303651,261,0,0
303652,65,1,0
303652,130,0,0
303652,166,1,0
303652,253,0,0
303653,46,1,0
303653,189,0,0
303653,198,1,0
303654,29,1,0
303654,30,0,1
303654,43,1,0
303654,227,0,0
303654,253,1,0
303655,46,0,0
303655,81,1,0
303655,104,0,0
303655,120,1,0
303655,186,0,0
303655,233,1,0
303655,252,0,0
303655,255,1,0
303656,8,0,0
303656,23,1,0
303656,74,0,1
303656,80,1,0
303656,85,0,0
303656,122,1,0
303656,264,0,0
303657,38,1,0
303657,57,0,0
303657,107,1,0
303657,215,0,0
303657,221,1,0
303657,223,0,0
303657,259,1,0
303657,266,0,0
303658,125,0,0
303658,131,1,0
303658,136,0,0
303658,172,1,0
303658,184,0,0
303658,230,1,0
303659,51,0,0
303659,78,1,0
303659,86,0,0
303659,91,1,0
303659,179,0,0
303659,190,1,0
303659,195,0,0
303659,250,1,0
303659,256,0,0
303660,27,0,0
303660,38,1,0
303660,56,0,0
303660,58,1,0
303660,74,0,0
303660,83,1,0
303660,105,0,0
303660,112,1,0
303660,119,0,0
303660,131,1,0
303660,138,0,0
303660,151,1,0
303660,194,0,0
303660,225,1,0
303660,238,0,0
303661,8,0,0
303661,20,1,0
303661,32,0,0
303661,40,1,0
303662,104,0,0
303662,137,1,0
303662,170,0,0
303662,188,1,0
303663,34,0,0
303663,168,1,0
303663,178,0,0
303663,189,1,0
303663,252,0,0
303664,200,0,0
303664,201,1,0
303664,223,0,0
303664,227,1,0
303664,266,0,0
303665,6,1,1
303665,9,0,0
303665,72,1,0
303665,114,0,0
303665,117,1,0
303665,176,0,0
303665,212,1,0
303667,100,0,0
303667,101,1,0
303667,103,0,0
303667,127,1,0
303667,218,0,0
303667,270,1,0
303668,110,1,0
303669,139,0,0
303669,141,1,0
303669,210,0,0
303669,248,1,0
303670,5,1,0
303670,285,0,0
303670,291,1,0
303671,31,1,0
303671,75,0,0
303671,150,1,0
303671,187,0,0
303671,189,1,0
303671,227,0,0
303672,41,0,0
303672,49,1,0
303672,61,0,0
303672,87,1,0
303672,129,0,0
303672,135,1,0
303672,168,0,0
303672,192,1,1
303672,274,0,0
303673,51,0,0
303673,62,1,0
303673,78,0,0
303673,94,1,0
303673,97,0,0
303673,107,1,0
303673,178,0,0
303673,185,1,0
303673,194,0,0
303673,211,1,0
303673,217,0,0
303673,251,1,0
303673,259,0,0
303673,276,1,0
303674,8,0,0
303674,17,1,0
303674,26,0,0
303674,42,1,0
303674,56,0,0
303674,59,1,0
303674,72,0,0
303674,76,1,0
303674,100,0,0
303674,106,1,0
303674,171,0,0
303674,180,1,0
303674,225,0,0
303674,260,1,0
303675,33,0,0
303675,62,1,0
303675,114,0,0
303675,155,1,0
303675,215,0,0
303675,254,1,0
303676,50,0,0
303676,98,1,0
303676,119,0,0
303676,136,1,0
303676,163,0,0
303676,168,1,0
303676,201,0,0
303676,279,1,0
303677,7,0,0
303677,67,1,0
303677,137,0,0
303677,208,1,0
303678,34,1,0
303678,232,0,0
303678,243,1,0
303679,103,0,0
303679,140,1,0
303679,180,0,0
303679,211,1,0
303679,219,0,0
303679,228,1,0
303679,253,0,0
303679,256,1,0
303680,16,0,1
303680,51,1,0
303680,212,0,0
303680,229,1,0
303680,238,0,0
303680,241,1,0
303681,56,0,0
303681,59,1,0
303681,112,0,0
303681,120,1,0
303681,150,0,0
303681,220,1,0
303681,265,0,0
303682,3,1,0
303682,36,0,0
303682,52,1,0
303682,74,0,0
303682,80,1,0
303682,139,0,0
303682,168,1,0
303682,222,0,0
303682,224,1,0
303682,235,0,0
303682,243,1,0
303682,254,0,0
303682,278,1,0
303683,23,0,0
303683,99,1,0
303684,179,0,0
303684,183,1,0
303684,242,0,0
303685,51,0,0
303685,67,1,0
303686,49,0,0
303686,60,1,0
303686,109,0,0
303686,125,1,0
303686,202,0,0
303686,206,1,0
303687,39,0,0
303687,58,1,0
303687,97,0,0
303687,135,1,0
303687,141,0,0
303687,163,1,0
303687,225,0,0
303688,29,0,0
303688,62,1,0
303688,74,0,1
303688,77,1,0
303688,137,0,0
303688,146,1,0
303689,188,0,0
303689,230,1,0
303689,268,0,0
303689,277,1,0
303689,308,0,0
303690,64,0,0
303690,78,1,0
303690,88,0,0
303690,107,1,0
303690,143,0,0
303690,157,1,0
303690,227,0,0
303690,233,1,0
303691,10,0,0
303691,20,1,0
303691,37,0,0
303691,44,1,0
303691,45,0,0
303691,101,1,0
303691,162,0,0
303691,194,1,0
303692,39,1,0
303692,80,0,0
303692,133,1,0
303692,230,0,0
303693,10,0,0
303693,37,1,0
303693,88,0,0
303693,90,1,0
303693,97,0,0
303693,112,1,0
303693,134,0,0
303693,164,1,0
303693,201,0,0
303693,251,1,0
303694,24,0,0
303694,43,1,0
303694,216,0,0
303694,224,1,0
303694,242,0,0
303694,280,1,0
303695,11,0,0
303695,23,1,0
303695,268,0,0
303696,3,1,0
303696,47,0,0
303696,95,1,0
303696,162,0,0
303696,167,1,0
303696,185,0,0
303696,198,1,0
303696,204,0,0
303696,217,1,0
303697,101,0,0
303697,144,1,0
303697,176,0,0
303697,222,1,0
303698,55,0,0
303698,62,1,0
303698,157,0,0
303698,165,1,0
303699,78,0,0
303699,127,1,0
303699,150,0,0
303699,152,1,0
303700,17,1,0
303700,78,0,0
303700,87,1,0
303700,263,0,0
303701,55,0,0
303701,71,1,0
303701,117,0,0
303701,201,1,0
303701,232,0,0
303702,177,0,0
303702,248,1,0
303703,79,0,0
303703,107,1,0
303703,182,0,0
303703,281,1,0
303704,30,0,0
303704,47,1,0
303704,114,0,0
303704,126,1,0
303704,176,0,0
303704,204,1,0
303704,258,0,0
303704,262,1,1
303705,1,1,0
303705,81,0,0
303705,109,1,0
303705,113,0,0
303705,215,1,0
303705,231,0,0
303705,251,1,0
303705,278,0,0
303705,283,1,0
303706,16,0,0
303706,80,1,0
303706,208,0,0
303706,221,1,0
303709,30,1,0
303709,132,0,0
303709,159,1,0
303709,169,0,0
303709,264,1,0
303710,19,0,0
303710,23,1,0
303710,52,0,0
303710,86,1,0
303711,76,0,0
303711,81,1,0
303711,152,0,0
303711,153,1,0
303711,195,0,0
303711,261,1,0
303712,13,1,0
303712,182,0,0
303712,188,1,0
303712,281,0,0
303713,167,0,0
303713,208,1,0
303713,215,0,0
303713,250,1,0
303713,280,0,0
303713,285,1,0
303714,70,0,0
303714,100,1,0
303714,150,0,0
303714,163,1,0
303714,219,0,0
303714,227,1,0
303714,270,0,0
303715,15,0,0
303715,31,1,0
303715,259,0,0
303715,272,1,0
303716,105,0,0
303716,137,1,0
303716,159,0,0
303716,196,1,0
303717,51,0,0
303717,78,1,0
303717,149,0,0
303717,159,1,0
303717,165,0,0
303717,272,1,0
303718,15,0,0
303718,16,1,0
303718,40,0,0
303718,53,1,0
303718,62,0,0
303718,75,1,0
303718,91,0,0
303718,107,1,0
303718,235,0,0
303718,269,1,0
303719,1,1,0
303719,168,0,0
303719,183,1,0
303720,40,1,0
303720,139,0,0
303720,201,1,0
303720,211,0,0
303720,213,1,0
303720,228,0,0
303720,242,1,0
303720,269,0,0
303722,6,1,0
303722,38,0,0
303722,77,1,0
303722,148,0,0
303722,191,1,0
303722,211,0,0
303722,261,1,0
303723,191,0,0
303723,241,1,0
303723,300,0,0
303724,18,1,0
303724,28,0,0
303724,69,1,0
303724,142,0,0
303724,167,1,0
303725,16,1,0
303725,17,0,0
303725,33,1,0
303725,54,0,0
303725,75,1,0
303725,144,0,0
303725,167,1,0
303725,207,0,0
303725,236,1,0
303725,258,0,0
303725,275,1,0
303726,200,0,0
303726,212,1,0
303726,271,0,0
303726,284,1,0
303727,16,0,0
303727,21,1,0
303727,72,0,0
303727,127,1,0
303727,196,0,0
303727,205,1,0
303727,209,0,0
303727,222,1,0
303727,228,0,0
303728,6,1,0
303728,82,0,0
303728,111,1,0
303728,183,0,0
303729,4,1,0
303729,68,0,0
303729,87,1,0
303729,111,0,0
303729,127,1,0
303729,196,0,0
303729,200,1,0
303730,45,1,0
303730,121,0,0
303730,135,1,0
303730,145,0,0
303730,151,1,0
303730,218,0,0
303730,225,1,0
303731,12,1,0
303731,92,0,0
303731,108,1,0
303731,184,0,0
303731,189,1,0
303731,269,0,0
303732,2,0,0
303732,147,1,0
303732,162,0,0
303732,168,1,0
303732,177,0,0
303732,260,1,0
303733,15,0,0
303733,29,1,0
303733,194,0,0
303733,205,1,0
303733,206,0,0
303733,252,1,0
303733,267,0,0
303733,280,1,0
303734,8,0,0
303734,31,1,0
303734,80,0,0
303734,98,1,0
303734,112,0,0
303734,129,1,0
303735,30,1,0
303735,78,0,0
303735,79,1,0
303735,221,0,0
303736,11,1,0
303736,67,0,1
303736,69,1,0
303736,71,0,0
303736,88,1,0
303736,151,0,0
303736,157,1,0
303736,185,0,0
303736,270,1,0
303737,18,0,0
303737,56,1,0
303737,110,0,0
303737,161,1,0
303738,53,0,0
303738,116,1,0
303738,128,0,0
303738,134,1,0
303738,162,0,0
303738,186,1,0
303739,40,1,0
303739,120,0,0
303739,138,1,0
303739,164,0,0
303739,167,1,0
303739,172,0,0
303739,178,1,0
303740,43,0,0
303740,72,1,0
303740,160,0,0
303740,238,1,0
303741,17,0,0
303741,28,1,0
303741,156,0,0
303741,264,1,0
303742,53,1,0
303742,214,0,0
303743,245,0,0
303743,264,1,0
303744,6,1,0
303744,13,0,0
303744,21,1,0
303744,265,0,0
303745,86,0,0
303745,90,1,0
303745,104,0,0
303745,114,1,0
303745,149,0,0
303745,226,1,0
303746,5,1,0
303746,14,0,0
303746,42,1,0
303746,110,0,0
303746,185,1,0
303747,8,1,0
303747,99,0,0
303747,119,1,0
303747,126,0,0
303747,128,1,0
303747,183,0,0
303747,184,1,0
303748,27,0,0
303748,70,1,0
303748,145,0,0
303748,179,1,0
303748,265,0,0
303748,266,1,0
303750,37,1,0
303750,38,0,0
303750,216,1,0
303750,219,0,0
303750,243,1,0
303750,266,0,0
303751,101,0,0
303751,119,1,0
303751,206,0,0
303751,225,1,0
303751,232,0,0
303751,245,1,0
303752,38,0,0
303752,50,1,0
303752,68,0,0
303752,92,1,0
303752,146,0,0
303752,153,1,0
303752,231,0,0
303752,239,1,0
303753,17,0,0
303753,38,1,0
303753,192,0,0
303753,208,1,0
303753,215,0,0
303753,237,1,0
303753,261,0,0
303753,262,1,0
303754,5,1,0
303754,41,0,0
303754,78,1,0
303754,202,0,0
303754,235,1,0
303754,248,0,0
303755,63,1,0
303755,88,0,0
303755,130,1,0
303756,155,0,1
303756,165,1,0
303757,39,1,0
303757,178,0,0
303757,193,1,0
303758,40,1,0
303758,69,0,0
303758,90,1,0
303758,236,0,0
303758,248,1,0
303759,39,0,0
303759,67,1,0
303759,74,0,0
303759,89,1,0
303759,204,0,0
303759,210,1,0
303760,49,1,0
303760,87,0,0
303760,131,1,0
303760,164,0,0
303760,206,1,0
303760,259,0,0
303761,12,1,0
303761,43,0,0
303761,82,1,0
303761,178,0,0
303761,186,1,0
303761,202,0,0
303761,206,1,0
303761,239,0,0
303762,70,0,0
303762,81,1,0
303762,90,0,0
303762,186,1,0
303762,201,0,0
303762,221,1,0
303763,40,0,0
303763,83,1,0
303763,86,0,0
303763,124,1,0
303763,129,0,0
303763,168,1,0
303763,205,0,0
303763,206,1,0
303763,282,0,0
303764,7,1,0
303764,54,0,0
303764,89,1,0
303764,150,0,0
303764,199,1,0
303764,229,0,0
303764,232,1,0
303764,254,0,0
303765,111,0,0
303765,126,1,0
303765,213,0,0
303765,225,1,0
303766,50,0,0
303766,71,1,0
303766,128,0,0
303766,145,1,0
303766,270,0,0
303767,33,0,0
303767,38,1,0
303767,188,0,0
303767,231,1,0
303767,232,0,0
303768,46,0,0
303768,106,1,0
303768,148,0,0
303768,205,1,0
303768,298,0,0
303769,33,0,0
303769,41,1,0
303769,132,0,0
303769,145,1,0
303769,250,0,0
303769,269,1,0
303770,26,0,0
303770,36,1,0
303770,61,0,0
303770,75,1,0
303770,98,0,0
303770,172,1,0
303770,272,0,0
303770,279,1,0
303770,299,0,0
303770,310,1,0
303771,35,1,0
303771,36,0,0
303771,54,1,0
303771,73,0,0
303771,74,1,0
303771,191,0,1
303771,228,1,0
303772,94,0,0
303772,97,1,0
303772,127,0,0
303772,153,1,0
303772,154,0,0
303772,209,1,0
303773,67,1,0
303773,76,0,0
303773,94,1,0
303773,136,0,0
303773,190,1,0
303773,198,0,0
303773,205,1,0
303773,228,0,0
303773,239,1,0
303774,15,0,0
303774,18,1,0
303774,90,0,0
303774,94,1,0
303774,95,0,0
303774,97,1,0
303774,105,0,0
303774,143,1,0
303775,11,1,0
303775,12,0,0
303775,33,1,0
303775,115,0,0
303775,161,1,0
303775,173,0,0
303775,227,1,0
303775,272,0,0
303776,106,0,0
303776,126,1,0
303776,198,0,0
303776,207,1,0
303777,90,1,0
303777,102,0,0
303777,121,1,0
303777,220,0,0
303777,284,1,0
303777,287,0,0
303778,230,0,0
303778,239,1,0
303779,30,1,0
303779,79,0,0
303779,109,1,0
303780,2,0,0
303780,27,1,0
303780,74,0,0
303780,83,1,0
303780,141,0,0
303780,183,1,0
303781,12,0,0
303781,13,1,0
303781,88,0,0
303781,118,1,0
303781,196,0,0
303781,227,1,1
303782,108,0,0
303782,131,1,0
303782,268,0,0
303782,280,1,0
303783,1,1,0
303783,19,0,0
303783,47,1,0
303783,121,0,0
303783,222,1,0
303784,76,0,0
303784,77,1,0
303784,97,0,0
303784,112,1,0
303784,193,0,0
303784,269,1,0
303784,304,0,0
303784,306,1,0
303785,51,1,0
303785,123,0,0
303785,135,1,0
303785,196,0,0
303785,202,1,0
303785,244,0,0
303785,248,1,0
303786,40,0,0
303786,51,1,0
303786,224,0,0
303786,235,1,0
303787,21,0,0
303787,66,1,0
303787,113,0,0
303787,123,1,0
303787,176,0,0
303787,191,1,0
303787,202,0,0
303787,265,1,0
303788,23,1,0
303788,25,0,0
303788,37,1,0
303788,143,0,0
303788,160,1,0
303788,260,0,0
303789,55,1,0
303789,66,0,0
303789,121,1,0
303789,200,0,0
303789,266,1,0
303790,161,0,0
303790,261,1,0
303791,61,0,0
303791,76,1,0
303791,99,0,1
303791,113,1,0
303791,140,0,0
303791,171,1,0
303792,59,0,0
303792,66,1,0
303792,85,0,0
303792,92,1,0
303792,93,0,0
303792,152,1,0
303792,169,0,0
303792,217,1,0
303793,105,0,0
303793,115,1,0
303793,157,0,0
303793,162,1,0
303793,232,0,0
303793,242,1,0
303794,92,0,0
303794,105,1,0
303794,181,0,0
303794,205,1,0
303795,21,0,167
303795,22,1,0
303795,188,0,0
303795,231,1,0
303795,302,0,0
303796,85,0,0
303796,157,1,0
303796,190,0,0
303796,246,1,0
303796,275,0,0
303797,75,0,1
303797,84,1,0
303797,133,0,0
303797,170,1,0
303797,191,0,0
303797,227,1,0
303797,231,0,0
303798,23,0,0
303798,44,1,0
303798,55,0,0
303798,134,1,0
303798,253,0,0
303798,262,1,0
303799,99,1,0
303799,109,0,0
303799,187,1,0
303799,208,0,0
303799,216,1,0
303800,33,0,0
303800,67,1,0
303800,95,0,0
303800,171,1,0
303800,179,0,0
303800,204,1,0
303801,24,1,0
303801,53,0,0
303801,111,1,0
303801,151,0,0
303801,212,1,0
303801,245,0,0
303801,253,1,0
303802,2,0,0
303802,94,1,0
303802,180,0,0
303802,202,1,0
303802,270,0,0
303803,141,0,0
303803,155,1,0
303803,164,0,0
303803,243,1,0
303803,284,0,0
303804,24,1,0
303804,78,0,0
303804,103,1,0
303805,54,0,0
303805,88,1,0
303805,121,0,0
303805,154,1,0
303805,181,0,0
303805,223,1,0
303806,168,0,0
303806,210,1,0
303806,245,0,0
303807,96,0,0
303807,121,1,0
303807,224,0,0
303808,164,0,0
303808,186,1,0
303808,227,0,0
303808,274,1,0
303809,25,1,0
303809,199,0,0
303809,212,1,0
303810,43,0,0
303810,59,1,0
303810,76,0,0
303810,77,1,0
303810,101,0,0
303810,131,1,0
303811,190,0,0
303811,269,1,0
303812,32,0,0
303812,46,1,0
303812,82,0,0
303812,101,1,0
303813,12,0,0
303813,25,1,0
303813,108,0,0
303813,121,1,0
303813,168,0,0
303813,194,1,0
303813,222,0,0
303814,79,0,0
303814,99,1,0
303814,111,0,0
303814,191,1,0
303815,219,0,0
303815,241,1,0
303816,69,0,0
303816,102,1,0
303816,250,0,0
303816,262,1,0
303817,230,0,0
303817,237,1,0
303818,182,0,0
303818,247,1,0
303819,50,0,0
303819,73,1,0
303819,158,0,0
303819,168,1,0
303819,254,0,0
303819,258,1,0
303820,21,1,0
303820,29,0,0
303820,69,1,0
303820,92,0,0
303820,95,1,0
303820,115,0,0
303820,120,1,0
303820,208,0,0
303820,246,1,0
303821,10,0,0
303821,136,1,0
303821,162,0,0
303821,164,1,0
303821,181,0,0
303821,211,1,0
303821,213,0,0
303821,272,1,0
303822,109,0,0
303822,129,1,0
303823,136,0,0
303823,159,1,0
303823,178,0,0
303823,242,1,0
303823,265,0,0
303825,104,0,0
303825,136,1,0
303825,235,0,0
303825,237,1,0
303826,60,0,0
303826,68,1,0
303826,257,0,0
303826,262,1,0
303827,65,0,0
303827,108,1,0
303827,199,0,0
303827,207,1,0
303828,85,0,0
303828,101,1,0
303828,232,0,0
303829,23,0,0
303829,24,1,0
303829,58,0,0
303829,91,1,0
303829,145,0,0
303829,170,1,0
303829,247,0,0
303829,262,1,0
303830,10,0,0
303830,49,1,0
303830,51,0,0
303830,57,1,0
303830,114,0,0
303830,124,1,0
303830,236,0,0
303830,263,1,0
303831,183,0,0
303831,186,1,0
303831,249,0,0
303832,21,0,0
303832,37,1,0
303832,91,0,0
303832,107,1,0
303832,113,0,0
303832,123,1,0
303832,204,0,1
303833,111,0,0
303833,112,1,0
303833,134,0,0
303833,168,1,0
303833,181,0,0
303833,213,1,0
303833,243,0,0
303834,24,1,0
303834,68,0,0
303834,73,1,0
303835,33,0,0
303835,43,1,0
303835,54,0,0
303835,92,1,0
303836,39,0,0
303836,42,1,0
303836,141,0,0
303836,192,1,0
303836,218,0,0
303837,16,1,0
303837,28,0,0
303837,30,1,0
303837,112,0,0
303837,174,1,0
303837,239,0,0
303838,69,0,0
303838,107,1,0
303838,164,0,0
303838,165,1,0
303839,18,1,0
303839,53,0,0
303839,60,1,0
303839,118,0,0
303839,125,1,0
303839,181,0,0
303839,258,1,0
303840,85,0,0
303840,104,1,0
303840,123,0,0
303840,128,1,0
303841,53,1,0
303841,80,0,0
303841,153,1,0
303841,194,0,0
303841,219,1,0
303842,2,0,0
303842,12,1,0
303842,71,0,0
303842,133,1,0
303842,283,0,0
303843,55,0,0
303843,59,1,0
303843,75,0,0
303843,80,1,0
303843,117,0,0
303843,139,1,0
303843,205,0,0
303843,206,1,0
303843,253,0,0
303843,269,1,0
303844,35,0,0
303844,40,1,0
303844,56,0,0
303844,57,1,0
303845,7,1,0
303845,124,0,0
303845,151,1,0
303845,283,0,0
303846,51,0,0
303846,61,1,0
303847,6,0,0
303847,182,1,0
303848,56,0,0
303848,132,1,0
303848,164,0,0
303848,176,1,0
303848,182,0,0
303848,234,1,0
303849,46,0,0
303849,80,1,0
303849,193,0,0
303849,246,1,0
303850,93,1,0
303850,139,0,0
303850,147,1,0
303850,240,0,0
303850,259,1,0
303851,2,0,0
303851,52,1,0
303851,126,0,0
303851,142,1,0
303851,143,0,0
303851,171,1,0
303851,302,0,0
303852,6,0,0
303852,77,1,0
303852,96,0,0
303852,126,1,0
303852,229,0,0
303852,241,1,0
303854,26,0,0
303854,31,1,0
303854,32,0,0
303854,94,1,0
303854,188,0,0
303854,212,1,0
303855,147,0,0
303855,202,1,0
303855,266,0,0
303856,3,1,0
303856,9,0,0
303856,12,1,0
303856,42,0,0
303856,62,1,0
303856,105,0,0
303856,155,1,0
303857,20,0,0
303857,27,1,0
303857,55,0,0
303857,60,1,0
303857,73,0,0
303857,92,1,0
303857,108,0,0
303857,247,1,0
303857,255,0,1
303858,13,0,0
303858,14,1,0
303858,174,0,0
303858,185,1,0
303859,3,0,0
303859,14,1,0
303859,69,0,0
303859,79,1,0
303859,255,0,0
303859,260,1,0
303860,46,1,0
303860,59,0,0
303860,120,1,0
303860,129,0,0
303860,144,1,0
303860,234,0,0
303860,255,1,0
303861,21,0,0
303861,112,1,0
303861,148,0,0
303861,166,1,0
303861,262,0,1
303861,267,1,0
303862,21,1,0
303862,171,0,0
303862,202,1,0
303863,20,0,0
303863,21,1,0
303863,110,0,0
303863,126,1,0
303863,208,0,0
303863,209,1,0
303863,229,0,0
303864,129,0,0
303864,137,1,0
303864,213,0,0
303864,286,1,0
303865,13,1,0
303865,40,0,0
303865,48,1,0
303865,72,0,0
303865,83,1,0
303865,118,0,0
303865,163,1,0
303865,207,0,0
303865,223,1,0
303865,231,0,0
303866,119,0,0
303866,150,1,0
303866,182,0,0
303866,183,1,0
303866,223,0,0
303866,244,1,0
303867,10,1,0
303867,48,0,0
303867,64,1,0
303867,68,0,0
303867,102,1,0
303867,110,0,0
303867,145,1,0
303867,233,0,0
303867,237,1,0
303868,54,1,0
303868,175,0,0
303868,182,1,0
303868,205,0,0
303868,215,1,0
303869,22,0,0
303869,49,1,0
303869,137,0,0
303869,173,1,0
303869,278,0,0
303870,8,1,0
303870,128,0,0
303870,153,1,0
303870,168,0,0
303870,184,1,0
303870,223,0,0
303870,265,1,0
303871,14,0,0
303871,74,1,0
303871,179,0,0
303871,225,1,0
303871,257,0,0
303872,24,1,0
303872,56,0,0
303872,81,1,0
303872,104,0,0
303872,110,1,0
303872,222,0,0
303872,249,1,0
303873,29,0,0
303873,42,1,0
303873,67,0,0
303873,69,1,0
303873,81,0,0
303873,82,1,0
303874,3,0,0
303874,57,1,0
303874,116,0,0
303874,153,1,0
303874,268,0,0
303875,14,1,0
303875,31,0,0
303875,34,1,0
303875,102,0,0
303875,116,1,0
303875,126,0,0
303875,136,1,0
303875,154,0,0
303875,187,1,0
303875,231,0,0
303875,248,1,0
303876,18,1,0
303876,37,0,0
303876,74,1,0
303876,138,0,0
303876,152,1,0
303876,203,0,0
303876,205,1,0
303877,129,0,0
303877,153,1,0
303877,217,0,0
303877,219,1,0
303877,223,0,0
303878,3,1,0
303878,29,0,0
303878,87,1,0
303878,194,0,0
303878,196,1,0
303879,81,0,0
303879,104,1,0
303879,214,0,0
303879,236,1,0
303880,31,0,0
303880,40,1,0
303880,138,0,0
303880,169,1,0
303880,240,0,0
303880,257,1,0
303880,270,0,0
303882,108,1,0
303882,270,0,0
303883,92,0,0
303883,104,1,0
303883,114,0,0
303883,120,1,0
303883,186,0,0
303883,191,1,0
303883,220,0,0
303883,224,1,0
303884,41,0,0
303884,45,1,0
303884,87,0,0
303884,125,1,0
303884,254,0,0
303884,255,1,0
303884,271,0,0
303884,288,1,0
303885,60,0,0
303885,87,1,0
303885,150,0,0
303885,182,1,0
303885,184,0,0
303885,197,1,0
303886,54,1,0
303886,117,0,0
303886,146,1,0
303886,193,0,0
303886,223,1,0
303886,241,0,0
303886,249,1,0
303887,176,0,0
303887,190,1,0
303888,224,0,0
303888,288,1,0
303889,11,0,0
303889,17,1,0
303889,55,0,0
303889,56,1,0
303889,69,0,0
303889,125,1,0
303889,165,0,0
303889,228,1,0
303890,61,1,0
303890,111,0,0
303890,139,1,0
303890,163,0,0
303890,172,1,0
303891,57,1,0
303891,159,0,1
303891,196,1,0
303892,133,1,0
303892,174,0,0
303892,199,1,0
303892,211,0,0
303892,221,1,0
303892,230,0,0
303892,232,1,0
303892,265,0,0
303892,275,1,0
303893,92,0,0
303893,113,1,1
303893,182,0,0
303893,207,1,0
303894,13,0,0
303894,35,1,0
303894,69,0,0
303894,91,1,0
303894,92,0,0
303894,98,1,0
303894,99,0,0
303894,112,1,0
303894,132,0,0
303894,147,1,0
303895,4,0,0
303895,10,1,0
303895,46,0,0
303895,64,1,0
303895,184,0,0
303895,201,1,0
303895,214,0,0
303895,229,1,0
303896,23,0,0
303896,51,1,0
303896,244,0,0
303896,251,1,0
303897,157,0,0
303897,167,1,0
303898,10,0,0
303898,19,1,0
303898,33,0,0
303898,37,1,0
303898,41,0,0
303898,48,1,0
303898,85,0,0
303898,120,1,0
303898,196,0,0
303898,204,1,0
303898,258,0,0
303898,259,1,0
303898,267,0,0
303899,87,0,0
303899,117,1,0
303899,132,0,0
303899,160,1,0
303899,162,0,0
303899,225,1,0
303900,15,0,0
303900,18,1,0
303900,129,0,0
303900,131,1,0
303900,226,0,0
303900,239,1,0
303900,245,0,0
303900,262,1,0
303901,36,1,0
303901,101,0,0
303901,106,1,0
303901,160,0,0
303901,231,1,0
303901,300,0,0
303902,99,0,0
303902,109,1,0
303902,147,0,0
303902,149,1,0
303902,173,0,0
303902,209,1,0
303903,36,0,0
303903,45,1,0
303903,112,0,0
303903,125,1,0
303903,137,0,0
303903,139,1,0
303903,154,0,0
303903,187,1,0
303903,226,0,0
303903,249,1,0
303903,283,0,0
303904,2,1,0
303904,10,0,0
303904,32,1,0
303904,148,0,0
303904,163,1,0
303904,183,0,0
303904,193,1,0
303905,190,0,0
303905,215,1,0
303905,264,0,0
303905,279,1,0
303906,14,0,0
303906,19,1,0
303906,59,0,0
303906,84,1,0
303907,25,1,0
303907,30,0,0
303907,34,1,0
303907,149,0,0
303907,218,1,0
303908,4,1,0
303908,34,0,0
303908,43,1,0
303908,235,0,0
303908,249,1,0
303909,14,1,0
303909,54,0,0
303909,60,1,0
303909,68,0,0
303909,72,1,0
303909,231,0,0
303909,232,1,0
303910,210,0,0
303911,157,0,0
303911,158,1,0
303911,170,0,0
303911,178,1,0
303911,212,0,0
303912,12,0,0
303912,24,1,0
303912,69,0,0
303912,114,1,0
303912,200,0,0
303912,220,1,0
303912,227,0,0
303912,256,1,0
303913,5,0,0
303913,102,1,0
303913,122,0,0
303913,135,1,0
303913,140,0,0
303913,143,1,0
303913,185,0,0
303913,214,1,0
303913,267,0,0
303914,26,0,0
303914,38,1,0
303914,280,0,0
303915,43,0,0
303915,74,1,0
303915,193,0,0
303915,203,1,0
303916,143,0,0
303916,163,1,0
303916,173,0,0
303916,186,1,0
303916,220,0,0
303916,258,1,0
303917,64,0,0
303917,95,1,0
303918,91,0,0
303918,116,1,0
303918,137,0,0
303918,169,1,0
303918,242,0,0
303919,16,1,0
303919,196,0,0
303920,119,1,0
303921,19,0,0
303921,25,1,0
303921,118,0,0
303921,139,1,0
303921,170,0,0
303921,178,1,0
303921,223,0,0
303921,236,1,0
303921,242,0,0
303921,247,1,0
303922,69,0,0
303922,101,1,0
303922,103,0,0
303922,105,1,0
303922,220,0,0
303922,243,1,0
303923,28,0,0
303923,56,1,0
303923,59,0,0
303923,80,1,0
303923,122,0,0
303923,131,1,0
303923,152,0,0
303923,164,1,0
303923,188,0,0
303923,215,1,0
303923,220,0,0
303923,272,1,0
303924,8,1,0
303924,15,0,0
303924,17,1,0
303924,161,0,0
303924,170,1,0
303924,186,0,0
303924,258,1,0
303925,210,0,0
303925,215,1,0
303926,96,0,0
303926,195,1,0
303928,56,0,0
303928,59,1,0
303928,197,0,0
303928,201,1,0
303928,258,0,0
303929,243,0,0
303930,15,1,0
303930,17,0,0
303930,70,1,0
303930,75,0,0
303930,149,1,0
303930,162,0,0
303930,192,1,0
303931,28,0,0
303931,37,1,0
303931,41,0,0
303931,50,1,0
303931,200,0,0
303931,247,1,0
303932,73,1,0
303932,157,0,0
303932,161,1,0
303932,214,0,0
303932,244,1,0
303932,299,0,0
303933,48,0,0
303933,73,1,0
303933,109,0,0
303933,120,1,0
303933,150,0,0
303933,161,1,0
303933,199,0,0
303933,251,1,0
303934,95,0,0
303934,97,1,0
303934,109,0,0
303934,132,1,0
303934,141,0,0
303934,198,1,0
303934,204,0,0
303934,208,1,0
303935,146,0,0
303935,220,1,0
303935,235,0,0
303935,245,1,0
303936,22,0,0
303936,37,1,0
303936,81,0,0
303936,146,1,0
303936,217,0,0
303936,283,1,0
303936,285,0,0
303936,286,1,0
303938,106,0,0
303938,113,1,0
303938,180,0,0
303938,233,1,0
303939,9,0,0
303939,19,1,0
303939,122,0,0
303939,154,1,0
303940,15,1,0
303940,23,0,0
303940,65,1,0
303940,66,0,0
303940,118,1,0
303940,124,0,0
303940,143,1,0
303940,171,0,0
303940,232,1,0
303940,274,0,0
303940,275,1,0
303941,43,1,0
303941,159,0,0
303941,168,1,0
303941,174,0,0
303941,177,1,0
303941,219,0,0
303941,222,1,0
303941,234,0,0
303942,1,0,0
303942,49,1,0
303942,84,0,0
303942,138,1,0
303942,186,0,0
303942,196,1,0
303943,44,0,0
303943,87,1,0
303944,39,0,1
303944,52,1,0
303944,70,0,0
303944,115,1,0
303944,183,0,0
303944,193,1,0
303945,178,0,0
303945,193,1,0
303945,233,0,0
303945,241,1,0
303946,135,0,0
303946,205,1,0
303946,275,0,0
303947,119,0,0
303947,169,1,0
303947,243,0,0
303947,254,1,0
303948,81,0,0
303948,110,1,0
303948,138,0,0
303948,140,1,0
303948,218,0,0
303948,230,1,0
303949,11,0,0
303949,26,1,0
303949,70,0,1
303949,72,1,0
303949,147,0,0
303949,186,1,0
303950,142,0,0
303950,217,1,0
303951,15,0,0
303951,22,1,0
303951,34,0,0
303951,66,1,0
303951,84,0,0
303951,130,1,0
303951,179,0,0
303951,246,1,0
303951,278,0,0
303952,96,0,0
303952,137,1,0
303952,152,0,0
303952,182,1,0
303952,198,0,0
303952,204,1,0
303952,243,0,0
303952,256,1,0
303953,114,0,0
303953,144,1,0
303953,188,0,0
303953,210,1,0
303953,258,0,0
303954,18,1,0
303954,38,0,0
303954,118,1,0
303955,95,0,0
303955,142,1,0
303955,244,0,0
303956,16,0,0
303956,28,1,0
303956,67,0,0
303956,83,1,0
303956,87,0,0
303956,138,1,0
303956,215,0,0
303956,259,1,0
303957,121,0,0
303957,130,1,0
303957,205,0,0
303957,216,1,0
303958,15,1,0
303958,172,0,0
303958,190,1,0
303959,40,0,0
303959,50,1,1
303960,80,0,0
303960,111,1,0
303960,180,0,0
303960,186,1,0
303961,4,1,0
303961,27,0,0
303961,104,1,0
303961,260,0,0
303961,282,1,0
303962,30,1,0
303962,77,0,0
303962,103,1,0
303962,134,0,0
303962,138,1,0
303962,166,0,0
303962,175,1,0
303962,205,0,0
303962,231,1,0
303963,1,1,0
303963,261,0,0
303964,33,0,0
303964,38,1,0
303964,67,0,0
303964,88,1,0
303964,104,0,0
303964,129,1,0
303964,245,0,0
303965,117,0,0
303965,180,1,0
303965,196,0,0
303965,232,1,0
303965,245,0,0
303966,58,1,0
303966,159,0,0
303966,212,1,0
303967,33,1,0
303967,74,0,0
303967,86,1,0
303967,181,0,0
303967,183,1,0
303968,71,1,1
303968,85,0,0
303968,130,1,0
303968,145,0,0
303968,165,1,0
303968,187,0,0
303968,206,1,0
303968,289,0,0
303969,37,1,0
303969,78,0,0
303969,124,1,0
303969,157,0,0
303969,162,1,0
303969,167,0,0
303969,170,1,1
303969,257,0,0
303970,27,1,0
303970,100,0,1
303970,107,1,0
303970,136,0,0
303970,154,1,0
303970,187,0,0
303970,207,1,0
303970,315,0,0
303971,20,0,0
303971,39,1,0
303971,198,0,0
303972,12,1,0
303972,27,0,0
303972,41,1,0
303972,64,0,0
303972,75,1,0
303972,141,0,0
303972,167,1,0
303972,216,0,0
303972,219,1,0
303972,239,0,0
303972,272,1,0
303973,83,0,0
303973,100,1,0
303973,108,0,0
303973,144,1,0
303973,230,0,0
303973,243,1,0
303974,121,0,0
303974,145,1,0
303974,271,0,0
303975,3,0,0
303975,78,1,0
303975,125,0,0
303975,133,1,0
303976,78,0,0
303976,102,1,0
303976,181,0,0
303976,182,1,0
303976,266,0,0
303976,268,1,0
303977,240,0,0
303977,244,1,0
303977,270,0,0
303978,27,0,0
303978,51,1,0
303978,210,0,0
303978,247,1,0
303978,270,0,0
303979,12,1,0
303979,44,0,0
303979,52,1,0
303979,55,0,0
303979,138,1,0
303979,225,0,0
303979,246,1,0
303980,101,0,0
303980,134,1,0
303980,166,0,0
303980,217,1,0
303980,266,0,0
303980,269,1,0
303981,6,1,0
303981,7,0,0
303981,129,1,0
303981,183,0,0
303981,187,1,0
303981,199,0,0
303982,100,0,0
303982,101,1,0
303982,108,0,0
303982,117,1,0
303982,128,0,0
303982,136,1,0
303982,212,0,0
303982,244,1,0
303983,22,0,0
303983,72,1,0
303983,132,0,0
303983,159,1,0
303983,160,0,0
303983,199,1,0
303983,241,0,0
303983,251,1,0
303983,287,0,0
303984,11,1,0
303984,154,0,0
303984,194,1,0
303984,228,0,0
303984,229,1,0
303984,239,0,0
303984,240,1,0
303985,53,0,0
303985,138,1,0
303985,287,0,0
303985,296,1,0
303986,14,1,0
303986,56,0,0
303986,101,1,0
303986,259,0,0
303987,13,0,0
303987,87,1,0
303987,168,0,0
303987,189,1,0
303987,239,0,0
303987,243,1,0
303988,6,0,0
303988,20,1,0
303988,68,0,0
303988,72,1,0
303988,120,0,0
303988,147,1,0
303988,153,0,0
303988,155,1,0
303989,198,0,0
303989,203,1,0
303989,232,0,0
303989,244,1,0
303990,61,0,0
303990,62,1,0
303990,70,0,0
303990,138,1,0
303990,189,0,0
303990,216,1,0
303991,33,0,0
303991,66,1,0
303991,123,0,0
303991,201,1,0
303991,216,0,0
303991,218,1,0
303992,109,0,0
303992,210,1,0
303993,33,1,0
303993,47,0,0
303993,86,1,0
303993,151,0,0
303993,184,1,0
303993,238,0,0
303993,253,1,0
303994,51,1,0
303994,135,0,0
303994,186,1,0
303994,189,0,0
303994,227,1,0
303995,115,0,0
303995,118,1,0
303995,206,0,0
303996,17,1,0
303996,80,0,0
303996,120,1,0
303996,250,0,0
303996,257,1,0
303997,19,0,0
303997,44,1,0
303997,57,0,0
303997,82,1,0
303997,128,0,0
303997,192,1,0
303997,265,0,0
303997,278,1,0
303998,76,0,0
303998,122,1,0
303998,262,0,0
303999,11,1,0
303999,16,0,0
303999,24,1,0
303999,46,0,1
303999,69,1,0
303999,126,0,0
303999,166,1,0
303999,168,0,1
303999,240,1,0
304000,45,0,0
304000,67,1,0
304001,3,1,0
304001,42,0,0
304001,80,1,0
304001,243,0,0
304002,73,0,0
304002,96,1,0
304002,128,0,0
304002,141,1,0
304002,219,0,0
304002,228,1,0
304003,25,1,0
304003,145,0,0
304004,11,0,0
304004,37,1,0
304004,139,0,0
304004,159,1,0
304005,37,0,0
304005,45,1,0
304005,71,0,0
304005,109,1,0
304005,123,0,0
304005,146,1,0
304005,171,0,0
304005,172,1,0
304005,249,0,0
304005,254,1,0
304006,64,0,0
304006,71,1,0
304006,136,0,0
304006,188,1,0
304006,208,0,0
304006,219,1,0
304006,229,0,0
304007,80,1,0
304007,85,0,0
304007,109,1,0
304007,122,0,0
304007,124,1,0
304007,196,0,0
304007,228,1,0
304007,277,0,0
304008,67,0,0
304008,81,1,0
304008,269,0,0
304009,29,0,0
304009,61,1,0
304009,88,0,0
304009,89,1,0
304009,252,0,0
304009,261,1,0
304010,35,0,0
304010,102,1,0
304010,106,0,0
304010,115,1,0
304010,146,0,0
304010,149,1,0
304010,164,0,0
304010,184,1,0
304010,266,0,0
304011,79,0,0
304011,92,1,0
304013,89,0,0
304013,96,1,0
304013,101,0,0
304013,151,1,0
304013,235,0,0
304013,244,1,0
304013,277,0,0
304014,227,0,0
304014,235,1,0
304014,257,0,0
304015,28,1,0
304015,45,0,0
304015,96,1,0
304015,185,0,1
304015,236,1,0
304016,91,0,0
304016,106,1,0
304016,120,0,0
304016,137,1,0
304016,148,0,0
304016,158,1,0
304016,204,0,0
304016,219,1,0
304017,170,0,0
304018,71,0,0
304018,104,1,0
304018,108,0,0
304018,153,1,0
304018,179,0,0
304018,191,1,0
304018,262,0,1
304018,273,1,0
304018,300,0,0
304019,52,0,0
304019,57,1,0
304019,106,0,0
304019,128,1,0
304019,267,0,0
304020,19,0,1
304020,44,1,0
304020,65,0,0
304020,105,1,0
304020,138,0,0
304020,167,1,0
304020,198,0,0
304020,202,1,0
304020,247,0,0
304021,19,0,0
304021,33,1,0
304021,168,0,0
304021,179,1,0
304021,240,0,1
304021,265,1,0
304022,1,0,0
304022,32,1,0
304022,47,0,0
304022,61,1,0
304022,62,0,0
304022,89,1,0
304022,177,0,0
304022,244,1,0
304023,7,1,1
304023,15,0,0
304023,21,1,0
304023,106,0,0
304023,109,1,0
304023,121,0,0
304023,150,1,0
304023,190,0,0
304023,195,1,0
304023,203,0,0
304023,215,1,0
304023,218,0,0
304023,219,1,0
304024,2,0,0
304024,18,1,0
304024,33,0,0
304024,40,1,0
304024,215,0,0
304024,246,1,0
304025,57,0,0
304025,75,1,0
304025,79,0,0
304025,122,1,0
304025,123,0,0
304025,144,1,0
304025,153,0,0
304025,203,1,0
304025,262,0,0
304026,204,0,0
304026,236,1,0
304026,255,0,0
304026,258,1,0
304027,225,0,0
304027,231,1,0
304028,20,0,0
304028,39,1,0
304028,91,0,0
304028,97,1,0
304028,158,0,0
304028,196,1,0
304028,204,0,0
304028,219,1,0
304028,245,0,0
304028,251,1,0
304029,11,0,0
304029,49,1,0
304029,53,0,0
304029,67,1,0
304029,94,0,0
304029,112,1,0
304030,18,0,0
304030,65,1,0
304030,120,0,0
304030,175,1,0
304030,242,0,0
304030,243,1,0
304031,15,1,0
304031,57,0,0
304031,62,1,0
304031,92,0,0
304031,190,1,0
304031,197,0,0
304031,200,1,0
304031,231,0,0
304031,242,1,0
304032,49,0,0
304032,65,1,0
304032,87,0,0
304032,90,1,0
304032,129,0,0
304032,143,1,0
304032,177,0,0
304032,178,1,0
304032,250,0,0
304032,255,1,0
304033,84,0,0
304033,93,1,0
304033,151,0,0
304033,184,1,0
304033,244,0,0
304033,269,1,0
304034,84,0,0
304034,98,1,0
304034,249,0,0
304034,250,1,0
304035,37,0,0
304035,72,1,0
304035,230,0,0
304035,257,1,0
304036,11,0,0
304036,15,1,0
304036,20,0,0
304036,38,1,0
304036,94,0,0
304036,100,1,1
304036,111,0,0
304036,114,1,0
304036,167,0,0
304036,174,1,0
304036,210,0,0
304036,265,1,0
304037,29,1,0
304037,40,0,0
304037,53,1,0
304037,212,0,0
304037,227,1,0
304038,35,0,0
304038,94,1,0
304038,184,0,0
304038,198,1,0
304038,217,0,0
304038,241,1,0
304038,244,0,0
304038,253,1,0
304039,80,0,0
304039,87,1,0
304039,96,0,0
304039,111,1,0
304039,177,0,0
304039,185,1,0
304039,224,0,0
304039,236,1,0
304039,276,0,1
304039,285,1,0
304040,56,0,0
304040,84,1,0
304040,105,0,0
304040,108,1,0
304040,129,0,0
304040,134,1,0
304040,142,0,0
304040,150,1,0
304040,164,0,0
304041,47,0,0
304041,156,1,0
304041,194,0,0
304041,232,1,0
304041,246,0,0
304041,268,1,0
304042,13,1,0
304042,83,0,0
304042,104,1,0
304042,171,0,0
304042,188,1,0
304042,204,0,0
304042,219,1,0
304042,221,0,0
304042,281,1,0
304042,301,0,0
304043,12,0,0
304043,31,1,0
304043,96,0,0
304043,136,1,0
304043,139,0,0
304043,159,1,0
304043,208,0,0
304043,228,1,0
304044,26,1,0
304044,181,0,0
304044,188,1,0
304044,241,0,0
304044,280,1,0
304045,29,0,0
304045,35,1,0
304045,62,0,0
304045,93,1,0
304045,144,0,0
304045,154,1,0
304045,239,0,0
304046,251,0,0
304046,289,1,0
304047,10,0,0
304047,23,1,0
304047,82,0,0
304047,138,1,0
304047,170,0,0
304047,202,1,0
304048,20,0,0
304048,33,1,0
304048,102,0,0
304048,124,1,0
304048,253,0,0
304048,260,1,0
304048,281,0,0
304049,92,0,0
304049,108,1,0
304049,279,0,0
304050,202,0,0
304050,224,1,0
304050,245,0,0
304050,246,1,0
304050,275,0,0
304051,76,0,0
304051,77,1,0
304051,102,0,0
304051,142,1,0
304051,153,0,0
304051,194,1,0
304052,12,0,0
304052,119,1,0
304052,125,0,0
304052,185,1,0
304052,239,0,0
304052,265,1,0
304053,12,0,0
304053,35,1,0
304053,121,0,0
304053,214,1,0
304054,20,0,0
304054,38,1,0
304054,98,0,0
304054,150,1,0
304055,53,0,0
304055,83,1,0
304055,176,0,0
304055,192,1,0
304056,6,1,0
304056,40,0,0
304056,72,1,0
304056,113,0,0
304056,124,1,0
304056,235,0,0
304056,263,1,0
304057,245,0,0
304057,291,1,0
304058,17,0,0
304058,27,1,0
304058,125,0,0
304058,127,1,0
304058,158,0,0
304058,169,1,0
304058,258,0,0
304059,49,0,0
304059,64,1,0
304059,187,0,0
304059,202,1,0
304059,244,0,0
304059,260,1,0
304060,13,1,0
304060,80,0,0
304060,85,1,0
304060,95,0,0
304060,108,1,0
304060,116,0,0
304060,139,1,0
304060,171,0,0
304060,220,1,0
304061,84,0,0
304061,90,1,0
304061,95,0,0
304061,245,1,0
304062,82,0,0
304062,118,1,0
304062,151,0,0
304062,199,1,0
304063,11,0,0
304063,65,1,0
304063,97,0,0
304063,129,1,0
304063,172,0,0
304063,210,1,0
304064,155,0,0
304064,173,1,0
304064,193,0,0
304064,198,1,0
304064,210,0,0
304065,6,1,0
304065,46,0,0
304065,92,1,0
304065,106,0,0
304065,109,1,0
304065,133,0,0
304065,144,1,0
304065,182,0,0
304065,216,1,0
304066,12,0,0
304066,27,1,0
304066,72,0,0
304066,128,1,0
304066,165,0,0
304066,181,1,0
304067,15,0,0
304067,72,1,0
304067,95,0,0
304067,107,1,0
304067,181,0,0
304067,210,1,0
304067,233,0,0
304067,284,1,0
304067,324,0,0
304068,64,0,0
304068,68,1,0
304068,90,0,0
304068,136,1,0
304068,183,0,0
304068,191,1,0
304068,257,0,0
304069,134,0,0
304069,164,1,0
304069,189,0,0
304069,208,1,0
304070,142,0,0
304070,199,1,0
304071,164,0,0
304071,173,1,0
304072,7,0,0
304072,33,1,0
304072,94,0,0
304072,98,1,0
304072,101,0,0
304072,121,1,0
304072,167,0,0
304072,168,1,0
304072,177,0,0
304072,206,1,0
304073,52,0,0
304073,61,1,0
304073,66,0,0
304073,76,1,0
304073,102,0,0
304073,131,1,0
304073,151,0,0
304073,213,1,0
304074,91,0,0
304074,118,1,0
304074,162,0,0
304074,206,1,0
304074,249,0,0
304074,258,1,0
304075,66,0,0
304075,102,1,0
304075,131,0,0
304075,168,1,0
304075,210,0,0
304075,248,1,0
304076,32,0,1
304076,89,1,0
304076,211,0,0
304076,262,1,0
304077,49,0,0
304077,51,1,0
304077,145,0,0
304077,252,1,0
304078,40,0,0
304078,42,1,0
304078,55,0,0
304078,64,1,0
304078,92,0,0
304078,101,1,0
304078,224,0,0
304079,45,0,0
304079,61,1,0
304079,77,0,0
304079,113,1,0
304079,135,0,0
304079,157,1,0
304080,2,1,0
304080,39,0,0
304080,97,1,0
304080,172,0,0
304080,214,1,0
304080,226,0,0
304081,14,0,0
304081,48,1,0
304081,105,0,0
304081,139,1,0
304081,186,0,0
304081,207,1,0
304082,20,0,0
304082,36,1,0
304082,110,0,0
304082,198,1,0
304083,152,0,0
304083,185,1,0
304083,196,0,0
304083,219,1,0
304084,2,1,0
304084,56,0,0
304084,80,1,0
304085,28,0,0
304085,36,1,0
304085,50,0,0
304085,103,1,0
304086,8,0,0
304086,15,1,0
304086,28,0,0
304086,51,1,0
304086,86,0,0
304086,107,1,0
304086,176,0,0
304086,188,1,0
304086,229,0,0
304086,231,1,0
304087,30,0,0
304087,67,1,0
304087,155,0,0
304087,156,1,0
304088,57,0,0
304088,88,1,0
304088,112,0,0
304088,170,1,0
304088,212,0,0
304088,243,1,0
304089,10,1,0
304089,84,0,1
304089,120,1,0
304090,93,1,0
304090,125,0,0
304090,154,1,0
304090,163,0,0
304090,164,1,0
304090,203,0,0
304090,221,1,0
304090,225,0,0
304090,250,1,0
304091,3,1,0
304091,210,0,0
304091,225,1,0
304092,1,1,0
304092,57,0,0
304092,82,1,0
304092,192,0,0
304092,230,1,0
304093,8,0,0
304093,94,1,0
304093,223,0,0
304093,230,1,0
304093,246,0,0
304093,258,1,0
304093,282,0,0
304094,78,0,0
304094,144,1,0
304094,164,0,1
304094,202,1,0
304094,241,0,0
304095,15,0,0
304095,38,1,0
304095,117,0,0
304095,122,1,0
304095,169,0,0
304095,180,1,0
304096,10,1,0
304096,166,0,0
304096,214,1,0
304096,235,0,0
304096,248,1,0
304097,23,1,0
304097,42,0,0
304097,50,1,0
304097,75,0,0
304097,89,1,0
304097,119,0,0
304097,150,1,0
304098,33,0,0
304098,37,1,0
304098,107,0,0
304098,204,1,0
304099,21,0,0
304099,74,1,0
304099,162,0,0
304099,166,1,0
304099,211,0,0
304099,247,1,0
304100,30,1,0
304100,178,0,0
304100,188,1,0
304101,15,1,0
304101,79,0,0
304101,88,1,0
304101,105,0,0
304101,252,1,0
304101,261,0,0
304101,271,1,0
304101,284,0,0
304102,133,0,0
304102,153,1,0
304102,231,0,1
304102,259,1,0
304103,80,0,0
304103,85,1,0
304103,183,0,0
304103,200,1,0
304103,214,0,0
304103,238,1,0
304103,244,0,0
304103,264,1,0
304104,33,0,0
304104,52,1,0
304104,161,0,1
304104,198,1,0
304105,95,0,0
304105,188,1,0
304105,212,0,0
304105,213,1,0
304106,46,1,0
304106,99,0,0
304106,165,1,0
304106,222,0,0
304106,239,1,0
304106,258,0,0
304107,27,0,0
304107,60,1,0
304107,63,0,0
304107,87,1,0
304107,154,0,0
304107,178,1,0
304108,20,0,0
304108,37,1,0
304108,219,0,0
304108,233,1,0
304109,194,0,0
304109,207,1,0
304109,238,0,0
304109,254,1,0
304109,270,0,0
304109,275,1,0
304110,88,0,0
304110,115,1,0
304110,127,0,0
304110,139,1,0
304110,178,0,0
304110,207,1,0
304111,111,0,1
304111,128,1,0
304111,179,0,0
304111,223,1,0
304112,63,0,0
304112,93,1,0
304112,192,0,0
304112,203,1,0
304112,208,0,0
304112,223,1,0
304113,197,0,0
304113,215,1,0
304114,69,0,0
304114,126,1,0
304114,161,0,0
304115,74,0,0
304115,98,1,0
304115,138,0,0
304115,168,1,0
304115,204,0,0
304115,235,1,0
304116,65,0,0
304116,81,1,0
304116,128,0,0
304116,162,1,0
304116,249,0,0
304117,23,1,0
304117,147,0,0
304117,157,1,0
304117,214,0,0
304117,224,1,0
304117,233,0,1
304117,251,1,0
304117,253,0,0
304118,48,1,0
304118,98,0,0
304118,150,1,0
304118,192,0,0
304118,197,1,0
304118,210,0,0
304118,213,1,0
304119,6,0,0
304119,7,1,0
304119,44,0,0
304119,67,1,0
304119,79,0,0
304119,145,1,0
304119,207,0,0
304120,18,0,0
304120,23,1,0
304120,147,0,0
304120,209,1,0
304120,226,0,0
304121,6,1,0
304121,99,0,1
304121,229,1,0
304122,5,0,0
304122,38,1,0
304122,125,0,0
304122,160,1,0
304122,182,0,0
304122,195,1,0
304123,2,1,0
304123,66,0,0
304123,85,1,0
304123,133,0,0
304123,202,1,0
304123,226,0,0
304123,234,1,0
304123,241,0,0
304124,82,0,0
304124,119,1,0
304124,121,0,0
304124,132,1,0
304124,170,0,0
304124,172,1,0
304124,201,0,0
304124,240,1,0
304124,246,0,0
304124,260,1,0
304125,102,0,0
304125,103,1,0
304125,230,0,0
304126,32,0,0
304126,85,1,0
304126,111,0,0
304126,141,1,0
304126,174,0,0
304126,182,1,0
304126,186,0,0
304126,214,1,0
304126,228,0,0
304126,244,1,0
304127,26,1,0
304127,157,0,0
304128,74,0,0
304128,88,1,0
304128,93,0,0
304128,143,1,0
304128,167,0,0
304128,169,1,0
304128,180,0,0
304128,210,1,0
304128,238,0,0
304128,265,1,0
304128,280,0,0
304128,284,1,0
304129,6,1,0
304129,47,0,0
304129,85,1,0
304129,221,0,0
304130,47,0,0
304130,72,1,0
304130,173,0,0
304130,179,1,0
304130,215,0,0
304130,228,1,0
304131,26,1,0
304131,29,0,0
304131,47,1,0
304131,127,0,0
304131,134,1,0
304131,142,0,0
304131,177,1,0
304131,195,0,0
304131,211,1,0
304132,37,0,0
304132,100,1,0
304132,204,0,0
304132,255,1,0
304133,35,0,0
304133,42,1,0
304133,162,0,0
304133,188,1,0
304133,208,0,0
304133,235,1,0
304134,41,0,0
304134,58,1,0
304134,75,0,0
304134,136,1,0
304134,152,0,0
304134,195,1,0
304135,80,0,0
304135,99,1,0
304135,116,0,0
304135,178,1,0
304135,192,0,0
304135,210,1,0
304135,232,0,0
304135,238,1,0
304136,169,0,0
304136,178,1,0
304136,235,0,0
304136,242,1,0
304137,29,1,0
304137,71,0,0
304137,77,1,0
304137,90,0,0
304137,93,1,0
304137,124,0,0
304137,144,1,0
304138,59,0,0
304138,110,1,0
304138,131,0,0
304138,171,1,0
304138,181,0,0
304138,237,1,0
304138,257,0,0
304139,41,0,0
304139,54,1,0
304139,166,0,0
304139,168,1,0
304139,227,0,0
304139,256,1,0
304139,269,0,0
304139,281,1,0
304140,59,0,0
304140,61,1,0
304140,97,0,0
304140,113,1,0
304140,234,0,0
304140,244,1,0
304141,123,0,0
304141,135,1,0
304142,29,1,0
304142,58,0,0
304142,92,1,0
304142,122,0,0
304142,125,1,0
304142,126,0,0
304142,150,1,0
304142,197,0,0
304142,215,1,0
304142,223,0,0
304142,236,1,0
304142,248,0,1
304142,257,1,0
304143,21,0,0
304143,59,1,0
304143,92,0,0
304143,99,1,0
304143,139,0,0
304143,156,1,0
304143,240,0,0
304143,243,1,0
304144,17,1,0
304144,94,0,0
304144,100,1,0
304144,140,0,0
304144,148,1,0
304144,152,0,0
304144,163,1,0
304144,203,0,0
304144,232,1,0
304144,267,0,0
304145,30,1,0
304145,128,0,0
304145,168,1,0
304145,175,0,0
304145,272,1,0
304146,47,1,0
304146,164,0,0
304146,195,1,0
304147,62,0,0
304147,83,1,0
304147,86,0,0
304147,119,1,0
304147,253,0,0
304147,282,1,0
304148,7,0,0
304148,21,1,0
304148,183,0,0
304148,216,1,0
304148,251,0,0
304149,35,0,0
304149,48,1,0
304150,28,0,0
304150,36,1,0
304150,46,0,0
304150,74,1,0
304150,267,0,0
304150,279,1,0
304151,87,1,0
304151,94,0,0
304151,135,1,0
304151,167,0,0
304151,197,1,0
304151,200,0,0
304151,268,1,0
304152,39,1,0
304152,127,0,1
304152,182,1,0
304152,233,0,0
304153,2,0,0
304153,8,1,0
304153,105,0,0
304153,181,1,0
304154,263,0,1
304154,301,1,0
304155,47,0,0
304155,90,1,0
304155,97,0,0
304155,98,1,0
304155,152,0,0
304155,192,1,0
304155,240,0,0
304155,250,1,0
304155,266,0,0
304155,271,1,0
304156,25,0,0
304156,30,1,0
304156,248,0,0
304157,13,0,0
304157,23,1,0
304157,103,0,0
304157,167,1,0
304157,187,0,0
304157,198,1,0
304158,145,0,0
304158,195,1,0
304158,212,0,0
304159,76,0,0
304159,99,1,0
304159,218,0,0
304159,221,1,0
304160,108,0,0
304160,171,1,0
304160,175,0,0
304160,216,1,0
304160,233,0,0
304160,268,1,0
304161,19,1,0
304161,79,0,0
304161,92,1,0
304161,240,0,0
304161,249,1,0
304162,20,0,0
304162,43,1,1
304162,86,0,0
304162,119,1,0
304163,23,0,0
304163,102,1,0
304164,86,0,0
304164,113,1,0
304164,127,0,0
304164,188,1,0
304164,199,0,0
304164,202,1,0
304165,1,0,0
304165,6,1,0
304165,105,0,0
304165,166,1,0
304165,188,0,0
304165,219,1,0
304165,259,0,0
304165,267,1,0
304166,27,0,0
304166,64,1,0
304166,112,0,0
304166,144,1,0
304166,160,0,0
304166,165,1,0
304167,2,0,0
304167,35,1,0
304167,240,0,0
304168,119,0,0
304168,123,1,0
304168,221,0,0
304168,233,1,0
304169,33,1,0
304169,50,0,0
304169,55,1,0
304169,58,0,0
304169,70,1,0
304169,163,0,0
304169,188,1,0
304170,26,1,0
304170,30,0,0
304170,76,1,0
304170,90,0,0
304170,107,1,0
304170,136,0,0
304170,146,1,0
304171,2,1,0
304171,111,0,0
304171,116,1,0
304172,2,1,0
304172,39,0,1
304172,171,1,0
304172,273,0,0
304173,53,0,0
304173,58,1,0
304173,107,0,0
304173,168,1,0
304174,64,1,0
304174,103,0,0
304174,223,1,0
304175,116,0,0
304175,184,1,0
304176,6,0,0
304176,23,1,0
304176,115,0,0
304176,130,1,0
304176,189,0,0
304176,251,1,0
304177,10,1,0
304177,60,0,0
304177,168,1,0
304177,217,0,0
304177,230,1,0
304178,6,0,0
304178,31,1,0
304178,67,0,0
304178,116,1,0
304178,164,0,0
304178,178,1,1
304178,186,0,0
304178,211,1,0
304178,236,0,1
304178,247,1,0
304179,43,1,0
304179,49,0,0
304179,51,1,0
304179,81,0,0
304179,120,1,0
304180,41,0,0
304180,80,1,0
304180,123,0,0
304180,187,1,0
304180,205,0,0
304180,240,1,0
304180,246,0,0
304180,276,1,0
304181,133,0,0
304181,160,1,0
304182,26,0,0
304182,32,1,0
304182,73,0,0
304182,84,1,0
304182,89,0,0
304182,173,1,0
304182,207,0,0
304182,240,1,0
304183,96,0,0
304183,119,1,0
304183,159,0,1
304183,162,1,0
304183,167,0,0
304183,195,1,0
304183,234,0,0
304183,265,1,0
304184,127,0,0
304184,142,1,0
304184,179,0,0
304184,201,1,0
304184,257,0,0
304185,42,0,0
304185,77,1,0
304185,234,0,1
304185,245,1,0
304186,12,1,0
304186,35,0,0
304186,38,1,0
304186,68,0,0
304186,91,1,0
304186,126,0,0
304186,133,1,0
304186,167,0,0
304186,190,1,0
304186,219,0,0
304186,226,1,0
304186,240,0,0
304186,245,1,0
304186,246,0,0
304186,249,1,0
304187,99,1,0
304187,129,0,0
304187,153,1,0
304187,226,0,0
304187,240,1,0
304188,32,0,0
304188,69,1,0
304188,213,0,0
304188,228,1,0
304189,13,0,0
304189,64,1,0
304189,100,0,0
304189,106,1,0
304189,271,0,0
304189,272,1,0
304190,38,0,0
304190,45,1,0
304190,70,0,0
304190,149,1,0
304190,151,0,0
304190,154,1,0
304190,237,0,0
304192,31,0,0
304192,34,1,0
304192,206,0,0
304192,211,1,0
304192,243,0,0
304193,35,0,0
304193,111,1,0
304193,135,0,0
304193,143,1,0
304193,199,0,0
304193,212,1,0
304194,8,0,0
304194,20,1,0
304194,202,0,0
304194,203,1,0
304194,273,0,0
304194,280,1,0
304195,13,1,0
304195,66,0,0
304195,91,1,0
304195,99,0,0
304195,111,1,0
304195,167,0,0
304195,227,1,0
304195,232,0,0
304195,277,1,0
304196,109,0,0
304196,157,1,0
304196,200,0,0
304196,205,1,0
304197,41,1,0
304197,118,0,0
304197,139,1,0
304197,147,0,0
304197,163,1,0
304197,223,0,0
304197,242,1,0
304198,47,0,0
304198,61,1,0
304199,143,0,0
304199,172,1,0
304200,3,0,0
304200,4,1,0
304200,62,0,0
304200,82,1,0
304200,94,0,0
304200,103,1,0
304200,226,0,1
304200,259,1,0
304201,7,1,0
304201,150,0,0
304202,26,0,0
304202,45,1,0
304202,71,0,0
304202,84,1,0
304202,276,0,0
304202,277,1,0
304203,24,1,0
304203,40,0,1
304203,58,1,0
304203,164,0,0
304203,237,1,0
304203,238,0,0
304203,283,1,0
304204,77,0,0
304204,87,1,0
304204,201,0,0
304204,218,1,0
304204,221,0,0
304204,227,1,0
304204,266,0,0
304205,228,0,0
304205,237,1,0
304206,134,0,0
304206,142,1,0
304206,219,0,0
304206,231,1,0
304206,232,0,0
304207,2,0,0
304207,64,1,0
304207,126,0,0
304207,140,1,0
304207,160,0,0
304207,186,1,0
304207,187,0,0
304207,203,1,0
304208,31,0,0
304208,36,1,0
304208,65,0,0
304208,109,1,0
304208,211,0,0
304208,212,1,0
304208,257,0,0
304208,274,1,0
304209,155,0,0
304209,190,1,0
304209,224,0,0
304209,246,1,0
304210,3,0,0
304210,8,1,0
304210,47,0,0
304210,72,1,0
304210,89,0,0
304210,129,1,0
304210,133,0,0
304210,159,1,0
304210,264,0,0
304210,281,1,0
304211,17,1,0
304211,55,0,0
304211,61,1,0
304211,85,0,0
304211,86,1,0
304211,121,0,0
304211,138,1,0
304211,241,0,0
304211,266,1,0
304212,95,0,0
304212,106,1,0
304212,121,0,0
304212,155,1,0
304212,202,0,0
304212,221,1,0
304213,2,1,0
304214,32,1,0
304214,83,0,0
304214,102,1,0
304214,211,0,0
304214,247,1,0
304215,61,0,0
304215,63,1,0
304216,39,0,0
304216,65,1,0
304216,130,0,0
304216,175,1,0
304217,11,1,0
304217,75,0,0
304217,123,1,0
304217,126,0,0
304217,130,1,0
304217,148,0,0
304217,163,1,0
304217,198,0,0
304217,203,1,0
304218,3,0,0
304218,43,1,0
304218,57,0,0
304218,136,1,0
304218,147,0,0
304218,183,1,0
304218,266,0,0
304218,280,1,0
304219,62,0,0
304219,115,1,0
304219,141,0,0
304219,250,1,0
304220,27,1,0
304220,90,0,0
304220,141,1,0
304220,143,0,0
304220,146,1,0
304220,181,0,0
304220,213,1,0
304220,261,0,0
304220,262,1,0
304221,5,1,0
304221,56,0,0
304221,71,1,0
304221,143,0,0
304221,156,1,0
304221,256,0,0
304221,266,1,0
304222,99,1,0
304222,137,0,1
304222,162,1,0
304222,163,0,0
304222,187,1,0
304222,256,0,0
304223,61,0,0
304223,88,1,0
304223,189,0,0
304223,208,1,0
304223,234,0,0
304224,20,1,0
304224,104,0,0
304224,127,1,0
304224,178,0,0
304224,188,1,0
304224,246,0,0
304225,16,1,0
304225,42,0,0
304225,76,1,0
304225,85,0,0
304225,89,1,0
304225,167,0,0
304225,175,1,0
304225,218,0,0
304225,237,1,0
304225,264,0,0
304226,159,0,0
304226,167,1,0
304226,266,0,0
304226,307,1,0
304227,59,0,0
304227,60,1,0
304227,151,0,0
304227,203,1,0
304227,242,0,0
304228,52,0,0
304228,108,1,0
304228,179,0,0
304228,276,1,0
304228,291,0,0
304229,21,1,0
304229,108,0,0
304229,131,1,0
304230,14,1,0
304230,110,0,0
304230,119,1,0
304230,139,0,0
304230,149,1,0
304230,169,0,0
304230,209,1,0
304231,75,0,0
304231,88,1,0
304231,259,0,0
304232,113,0,0
304232,133,1,0
304233,28,0,0
304233,58,1,0
304233,65,0,0
304233,86,1,0
304233,126,0,0
304233,161,1,0
304234,43,0,0
304234,45,1,0
304234,80,0,0
304234,140,1,0
304234,167,0,0
304234,168,1,0
304234,250,0,0
304235,33,0,0
304235,64,1,0
304235,76,0,0
304235,120,1,0
304235,147,0,0
304235,189,1,0
304235,274,0,0
304236,1,0,0
304236,54,1,0
304236,193,0,0
304236,194,1,0
304237,6,1,0
304237,148,0,0
304237,216,1,0
304237,243,0,0
304238,12,1,0
304238,63,0,0
304238,65,1,0
304238,95,0,0
304238,142,1,0
304238,151,0,0
304238,165,1,0
304238,245,0,0
304238,257,1,0
304239,37,1,0
304239,56,0,0
304239,64,1,0
304239,111,0,0
304239,170,1,0
304240,40,1,0
304240,85,0,0
304240,93,1,0
304240,117,0,0
304240,149,1,0
304240,222,0,0
304240,279,1,0
304241,111,0,0
304241,112,1,0
304241,123,0,0
304241,142,1,0
304241,176,0,0
304241,195,1,0
304241,279,0,0
304241,280,1,0
304242,159,0,0
304242,176,1,0
304243,61,0,0
304243,62,1,0
304243,184,0,0
304243,249,1,0
304244,69,0,0
304244,120,1,0
304244,148,0,0
304244,170,1,0
304244,270,0,0
304245,58,1,0
304245,72,0,0
304245,102,1,0
304245,108,0,0
304245,133,1,0
304245,165,0,0
304245,185,1,0
304246,160,0,0
304246,195,1,0
304246,227,0,0
304246,265,1,0
304247,9,0,0
304247,50,1,0
304247,62,0,0
304247,147,1,0
304248,17,0,0
304248,25,1,0
304249,9,1,0
304249,36,0,0
304249,42,1,0
304249,48,0,0
304249,194,1,0
304249,205,0,0
304249,230,1,0
304250,130,0,0
304250,138,1,0
304250,170,0,0
304251,57,0,0
304251,123,1,0
304251,231,0,0
304252,10,0,4
304252,11,1,0
304252,14,0,0
304252,37,1,0
304252,65,0,0
304252,103,1,0
304252,105,0,0
304252,123,1,0
304252,211,0,0
304252,250,1,0
304252,258,0,1
304252,260,1,0
304253,24,0,0
304253,46,1,0
304253,138,0,0
304253,140,1,0
304253,214,0,0
304254,21,0,0
304254,28,1,0
304254,54,0,0
304254,64,1,0
304254,180,0,0
304254,196,1,0
304254,253,0,0
304254,294,1,0
304255,132,0,0
304255,194,1,0
304255,282,0,0
304256,11,0,0
304256,17,1,0
304256,34,0,0
304256,35,1,0
304256,62,0,0
304256,114,1,0
304256,255,0,0
304257,5,0,0
304257,27,1,0
304257,125,0,0
304257,149,1,0
304257,181,0,0
304257,226,1,0
304257,248,0,0
304257,273,1,0
304258,84,0,0
304258,96,1,0
304258,133,0,0
304258,208,1,0
304258,244,0,0
304258,258,1,0
304258,264,0,0
304258,268,1,0
304259,32,1,0
304259,67,0,0
304259,69,1,0
304259,82,0,0
304259,91,1,0
304259,107,0,0
304259,193,1,0
304260,38,0,0
304260,79,1,0
304261,83,0,0
304261,100,1,0
304261,152,0,0
304261,181,1,0
304261,276,0,0
304262,90,1,0
304262,154,0,0
304262,174,1,0
304262,211,0,0
304262,224,1,0
304262,273,0,0
304262,286,1,0
304263,134,0,0
304263,143,1,0
304263,176,0,0
304263,195,1,0
304264,14,0,0
304264,38,1,0
304264,59,0,0
304264,120,1,0
304264,275,0,0
304265,92,0,0
304265,97,1,0
304265,197,0,0
304265,210,1,0
304266,68,0,0
304266,87,1,0
304266,95,0,0
304266,105,1,0
304266,116,0,0
304266,131,1,0
304266,154,0,0
304266,241,1,0
304267,71,0,0
304267,102,1,0
304267,154,0,0
304267,158,1,0
304267,307,0,0
304267,315,1,0
304268,175,0,0
304268,186,1,0
304268,200,0,0
304268,211,1,0
304269,6,1,0
304269,108,0,0
304270,15,0,0
304270,25,1,0
304270,41,0,0
304270,97,1,0
304270,143,0,0
304270,179,1,0
304270,197,0,0
304270,209,1,0
304270,217,0,0
304270,244,1,0
304271,42,1,0
304271,239,0,0
304271,256,1,0
304272,127,0,0
304272,159,1,0
304272,231,0,0
304272,253,1,0
304273,26,0,0
304273,42,1,0
304273,48,0,0
304273,56,1,0
304273,102,0,0
304273,122,1,0
304273,172,0,0
304273,255,1,0
304274,58,0,0
304274,72,1,0
304274,244,0,0
304274,296,1,0
304275,94,0,0
304275,100,1,0
304275,149,0,0
304275,180,1,0
304276,11,1,0
304276,51,0,0
304276,55,1,0
304276,57,0,1
304276,109,1,0
304277,127,0,0
304277,140,1,0
304277,144,0,0
304277,165,1,0
304277,210,0,0
304277,218,1,0
304277,233,0,0
304278,35,0,0
304278,41,1,0
304278,156,0,0
304278,171,1,0
304278,287,0,0
304278,288,1,0
304279,59,0,0
304279,86,1,0
304279,99,0,0
304279,107,1,0
304279,154,0,0
304279,161,1,0
304279,162,0,0
304279,164,1,0
304279,165,0,0
304279,171,1,0
304279,205,0,0
304279,279,1,0
304280,37,0,0
304280,52,1,0
304280,92,0,0
304280,126,1,0
304280,300,0,0
304281,14,0,0
304281,52,1,0
304281,90,0,0
304281,95,1,0
304282,198,0,0
304282,202,1,0
304282,228,0,0
304282,279,1,0
304283,15,0,0
304283,125,1,0
304283,231,0,0
304283,234,1,0
304284,23,0,0
304284,28,1,0
304284,65,0,0
304284,69,1,0
304284,152,0,0
304284,177,1,0
304284,206,0,0
304285,86,1,0
304285,126,0,0
304285,174,1,0
304285,206,0,0
304285,218,1,0
304286,16,0,0
304286,19,1,0
304286,136,0,0
304286,156,1,0
304286,202,0,0
304287,46,0,0
304287,82,1,0
304287,88,0,0
304287,121,1,0
304287,195,0,0
304287,247,1,0
304288,4,1,0
304288,42,0,0
304288,67,1,0
304288,157,0,0
304288,224,1,0
304289,44,0,0
304289,59,1,0
304289,75,0,0
304289,81,1,0
304289,126,0,0
304289,155,1,0
304289,177,0,1
304289,234,1,0
304290,18,0,0
304290,28,1,0
304290,53,0,0
304290,67,1,0
304290,197,0,0
304290,264,1,0
304291,71,1,0
304291,101,0,0
304291,179,1,0
304291,223,0,0
304291,286,1,0
304293,40,0,0
304293,73,1,0
304293,129,0,0
304293,159,1,0
304293,162,0,0
304293,191,1,0
304294,16,0,0
304294,146,1,0
304294,156,0,0
304294,159,1,0
304294,238,0,0
304294,244,1,0
304295,95,0,0
304295,130,1,0
304296,18,0,0
304296,80,1,0
304296,112,0,0
304296,168,1,0
304297,3,0,0
304297,10,1,0
304297,29,0,0
304297,44,1,0
304297,50,0,0
304297,62,1,0
304297,74,0,0
304297,101,1,0
304297,124,0,0
304297,128,1,0
304297,168,0,0
304298,43,1,0
304298,89,0,0
304298,102,1,0
304298,173,0,0
304298,175,1,0
304299,5,1,0
304299,198,0,0
304299,201,1,0
304300,27,0,0
304300,46,1,0
304300,64,0,0
304300,75,1,0
304300,268,0,0
304300,278,1,0
304301,164,0,0
304301,195,1,0
304302,75,0,0
304302,83,1,0
304302,145,0,0
304302,147,1,0
304302,218,0,0
304302,224,1,0
304302,237,0,0
304302,240,1,0
304302,244,0,0
304302,256,1,0
304303,16,0,0
304303,42,1,0
304303,140,0,1
304303,145,1,0
304304,8,1,0
304304,16,0,0
304304,27,1,0
304304,45,0,0
304304,103,1,0
304304,133,0,0
304304,238,1,0
304304,245,0,1
304305,50,0,0
304305,53,1,0
304305,219,0,0
304305,220,1,0
304306,9,0,0
304306,11,1,0
304306,40,0,0
304306,44,1,0
304306,76,0,0
304306,106,1,0
304306,220,0,0
304306,242,1,0
304307,20,1,0
304307,87,0,0
304307,112,1,0
304307,220,0,0
304307,271,1,0
304308,130,0,0
304308,149,1,0
304308,209,0,0
304308,220,1,0
304308,224,0,0
304308,239,1,0
304308,241,0,0
304308,249,1,0
304308,279,0,0
304308,306,1,0
304309,55,0,1
304309,57,1,0
304309,75,0,0
304309,84,1,0
304309,125,0,0
304309,156,1,0
304309,231,0,0
304309,259,1,0
304309,264,0,0
304309,281,1,0
304310,45,0,0
304310,62,1,0
304310,107,0,0
304310,112,1,0
304310,268,0,0
304311,79,0,0
304311,112,1,0
304311,174,0,0
304311,187,1,0
304311,199,0,0
304311,208,1,0
304311,216,0,0
304311,220,1,0
304311,231,0,0
304311,234,1,0
304312,36,0,0
304312,86,1,0
304312,180,0,0
304312,185,1,0
304312,230,0,1
304312,258,1,0
304313,4,0,1
304313,13,1,0
304313,36,0,0
304313,45,1,0
304313,64,0,0
304313,170,1,0
304313,198,0,0
304313,220,1,0
304313,284,0,0
304314,37,0,0
304314,77,1,0
304314,192,0,0
304314,207,1,0
304315,8,1,0
304315,117,0,0
304315,135,1,0
304316,43,0,0
304316,45,1,0
304316,129,0,0
304316,138,1,0
304316,150,0,1
304316,171,1,0
304317,21,1,0
304317,87,0,0
304317,91,1,0
304317,198,0,0
304317,252,1,0
304318,24,1,0
304318,54,0,0
304318,74,1,0
304318,136,0,0
304318,178,1,0
304318,241,0,0
304318,252,1,0
304319,46,1,0
304319,64,0,0
304319,70,1,0
304320,123,0,0
304320,152,1,0
304320,155,0,0
304320,229,1,0
304320,232,0,0
304320,256,1,0
304320,257,0,0
304320,271,1,0
304320,274,0,0
304321,83,1,0
304321,102,0,0
304321,148,1,0
304321,199,0,0
304321,212,1,0
304322,16,1,0
304323,19,0,0
304323,82,1,0
304323,102,0,0
304323,138,1,0
304323,162,0,0
304324,94,0,0
304324,117,1,0
304324,119,0,0
304324,168,1,0
304324,192,0,0
304325,57,0,0
304325,89,1,0
304326,33,0,0
304326,36,1,0
304326,141,0,0
304326,146,1,0
304326,169,0,0
304326,225,1,0
304327,15,1,0
304327,76,0,0
304327,162,1,0
304328,21,1,0
304328,77,0,0
304328,82,1,0
304328,216,0,0
304328,238,1,0
304328,274,0,0
304329,106,0,0
304329,146,1,0
304329,162,0,0
304329,204,1,0
304329,224,0,0
304329,231,1,0
304331,33,0,0
304331,87,1,0
304331,151,0,0
304331,225,1,0
304331,266,0,0
304332,81,0,0
304332,195,1,0
304332,220,0,0
304332,221,1,0
304332,225,0,0
304332,255,1,0
304332,270,0,0
304333,20,1,0
304333,150,0,0
304333,186,1,0
304333,214,0,0
304333,268,1,0
304334,47,1,0
304334,68,0,0
304334,72,1,0
304334,89,0,0
304334,104,1,0
304334,210,0,0
304334,216,1,0
304335,197,0,0
304336,33,0,0
304336,56,1,0
304336,106,0,0
304336,107,1,0
304336,122,0,0
304336,123,1,0
304336,146,0,0
304336,199,1,0
304336,228,0,0
304336,275,1,0
304337,6,0,0
304337,36,1,0
304337,63,0,0
304337,119,1,0
304337,199,0,0
304337,205,1,0
304337,233,0,0
304338,104,0,0
304338,149,1,0
304338,204,0,0
304338,216,1,0
304339,48,1,0
304339,222,0,0
304339,261,1,0
304339,277,0,1
304339,283,1,0
304340,56,0,0
304340,68,1,0
304340,99,0,0
304340,168,1,0
304340,220,0,0
304340,242,1,0
304341,28,0,0
304341,42,1,0
304341,99,0,0
304341,125,1,0
304341,162,0,0
304341,173,1,0
304342,10,0,0
304342,11,1,0
304342,176,0,0
304342,215,1,0
304342,241,0,0
304343,71,0,0
304343,129,1,0
304343,131,0,0
304343,138,1,0
304343,151,0,0
304343,168,1,0
304343,231,0,0
304343,287,1,0
304344,154,0,0
304344,248,1,0
304345,69,0,0
304345,112,1,0
304345,119,0,0
304345,131,1,0
304345,143,0,0
304345,257,1,0
304345,276,0,0
304346,140,0,1
304346,150,1,0
304346,220,0,0
304346,288,1,0
304347,30,1,0
304347,35,0,0
304347,43,1,0
304348,238,0,0
304348,239,1,0
304349,53,0,0
304349,101,1,0
304349,135,0,0
304349,221,1,0
304350,24,1,0
304350,30,0,0
304350,33,1,0
304350,123,0,0
304350,168,1,0
304350,275,0,0
304350,294,1,0
304351,40,0,0
304351,50,1,0
304351,52,0,0
304351,129,1,0
304351,133,0,0
304351,134,1,0
304351,266,0,0
304352,64,1,0
304352,222,0,0
304352,250,1,0
304353,164,0,0
304353,201,1,0
304353,251,0,0
304353,268,1,0
304354,115,0,0
304354,143,1,0
304354,248,0,0
304354,255,1,0
304355,33,0,0
304355,44,1,0
304355,86,0,0
304355,133,1,0
304355,171,0,0
304355,206,1,0
304355,267,0,0
304355,288,1,0
304356,83,0,0
304356,118,1,0
304356,196,0,0
304356,288,1,0
304357,15,0,0
304357,21,1,0
304357,96,0,0
304357,153,1,0
304357,231,0,0
304357,241,1,0
304358,41,0,0
304358,54,1,0
304358,101,0,0
304358,126,1,0
304358,174,0,0
304358,190,1,0
304358,271,0,0
304359,87,0,0
304359,110,1,0
304359,169,0,0
304359,170,1,0
304360,8,1,0
304360,201,0,0
304361,68,0,0
304361,81,1,0
304361,192,0,0
304361,206,1,0
304361,224,0,0
304361,225,1,0
304362,1,0,0
304362,2,1,0
304362,59,0,0
304362,172,1,0
304362,210,0,0
304362,230,1,0
304363,4,0,0
304363,68,1,0
304363,269,0,0
304364,5,0,0
304364,12,1,0
304364,73,0,0
304364,90,1,0
304364,127,0,0
304364,207,1,0
304364,232,0,0
304364,239,1,0
304365,20,0,0
304365,27,1,0
304365,144,0,0
304365,161,1,0
304365,261,0,0
304366,189,0,0
304366,266,1,0
304367,47,0,0
304367,68,1,0
304367,150,0,0
304367,165,1,0
304367,195,0,0
304367,197,1,0
304367,202,0,0
304367,232,1,0
304368,46,1,0
304368,72,0,0
304368,100,1,0
304368,183,0,0
304368,208,1,0
304368,224,0,0
304368,275,1,0
304369,133,0,0
304369,139,1,0
304369,162,0,0
304369,220,1,0
304369,236,0,0
304369,246,1,0
304370,50,0,0
304370,64,1,0
304370,80,0,0
304370,82,1,0
304370,86,0,0
304370,140,1,0
304370,247,0,0
304370,248,1,0
304371,14,1,0
304371,47,0,0
304371,68,1,0
304371,119,0,0
304371,173,1,0
304371,190,0,0
304371,195,1,0
304371,272,0,0
304372,21,1,0
304372,47,0,0
304372,75,1,0
304372,123,0,0
304372,137,1,0
304373,29,1,0
304373,227,0,0
304374,100,0,0
304374,108,1,0
304374,203,0,0
304374,206,1,0
304374,222,0,0
304374,248,1,0
304374,264,0,0
304374,273,1,1
304375,6,0,0
304375,67,1,0
304375,121,0,0
304375,206,1,0
304376,70,0,0
304376,76,1,0
304376,119,0,0
304376,128,1,0
304376,262,0,0
304377,64,0,0
304377,127,1,0
304377,214,0,0
304377,216,1,0
304378,1,0,0
304378,15,1,0
304378,19,0,0
304378,21,1,0
304378,65,0,0
304378,67,1,0
304378,143,0,0
304378,148,1,0
304378,155,0,0
304378,187,1,0
304378,211,0,0
304378,218,1,0
304379,37,1,0
304379,51,0,0
304379,70,1,0
304379,109,0,0
304379,131,1,0
304379,162,0,0
304379,166,1,0
304379,207,0,0
304379,252,1,0
304380,45,0,0
304380,69,1,0
304380,223,0,0
304380,225,1,0
304381,14,1,0
304381,28,0,0
304381,58,1,0
304381,93,0,0
304381,134,1,0
304381,204,0,0
304381,208,1,0
304381,235,0,0
304381,237,1,0
304382,8,0,0
304382,60,1,0
304382,147,0,0
304382,150,1,0
304382,156,0,0
304382,172,1,0
304382,240,0,0
304382,258,1,0
304383,107,0,0
304383,124,1,0
304383,198,0,0
304383,224,1,0
304383,254,0,0
304383,264,1,0
304384,18,0,0
304384,23,1,0
304384,72,0,0
304384,81,1,0
304384,181,0,0
304384,200,1,0
304384,282,0,0
304385,9,1,0
304385,148,0,0
304385,159,1,0
304385,179,0,1
304385,236,1,0
304386,138,0,0
304386,148,1,0
304386,149,0,0
304386,201,1,0
304387,84,0,0
304387,95,1,0
304387,143,0,0
304387,182,1,0
304388,15,0,0
304388,26,1,0
304388,193,0,0
304388,208,1,0
304389,6,0,0
304389,29,1,0
304389,88,0,0
304389,98,1,0
304389,241,0,0
304390,133,0,0
304390,162,1,0
304390,169,0,0
304390,188,1,0
304390,265,0,0
304390,269,1,0
304391,19,1,0
304391,53,0,0
304391,107,1,0
304391,247,0,0
304391,293,1,0
304392,3,1,0
304392,27,0,0
304392,47,1,0
304392,61,0,1
304392,65,1,0
304392,71,0,0
304392,77,1,0
304392,101,0,0
304392,123,1,0
304393,41,1,0
304393,82,0,0
304393,84,1,0
304393,174,0,0
304393,215,1,0
304393,220,0,1
304393,258,1,0
304394,19,1,0
304394,32,0,0
304394,37,1,0
304394,121,0,0
304394,126,1,0
304394,199,0,0
304394,254,1,0
304395,15,1,0
304395,33,0,0
304395,34,1,0
304395,116,0,0
304395,175,1,0
304395,194,0,0
304395,207,1,0
304395,226,0,0
304395,238,1,0
304396,193,0,1
304396,212,1,0
304396,264,0,0
304396,267,1,0
304397,113,0,0
304397,145,1,0
304397,174,0,0
304397,216,1,0
304397,219,0,0
304397,222,1,0
304398,46,0,0
304398,54,1,0
304398,79,0,0
304398,109,1,0
304398,217,0,0
304398,224,1,0
304399,210,0,0
304399,242,1,0
304400,72,0,0
304400,112,1,0
304400,120,0,0
304400,160,1,0
304400,161,0,0
304400,219,1,0
304400,244,0,1
304400,251,1,0
304400,261,0,0
304400,271,1,0
304401,20,1,0
304401,211,0,0
304402,33,1,0
304402,80,0,0
304402,114,1,0
304402,198,0,0
304402,221,1,0
304402,239,0,0
304403,54,1,0
304403,59,0,0
304403,136,1,0
304403,225,0,0
304403,234,1,0
304403,265,0,0
304404,152,0,0
304404,187,1,0
304405,1,0,0
304405,4,1,0
304405,41,0,0
304405,92,1,0
304405,132,0,0
304405,138,1,0
304405,223,0,0
304405,253,1,0
304405,287,0,0
304406,78,0,0
304406,98,1,0
304406,205,0,0
304406,218,1,0
304407,35,1,0
304408,42,1,0
304408,138,0,0
304408,154,1,0
304408,257,0,0
304408,277,1,0
304409,53,0,0
304409,60,1,0
304409,69,0,0
304409,102,1,0
304409,107,0,0
304409,148,1,0
304409,235,0,0
304409,250,1,0
304410,9,0,0
304410,89,1,0
304410,103,0,0
304410,129,1,0
304410,175,0,0
304410,247,1,0
304410,259,0,0
304410,266,1,0
304411,127,0,0
304411,155,1,0
304411,226,0,0
304411,275,1,0
304411,298,0,0
304412,23,0,0
304412,49,1,0
304412,73,0,0
304412,106,1,0
304412,171,0,0
304412,178,1,0
304413,32,0,0
304413,145,1,0
304413,227,0,0
304413,245,1,0
304413,275,0,0
304414,34,0,0
304414,39,1,0
304414,156,0,0
304414,267,1,0
304415,115,0,0
304415,133,1,0
304416,11,1,0
304416,17,0,0
304416,30,1,0
304416,108,0,0
304416,149,1,0
304416,208,0,0
304416,255,1,0
304417,50,0,0
304417,83,1,0
304417,103,0,0
304417,168,1,0
304417,189,0,0
304417,203,1,0
304417,242,0,0
304417,243,1,0
304418,42,0,0
304418,100,1,0
304418,206,0,0
304418,223,1,0
304418,257,0,0
304418,262,1,0
304419,216,0,0
304419,230,1,0
304420,9,0,0
304420,52,1,0
304420,83,0,0
304420,95,1,0
304420,134,0,0
304420,140,1,0
304420,203,0,0
304420,208,1,0
304420,219,0,0
304421,214,0,0
304421,230,1,0
304422,41,1,0
304422,66,0,0
304422,68,1,0
304422,112,0,0
304422,182,1,0
304422,214,0,0
304422,227,1,0
304422,266,0,0
304423,22,0,0
304423,27,1,0
304423,64,0,0
304423,80,1,0
304423,247,0,0
304423,250,1,0
304424,5,0,0
304424,8,1,0
304425,111,0,0
304425,123,1,0
304425,262,0,0
304426,253,0,0
304426,261,1,0
304427,22,0,0
304427,43,1,1
304427,122,0,0
304427,123,1,0
304427,132,0,0
304427,140,1,0
304427,142,0,0
304427,152,1,0
304427,167,0,0
304427,197,1,0
304427,203,0,0
304427,213,1,0
304427,217,0,0
304427,224,1,0
304427,235,0,0
304427,257,1,0
304428,12,0,1
304428,20,1,0
304428,84,0,0
304428,87,1,0
304428,109,0,0
304428,134,1,0
304429,49,1,0
304429,113,0,0
304429,153,1,0
304429,242,0,0
304429,243,1,0
304429,245,0,0
304429,246,1,0
304430,34,1,0
304430,41,0,0
304430,117,1,0
304430,185,0,0
304430,199,1,0
304430,212,0,0
304430,230,1,0
304430,238,0,0
304430,240,1,0
304431,83,0,0
304431,89,1,0
304431,223,0,0
304431,235,1,0
304431,275,0,0
304431,293,1,0
304431,296,0,0
304431,297,1,0
304432,23,0,0
304432,83,1,0
304432,167,0,1
304432,169,1,0
304433,107,1,0
304433,120,0,0
304433,127,1,0
304433,157,0,0
304433,244,1,0
304433,248,0,0
304433,249,1,0
304433,270,0,0
304434,94,0,1
304434,101,1,0
304434,127,0,0
304434,135,1,0
304434,257,0,0
304435,53,0,0
304435,65,1,0
304436,125,0,0
304436,150,1,0
304436,223,0,0
304437,23,1,0
304437,75,0,0
304437,101,1,0
304437,160,0,0
304437,166,1,0
304437,233,0,0
304437,234,1,0
304437,274,0,0
304438,138,0,0
304438,197,1,0
304439,10,0,0
304439,15,1,0
304439,31,0,0
304439,90,1,0
304440,136,0,0
304440,143,1,0
304440,172,0,0
304440,225,1,0
304441,20,0,0
304441,29,1,0
304441,47,0,0
304441,62,1,0
304441,123,0,0
304441,148,1,0
304441,215,0,0
304441,246,1,0
304442,38,0,0
304442,102,1,0
304442,160,0,0
304442,162,1,0
304442,246,0,0
304443,3,1,0
304443,72,0,0
304443,180,1,0
304443,194,0,0
304443,214,1,0
304444,128,0,0
304444,186,1,0
304444,254,0,0
304445,18,1,0
304445,219,0,0
304445,270,1,0
304446,144,0,0
304446,155,1,0
304446,171,0,0
304446,200,1,0
304446,236,0,0
304447,1,0,0
304447,7,1,0
304447,114,0,0
304447,159,1,0
304447,195,0,0
304447,211,1,0
304447,280,0,0
304448,5,0,0
304448,6,1,0
304448,49,0,0
304448,66,1,0
304448,136,0,0
304448,138,1,0
304448,164,0,0
304448,174,1,0
304449,134,0,0
304449,144,1,0
304449,160,0,0
304449,237,1,0
304450,23,0,0
304450,92,1,0
304450,229,0,0
304450,244,1,0
304450,262,0,0
304450,263,1,0
304451,6,0,0
304451,13,1,1
304451,92,0,0
304451,94,1,0
304451,182,0,0
304451,185,1,0
304452,95,0,0
304452,111,1,0
304452,166,0,0
304452,171,1,0
304453,4,1,0
304453,43,0,0
304453,45,1,0
304453,71,0,0
304453,116,1,0
304453,124,0,0
304453,137,1,0
304453,252,0,0
304453,266,1,0
304454,6,0,0
304454,7,1,0
304454,88,0,0
304454,123,1,0
304454,232,0,1
304454,236,1,0
304454,259,0,0
304454,263,1,0
304455,128,0,0
304455,141,1,0
304455,151,0,0
304455,214,1,0
304456,216,0,0
304457,78,0,0
304457,81,1,0
304457,205,0,0
304457,231,1,0
304458,109,0,0
304458,132,1,0
304458,202,0,0
304458,215,1,0
304458,245,0,0
304458,258,1,0
304459,80,1,0
304459,95,0,0
304459,119,1,0
304459,171,0,0
304459,257,1,0
304459,261,0,0
304460,64,1,0
304460,115,0,0
304460,120,1,0
304460,142,0,0
304460,153,1,0
304460,166,0,0
304460,188,1,0
304460,200,0,0
304460,220,1,0
304460,229,0,0
304460,232,1,0
304460,237,0,0
304461,7,0,0
304461,16,1,0
304461,136,0,0
304461,150,1,0
304461,198,0,0
304461,205,1,0
304461,256,0,0
304462,16,1,0
304462,208,0,0
304462,218,1,0
304463,47,1,0
304463,86,0,0
304463,123,1,0
304463,132,0,0
304463,138,1,0
304464,43,0,0
304464,49,1,0
304464,145,0,0
304464,186,1,0
304464,223,0,0
304464,238,1,0
304465,61,0,0
304465,90,1,0
304465,102,0,0
304465,144,1,0
304465,204,0,0
304465,207,1,0
304466,4,1,0
304466,68,0,0
304466,73,1,0
304466,80,0,0
304466,87,1,0
304466,163,0,0
304466,170,1,0
304466,198,0,0
304466,216,1,0
304467,22,1,0
304467,103,0,0
304467,111,1,0
304468,22,0,0
304468,41,1,0
304468,76,0,0
304468,118,1,0
304468,126,0,1
304468,152,1,0
304468,177,0,0
304468,202,1,0
304468,217,0,0
304468,224,1,0
304469,19,0,0
304469,31,1,0
304469,39,0,0
304469,75,1,0
304469,84,0,0
304469,121,1,0
304469,181,0,0
304469,184,1,0
304469,210,0,0
304469,252,1,0
304470,43,0,0
304470,122,1,0
304470,188,0,0
304470,198,1,0
304471,10,0,0
304471,24,1,0
304471,49,0,0
304471,63,1,0
304471,79,0,0
304471,97,1,0
304471,171,0,0
304471,186,1,0
304471,207,0,0
304471,223,1,0
304471,231,0,0
304471,258,1,0
304471,261,0,0
304471,269,1,0
304472,154,0,0
304472,173,1,0
304472,180,0,0
304472,230,1,0
304472,264,0,0
304472,272,1,0
304473,126,1,0
304473,144,0,0
304473,169,1,0
304473,182,0,0
304473,217,1,0
304474,216,0,0
304474,218,1,0
304475,42,0,0
304475,55,1,0
304475,64,0,0
304475,90,1,0
304475,212,0,0
304476,49,0,0
304476,71,1,0
304476,72,0,0
304476,99,1,0
304477,91,0,0
304477,93,1,0
304478,9,0,0
304478,22,1,0
304478,78,0,0
304478,92,1,0
304478,100,0,0
304478,102,1,0
304478,161,0,0
304478,174,1,0
304478,224,0,0
304478,236,1,0
304478,244,0,0
304479,85,1,0
304479,233,0,0
304480,77,0,0
304480,106,1,0
304480,166,0,0
304480,167,1,0
304480,185,0,0
304480,246,1,0
304481,2,1,0
304481,105,0,0
304481,125,1,0
304482,22,1,0
304482,152,0,0
304482,176,1,0
304482,202,0,1
304482,246,1,0
304483,41,1,0
304483,45,0,0
304483,85,1,0
304483,86,0,0
304483,110,1,0
304483,115,0,0
304483,128,1,0
304483,214,0,0
304483,280,1,0
304484,46,0,0
304484,156,1,0
304484,194,0,0
304484,245,1,0
304484,251,0,0
304485,42,0,0
304485,49,1,0
304485,77,0,0
304485,85,1,0
304485,92,0,0
304485,130,1,0
304485,177,0,0
304485,211,1,0
304486,159,0,0
304486,208,1,0
304487,44,0,0
304487,95,1,0
304487,260,0,0
304487,261,1,0
304488,7,1,0
304488,33,0,0
304488,35,1,0
304488,55,0,0
304488,57,1,0
304488,122,0,0
304488,159,1,0
304488,163,0,0
304488,166,1,0
304488,172,0,0
304488,207,1,0
304488,228,0,0
304489,36,0,0
304489,42,1,0
304489,77,0,0
304489,79,1,0
304490,135,0,0
304490,139,1,0
304490,147,0,0
304490,149,1,0
304491,220,0,0
304491,250,1,0
304492,13,0,0
304492,15,1,1
304492,141,0,0
304492,162,1,0
304492,214,0,0
304492,221,1,0
304493,45,0,0
304493,54,1,0
304493,93,0,0
304493,113,1,0
304493,189,0,0
304493,199,1,0
304493,277,0,1
304493,287,1,0
304494,9,1,0
304494,193,0,0
304494,197,1,0
304495,125,0,0
304495,208,1,0
304495,219,0,0
304495,225,1,0
304496,99,0,0
304496,113,1,0
304497,186,0,0
304497,260,1,0
304497,277,0,0
304497,280,1,0
304497,297,0,1
304498,25,0,0
304498,56,1,0
304498,87,0,0
304498,109,1,0
304498,113,0,1
304498,148,1,0
304499,3,1,0
304499,32,0,0
304499,62,1,0
304499,100,0,0
304499,134,1,0
304499,214,0,0
304499,253,1,0
304500,22,1,0
304500,76,0,0
304500,95,1,0
304500,121,0,0
304500,134,1,0
304500,165,0,0
304500,203,1,0
304501,5,0,0
304501,31,1,0
304501,37,0,0
304501,40,1,0
304501,48,0,0
304501,89,1,0
304502,35,1,0
304502,96,0,0
304502,128,1,0
304502,177,0,0
304502,201,1,0
304502,217,0,0
304502,243,1,0
304503,83,0,0
304503,110,1,0
304503,137,0,0
304503,173,1,0
304503,220,0,0
304503,231,1,0
304504,63,0,0
304504,118,1,0
304504,212,0,0
304504,252,1,0
304505,11,0,0
304505,53,1,0
304505,134,0,0
304505,143,1,0
304506,66,0,0
304506,119,1,0
304506,148,0,0
304506,153,1,0
304506,156,0,0
304506,166,1,0
304506,175,0,0
304506,193,1,0
304506,257,0,0
304507,4,0,0
304507,44,1,0
304507,168,0,0
304507,179,1,0
304507,265,0,0
304508,9,1,0
304508,163,0,0
304508,181,1,0
304508,220,0,0
304509,96,0,0
304509,145,1,0
304509,154,0,0
304509,178,1,0
304509,235,0,1
304509,256,1,0
304509,261,0,0
304509,267,1,0
304510,58,0,0
304510,89,1,0
304510,117,0,0
304510,152,1,0
304510,271,0,0
304511,29,0,0
304511,40,1,0
304511,75,0,0
304511,89,1,0
304511,153,0,0
304511,196,1,0
304511,198,0,0
304511,237,1,0
304511,263,0,0
304511,277,1,0
304511,278,0,0
304512,20,0,0
304512,67,1,0
304512,71,0,0
304512,135,1,0
304512,167,0,0
304512,175,1,0
304512,204,0,0
304512,212,1,0
304513,110,0,0
304513,114,1,0
304513,232,0,0
304514,14,0,0
304514,17,1,0
304514,38,0,0
304514,61,1,0
304514,72,0,1
304514,90,1,0
304514,270,0,0
304514,291,1,0
304515,146,1,0
304515,255,0,0
304515,262,1,0
304515,278,0,0
304515,292,1,0
304517,94,0,0
304517,135,1,0
304517,136,0,0
304517,148,1,0
304517,243,0,0
304517,249,1,0
304517,282,0,0
304517,283,1,0
304518,9,0,0
304518,37,1,0
304518,69,0,0
304518,86,1,0
304518,241,0,0
304518,244,1,0
304519,68,0,0
304519,131,1,0
304519,214,0,0
304519,251,1,0
304520,217,0,0
304520,229,1,0
304520,252,0,0
304520,259,1,0
304521,37,1,0
304521,133,0,0
304521,140,1,0
304521,269,0,0
304522,2,1,0
304522,5,0,0
304522,41,1,0
304522,60,0,0
304522,82,1,0
304523,169,1,0
304523,211,0,0
304523,244,1,0
304523,280,0,0
304524,34,0,0
304524,63,1,0
304524,102,0,0
304524,119,1,0
304524,154,0,0
304524,183,1,0
304525,88,0,0
304525,113,1,0
304525,213,0,0
304525,239,1,0
304526,69,1,0
304526,132,0,0
304526,152,1,0
304526,201,0,1
304526,217,1,0
304526,258,0,0
304526,291,1,0
304526,307,0,1
304527,37,0,0
304527,60,1,0
304527,180,0,0
304527,246,1,0
304527,287,0,0
304527,301,1,0
304528,43,0,0
304528,45,1,0
304528,78,0,0
304528,88,1,0
304528,290,0,0
304529,38,0,0
304529,56,1,0
304529,80,0,0
304529,162,1,0
304529,264,0,0
304529,267,1,0
304530,3,1,0
304530,63,0,0
304530,83,1,0
304530,119,0,0
304530,212,1,0
304531,14,0,0
304531,45,1,0
304531,72,0,0
304531,101,1,0
304531,118,0,0
304531,194,1,0
304532,95,0,0
304532,100,1,0
304532,129,0,0
304532,170,1,0
304532,216,0,0
304533,75,0,0
304533,86,1,0
304533,154,0,0
304533,239,1,0
304533,277,0,0
304534,40,0,0
304534,55,1,0
304534,152,0,0
304534,172,1,0
304534,189,0,0
304534,190,1,0
304534,225,0,0
304534,262,1,0
304534,270,0,0
304535,49,0,0
304535,59,1,1
304536,7,0,0
304536,25,1,0
304536,51,0,0
304536,67,1,0
304536,99,0,0
304536,190,1,0
304537,50,0,1
304537,75,1,0
304537,150,0,0
304538,10,1,0
304538,31,0,0
304538,85,1,0
304538,107,0,0
304538,126,1,0
304539,110,0,0
304539,111,1,0
304539,120,0,0
304539,124,1,0
304539,126,0,0
304539,146,1,0
304539,194,0,0
304539,231,1,0
304540,12,0,0
304540,15,1,0
304540,52,0,0
304540,59,1,0
304540,123,0,0
304540,246,1,0
304541,40,0,0
304541,61,1,0
304541,105,0,0
304541,117,1,0
304541,138,0,0
304541,192,1,0
304542,102,0,0
304542,120,1,0
304542,150,0,0
304542,155,1,0
304542,270,0,0
304543,30,0,0
304543,91,1,0
304543,123,0,0
304543,233,1,0
304543,262,0,0
304544,80,0,0
304544,84,1,0
304544,181,0,0
304544,185,1,0
304544,253,0,0
304544,272,1,0
304545,4,0,0
304545,13,1,0
304545,124,0,0
304545,224,1,0
304546,52,1,0
304546,141,0,0
304546,236,1,0
304546,265,1,0
304547,159,0,0
304547,226,1,0
304547,259,0,0
304548,101,1,0
304548,124,0,0
304548,169,1,0
304549,231,0,0
304549,232,1,0
304550,43,0,0
304550,137,1,0
304551,42,1,0
304551,161,0,0
304551,230,1,0
304551,240,0,0
304552,31,0,0
304552,65,1,0
304552,185,0,0
304552,192,1,0
304552,239,0,0
304553,10,0,0
304553,11,1,0
304553,69,0,0
304553,84,1,0
304553,104,0,0
304553,119,1,0
304553,140,0,0
304553,183,1,0
304554,21,1,0
304554,71,0,0
304554,76,1,0
304554,79,0,0
304554,132,1,0
304554,174,0,0
304554,179,1,0
304554,222,0,0
304554,253,1,0
304554,267,0,0
304555,100,0,0
304555,112,1,1
304555,152,0,0
304555,196,1,0
304555,250,0,0
304555,263,1,0
304556,36,0,0
304556,43,1,0
304556,104,0,0
304556,107,1,0
304556,117,0,0
304556,121,1,0
304556,161,0,0
304556,166,1,0
304556,262,0,0
304556,268,1,0
304557,18,1,0
304557,227,0,0
304557,237,1,0
304558,5,0,0
304558,23,1,0
304558,124,0,0
304558,137,1,0
304558,149,0,0
304558,216,1,0
304559,93,0,0
304559,107,1,0
304559,167,0,0
304559,169,1,0
304559,183,0,0
304559,215,1,0
304560,23,0,0
304560,72,1,0
304560,123,0,0
304560,126,1,0
304560,145,0,0
304560,195,1,0
304561,175,0,0
304561,197,1,0
304562,10,0,0
304562,21,1,0
304563,51,0,0
304563,88,1,0
304563,122,0,0
304563,146,1,0
304564,21,0,0
304564,45,1,0
304564,59,0,0
304564,69,1,0
304564,230,0,0
304565,11,1,0
304565,42,0,0
304565,89,1,0
304565,151,0,0
304565,211,1,0
304565,249,0,0
304565,263,1,0
304565,267,0,0
304565,281,1,0
304566,69,0,0
304566,70,1,0
304566,125,0,0
304566,135,1,0
304566,231,0,0
304567,5,1,0
304567,117,0,0
304567,139,1,0
304568,35,1,0
304568,55,0,0
304568,118,1,0
304568,168,0,0
304568,181,1,0
304568,208,0,0
304568,221,1,0
304569,250,0,0
304570,13,1,0
304570,27,0,0
304570,51,1,0
304570,55,0,0
304570,82,1,0
304570,279,0,0
304570,287,1,0
304571,21,1,0
304571,99,0,0
304571,113,1,0
304571,163,0,0
304571,166,1,0
304571,207,0,0
304571,235,1,0
304571,273,0,0
304572,16,0,0
304572,95,1,0
304572,103,0,0
304572,127,1,0
304573,7,1,0
304573,13,0,1
304573,20,1,0
304573,164,0,0
304573,239,1,0
304573,249,0,0
304573,256,1,0
304574,119,0,0
304574,138,1,0
304574,141,0,0
304574,154,1,0
304574,285,0,0
304575,43,0,0
304575,67,1,0
304575,102,0,0
304575,149,1,0
304575,163,0,0
304575,191,1,0
304575,248,0,0
304576,3,0,0
304576,8,1,0
304576,19,0,0
304576,41,1,0
304576,46,0,0
304576,73,1,0
304576,211,0,0
304576,251,1,0
304577,118,0,0
304577,125,1,0
304577,138,0,0
304577,148,1,0
304577,234,0,0
304577,242,1,0
304578,242,0,0
304578,250,1,0
304578,258,0,0
304578,262,1,0
304579,109,0,0
304579,121,1,0
304579,150,0,0
304579,161,1,0
304579,224,0,0
304579,244,1,0
304580,36,0,0
304580,63,1,0
304580,64,0,0
304580,66,1,0
304580,79,0,0
304580,83,1,0
304580,216,0,0
304581,33,1,0
304581,104,0,0
304581,166,1,0
304581,176,0,0
304581,178,1,0
304581,219,0,0
304581,233,1,0
304581,262,0,0
304581,264,1,0
304582,24,0,0
304582,66,1,0
304582,163,0,0
304582,168,1,0
304582,293,0,0
304583,47,0,0
304583,73,1,0
304583,154,0,0
304583,199,1,0
304583,207,0,0
304583,210,1,0
304583,229,0,0
304583,237,1,0
304584,13,1,0
304584,19,0,0
304584,105,1,0
304584,141,0,0
304584,153,1,0
304584,160,0,0
304584,204,1,0
304584,216,0,0
304584,224,1,0
304584,244,0,0
304585,146,0,0
304585,169,1,0
304585,227,0,0
304585,268,1,0
304586,37,0,0
304586,58,1,0
304586,138,0,0
304586,143,1,0
304586,186,0,0
304586,210,1,0
304586,272,0,0
304587,155,0,0
304587,160,1,0
304587,203,0,0
304587,216,1,0
304587,283,0,0
304588,32,1,0
304588,36,0,0
304588,131,1,0
304588,170,0,0
304588,275,1,0
304589,8,1,0
304589,56,0,0
304589,67,1,0
304589,114,0,1
304589,136,1,0
304589,162,0,0
304589,216,1,0
304590,144,0,0
304590,158,1,1
304590,212,0,0
304590,217,1,0
304591,32,0,0
304591,52,1,0
304591,60,0,0
304591,62,1,0
304591,120,0,0
304591,149,1,0
304591,189,0,0
304591,204,1,0
304591,218,0,0
304591,236,1,0
304592,61,0,0
304592,70,1,0
304592,132,0,0
304592,149,1,0
304592,160,0,0
304592,174,1,0
304592,198,0,0
304592,209,1,0
304592,249,0,0
304592,265,1,0
304593,4,0,0
304593,56,1,0
304594,34,0,0
304594,55,1,0
304594,70,0,0
304594,160,1,0
304594,196,0,0
304594,200,1,1
304595,57,0,0
304595,91,1,0
304595,120,0,0
304595,158,1,0
304595,165,0,0
304595,192,1,0
304596,10,0,0
304596,70,1,0
304596,184,0,0
304596,185,1,0
304596,277,0,0
304596,298,1,0
304597,66,0,0
304597,99,1,0
304597,137,0,0
304597,240,1,0
304598,131,1,0
304598,201,0,0
304598,224,1,0
304599,85,0,0
304599,233,1,0
304599,256,0,0
304600,20,0,0
304600,95,1,0
304600,103,0,0
304600,110,1,0
304600,201,0,0
304600,269,1,0
304600,276,0,0
304600,287,1,0
304601,5,0,0
304601,13,1,0
304601,106,0,0
304601,128,1,0
304601,234,0,0
304601,237,1,0
304601,266,0,0
304602,97,0,0
304602,120,1,0
304602,150,0,0
304602,172,1,0
304603,143,0,0
304603,165,1,0
304604,86,0,0
304604,195,1,0
304605,53,1,0
304605,73,0,0
304605,100,1,0
304606,157,0,0
304606,215,1,0
304606,223,0,0
304607,17,0,0
304607,26,1,0
304607,93,0,0
304607,102,1,0
304607,161,0,0
304607,162,1,0
304608,90,0,0
304608,94,1,0
304608,242,0,0
304608,256,1,0
304608,272,0,0
304609,8,1,0
304609,87,0,0
304610,64,0,0
304610,87,1,0
304610,226,0,0
304610,230,1,0
304611,87,0,0
304611,117,1,0
304611,138,0,0
304611,139,1,0
304611,211,0,0
304611,215,1,0
304611,224,0,0
304611,229,1,0
304611,249,0,0
304611,254,1,0
304611,275,0,0
304612,19,0,0
304612,47,1,0
304612,170,0,1
304612,215,1,0
304612,238,0,0
304612,240,1,0
304612,255,0,0
304612,256,1,0
304612,257,0,0
304612,276,1,0
304613,171,0,0
304613,190,1,0
304614,31,1,0
304614,165,0,0
304614,173,1,0
304614,187,0,0
304614,219,1,0
304615,55,1,0
304615,88,0,0
304615,102,1,0
304615,155,0,0
304615,191,1,0
304615,246,0,0
304616,133,0,0
304616,138,1,1
304616,208,0,0
304616,226,1,0
304616,263,0,0
304616,271,1,0
304617,14,1,0
304617,25,0,0
304617,42,1,0
304617,46,0,0
304617,79,1,0
304617,104,0,0
304617,189,1,0
304617,197,0,0
304617,202,1,0
304617,229,0,0
304617,251,1,0
304618,18,0,0
304618,83,1,0
304619,126,0,1
304619,153,1,0
304620,1,1,0
304620,79,0,0
304620,119,1,0
304620,256,0,0
304620,267,1,0
304621,26,1,0
304621,53,0,0
304621,110,1,0
304621,122,0,0
304621,171,1,0
304621,175,0,0
304621,189,1,0
304621,230,0,0
304621,284,1,0
304622,3,1,0
304622,16,0,0
304622,78,1,0
304622,135,0,0
304622,138,1,0
304622,161,0,0
304622,183,1,0
304622,214,0,0
304622,221,1,0
304622,240,0,0
304622,262,1,0
304623,103,0,0
304623,173,1,0
304623,220,0,0
304623,250,1,0
304624,9,1,0
304624,38,0,0
304624,40,1,0
304624,96,0,0
304624,121,1,0
304624,239,0,0
304624,243,1,0
304625,37,1,0
304625,49,0,0
304625,67,1,0
304625,169,0,0
304625,203,1,0
304625,226,0,0
304625,229,1,0
304626,8,0,0
304626,26,1,0
304626,143,0,0
304626,170,1,0
304627,55,1,0
304628,116,0,0
304628,187,1,0
304628,241,0,0
304629,11,0,0
304629,28,1,0
304629,73,0,0
304629,207,1,0
304629,236,0,0
304629,282,1,0
304630,77,0,0
304630,161,1,0
304631,6,1,0
304631,36,0,0
304631,44,1,0
304631,103,0,0
304631,167,1,0
304631,259,0,0
304632,42,0,0
304632,177,1,0
304632,231,0,0
304632,257,1,0
304632,258,0,0
304633,17,1,0
304633,159,0,0
304633,162,1,0
304633,216,0,0
304633,277,1,0
304633,284,0,0
304634,37,0,0
304634,42,1,0
304634,148,0,0
304634,155,1,0
304635,32,1,0
304635,48,0,0
304635,57,1,0
304635,105,0,0
304635,167,1,0
304635,175,0,0
304635,197,1,0
304635,232,0,0
304635,255,1,0
304636,22,0,0
304636,32,1,0
304636,39,0,0
304636,83,1,0
304636,177,0,1
304636,195,1,0
304636,259,0,0
304637,128,0,0
304637,168,1,0
304637,175,0,0
304637,192,1,0
304637,210,0,0
304637,232,1,0
304638,21,0,0
304638,23,1,0
304638,101,0,0
304638,106,1,0
304639,30,0,0
304639,41,1,0
304639,48,0,0
304639,86,1,0
304639,95,0,0
304639,104,1,0
304640,33,0,0
304640,43,1,0
304640,55,0,0
304640,73,1,0
304640,130,0,0
304640,203,1,0
304641,7,0,0
304641,27,1,0
304641,60,0,0
304641,69,1,0
304641,116,0,0
304641,167,1,0
304641,186,0,0
304641,199,1,0
304641,201,0,0
304641,237,1,0
304641,270,0,0
304641,278,1,0
304642,41,0,0
304642,58,1,0
304642,84,0,0
304642,100,1,0
304642,106,0,0
304642,140,1,0
304642,253,0,0
304643,81,0,0
304643,96,1,0
304643,101,0,0
304643,202,1,0
304643,243,0,0
304643,277,1,0
304644,57,0,1
304644,59,1,0
304644,296,0,0
304645,138,0,0
304645,168,1,0
304645,180,0,0
304645,220,1,0
304646,137,0,0
304646,243,1,0
304647,85,0,0
304647,88,1,0
304647,235,0,0
304647,272,1,0
304647,290,0,0
304648,21,0,0
304648,73,1,0
304649,36,0,0
304649,84,1,0
304649,106,0,0
304649,112,1,0
304649,146,0,0
304649,175,1,0
304649,242,0,0
304649,250,1,0
304650,148,0,0
304650,151,1,0
304650,177,0,0
304650,194,1,0
304650,217,0,0
304650,254,1,0
304651,9,0,0
304651,26,1,0
304651,126,0,0
304651,134,1,0
304651,179,0,0
304651,181,1,0
304651,197,0,0
304651,205,1,0
304652,12,0,0
304652,15,1,0
304652,51,0,0
304652,71,1,0
304652,221,0,0
304652,240,1,0
304652,254,0,0
304652,260,1,0
304653,10,0,0
304653,15,1,0
304653,85,0,0
304653,86,1,0
304653,104,0,0
304653,142,1,0
304653,179,0,0
304653,186,1,0
304653,194,0,0
304653,208,1,0
304653,227,0,0
304653,260,1,0
304654,5,1,0
304654,11,0,0
304654,14,1,0
304654,19,0,0
304654,33,1,0
304654,61,0,0
304654,73,1,0
304654,189,0,0
304654,212,1,0
304654,237,0,0
304655,18,1,0
304655,25,0,0
304655,39,1,0
304655,121,0,0
304655,141,1,0
304655,145,0,0
304655,161,1,0
304655,242,0,0
304655,256,1,1
304655,265,0,0
304656,31,0,0
304656,41,1,0
304656,48,0,0
304656,87,1,0
304656,163,0,0
304656,170,1,0
304656,183,0,0
304656,185,1,0
304656,230,0,0
304656,237,1,0
304657,6,1,0
304657,29,0,0
304657,59,1,0
304657,113,0,0
304657,133,1,0
304657,178,0,0
304657,235,1,0
304657,240,0,0
304657,265,1,0
304658,33,0,0
304658,37,1,0
304658,45,0,0
304658,111,1,0
304658,240,0,0
304659,11,0,0
304659,15,1,0
304659,114,0,1
304659,123,1,0
304659,203,0,0
304659,235,1,0
304659,246,0,0
304660,19,0,0
304660,78,1,0
304660,182,0,0
304660,186,1,0
304660,226,0,0
304660,231,1,0
304661,24,0,0
304661,25,1,0
304661,57,0,0
304661,110,1,0
304661,157,0,0
304661,217,1,0
304661,303,0,0
304662,79,1,0
304662,181,0,0
304662,216,1,0
304663,48,0,0
304663,83,1,0
304664,2,0,0
304664,17,1,0
304664,86,0,0
304664,103,1,1
304664,267,0,0
304665,61,0,0
304665,122,1,0
304665,158,0,0
304665,235,1,0
304667,73,0,0
304667,98,1,0
304667,130,0,0
304667,190,1,0
304667,252,0,1
304668,45,0,0
304668,64,1,0
304668,144,0,0
304668,149,1,0
304668,152,0,0
304668,193,1,0
304668,203,0,0
304668,232,1,0
304668,283,0,0
304669,94,0,0
304669,167,1,0
304669,171,0,0
304669,179,1,0
304670,59,1,0
304670,73,0,0
304670,211,1,0
304670,257,0,0
304671,36,1,0
304671,84,0,0
304671,128,1,0
304671,171,0,0
304671,179,1,0
304672,5,1,0
304673,10,0,0
304673,54,1,0
304673,176,0,1
304673,183,1,0
304674,211,0,0
304674,212,1,0
304675,60,1,0
304675,161,0,0
304675,189,1,0
304675,212,0,0
304675,214,1,0
304675,253,0,0
304675,257,1,0
304675,264,0,0
304676,42,0,0
304676,45,1,0
304676,64,0,0
304676,100,1,0
304676,234,0,0
304676,240,1,0
304676,244,0,0
304677,8,0,0
304677,92,1,0
304677,201,0,0
304677,266,1,0
304678,154,0,0
304678,163,1,0
304678,204,0,0
304678,227,1,0
304678,286,0,0
304679,55,0,0
304679,85,1,0
304679,139,0,0
304679,163,1,0
304679,181,0,0
304679,197,1,0
304679,252,0,0
304680,178,0,0
304680,202,1,0
304681,16,1,0
304681,60,0,0
304681,184,1,0
304681,191,0,0
304681,192,1,0
304681,273,0,0
304681,299,1,0
304682,11,1,0
304682,75,0,0
304682,95,1,0
304682,136,0,0
304682,150,1,0
304682,253,0,0
304683,71,0,0
304683,73,1,0
304683,147,0,0
304683,155,1,0
304683,202,0,0
304683,218,1,0
304683,229,0,0
304683,273,1,0
304684,70,0,0
304684,82,1,0
304684,119,0,0
304684,168,1,0
304684,296,0,0
304684,305,1,0
304684,309,0,0
304685,24,0,0
304685,69,1,0
304685,74,0,0
304685,136,1,0
304685,209,0,0
304685,212,1,0
304685,269,0,0
304686,29,0,0
304686,41,1,0
304686,123,0,0
304686,133,1,0
304686,190,0,0
304686,204,1,0
304686,211,0,0
304686,225,1,0
304687,2,1,0
304687,52,0,0
304687,85,1,0
304687,187,0,0
304687,282,1,0
304688,295,0,0
304689,224,0,0
304690,48,0,0
304690,89,1,0
304690,104,0,0
304690,138,1,0
304690,175,0,0
304690,236,1,0
304691,119,0,0
304691,137,1,0
304691,190,0,0
304691,222,1,0
304692,13,1,0
304692,64,0,0
304692,73,1,0
304692,241,0,0
304692,272,1,0
304693,29,0,0
304693,46,1,0
304693,74,0,0
304693,114,1,0
304693,158,0,0
304693,181,1,0
304694,35,1,0
304694,48,0,0
304694,53,1,0
304694,97,0,0
304694,145,1,0
304694,160,0,0
304694,191,1,0
304694,248,0,0
304694,280,1,0
304695,57,0,0
304695,75,1,0
304695,151,0,0
304695,174,1,0
304695,220,0,0
304695,229,1,0
304696,39,1,0
304696,46,0,0
304696,68,1,0
304696,96,0,0
304696,181,1,0
304696,218,0,0
304697,35,0,0
304697,46,1,0
304697,110,0,0
304697,139,1,0
304697,160,0,0
304697,175,1,0
304697,183,0,0
304697,208,1,0
304697,256,0,0
304697,257,1,0
304698,57,0,0
304698,104,1,0
304698,146,0,1
304698,198,1,0
304698,200,0,0
304698,216,1,0
304698,289,0,0
304698,290,1,0
304699,11,1,0
304699,56,0,0
304699,62,1,0
304699,78,0,1
304699,115,1,0
304699,248,0,0
304700,34,0,0
304700,82,1,0
304700,84,0,0
304700,99,1,0
304700,124,0,0
304700,144,1,0
304700,156,0,0
304700,173,1,0
304700,249,0,0
304701,73,0,0
304701,99,1,0
304701,116,0,0
304701,132,1,1
304701,168,0,0
304701,172,1,0
304701,240,0,0
304702,8,1,0
304702,139,0,0
304702,194,1,0
304702,210,0,0
304702,222,1,0
304703,60,0,0
304703,98,1,0
304703,293,0,0
304704,46,1,0
304704,61,0,0
304704,100,1,0
304705,23,1,0
304705,230,0,0
304705,242,1,0
304705,247,0,0
304706,3,1,0
304707,11,0,0
304707,22,1,0
304707,32,0,0
304707,81,1,0
304707,177,0,0
304707,209,1,0
304707,261,0,0
304708,48,0,0
304708,124,1,0
304708,263,0,0
304708,280,1,0
304709,46,0,0
304709,55,1,0
304709,171,0,0
304709,189,1,0
304709,190,0,0
304709,212,1,0
304709,257,0,0
304709,272,1,0
304710,93,0,0
304710,112,1,0
304710,156,0,0
304710,198,1,0
304711,71,0,0
304711,91,1,0
304711,120,0,0
304711,155,1,0
304711,169,0,0
304711,171,1,0
304711,197,0,0
304712,80,0,0
304712,81,1,0
304712,128,0,0
304712,132,1,0
304712,198,0,0
304712,220,1,0
304713,57,0,1
304713,102,1,0
304713,215,0,0
304714,23,0,0
304714,32,1,0
304714,86,0,0
304714,121,1,1
304714,140,0,0
304714,213,1,0
304714,221,0,0
304714,238,1,0
304714,274,0,0
304714,277,1,0
304715,57,1,0
304715,81,0,0
304715,103,1,0
304715,136,0,0
304715,154,1,0
304716,176,0,0
304716,185,1,0
304716,200,0,0
304716,235,1,0
304716,260,0,0
304717,7,0,0
304717,80,1,0
304717,118,0,0
304717,156,1,0
304717,204,0,0
304717,286,1,0
304718,29,0,0
304718,51,1,0
304718,75,0,0
304718,143,1,0
304718,213,0,0
304718,229,1,0
304718,242,0,0
304718,253,1,0
304719,4,1,0
304719,126,0,0
304719,127,1,0
304719,146,0,0
304719,151,1,0
304719,231,0,1
304720,8,1,0
304720,21,0,0
304720,53,1,0
304720,75,0,0
304720,96,1,0
304720,114,0,0
304720,123,1,0
304720,149,0,0
304720,185,1,0
304720,211,0,0
304720,237,1,0
304721,201,0,0
304721,261,1,0
304722,78,0,0
304722,98,1,0
304722,154,0,0
304722,156,1,0
304723,51,0,0
304723,69,1,0
304723,94,0,0
304723,100,1,0
304723,113,0,0
304723,150,1,0
304723,219,0,0
304723,233,1,0
304724,99,0,0
304724,123,1,0
304724,190,0,0
304724,249,1,0
304725,105,0,0
304725,112,1,0
304725,227,0,0
304725,242,1,0
304726,56,0,0
304726,74,1,0
304726,108,0,0
304726,125,1,0
304727,143,0,0
304727,157,1,0
304728,37,0,0
304728,85,1,0
304728,100,0,0
304728,109,1,0
304728,118,0,0
304728,149,1,0
304728,241,0,0
304728,249,1,0
304728,267,0,0
304729,58,0,0
304729,60,1,0
304729,207,0,0
304729,228,1,0
304729,229,0,0
304730,71,0,0
304730,81,1,0
304730,84,0,0
304730,128,1,0
304730,184,0,0
304730,219,1,0
304731,30,0,0
304731,61,1,0
304731,90,0,0
304731,140,1,0
304731,160,0,0
304731,169,1,0
304731,230,0,0
304731,244,1,0
304732,66,0,0
304732,74,1,0
304732,160,0,0
304732,164,1,0
304733,215,0,0
304733,236,1,0
304733,245,0,0
304733,258,1,0
304734,4,0,0
304734,10,1,0
304734,42,0,0
304734,53,1,0
304734,130,0,0
304734,160,1,0
304735,48,1,0
304735,229,0,0
304736,13,1,0
304736,89,0,0
304736,115,1,0
304736,179,0,0
304736,223,1,0
304737,3,1,0
304737,74,0,0
304737,83,1,0
304737,122,0,0
304737,161,1,0
304737,198,0,0
304737,205,1,0
304738,8,1,0
304738,33,0,0
304738,36,1,0
304738,197,0,0
304738,237,1,0
304739,28,0,0
304739,42,1,0
304739,223,0,0
304739,272,1,0
304739,314,0,0
304740,2,1,0
304740,83,0,0
304740,174,1,0
304741,14,0,0
304741,19,1,0
304741,27,0,0
304741,39,1,0
304741,162,0,0
304741,178,1,0
304741,190,0,0
304741,204,1,0
304742,17,0,0
304742,39,1,0
304742,184,0,0
304742,213,1,0
304742,227,0,0
304743,17,1,0
304743,43,0,0
304743,84,1,1
304743,111,0,0
304743,132,1,0
304743,272,0,0
304744,51,0,0
304744,78,1,0
304744,120,0,0
304744,123,1,0
304744,282,0,0
304745,32,1,0
304745,228,0,0
304745,271,1,0
304746,5,1,0
304746,196,0,0
304746,235,1,0
304746,266,0,0
304747,94,0,0
304747,97,1,0
304747,106,0,0
304747,117,1,0
304747,256,0,0
304747,258,1,0
304747,266,0,0
304748,22,0,0
304748,74,1,0
304748,97,0,0
304748,100,1,0
304748,182,0,0
304748,187,1,0
304748,226,0,0
304748,229,1,0
304750,48,1,0
304750,60,0,0
304750,115,1,0
304750,251,0,0
304750,279,1,0
304751,72,0,0
304751,81,1,0
304751,139,0,0
304751,152,1,0
304751,172,0,0
304751,183,1,0
304751,236,0,0
304751,268,1,0
304752,38,0,1
304752,57,1,0
304752,170,0,0
304752,209,1,0
304753,70,0,0
304753,77,1,0
304753,284,0,0
304754,171,0,0
304754,205,1,0
304755,52,0,0
304755,72,1,0
304755,93,0,0
304755,167,1,0
304755,192,0,0
304755,217,1,0
304755,269,0,0
304756,83,0,0
304756,108,1,0
304756,198,0,0
304756,244,1,0
304756,255,0,0
304757,74,0,0
304757,97,1,0
304757,185,0,0
304757,187,1,0
304757,192,0,0
304757,195,1,0
304757,197,0,0
304757,198,1,0
304757,220,0,0
304757,232,1,0
304758,85,1,0
304758,99,0,0
304758,120,1,0
304758,144,0,0
304758,155,1,0
304758,162,0,0
304758,184,1,0
304758,185,0,1
304758,200,1,0
304759,70,0,0
304759,96,1,0
304759,128,0,0
304759,169,1,0
304760,9,0,0
304760,30,1,0
304760,36,0,0
304760,42,1,0
304760,66,0,0
304760,96,1,0
304761,136,0,0
304761,156,1,0
304761,167,0,0
304761,277,1,0
304762,81,0,0
304762,167,1,0
304762,174,0,0
304762,184,1,0
304762,203,0,0
304762,213,1,0
304762,219,0,0
304762,233,1,0
304762,275,0,0
304762,282,1,0
304763,2,1,0
304763,55,0,0
304763,56,1,0
304763,69,0,0
304763,88,1,0
304763,199,0,0
304764,42,1,0
304764,162,0,0
304764,163,1,0
304764,261,0,0
304765,3,0,0
304765,26,1,0
304765,60,0,1
304765,85,1,0
304765,259,0,0
304766,68,1,0
304766,71,0,0
304766,73,1,0
304766,88,0,0
304766,91,1,0
304766,254,0,0
304767,14,0,0
304767,88,1,0
304767,94,0,0
304767,137,1,0
304767,226,0,0
304767,232,1,0
304767,253,0,0
304767,258,1,0
304769,8,0,0
304769,64,1,0
304769,92,0,0
304769,133,1,0
304769,198,0,0
304769,208,1,0
304769,254,0,0
304769,260,1,0
304770,5,1,0
304770,15,0,0
304770,23,1,0
304770,28,0,0
304770,33,1,0
304770,78,0,0
304770,79,1,0
304770,146,0,0
304770,151,1,0
304770,263,0,0
304771,122,0,0
304771,167,1,0
304771,210,0,0
304771,230,1,0
304772,140,0,0
304772,144,1,0
304772,184,0,0
304772,189,1,0
304772,258,0,0
304772,264,1,0
304773,4,1,0
304773,132,0,0
304773,147,1,0
304774,17,0,0
304774,54,1,0
304774,60,0,0
304774,76,1,0
304774,135,0,0
304774,148,1,0
304774,231,0,0
304774,260,1,0
304775,58,0,0
304775,63,1,0
304775,95,0,0
304775,122,1,0
304775,223,0,0
304775,238,1,0
304775,240,0,1
304775,266,1,0
304776,10,0,0
304776,23,1,0
304776,26,0,0
304776,36,1,0
304776,203,0,0
304776,239,1,0
304777,69,0,0
304777,93,1,0
304777,121,0,0
304777,123,1,0
304777,177,0,0
304777,215,1,0
304777,238,0,0
304777,249,1,0
304778,141,0,0
304778,145,1,0
304778,234,0,0
304779,36,0,0
304779,39,1,0
304779,58,0,0
304779,72,1,0
304779,208,0,0
304779,239,1,0
304779,245,0,0
304780,120,0,0
304780,160,1,0
304781,5,0,0
304781,11,1,0
304781,82,0,0
304781,95,1,0
304781,127,0,0
304781,152,1,0
304781,219,0,0
304781,260,1,0
304782,164,0,0
304782,187,1,0
304783,22,0,0
304783,129,1,0
304784,156,0,0
304784,172,1,0
304784,173,0,0
304784,179,1,0
304784,253,0,0
304784,254,1,0
304785,10,0,0
304785,27,1,0
304785,28,0,0
304785,43,1,0
304786,13,0,0
304786,33,1,0
304786,101,0,0
304786,119,1,1
304786,131,0,0
304786,177,1,0
304786,180,0,0
304786,195,1,0
304786,248,0,0
304787,42,1,0
304787,97,0,0
304787,126,1,0
304787,238,0,0
304787,253,1,0
304788,241,0,0
304788,285,1,0
304789,69,0,0
304789,85,1,0
304789,122,0,0
304789,126,1,0
304789,152,0,0
304789,185,1,0
304789,207,0,0
304789,232,1,0
304790,5,1,0
304790,130,0,0
304790,134,1,0
304790,255,0,0
304790,269,1,0
304790,276,0,0
304790,277,1,0
304791,9,0,0
304791,54,1,0
304791,70,0,1
304791,77,1,0
304791,222,0,0
304791,229,1,0
304792,9,1,0
304792,17,0,0
304792,40,1,0
304792,59,0,0
304792,63,1,0
304792,211,0,0
304793,55,0,0
304793,71,1,0
304793,98,0,0
304793,115,1,0
304793,140,0,0
304793,143,1,0
304793,289,0,0
304794,104,0,0
304794,127,1,0
304794,181,0,0
304794,216,1,0
304795,30,1,0
304795,128,0,1
304795,131,1,0
304795,147,0,0
304795,157,1,0
304795,189,0,0
304795,199,1,0
304795,219,0,0
304795,272,1,0
304796,50,0,0
304796,62,1,0
304796,219,0,0
304797,83,0,0
304797,89,1,0
304797,252,0,0
304797,271,1,0
304798,3,1,0
304798,38,0,0
304798,93,1,0
304798,214,0,0
304798,217,1,0
304798,279,0,0
304799,10,0,0
304799,37,1,0
304799,226,0,0
304800,18,0,0
304800,24,1,0
304800,58,0,0
304800,60,1,0
304800,200,0,0
304800,215,1,0
304800,254,0,0
304800,266,1,0
304801,104,0,0
304801,133,1,0
304801,269,0,0
304802,8,0,0
304802,23,1,0
304802,46,0,0
304802,70,1,0
304802,98,0,0
304802,152,1,0
304802,159,0,0
304802,173,1,0
304803,34,0,0
304803,128,1,0
304803,168,0,0
304803,174,1,0
304803,183,0,0
304803,192,1,0
304803,193,0,0
304803,194,1,0
304804,104,0,0
304804,125,1,0
304804,144,0,0
304804,163,1,0
304804,180,0,0
304804,217,1,0
304804,268,0,0
304805,216,0,0
304805,219,1,0
304806,6,1,0
304806,19,0,0
304806,22,1,0
304806,38,0,0
304806,107,1,0
304806,121,0,0
304806,134,1,0
304807,54,0,0
304807,57,1,0
304807,226,0,0
304807,235,1,0
304808,80,1,0
304808,140,0,0
304808,202,1,0
304809,50,1,0
304809,118,0,0
304809,124,1,0
304809,159,0,0
304809,170,1,0
304809,216,0,0
304809,234,1,0
304810,122,1,0
304810,180,0,0
304810,195,1,0
304810,200,0,0
304810,221,1,0
304810,246,0,0
304811,3,1,0
304811,51,0,0
304811,59,1,0
304811,215,0,0
304812,50,1,0
304812,93,0,0
304812,116,1,0
304812,175,0,0
304812,200,1,0
304812,276,0,0
304813,53,0,0
304813,61,1,0
304813,74,0,0
304813,88,1,0
304813,140,0,0
304813,143,1,0
304813,157,0,0
304813,184,1,0
304814,252,0,0
304814,263,1,0
304815,78,0,0
304815,120,1,0
304815,129,0,0
304815,130,1,0
304815,137,0,0
304815,147,1,0
304816,159,0,0
304816,195,1,0
304817,92,1,0
304817,163,0,0
304817,173,1,0
304817,175,0,0
304817,178,1,0
304817,253,0,0
304818,27,1,0
304818,145,0,0
304818,153,1,0
304818,154,0,0
304818,178,1,0
304818,258,0,0
304819,84,1,0
304819,91,0,0
304819,102,1,0
304819,124,0,0
304819,219,1,0
304819,226,0,0
304819,241,1,0
304820,71,0,0
304820,73,1,0
304820,77,0,0
304820,174,1,0
304820,201,0,0
304820,203,1,0
304820,204,0,0
304820,222,1,0
304820,234,0,0
304821,16,1,0
304821,75,0,0
304821,104,1,0
304821,225,0,0
304821,254,1,0
304821,261,0,0
304821,272,1,0
304822,37,0,0
304822,54,1,0
304822,65,0,0
304822,123,1,0
304822,132,0,0
304822,134,1,0
304822,178,0,0
304822,231,1,0
304822,271,0,0
304822,273,1,0
304822,274,0,0
304823,17,1,0
304823,50,0,0
304823,72,1,0
304823,195,0,0
304823,209,1,0
304823,235,0,0
304823,238,1,0
304823,242,0,0
304823,259,1,0
304824,56,0,0
304824,75,1,0
304824,227,0,0
304825,9,0,0
304825,38,1,0
304825,133,0,0
304825,152,1,0
304826,51,1,0
304826,139,0,0
304826,142,1,0
304826,180,0,0
304826,185,1,0
304826,191,0,0
304826,215,1,0
304826,246,0,0
304827,133,0,0
304827,134,1,0
304827,179,0,0
304827,260,1,0
304828,29,0,0
304828,141,1,0
304828,209,0,0
304828,251,1,0
304829,22,0,0
304829,36,1,0
304829,108,0,0
304829,130,1,0
304829,255,0,0
304830,27,0,0
304830,102,1,0
304830,230,0,0
304830,281,1,0
304831,122,0,0
304831,161,1,0
304831,179,0,0
304831,224,1,0
304831,244,0,0
304831,265,1,0
304831,276,0,0
304832,69,0,0
304832,71,1,0
304832,95,0,0
304832,159,1,0
304832,208,0,0
304832,262,1,0
304832,279,0,0
304832,299,1,0
304833,111,0,0
304833,158,1,0
304833,224,0,0
304833,267,1,0
304834,7,1,0
304834,63,0,0
304834,76,1,0
304834,100,0,0
304834,170,1,0
304834,176,0,0
304834,187,1,0
304834,243,0,0
304834,249,1,0
304835,18,0,0
304835,70,1,0
304835,231,0,0
304836,11,0,0
304836,23,1,0
304836,123,0,0
304836,125,1,0
304836,187,0,0
304836,195,1,1
304836,284,0,0
304837,27,0,0
304837,40,1,0
304837,57,0,0
304837,70,1,0
304837,185,0,0
304837,218,1,0
304838,157,0,0
304838,217,1,0
304838,223,0,0
304838,258,1,0
304839,51,0,0
304839,62,1,0
304839,65,0,0
304839,93,1,0
304839,192,0,1
304839,234,1,0
304839,255,0,0
304841,86,0,0
304841,122,1,0
304841,194,0,0
304841,218,1,0
304841,247,0,0
304842,116,0,0
304842,119,1,0
304842,130,0,0
304842,131,1,0
304842,204,0,0
304842,224,1,0
304843,16,0,0
304843,90,1,0
304843,143,0,1
304843,162,1,0
304843,220,0,0
304843,246,1,0
304844,27,0,0
304844,33,1,0
304844,64,0,0
304844,94,1,0
304844,129,0,0
304844,159,1,0
304845,70,1,0
304845,71,0,0
304845,93,1,0
304845,263,0,0
304846,30,1,0
304847,36,1,0
304847,84,0,0
304847,89,1,0
304847,98,0,0
304847,102,1,0
304847,133,0,0
304847,259,1,0
304847,274,0,0
304847,281,1,0
304847,285,0,0
304848,35,0,0
304848,62,1,0
304848,151,0,0
304848,160,1,0
304848,203,0,0
304848,235,1,0
304849,20,0,0
304849,34,1,0
304849,212,0,0
304849,218,1,0
304849,259,0,0
304850,28,0,0
304850,35,1,0
304850,59,0,0
304850,96,1,0
304850,195,0,1
304850,209,1,0
304851,48,0,0
304851,92,1,0
304851,160,0,0
304851,206,1,0
304851,217,0,0
304852,17,1,0
304852,50,0,0
304852,76,1,0
304853,265,0,1
304854,38,1,1
304854,77,0,0
304854,96,1,0
304854,143,0,0
304854,247,1,0
304855,46,1,0
304855,125,0,0
304855,143,1,0
304856,73,0,0
304856,93,1,0
304856,118,0,0
304856,129,1,0
304856,205,0,0
304857,107,0,0
304857,108,1,0
304857,228,0,0
304857,239,1,0
304858,212,0,0
304858,219,1,0
304858,246,0,1
304858,255,1,0
304858,270,0,0
304858,283,1,0
304859,53,1,0
304859,186,0,0
304859,244,1,0
304859,249,0,0
304860,90,0,0
304860,97,1,0
304861,6,0,0
304861,21,1,0
304861,51,0,0
304861,156,1,0
304862,19,1,0
304862,37,0,0
304862,68,1,0
304862,155,0,0
304862,170,1,0
304862,231,0,0
304863,47,0,0
304863,74,1,0
304863,142,0,0
304863,155,1,0
304863,188,0,0
304863,199,1,0
304863,224,0,0
304863,236,1,0
304864,19,1,0
304864,220,0,0
304864,223,1,0
304865,16,0,0
304865,30,1,0
304865,54,0,0
304865,133,1,0
304865,158,0,0
304865,175,1,0
304865,219,0,0
304865,221,1,0
304866,6,0,0
304866,24,1,0
304866,36,0,0
304866,113,1,0
304866,142,0,0
304866,198,1,0
304866,244,0,0
304866,248,1,0
304867,17,0,0
304867,40,1,0
304867,86,0,0
304867,91,1,0
304867,101,0,0
304867,107,1,0
304867,160,0,0
304867,220,1,0
304867,241,0,0
304868,61,0,0
304868,77,1,0
304868,204,0,0
304868,235,1,0
304869,43,1,0
304869,269,0,0
304869,282,1,0
304870,2,0,0
304870,52,1,0
304870,92,0,0
304870,100,1,0
304870,102,0,0
304870,111,1,0
304870,177,0,0
304870,191,1,0
304870,205,0,1
304870,211,1,0
304870,249,0,0
304871,5,0,0
304871,64,1,0
304871,229,0,0
304871,236,1,0
304871,243,0,1
304871,256,1,0
304872,69,0,0
304872,76,1,0
304872,87,0,0
304872,126,1,0
304872,172,0,0
304872,198,1,0
304872,248,0,0
304873,74,1,0
304873,195,0,0
304873,198,1,0
304873,212,0,0
304873,215,1,0
304874,205,0,0
304874,262,1,0
304875,13,1,0
304875,116,0,0
304875,150,1,0
304875,192,0,0
304876,2,1,0
304876,204,0,0
304876,223,1,0
304877,6,1,0
304877,66,0,0
304877,96,1,0
304877,166,0,0
304877,184,1,0
304878,137,0,0
304878,140,1,0
304878,244,0,0
304879,32,0,0
304879,105,1,0
304879,205,0,0
304879,232,1,0
304880,8,1,0
304880,170,0,0
304880,202,1,0
304880,224,0,0
304880,245,1,0
304881,103,0,0
304881,141,1,0
304882,13,0,0
304882,24,1,0
304882,91,0,0
304882,122,1,0
304882,137,0,0
304882,254,1,0
304883,2,1,0
304883,10,0,0
304883,14,1,0
304883,155,0,0
304883,164,1,0
304883,172,0,0
304883,178,1,0
304884,71,0,0
304884,115,1,0
304884,141,0,0
304884,167,1,0
304884,197,0,0
304884,208,1,0
304884,294,0,0
304885,25,0,0
304885,43,1,0
304885,95,0,0
304885,104,1,0
304885,138,0,0
304885,185,1,0
304885,196,0,0
304885,197,1,0
304888,94,1,0
304888,125,0,0
304888,179,1,0
304888,218,0,0
304889,12,1,0
304890,7,1,0
304890,26,0,0
304890,43,1,0
304890,52,0,0
304890,59,1,0
304890,73,0,0
304890,85,1,0
304890,233,0,0
304890,260,1,0
304891,134,0,0
304891,144,1,0
304891,214,0,0
304891,227,1,0
304891,277,0,0
304893,92,0,0
304893,95,1,0
304893,103,0,0
304893,108,1,0
304894,26,1,0
304894,243,0,0
304894,255,1,0
304894,262,0,0
304895,30,1,0
304895,63,0,1
304895,88,1,0
304896,74,0,0
304896,87,1,0
304896,166,0,0
304896,192,1,0
304896,272,0,0
304897,57,1,0
304897,62,0,0
304897,129,1,0
304897,174,0,0
304897,192,1,0
304897,225,0,0
304898,32,1,0
304898,67,0,0
304898,81,1,0
304898,100,0,0
304898,110,1,0
304898,143,0,0
304898,162,1,0
304898,183,0,0
304898,197,1,0
304898,209,0,0
304898,248,1,0
304899,49,0,0
304899,107,1,0
304899,111,0,0
304899,133,1,0
304900,50,0,0
304900,78,1,0
304900,257,0,0
304900,272,1,0
304901,60,0,0
304901,96,1,0
304901,171,0,0
304901,173,1,0
304902,144,0,0
304902,211,1,0
304903,108,0,0
304903,171,1,0
304903,185,0,0
304903,213,1,0
304903,260,0,0
304903,275,1,0
304904,12,1,0
304904,24,0,0
304904,37,1,0
304904,67,0,0
304904,70,1,0
304904,75,0,0
304904,86,1,0
304904,154,0,0
304904,209,1,0
304904,254,0,0
304905,14,0,0
304905,57,1,0
304905,121,0,0
304905,146,1,0
304905,176,0,0
304905,238,1,0
304905,264,0,0
304905,281,1,0
304906,134,0,0
304906,187,1,0
304906,246,0,0
304906,254,1,0
304907,156,0,0
304907,198,1,0
304908,209,0,0
304908,215,1,0
304909,32,0,0
304909,36,1,0
304909,72,0,0
304909,75,1,0
304909,191,0,0
304909,194,1,0
304909,197,0,0
304909,235,1,0
304910,56,0,0
304910,72,1,0
304910,76,0,0
304910,93,1,0
304910,103,0,0
304910,118,1,0
304910,184,0,0
304910,194,1,0
304911,70,1,0
304911,73,0,0
304911,99,1,0
304911,130,0,0
304911,222,1,0
304911,246,0,0
304911,252,1,0
304912,25,0,0
304912,71,1,0
304912,94,0,0
304912,143,1,0
304912,213,0,0
304912,257,1,0
304913,25,0,0
304913,33,1,0
304913,56,0,0
304913,92,1,0
304913,104,0,0
304913,175,1,0
304913,181,0,0
304913,241,1,0
304913,275,0,0
304914,127,0,0
304914,128,1,0
304914,170,0,0
304914,183,1,0
304915,45,1,0
304915,49,0,0
304915,101,1,0
304915,177,0,0
304915,215,1,0
304915,218,0,0
304915,224,1,0
304916,25,0,0
304916,41,1,0
304916,69,0,0
304916,143,1,0
304916,154,0,0
304916,175,1,0
304916,215,0,0
304916,240,1,0
304916,255,0,0
304917,31,0,0
304917,44,1,0
304917,50,0,0
304917,99,1,0
304918,43,0,0
304918,57,1,0
304918,77,0,0
304918,79,1,0
304918,87,0,0
304918,109,1,0
304918,174,0,0
304918,182,1,0
304918,255,0,0
304918,274,1,0
304919,106,0,0
304919,127,1,0
304920,23,1,0
304920,106,0,0
304920,122,1,0
304920,225,0,0
304921,45,0,0
304921,59,1,0
304921,87,0,0
304921,90,1,0
304921,196,0,0
304921,198,1,0
304921,241,0,0
304922,15,0,0
304922,23,1,0
304922,52,0,0
304922,56,1,0
304922,173,0,0
304922,179,1,0
304922,235,0,0
304922,245,1,0
304922,259,0,0
304923,5,0,0
304923,16,1,0
304923,41,0,0
304923,50,1,0
304923,68,0,0
304923,85,1,0
304923,113,0,0
304923,117,1,0
304923,125,0,0
304923,195,1,0
304923,230,0,0
304923,238,1,0
304924,34,0,0
304924,53,1,0
304924,151,0,0
304924,193,1,0
304924,269,0,0
304924,296,1,0
304925,21,0,0
304925,26,1,0
304925,57,0,0
304925,64,1,0
304925,103,0,0
304925,187,1,0
304925,268,0,0
304926,35,1,0
304926,56,0,0
304926,60,1,0
304927,47,0,0
304927,82,1,0
304927,155,0,0
304927,158,1,0
304928,11,0,0
304928,78,1,0
304928,129,0,0
304928,198,1,0
304928,278,0,0
304928,282,1,0
304929,15,1,0
304929,31,0,0
304929,38,1,0
304929,67,0,0
304929,78,1,0
304929,186,0,0
304929,213,1,0
304929,229,0,0
304929,240,1,0
304930,92,0,0
304930,149,1,0
304930,157,0,1
304930,192,1,0
304931,22,0,0
304931,28,1,0
304931,54,0,0
304931,104,1,0
304931,111,0,0
304931,120,1,0
304931,162,0,0
304931,231,1,0
304932,17,0,0
304932,18,1,0
304932,42,0,0
304932,73,1,0
304932,93,0,0
304932,95,1,0
304932,129,0,0
304932,188,1,0
304932,218,0,0
304932,237,1,0
304933,31,0,0
304933,45,1,0
304933,91,0,0
304933,134,1,0
304933,167,0,0
304933,185,1,0
304933,238,0,0
304933,240,1,0
304933,287,0,0
304934,4,1,0
304934,26,0,0
304934,44,1,0
304934,204,0,0
304934,263,1,0
304934,280,0,0
304935,4,0,1
304935,29,1,0
304935,49,0,0
304935,56,1,0
304936,33,1,0
304936,48,0,0
304936,82,1,0
304936,104,0,0
304936,112,1,0
304937,22,0,0
304937,110,1,0
304937,227,0,0
304937,237,1,0
304938,67,0,0
304938,118,1,0
304938,181,0,0
304938,241,1,0
304939,12,1,0
304939,46,0,0
304939,74,1,0
304939,153,0,0
304939,167,1,0
304939,231,0,0
304940,38,1,0
304940,111,0,0
304940,179,1,0
304940,214,0,0
304941,45,0,0
304941,72,1,0
304942,42,0,0
304942,67,1,0
304943,5,0,0
304943,13,1,0
304943,14,0,0
304943,17,1,0
304943,73,0,0
304943,148,1,0
304944,56,0,0
304944,92,1,0
304944,109,0,0
304944,157,1,0
304944,264,0,0
304945,88,0,0
304945,110,1,0
304945,203,0,0
304945,210,1,0
304945,211,0,0
304945,242,1,0
304946,8,0,0
304946,69,1,0
304946,126,0,0
304946,135,1,0
304946,159,0,0
304946,177,1,0
304946,224,0,0
304946,259,1,0
304947,62,1,0
304947,151,0,0
304947,275,1,0
304948,110,0,0
304948,114,1,0
304948,138,0,0
304948,151,1,0
304948,153,0,0
304948,206,1,0
304948,266,0,0
304949,105,0,0
304949,115,1,0
304950,11,1,0
304950,60,0,0
304950,94,1,0
304950,126,0,0
304950,145,1,0
304950,155,0,0
304950,217,1,0
304951,93,0,0
304951,105,1,0
304951,127,0,0
304951,202,1,0
304952,88,0,0
304952,144,1,0
304952,230,0,0
304952,231,1,0
304952,253,0,0
304952,260,1,0
304953,2,0,0
304953,19,1,0
304953,43,0,0
304953,94,1,0
304953,137,0,0
304953,186,1,0
304953,207,0,0
304953,253,1,0
304954,50,0,0
304954,90,1,0
304954,137,0,0
304954,215,1,0
304955,6,0,0
304955,27,1,0
304956,232,0,0
304957,10,0,0
304957,20,1,0
304957,99,0,0
304957,115,1,0
304957,247,0,0
304957,248,1,0
304957,268,0,0
304958,10,0,0
304958,43,1,0
304958,133,0,0
304958,150,1,0
304958,189,0,0
304960,116,0,0
304960,119,1,0
304960,143,0,0
304960,149,1,0
304960,184,0,0
304960,210,1,0
304961,136,0,0
304961,150,1,0
304961,151,0,0
304961,197,1,0
304961,214,0,0
304961,229,1,0
304961,306,0,0
304962,105,1,0
304962,136,0,0
304962,155,1,0
304962,156,0,0
304962,158,1,0
304962,235,0,0
304962,247,1,0
304963,111,0,0
304963,118,1,0
304963,211,0,0
304963,237,1,0
304963,262,0,0
304963,279,1,0
304963,285,0,0
304963,296,1,0
304964,7,0,0
304964,36,1,0
304964,127,0,0
304964,168,1,0
304964,187,0,0
304964,202,1,0
304965,94,0,0
304965,170,1,0
304965,172,0,0
304965,182,1,0
304965,273,0,0
304966,48,0,0
304966,111,1,0
304966,178,0,0
304966,179,1,0
304966,183,0,0
304966,199,1,0
304966,230,0,0
304967,27,0,0
304967,49,1,0
304967,121,0,0
304967,133,1,0
304967,146,0,0
304967,171,1,0
304967,208,0,0
304967,241,1,0
304968,17,0,0
304968,28,1,0
304968,109,0,0
304968,127,1,0
304968,226,0,0
304968,237,1,0
304968,253,0,0
304968,255,1,0
304968,282,0,0
304968,289,1,0
304969,53,0,0
304969,137,1,0
304970,15,0,0
304970,51,1,0
304970,91,0,0
304970,133,1,0
304970,263,0,0
304970,264,1,0
304970,288,0,0
304971,12,1,0
304971,96,0,0
304971,112,1,0
304971,217,0,0
304971,230,1,0
304972,14,1,0
304972,51,0,0
304972,60,1,0
304972,88,0,0
304972,98,1,0
304972,243,0,0
304973,210,0,0
304973,225,1,0
304974,13,1,0
304974,66,0,0
304974,79,1,0
304974,111,0,0
304974,133,1,0
304974,212,0,0
304974,216,1,0
304975,115,0,0
304975,135,1,0
304975,140,0,0
304975,155,1,0
304976,69,0,0
304976,92,1,0
304976,122,0,0
304976,131,1,0
304976,192,0,0
304976,264,1,0
304977,185,0,0
304977,237,1,0
304978,133,0,0
304978,139,1,0
304979,38,0,0
304979,48,1,0
304979,85,0,0
304979,151,1,0
304979,188,0,0
304979,201,1,0
304979,203,0,0
304979,204,1,0
304979,277,0,0
304980,53,0,0
304980,94,1,0
304980,137,0,0
304980,156,1,0
304980,269,0,0
304981,5,1,0
304981,22,0,0
304981,31,1,0
304981,238,0,0
304981,298,1,0
304982,22,0,0
304982,45,1,0
304982,157,0,0
304982,160,1,0
304982,199,0,0
304983,32,0,0
304983,53,1,0
304983,113,0,0
304983,130,1,0
304983,133,0,0
304983,143,1,0
304983,191,0,0
304983,239,1,0
304983,247,0,0
304983,280,1,0
304984,81,0,1
304984,88,1,0
304984,133,0,0
304984,154,1,0
304985,44,0,0
304985,68,1,0
304985,87,0,0
304985,114,1,0
304985,192,0,0
304985,219,1,0
304985,260,0,0
304985,262,1,0
304986,40,0,0
304986,49,1,0
304986,78,0,0
304986,102,1,0
304986,126,0,0
304986,145,1,0
304987,53,0,0
304987,111,1,0
304987,119,0,0
304987,123,1,0
304987,222,0,0
304988,11,0,0
304988,15,1,0
304988,106,0,0
304988,109,1,0
304988,155,0,0
304988,181,1,0
304989,46,0,0
304989,70,1,0
304989,95,0,0
304989,105,1,0
304989,239,0,0
304989,250,1,0
304989,270,0,0
304989,276,1,0
304990,11,1,0
304990,23,0,0
304990,36,1,0
304990,37,0,0
304990,52,1,0
304990,108,0,0
304990,161,1,0
304990,193,0,0
304990,198,1,0
304990,199,0,0
304990,209,1,0
304990,241,0,0
304990,242,1,0
304990,260,0,0
304990,262,1,0
304991,6,1,0
304991,67,0,0
304991,69,1,0
304991,105,0,0
304991,176,1,0
304992,17,0,0
304992,23,1,0
304992,105,0,0
304992,118,1,0
304992,201,0,0
304992,203,1,0
304992,288,0,0
304993,72,0,0
304993,97,1,0
304993,161,0,0
304993,204,1,0
304994,148,0,1
304994,171,1,0
304994,196,0,0
304994,228,1,0
304994,241,0,0
304994,260,1,0
304995,7,0,0
304995,14,1,0
304995,36,0,0
304995,46,1,0
304995,80,0,0
304995,83,1,0
304995,142,0,0
304995,164,1,0
304995,235,0,0
304995,241,1,0
304996,257,0,0
304997,28,0,0
304997,57,1,0
304997,69,0,0
304997,73,1,0
304997,75,0,0
304997,96,1,0
304997,164,0,0
304997,177,1,0
304998,81,1,0
304998,129,0,0
304998,139,1,0
304999,24,1,0
304999,65,0,0
304999,66,1,0
304999,171,0,0
304999,211,1,0
304999,271,0,0
