architecture,learner_seed,n_updates,num_timesteps,policy_loss,value_loss,entropy_loss,approx_kl,clip_fraction,explained_variance,log_std_mean,advantage_mean,advantage_std,advantage_min,advantage_max,return_mean,return_std,actor_grad_norm_mean,critic_grad_norm_mean,actor_param_update_norm,critic_param_update_norm,frac_sampled_action_clipped,frac_sampled_action_near_bound,log_std_bid,log_std_ask,action_std_bid,action_std_ask,learning_rate,total_loss
hamilton_ppo,0,10,4000,-0.0021294008267570418,49.010526428222654,0.16695864453911782,0.0036727290134876966,0.025374999903142452,0.003063976764678955,0.2219400256872177,2.389352560043335,6.841020584106445,-40.75056457519531,39.81977462768555,2.4763247966766357,6.85152530670166,0.6078403774393439,3.7298931046526973,0.11522920429706573,1.4629791975021362,0.0,0.0,-1.5043936967849731,-1.5063034296035767,0.22215193510055542,0.2217281013727188,0.0003,26.2272891998291
hamilton_ppo,0,20,8000,-0.0008761287968314723,68.77132953643799,0.1743845036625862,0.0024060860741883516,0.009824999957345426,0.017814338207244873,0.22170281410217285,1.5324931144714355,8.306156158447266,-50.8411750793457,48.72303771972656,3.5866196155548096,8.381143569946289,0.6622930303192643,3.552427861696099,0.08639538288116455,1.4697203636169434,0.0,0.0,-1.5112096071243286,-1.501648187637329,0.22064293920993805,0.22276270389556885,0.0003,35.515899658203125
hamilton_ppo,0,30,12000,-0.0019957055874787245,97.20570377349854,0.17193600699305533,0.004598633851855993,0.020374999777413905,0.052948951721191406,0.2223021388053894,2.1076323986053467,9.83724308013916,-84.05552673339844,77.01567077636719,5.810522556304932,10.108499526977539,0.7039389729935861,6.7438319453095845,0.07885316759347916,1.0461331605911255,0.0,0.0,-1.513800859451294,-1.4937355518341064,0.2200719118118286,0.2245323359966278,0.0003,56.30214309692383
hamilton_ppo,0,40,16000,-0.001619560078144282,40.96461627960205,0.17267272531986236,0.002434726804494858,0.011799999899230897,0.09108036756515503,0.22127383947372437,1.8879177570343018,6.3595476150512695,-28.913986206054688,36.43610763549805,8.07362174987793,6.670578479766846,0.6635479844517058,5.000275327579529,0.1193619817495346,1.0176070928573608,0.0,0.0,-1.5197045803070068,-1.49713134765625,0.21877650916576385,0.22377115488052368,0.0003,22.51494598388672
hamilton_ppo,0,50,20000,-0.0012906955731930836,92.24956951141357,0.18051778331398963,0.004466938320547342,0.015974999936297536,0.01965475082397461,0.22087135910987854,3.487985372543335,9.446565628051758,-40.08667755126953,82.0333480834961,11.005221366882324,9.540791511535645,0.6732140221723689,12.35984034160542,0.07245142757892609,1.1444593667984009,0.0,0.0,-1.526197910308838,-1.4944044351577759,0.21736052632331848,0.2243821918964386,0.0003,41.99017333984375
hamilton_ppo,0,60,24000,-0.00045702750469445164,123.87743614196778,0.18072487249970437,0.001981257926672697,0.0016749999672174454,-0.012858986854553223,0.22146297991275787,3.1132700443267822,11.066288948059082,-44.69735336303711,99.4482650756836,14.220703125,10.995817184448242,0.6599317675902807,13.5046264156003,0.08286125212907791,1.124918818473816,0.0,0.0,-1.5238027572631836,-1.4914584159851074,0.21788175404071808,0.22504420578479767,0.0003,78.89704895019531
hamilton_ppo,0,70,28000,-0.0024707854140336182,159.90888427734376,0.17530314296483993,0.0031594322063028812,0.014174999999813736,0.04669421911239624,0.22197043895721436,-1.267923355102539,12.891068458557129,-91.1354751586914,48.71940231323242,12.904378890991211,13.20300579071045,0.6497782777986469,14.4015018489727,0.0908815860748291,1.3826731443405151,0.0,0.0,-1.523542881011963,-1.4872093200683594,0.2179383933544159,0.22600248456001282,0.0003,80.79744720458984
hamilton_ppo,0,80,32000,-0.0032588582374672103,49.27495704650879,0.17122820347547532,0.006249837577342987,0.04417499990668148,0.2107783555984497,0.22212105989456177,0.5916683077812195,7.183885097503662,-37.168182373046875,30.38843536376953,12.568592071533203,8.08648681640625,0.6994477912650541,5.9054052838257585,0.09991706907749176,1.062738060951233,0.0,0.0,-1.525924563407898,-1.4835889339447021,0.21741995215415955,0.226822167634964,0.0003,22.477888107299805
hamilton_ppo,0,90,36000,-0.0010020243423758046,115.66697311401367,0.1703864322602749,0.0036147977225482464,0.020824999986216425,0.19316858053207397,0.2223810851573944,0.8045645952224731,10.788325309753418,-48.847412109375,62.15754318237305,12.833870887756348,12.010541915893555,0.6489153645863596,7.114125679627834,0.09755200892686844,0.5982993245124817,0.0,0.0,-1.5255154371261597,-1.4816901683807373,0.21750891208648682,0.227253258228302,0.0003,60.854400634765625
hamilton_ppo,0,100,40000,-0.0035106157398462523,89.84172500610352,0.17257355332374572,0.005366331897675991,0.0435750002739951,0.2594250440597534,0.22146832942962646,0.8317661881446838,9.519977569580078,-44.0644416809082,58.08231735229492,14.718486785888672,11.062451362609863,0.6677745702065002,6.64256737241885,0.10114333778619766,0.6059578657150269,0.0,0.0,-1.5315817594528198,-1.4839370250701904,0.21619343757629395,0.22674323618412018,0.0003,36.35523223876953
hamilton_ppo,0,110,44000,-0.002637484375509658,100.38781929016113,0.18291375905275345,0.004914486315101385,0.023600000208243727,0.19872373342514038,0.22010737657546997,1.6066490411758423,10.024024963378906,-69.1896743774414,65.3863296508789,16.821500778198242,11.198271751403809,0.6494144655722047,9.039204771562932,0.09098975360393524,0.8530181646347046,0.0,0.0,-1.5378504991531372,-1.4900013208389282,0.21484240889549255,0.22537235915660858,0.0003,61.05229949951172
hamilton_ppo,0,120,48000,-0.002664689441994508,117.57052795410156,0.1915952305495739,0.0035437815822660923,0.019150000056251882,0.16590052843093872,0.219691663980484,0.2012234926223755,11.070664405822754,-57.35456848144531,89.49583435058594,16.053239822387695,12.121734619140625,0.6653333825643692,11.67813814985683,0.09641531854867935,1.3356908559799194,0.0,0.0,-1.5398589372634888,-1.4917794466018677,0.21441133320331573,0.2249719500541687,0.0003,77.9197998046875
hamilton_ppo,0,130,52000,-0.0016363309786400393,112.96301887512207,0.19447402387857438,0.0038394618313759565,0.01472500003874302,0.3491697907447815,0.2195141315460205,-0.8461745381355286,10.83794116973877,-63.196754455566406,47.74938201904297,15.067277908325195,13.434234619140625,0.7026222583604294,14.619273075381207,0.09034711122512817,0.9045221209526062,0.0,0.0,-1.5406107902526855,-1.492641806602478,0.21425020694732666,0.22477807104587555,0.0003,69.1081771850586
hamilton_ppo,0,140,56000,-0.0023689953564549793,123.5663005065918,0.1944337545335293,0.0031504295766353607,0.009874999937601388,0.37554246187210083,0.2197277545928955,1.267330527305603,11.155603408813477,-86.42733764648438,73.33615112304688,15.690552711486816,14.116974830627441,0.6995665645112525,13.140005705367207,0.09801480174064636,0.9137219786643982,0.0,0.00025,-1.543384075164795,-1.4881114959716797,0.21365685760974884,0.22579866647720337,0.0003,56.10408401489258
hamilton_ppo,0,150,60000,-0.0008804788823283171,74.73799114227295,0.19649308174848557,0.003211978357285261,0.008299999944865704,0.41421157121658325,0.2187725305557251,2.2744815349578857,8.665924072265625,-26.990264892578125,64.01412200927734,19.363346099853516,11.322555541992188,0.6503462858543364,12.536782927124545,0.10441385954618454,0.8188853859901428,0.0,0.00025,-1.5440683364868164,-1.4959557056427002,0.2135106921195984,0.2240343689918518,0.0003,35.008575439453125
hamilton_ppo,0,160,64000,-0.0019370051173867985,75.57695209503174,0.2032780419290066,0.004008681979030371,0.012599999965168536,0.43024271726608276,0.21874211728572845,1.1399593353271484,9.03189468383789,-49.439239501953125,37.042999267578125,20.372455596923828,11.965584754943848,0.6197031313143193,14.831816766220443,0.0892951712012291,1.1640480756759644,0.0,0.0,-1.5434246063232422,-1.4968414306640625,0.21364818513393402,0.22383606433868408,0.0003,36.81937789916992
hamilton_ppo,0,170,68000,-0.0007532870814829939,142.94111236572266,0.20475177735090255,0.00248449994251132,0.008049999959766865,0.41679275035858154,0.21808505058288574,0.8206504583358765,12.2301664352417,-112.69401550292969,60.70793533325195,20.44114112854004,16.0147762298584,0.6479612981651952,20.830773635757577,0.06879160553216934,0.9674034714698792,0.0,0.0,-1.5500171184539795,-1.4964407682418823,0.21224433183670044,0.22392573952674866,0.0003,80.60507202148438
hamilton_ppo,0,180,72000,-0.002030882773663871,128.38473388671875,0.20982952311635017,0.0030251783318817616,0.011024999986402691,0.5604681968688965,0.21787667274475098,-0.47311851382255554,11.783153533935547,-79.67545318603516,59.90849304199219,19.846940994262695,17.773229598999023,0.6299140067818992,25.19898971027492,0.0765305608510971,0.9589383602142334,0.0,0.0,-1.5476958751678467,-1.5005128383636475,0.21273759007453918,0.22301575541496277,0.0003,52.36276626586914
hamilton_ppo,0,190,76000,-0.0007385643382173823,48.259957008361816,0.21223852053284645,0.0033263354562222958,0.008474999945610762,0.7429463863372803,0.21746358275413513,-0.36143794655799866,7.280518531799316,-39.318206787109375,27.91795539855957,20.617862701416016,14.359869003295898,0.6655421361636364,14.996599948025356,0.061527494341135025,0.8853897452354431,0.0,0.0,-1.5554691553115845,-1.4968379735946655,0.2110903263092041,0.22383682429790497,0.0003,20.916160583496094
hamilton_ppo,0,200,80000,-0.0005903922299527053,102.95386421203614,0.2159019859135151,0.0025679345708340406,0.0040249999286606905,0.6114545464515686,0.21708549559116364,-0.02946159429848194,10.313639640808105,-59.38639831542969,59.38581085205078,19.021066665649414,16.54592514038086,0.6535020632802958,18.864728679382328,0.06664159893989563,0.8203915357589722,0.0,0.0,-1.5571339130401611,-1.4986491203308105,0.21073919534683228,0.2234317809343338,0.0003,48.96194839477539
hamilton_ppo,0,210,84000,-0.0005101238496825556,112.19237892150879,0.21828544408082962,0.0023050641175359488,0.00392499995417893,0.46568673849105835,0.21703651547431946,1.941973090171814,11.074396133422852,-50.80774688720703,92.25328063964844,21.591577529907227,15.150328636169434,0.6079688945081186,30.264631650307365,0.04271040856838226,1.1841950416564941,0.0,0.0,-1.5567095279693604,-1.499488353729248,0.21082866191864014,0.2232443392276764,0.0003,83.99916076660156
hamilton_ppo,0,220,88000,-0.001771920992182281,36.8882148361206,0.2205990032851696,0.004478622227907181,0.02299999989569187,0.7832592725753784,0.21664267778396606,0.7077619433403015,6.217341423034668,-23.948686599731445,40.186668395996094,20.242523193359375,13.35470962524414,0.6437776169751133,9.015450564391791,0.07432480901479721,1.0628360509872437,0.0,0.0,-1.569911241531372,-1.490670084953308,0.20806364715099335,0.2252216935157776,0.0003,18.23769760131836
hamilton_ppo,0,230,92000,-0.0006910888306380869,62.5141100692749,0.21767821192741393,0.002476633759215474,0.010874999985098839,0.6753376722335815,0.21763217449188232,-0.3907366991043091,7.97874116897583,-28.654220581054688,37.60077667236328,20.539215087890625,14.002915382385254,0.6208735758228747,11.225909024354063,0.08024884760379791,0.6311753392219543,0.0,0.0,-1.5645743608474731,-1.4868340492248535,0.20917703211307526,0.2260873019695282,0.0003,31.53992462158203
hamilton_ppo,0,240,96000,-0.002247401302438812,84.11354793548584,0.21736536800861359,0.002373902592808008,0.017424999978393318,0.5984532833099365,0.21655236184597015,-0.6011216044425964,9.372222900390625,-60.90206527709961,43.766807556152344,19.157485961914062,14.790215492248535,0.6457151821913532,13.743430684390766,0.0710449144244194,1.03180992603302,0.0,0.0,-1.5665814876556396,-1.4945608377456665,0.20875760912895203,0.2243470996618271,0.0003,33.18830490112305
hamilton_ppo,0,250,100000,-0.0004969018015151949,52.25392623901367,0.22661772146821021,0.0016296723624691367,0.006424999944865704,0.6964972615242004,0.21561598777770996,-0.16481490433216095,7.388352870941162,-48.20244598388672,43.350624084472656,18.571836471557617,13.41115951538086,0.635462904853384,10.333657465099982,0.05290669575333595,1.1410664319992065,0.0,0.0,-1.570887565612793,-1.4989196062088013,0.20786060392856598,0.22337137162685394,0.0003,22.751924514770508
hamilton_ppo,0,260,104000,-0.0007813438672441464,65.98052337646484,0.22854987666010856,0.0034276284277439117,0.013124999986030162,0.6330410838127136,0.216282919049263,1.3607187271118164,8.18820571899414,-41.80182647705078,86.36921691894531,19.036596298217773,13.516990661621094,0.7581594412402931,10.328553273404845,0.06513149291276932,1.2169984579086304,0.0,0.0,-1.5706592798233032,-1.493177056312561,0.20790807902812958,0.22465777397155762,0.0003,31.264049530029297
hamilton_ppo,0,270,108000,-0.0015058990023069719,113.10093589782714,0.22741853684186936,0.003217868972569704,0.017024999945424498,0.5197769999504089,0.21572792530059814,-2.048748731613159,10.749571800231934,-60.91722869873047,49.72090530395508,16.87746238708496,15.512067794799805,0.7437280184175323,16.840999703321014,0.10215440392494202,0.7379102110862732,0.0,0.0,-1.5716092586517334,-1.4972474575042725,0.20771066844463348,0.2237451821565628,0.0003,51.893531799316406
hamilton_ppo,0,280,112000,-0.003102400574529023,86.80418827056884,0.23969106867909432,0.004863427020609379,0.03867500012740493,0.6286303997039795,0.213749498128891,-0.9118527173995972,9.37220573425293,-59.1485595703125,69.56161499023438,16.08867835998535,15.379373550415039,0.5942982820349488,13.049909627926539,0.07705866545438766,0.668891429901123,0.0,0.00025,-1.5825011730194092,-1.5049047470092773,0.2054605782032013,0.22203844785690308,0.0003,42.697139739990234
hamilton_ppo,0,290,116000,-0.00038521026105445386,159.7028963470459,0.24872430101037024,0.0022494406439363956,0.004274999964982271,0.5292086005210876,0.21381786465644836,-1.870047688484192,12.880297660827637,-60.57225036621094,81.82212829589844,13.672804832458496,18.77204704284668,0.6072508368840215,26.234278048081592,0.05089402198791504,0.915169358253479,0.0,0.0,-1.5779532194137573,-1.5085134506225586,0.20639710128307343,0.2212386131286621,0.0003,95.0105972290039
hamilton_ppo,0,300,120000,-0.0027305529389879623,155.69558364868163,0.24735474988818168,0.004149877931922674,0.026424999926239253,0.48342365026474,0.2141263782978058,0.6629880666732788,12.783347129821777,-60.74325180053711,93.98335266113281,13.843677520751953,17.785959243774414,0.6267258675502267,17.72788775553072,0.07990555465221405,1.3551156520843506,0.0,0.0,-1.5765459537506104,-1.5070393085479736,0.2066877782344818,0.22156500816345215,0.0003,70.02877807617188
hamilton_ppo,0,310,124000,-0.0028367312594258687,207.37892944335937,0.24894540816545485,0.005839840974658728,0.0385499998414889,0.29951411485671997,0.21324566006660461,0.38827747106552124,14.683560371398926,-78.63368225097656,102.05587768554688,16.05899429321289,17.54412269592285,0.6402370095391378,18.93147856054761,0.06120743975043297,1.3390984535217285,0.0,0.0,-1.5813034772872925,-1.5105680227279663,0.20570680499076843,0.2207845151424408,0.0003,109.6194076538086
hamilton_ppo,0,320,128000,-0.0009791063903137021,83.67939464569092,0.2648800897598267,0.004571788012981415,0.031974999960511924,0.4666919708251953,0.21108703315258026,-0.12610580027103424,9.251069068908691,-56.59754943847656,53.51232147216797,15.045883178710938,12.667848587036133,0.6220311127600775,8.877106141165145,0.09460253268480301,0.6209028363227844,0.0,0.0,-1.5851337909698486,-1.5266895294189453,0.20492038130760193,0.2172536849975586,0.0003,47.525657653808594
hamilton_ppo,0,330,132000,-0.002340938217991788,123.3577431488037,0.2743093839287758,0.004879181273281574,0.030774999954737724,0.3339115381240845,0.21090379357337952,0.6642128229141235,11.227946281433105,-54.46942901611328,59.09370803833008,16.925304412841797,13.757336616516113,0.6348182851192378,10.261593165865866,0.09148100763559341,1.029780387878418,0.0,0.0,-1.5777925252914429,-1.5353639125823975,0.20643028616905212,0.21537728607654572,0.0003,78.08869934082031
hamilton_ppo,0,340,136000,-0.00167699431228175,104.43048809051514,0.2762810775637627,0.0025692542549222708,0.031224999921396376,0.4446842670440674,0.21029993891716003,-1.3110952377319336,10.342865943908691,-88.96900177001953,61.554344177246094,14.529617309570312,13.879406929016113,0.6473456139475934,11.292619111705555,0.060796137899160385,0.9042865633964539,0.0,0.0,-1.5835188627243042,-1.5354984998703003,0.2052515745162964,0.21534830331802368,0.0003,46.58743667602539
hamilton_ppo,0,350,140000,-0.0019331573191469964,146.59201454162599,0.2845869129896164,0.003448100294917822,0.017424999945797028,0.38550543785095215,0.2096528857946396,0.7216689586639404,12.185256004333496,-78.62680053710938,113.25182342529297,15.859914779663086,15.544459342956543,0.7181251493650279,13.206429745455774,0.06564193964004517,1.0202951431274414,0.0,0.0,-1.5827351808547974,-1.5422780513763428,0.20541249215602875,0.21389329433441162,0.0003,65.13697814941406
hamilton_ppo,0,360,144000,-0.0016578706267671795,163.73625785827636,0.2933802258968353,0.0038509562145918608,0.02827499996870756,0.42031264305114746,0.2084392011165619,0.20787939429283142,12.83059310913086,-57.54902267456055,105.71148681640625,13.720244407653809,16.851938247680664,0.6385309676994396,13.817509752661232,0.07202222943305969,0.4802202880382538,0.0,0.0,-1.5831884145736694,-1.5532512664794922,0.20531941950321198,0.2115590125322342,0.0003,82.45610046386719
hamilton_ppo,0,370,148000,-0.0020108609439370363,81.19356193542481,0.2950461533665657,0.0047738212160766125,0.022850000029429794,0.5154759287834167,0.20911413431167603,1.5925381183624268,9.054616928100586,-45.56909942626953,80.94493865966797,17.051589965820312,13.008056640625,0.6407982685421106,11.252170082175589,0.09960126876831055,0.8164269924163818,0.0,0.0,-1.5798660516738892,-1.5501054525375366,0.20600269734859467,0.21222560107707977,0.0003,36.578853607177734
hamilton_ppo,0,380,152000,-0.0008719743660141788,97.4721329498291,0.28860818564891816,0.002593268873170018,0.019874999928288162,0.5104381442070007,0.2098093181848526,0.29157984256744385,10.131380081176758,-130.0659942626953,43.12017059326172,18.060028076171875,14.479874610900879,0.6569830391875052,13.131953617858722,0.06953524798154831,1.2596739530563354,0.0,0.0,-1.5770014524459839,-1.546345829963684,0.20659364759922028,0.21302498877048492,0.0003,28.537803649902344
hamilton_ppo,0,390,156000,-0.0011448689304321392,209.5691831970215,0.28683991968631745,0.0021012520883232355,0.007649999954737723,0.381264865398407,0.209273099899292,-2.457749843597412,14.584633827209473,-87.0290298461914,59.0069465637207,14.814757347106934,18.541425704956055,0.6867411667705514,23.70361490425767,0.04720192030072212,0.8356438875198364,0.0,0.0,-1.579511046409607,-1.5489528179168701,0.20607583224773407,0.21247035264968872,0.0003,104.76937866210938
hamilton_ppo,0,400,160000,-0.0008845949416699117,80.09978096008301,0.29144140124320983,0.0038452923763543367,0.02189999989233911,0.6758977174758911,0.20902177691459656,-1.1312748193740845,9.052947998046875,-71.21529388427734,29.84079360961914,13.66081428527832,15.901899337768555,0.625944670276452,11.755817885291052,0.07444543391466141,0.6967586874961853,0.000125,0.00025,-1.5794496536254883,-1.5513808727264404,0.20608849823474884,0.21195508539676666,0.0003,42.56743621826172
hamilton_ppo,0,410,164000,-0.002487883885746118,249.54470932006836,0.2907832878828049,0.00385642540641129,0.022074999930337073,0.4122430682182312,0.20959964394569397,-2.354285478591919,15.908740043640137,-166.84066772460938,52.18567657470703,10.810324668884277,20.750898361206055,0.5962642165253008,24.511681158544253,0.08228036016225815,1.0823436975479126,0.0,0.00025,-1.577242374420166,-1.5480822324752808,0.20654389262199402,0.21265539526939392,0.0003,148.79351806640625
hamilton_ppo,0,420,168000,-0.0006485721807475775,89.48287220001221,0.285620855987072,0.003409219440072775,0.011025000014342368,0.6795356273651123,0.20980821549892426,1.2003276348114014,9.523775100708008,-50.93830490112305,52.87881851196289,14.122238159179688,16.823612213134766,0.6204280274485704,13.63323727374701,0.07609211653470993,0.6238937973976135,0.0,0.0,-1.5693423748016357,-1.5538405179977417,0.20818205177783966,0.21143439412117004,0.0003,50.537567138671875
hamilton_ppo,0,430,172000,-0.001144140741045705,217.86149108886718,0.28732072055339813,0.004717694129794836,0.02137499999720603,0.4154483675956726,0.20929467678070068,-0.5074563026428223,14.999417304992676,-108.70233154296875,86.68315887451172,10.955833435058594,19.618371963500977,0.5986545088696906,18.18682492395566,0.06155534088611603,1.0783717632293701,0.0,0.0,-1.5716382265090942,-1.556443691253662,0.20770463347434998,0.2108847200870514,0.0003,101.41443634033203
hamilton_ppo,0,440,176000,-0.004658234137602992,149.65708457946778,0.2944132140278816,0.003213747637346387,0.020875000045634806,0.4310036301612854,0.20822028815746307,1.177295446395874,12.466971397399902,-57.423431396484375,106.34166717529297,16.030282974243164,16.527463912963867,0.6257785841326645,18.432984643492784,0.05557934194803238,0.9919453263282776,0.0,0.0,-1.5827679634094238,-1.5557321310043335,0.20540575683116913,0.21103480458259583,0.0003,70.66070556640625
hamilton_ppo,0,450,180000,-0.000854788956156698,86.76681293487549,0.29961989879608153,0.003304264275357127,0.008274999964050948,0.5674155950546265,0.20833709836006165,0.662203848361969,9.402568817138672,-61.23284149169922,56.08045959472656,15.486998558044434,14.295886039733887,0.5857823051998777,8.739026399255273,0.07069268077611923,0.871547520160675,0.0,0.0,-1.578905463218689,-1.558395504951477,0.20620067417621613,0.21047350764274597,0.0003,40.17217254638672
hamilton_ppo,0,460,184000,-0.0017411868758637871,181.0133261871338,0.30682437747716906,0.0024524761829525232,0.010174999930895864,0.3210398554801941,0.2065122425556183,1.1204365491867065,13.740234375,-80.03379821777344,94.68013763427734,16.27250099182129,16.675235748291016,0.6196138025687209,15.986191598297147,0.06910727173089981,1.5146806240081787,0.0,0.0,-1.5913339853286743,-1.5636487007141113,0.2036537528038025,0.20937074720859528,0.0003,86.04449462890625
hamilton_ppo,0,470,188000,-0.0018087806939060158,136.43072036743163,0.32015652775764464,0.002558595733717084,0.00979999995790422,0.3655703663825989,0.20588363707065582,0.5234583616256714,11.775124549865723,-71.03453826904297,75.10539245605469,17.088136672973633,14.783381462097168,0.6241418172605901,12.608902070865977,0.08258523046970367,1.0474388599395752,0.0,0.0,-1.5979807376861572,-1.5632097721099854,0.20230461657047272,0.20946265757083893,0.0003,71.67374420166016
hamilton_ppo,0,480,192000,-0.0024872003911917996,267.1735614776611,0.3280095639824867,0.00398704968392849,0.01817500009201467,0.17145395278930664,0.20466357469558716,1.8823130130767822,16.639507293701172,-47.29898452758789,199.22727966308594,18.823619842529297,18.280250549316406,0.5974557516912244,17.807415969147392,0.10472847521305084,1.5625946521759033,0.0,0.0,-1.6068838834762573,-1.5663032531738281,0.20051145553588867,0.20881569385528564,0.0003,88.13978576660156
hamilton_ppo,0,490,196000,-0.0023450014489611926,91.05549396514893,0.330946307182312,0.004492764826864004,0.0352999999281019,0.5378525257110596,0.20559191703796387,0.08411461859941483,9.811091423034668,-66.11529541015625,54.568878173828125,17.324934005737305,14.43201732635498,0.6378908075387111,12.524825586661951,0.06948328018188477,1.4472687244415283,0.0,0.0,-1.6020625829696655,-1.5620615482330322,0.20148052275180817,0.20970331132411957,0.0003,35.70887756347656
hamilton_ppo,0,500,200000,-0.0016962991834952846,114.10484977722167,0.323930669426918,0.0027957973070442677,0.022474999902769924,0.4784408211708069,0.20592670142650604,-1.3006832599639893,10.743478775024414,-55.96043395996094,50.539608001708984,17.141300201416016,14.876238822937012,0.6869058666783122,13.38697912200221,0.06754477322101593,0.8319641351699829,0.0,0.00025,-1.5986257791519165,-1.5621763467788696,0.20217417180538177,0.2096792459487915,0.0003,60.63837432861328
hamilton_ppo,0,510,204000,-0.0008041181396530184,57.17472946166992,0.32588365554809573,0.0030716361943632364,0.02024999995250255,0.6104129552841187,0.20518073439598083,0.5548045635223389,7.680505752563477,-35.209251403808594,77.9380874633789,17.527324676513672,12.305168151855469,0.6078720668862433,9.065622760333072,0.07377254217863083,0.9625380039215088,0.0,0.0,-1.6042430400848389,-1.563892126083374,0.20104168355464935,0.20931978523731232,0.0003,21.657169342041016
hamilton_ppo,0,520,208000,-0.002744031427039051,258.4785050964355,0.3284656494855881,0.0047473483718931675,0.0373249999852851,0.23397499322891235,0.20540519058704376,-0.4616851806640625,16.17612075805664,-96.24144744873047,121.77619934082031,17.053707122802734,18.482168197631836,0.7050520835174063,22.31479804427426,0.07497525960206985,0.7413271069526672,0.0,0.0,-1.6060047149658203,-1.5600643157958984,0.20068781077861786,0.21012255549430847,0.0003,121.21375274658203
hamilton_ppo,0,530,212000,-0.0020663741453041417,90.26989810943604,0.3275698933005333,0.004258911125361919,0.026124999918974937,0.48826152086257935,0.20537680387496948,0.05953863635659218,9.603569030761719,-78.48375701904297,47.0247802734375,17.026172637939453,13.424824714660645,0.606182683419856,13.81402994552002,0.08731813728809357,0.745710551738739,0.0,0.00025,-1.5994138717651367,-1.5666719675064087,0.20201489329338074,0.20873872935771942,0.0003,57.06285095214844
hamilton_ppo,0,540,216000,-0.0019386848205496787,83.20715934753417,0.3291970071196556,0.004575685597956181,0.03597500021569431,0.49432939291000366,0.20512008666992188,-1.3048725128173828,9.403032302856445,-73.54722595214844,51.28848648071289,16.15737533569336,13.223123550415039,0.6143184223082993,13.595789103408817,0.08540581166744232,0.9886911511421204,0.0,0.0,-1.599473476409912,-1.5690768957138062,0.2020028531551361,0.20823732018470764,0.0003,38.6464958190918
hamilton_ppo,0,550,220000,-0.0007651201411696084,154.14845024108888,0.3298425930738449,0.0037276409566402435,0.013424999951384962,0.2816038131713867,0.20522691309452057,-0.9942688941955566,12.712106704711914,-82.116943359375,51.457401275634766,15.292590141296387,14.998074531555176,0.6814163080475756,18.197419642633644,0.06506066024303436,1.1227083206176758,0.0,0.0,-1.5961222648620605,-1.5713096857070923,0.20268093049526215,0.207772895693779,0.0003,83.00542449951172
hamilton_ppo,0,560,224000,-0.002329621923037486,45.04363691329956,0.3340721130371094,0.005102526396512985,0.04795000001322478,0.6297980546951294,0.20404548943042755,1.2944196462631226,6.82358455657959,-66.31083679199219,35.42206573486328,16.702104568481445,11.21484375,0.6481405235097631,9.018753205322223,0.08362846821546555,0.889641284942627,0.0,0.0,-1.5965203046798706,-1.5823545455932617,0.20260027050971985,0.20549067854881287,0.0003,29.84656524658203
hamilton_ppo,0,570,228000,-0.0014322556193306823,112.29104961395264,0.3433294561505318,0.0030473489314317703,0.017025000066496432,0.38753455877304077,0.20344683527946472,1.0855425596237183,10.760175704956055,-63.88860321044922,103.51934051513672,17.42634391784668,13.749236106872559,0.6623412130483368,14.19000487720338,0.09441155195236206,1.2332758903503418,0.0,0.0,-1.6002862453460693,-1.584477424621582,0.20183874666690826,0.20505492389202118,0.0003,50.56175231933594
hamilton_ppo,0,580,232000,-0.001604800129783689,40.320559368133544,0.3444540524482727,0.003557886928319931,0.020774999959394337,0.7115564346313477,0.20399191975593567,0.23850247263908386,6.58431339263916,-39.38896179199219,28.19778823852539,17.496356964111328,12.259706497192383,0.5639449538658718,8.202237675683172,0.1103689894080162,0.8969177603721619,0.0,0.0,-1.5940966606140137,-1.5852725505828857,0.20309190452098846,0.20489194989204407,0.0003,18.32308578491211
hamilton_ppo,0,590,236000,-0.0023363309357169724,63.22755275726318,0.34523879617452624,0.0034015446435660124,0.025025000022724272,0.6546010971069336,0.2030908465385437,-0.1250608116388321,8.135627746582031,-53.83454895019531,38.187644958496094,18.191362380981445,13.843012809753418,0.5866722234238769,9.76507890347839,0.09159283339977264,1.0279730558395386,0.0,0.0,-1.6028587818145752,-1.585421085357666,0.20132015645503998,0.20486150681972504,0.0003,45.35373306274414
hamilton_ppo,0,600,240000,-0.0016519569573487391,73.70138206481934,0.3491219598054886,0.003715954255312681,0.00872499996330589,0.6363890171051025,0.20358194410800934,-0.7020137906074524,8.92083740234375,-84.64653778076172,40.77147674560547,16.554746627807617,14.794052124023438,0.5872078218059864,13.571281158341941,0.11574672907590866,0.9823223352432251,0.0,0.0,-1.5975821018218994,-1.585825800895691,0.20238527655601501,0.20477861166000366,0.0003,32.285274505615234
hamilton_ppo,0,610,244000,-0.002582497953205167,148.38890495300294,0.34195453971624373,0.004120327066630125,0.02947500000242144,0.5319341421127319,0.20406188070774078,-1.0060666799545288,12.312899589538574,-103.12086486816406,46.429683685302734,15.224503517150879,17.99728012084961,0.6267688130256829,17.839907022920794,0.07407312840223312,0.9465579390525818,0.0,0.0,-1.5964388847351074,-1.5822752714157104,0.20261678099632263,0.20550696551799774,0.0003,61.84882354736328
hamilton_ppo,0,620,248000,-0.001818127631746762,56.73643745422363,0.3419051495194435,0.003154014702886343,0.012474999967962504,0.7087185978889465,0.20374740660190582,-0.20348741114139557,7.664270877838135,-46.63585662841797,28.22808837890625,14.643653869628906,14.20085334777832,0.5632692162590505,9.05240589597984,0.08588486164808273,0.7080777287483215,0.0,0.0,-1.5934607982635498,-1.5882943868637085,0.20322108268737793,0.20427373051643372,0.0003,34.1436653137207
hamilton_ppo,0,630,252000,-0.0038757800013132517,192.383628616333,0.3438096624612808,0.0044181449338793755,0.026375000108964743,0.41268980503082275,0.20378053188323975,-1.9344372749328613,14.005450248718262,-73.80989837646484,82.46002197265625,13.477232933044434,18.275249481201172,0.6450540721689564,21.560892120652728,0.09193804115056992,0.926751971244812,0.0,0.0,-1.589421033859253,-1.5920040607452393,0.2040437012910843,0.203517347574234,0.0003,110.26518249511719
hamilton_ppo,0,640,256000,-0.0025054553105408562,156.97057746887208,0.3425722905993462,0.00189273024443537,0.015799999977461995,0.469560444355011,0.203950434923172,0.8596246242523193,12.647039413452148,-89.25404357910156,73.991455078125,13.223149299621582,17.364845275878906,0.7218121451042685,18.538815643615884,0.07619918882846832,0.7508816123008728,0.0,0.0,-1.583616852760315,-1.5961792469024658,0.2052314728498459,0.2026693969964981,0.0003,70.08043670654297
hamilton_ppo,0,650,260000,-0.003120223846743828,193.10998565673827,0.3429179883003235,0.004672758746892214,0.03632500002626329,0.418464720249176,0.20373183488845825,-0.2019871175289154,13.955347061157227,-87.34049987792969,92.07731628417969,12.895770072937012,18.300064086914062,0.6910422211989851,18.368086343669344,0.09179758280515671,0.5382393002510071,0.0,0.0,-1.5847283601760864,-1.5972119569778442,0.20500348508358002,0.20246019959449768,0.0003,77.26558685302734
hamilton_ppo,0,660,264000,-0.0027896892203571034,175.013862991333,0.3434509867429733,0.003973836544901133,0.030249999929219486,0.4218364953994751,0.20375844836235046,-0.5827786922454834,13.597681045532227,-65.83554077148438,94.62519836425781,12.49966049194336,17.882965087890625,0.7008168527910348,22.70603161267288,0.06887795031070709,1.1076163053512573,0.0,0.0,-1.5807228088378906,-1.601020336151123,0.20582625269889832,0.20169062912464142,0.0003,72.69573974609375
hamilton_ppo,0,670,268000,-0.0010317563963399134,162.98664527893067,0.3491567435860634,0.003435432445257902,0.02152499996125698,0.35709190368652344,0.2027984857559204,0.12200712412595749,13.043109893798828,-61.539634704589844,118.9621353149414,11.670822143554688,16.266971588134766,0.6798361461938892,14.089579541725277,0.07292286306619644,1.4229506254196167,0.0,0.0,-1.5878137350082397,-1.6033313274383545,0.20437194406986237,0.20122505724430084,0.0003,105.57988739013672
hamilton_ppo,0,680,272000,-0.0008690302357172186,116.70160537719727,0.3571392777562141,0.0032821702770888805,0.013700000001117587,0.4256581664085388,0.20197972655296326,0.42042770981788635,11.02224063873291,-66.1678466796875,61.341880798339844,13.272509574890137,14.544026374816895,0.6669461412669107,13.148709966951353,0.08632852882146835,1.0645496845245361,0.0,0.0,-1.5904154777526855,-1.6088453531265259,0.20384089648723602,0.2001185417175293,0.0003,56.69453048706055
hamilton_ppo,0,690,276000,-0.0027378481317515257,149.56432502746583,0.3640689253807068,0.006199204362928867,0.03710000014398247,0.4175894260406494,0.20144391059875488,-2.6326284408569336,12.338726997375488,-86.041015625,45.19647216796875,11.714150428771973,16.167978286743164,0.600560064504037,18.918119940526662,0.10226576030254364,1.16044020652771,0.0,0.0,-1.5950053930282593,-1.6095359325408936,0.20290742814540863,0.19998039305210114,0.0003,56.084537506103516
hamilton_ppo,0,700,280000,-0.0009724740560253853,112.7175373840332,0.37058848202228545,0.0040453216060996056,0.020249999929219484,0.47441136837005615,0.20039010047912598,0.11889828741550446,10.703378677368164,-47.050785064697266,56.779422760009766,11.938411712646484,14.76379108428955,0.671790994349962,11.297295731062928,0.07799698412418365,0.7688695192337036,0.0,0.00025,-1.6093213558197021,-1.6056606769561768,0.2000233232975006,0.20075687766075134,0.0003,66.07234191894531
hamilton_ppo,0,710,284000,-0.0012261853212626429,61.35689270019531,0.3787151375412941,0.0025605838745832443,0.02095000000204891,0.5339775085449219,0.200173020362854,2.648942470550537,7.893406391143799,-38.09178924560547,56.78889083862305,16.095727920532227,11.56274700164795,0.6185074271623308,13.664888703312855,0.08851511031389236,0.9249599575996399,0.0,0.0,-1.6144909858703613,-1.6026902198791504,0.19899195432662964,0.20135410130023956,0.0003,26.548458099365234
hamilton_ppo,0,720,288000,-0.001997704774764042,60.59684757232666,0.3857103502750397,0.004913915880024433,0.027774999905377625,0.6278234720230103,0.1988927274942398,0.5644421577453613,7.817875862121582,-51.98065948486328,34.07763671875,13.84415054321289,12.814873695373535,0.6233965262145166,9.147731533156897,0.08761904388666153,0.6600762009620667,0.0,0.0,-1.6178995370864868,-1.6120882034301758,0.19831480085849762,0.199470654129982,0.0003,34.18959426879883
hamilton_ppo,0,730,292000,-0.0008179605031928094,33.63235795974732,0.3964165702462196,0.00529893534258008,0.016599999982863666,0.6672439575195312,0.19779224693775177,0.6694508194923401,6.16514778137207,-47.62359619140625,34.67586898803711,15.12016773223877,10.687607765197754,0.5914411114528045,9.769303283270974,0.12638719379901886,0.9556913375854492,0.0,0.0,-1.6147874593734741,-1.6263219118118286,0.198932945728302,0.19665154814720154,0.0003,14.707801818847656
hamilton_ppo,0,740,296000,-0.0027136594185118135,109.65801658630372,0.3991907200217247,0.004553534090518951,0.03972499986179173,0.46976304054260254,0.1986774504184723,-1.8725839853286743,10.551481246948242,-63.53045654296875,58.554656982421875,13.230023384094238,14.490334510803223,0.590681429796492,14.715130454020334,0.09406012296676636,0.7071100473403931,0.0,0.0,-1.6087634563446045,-1.623435616493225,0.20013493299484253,0.19721996784210205,0.0003,58.39457321166992
hamilton_ppo,0,750,300000,-0.002274164177532656,57.282294921875,0.39775768101215364,0.003929841797798872,0.020050000096671284,0.6089158058166504,0.19774791598320007,1.9599744081497192,7.838923931121826,-31.680416107177734,47.89521408081055,16.080928802490234,12.534913063049316,0.5995321471686023,15.444402300940776,0.08931843936443329,0.8564000129699707,0.0,0.0,-1.6126680374145508,-1.628922462463379,0.19935500621795654,0.19614079594612122,0.0003,24.01119613647461
hamilton_ppo,0,760,304000,-0.0012033430136885758,124.467861328125,0.4122241249680519,0.003738702740520239,0.022774999919347463,0.33149290084838867,0.19616708159446716,0.9484701156616211,11.28195571899414,-74.49408721923828,74.81751251220703,17.773786544799805,13.798484802246094,0.6183009281818531,13.050236922647825,0.09105510264635086,0.9909220933914185,0.0,0.0,-1.6214221715927124,-1.636209487915039,0.19761744141578674,0.1947167068719864,0.0003,58.27623748779297
hamilton_ppo,0,770,308000,-0.0015139876685650977,175.47315017700194,0.4236305463314056,0.003602971788495779,0.02024999998509884,0.35734105110168457,0.19537600874900818,-0.5942286252975464,13.270646095275879,-68.5263671875,113.62004852294922,14.442831993103027,16.553955078125,0.655257393739007,14.213236480827756,0.06380458176136017,0.3872026205062866,0.0,0.0,-1.6244587898254395,-1.6412705183029175,0.19701826572418213,0.19373373687267303,0.0003,60.09733200073242
hamilton_ppo,0,780,312000,-0.002448889096279163,121.15865203857422,0.42602954745292665,0.004658534657210112,0.035350000206381085,0.380550742149353,0.1958278864622116,0.5574645400047302,11.057417869567871,-100.534423828125,59.86799240112305,17.274045944213867,14.049176216125488,0.658855765515339,12.450542056241993,0.06618377566337585,0.7232125997543335,0.0,0.0,-1.6237735748291016,-1.63731050491333,0.19715332984924316,0.19450245797634125,0.0003,58.135074615478516
hamilton_ppo,0,790,316000,-0.0010760425983738964,184.2668571472168,0.4215696206688881,0.0024118844885379076,0.014999999925494193,0.23252421617507935,0.1960882991552353,-0.6973794102668762,13.654290199279785,-92.763916015625,78.81770324707031,17.53571891784668,15.586076736450195,0.7130498301231576,15.281475671154721,0.07728435844182968,0.659793496131897,0.0,0.0,-1.6181108951568604,-1.640393614768982,0.1982729136943817,0.19390369951725006,0.0003,87.93187713623047
hamilton_ppo,0,800,320000,-0.0014613724290451558,93.94770851135254,0.4249289131164551,0.00334569881670177,0.036250000093132256,0.4119805097579956,0.1950536072254181,-0.9382907748222351,9.763575553894043,-54.97172927856445,47.863128662109375,14.586525917053223,12.732481002807617,0.7244173232821755,9.594200260246268,0.06932725012302399,0.6059926152229309,0.0,0.0,-1.6295608282089233,-1.6394251585006714,0.1960156410932541,0.1940915882587433,0.0003,37.332496643066406
hamilton_ppo,0,810,324000,-0.0011995001285489693,237.93481475830077,0.42760424852371215,0.0030269124545156956,0.013049999885261059,0.26180487871170044,0.19601553678512573,-3.1237905025482178,15.490228652954102,-94.9556655883789,84.58284759521484,12.245129585266113,18.02902603149414,0.6437924095985467,21.550264079394395,0.07963255047798157,1.119556188583374,0.0,0.0,-1.6242774724960327,-1.6348732709884644,0.19705399870872498,0.1949770748615265,0.0003,123.24054718017578
hamilton_ppo,0,820,328000,-0.001569860570023729,190.89966445922852,0.42116260290145874,0.0037668608129024506,0.01677499991375953,0.2815312147140503,0.19580066204071045,-0.7320474982261658,14.008103370666504,-78.30066680908203,62.09877014160156,11.33513069152832,16.526290893554688,0.6821521214278188,16.184034186196815,0.10130239278078079,1.251984715461731,0.0,0.0,-1.620593547821045,-1.6408251523971558,0.1977812647819519,0.1938200443983078,0.0003,94.81672668457031
hamilton_ppo,0,830,332000,-0.0008509371035441293,137.58070892333984,0.4281250736117363,0.0026900279335677624,0.009574999958276749,0.1798253059387207,0.19448398053646088,2.5213980674743652,12.019566535949707,-44.86627960205078,96.84214782714844,13.933189392089844,13.271976470947266,0.5735271581116824,19.273485585817653,0.0707886666059494,1.2008148431777954,0.0,0.0,-1.6288566589355469,-1.6460280418395996,0.19615371525287628,0.19281423091888428,0.0003,65.67386627197266
hamilton_ppo,0,840,336000,-0.0021317909471727024,120.15758110046387,0.4378202772140503,0.004288737662136555,0.019450000114738943,0.23343181610107422,0.19438785314559937,-0.4957016706466675,11.35168743133545,-59.907066345214844,85.96214294433594,13.405924797058105,12.965373039245605,0.6350477507313548,14.102357534212233,0.08067629486322403,1.2508106231689453,0.0,0.0,-1.6319257020950317,-1.6439099311828613,0.19555264711380005,0.19322307407855988,0.0003,51.386295318603516
hamilton_ppo,0,850,340000,-0.0015925537449264127,126.62248184204101,0.43652420818805693,0.0031974222511053085,0.02922500000335276,0.22025066614151,0.19450780749320984,-0.0954378992319107,11.334495544433594,-65.52713775634766,71.71065521240234,12.811054229736328,12.835851669311523,0.699764584621568,10.49108241736606,0.06849044561386108,0.7960272431373596,0.0,0.00025,-1.6300431489944458,-1.6445757150650024,0.19592110812664032,0.19309447705745697,0.0003,72.89997100830078
hamilton_ppo,0,860,344000,-0.001692829778560192,214.3808042907715,0.4452960446476936,0.004959876649081707,0.038674999861978,0.14400583505630493,0.1926860809326172,0.5665758848190308,14.71540355682373,-90.63134002685547,68.49288177490234,13.925716400146484,15.905113220214844,0.5974232362075003,12.847768982246464,0.0764077827334404,0.8552809357643127,0.0,0.0,-1.635455846786499,-1.6580578088760376,0.19486351311206818,0.1905086189508438,0.0003,90.68898010253906
hamilton_ppo,0,870,348000,-0.003280251098521694,81.19710273742676,0.461866974234581,0.004599287174642086,0.040525000146590176,0.2698667645454407,0.19147802889347076,0.5130962133407593,9.114531517028809,-45.575931549072266,70.36598205566406,14.624789237976074,10.666778564453125,0.6768376087426988,7.938736254017257,0.07254885882139206,1.1807125806808472,0.0,0.0,-1.6427290439605713,-1.6633416414260864,0.193451389670372,0.18950466811656952,0.0003,33.212852478027344
hamilton_ppo,0,880,352000,-0.003701027314335805,142.38874732971192,0.46401273846626284,0.00482245022431016,0.037224999908357856,0.26379668712615967,0.19257891178131104,-1.5405734777450562,12.129596710205078,-77.37433624267578,45.32910919189453,12.774614334106445,14.136682510375977,0.6133058284383006,15.074769196680764,0.09991232305765152,0.9085813164710999,0.0,0.0,-1.640523910522461,-1.6540201902389526,0.1938784271478653,0.19127938151359558,0.0003,56.000282287597656
hamilton_ppo,0,890,356000,-0.00265388278061655,150.80379859924315,0.45505636036396024,0.006599471904337406,0.03909999994095415,0.3391011357307434,0.19264116883277893,1.1079216003417969,12.47075080871582,-47.866851806640625,78.62013244628906,13.214115142822266,15.339990615844727,0.6713019272295214,16.306019016248968,0.079853855073452,1.0341273546218872,0.0,0.0,-1.6383246183395386,-1.655601978302002,0.19430528581142426,0.1909770518541336,0.0003,61.787269592285156
hamilton_ppo,0,900,360000,-0.0011913865292393889,122.91303009033203,0.4573140028119087,0.0072114854119718075,0.02244999990798533,0.4447430372238159,0.19253495335578918,0.3198387324810028,11.290334701538086,-67.79219818115234,59.603370666503906,14.124364852905273,15.15164566040039,0.7215481659361046,16.427799109820835,0.10818368941545486,0.7681480646133423,0.0,0.0,-1.6367032527923584,-1.6583691835403442,0.19462060928344727,0.1904493123292923,0.0003,57.41343688964844
hamilton_ppo,0,910,364000,-4.514525285121529e-05,106.81448127746582,0.45981979310512544,0.0011842673411592841,0.01829999975860119,0.46007949113845825,0.19195997714996338,1.262755274772644,10.401572227478027,-53.33887481689453,85.80984497070312,14.98420524597168,14.155789375305176,0.6508201466747235,14.920529183852977,0.042837485671043396,0.4459591507911682,0.0,0.00025,-1.6414133310317993,-1.6596062183380127,0.19370608031749725,0.1902138590812683,0.0003,65.49627685546875
hamilton_ppo,0,920,368000,-0.0019282913636679932,171.83325408935548,0.4614043313264847,0.005427060183137655,0.04020000028423965,0.3509170413017273,0.19242645800113678,0.07643798738718033,13.201104164123535,-65.48076629638672,74.72655487060547,15.093591690063477,16.385517120361328,0.7548458292922199,15.468680387246293,0.09642364084720612,0.7717530131340027,0.0,0.0,-1.6451728343963623,-1.650917887687683,0.19297920167446136,0.1918737143278122,0.0003,80.31674194335938
hamilton_ppo,0,930,372000,-0.0022411278907316936,160.5131227874756,0.45743745744228365,0.004358348436653614,0.021174999941140412,0.3988800048828125,0.19267681241035461,-2.3815276622772217,12.900567054748535,-52.120323181152344,72.55755615234375,13.199843406677246,16.6390380859375,0.6769587956688103,23.655482264036774,0.09251145273447037,0.8993446230888367,0.0,0.00025,-1.6444472074508667,-1.6490402221679688,0.19311928749084473,0.1922343373298645,0.0003,64.84326171875
hamilton_ppo,0,940,376000,-0.002330396452655261,116.70651542663575,0.4625417700409889,0.003284549806267023,0.03387500017415732,0.45375263690948486,0.19103357195854187,0.5082910060882568,10.857120513916016,-61.190189361572266,70.09489440917969,13.024371147155762,14.689939498901367,0.6942273182561632,11.720815372967287,0.07955987751483917,0.584364116191864,0.0,0.0,-1.6502529382705688,-1.6603848934173584,0.1920013278722763,0.19006581604480743,0.0003,50.4173469543457
hamilton_ppo,0,950,380000,-0.0020145678442117054,143.84581916809083,0.47736531257629394,0.005013725254684687,0.03532499995082617,0.35109275579452515,0.19010335206985474,-0.45155224204063416,12.147266387939453,-55.858123779296875,59.06911087036133,14.19873332977295,15.079510688781738,0.7375149758829815,14.027430219962818,0.0615420900285244,0.918898344039917,0.0,0.0,-1.657739520072937,-1.662641167640686,0.19056928157806396,0.1896374374628067,0.0003,79.94630432128906
hamilton_ppo,0,960,384000,-0.0014417388100878715,151.2994534301758,0.4891304510831833,0.0017671713139861822,0.006549999928101897,0.3341869115829468,0.1887141615152359,0.15864257514476776,12.695878982543945,-80.30433654785156,87.78468322753906,13.925928115844727,15.559176445007324,0.6942837119234357,21.019165278328988,0.0609404519200325,1.1728302240371704,0.000125,0.00025,-1.6633620262145996,-1.6716989278793335,0.1895008087158203,0.1879275143146515,0.0003,65.93997955322266
hamilton_ppo,0,970,388000,-0.0012204174110825993,115.4996704864502,0.4975137075781822,0.003897388931363821,0.026674999971874058,0.4182262420654297,0.1889890879392624,1.5529613494873047,10.79276180267334,-68.49034118652344,89.47103881835938,14.897913932800293,14.149970054626465,0.7364748426333634,13.123900846127942,0.05892129987478256,0.7586807608604431,0.0,0.0005,-1.6703100204467773,-1.6618399620056152,0.18818870186805725,0.18978942930698395,0.0003,56.783626556396484
hamilton_ppo,0,980,392000,-0.0010294891569928933,101.73202865600587,0.494777692258358,0.0048401616513729095,0.021825000024400652,0.5024111270904541,0.18892070651054382,0.9512004852294922,10.182051658630371,-45.740909576416016,63.550052642822266,15.761491775512695,14.434439659118652,0.6786961724277515,12.354204745078357,0.09166093915700912,0.7833569645881653,0.0,0.0,-1.6707481145858765,-1.6621261835098267,0.18810628354549408,0.18973512947559357,0.0003,52.589481353759766
hamilton_ppo,0,990,396000,-0.001074049249988822,133.4942798614502,0.4996247580647469,0.003315237583592534,0.029199999910779297,0.34026598930358887,0.1880156695842743,2.92183518409729,11.76307201385498,-60.133052825927734,83.16316223144531,18.601430892944336,14.482258796691895,0.6356366152305013,23.078753837406214,0.07833801954984665,1.1297111511230469,0.0,0.0,-1.6748437881469727,-1.6676291227340698,0.18733742833137512,0.18869389593601227,0.0003,56.8744010925293
hamilton_ppo,0,1000,400000,-0.0016361496878278547,171.6438074493408,0.5037885695695877,0.0024175243452191353,0.019149999991059305,0.3338298201560974,0.18799982964992523,-1.3247169256210327,13.353483200073242,-146.88394165039062,74.84965515136719,17.154693603515625,16.360702514648438,0.8336671671529033,19.131486803732408,0.0557665191590786,1.0733745098114014,0.0,0.0,-1.675567626953125,-1.6670788526535034,0.1872018724679947,0.18879777193069458,0.0003,88.68453979492188
hamilton_ppo,0,1010,404000,-0.0014311965649008917,193.37792877197265,0.5048084503412247,0.0038613106589764357,0.018300000047311187,0.3880194425582886,0.18795780837535858,-2.8882246017456055,13.999959945678711,-73.99903106689453,69.67259979248047,14.820099830627441,17.89608383178711,0.7115515861286653,23.108084633363173,0.0885266363620758,0.9152473211288452,0.0,0.0,-1.677623987197876,-1.665488362312317,0.18681731820106506,0.1890982836484909,0.0003,91.56342315673828
hamilton_ppo,0,1020,408000,-0.00012435108457484523,56.27328643798828,0.5016195312142372,0.0019445221405476332,0.012700000028125942,0.6592317819595337,0.18845149874687195,-0.3754638135433197,7.682552814483643,-54.03618240356445,56.136260986328125,15.039822578430176,13.160609245300293,0.7595805109956798,9.86337788979181,0.06615173071622849,0.9825778603553772,0.0,0.0,-1.676751971244812,-1.6611382961273193,0.18698029220104218,0.18992267549037933,0.0003,25.100170135498047
hamilton_ppo,0,1030,412000,-0.00097241515186834,177.26569259643554,0.5034145092964173,0.0037379530258476734,0.01897499993443489,0.330260694026947,0.18775701522827148,1.3203827142715454,13.379314422607422,-53.61256408691406,79.29620361328125,16.432065963745117,16.348615646362305,0.7670064256500712,14.690724510687808,0.09878463298082352,0.7429186701774597,0.0,0.00025,-1.68333101272583,-1.6619961261749268,0.1857541799545288,0.18975982069969177,0.0003,82.02455139160156
hamilton_ppo,0,1040,416000,-0.0015621859929480664,71.72115619659424,0.5012927231192589,0.004981044214218855,0.04069999996572733,0.5997068881988525,0.1888090968132019,0.3895684778690338,8.563984870910645,-43.25121307373047,49.33949661254883,16.220787048339844,13.535890579223633,0.7058837410269934,9.017479996838778,0.07958377152681351,0.7898684144020081,0.0,0.0,-1.674734354019165,-1.6593623161315918,0.18735793232917786,0.19026024639606476,0.0003,30.465192794799805
hamilton_ppo,0,1050,420000,-0.002234067983983552,188.38495986938477,0.49424862146377563,0.003894547000527382,0.03537499992642552,0.31394416093826294,0.18918094038963318,0.30895984172821045,13.854156494140625,-98.82770538330078,55.3260498046875,17.046335220336914,16.726318359375,0.6858685996876982,15.280304967413597,0.08587045967578888,0.8460904955863953,0.0,0.0,-1.6745622158050537,-1.6556299924850464,0.18739019334316254,0.19097170233726501,0.0003,78.11145782470703
hamilton_ppo,0,1060,424000,-0.0018019836179712012,57.41905303955078,0.4996074691414833,0.004234916530549526,0.03769999983720482,0.633531928062439,0.18782061338424683,-0.43930521607398987,7.637336730957031,-36.50458526611328,43.27547073364258,15.280501365661621,12.616064071655273,0.6428578343039625,8.301544950448859,0.10380169749259949,0.5279082655906677,0.0,0.0,-1.6862709522247314,-1.6584583520889282,0.18520888686180115,0.1904323250055313,0.0003,29.96437644958496
hamilton_ppo,0,1070,428000,-0.0006942771875765174,212.911886138916,0.5086813795566559,0.00368156167678535,0.01619999991264194,0.3094816207885742,0.1874091923236847,-0.9996438026428223,14.759912490844727,-108.39280700683594,163.9396209716797,15.583588600158691,17.762174606323242,0.649570383873996,19.24598258647171,0.04757595434784889,0.7796375751495361,0.0,0.0,-1.68533456325531,-1.6637041568756104,0.1853823959827423,0.18943597376346588,0.0003,90.39469909667969
hamilton_ppo,0,1080,432000,-0.000214530346760875,72.92658687591553,0.5159665751457214,0.0018901951843872666,0.013099999991245568,0.5685431957244873,0.18632954359054565,0.31099462509155273,8.613540649414062,-43.91692352294922,50.494781494140625,15.646413803100586,13.113330841064453,0.7422357616633145,9.659213619077246,0.06473863124847412,0.7727150917053223,0.0,0.0,-1.6990687847137451,-1.6617562770843506,0.18285369873046875,0.18980532884597778,0.0003,33.92856979370117
hamilton_ppo,0,1090,436000,-0.0009771021383112367,101.13306030273438,0.5210879826545716,0.0035643838346004486,0.019949999949894846,0.4943299889564514,0.18656539916992188,0.22247451543807983,10.19002914428711,-58.685516357421875,72.66817474365234,15.939719200134277,14.329855918884277,0.7723245263763888,11.679729083081519,0.07756150513887405,0.8273335695266724,0.0,0.00025,-1.6926698684692383,-1.6654620170593262,0.1840275228023529,0.18910326063632965,0.0003,43.26631546020508
hamilton_ppo,0,1100,440000,-0.0025901436487965855,206.24575141906737,0.5196475023031235,0.005408653058111668,0.04640000020153821,0.2623448967933655,0.1868000030517578,2.189032554626465,14.440820693969727,-54.65969467163086,146.60850524902344,17.065616607666016,16.81377410888672,0.8187114755973814,14.813055591814063,0.07615960389375687,1.1338015794754028,0.0,0.0,-1.689720869064331,-1.665855050086975,0.1845710277557373,0.18902896344661713,0.0003,109.28408813476562
hamilton_ppo,0,1110,444000,-0.0021024570049985414,109.20643821716308,0.5193202894926071,0.0039027787279337645,0.030724999997764825,0.4621409773826599,0.18636667728424072,-0.2994135320186615,10.49046802520752,-87.24507904052734,40.82805633544922,17.74869155883789,14.304102897644043,0.7304324877372799,10.084197949481679,0.06704457849264145,0.6739678978919983,0.0,0.0,-1.690362572669983,-1.6698211431503296,0.18445263803005219,0.18828073143959045,0.0003,52.30561447143555
hamilton_ppo,0,1120,448000,-0.0025796182833772037,131.25804130554198,0.5226249647140503,0.0034347635228186846,0.02992499982006848,0.49489277601242065,0.1863105446100235,-0.9656099081039429,11.682515144348145,-61.70032501220703,58.42520523071289,16.913089752197266,16.437833786010742,0.6790452217023664,14.898428144688092,0.09056772291660309,0.9243611097335815,0.0,0.0,-1.6828173398971558,-1.6778695583343506,0.1858496218919754,0.1867714375257492,0.0003,62.396728515625
hamilton_ppo,0,1130,452000,-0.0028407842968037576,156.09177444458007,0.5282741898298263,0.004445812664926052,0.03149999983143061,0.44877851009368896,0.18506410717964172,-0.780621349811554,12.568012237548828,-73.30059051513672,63.94025802612305,16.673452377319336,16.92791748046875,0.7720980124111353,15.006092646159003,0.06533776223659515,0.9306269288063049,0.0,0.0,-1.6919931173324585,-1.682137131690979,0.18415211141109467,0.1859760880470276,0.0003,75.41846466064453
hamilton_ppo,0,1140,456000,-0.0007389010545797614,158.55535064697267,0.5383195960521698,0.004119818564504385,0.022599999960511923,0.37835949659347534,0.18483421206474304,-0.03977956995368004,12.713384628295898,-51.746482849121094,105.09095001220703,16.35466957092285,16.124696731567383,0.7480071027391227,12.871027152976023,0.07697918266057968,1.0034781694412231,0.0,0.0,-1.6948249340057373,-1.6818095445632935,0.18363136053085327,0.18603703379631042,0.0003,85.6370620727539
hamilton_ppo,0,1150,460000,-0.0012086258915785964,182.8140882873535,0.5408255833387375,0.0038976147770881653,0.02172499998938292,0.3193792700767517,0.18428122997283936,2.6138429641723633,13.7348051071167,-46.35448455810547,127.36292266845703,18.95534324645996,16.648300170898438,0.7083124363536288,25.096072156412063,0.05042940378189087,1.0483276844024658,0.0,0.0,-1.6970847845077515,-1.6855331659317017,0.183216854929924,0.1853455901145935,0.0003,87.67450714111328
hamilton_ppo,0,1160,464000,-0.0012284337574995786,133.00084190368653,0.5440613794326782,0.004811869002878666,0.022375000016763805,0.47151607275009155,0.18428188562393188,-0.8263593912124634,11.604288101196289,-66.8717041015625,56.099178314208984,17.08243751525879,15.962562561035156,0.6637926089787937,13.6571037317963,0.09470426291227341,0.6746732592582703,0.0,0.00025,-1.6999452114105225,-1.682706356048584,0.18269354104995728,0.18587026000022888,0.0003,51.69133377075195
hamilton_ppo,0,1170,468000,-0.002046018800944878,102.96432205200195,0.5499798905849457,0.003629963146522641,0.029300000118091703,0.5542064905166626,0.18307098746299744,1.7038630247116089,10.237174034118652,-41.091983795166016,112.1050033569336,18.88980484008789,15.332508087158203,0.7456909021266401,14.27760762919173,0.07615625858306885,0.8321582078933716,0.0,0.0,-1.706944465637207,-1.6888995170593262,0.1814192682504654,0.1847226917743683,0.0003,49.79233932495117
hamilton_ppo,0,1180,472000,-0.001012203527282689,253.65451614379882,0.5595741528272629,0.005664530210196972,0.02687500006519258,0.2754417061805725,0.18278080224990845,-1.532363772392273,16.00472640991211,-114.19032287597656,57.17084503173828,20.332775115966797,18.802326202392578,0.7594043065305714,19.802399342825975,0.06680615991353989,0.6383110880851746,0.0,0.0,-1.7072453498840332,-1.6917500495910645,0.18136470019817352,0.18419687449932098,0.0003,163.87083435058594
hamilton_ppo,0,1190,476000,-0.0014644482762412724,139.15672256469728,0.5636328220367431,0.005806009750813246,0.0339499999769032,0.46669870615005493,0.18233622610569,-0.03878513351082802,11.834080696105957,-66.56748962402344,58.89312744140625,18.116207122802734,16.20496940612793,0.750064696513721,12.64004658042058,0.07516184449195862,0.5247648358345032,0.0,0.0,-1.7147226333618164,-1.6892454624176025,0.18001362681388855,0.18465881049633026,0.0003,62.61689758300781
hamilton_ppo,0,1200,480000,-0.000821192042773431,264.44049514770506,0.5672486352920533,0.0047905403189361095,0.014599999985657633,0.23978352546691895,0.18199637532234192,-0.9912818670272827,16.482467651367188,-111.06500244140625,81.80135345458984,19.00429344177246,18.903993606567383,0.7968426504104222,18.643060941355944,0.07611450552940369,1.2042042016983032,0.000125,0.00025,-1.7141329050064087,-1.6935104131698608,0.1801198273897171,0.18387290835380554,0.0003,101.97483825683594
hamilton_ppo,0,1210,484000,-0.0021046144844851368,187.23382995605468,0.5743159610033035,0.004087663255631924,0.05174999976530671,0.38252973556518555,0.18116962909698486,-0.13926135003566742,13.958760261535645,-80.62962341308594,62.57971954345703,18.589038848876953,17.7639217376709,0.7685884665902303,17.755491580151944,0.07264447957277298,0.9951127767562866,0.0,0.0,-1.7213997840881348,-1.6954119205474854,0.17881566286087036,0.18352361023426056,0.0003,75.84391021728516
hamilton_ppo,0,1220,488000,-0.0013473153872386235,372.1551205444336,0.5798779779672623,0.0031568307895213366,0.014774999967776238,0.21401125192642212,0.18087148666381836,0.07855279743671417,19.329729080200195,-95.94631958007812,86.43738555908203,20.340951919555664,21.80306625366211,0.7935299135263969,22.344298945042716,0.08389244973659515,0.6627717018127441,0.00025,0.0005,-1.7303770780563354,-1.6899681091308594,0.17721757292747498,0.18452541530132294,0.0003,196.6596221923828
hamilton_ppo,0,1230,492000,-0.0003622153515749238,296.07979598999026,0.5830672413110733,0.0033581829629838467,0.012099999999627471,0.3215084671974182,0.1805938333272934,-0.8449762463569641,17.28846549987793,-101.58987426757812,103.29500579833984,18.758901596069336,20.988637924194336,0.8368899548179448,22.806484268176167,0.05091097950935364,0.7000411152839661,0.000375,0.001,-1.733596920967102,-1.6898901462554932,0.17664788663387299,0.184539794921875,0.0003,138.5274658203125
hamilton_ppo,0,1240,496000,-0.0014848148234224822,744.2600061035156,0.5896544021368026,0.0019517391920089722,0.00852499998640269,0.2348530888557434,0.17984503507614136,-0.32460302114486694,27.539836883544922,-173.0524139404297,180.74813842773438,19.181291580200195,31.483930587768555,0.784170229085514,48.02497829070555,0.04672743007540703,1.1240895986557007,0.000125,0.0005,-1.7393107414245605,-1.6925551891326904,0.17564143240451813,0.1840486377477646,0.0003,377.1124267578125
hamilton_ppo,0,1250,500000,-0.00034249701712051105,181.49631423950194,0.5958838146924973,0.0027641523629426956,0.013774999990127981,0.5309868454933167,0.17970430850982666,0.19644933938980103,13.531660079956055,-67.24649810791016,74.14997863769531,17.174415588378906,19.758708953857422,0.8043546794109514,20.94211402760368,0.06465873122215271,0.5652666091918945,0.0,0.00025,-1.7438408136367798,-1.689774990081787,0.1748475581407547,0.18456102907657623,0.0003,103.24128723144531
hamilton_ppo,0,1260,504000,-0.0007762200970173616,325.2559307861328,0.5929933482408524,0.003239314304664731,0.018799999966286122,0.3959473967552185,0.18032245337963104,-0.09025991708040237,18.262828826904297,-133.71038818359375,82.53071594238281,19.95368766784668,23.497987747192383,0.7585387593374692,34.60352237137568,0.06022760644555092,0.9554427862167358,0.0,0.0,-1.7439250946044922,-1.6830193996429443,0.17483282089233398,0.1858120858669281,0.0003,146.29319763183594
hamilton_ppo,0,1270,508000,-0.001030017081929877,365.35077560424804,0.589536999464035,0.0026194974780082703,0.005724999946542084,0.3821508288383484,0.18012675642967224,-4.918300151824951,19.178010940551758,-118.01113891601562,162.54298400878906,13.922501564025879,24.398454666137695,0.8033703670225211,56.62396984938774,0.06003890559077263,0.6804941296577454,0.000125,0.00025,-1.7467924356460571,-1.682431936264038,0.17433223128318787,0.18592126667499542,0.0003,120.97265625
hamilton_ppo,0,1280,512000,-0.0018380056856789472,157.44948364257812,0.5917904508113861,0.005713782273232937,0.031125000049360096,0.4344785213470459,0.17986685037612915,-0.4702379107475281,13.126185417175293,-78.6259765625,86.70985412597656,13.26166820526123,17.454763412475586,0.836631683803558,28.166498194929968,0.054586078971624374,1.1546717882156372,0.000125,0.00025,-1.7522473335266113,-1.6801294088363647,0.17338384687900543,0.18634983897209167,0.0003,49.75082015991211
hamilton_ppo,0,1290,516000,-0.0004750238386252026,276.8048385620117,0.5958860677480697,0.004149667453020811,0.01837499998509884,0.3645784258842468,0.17958593368530273,-0.03253363072872162,16.732650756835938,-116.496826171875,80.37262725830078,13.033035278320312,20.991031646728516,0.7191803565172866,21.44509381432613,0.05209876596927643,0.8134156465530396,0.000125,0.0005,-1.753939151763916,-1.6815727949142456,0.17309077084064484,0.18608108162879944,0.0003,179.29241943359375
hamilton_ppo,0,1300,520000,-0.0012457832715881522,424.36362426757813,0.5928232264518738,0.00421814015135169,0.03365000014193356,0.2542225122451782,0.18043769896030426,0.9089035391807556,20.629671096801758,-119.40921783447266,156.43711853027344,13.878702163696289,23.8884334564209,0.8001965449453268,23.341255721292328,0.04473578929901123,0.4510614275932312,0.000125,0.0005,-1.7461656332015991,-1.6796786785125732,0.17444154620170593,0.18643386662006378,0.0003,192.7390594482422
hamilton_ppo,0,1310,524000,-0.0017191210169393311,417.15585052490235,0.588609235882759,0.0041479067876935005,0.03332499991636723,0.25906169414520264,0.18021804094314575,-0.4000012278556824,20.459436416625977,-107.61842346191406,117.49729919433594,13.474892616271973,23.76854705810547,0.8193270214110995,19.483915382788958,0.08499682694673538,0.6511725187301636,0.000125,0.00075,-1.749922513961792,-1.6785271167755127,0.17378740012645721,0.1866486817598343,0.0003,210.80984497070312
hamilton_ppo,0,1320,528000,-0.0012118883545597825,472.516298828125,0.5915790647268295,0.0058592623099684715,0.026024999748915433,0.19561946392059326,0.1799667477607727,-2.2289674282073975,21.80557632446289,-102.07479858398438,124.41368103027344,11.478821754455566,24.31290054321289,0.7723363140161282,32.02005051369369,0.04707031324505806,0.4626493752002716,0.000125,0.00025,-1.7524147033691406,-1.6789023876190186,0.1733548492193222,0.1865786463022232,0.0003,232.94833374023438
hamilton_ppo,0,1330,532000,-2.6428873927217822e-05,475.2411654663086,0.5941005384922028,0.0030388280283659697,0.019774999958463012,0.06847763061523438,0.1798246204853058,2.4496078491210938,22.06808853149414,-102.91883850097656,148.5039520263672,14.026037216186523,22.86483383178711,0.7717646169441346,26.55668867652762,0.04102948307991028,1.4501419067382812,0.0,0.00025,-1.7534319162368774,-1.6794813871383667,0.17317859828472137,0.1864706575870514,0.0003,303.1185302734375
hamilton_ppo,0,1340,536000,-0.001993017595406128,368.6158734130859,0.5965308248996735,0.00657606590539217,0.04164999996777624,0.133466899394989,0.17954327166080475,-1.9183295965194702,19.236351013183594,-117.94944763183594,116.68833923339844,11.123199462890625,20.66474723815918,0.8936387821843639,18.89358098845246,0.06296901404857635,0.7244013547897339,0.0,0.0005,-1.7532819509506226,-1.6826432943344116,0.17320455610752106,0.18588195741176605,0.0003,173.2577667236328
hamilton_ppo,0,1350,540000,-0.0021590894559729355,376.52852447509764,0.5942595541477204,0.006090965121984482,0.05792499987408519,0.13415789604187012,0.18018805980682373,-0.8878256678581238,19.49094009399414,-125.79794311523438,91.97648620605469,10.964056968688965,20.94659423828125,0.7890459038044858,14.596076477582555,0.09528473019599915,1.151423692703247,0.00025,0.0005,-1.7530746459960938,-1.6759214401245117,0.17324046790599823,0.18713565170764923,0.0003,192.22576904296875
hamilton_ppo,0,1360,544000,-0.000632208951582287,434.94978698730466,0.5921108591556549,0.00412693852558732,0.025225000018253924,0.06545829772949219,0.18004915118217468,1.9910391569137573,20.954551696777344,-123.33059692382812,122.37967681884766,12.481996536254883,21.675992965698242,0.7863818327358585,19.308903696428114,0.05587255209684372,0.7423753142356873,0.00025,0.0005,-1.750754475593567,-1.679563045501709,0.17364288866519928,0.18645541369915009,0.0003,185.79490661621094
hamilton_ppo,0,1370,548000,-0.0027667801797724677,336.7912973022461,0.594849641919136,0.004353451542556286,0.03352500003762543,0.14933699369430542,0.17956197261810303,-3.4707467555999756,18.423412322998047,-107.96592712402344,72.054443359375,9.11197280883789,19.97520637512207,0.7400442436513243,22.350053289228853,0.06636626273393631,1.0154088735580444,0.0,0.0,-1.7585148811340332,-1.6775916814804077,0.1723005622625351,0.18682335317134857,0.0003,152.50137329101562
hamilton_ppo,0,1380,552000,-0.0005891472533294361,410.1374154663086,0.6037864357233047,0.0037541729398071766,0.026649999851360916,0.08258247375488281,0.17852267622947693,1.9505743980407715,20.35974884033203,-109.62608337402344,121.62899780273438,11.504379272460938,21.25636100769043,0.7806807070156765,21.973523431740254,0.04124610126018524,1.0010255575180054,0.00025,0.00075,-1.7718596458435059,-1.6764925718307495,0.17001652717590332,0.18702881038188934,0.0003,191.45875549316406
hamilton_ppo,0,1390,556000,-0.0016945302215550307,146.98733322143553,0.622939738035202,0.004867103882133961,0.03742500003427267,0.19540715217590332,0.1762581765651703,0.3986402451992035,12.197688102722168,-56.430023193359375,98.03558349609375,11.629638671875,13.598451614379883,0.7652022367448784,8.361107447422812,0.08177217096090317,0.9055277109146118,0.0,0.001,-1.769391655921936,-1.7033106088638306,0.17043665051460266,0.1820797175168991,0.0003,67.08963775634766
hamilton_ppo,0,1400,560000,-0.0005819329825972092,309.72165756225587,0.6387714540958405,0.003927211742848158,0.0412750001763925,0.10180562734603882,0.17561674118041992,-0.6359821557998657,17.61997413635254,-94.20547485351562,135.57391357421875,10.816126823425293,18.59174346923828,0.8704592738979592,12.728234448359322,0.05855262279510498,0.6626310348510742,0.0,0.001,-1.7739479541778564,-1.70610511302948,0.16966184973716736,0.1815716177225113,0.0003,148.13748168945312
hamilton_ppo,0,1410,564000,-0.0023663900083243663,86.4601714706421,0.6372861969470978,0.004394758027046919,0.05247500005178154,0.3637886643409729,0.17667582631111145,2.6716742515563965,9.46463394165039,-54.76520538330078,57.81510543823242,13.605542182922363,11.865966796875,0.811027643100784,16.38990005890932,0.06801829487085342,1.2097302675247192,0.0,0.00025,-1.7686299085617065,-1.6994439363479614,0.17056652903556824,0.18278513848781586,0.0003,38.59051513671875
hamilton_ppo,0,1420,568000,-0.0014095887316558197,148.66905426025392,0.6363547372817994,0.004583039786666632,0.03299999994691461,0.2646315097808838,0.1753576099872589,2.320096969604492,12.201949119567871,-68.94615173339844,62.126888275146484,16.167463302612305,14.22907543182373,0.7512519393155137,13.957939992272745,0.09436864405870438,0.6553587913513184,0.000375,0.001,-1.7808374166488647,-1.7025502920150757,0.1684969961643219,0.18221820890903473,0.0003,79.7423095703125
hamilton_ppo,0,1430,572000,-0.00022094673216196625,149.32888481140137,0.6582529991865158,0.0038823008071631193,0.05082500022370368,0.3179396986961365,0.1730653941631317,0.7549327611923218,12.257980346679688,-68.75216674804688,67.69916534423828,16.89576530456543,14.84251594543457,0.911247835230007,11.295836395068186,0.08214663714170456,0.5171263217926025,0.000125,0.0005,-1.794295310974121,-1.715430736541748,0.16624456644058228,0.17988620698451996,0.0003,91.34650421142578
hamilton_ppo,0,1440,576000,-0.0004888208299391406,216.96135375976561,0.681037330031395,0.003533336566761136,0.016124999900348484,0.2371768355369568,0.17149154841899872,-1.1174870729446411,14.92332649230957,-65.1474838256836,71.96057891845703,16.221105575561523,17.086523056030273,0.7920004781258292,18.320109402332267,0.04772211238741875,1.1046210527420044,0.0,0.00025,-1.8102648258209229,-1.7182917594909668,0.1636108011007309,0.17937229573726654,0.0003,105.1391830444336
hamilton_ppo,0,1450,580000,-0.001504882746344265,217.7724578857422,0.6976000112295151,0.005138328764587641,0.02809999981429428,0.24905741214752197,0.1703733205795288,-1.1058375835418701,14.846575736999512,-92.51210021972656,55.96171569824219,14.70345687866211,17.132585525512695,0.7897434950133301,16.20210725412392,0.06093686446547508,0.7894421219825745,0.0,0.00025,-1.820245385169983,-1.7217074632644653,0.16198600828647614,0.17876064777374268,0.0003,124.40715789794922
hamilton_ppo,0,1460,584000,-0.0030340554564587396,198.8826252746582,0.7057378947734833,0.004586803261190653,0.03775000018067658,0.31633418798446655,0.17006376385688782,0.9725021123886108,14.20242977142334,-58.414146423339844,76.82722473144531,16.038724899291992,17.176738739013672,0.7669370967160463,16.512938243150145,0.0499875545501709,0.6280000805854797,0.00025,0.00075,-1.8268115520477295,-1.7192434072494507,0.16092585027217865,0.17920167744159698,0.0003,145.58392333984375
hamilton_ppo,0,1470,588000,-0.0014925134796947503,220.84912673950194,0.7112732094526291,0.004212298430502415,0.03797500000800937,0.34381771087646484,0.16950981318950653,-1.6004070043563843,14.937324523925781,-94.85538482666016,58.661991119384766,14.19028091430664,18.439985275268555,0.7847627790813823,19.520557216157556,0.06188121810555458,0.7316731810569763,0.0,0.00025,-1.830285668373108,-1.7223161458969116,0.16036774218082428,0.17865188419818878,0.0003,90.30585479736328
hamilton_ppo,0,1480,592000,-0.002823828531413164,284.9877462768555,0.7125594168901443,0.005347801372408867,0.040350000034086404,0.24631881713867188,0.170049250125885,-0.6247153282165527,17.118379592895508,-138.59397888183594,65.89747619628906,13.874856948852539,19.718271255493164,0.8443813907607045,23.68328892453805,0.05960933491587639,1.0219826698303223,0.0,0.0005,-1.832813024520874,-1.7140456438064575,0.1599629670381546,0.1801355481147766,0.0003,140.6129608154297
hamilton_ppo,0,1490,596000,-0.0008359294925263417,317.6078350830078,0.7069505202770233,0.005247381050139666,0.025599999958649276,0.18694078922271729,0.17028012871742249,1.5248380899429321,17.918960571289062,-81.23542022705078,134.17242431640625,14.593177795410156,19.87246322631836,0.7960923706053746,18.702762952075325,0.07432486116886139,0.7921707034111023,0.0,0.0,-1.8296276330947876,-1.7143155336380005,0.1604733020067215,0.18008694052696228,0.0003,160.08226013183594
hamilton_ppo,0,1500,600000,-0.0006340656858257709,236.03706619262695,0.7026868134737014,0.0038250789511948824,0.016200000001117588,0.24429357051849365,0.17093981802463531,-2.691175937652588,15.412726402282715,-68.97747802734375,98.89930725097656,11.978997230529785,17.729761123657227,0.799938610828692,22.708229697884573,0.05198803171515465,0.6515593528747559,0.0,0.0,-1.8258721828460693,-1.7103497982025146,0.1610770970582962,0.18080252408981323,0.0003,127.84992218017578
hamilton_ppo,0,1510,604000,-0.0009350613530088481,365.19160247802733,0.699294074177742,0.0032845884561538696,0.00820000001695007,0.07826250791549683,0.17062219977378845,5.060898303985596,19.217426300048828,-66.70870971679688,170.7445068359375,17.16585350036621,20.016658782958984,0.7080764907225996,41.968255242433536,0.05413290485739708,1.1752386093139648,0.0,0.0,-1.8248271942138672,-1.7148046493530273,0.16124549508094788,0.17999887466430664,0.0003,154.94613647460938
hamilton_ppo,0,1520,608000,-0.0011813898263317224,286.75062438964846,0.6985557502508164,0.0033544227480888367,0.02282500000204891,0.18477284908294678,0.17131280899047852,4.200317859649658,17.010740280151367,-57.10440444946289,111.93465423583984,20.770999908447266,18.840129852294922,0.7806296194526965,27.618374671926148,0.052912160754203796,1.3164998292922974,0.0,0.0,-1.8230282068252563,-1.708762288093567,0.16153584420681,0.18108977377414703,0.0003,150.99220275878906
hamilton_ppo,0,1530,612000,-0.0029608114146449215,369.5986444091797,0.6930825191736222,0.003689426928758621,0.0399750001123175,0.10463643074035645,0.1713753640651703,-1.3747190237045288,19.264270782470703,-126.70068359375,66.86582946777344,19.800182342529297,20.35883331298828,0.7570737143828279,19.055674731241794,0.04475192353129387,0.6550753116607666,0.0,0.00075,-1.822028636932373,-1.7089636325836182,0.1616974025964737,0.18105334043502808,0.0003,199.5249481201172
hamilton_ppo,0,1540,616000,-0.0017158342352980992,204.0171633911133,0.7013091790676117,0.004085815977305174,0.04652499973308295,0.2619308829307556,0.16973154246807098,0.45701056718826294,14.354668617248535,-79.0728759765625,72.0435562133789,20.096433639526367,16.708776473999023,0.814160299898598,13.43681437293034,0.05351429805159569,0.7456931471824646,0.000125,0.00025,-1.8325878381729126,-1.7177801132202148,0.15999898314476013,0.17946408689022064,0.0003,119.06610870361328
hamilton_ppo,0,1550,620000,-0.0013582068490548417,221.5906298828125,0.7151177930831909,0.0058710332959890366,0.0429750000545755,0.2921835780143738,0.1693490743637085,0.4627216160297394,14.946115493774414,-70.5693130493164,97.4006576538086,19.986230850219727,17.76511573791504,0.700017240395245,14.741634352468864,0.07255800068378448,0.7838982343673706,0.0,0.0,-1.8438376188278198,-1.7120853662490845,0.15820911526679993,0.18048901855945587,0.0003,111.58827209472656
hamilton_ppo,0,1560,624000,-0.0014682073115836847,245.138331451416,0.7175406527519226,0.003952184692025185,0.030199999841861426,0.25703996419906616,0.16921952366828918,-0.8531681895256042,15.705430030822754,-83.60342407226562,61.48515319824219,20.07794952392578,18.22078514099121,0.8185329192422303,16.113449676491626,0.07787207514047623,0.6424342393875122,0.000125,0.0005,-1.8424708843231201,-1.7147232294082642,0.1584254950284958,0.1800135225057602,0.0003,128.1773223876953
hamilton_ppo,0,1570,628000,-0.0025686090796356443,176.01785125732422,0.7230964595079422,0.006893178913742304,0.07219999998342246,0.35178518295288086,0.16820894181728363,0.5303133130073547,13.407739639282227,-69.43974304199219,64.07926940917969,20.416828155517578,16.65313720703125,0.7405089787106273,15.70935780307537,0.08884504437446594,0.7934907078742981,0.0,0.00025,-1.8438154458999634,-1.7248191833496094,0.15821263194084167,0.17820526659488678,0.0003,79.07319641113281
hamilton_ppo,0,1580,632000,-0.0010753656389220724,282.2877084350586,0.7293329524993897,0.006278402172029018,0.027774999998509884,0.30724072456359863,0.16836325824260712,1.8337005376815796,16.811115264892578,-99.10398864746094,114.60893249511719,21.949716567993164,20.197860717773438,0.722276148717144,20.286647726440677,0.06422753632068634,0.5829153060913086,0.0,0.00025,-1.8442466259002686,-1.7227067947387695,0.15814441442489624,0.178582102060318,0.0003,134.6969757080078
hamilton_ppo,0,1590,636000,-0.0004806462371227127,267.71615814208985,0.7307553815841675,0.0022912444546818733,0.00942499992903322,0.2938464879989624,0.16816575825214386,-2.9918575286865234,16.53898811340332,-133.2418212890625,55.180294036865234,18.765478134155273,19.68155288696289,0.7645168043221408,34.18330825920655,0.04216230288147926,0.7293139100074768,0.0,0.0,-1.8421233892440796,-1.7268093824386597,0.15848055481910706,0.17785096168518066,0.0003,104.52015686035156
hamilton_ppo,0,1600,640000,-0.0005294984643929723,276.8458291625977,0.7324235624074936,0.002843730617314577,0.020149999922141434,0.3505232334136963,0.1679803431034088,-0.3894398510456085,16.706052780151367,-92.19808959960938,72.71963500976562,17.115097045898438,20.72965431213379,0.794261128460167,20.763150010708404,0.05066445842385292,0.606829047203064,0.000125,0.00025,-1.8462791442871094,-1.7252002954483032,0.1578233242034912,0.17813734710216522,0.0003,145.5732879638672
hamilton_ppo,0,1610,644000,-0.0028012011330003574,301.79624374389647,0.7393785274028778,0.004323716275393963,0.03964999997522682,0.33102965354919434,0.16691812872886658,0.5793325304985046,17.382200241088867,-102.75389099121094,102.2286376953125,18.248043060302734,21.252073287963867,0.8128254333711368,18.83146826482686,0.0877964198589325,0.4703115224838257,0.0,0.0,-1.8542349338531494,-1.7301175594329834,0.15657268464565277,0.1772635579109192,0.0003,185.51197814941406
hamilton_ppo,0,1620,648000,-0.0006732520909160477,267.8759197998047,0.7474985527992248,0.004788981284946203,0.04387499994598329,0.2797888517379761,0.16702322661876678,0.5619890093803406,16.514667510986328,-70.69964599609375,114.79503631591797,18.729467391967773,19.459869384765625,0.8120377911367026,18.36213006462891,0.07581578195095062,0.8298240303993225,0.0,0.0,-1.84575617313385,-1.7364728450775146,0.15790587663650513,0.17614057660102844,0.0003,129.9374542236328
hamilton_ppo,0,1630,652000,-0.0012965499853871743,199.484620513916,0.7428587001562118,0.004381384700536728,0.037750000087544325,0.26146596670150757,0.16724790632724762,0.9764012694358826,14.268044471740723,-89.51292419433594,91.84120178222656,19.59184455871582,16.602718353271484,0.8038778914170318,15.501428851785747,0.06897858530282974,0.7842410802841187,0.000125,0.00025,-1.8469034433364868,-1.7329001426696777,0.15772482752799988,0.17677100002765656,0.0003,85.35492706298828
hamilton_ppo,0,1640,656000,-0.0014133737852156636,246.76572982788085,0.737825590968132,0.005284738726913929,0.04007500001229346,0.22934842109680176,0.16791927814483643,1.1340159177780151,15.892070770263672,-116.21324157714844,105.28080749511719,20.886390686035156,18.103036880493164,0.8165397964529262,19.120069765104912,0.05066801980137825,1.1178332567214966,0.0,0.0,-1.8491398096084595,-1.7233566045761108,0.15737247467041016,0.1784660816192627,0.0003,126.84830474853516
hamilton_ppo,0,1650,660000,0.0006658774069626805,228.88063995361327,0.7287883365154266,0.010076462291181087,0.06030000001192093,0.30927497148513794,0.16871802508831024,-1.243147373199463,15.199766159057617,-111.79471588134766,75.75828552246094,19.30811309814453,18.28876304626465,0.8903643321317896,16.682007823878088,0.05638483911752701,0.5587019920349121,0.0,0.0,-1.8509658575057983,-1.712852120399475,0.1570853590965271,0.1803506761789322,0.0003,107.18684387207031
hamilton_ppo,0,1660,664000,-0.0004694577146306944,288.9933151245117,0.7302903836965561,0.0036525398027151823,0.0282750001270324,0.37042397260665894,0.16797026991844177,0.8054846525192261,17.23244857788086,-74.5869369506836,95.27955627441406,20.351150512695312,21.71815299987793,0.8389759370470203,25.425130795000815,0.041606757789850235,1.2683619260787964,0.00025,0.00075,-1.854637622833252,-1.7179651260375977,0.1565096527338028,0.17943088710308075,0.0003,105.49600219726562
hamilton_ppo,0,1670,668000,-0.003684705003525597,214.33597366333007,0.7360698795318603,0.005522868130356073,0.04997500003315508,0.5023251175880432,0.16780638694763184,-0.23679986596107483,14.738595962524414,-77.10745239257812,57.14421463012695,19.854001998901367,20.89215660095215,0.8132211720771426,20.236086249712347,0.055051300674676895,1.1274856328964233,0.0,0.0,-1.852670669555664,-1.721515417098999,0.15681779384613037,0.1787949800491333,0.0003,118.6058578491211
hamilton_ppo,0,1680,672000,-0.0009418229265447664,469.97212585449216,0.73838128387928,0.0029507973231375217,0.026399999978020786,0.2975143790245056,0.16736987233161926,-0.8633193373680115,21.934371948242188,-99.0735092163086,152.70639038085938,19.65484619140625,26.170166015625,0.8617086989786752,35.437558450330236,0.033802468329668045,1.571471929550171,0.000125,0.0005,-1.8547559976577759,-1.7245758771896362,0.15649113059043884,0.17824861407279968,0.0003,271.71197509765625
hamilton_ppo,0,1690,676000,-0.0015557574661419515,314.30404525756836,0.7400979906320572,0.0027636915910989046,0.03212500003166497,0.3240417242050171,0.16768524050712585,-1.279007077217102,17.951492309570312,-100.56222534179688,100.7231674194336,18.045127868652344,21.834365844726562,0.7739285001736123,29.650650780835743,0.0502481684088707,0.7510104775428772,0.000125,0.00025,-1.8522067070007324,-1.7232792377471924,0.15689057111740112,0.1784798949956894,0.0003,155.0972137451172
hamilton_ppo,0,1700,680000,7.217895592948054e-05,409.9731854248047,0.7392476159334183,0.004268639720976353,0.028099999874830247,0.30434441566467285,0.16739650070667267,-3.889310598373413,20.25921630859375,-160.93138122558594,71.38374328613281,13.414419174194336,24.289886474609375,0.8209707961022414,36.89702389875141,0.054698020219802856,0.6592695116996765,0.0,0.0005,-1.8511431217193604,-1.7274589538574219,0.157057523727417,0.17773544788360596,0.0003,217.58668518066406
hamilton_ppo,0,1710,684000,-0.0020142071560119846,521.0091271972656,0.7409154373407364,0.004600312560796738,0.032100000069476664,0.18358087539672852,0.16737467050552368,-2.012408971786499,23.013206481933594,-133.24472045898438,80.0893325805664,11.774943351745605,25.469507217407227,0.7426040363195082,37.534370931213424,0.0599990040063858,0.5855166912078857,0.000375,0.001,-1.8428174257278442,-1.735121726989746,0.15837058424949646,0.17637872695922852,0.0003,285.8623962402344
hamilton_ppo,0,1720,688000,-0.0011309580478933645,364.6339129638672,0.743049042224884,0.004213498905301094,0.023125000107102098,0.16663861274719238,0.16668958961963654,2.0023679733276367,19.179088592529297,-95.81319427490234,87.0267562866211,13.014091491699219,21.00928497314453,0.8379201818398367,20.87668626131905,0.033997248858213425,0.703097939491272,0.00025,0.00075,-1.8465262651443481,-1.7395758628845215,0.1577843278646469,0.17559485137462616,0.0003,195.8465118408203
hamilton_ppo,0,1730,692000,-0.0012310536574346776,579.7527987670899,0.7504727828502655,0.0035481422673910856,0.029675000165589153,0.056688010692596436,0.16624659299850464,-0.47533485293388367,24.239503860473633,-135.54495239257812,133.5870361328125,12.680063247680664,24.957210540771484,0.7763325573298403,22.078420794984396,0.06653739511966705,0.7381094098091125,0.000375,0.001,-1.845538854598999,-1.745526909828186,0.15794019401073456,0.17455299198627472,0.0003,272.2254638671875
hamilton_ppo,0,1740,696000,-0.000988384259363375,367.41863616943357,0.7573378008604049,0.0022757607512176037,0.02882500003557652,0.10447424650192261,0.16544944047927856,0.3463945984840393,19.253402709960938,-82.97206115722656,94.8358154296875,13.099649429321289,20.345504760742188,0.9099724274640566,15.98810908564463,0.041208986192941666,0.8903859853744507,0.000125,0.00075,-1.852325201034546,-1.748545527458191,0.1568719893693924,0.17402687668800354,0.0003,195.96197509765625
hamilton_ppo,0,1750,700000,-0.0016517182168769074,285.6170623779297,0.7653654450178147,0.005472674034535885,0.030325000016018747,0.16078442335128784,0.16502460837364197,-0.19329775869846344,17.05341339111328,-94.37893676757812,80.9532470703125,13.25002384185791,18.61549186706543,0.9558596960072417,15.786408491635505,0.051723308861255646,1.2599072456359863,0.000375,0.001,-1.8530614376068115,-1.7527732849121094,0.15675653517246246,0.17329269647598267,0.0003,162.12103271484375
hamilton_ppo,0,1760,704000,-0.0003463762772516965,627.8279721069335,0.7710556781291962,0.0022314018569886684,0.010149999978020787,0.15114641189575195,0.16442856192588806,-5.739621639251709,25.068729400634766,-107.50635528564453,170.7661590576172,7.423505783081055,27.209209442138672,0.8986173323025172,48.315537921650915,0.036642421036958694,1.4312853813171387,0.000125,0.00075,-1.8598253726959229,-1.7535547018051147,0.15569981932640076,0.17315731942653656,0.0003,231.6819610595703
hamilton_ppo,0,1770,708000,-0.0012695847723280162,532.5930554199218,0.7792756408452988,0.0037693618796765804,0.030725000044330954,0.09557551145553589,0.1637514978647232,2.435173749923706,23.202293395996094,-95.25401306152344,132.68380737304688,9.825174331665039,24.39746856689453,0.8443152478683079,27.46727977380748,0.04375316947698593,1.3216931819915771,0.000125,0.0005,-1.859292984008789,-1.7618885040283203,0.15578274428844452,0.17172026634216309,0.0003,257.9685974121094
hamilton_ppo,0,1780,712000,0.00012163253043381062,276.0382344055176,0.7808398288488388,0.0028564785607159138,0.01780000012833625,0.22145116329193115,0.16429278254508972,0.8834158778190613,16.683135986328125,-113.89442443847656,70.81474304199219,10.888105392456055,18.907527923583984,0.9169171182136131,15.029973805555066,0.04814242199063301,0.6800357699394226,0.0,0.0,-1.8524231910705566,-1.7618378400802612,0.15685661137104034,0.1717289686203003,0.0003,135.9588165283203
hamilton_ppo,0,1790,716000,-0.0004889791694979096,728.6226760864258,0.77470483481884,0.00457729259505868,0.024625000013038516,0.12244808673858643,0.16455981135368347,-3.2473013401031494,27.03471565246582,-193.5860137939453,123.1004867553711,7.212161064147949,28.85927391052246,0.7949976591801692,31.421146496033558,0.032118894159793854,0.6942425966262817,0.00025,0.00075,-1.8549615144729614,-1.7564270496368408,0.15645897388458252,0.17266066372394562,0.0003,305.1222839355469
hamilton_ppo,0,1800,720000,-0.0012614748071668148,383.4610803222656,0.780287698507309,0.004161383491009474,0.03172500014305115,0.1584455966949463,0.16315829753875732,0.7455034255981445,19.63140106201172,-111.71798706054688,117.679931640625,7.976639747619629,21.399824142456055,0.8420236198147147,17.905485817219333,0.06269007921218872,0.7655562162399292,0.0,0.00025,-1.8624826669692993,-1.765916347503662,0.15528662502765656,0.1710299849510193,0.0003,245.22171020507812
hamilton_ppo,0,1810,724000,-0.00359950168442154,556.2284954833984,0.7939376080036163,0.003438817337155342,0.05380000005010516,0.08165836334228516,0.16260692477226257,1.879857063293457,23.626379013061523,-97.26895141601562,130.43832397460938,9.781615257263184,24.65443229675293,0.9104506197571004,25.0973935751369,0.04311208054423332,0.8545475602149963,0.00025,0.001,-1.8624950647354126,-1.7723737955093384,0.15528470277786255,0.1699291169643402,0.0003,266.7071838378906
hamilton_ppo,0,1820,728000,-0.0021607834767273727,257.62439041137696,0.8026043683290481,0.00308797275647521,0.05100000014994294,0.14215397834777832,0.1615949273109436,0.37204575538635254,16.108470916748047,-92.576904296875,57.078216552734375,9.716769218444824,17.392004013061523,0.8898047673040104,12.841844595765055,0.063442662358284,0.6018035411834717,0.0,0.00025,-1.8731799125671387,-1.7745749950408936,0.15363433957099915,0.16955550014972687,0.0003,111.43116760253906
hamilton_ppo,0,1830,732000,-0.0024395347774450824,484.65139434814455,0.8209825003147125,0.005918205250054598,0.06407499985769391,0.05617094039916992,0.15970343351364136,0.8176918625831604,22.09433937072754,-128.65394592285156,104.01124572753906,10.171759605407715,22.742298126220703,0.8576474554344122,15.838679975454339,0.06534964591264725,0.818605363368988,0.0,0.0005,-1.8896892070770264,-1.7820780277252197,0.15111877024173737,0.16828808188438416,0.0003,226.7133026123047
hamilton_ppo,0,1840,736000,-0.0016763049511719164,342.8013180541992,0.8403464406728745,0.006268388591706753,0.056424999982118605,0.075783371925354,0.15876397490501404,-1.1844524145126343,18.54729461669922,-100.0239486694336,85.89546203613281,9.134413719177246,19.292728424072266,0.8823767644064604,13.710805417139655,0.051558252424001694,0.6221140623092651,0.0,0.00075,-1.8920987844467163,-1.791122555732727,0.15075507760047913,0.16677285730838776,0.0003,180.10948181152344
hamilton_ppo,0,1850,740000,-0.002884320016609854,641.948761291504,0.8542994278669357,0.004661351442337036,0.045874999957159164,0.045019567012786865,0.1573960930109024,-0.7507119178771973,25.34320831298828,-128.30844116210938,158.98150634765625,8.211786270141602,25.933692932128906,0.9350263850597451,15.201600675919636,0.08696046471595764,0.40473535656929016,0.00025,0.001,-1.8984581232070923,-1.8018535375595093,0.1497994065284729,0.1649927794933319,0.0003,297.2168884277344
hamilton_ppo,0,1860,744000,-0.00021605751174774923,411.7723550415039,0.8610400849580765,0.008434641174972057,0.04857499989680946,0.010931432247161865,0.1576513946056366,1.5552898645401,20.384998321533203,-106.98773956298828,119.48521423339844,9.90569019317627,20.497339248657227,0.9592556267021304,13.836542462369593,0.07523185759782791,0.7668496966362,0.0,0.0,-1.886373519897461,-1.8098289966583252,0.15162065625190735,0.16368211805820465,0.0003,196.99139404296875
hamilton_ppo,0,1870,748000,-0.000841160034800123,300.39429260253905,0.8624278378486633,0.0036729443818330765,0.05479999966453761,0.03032529354095459,0.1565631479024887,3.5299289226531982,17.280582427978516,-77.6381607055664,106.3594741821289,13.283238410949707,17.548715591430664,0.9455235388203778,16.436863527895365,0.06783295422792435,0.6745321750640869,0.00025,0.0005,-1.8894705772399902,-1.8203164339065552,0.15115180611610413,0.1619744896888733,0.0003,132.74888610839844
hamilton_ppo,0,1880,752000,-0.002431413048393374,462.11981811523435,0.8802816128730774,0.004774411208927631,0.053775000236928466,0.031201064586639404,0.1554661989212036,0.1528375744819641,21.524761199951172,-108.18608856201172,99.28694152832031,13.517132759094238,21.86862564086914,0.9201912918198554,12.223372889078654,0.05859031900763512,0.5862835645675659,0.0,0.00075,-1.8974943161010742,-1.826422095298767,0.14994387328624725,0.16098853945732117,0.0003,210.9412841796875
hamilton_ppo,0,1890,756000,-0.0009651571472080888,326.97669372558596,0.8893681526184082,0.0040329196490347385,0.02352500014472753,0.015083909034729004,0.15462346374988556,4.427942276000977,17.952241897583008,-59.64128875732422,113.42351531982422,17.997880935668945,18.089189529418945,0.899065113136794,24.33325368544507,0.05986850708723068,0.7904983758926392,0.0,0.00025,-1.9045095443725586,-1.8303884267807007,0.14889563620090485,0.16035126149654388,0.0003,161.10438537597656
hamilton_ppo,0,1900,760000,-0.00064234567116364,493.1421044921875,0.8939128571748733,0.005196048878133297,0.042324999962002036,0.027009189128875732,0.15523724257946014,0.7489499449729919,22.2756290435791,-90.41638946533203,104.0875473022461,18.59010887145996,22.582685470581055,0.938004018471575,14.618414550923205,0.06357832998037338,0.7477401494979858,0.000125,0.00025,-1.8934924602508545,-1.8330230712890625,0.1505451202392578,0.15992936491966248,0.0003,241.80296325683594
hamilton_ppo,0,1910,764000,-0.0005467681366979393,446.2602520751953,0.8868540269136429,0.0038050594739615917,0.010249999994412064,0.08061087131500244,0.15534955263137817,-1.6278355121612549,21.43391990661621,-105.18154907226562,80.79409790039062,16.79160499572754,22.35382843017578,0.8958590605091113,24.329795084793403,0.050718042999506,1.1104769706726074,0.0,0.0,-1.8878512382507324,-1.8369513750076294,0.15139678120613098,0.15930233895778656,0.0003,241.52455139160156
hamilton_ppo,0,1920,768000,-0.0012799937780830061,341.42815841674803,0.8894425237178802,0.005392719991505146,0.03720000002067536,0.18884915113449097,0.15492622554302216,1.0476826429367065,18.571582794189453,-84.95023345947266,128.3166961669922,17.777591705322266,20.62044906616211,0.878063615233718,17.154633700900366,0.06283362209796906,0.6551213264465332,0.0,0.0,-1.8974246978759766,-1.8332182168960571,0.14995431900024414,0.15989814698696136,0.0003,154.48219299316406
hamilton_ppo,0,1930,772000,-0.0014312871307440211,477.40927520751956,0.8963818895816803,0.004006271716207266,0.03639999994076788,0.15153318643569946,0.15416944026947021,-2.7644808292388916,21.866567611694336,-108.57795715332031,104.95780181884766,14.346403121948242,23.739044189453125,0.8531555629310569,24.44775784155884,0.04809356853365898,0.7369429469108582,0.0,0.0,-1.9020323753356934,-1.838386058807373,0.14926494657993317,0.15907396376132965,0.0003,223.04055786132812
hamilton_ppo,0,1940,776000,-0.0014943502872716507,319.83901504516604,0.9104209977388382,0.00431457394734025,0.022449999894015492,0.19463598728179932,0.15268951654434204,-0.47266149520874023,17.911060333251953,-91.46776580810547,74.70890808105469,14.464775085449219,19.9583740234375,0.9580165340543373,17.608142915641764,0.086245596408844,0.5600733757019043,0.0,0.0,-1.901055097579956,-1.8581033945083618,0.1494108885526657,0.15596815943717957,0.0003,203.53695678710938
hamilton_ppo,0,1950,780000,-0.00105126364832413,428.4893322753906,0.9251547580957413,0.002805422991514206,0.019999999897554518,0.2122982144355774,0.15214219689369202,-1.6145707368850708,20.820831298828125,-101.41452026367188,89.12779235839844,12.624393463134766,23.459413528442383,0.8992168318737428,25.60761413220072,0.0399654321372509,1.5626691579818726,0.0,0.00025,-1.908642053604126,-1.8578813076019287,0.14828160405158997,0.15600280463695526,0.0003,245.7578887939453
hamilton_ppo,0,1960,784000,-0.00032869403880904537,673.673486328125,0.9304427140951157,0.002783220959827304,0.020999999921768903,0.2038511037826538,0.1518256962299347,-0.4743182361125946,26.06026840209961,-162.72601318359375,98.59130859375,11.871769905090332,29.206647872924805,0.8693864569451102,33.810512644044735,0.02713073045015335,0.8117707967758179,0.0,0.00025,-1.9105205535888672,-1.8601577281951904,0.14800332486629486,0.15564808249473572,0.0003,357.19964599609375
hamilton_ppo,0,1970,788000,-0.0015222543904667063,473.8897546386719,0.9348385417461396,0.004233939573168755,0.036750000016763804,0.1569945216178894,0.15133053064346313,-1.1859756708145142,22.029767990112305,-110.11042785644531,96.78311157226562,11.801726341247559,23.993562698364258,0.8869249629249002,32.458300327842615,0.05430244281888008,1.1467677354812622,0.0,0.00025,-1.9081655740737915,-1.8687995672225952,0.14835228025913239,0.15430878102779388,0.0003,225.24903869628906
hamilton_ppo,0,1980,792000,-0.0030776165173410776,512.8210168457031,0.9421996927261352,0.004643244203180075,0.0461000001616776,0.17045629024505615,0.15078096091747284,-1.4179476499557495,22.6944580078125,-148.78770446777344,133.04412841796875,10.116171836853027,24.917251586914062,0.9226306378819217,25.313290436408483,0.05398453772068024,0.6805811524391174,0.000125,0.00025,-1.9073411226272583,-1.8767470121383667,0.14847463369369507,0.1530872881412506,0.0003,179.19729614257812
hamilton_ppo,0,1990,796000,-0.001213263238489164,579.1928817749024,0.9497710412740707,0.004256542772054672,0.019174999888055027,0.05270129442214966,0.1501586139202118,2.667336940765381,24.16585922241211,-87.45133972167969,160.30416870117188,12.26249885559082,24.8289737701416,0.965248526775172,26.0087382485635,0.030603863298892975,1.0020111799240112,0.000125,0.00075,-1.9087861776351929,-1.8834998607635498,0.148260235786438,0.1520569920539856,0.0003,309.1506652832031
hamilton_ppo,0,2000,800000,-0.0013388952577879554,640.3420123291015,0.9606291913986206,0.0035718667786568403,0.019050000086426735,0.12904661893844604,0.14914345741271973,-3.589573860168457,25.253326416015625,-143.90682983398438,139.8997802734375,8.193513870239258,27.059585571289062,0.8067242520563004,27.45754237865528,0.048518937081098557,0.8625202178955078,0.0,0.0,-1.9071553945541382,-1.8985563516616821,0.14850221574306488,0.14978469908237457,0.0003,245.43826293945312
hamilton_ppo,0,2010,804000,-0.0015031355166545879,401.97252166748046,0.9649439173936843,0.007279407232999802,0.04910000018775463,0.15877008438110352,0.14960628747940063,-0.4017312526702881,20.08423614501953,-93.77869415283203,106.5357437133789,8.98108959197998,21.897672653198242,0.905637534865771,17.822220936880917,0.06673454493284225,0.6284027695655823,0.0,0.0,-1.9094842672348022,-1.890105962753296,0.1481567770242691,0.15105579793453217,0.0003,193.42747497558594
hamilton_ppo,0,2020,808000,-0.00038939673171553226,265.49063690185545,0.9639586359262466,0.004762681201100349,0.036625000033527616,0.2567034363746643,0.1491750180721283,0.8734827637672424,16.3618221282959,-87.16535186767578,70.21502685546875,9.253860473632812,18.978008270263672,0.9210931856137696,16.272487381952054,0.06656233221292496,0.9764227867126465,0.0,0.0,-1.9184160232543945,-1.887099266052246,0.14683936536312103,0.15151067078113556,0.0003,130.3656768798828
hamilton_ppo,0,2030,812000,-0.0018051215898740303,366.5777183532715,0.9670128583908081,0.004021372180432081,0.04387499986216426,0.16851705312728882,0.14940482378005981,1.3651880025863647,19.186508178710938,-113.86749267578125,121.77845764160156,10.7123441696167,21.041141510009766,0.8770881435324449,15.471142457514645,0.0606841966509819,0.8866221308708191,0.0,0.00025,-1.9293171167373657,-1.8736491203308105,0.14524734020233154,0.1535622775554657,0.0003,169.86007690429688
hamilton_ppo,0,2040,816000,-0.0031563048789510616,419.5922848510742,0.9659605777263641,0.006917389575392008,0.05784999973606318,0.06704497337341309,0.14925912022590637,2.8981354236602783,20.517417907714844,-102.35672760009766,106.32722473144531,13.196562767028809,21.241849899291992,0.8635201394867502,24.827797086242427,0.06893755495548248,0.767676830291748,0.0,0.0005,-1.9375115633010864,-1.8678444623947144,0.14406199753284454,0.1544562429189682,0.0003,177.58322143554688
hamilton_ppo,0,2050,820000,-0.0022581661358824934,595.6004840087891,0.9719366931915283,0.004006764851510525,0.04620000005234033,0.03911310434341431,0.1484895646572113,0.5682406425476074,24.463762283325195,-131.02842712402344,124.62796020507812,13.558591842651367,24.956697463989258,0.9725169287406775,18.61995541041738,0.051347557455301285,0.5510533452033997,0.000125,0.0005,-1.936688780784607,-1.8786348104476929,0.14418058097362518,0.15279856324195862,0.0003,324.8985900878906
hamilton_ppo,0,2060,824000,-0.0011547553341788408,822.1707037353516,0.9724085813760758,0.0033646579831838608,0.029975000070407987,-0.011600852012634277,0.14939990639686584,4.196250915527344,28.65644645690918,-211.56968688964844,178.80746459960938,17.289194107055664,28.49165916442871,0.8648162364459213,31.913100453006038,0.04667862132191658,0.882607638835907,0.0,0.0,-1.930299997329712,-1.87278413772583,0.14510466158390045,0.15369516611099243,0.0003,459.97509765625
hamilton_ppo,0,2070,828000,-0.0010435716250634863,549.608212890625,0.9642145043611526,0.0037013255059719086,0.052999999960884454,0.03691589832305908,0.14943403005599976,-1.5666805505752563,23.452871322631836,-106.53887939453125,134.16452026367188,15.181906700134277,23.898130416870117,0.9162302609857672,12.248062658762265,0.06374283134937286,0.7053411602973938,0.0,0.00025,-1.938546061515808,-1.864620566368103,0.14391304552555084,0.15495499968528748,0.0003,249.08233642578125
hamilton_ppo,0,2080,832000,-0.001053413314296634,674.7263543701172,0.9683328938484191,0.0057141100987792015,0.050024999929592015,0.05654716491699219,0.14891009032726288,-2.7945973873138428,25.993911743164062,-143.86195373535156,155.81614685058594,12.83407974243164,26.761568069458008,0.9217714820987579,20.959292329447003,0.07131737470626831,0.6419747471809387,0.0,0.00025,-1.9431935548782349,-1.8670796155929565,0.14324575662612915,0.1545744240283966,0.0003,340.8364562988281
hamilton_ppo,0,2090,836000,-0.0016635496007183991,788.6102807617187,0.9747228574752808,0.004108595661818981,0.02652499998919666,0.05421239137649536,0.1485377699136734,-0.10895165801048279,28.201997756958008,-161.59262084960938,106.23529052734375,13.363356590270996,28.99900245666504,0.9360010215246458,20.51166993671546,0.0711330994963646,1.3136048316955566,0.00025,0.00125,-1.9403455257415771,-1.874567985534668,0.14365430176258087,0.15342123806476593,0.0003,455.5365295410156
hamilton_ppo,0,2100,840000,-0.0012171466593441415,723.5777380371094,0.9798705893754959,0.007264112122356892,0.04407500004861504,0.030287504196166992,0.1477774977684021,3.1147255897521973,26.898277282714844,-140.354736328125,151.44155883789062,16.873945236206055,27.315109252929688,0.9293943976195423,25.14850807686357,0.054363325238227844,0.8357371091842651,0.0,0.00025,-1.9395045042037964,-1.8853243589401245,0.14377516508102417,0.15177981555461884,0.0003,401.3078918457031
hamilton_ppo,0,2110,844000,-0.0017218203074537764,559.1207827758789,0.9881144905090332,0.004741485230624676,0.033775000008754434,0.07470417022705078,0.1476415991783142,-1.2977840900421143,23.706514358520508,-163.10641479492188,128.34178161621094,15.212871551513672,24.64491844177246,0.8898184693062672,19.086121572147352,0.041626010090112686,0.641566276550293,0.000125,0.0005,-1.943198800086975,-1.883623480796814,0.14324501156806946,0.15203820168972015,0.0003,234.68045043945312
hamilton_ppo,0,2120,848000,-0.000586009699088752,358.97073822021486,0.9933764976263046,0.00366971455514431,0.04062499988824129,0.1481492519378662,0.146977961063385,1.3601984977722168,18.997697830200195,-111.3401870727539,119.16383361816406,16.814762115478516,20.583499908447266,0.9144861455920641,18.291237565889457,0.058696307241916656,0.5154154896736145,0.000125,0.00075,-1.9383459091186523,-1.8970263004302979,0.14394184947013855,0.15001405775547028,0.0003,168.96473693847656
hamilton_ppo,0,2130,852000,-0.0009556376495675067,454.0918273925781,1.0009279280900956,0.0027948187198489904,0.027399999951012433,0.11378061771392822,0.1465568244457245,0.8975962996482849,21.32294273376465,-84.54476928710938,110.77568817138672,17.50423240661621,22.650434494018555,0.9179640021176689,19.350158100643405,0.05304010957479477,0.5807571411132812,0.00025,0.00075,-1.9511183500289917,-1.8904845714569092,0.14211505651474,0.15099862217903137,0.0003,228.91494750976562
hamilton_ppo,0,2140,856000,-0.0007037548167907559,525.1881637573242,0.9998430633544921,0.005412743892520666,0.04947500011883676,0.09787309169769287,0.14734195172786713,2.541940450668335,22.971691131591797,-100.38182067871094,128.3671417236328,19.657024383544922,24.185728073120117,0.851652975310871,27.451889064577855,0.04652448743581772,0.596778392791748,0.000125,0.00025,-1.93980073928833,-1.8907979726791382,0.14373259246349335,0.1509513109922409,0.0003,243.253173828125
hamilton_ppo,0,2150,860000,4.0126193230385355e-05,629.6782876586914,0.9950080490112305,0.004494135268032551,0.022349999947473408,0.07604056596755981,0.1468014270067215,2.278402805328369,25.086170196533203,-131.74893188476562,120.3224868774414,22.444971084594727,26.098041534423828,0.8947066028447466,25.166404497078865,0.06604845821857452,0.5578940510749817,0.0,0.00025,-1.9466644525527954,-1.891446590423584,0.14274942874908447,0.15085342526435852,0.0003,317.74530029296875
hamilton_ppo,0,2160,864000,-0.0006078550538462934,649.1910513305664,1.0009762823581696,0.0036372803151607513,0.01842499996069819,0.12996554374694824,0.14666606485843658,-3.4211580753326416,25.576587677001953,-130.01437377929688,145.9114990234375,18.586708068847656,27.420438766479492,0.8495264636723882,38.114242505992316,0.036951448768377304,0.7955502271652222,0.0,0.0,-1.9436873197555542,-1.8960732221603394,0.14317505061626434,0.15015709400177002,0.0003,329.3868713378906
hamilton_ppo,0,2170,868000,-0.0028302295234112584,609.2329388427735,1.006278587579727,0.005783966742455959,0.048774999915622175,0.11104613542556763,0.14606785774230957,4.471214294433594,24.612396240234375,-126.57864379882812,161.3741455078125,23.6897029876709,26.104434967041016,0.9181486397854001,36.69351257068068,0.05577494204044342,1.1534651517868042,0.000125,0.0005,-1.9525290727615356,-1.8956477642059326,0.14191469550132751,0.15022100508213043,0.0003,307.6842041015625
hamilton_ppo,0,2180,872000,-0.0009770600708025067,759.4900201416016,1.0109558391571045,0.003636701498180628,0.023624999984167516,-0.02216053009033203,0.14596888422966003,-3.965667486190796,27.959379196166992,-155.1396942138672,138.5625762939453,19.63018035888672,27.654638290405273,0.9044772645164878,54.78247103315848,0.029681270942091942,1.2769070863723755,0.0,0.0,-1.9557963609695435,-1.8938853740692139,0.14145177602767944,0.15048597753047943,0.0003,318.80859375
hamilton_ppo,0,2190,876000,-0.0012626891294588915,670.0679891967774,1.012973576784134,0.003491602372378111,0.023974999971687793,0.09918195009231567,0.1458289474248886,0.34250780940055847,26.009883880615234,-180.43409729003906,110.04261779785156,19.632400512695312,27.404373168945312,0.9103271607565663,24.430417866621887,0.0464998260140419,0.8660908341407776,0.0,0.0,-1.9543811082839966,-1.8970814943313599,0.14165212213993073,0.1500057727098465,0.0003,339.3791809082031
hamilton_ppo,0,2200,880000,-0.0011194689097465016,345.4623767089844,1.0178297567367554,0.0029011431615799665,0.022649999964050947,0.15216374397277832,0.1451074331998825,0.7374481558799744,18.65451431274414,-108.1492691040039,102.18983459472656,20.65380859375,20.259464263916016,0.9066687867885136,19.15222250761402,0.053042903542518616,0.8096193075180054,0.0,0.0,-1.958845615386963,-1.9025094509124756,0.14102111756801605,0.14919376373291016,0.0003,164.4190216064453
hamilton_ppo,0,2210,884000,-0.0006922483597751116,529.1718585205078,1.0263735330104828,0.003687435295432806,0.025874999943189324,0.13864892721176147,0.14472655951976776,2.535367250442505,23.052345275878906,-110.63846588134766,106.2047119140625,23.00599479675293,24.83847999572754,0.8870747625847036,27.20445762829537,0.0582689493894577,1.1158456802368164,0.0,0.0,-1.9525243043899536,-1.9136712551116943,0.14191538095474243,0.14753775298595428,0.0003,257.53155517578125
hamilton_ppo,0,2220,888000,-0.0027615278000324927,300.6845764160156,1.0315912222862245,0.0041550882160663605,0.027974999989382923,0.19002366065979004,0.14422276616096497,1.4170506000518799,17.541879653930664,-96.97351837158203,120.71306610107422,24.73796272277832,19.49126434326172,0.9196826930508035,24.78069078020189,0.052562665194272995,1.3439888954162598,0.000125,0.00025,-1.9611296653747559,-1.912259578704834,0.1406993865966797,0.14774616062641144,0.0003,126.83284759521484
hamilton_ppo,0,2230,892000,-0.00021333122292016782,425.53144592285156,1.0341676461696625,0.0028566347900778055,0.020300000035203995,0.1302955150604248,0.1443955898284912,-3.3706674575805664,20.718875885009766,-124.77488708496094,131.9539794921875,21.992671966552734,22.216739654541016,0.9737018483922479,29.9868644051478,0.046127159148454666,1.1508709192276,0.0,0.0,-1.9626080989837646,-1.9085203409194946,0.1404915302991867,0.1482996642589569,0.0003,221.52908325195312
hamilton_ppo,0,2240,896000,-0.001022262960929039,763.5932482910156,1.030341799259186,0.0036501516588032246,0.009650000068359078,0.11103129386901855,0.14496980607509613,6.707049369812012,27.47077178955078,-122.17582702636719,124.82040405273438,29.61302947998047,29.135845184326172,0.9155115405001092,61.5054322985972,0.057194363325834274,1.231268286705017,0.0,0.0,-1.9562451839447021,-1.9068249464035034,0.14138831198215485,0.14855130016803741,0.0003,360.2588806152344
hamilton_ppo,0,2250,900000,-0.002726594195637162,338.2455543518066,1.0266672050952912,0.007782091852277517,0.050099999671801926,0.24724942445755005,0.14455518126487732,1.8335217237472534,18.521360397338867,-85.26322174072266,99.01397705078125,30.611621856689453,21.347515106201172,0.9336160719443732,23.56597540514411,0.057826194912195206,1.1556631326675415,0.0,0.0,-1.9496535062789917,-1.9187729358673096,0.14232338964939117,0.14678697288036346,0.0003,163.138916015625
hamilton_ppo,0,2260,904000,-0.0007809845390846038,633.2096688842773,1.0321853828430176,0.00428204657509923,0.026150000113993883,0.13300657272338867,0.14431342482566833,0.2987782061100006,25.247339248657227,-183.2118682861328,121.06175231933594,32.8365478515625,27.114883422851562,0.8812375880352894,32.82397476781377,0.05600285157561302,2.028637647628784,0.0,0.0,-1.9493560791015625,-1.9223614931106567,0.1423657089471817,0.14626115560531616,0.0003,349.7962646484375
hamilton_ppo,0,2270,908000,-0.0019789648845334805,867.1749487304687,1.035775957107544,0.0034261755645275116,0.022974999942816793,0.1684969663619995,0.1439153552055359,-4.9982171058654785,29.630571365356445,-196.04901123046875,106.6849365234375,27.858383178710938,32.49436950683594,0.8765549323318108,77.29099487851013,0.034503668546676636,1.2649115324020386,0.0,0.0,-1.9504188299179077,-1.9267807006835938,0.14221449196338654,0.14561623334884644,0.0003,420.64117431640625
hamilton_ppo,0,2280,912000,-0.001258650107119319,511.89352447509765,1.0377158164978026,0.0037819952704012394,0.02647499998100102,0.27826356887817383,0.14415380358695984,-0.9186623692512512,22.717344284057617,-154.85415649414062,133.34609985351562,26.56277084350586,26.740421295166016,0.9261202024239847,31.875360521427787,0.05597864091396332,1.4594457149505615,0.0,0.0,-1.946391224861145,-1.9274474382400513,0.14278842508792877,0.1455191820859909,0.0003,221.70462036132812
hamilton_ppo,0,2290,916000,-0.003139729343631181,383.23200164794923,1.0306944179534911,0.005497526377439499,0.046300000012852255,0.392142117023468,0.14494186639785767,-0.1489226073026657,19.778614044189453,-116.6830825805664,97.08528900146484,25.70155143737793,25.368499755859375,0.877320991882454,33.58414314474147,0.0534202866256237,1.6616840362548828,0.000125,0.00025,-1.9403270483016968,-1.9225964546203613,0.14365696907043457,0.14622679352760315,0.0003,160.08033752441406
hamilton_ppo,0,2300,920000,-0.0016893388022974243,594.7688955688477,1.0247597301006317,0.0034274174831807613,0.025350000062026083,0.38616639375686646,0.1449035108089447,-0.9710739850997925,24.53219223022461,-183.66734313964844,107.22614288330078,23.734638214111328,31.3120174407959,0.8178462483018528,36.08801299718549,0.05355190113186836,1.7634656429290771,0.0,0.00075,-1.9441819190979004,-1.919346570968628,0.14310424029827118,0.14670278131961823,0.0003,315.4770202636719
hamilton_ppo,0,2310,924000,-0.0013445397489267653,457.71301422119143,1.030019108057022,0.0025487705133855343,0.024649999914690853,0.3908936381340027,0.1441556215286255,-2.2504258155822754,21.52143096923828,-113.48719787597656,123.22224426269531,20.559627532958984,27.57557487487793,0.8650572697785033,44.86974835723622,0.03699289262294769,0.9919968247413635,0.0,0.0,-1.961166262626648,-1.913134217262268,0.1406942456960678,0.14761699736118317,0.0003,235.5623779296875
hamilton_ppo,0,2320,928000,-0.0025308608669903166,338.1743862915039,1.0389055323600769,0.005669870413839817,0.05117499990388751,0.3871616721153259,0.14385968446731567,1.386871576309204,18.58455467224121,-135.18411254882812,101.44136047363281,21.692663192749023,23.739917755126953,0.9412664458691918,29.792374853757124,0.0690273642539978,1.1572492122650146,0.0,0.00075,-1.960357666015625,-1.9179261922836304,0.14080804586410522,0.14691130816936493,0.0003,178.664306640625
hamilton_ppo,0,2330,932000,-0.0006769803965893484,443.04162658691405,1.0337584030628204,0.0032891586888581514,0.03414999997243285,0.276897668838501,0.14476525783538818,-0.5622355341911316,21.151809692382812,-152.31344604492188,142.94979858398438,21.020225524902344,24.874114990234375,0.8161600519561396,24.208046567763464,0.04410974308848381,0.9188066124916077,0.0,0.0,-1.9442201852798462,-1.9211958646774292,0.14309877157211304,0.14643174409866333,0.0003,283.85089111328125
hamilton_ppo,0,2340,936000,-0.0015029720420832748,800.3436322021485,1.0265644156932832,0.0034300689585506916,0.030725000114180147,0.19116336107254028,0.1446969211101532,-3.214062452316284,28.37839126586914,-169.19007873535156,165.30979919433594,17.994626998901367,31.554214477539062,0.9635174578915121,48.40300496767199,0.048100363463163376,0.7109379172325134,0.0,0.0005,-1.9427005052566528,-1.9236184358596802,0.14331640303134918,0.14607743918895721,0.0003,322.0982971191406
hamilton_ppo,0,2350,940000,-0.002359315298256117,506.75904693603513,1.0328653621673585,0.006818247027695179,0.05657499988563359,0.220883309841156,0.14402836561203003,-0.6291462779045105,22.610260009765625,-145.61952209472656,122.98983764648438,17.266876220703125,25.61558723449707,0.8745806679567173,30.50669283117507,0.04956760257482529,0.6488794088363647,0.000125,0.0005,-1.9520719051361084,-1.923620581626892,0.14197960495948792,0.14607711136341095,0.0003,276.17193603515625
hamilton_ppo,0,2360,944000,-6.511690009173954e-05,575.3524478149415,1.0430941915512084,0.005417475942522287,0.0220499999076128,0.18941974639892578,0.1433074176311493,-1.2190910577774048,24.097219467163086,-90.04811096191406,148.04434204101562,15.782705307006836,26.765104293823242,0.9297629334616514,30.89435762450696,0.045605290681123734,0.9918434023857117,0.00025,0.00075,-1.9624472856521606,-1.9234590530395508,0.14051412045955658,0.1461007297039032,0.0003,312.9006652832031
hamilton_ppo,0,2370,948000,-0.000758624237100598,525.7657763671875,1.050290538072586,0.004634988494217396,0.02772499996703118,0.09382593631744385,0.14306268095970154,3.6796655654907227,22.96686363220215,-177.15615844726562,134.23179626464844,20.324020385742188,24.1265869140625,0.9891596778393585,34.43391847805563,0.044980864971876144,0.9855223298072815,0.0,0.00025,-1.9679992198944092,-1.921486496925354,0.13973616063594818,0.1463891863822937,0.0003,266.4825744628906
hamilton_ppo,0,2380,952000,-0.0029490330682514455,620.2906890869141,1.056278805732727,0.004777440335601568,0.047399999951012434,0.12881535291671753,0.14233842492103577,-1.775862216949463,24.944189071655273,-138.82923889160156,107.04899597167969,19.18539810180664,26.724788665771484,1.0624368256437016,29.00146276953176,0.06403663754463196,0.7320690155029297,0.0,0.00025,-1.9717795848846436,-1.9277994632720947,0.13920889794826508,0.14546795189380646,0.0003,289.5648193359375
hamilton_ppo,0,2390,956000,-0.0011892565677699184,919.5528924560547,1.06296457529068,0.00425615394487977,0.02099999994505197,0.08248734474182129,0.14216524362564087,2.8903439044952393,30.357891082763672,-170.4357147216797,218.86305236816406,22.258390426635742,31.693161010742188,0.8199428406609367,40.57151584161693,0.04566938802599907,0.8123067617416382,0.00025,0.00075,-1.972254991531372,-1.9297276735305786,0.1391427367925644,0.14518773555755615,0.0003,415.2751770019531
hamilton_ppo,0,2400,960000,-0.001106218815117428,499.5482125854492,1.072643119096756,0.002777078887447715,0.031149999955669045,0.20498037338256836,0.1407690942287445,-0.9422020316123962,22.442733764648438,-115.14251708984375,93.82203674316406,20.606117248535156,25.170209884643555,0.949281838085866,30.108703620932165,0.04272333160042763,1.2456321716308594,0.0,0.00025,-1.974257469177246,-1.947194218635559,0.13886438310146332,0.1426738202571869,0.0003,226.3201141357422
hamilton_ppo,0,2410,964000,-0.0013902727556193905,421.69545013427734,1.0794339025020598,0.004438783973455429,0.0447000000718981,0.23358434438705444,0.14141421020030975,-0.5805028676986694,20.584941864013672,-117.0819091796875,86.86504364013672,19.82317543029785,23.51350975036621,0.9541212591948084,21.860272310052586,0.07209247350692749,1.0738685131072998,0.0,0.00075,-1.9729640483856201,-1.9394409656524658,0.1390441209077835,0.143784299492836,0.0003,199.1444091796875
hamilton_ppo,0,2420,968000,-0.000660082185421198,604.0024475097656,1.079138833284378,0.0036094088573008776,0.030649999789893627,0.19911819696426392,0.14054474234580994,1.08390474319458,24.662736892700195,-108.46273803710938,187.63009643554688,20.50592803955078,27.55859375,0.957037178334207,39.023920112384324,0.045190658420324326,0.6207247376441956,0.0,0.00025,-1.9851003885269165,-1.9398698806762695,0.13736681640148163,0.14372265338897705,0.0003,358.55780029296875
hamilton_ppo,0,2430,972000,-0.001093661719987722,859.3709655761719,1.0915290665626527,0.006335752550512552,0.038324999790638685,0.00471264123916626,0.14002901315689087,-1.126243233680725,29.79971694946289,-153.2526092529297,122.6366958618164,20.396108627319336,29.87018394470215,0.95184144243801,65.382362483958,0.05222514644265175,0.8338543772697449,0.00025,0.0005,-1.9868578910827637,-1.9453833103179932,0.13712561130523682,0.14293242990970612,0.0003,451.2397155761719
hamilton_ppo,0,2440,976000,-0.00016569432361939195,438.99077758789065,1.0951881539821624,0.0037711351178586483,0.033674999857321385,0.1152758002281189,0.13995349407196045,-1.6990138292312622,21.034637451171875,-119.23297882080078,81.5687026977539,17.13287925720215,22.363052368164062,0.9354097276650158,20.206287089133458,0.04636472463607788,0.9968664646148682,0.0,0.00025,-1.996236801147461,-1.9375152587890625,0.13584552705287933,0.14406144618988037,0.0003,224.83746337890625
hamilton_ppo,0,2450,980000,-0.001216142540921279,508.04517974853513,1.102704281806946,0.006624894682317972,0.07794999989215284,0.04621720314025879,0.1387450248003006,-0.16444891691207886,22.658939361572266,-107.7426986694336,133.5089874267578,17.134489059448242,23.201433181762695,0.980405401221796,19.168788464254163,0.058137789368629456,0.8011484146118164,0.0,0.0,-2.0003671646118164,-1.9504895210266113,0.13528560101985931,0.1422044336795807,0.0003,215.31396484375
hamilton_ppo,0,2460,984000,-0.002189722165602144,564.6751913452149,1.1186849498748779,0.005767466500401497,0.06979999974370003,0.0474432110786438,0.13815438747406006,1.1070585250854492,23.800621032714844,-89.09181213378906,238.20880126953125,18.47966766357422,24.38612937927246,0.8802683873339123,15.438931019400325,0.05991429463028908,0.7763499021530151,0.0,0.0,-1.998725414276123,-1.9604085683822632,0.13550789654254913,0.14080087840557098,0.0003,196.85494995117188
hamilton_ppo,0,2470,988000,-0.0036609861436087154,652.827515258789,1.1133895647525787,0.006402987986803055,0.07752499993890524,0.04722338914871216,0.13912633061408997,-1.66331946849823,25.567867279052734,-268.35784912109375,135.3358917236328,16.425357818603516,26.19382667541504,0.9677295954010446,16.72244669354015,0.05893515795469284,0.7699038982391357,0.0,0.0,-2.0005085468292236,-1.9450074434280396,0.1352664828300476,0.14298616349697113,0.0003,289.5269775390625
hamilton_ppo,0,2480,992000,-0.0025544167547413956,562.8593426513672,1.1068531703948974,0.006975905504077673,0.06467499968130141,0.06534332036972046,0.13909509778022766,-1.203542709350586,23.771751403808594,-118.39553833007812,124.9751205444336,16.0898380279541,24.588674545288086,0.8470564215037811,17.02197511985733,0.04961323365569115,1.1162570714950562,0.000125,0.00025,-2.0011417865753174,-1.9448453187942505,0.13518084585666656,0.14300934970378876,0.0003,301.106689453125
hamilton_ppo,0,2490,996000,-0.0020730686101160245,311.79231048583983,1.1144472503662108,0.00827989261597395,0.07362499973736704,0.15441608428955078,0.13817641139030457,-0.07098144292831421,17.710140228271484,-91.8941650390625,78.04125213623047,15.8411226272583,19.25943946838379,0.962718507167936,13.064110758162997,0.08790944516658783,0.7675467729568481,0.0,0.0,-2.006885051727295,-1.9523074626922607,0.1344067007303238,0.14194615185260773,0.0003,131.5775909423828
hamilton_ppo,0,2500,1000000,-0.0012294561727845554,267.52697952270506,1.1282264709472656,0.003284762380644679,0.04360000006388873,0.17604529857635498,0.13727566599845886,1.0055692195892334,16.424583435058594,-74.76101684570312,124.49302673339844,17.008438110351562,18.09433937072754,0.9946361931180818,14.786532635966314,0.047285690903663635,0.8789941072463989,0.0,0.0,-2.013457775115967,-1.9588170051574707,0.13352617621421814,0.14102515578269958,0.0003,168.13169860839844
hamilton_ppo,1,10,4000,-0.0030686460672295635,58.416795349121095,0.1703093333542347,0.004463511519134045,0.02087500006891787,0.0015736818313598633,0.22128239274024963,2.921236753463745,7.400665283203125,-46.1751594543457,45.65830612182617,2.9340479373931885,7.406495094299316,0.6612671080328554,5.015064535928627,0.08935795724391937,1.6165165901184082,0.0,0.00025,-1.5024734735488892,-1.51419198513031,0.22257892787456512,0.21998585760593414,0.0003,28.99432945251465
hamilton_ppo,1,20,8000,-0.002154256967478432,49.079105911254885,0.18485470339655877,0.005589678883552551,0.03452499992214143,0.0154496431350708,0.21978557109832764,1.7065815925598145,7.001952648162842,-47.31988525390625,33.785396575927734,4.181734085083008,7.056676387786865,0.630899579523214,3.365691468766973,0.13190720975399017,1.4153763055801392,0.0,0.00025,-1.5008573532104492,-1.5295543670654297,0.2229389250278473,0.2166321724653244,0.0003,22.400184631347656
hamilton_ppo,1,30,12000,-0.0006569250708696917,80.78736938476563,0.19895801573991775,0.0029807330574840307,0.004099999936297536,0.036056578159332275,0.21787886321544647,1.9508659839630127,9.0009765625,-50.55666732788086,45.25718307495117,6.187994003295898,9.16777229309082,0.6587337346123822,5.605304067745712,0.08858125656843185,1.330743432044983,0.0,0.0,-1.5094714164733887,-1.5383694171905518,0.22102676331996918,0.21473094820976257,0.0003,46.00679397583008
hamilton_ppo,1,40,16000,-0.0009149554969484619,54.91414627075196,0.21087492644786834,0.0030065521132200956,0.0106749999942258,0.1271071434020996,0.21780723333358765,1.8573987483978271,7.447014331817627,-49.3391227722168,40.022300720214844,7.909817218780518,7.970796585083008,0.6099478965434499,6.4334122875723825,0.09661173075437546,1.235048770904541,0.000125,0.0005,-1.5110477209091187,-1.5374157428741455,0.22067862749099731,0.21493585407733917,0.0003,22.650279998779297
hamilton_ppo,1,50,20000,-0.0016518649823327003,72.55654445648193,0.21121502459049224,0.002602868713438511,0.012800000091083348,0.03031855821609497,0.21759818494319916,3.5053257942199707,8.411201477050781,-21.331947326660156,87.89183044433594,11.195115089416504,8.541683197021484,0.6211315063747778,13.831159771748652,0.05994381010532379,1.2103019952774048,0.0,0.0,-1.5141597986221313,-1.536171555519104,0.21999295055866241,0.2152034342288971,0.0003,37.98910903930664
hamilton_ppo,1,60,24000,-0.0003429728827453804,73.00281314849853,0.2105417923629284,0.0010901892092078924,0.0028249999461695554,0.0712348222732544,0.21840444207191467,2.368487596511841,8.483186721801758,-44.93098068237305,54.969512939453125,13.721019744873047,8.80250072479248,0.6025716120661015,8.77964307028409,0.07009882479906082,0.7933687567710876,0.0,0.0,-1.5092943906784058,-1.5336674451828003,0.22106590867042542,0.21574297547340393,0.0003,26.42266273498535
hamilton_ppo,1,70,28000,-0.0016846487718583348,117.45385261535644,0.2024976269900799,0.002730022417381406,0.010824999939650297,0.09796684980392456,0.21881207823753357,-0.5828844308853149,11.110644340515137,-58.741912841796875,48.95582962036133,13.042435646057129,11.698440551757812,0.5875722216277931,11.765844290142777,0.08931813389062881,1.387968897819519,0.0,0.0,-1.509605050086975,-1.529578685760498,0.22099724411964417,0.21662691235542297,0.0003,58.71752166748047
hamilton_ppo,1,80,32000,-0.004651928466039683,28.574535732269286,0.1997482618689537,0.006037362851202488,0.04587500002700835,0.43079662322998047,0.21899926662445068,0.5784921646118164,5.450373649597168,-29.664554595947266,27.915414810180664,12.870000839233398,7.224246025085449,0.6092708681715873,4.176504125316203,0.1456373780965805,0.6586893796920776,0.0,0.0,-1.5123025178909302,-1.525112271308899,0.22040192782878876,0.2175966203212738,0.0003,14.320673942565918
hamilton_ppo,1,90,36000,-0.0010367923174744663,81.49102005004883,0.20152662917971612,0.0021338541992008686,0.023749999976716937,0.2903063893318176,0.2185371220111847,0.8911248445510864,9.044127464294434,-46.358829498291016,54.98567199707031,13.372081756591797,10.73572063446045,0.6131001378699454,6.939169355720214,0.058904990553855896,0.497286319732666,0.0,0.0,-1.513528823852539,-1.5281232595443726,0.2201317846775055,0.2169424146413803,0.0003,41.67304611206055
hamilton_ppo,1,100,40000,-0.0035544266580327523,79.09992889404298,0.2088490292429924,0.004988613072782755,0.03415000008884817,0.31262195110321045,0.21723440289497375,0.9072328805923462,8.919597625732422,-39.58209991455078,57.810699462890625,14.973288536071777,10.758393287658691,0.5989167119175284,6.674359100487187,0.11762216687202454,0.596075177192688,0.0,0.0,-1.5199036598205566,-1.5337004661560059,0.21873295307159424,0.21573585271835327,0.0003,39.10921859741211
hamilton_ppo,1,110,44000,-0.0019140689371415665,75.8888882446289,0.2211051182448864,0.0027229455299675465,0.012349999998696149,0.28003615140914917,0.21578863263130188,1.4557998180389404,8.72441291809082,-53.700069427490234,62.35611343383789,16.993364334106445,10.28207778930664,0.6010347767432599,8.578485334775591,0.10874608904123306,0.725677490234375,0.0,0.0,-1.5273936986923218,-1.5395549535751343,0.21710075438022614,0.2144765406847,0.0003,38.29927444458008
hamilton_ppo,1,120,48000,-0.002357193184662174,98.43877014160157,0.23144298046827316,0.0024182386696338654,0.010174999930895864,0.2690417766571045,0.21524718403816223,-0.0348081961274147,10.130904197692871,-47.13581848144531,76.08880615234375,15.719598770141602,11.8495512008667,0.5960781228248214,12.287950918831587,0.0919097289443016,1.1288813352584839,0.0,0.0,-1.530268669128418,-1.5417003631591797,0.21647749841213226,0.2140168845653534,0.0003,50.31884002685547
hamilton_ppo,1,130,52000,-0.0016033517533453035,84.40548347473144,0.2355213764309883,0.003013000823557377,0.014650000026449561,0.41744452714920044,0.2149679958820343,-0.45999419689178467,9.3475341796875,-58.756263732910156,47.522552490234375,15.285831451416016,12.246964454650879,0.6419010766543736,10.86364557263325,0.06462884694337845,0.8422486186027527,0.0,0.0,-1.5314784049987793,-1.5430876016616821,0.21621578931808472,0.2137201875448227,0.0003,49.77153396606445
hamilton_ppo,1,140,56000,-0.0018041389691421505,114.15877517700196,0.2365165065228939,0.002619751263409853,0.012249999977648258,0.40450751781463623,0.21497361361980438,0.7028453350067139,10.776168823242188,-67.71998596191406,77.85334014892578,15.910104751586914,13.964527130126953,0.6251471407332674,11.94718007910366,0.05514538288116455,0.9477856159210205,0.0,0.0,-1.5358777046203613,-1.5386041402816772,0.21526667475700378,0.2146805375814438,0.0003,55.09273147583008
hamilton_ppo,1,150,60000,-0.0007717540913250565,83.91390964508057,0.23882538795471192,0.004828072153031826,0.010649999948218464,0.42006969451904297,0.2142307609319687,2.5232603549957275,9.18877124786377,-39.283119201660156,62.939327239990234,19.1109561920166,12.06617259979248,0.6421182445693533,16.16476068121762,0.09380543977022171,0.73917555809021,0.0,0.0,-1.5372087955474854,-1.5442065000534058,0.2149803191423416,0.21348120272159576,0.0003,36.822391510009766
hamilton_ppo,1,160,64000,-0.0017330258827794754,87.4990758895874,0.2449197541177273,0.003641601651906967,0.009999999986030161,0.45691508054733276,0.21416272222995758,0.7689241766929626,9.606518745422363,-56.116947174072266,36.86912536621094,19.912858963012695,13.035633087158203,0.5426721656794646,14.032432799071938,0.09659845381975174,0.950433611869812,0.0,0.0,-1.5381020307540894,-1.5439448356628418,0.21478837728500366,0.2135370820760727,0.0003,50.47248840332031
hamilton_ppo,1,170,68000,-0.0010313587228534748,143.29243957519532,0.24776537492871284,0.002537816297262907,0.010424999902024865,0.47983306646347046,0.2132076770067215,0.5156799554824829,12.207141876220703,-117.50416564941406,74.65980529785156,19.556446075439453,16.9255428314209,0.6358802344502614,21.170650934140777,0.03753962367773056,0.857071042060852,0.0,0.0,-1.5474541187286377,-1.5435268878936768,0.21278902888298035,0.21362634003162384,0.0003,64.17877960205078
hamilton_ppo,1,180,72000,-0.0024387210452627194,131.7064591217041,0.25418552845716474,0.0031937710009515285,0.013599999994039536,0.5868858098983765,0.21319779753684998,-0.7995545864105225,11.851627349853516,-79.40104675292969,53.98681640625,18.97281265258789,18.439237594604492,0.6067557000476321,26.98129070926953,0.07649900019168854,0.7486358880996704,0.0,0.0,-1.5443376302719116,-1.5467336177825928,0.21345321834087372,0.21294237673282623,0.0003,74.17473602294922
hamilton_ppo,1,190,76000,-0.00067300712720753,44.84707048416138,0.25710044473409654,0.0019291877979412675,0.0028499999595806,0.7715193629264832,0.21204225718975067,-0.10657290369272232,6.882253646850586,-44.048946380615234,34.365623474121094,20.198352813720703,14.398127555847168,0.6325960507133858,11.815268347867523,0.05052410066127777,0.8294770121574402,0.0,0.0,-1.5571552515029907,-1.5448222160339355,0.21073471009731293,0.21334980428218842,0.0003,20.34539222717285
hamilton_ppo,1,200,80000,-0.0009453400860196793,92.76224449157715,0.26672746300697325,0.0017829915741458535,0.005799999963492155,0.6200088262557983,0.21140384674072266,0.06587234139442444,9.855691909790039,-50.93574142456055,55.04441833496094,18.955806732177734,15.988228797912598,0.6489489190294432,16.729889006521073,0.07475163787603378,1.0812441110610962,0.0,0.0,-1.560820460319519,-1.5471959114074707,0.20996373891830444,0.21284396946430206,0.0003,42.57512283325195
hamilton_ppo,1,210,84000,-0.0003991533764727073,108.37757972717286,0.27026474714279175,0.003689221339300275,0.007974999966099858,0.45077353715896606,0.21154242753982544,1.7809052467346191,10.952977180480957,-55.15310287475586,99.12898254394531,20.88161849975586,14.779388427734375,0.6337652166422747,27.61350275990957,0.04804222658276558,1.3785333633422852,0.0,0.0,-1.5594068765640259,-1.547289252281189,0.21026074886322021,0.21282410621643066,0.0003,54.82045364379883
hamilton_ppo,1,220,88000,-0.0009677463097883443,31.053628826141356,0.2703321123123169,0.0020593851804733276,0.010724999881349504,0.7824727296829224,0.21093058586120605,0.27216869592666626,5.651586532592773,-27.05852699279785,42.246681213378906,19.761632919311523,12.117512702941895,0.5889415943715606,7.17865553231695,0.07468230277299881,0.8150238394737244,0.0,0.0,-1.567460298538208,-1.5451167821884155,0.20857422053813934,0.21328695118427277,0.0003,12.202555656433105
hamilton_ppo,1,230,92000,-0.00040118240229276126,47.2267652130127,0.2725573655962944,0.002090111607685685,0.008149999952875077,0.7134386301040649,0.21166643500328064,-0.2943111062049866,6.921296119689941,-27.584917068481445,32.42211151123047,19.94379997253418,12.929408073425293,0.602968903738394,9.179970938614192,0.07782121747732162,0.46922457218170166,0.0,0.00025,-1.5643212795257568,-1.541298508644104,0.209229975938797,0.21410290896892548,0.0003,20.653615951538086
hamilton_ppo,1,240,96000,-0.0022659283645160033,68.82284175872803,0.2706398904323578,0.0040959143079817295,0.021524999989196658,0.6294260025024414,0.21075162291526794,-0.5191884636878967,8.437575340270996,-52.558815002441406,40.19545364379883,18.738296508789062,13.860541343688965,0.6104157295726474,11.528685740845793,0.10414980351924896,0.9131234288215637,0.0,0.0,-1.5682414770126343,-1.5460318326950073,0.2084113508462906,0.2130918949842453,0.0003,29.999343872070312
hamilton_ppo,1,250,100000,-0.0005169856730660261,39.244286670684815,0.27801317036151885,0.0026703078765422106,0.010650000008754433,0.7401990294456482,0.21042637526988983,-0.06867921352386475,6.432851314544678,-34.98707580566406,33.975563049316406,18.226882934570312,12.620691299438477,0.5947371654651994,8.133886262127584,0.09300770610570908,1.2083653211593628,0.0,0.0,-1.572203278541565,-1.5452176332473755,0.20758730173110962,0.21326546370983124,0.0003,20.650489807128906
hamilton_ppo,1,260,104000,-0.0015726886538435813,54.89342025756836,0.2776231282949448,0.0026963171549141407,0.01095000002067536,0.6775961518287659,0.21103262901306152,1.3401821851730347,7.440581321716309,-38.680137634277344,70.04943084716797,18.815587997436523,13.104086875915527,0.6538221295599214,10.194793809474486,0.09727036207914352,1.0263148546218872,0.0,0.0,-1.572402834892273,-1.5393552780151367,0.20754589140415192,0.21451935172080994,0.0003,27.795991897583008
hamilton_ppo,1,270,108000,-0.001512378044359508,77.88371532440186,0.27392943382263185,0.0034344717860221863,0.009649999914690852,0.601273775100708,0.21090856194496155,-1.82326078414917,8.94343376159668,-53.02727127075195,38.34858703613281,17.245891571044922,14.16338062286377,0.5658981043529105,15.942337161120623,0.09833493083715439,0.5849235653877258,0.0,0.0,-1.5707604885101318,-1.542106032371521,0.20788702368736267,0.21393008530139923,0.0003,43.284542083740234
hamilton_ppo,1,280,112000,-0.00235574376785153,67.1895280456543,0.2816745963692665,0.003733152523636818,0.03142500001005828,0.683303713798523,0.20939874649047852,-0.6087395548820496,8.284896850585938,-64.37162017822266,56.787689208984375,16.618547439575195,14.72196102142334,0.5984105762993555,13.286246749123931,0.10679484158754349,0.7392641305923462,0.0,0.0,-1.577924370765686,-1.5493102073669434,0.20640307664871216,0.21239441633224487,0.0003,27.56402587890625
hamilton_ppo,1,290,116000,-6.551339783746002e-05,105.53081230163575,0.2895619451999664,0.001842693192884326,0.004199999962002039,0.6303387880325317,0.20955631136894226,-1.32314932346344,10.4428071975708,-51.013404846191406,75.07112884521484,14.57010269165039,17.17573356628418,0.6299246158865787,19.139270939988663,0.026408275589346886,0.8275547027587891,0.0,0.0,-1.5714360475540161,-1.554164171218872,0.20774663984775543,0.2113659679889679,0.0003,42.094539642333984
hamilton_ppo,1,300,120000,-0.001950024618291355,114.81264228820801,0.286668558716774,0.0050677163526415825,0.019724999996833505,0.5619568228721619,0.2096666693687439,0.7397584319114685,11.052700996398926,-45.85557556152344,88.48089599609375,14.63705825805664,16.699750900268555,0.5952502330296154,18.094631506400624,0.10639172047376633,1.4273979663848877,0.0,0.0,-1.570176124572754,-1.554358959197998,0.2080085426568985,0.2113248109817505,0.0003,50.51783752441406
hamilton_ppo,1,310,124000,-0.002956883658493461,194.00051345825196,0.28927859127521516,0.004513175692409277,0.03975000017788261,0.33132731914520264,0.20900247991085052,0.1287558227777481,14.211426734924316,-76.01167297363281,109.4720230102539,16.36315155029297,17.379243850708008,0.6224730587626593,19.948634759551677,0.06106271594762802,1.3183155059814453,0.0,0.0,-1.5744434595108032,-1.5564557313919067,0.2071227878332138,0.21088217198848724,0.0003,105.8262939453125
hamilton_ppo,1,320,128000,-0.0012989592314806941,68.85636329650879,0.30277531981468203,0.004727262072265148,0.033925000219605865,0.5401691198348999,0.2067081332206726,-0.1095394566655159,8.40644359588623,-55.864227294921875,48.348838806152344,15.146486282348633,12.396904945373535,0.5937058291782448,7.758143065725486,0.11666809022426605,0.6609123945236206,0.0,0.0,-1.5816479921340942,-1.5712738037109375,0.2056359350681305,0.20778034627437592,0.0003,35.67768096923828
hamilton_ppo,1,330,132000,-0.0021115750541503076,76.52712394714355,0.3136595579981804,0.00590308615937829,0.033524999897927045,0.48551249504089355,0.20718072354793549,0.2176508754491806,8.82579517364502,-49.231712341308594,49.654022216796875,16.872163772583008,12.304569244384766,0.6150364920586054,8.309615713079195,0.09853025525808334,0.8420747518539429,0.0,0.0,-1.573800802230835,-1.5745269060134888,0.20725594460964203,0.20710550248622894,0.0003,41.84282302856445
hamilton_ppo,1,340,136000,-0.0019323670805606508,81.12865119934082,0.3087750044465065,0.0031993358861654997,0.022450000075623394,0.5210486650466919,0.20728853344917297,-0.898910641670227,9.096933364868164,-73.66635131835938,59.745304107666016,14.635436058044434,13.144659042358398,0.5903456080255346,10.636005789272103,0.07633765786886215,0.7830415368080139,0.0,0.0,-1.5746901035308838,-1.5725980997085571,0.2070717066526413,0.20750534534454346,0.0003,39.788818359375
hamilton_ppo,1,350,140000,-0.00168956079250711,75.52007110595703,0.309720401763916,0.0018593320855870843,0.015574999959208071,0.5604435205459595,0.20696115493774414,0.7009884119033813,8.74015998840332,-51.46432113647461,70.04878234863281,15.922611236572266,13.18293285369873,0.6020679263483921,9.261646072760044,0.07415104657411575,0.8829958438873291,0.0,0.0,-1.5750443935394287,-1.5754039287567139,0.20699836313724518,0.2069239616394043,0.0003,39.928749084472656
hamilton_ppo,1,360,144000,-0.0017604003420841785,111.13685791015625,0.31700086504220965,0.003459793282672763,0.026600000075995923,0.5109505653381348,0.20614293217658997,0.11107684671878815,10.579463958740234,-46.5491828918457,56.01460266113281,14.78280258178711,15.12820053100586,0.5669238558551445,11.486876274964558,0.07956995815038681,0.5577561259269714,0.0,0.0,-1.5740541219711304,-1.584343433380127,0.2072034478187561,0.20508240163326263,0.0003,54.36676788330078
hamilton_ppo,1,370,148000,-0.0020465570516273158,60.85594295501709,0.31895976185798647,0.002662959974259138,0.02387499999254942,0.590103030204773,0.20644137263298035,1.518460988998413,7.857608795166016,-39.645076751708984,71.17649841308594,17.870563507080078,12.273066520690918,0.6183937174835823,10.028406405698114,0.08483658730983734,0.8547683358192444,0.0,0.0,-1.5712088346481323,-1.5843117237091064,0.20779384672641754,0.20508889853954315,0.0003,36.58287048339844
hamilton_ppo,1,380,152000,-0.0015893740193234419,80.56790996551514,0.3161861851811409,0.0034820646978914738,0.011199999921955169,0.5712100863456726,0.2067130208015442,-0.10799020528793335,9.275592803955078,-113.46549987792969,47.53112030029297,17.99229621887207,14.165092468261719,0.5906914177497953,12.112910411810956,0.09780484437942505,1.3891327381134033,0.0,0.0,-1.5679681301116943,-1.584951639175415,0.20846833288669586,0.20495769381523132,0.0003,31.127798080444336
hamilton_ppo,1,390,156000,-0.0011530498868251016,140.17291046142577,0.3171282032132149,0.002538233296945691,0.011399999959394336,0.48306262493133545,0.20623788237571716,-2.162083387374878,11.921797752380371,-72.36572265625,46.320655822753906,15.339049339294434,16.58146095275879,0.6019865868541502,18.986416068565198,0.06965482234954834,0.6448596119880676,0.0,0.0,-1.5688793659210205,-1.5886685848236084,0.20827844738960266,0.20419731736183167,0.0003,69.00302124023438
hamilton_ppo,1,400,160000,-0.0011659918296478278,57.17045238494873,0.3197224935889244,0.002763520460575819,0.013624999960884452,0.7380068302154541,0.20628182590007782,-1.1372305154800415,7.6720075607299805,-62.015342712402344,27.845903396606445,14.38968276977539,14.988702774047852,0.5624543547367105,10.53177907600179,0.08679036051034927,0.7456092834472656,0.0,0.00025,-1.5649162530899048,-1.5922950506210327,0.20910553634166718,0.20345813035964966,0.0003,25.917341232299805
hamilton_ppo,1,410,164000,-0.0019838650683266755,195.90358688354493,0.3180763652920723,0.004082045517861843,0.01612500004004687,0.43758219480514526,0.20661720633506775,-2.1029648780822754,14.069087982177734,-151.9831085205078,41.18578338623047,11.830492973327637,18.760154724121094,0.6004010359359765,22.050190907394352,0.09995022416114807,0.9965704083442688,0.0,0.0,-1.5635154247283936,-1.5904406309127808,0.20939864218235016,0.20383578538894653,0.0003,60.43159866333008
hamilton_ppo,1,420,168000,-0.000630140558027783,53.45094947814941,0.3121227204799652,0.002634668257087469,0.011549999960698188,0.7528949975967407,0.20712608098983765,1.034399151802063,7.335622787475586,-45.928504943847656,33.23228454589844,14.247785568237305,14.756937980651855,0.5215063603597959,10.928516623543155,0.08670248091220856,0.5448063015937805,0.0,0.0,-1.5530219078063965,-1.596301555633545,0.21160754561424255,0.20264460146427155,0.0003,29.29781723022461
hamilton_ppo,1,430,172000,-0.001169880206689955,178.5286703491211,0.3129621076583862,0.005674759857356548,0.01977499986998737,0.40466827154159546,0.206670343875885,-0.31036701798439026,13.56408977508545,-95.55070495605469,86.49773406982422,12.375326156616211,17.579687118530273,0.562277482566978,14.9935177881801,0.0885373130440712,1.0813724994659424,0.0,0.0,-1.555000901222229,-1.5987379550933838,0.2111891806125641,0.20215147733688354,0.0003,76.65636444091797
hamilton_ppo,1,440,176000,-0.004243174553196876,108.8173471069336,0.32183664858341215,0.003509167116135359,0.025625000102445485,0.4871845841407776,0.20507141947746277,0.980140209197998,10.616900444030762,-46.49713134765625,92.25138854980469,15.238496780395508,14.82576847076416,0.5491450164523041,13.473251636824118,0.05952123552560806,1.002150058746338,0.0,0.0,-1.5693951845169067,-1.5996273756027222,0.2081710547208786,0.20197175443172455,0.0003,50.254024505615234
hamilton_ppo,1,450,180000,-0.001087858342409891,66.7719539642334,0.3302581813931465,0.0029182517901062965,0.011724999882280826,0.6111692190170288,0.20549172163009644,0.38589027523994446,8.238137245178223,-56.239990234375,51.125221252441406,15.376848220825195,13.211395263671875,0.5324647368921134,7.929110014250302,0.09163002669811249,0.7293712496757507,0.0,0.0,-1.565352201461792,-1.5996407270431519,0.2090144008398056,0.20196907222270966,0.0003,35.087276458740234
hamilton_ppo,1,460,184000,-0.0014054749307301773,129.9741825866699,0.3333738195896149,0.0030815224163234234,0.010175000000745059,0.3474707007408142,0.20362892746925354,1.4321902990341187,11.558663368225098,-48.258148193359375,92.22762298583984,16.153472900390625,14.308943748474121,0.5158830266576914,12.369157938107193,0.1006111428141594,1.230228304862976,0.0,0.0,-1.5784372091293335,-1.6046464443206787,0.20629723370075226,0.20096059143543243,0.0003,70.0615463256836
hamilton_ppo,1,470,188000,-0.0014720369624818019,97.65340621948242,0.3477902027964592,0.0022547966800630093,0.017650000024586915,0.43837034702301025,0.2032419741153717,0.22398070991039276,9.92759895324707,-58.61616516113281,63.42365264892578,16.436233520507812,13.247051239013672,0.5347752629528382,10.202557537772982,0.07115080952644348,0.643439531326294,0.0,0.0,-1.5876209735870361,-1.599128246307373,0.2044113278388977,0.2020726054906845,0.0003,48.293212890625
hamilton_ppo,1,480,192000,-0.002309765052540752,235.44810317993165,0.3521644523739815,0.0024748637806624174,0.007825000016018747,0.19250446557998657,0.20231430232524872,1.734756588935852,15.701024055480957,-45.359683990478516,198.42340087890625,18.3547306060791,17.47261619567871,0.5261956219325278,22.572209470143363,0.07156983017921448,1.4153227806091309,0.0,0.0,-1.595120906829834,-1.6007527112960815,0.2028840035200119,0.20174460113048553,0.0003,140.85594177246094
hamilton_ppo,1,490,196000,-0.0017414013514280668,66.03013919830322,0.35221765786409376,0.004141935147345066,0.0333249999769032,0.5559667348861694,0.20354560017585754,0.168458953499794,8.299834251403809,-53.705142974853516,43.974395751953125,17.346698760986328,12.455513954162598,0.5374493908329143,8.374972008158416,0.08301603049039841,1.407234787940979,0.0,0.0,-1.5880268812179565,-1.5957183837890625,0.20432837307453156,0.20276281237602234,0.0003,38.01465606689453
hamilton_ppo,1,500,200000,-0.0021241864923889774,90.30233596801757,0.34431196361780164,0.00428158650174737,0.030250000152736902,0.4758140444755554,0.20368915796279907,-0.9393510818481445,9.568881034851074,-42.983131408691406,39.89560317993164,17.399065017700195,13.216561317443848,0.48654153154757596,9.532850570020516,0.08458760380744934,0.9281163811683655,0.0,0.0,-1.5836807489395142,-1.5986958742141724,0.2052183449268341,0.20215998589992523,0.0003,45.5141487121582
hamilton_ppo,1,510,204000,-0.0010176707493388681,55.41051830291748,0.3457914552092552,0.002341043669730425,0.022125000013038517,0.575653076171875,0.20337921380996704,0.21088796854019165,7.558098316192627,-43.71057891845703,70.86711120605469,17.539714813232422,11.602510452270508,0.5304137034001433,8.005995256973073,0.07104504853487015,0.838714063167572,0.0,0.00025,-1.5852406024932861,-1.600181221961975,0.20489849150180817,0.20185992121696472,0.0003,25.193326950073242
hamilton_ppo,1,520,208000,-0.002494410700548908,124.72890380859376,0.34475410997867584,0.004288452677428722,0.03392500017769635,0.3857317566871643,0.20402300357818604,-0.628978967666626,11.226577758789062,-66.25537872314453,76.84402465820312,16.7366886138916,14.32413387298584,0.531106239608928,12.706498240107821,0.09872287511825562,0.7277294993400574,0.0,0.0,-1.5864263772964478,-1.5926283597946167,0.20465566217899323,0.20339031517505646,0.0003,67.86800384521484
hamilton_ppo,1,530,212000,-0.0023379805694679814,62.38838291168213,0.3401560112833977,0.0038742218166589737,0.027274999916553497,0.576994776725769,0.2041618525981903,0.0590677484869957,7.988966464996338,-50.1264533996582,35.854129791259766,16.683305740356445,12.28337574005127,0.525568073362892,8.663940007251517,0.09309697896242142,0.7821455001831055,0.0,0.0,-1.5771509408950806,-1.6006717681884766,0.20656277239322662,0.201760932803154,0.0003,29.948184967041016
hamilton_ppo,1,540,216000,-0.0013271813976278323,79.37794399261475,0.34124290347099306,0.004752068780362606,0.01874999996740371,0.4894341826438904,0.20372208952903748,-1.5786710977554321,9.129148483276367,-75.44500732421875,39.61345291137695,15.633068084716797,12.77627944946289,0.5101785739281935,12.870214589058538,0.09730839729309082,1.0606606006622314,0.0,0.0,-1.5778870582580566,-1.6042841672897339,0.20641076564788818,0.20103341341018677,0.0003,34.25232696533203
hamilton_ppo,1,550,220000,-0.001376353101927088,98.57858604431152,0.3441028767824173,0.005323989782482386,0.024399999994784594,0.39226388931274414,0.20383760333061218,-0.12160726636648178,10.150195121765137,-44.23947525024414,53.29593276977539,15.638863563537598,13.020176887512207,0.49828861654099826,12.478015251388133,0.09758198261260986,1.0389496088027954,0.0,0.0,-1.5740450620651245,-1.6070911884307861,0.20720534026622772,0.20046989619731903,0.0003,41.14776611328125
hamilton_ppo,1,560,224000,-0.0023551520240056556,31.66513639450073,0.35252197593450546,0.004701160825788975,0.03459999999962747,0.7246767282485962,0.20152202248573303,0.6643250584602356,5.771165370941162,-47.145912170410156,29.584247589111328,16.17019271850586,10.998717308044434,0.5161221807396497,7.597184255124171,0.11748974770307541,0.8735994100570679,0.0,0.0,-1.5808838605880737,-1.6232786178588867,0.2057931274175644,0.19725093245506287,0.0003,16.540294647216797
hamilton_ppo,1,570,228000,-0.0019178422010292717,62.87157936096192,0.3688477823138237,0.0035143911372870207,0.013224999969825148,0.5267293453216553,0.20118200778961182,0.8235011100769043,8.205118179321289,-51.13819885253906,74.43415832519531,16.76575469970703,11.926968574523926,0.5106178676600206,10.39613079024507,0.10222499072551727,1.6629983186721802,0.0,0.0,-1.5820196866989136,-1.6255443096160889,0.20555949211120605,0.19680452346801758,0.0003,35.44594955444336
hamilton_ppo,1,580,232000,-0.0016987851079247785,42.39811429977417,0.36833150625228883,0.0032339785248041153,0.022725000153295694,0.6899685263633728,0.20154297351837158,0.38451671600341797,6.692407131195068,-45.76659393310547,36.314727783203125,16.69595718383789,12.019308090209961,0.44995774181250375,8.365433815445675,0.08116444945335388,0.8259499669075012,0.0,0.0,-1.5779738426208496,-1.6261106729507446,0.20639286935329437,0.19669309258460999,0.0003,19.60124397277832
hamilton_ppo,1,590,236000,-0.0020659438156268094,52.01195732116699,0.3683748197555542,0.00394841656088829,0.01942499998956919,0.6874108910560608,0.20094212889671326,-0.08274244517087936,7.3388776779174805,-53.511932373046875,38.51714324951172,17.398061752319336,13.126312255859375,0.48567883404516493,8.920436585489272,0.09793111681938171,0.8136743307113647,0.0,0.0,-1.582400918006897,-1.6275861263275146,0.20548115670681,0.19640308618545532,0.0003,24.098722457885742
hamilton_ppo,1,600,240000,-0.0026416769624047465,59.6955680847168,0.37190057009458544,0.0031971123535186052,0.012400000020861626,0.6652835607528687,0.20128777623176575,-1.0878163576126099,8.006449699401855,-80.57576751708984,36.49097442626953,15.240172386169434,13.838896751403809,0.4982713856536129,14.082586475829217,0.12336081266403198,1.135167121887207,0.0,0.0,-1.5791360139846802,-1.6274876594543457,0.20615313947200775,0.19642241299152374,0.0003,19.604717254638672
hamilton_ppo,1,610,244000,-0.0028182133912241624,78.43780895233154,0.36315313547849654,0.004676417913287878,0.030725000132806598,0.6344214081764221,0.20225608348846436,-0.2766607701778412,8.996851921081543,-68.75045776367188,31.605852127075195,14.909244537353516,14.879905700683594,0.4568526744784674,11.175663638667071,0.08553218096494675,0.7822612524032593,0.0,0.0,-1.5746716260910034,-1.6223375797271729,0.20707552134990692,0.1974366307258606,0.0003,27.17963409423828
hamilton_ppo,1,620,248000,-0.00239495265362784,44.954759674072264,0.3575189220905304,0.0033823023550212383,0.01579999992623925,0.7415170669555664,0.20224948227405548,-0.15458983182907104,6.8090925216674805,-46.00373840332031,26.144575119018555,13.952911376953125,13.39285945892334,0.4791108794893882,9.296054810839594,0.09797815978527069,0.5454420447349548,0.0,0.0,-1.5659079551696777,-1.631679892539978,0.20889826118946075,0.1956007182598114,0.0003,18.851152420043945
hamilton_ppo,1,630,252000,-0.0033622618194011,140.37446159362793,0.36118400037288667,0.003654215484857559,0.022624999838881193,0.41300565004348755,0.20196256041526794,-0.8178156614303589,11.98392391204834,-62.70982360839844,75.20600891113281,14.45905876159668,15.641633033752441,0.4856125894696278,14.339523071424514,0.0901908427476883,1.0004842281341553,0.0,0.0,-1.5615813732147217,-1.6392731666564941,0.20980402827262878,0.1941210925579071,0.0003,74.39799499511719
hamilton_ppo,1,640,256000,-0.002067048116940713,77.71563056945801,0.3581103345751762,0.0028392949607223272,0.014624999924562872,0.5818893313407898,0.20291732251644135,0.7160565257072449,8.866698265075684,-47.975502014160156,46.593299865722656,15.213615417480469,13.712489128112793,0.5231933209218288,11.381252879418387,0.10803941637277603,0.5677873492240906,0.0,0.0,-1.5531513690948486,-1.638586163520813,0.21158014237880707,0.19425448775291443,0.0003,34.156158447265625
hamilton_ppo,1,650,260000,-0.004074659020997933,90.43772674560547,0.3505637559294701,0.006161743775010109,0.04875000004656613,0.5231841802597046,0.2036556601524353,0.300091028213501,9.568548202514648,-57.88139724731445,46.69712448120117,14.894253730773926,13.857048034667969,0.5010971170183641,10.908992094732257,0.107984259724617,0.656522810459137,0.0,0.0,-1.5504766702651978,-1.633912444114685,0.2121468335390091,0.1951645165681839,0.0003,43.75396728515625
hamilton_ppo,1,660,264000,-0.002144413861401695,107.98857604980469,0.3445884731411934,0.0036173376720398664,0.011899999985471367,0.4313427805900574,0.20392274856567383,-0.2525179982185364,10.738641738891602,-49.551719665527344,75.7953872680664,14.7166166305542,14.240461349487305,0.5358616787306478,15.9728117895985,0.09457802772521973,1.2129933834075928,0.0,0.0,-1.5455433130264282,-1.6365548372268677,0.2131960093975067,0.19464948773384094,0.0003,41.58527755737305
hamilton_ppo,1,670,268000,-0.0008161042758174508,71.40600410461425,0.34828692525625227,0.0036658637691289186,0.010475000012665986,0.4788428544998169,0.20263905823230743,0.2950579822063446,8.694976806640625,-41.11132049560547,63.63945007324219,14.767285346984863,12.0443696975708,0.5021147979027529,9.667294310186598,0.07275133579969406,1.2135913372039795,0.0,0.0,-1.552520513534546,-1.642144799232483,0.21171367168426514,0.19356444478034973,0.0003,48.59651184082031
hamilton_ppo,1,680,272000,-0.001426932247148942,118.49067687988281,0.3623005500435829,0.0029023755341768265,0.015624999958090484,0.31672465801239014,0.2016080766916275,0.46698153018951416,11.135530471801758,-59.40372848510742,65.34320068359375,15.985319137573242,13.47140884399414,0.5010091055807407,12.644317418424123,0.07927238941192627,1.2635778188705444,0.0,0.0,-1.5576056241989136,-1.647262692451477,0.2106398344039917,0.1925763189792633,0.0003,48.59173583984375
hamilton_ppo,1,690,276000,-0.002364111426881572,117.06968566894531,0.36818858653306963,0.005554194562137127,0.02912500009406358,0.40440255403518677,0.20127984881401062,-2.39237642288208,10.947789192199707,-80.07035827636719,31.15079116821289,13.656493186950684,14.185674667358398,0.5224433554898571,15.084931999228978,0.1341797411441803,1.0807971954345703,0.0,0.0,-1.5613402128219604,-1.646594524383545,0.2098546177148819,0.19270503520965576,0.0003,41.12350845336914
hamilton_ppo,1,700,280000,-0.0013754358777045138,96.89755840301514,0.37636302441358566,0.004320037551224232,0.023975000064820052,0.4521246552467346,0.19983333349227905,-0.029242875054478645,9.901567459106445,-47.88282775878906,56.72100830078125,14.086116790771484,13.377134323120117,0.5552407431682568,8.702561391707496,0.08334168791770935,0.533271312713623,0.0,0.0,-1.5803292989730835,-1.6411381959915161,0.20590727031230927,0.19375938177108765,0.0003,55.592018127441406
hamilton_ppo,1,710,284000,-0.0013755217032128718,62.04063823699951,0.3861726808547974,0.0033909915946424007,0.01119999992661178,0.4690122604370117,0.19910676777362823,2.0442512035369873,7.933965682983398,-42.38095474243164,51.43453598022461,17.013242721557617,10.887998580932617,0.49747537727027225,10.696770207484406,0.10190359503030777,0.8949815630912781,0.0,0.0,-1.5857869386672974,-1.6428552865982056,0.20478656888008118,0.1934269517660141,0.0003,26.364957809448242
hamilton_ppo,1,720,288000,-0.002042588643955243,34.7754940032959,0.3978523334860802,0.0032725981436669827,0.03164999986067414,0.6774171590805054,0.19769568741321564,0.30887237191200256,5.948716163635254,-39.77306365966797,29.002071380615234,15.650564193725586,10.473759651184082,0.47563965092029925,6.09899718865971,0.11327105015516281,0.7508886456489563,0.0,0.0,-1.5875695943832397,-1.6556413173675537,0.20442183315753937,0.1909695416688919,0.0003,16.900676727294922
hamilton_ppo,1,730,292000,-0.000980973958963296,31.557091770172118,0.4134726983308792,0.003436623839661479,0.007949999999254942,0.6729440689086914,0.19594797492027283,0.48480749130249023,5.890388488769531,-57.53038024902344,26.291793823242188,16.614383697509766,10.299898147583008,0.54151329049354,7.920198645074997,0.10595901310443878,1.0701758861541748,0.0,0.0,-1.5880506038665771,-1.6735903024673462,0.20432351529598236,0.1875724047422409,0.0003,14.32589054107666
hamilton_ppo,1,740,296000,-0.0019018655217354484,82.93101150512695,0.4206691366434097,0.003908251412212849,0.023600000119768084,0.5259397625923157,0.19660693407058716,-1.884151816368103,9.19124984741211,-54.776763916015625,35.959983825683594,14.568924903869629,13.349278450012207,0.4858467947922275,13.509362269651342,0.08752432465553284,0.8294558525085449,0.0,0.0,-1.5822416543960571,-1.672910451889038,0.2055138796567917,0.18769997358322144,0.0003,43.33367919921875
hamilton_ppo,1,750,300000,-0.0018260714915662923,48.36366031646728,0.4200208705663681,0.0040456196293234825,0.016275000078603625,0.6224185228347778,0.19570161402225494,1.82369065284729,7.102479457855225,-25.1608829498291,44.08882141113281,16.667320251464844,11.558585166931152,0.5733125142020893,12.596886623335184,0.08696403354406357,0.8803654909133911,0.0,0.0,-1.5844374895095825,-1.680181622505188,0.2050631046295166,0.18634013831615448,0.0003,26.142276763916016
hamilton_ppo,1,760,304000,-0.0006394173221517119,92.71660270690919,0.4312975826859474,0.003912544809281826,0.024400000111199915,0.3532458543777466,0.19465693831443787,0.9052331447601318,9.75536823272705,-59.32438278198242,56.96273422241211,17.925506591796875,12.130370140075684,0.5376642512878885,10.887091095524294,0.10606557875871658,0.8336431384086609,0.0,0.0,-1.588197946548462,-1.6872888803482056,0.20429342985153198,0.18502044677734375,0.0003,55.61618423461914
hamilton_ppo,1,770,308000,-0.0014318346390558867,113.44133880615234,0.44095561653375626,0.004589906893670559,0.02297500000335276,0.3990194797515869,0.19413748383522034,-0.738814115524292,10.666223526000977,-63.296512603759766,69.55924987792969,16.092439651489258,13.758797645568848,0.5780074224633229,10.264300979224629,0.09169287234544754,0.3760048449039459,0.0,0.0,-1.588533639907837,-1.69254732131958,0.2042248547077179,0.18405009806156158,0.0003,55.37520980834961
hamilton_ppo,1,780,312000,-0.0019237044708774187,91.47193309783935,0.4396001923084259,0.002880797488614917,0.027375000007450582,0.3844442367553711,0.19493137300014496,0.43057894706726074,9.573739051818848,-93.89224243164062,37.273170471191406,17.467222213745117,12.202474594116211,0.5791172334842158,8.729254457933074,0.08764283359050751,0.5071187019348145,0.0,0.0,-1.589056372642517,-1.6833826303482056,0.20411813259124756,0.18574459850788116,0.0003,52.63970947265625
hamilton_ppo,1,790,316000,-0.0021501799950619915,143.06533157348633,0.4313878729939461,0.0029403697699308395,0.021275000013411045,0.27095621824264526,0.19545996189117432,-0.506578803062439,12.028271675109863,-83.1241455078125,68.96241760253906,17.391254425048828,14.08725643157959,0.5769132972966655,12.54387741768352,0.10137573629617691,0.6032896637916565,0.0,0.0,-1.582993507385254,-1.684374213218689,0.20535942912101746,0.18556050956249237,0.0003,78.35311889648438
hamilton_ppo,1,800,320000,-0.001997849625721573,66.88138465881347,0.4317314702272415,0.0038173249922692776,0.028124999976716934,0.4878154397010803,0.19466882944107056,-1.2008113861083984,8.249722480773926,-48.024452209472656,34.428955078125,14.9858980178833,11.527260780334473,0.522907467107388,9.291726709142472,0.10649781674146652,0.7340405583381653,0.0,0.0,-1.5895798206329346,-1.6856369972229004,0.20401130616664886,0.18532633781433105,0.0003,31.83913803100586
hamilton_ppo,1,810,324000,-0.0015444010274950416,140.1772331237793,0.43373227775096895,0.003804654348641634,0.018724999977275728,0.3283573389053345,0.19552099704742432,-2.41267466545105,11.875107765197754,-71.8113021850586,76.13372802734375,12.987150192260742,14.490001678466797,0.518684848741187,16.1937873137138,0.08040863275527954,0.9153915047645569,0.0,0.0,-1.5838972330093384,-1.6827181577682495,0.20517392456531525,0.1858680546283722,0.0003,76.09479522705078
hamilton_ppo,1,820,328000,-0.0018608647453234872,93.73653587341309,0.42983734875917434,0.0034526833333075047,0.019675000016577543,0.3470690846443176,0.1952345371246338,-0.074692502617836,9.888285636901855,-47.64741134643555,53.90795135498047,12.462774276733398,12.237349510192871,0.5458362591604161,12.044554795987954,0.11566654592752457,1.125825047492981,0.0,0.0,-1.5813391208648682,-1.688645601272583,0.20569945871829987,0.18476958572864532,0.0003,51.27119827270508
hamilton_ppo,1,830,332000,-0.0005189576990276734,107.97215896606446,0.43636252969503403,0.0030894705560058355,0.004374999948777258,0.2198575735092163,0.1941019743680954,2.0574285984039307,10.577521324157715,-42.21237564086914,76.13423156738281,14.702675819396973,11.975590705871582,0.5219497843983624,13.574330497374854,0.09138217568397522,1.0286836624145508,0.0,0.0,-1.58844792842865,-1.6930283308029175,0.20424236357212067,0.18396158516407013,0.0003,47.08958435058594
hamilton_ppo,1,840,336000,-0.002273113484666829,73.98822132110595,0.44455207347869874,0.004730560816824436,0.032224999964237215,0.3314688801765442,0.19397160410881042,-0.36191326379776,8.804189682006836,-48.49924087524414,52.03987121582031,13.781294822692871,10.767840385437012,0.5594186021416195,8.96727067364058,0.12853199243545532,1.1956068277359009,0.0,0.0,-1.591488003730774,-1.6910775899887085,0.20362238585948944,0.18432077765464783,0.0003,47.86345291137695
hamilton_ppo,1,850,340000,-0.0019815465389314336,75.70449474334717,0.4478912350535393,0.0032806345261633396,0.027549999970942735,0.291290283203125,0.19317151606082916,0.3697950541973114,8.808109283447266,-54.111629486083984,53.37520980834961,14.17660903930664,10.462814331054688,0.5673801285530836,7.190522327074835,0.08611501753330231,1.0402621030807495,0.0,0.0,-1.5926036834716797,-1.6985549926757812,0.20339535176753998,0.18294768035411835,0.0003,39.846439361572266
hamilton_ppo,1,860,344000,-0.0021360329890929286,128.68447654724122,0.4666044583916664,0.005077148787677288,0.05139999994076788,0.21055340766906738,0.1905311644077301,0.7014400959014893,11.394538879394531,-65.26890563964844,52.89030456542969,15.262423515319824,12.824350357055664,0.5860255990015609,8.56471470741868,0.09946078807115555,0.8738276958465576,0.0,0.0,-1.599513053894043,-1.7199925184249878,0.201994851231575,0.1790674775838852,0.0003,69.2376708984375
hamilton_ppo,1,870,348000,-0.0028538680113342706,60.084124336242674,0.4904503765702248,0.00510873319581151,0.03964999996591359,0.377913236618042,0.18914678692817688,0.6527212262153625,7.878255367279053,-51.63524627685547,51.15514373779297,16.078048706054688,9.988598823547363,0.5636363279704615,7.719312056533649,0.09320329874753952,1.1081578731536865,0.0,0.0,-1.604892611503601,-1.7294472455978394,0.20091113448143005,0.1773824244737625,0.0003,36.052494049072266
hamilton_ppo,1,880,352000,-0.003754445332146137,80.70876045227051,0.49262151002883914,0.004357072524726391,0.027649999973364175,0.4012488126754761,0.19021928310394287,-0.716830849647522,9.152234077453613,-65.92343139648438,40.29682922363281,15.216653823852539,11.827798843383789,0.5562856266624764,10.95865103946263,0.1334032267332077,0.8253646492958069,0.0,0.0,-1.6020593643188477,-1.7206073999404907,0.2014811635017395,0.17895740270614624,0.0003,33.9956169128418
hamilton_ppo,1,890,356000,-0.0027224113019437947,99.53859420776367,0.48333134174346926,0.004970585461705923,0.03099999993108213,0.45247912406921387,0.1904900074005127,1.2208030223846436,10.1895170211792,-33.16455841064453,66.57347106933594,16.16094970703125,13.770611763000488,0.6855435581518665,12.610004747157085,0.12982581555843353,1.2157002687454224,0.0,0.0,-1.5984793901443481,-1.7216200828552246,0.20220376551151276,0.17877627909183502,0.0003,52.400028228759766
hamilton_ppo,1,900,360000,-0.0015264548958060908,82.67376762390137,0.48080520778894426,0.003169967560097575,0.0179499999480322,0.5755784511566162,0.19087481498718262,0.5308183431625366,9.398137092590332,-46.10772705078125,53.55362319946289,16.28721046447754,14.425905227661133,0.6150777936305547,14.077876576934663,0.1025819480419159,1.0998836755752563,0.0,0.0,-1.5939419269561768,-1.722459316253662,0.20312334597110748,0.17862629890441895,0.0003,46.45413589477539
hamilton_ppo,1,910,364000,-0.0011946241482946806,59.22394451141358,0.47951351016759874,0.007816862314939499,0.04222500000614673,0.6650494933128357,0.1903795599937439,0.49869436025619507,7.719146251678467,-49.40259552001953,58.2291259765625,16.578277587890625,13.337637901306152,0.6352577006748885,9.056985921908026,0.06103312969207764,0.4496714472770691,0.0,0.0,-1.5979799032211304,-1.7234224081039429,0.20230478048324585,0.17845435440540314,0.0003,35.522972106933594
hamilton_ppo,1,920,368000,-0.001462073560645516,127.80122589111328,0.48355848640203475,0.0030878535471856594,0.03802499999292195,0.4880521893501282,0.1904706060886383,0.34523865580558777,11.389541625976562,-51.246978759765625,71.79537963867188,16.92278480529785,15.918179512023926,0.6876547825277187,15.576267855363538,0.08627873659133911,0.5853556990623474,0.0,0.0,-1.6016722917556763,-1.7182375192642212,0.2015591710805893,0.17938202619552612,0.0003,67.45824432373047
hamilton_ppo,1,930,372000,-0.002126779917167001,115.93130104064942,0.4822931054234505,0.0025132237933576107,0.01699999996460974,0.5283539891242981,0.19033175706863403,-1.8877595663070679,10.95007038116455,-49.42511749267578,62.197357177734375,15.536911010742188,15.94442367553711,0.613918898007768,19.31866922696777,0.09487155079841614,0.9039673209190369,0.0,0.0,-1.6029330492019653,-1.7183698415756226,0.20130521059036255,0.17935828864574432,0.0003,73.8886947631836
hamilton_ppo,1,940,376000,-0.0025269747155096402,80.3413074874878,0.4948838034272194,0.004536735825240612,0.041800000043585896,0.5919895172119141,0.18813294172286987,0.09429357945919037,9.015167236328125,-62.723060607910156,54.604637145996094,15.026054382324219,14.11361026763916,0.6758335910439953,10.039557427504787,0.09961815178394318,0.5913690328598022,0.0,0.0,-1.610233187675476,-1.7348601818084717,0.19984100759029388,0.17642487585544586,0.0003,45.22321319580078
hamilton_ppo,1,950,380000,-0.0018652868920082178,84.5453505706787,0.5107151335477829,0.00326145114377141,0.027424999983049928,0.5583839416503906,0.187581866979599,-0.7927832007408142,9.247782707214355,-41.02692413330078,48.70574951171875,15.683518409729004,13.916025161743164,0.5621014397036788,11.462929163944038,0.07379791885614395,0.7507887482643127,0.0,0.0,-1.612854242324829,-1.7381477355957031,0.19931791722774506,0.17584581673145294,0.0003,40.51333236694336
hamilton_ppo,1,960,384000,-0.0010402612154299274,108.81554862976074,0.5187489610910415,0.00222873967140913,0.008474999922327697,0.45789045095443726,0.18631047010421753,0.11921783536672592,10.808736801147461,-66.70083618164062,81.84746551513672,15.386282920837402,14.680180549621582,0.6227796979181587,18.5777395532992,0.0784810334444046,1.1475001573562622,0.0,0.00025,-1.6185249090194702,-1.7462310791015625,0.1981908231973648,0.17443011701107025,0.0003,45.115238189697266
hamilton_ppo,1,970,388000,-0.0016912322719530514,97.69501052856445,0.525400105714798,0.004182481672614813,0.020899999919347465,0.5134764909744263,0.18673890829086304,0.9897867441177368,9.951688766479492,-61.889991760253906,80.29690551757812,15.616665840148926,14.267401695251465,0.6328050242842204,11.701412396811689,0.04029598459601402,0.8526185750961304,0.0,0.00025,-1.623428225517273,-1.7358155250549316,0.19722142815589905,0.17625640332698822,0.0003,51.18923568725586
hamilton_ppo,1,980,392000,-0.0006890894131032876,77.29839542388916,0.5211323148012161,0.0028109275735914707,0.0187750000692904,0.6074360609054565,0.18664304912090302,0.5633121132850647,8.86975383758545,-44.44538879394531,50.77875518798828,16.34698486328125,14.156514167785645,0.6201248745111446,10.946928843416112,0.06703921407461166,0.7245960235595703,0.0,0.0,-1.6234071254730225,-1.7369275093078613,0.19722558557987213,0.1760605275630951,0.0003,44.54549026489258
hamilton_ppo,1,990,396000,-0.0011236384626565244,109.29842407226562,0.5232638055086136,0.0024343717377632856,0.015099999918602407,0.4281390905380249,0.18639519810676575,2.4685256481170654,10.689767837524414,-55.230751037597656,76.12007141113281,18.527135848999023,14.13588809967041,0.689845674982267,19.857908572157744,0.09083446860313416,1.066424012184143,0.000125,0.00025,-1.623117208480835,-1.7400726079940796,0.19728277623653412,0.17550766468048096,0.0003,47.84623336791992
hamilton_ppo,1,1000,400000,-0.001953833430724625,154.1640309906006,0.5245924252271652,0.0024031915236264467,0.012799999909475446,0.3992270231246948,0.18641874194145203,-0.919340968132019,12.630951881408691,-137.11984252929688,70.65143585205078,17.599464416503906,16.295995712280273,0.6153039214812899,19.111730855119458,0.08045732229948044,1.018935203552246,0.0,0.0,-1.6239733695983887,-1.738843321800232,0.19711394608020782,0.17572355270385742,0.0003,80.97615051269531
hamilton_ppo,1,1010,404000,-0.001459592711107689,157.06885734558105,0.5245354038476944,0.004423369187861681,0.0147000000346452,0.4514368772506714,0.18638402223587036,-2.649123191833496,12.576163291931152,-74.65325164794922,70.2557601928711,15.548224449157715,16.979888916015625,0.6698645871355411,19.839268278385674,0.10665597021579742,0.8839724063873291,0.0,0.00025,-1.6268125772476196,-1.736061930656433,0.19655506312847137,0.17621298134326935,0.0003,60.386940002441406
hamilton_ppo,1,1020,408000,-0.0005232864548866934,50.40246770858764,0.5209625136852264,0.0026564444415271282,0.017949999910779297,0.693564772605896,0.18734517693519592,-0.6593052744865417,7.258530616760254,-50.35822296142578,56.25354766845703,15.2686128616333,13.112313270568848,0.6280665798647364,8.09458355551232,0.09023309499025345,0.937786877155304,0.0,0.0,-1.6236683130264282,-1.728692889213562,0.197174072265625,0.17751628160476685,0.0003,20.161474227905273
hamilton_ppo,1,1030,412000,-0.0024781781146506533,149.580990524292,0.5162927281856536,0.002975683193653822,0.02750000002793968,0.4009575843811035,0.18692678213119507,0.9866262674331665,12.392613410949707,-67.84358978271484,71.00419616699219,16.48720359802246,16.011577606201172,0.6033774112519207,16.388765819805684,0.10303011536598206,0.9551790356636047,0.000125,0.00025,-1.6263794898986816,-1.7304009199142456,0.1966402232646942,0.17721334099769592,0.0003,60.48851013183594
hamilton_ppo,1,1040,416000,-0.0031002077358803937,60.87419582366943,0.5180804949998855,0.006198436953127384,0.05342499998398125,0.6370135545730591,0.18717822432518005,0.009274841286242008,7.976105213165283,-45.8695182800293,51.89366912841797,15.278730392456055,13.238709449768066,0.6071201277038013,8.584808863138447,0.09680140018463135,1.1952273845672607,0.0,0.0,-1.6275067329406738,-1.7263213396072388,0.19641868770122528,0.17793777585029602,0.0003,30.626863479614258
hamilton_ppo,1,1050,420000,-0.0021568639529752544,175.08715782165527,0.5139094424247742,0.003579320851713419,0.022224999978207052,0.3017880916595459,0.187534898519516,0.45658934116363525,13.398028373718262,-98.29531860351562,46.594146728515625,17.206886291503906,16.034198760986328,0.6392467584505102,15.494269497665153,0.09318584203720093,1.0110712051391602,0.0,0.0,-1.626144289970398,-1.7238205671310425,0.19668647646903992,0.17838330566883087,0.0003,84.6303482055664
hamilton_ppo,1,1060,424000,-0.0016326790993713037,33.25554334640503,0.5179144060611724,0.004328641574829817,0.03305000014137477,0.7168092727661133,0.18635478615760803,-0.1603582501411438,5.827320575714111,-32.763607025146484,25.9132080078125,15.694186210632324,10.950386047363281,0.5694182989680876,5.661606652004414,0.16242951154708862,0.5955406427383423,0.0,0.0,-1.636858344078064,-1.7253024578094482,0.19459041953086853,0.17811916768550873,0.0003,14.130756378173828
hamilton_ppo,1,1070,428000,-0.000822847765905319,207.47915565490723,0.5260406911373139,0.0028984532691538334,0.01869999994058162,0.27833473682403564,0.18603351712226868,-1.01505708694458,14.581274032592773,-113.34809875488281,167.84161376953125,16.125614166259766,17.164358139038086,0.6170409455916378,17.558133303797288,0.045795243233442307,0.9283987879753113,0.0,0.0,-1.6365846395492554,-1.7292166948318481,0.19464367628097534,0.17742332816123962,0.0003,98.19631958007812
hamilton_ppo,1,1080,432000,-0.0003051454928448027,70.6827989578247,0.5307548391819,0.001325438846834004,0.006374999945983291,0.5528090596199036,0.1854187548160553,-0.0005130615318194032,8.522045135498047,-53.521080017089844,40.90156936645508,15.898770332336426,12.743753433227539,0.6822742133329348,9.190925056885089,0.07251103222370148,1.0355262756347656,0.0,0.0,-1.6464558839797974,-1.7253779172897339,0.19273175299167633,0.17810572683811188,0.0003,34.40068435668945
hamilton_ppo,1,1090,436000,-0.0015316787005096556,115.43107437133789,0.5330428600311279,0.002264913870021701,0.017974999975413086,0.43367981910705566,0.18534797430038452,0.4108967185020447,10.872203826904297,-81.28758239746094,68.67445373535156,16.25031280517578,14.447297096252441,0.693865235830705,11.145411389253677,0.0674983561038971,1.1125046014785767,0.0,0.0,-1.6423691511154175,-1.7306177616119385,0.19352100789546967,0.177174910902977,0.0003,59.57601547241211
hamilton_ppo,1,1100,440000,-0.0026292512494197574,187.1050234222412,0.5340488398075104,0.004954315256327391,0.031275000083260236,0.2510073781013489,0.18543480336666107,2.206150770187378,13.913086891174316,-43.51179122924805,129.37911987304688,16.82932472229004,16.076248168945312,0.7343368792162296,18.698841639653654,0.07043211162090302,1.5454695224761963,0.0,0.0,-1.6412092447280884,-1.730905294418335,0.19374561309814453,0.17712397873401642,0.0003,83.34781646728516
hamilton_ppo,1,1110,444000,-0.0013657154804459426,103.51487129211426,0.5345408767461777,0.0033649455290287733,0.026025000046938657,0.4531564712524414,0.18513935804367065,0.007325195241719484,10.20543384552002,-87.26907348632812,40.71836471557617,17.88690185546875,13.800662994384766,0.6860896683807973,8.902248253002497,0.08647183328866959,0.5714238882064819,0.0,0.0,-1.6408696174621582,-1.7346197366714478,0.19381141662597656,0.17646729946136475,0.0003,51.84014129638672
hamilton_ppo,1,1120,448000,-0.0021908805953728015,131.44836296081542,0.5380945229530334,0.0042932890355587006,0.02587500012945384,0.4559897780418396,0.1851118803024292,-0.5898259282112122,11.709683418273926,-66.66256713867188,59.70215606689453,17.667531967163086,15.876019477844238,0.6292208011857572,14.645513136108734,0.11262667924165726,0.8270782232284546,0.0,0.0,-1.6350523233413696,-1.7413616180419922,0.1949421614408493,0.1752815693616867,0.0003,66.5085220336914
hamilton_ppo,1,1130,452000,-0.0029531748468230924,172.8893782043457,0.5424981588125228,0.0035472908057272434,0.03832499987445772,0.3822951316833496,0.18427538871765137,-0.44146642088890076,13.256058692932129,-83.21013641357422,70.41343688964844,17.771757125854492,16.866458892822266,0.698656928365034,15.707597728288233,0.06622049957513809,0.963330864906311,0.0,0.0,-1.640676736831665,-1.7446738481521606,0.19384881854057312,0.17470195889472961,0.0003,75.59728240966797
hamilton_ppo,1,1140,456000,-0.0011177678001837244,174.11896560668944,0.5493628996610641,0.0042242370545864105,0.025399999781511723,0.3441416621208191,0.18399226665496826,-0.02817501872777939,13.26661491394043,-54.76359939575195,112.76848602294922,17.57071304321289,16.381553649902344,0.6511678127837215,12.925220939617182,0.08332378417253494,0.7949337363243103,0.0,0.0,-1.642669439315796,-1.7457066774368286,0.19346290826797485,0.17452161014080048,0.0003,82.34241485595703
hamilton_ppo,1,1150,460000,-0.0015054284852269184,246.59819625854493,0.552479305267334,0.0035868578124791384,0.019374999911524356,0.252561092376709,0.18357351422309875,3.161069631576538,15.830656051635742,-53.368553161621094,152.87464904785156,20.727375030517578,18.310958862304688,0.7198568600503731,31.051040095115404,0.05099329724907875,1.007545828819275,0.0,0.0,-1.6441818475723267,-1.7488352060317993,0.19317053258419037,0.17397646605968475,0.0003,115.39762115478516
hamilton_ppo,1,1160,464000,-0.0009839969576394658,178.3249723815918,0.555977646112442,0.005101279821246862,0.018099999986588955,0.39706307649612427,0.1833442747592926,-0.751324474811554,13.445857048034668,-84.85708618164062,63.42487716674805,18.709014892578125,17.316198348999023,0.6541654551579197,16.173346868183195,0.09225431829690933,0.7633213400840759,0.0,0.00025,-1.6459977626800537,-1.7494560480117798,0.19282007217407227,0.17386850714683533,0.0003,89.75391387939453
hamilton_ppo,1,1170,468000,-0.001183960553235366,107.79846649169922,0.5622058421373367,0.0016081401845440269,0.03045000012498349,0.5427789688110352,0.18263152241706848,1.4509251117706299,10.422667503356934,-62.23536682128906,95.97564697265625,20.237770080566406,15.414015769958496,0.7585914089899688,12.824914230687444,0.07074284553527832,0.7181649804115295,0.0,0.0,-1.648303747177124,-1.7551164627075195,0.19237595796585083,0.17288711667060852,0.0003,37.45722961425781
hamilton_ppo,1,1180,472000,-0.0008862920472796754,290.0083595275879,0.5667499732971192,0.004032265394926071,0.025975000043399633,0.27266925573349,0.18225552141666412,-2.049137592315674,17.10463523864746,-125.07862091064453,63.91756057739258,20.42422103881836,20.056163787841797,0.716452789912302,24.769229861111736,0.05941668897867203,0.642058789730072,0.0,0.0,-1.649836778640747,-1.7577651739120483,0.1920812577009201,0.17242978513240814,0.0003,120.69661712646484
hamilton_ppo,1,1190,476000,-0.0020076286169292954,123.42649726867675,0.5702083986997605,0.004100747872143984,0.03972500022500754,0.5121399164199829,0.18222221732139587,0.0649523213505745,11.179226875305176,-66.1790542602539,58.830833435058594,18.1589412689209,16.005311965942383,0.6780053389926499,11.695199661341901,0.09733502566814423,0.719542920589447,0.0,0.0,-1.6520828008651733,-1.7556543350219727,0.19165033102035522,0.1727941483259201,0.0003,69.81893920898438
hamilton_ppo,1,1200,480000,-0.0009283104467147485,232.2284390258789,0.5690134459733963,0.004468478262424469,0.02049999987706542,0.29079580307006836,0.18211762607097626,-1.3665109872817993,15.49199390411377,-119.06134033203125,63.564239501953125,18.18256187438965,18.39592742919922,0.71067234119245,21.416497774600256,0.07110502570867538,1.295910358428955,0.000125,0.00025,-1.6503384113311768,-1.7588064670562744,0.19198492169380188,0.17225033044815063,0.0003,131.0689239501953
hamilton_ppo,1,1210,484000,-0.002467392006147202,138.6844152069092,0.5740062928199768,0.00425702752545476,0.046625000396743416,0.4676164388656616,0.18157385289669037,0.01305218506604433,12.012451171875,-62.421607971191406,51.292572021484375,18.13810157775879,16.46339225769043,0.6811955724773564,15.518447758778164,0.08595340698957443,1.0097960233688354,0.0,0.0,-1.6571671962738037,-1.7575358152389526,0.19067835807800293,0.1724693328142166,0.0003,57.50041198730469
hamilton_ppo,1,1220,488000,-0.0014562919676860452,302.24215240478514,0.5791751104593277,0.0042802453972399235,0.01957499989308417,0.26304852962493896,0.18110087513923645,-0.10345898568630219,17.436983108520508,-89.8686752319336,79.19357299804688,19.76067543029785,20.31196403503418,0.7197298661178454,21.27144741353076,0.09873290359973907,0.6799848675727844,0.0,0.0005,-1.6637974977493286,-1.75571608543396,0.18941830098628998,0.1727834790945053,0.0003,131.52532958984375
hamilton_ppo,1,1230,492000,-0.00021531923644943162,220.4431936645508,0.5838546288013459,0.002379225566983223,0.015099999965168536,0.3854485750198364,0.1806587427854538,-0.15326006710529327,14.912535667419434,-86.06712341308594,103.0533447265625,18.62750816345215,19.022708892822266,0.742340334050322,18.79579424496866,0.06438644975423813,0.692230224609375,0.0,0.0005,-1.6694529056549072,-1.7546521425247192,0.18835008144378662,0.17296740412712097,0.0003,72.80101776123047
hamilton_ppo,1,1240,496000,-0.0014536484816886385,570.1137509155274,0.588878282904625,0.0019634575583040714,0.010899999947287142,0.2836724519729614,0.1802181601524353,0.13899219036102295,24.18852996826172,-161.21725463867188,140.8936309814453,20.272052764892578,28.579437255859375,0.7718327840172095,44.78702508961646,0.04685897007584572,1.166049838066101,0.000125,0.00025,-1.673102855682373,-1.7557798624038696,0.18766385316848755,0.17277245223522186,0.0003,323.1364440917969
hamilton_ppo,1,1250,500000,-0.0003072645923100925,140.00032180786133,0.5912515902519226,0.002234149258583784,0.02140000001527369,0.5906118154525757,0.18016114830970764,0.09573846310377121,11.90107536315918,-61.914337158203125,69.17384338378906,17.28985595703125,18.60024070739746,0.7321545923825903,17.47183272575422,0.06191837042570114,0.6069271564483643,0.0,0.0,-1.6774386167526245,-1.7517486810684204,0.18685194849967957,0.17347033321857452,0.0003,73.16181945800781
hamilton_ppo,1,1260,504000,-0.0010014025360898771,263.02828964233396,0.5884059590101242,0.0034460374154150486,0.030500000063329934,0.44485408067703247,0.18059492111206055,-0.1484757959842682,16.413991928100586,-133.8474578857422,82.18990325927734,20.030563354492188,22.029804229736328,0.6977173607981534,27.618491297170582,0.06949908286333084,1.0172282457351685,0.0,0.0,-1.6785727739334106,-1.7455459833145142,0.1866401582956314,0.1745496541261673,0.0003,140.71067810058594
hamilton_ppo,1,1270,508000,-0.0012203993667368174,305.89420928955076,0.5874572849273682,0.002719190204516053,0.015024999966844916,0.4193950891494751,0.1801571398973465,-4.195445537567139,17.528682708740234,-85.94522094726562,158.48361206054688,15.08071517944336,23.004295349121094,0.7467447258441632,48.27936199744222,0.05837557092308998,0.6795176267623901,0.000125,0.00025,-1.6829895973205566,-1.7458497285842896,0.1858176290988922,0.17449665069580078,0.0003,203.46755981445312
hamilton_ppo,1,1280,512000,-0.0011664449267409793,140.7408006286621,0.5913397461175919,0.0042792269960045815,0.027950000045821072,0.48599541187286377,0.18023933470249176,-0.46901819109916687,12.316898345947266,-82.21153259277344,96.20906066894531,13.906111717224121,17.179790496826172,0.7726428694624141,21.806800023559582,0.08052895963191986,1.0379055738449097,0.000125,0.0005,-1.686044692993164,-1.7416681051254272,0.18525078892707825,0.17522785067558289,0.0003,56.97042465209961
hamilton_ppo,1,1290,516000,-0.0007628948727015094,237.07918380737306,0.5900328826904296,0.004714257083833218,0.020824999883770942,0.4063865542411804,0.18013694882392883,-0.1008775606751442,15.505036354064941,-123.29431915283203,79.62098693847656,14.532862663269043,20.124305725097656,0.6521211009293388,23.691278603729064,0.07852417230606079,0.8471624255180359,0.0,0.00025,-1.6858084201812744,-1.7430875301361084,0.18529456853866577,0.1749793142080307,0.0003,114.34614562988281
hamilton_ppo,1,1300,520000,-0.0013845175712842318,301.00120864868165,0.5847734558582306,0.0050907861441373825,0.03225000014528632,0.3473122715950012,0.1812991499900818,0.5112336277961731,17.370662689208984,-94.9958267211914,112.82464599609375,14.514599800109863,21.50124740600586,0.7478519084052695,21.70086942980257,0.0813785046339035,0.3965744376182556,0.0,0.0,-1.6742452383041382,-1.7421199083328247,0.1874496191740036,0.17514872550964355,0.0003,196.32774353027344
hamilton_ppo,1,1310,524000,-0.0020243625942719533,339.7540528869629,0.5806154423952102,0.004478585906326771,0.04342500002589077,0.3191854953765869,0.18085940182209015,-0.4102024435997009,18.460783004760742,-90.79801177978516,102.49880981445312,14.48691177368164,22.373592376708984,0.8232363647404238,22.132009816481794,0.09393902868032455,0.5129244923591614,0.000125,0.0005,-1.6793235540390015,-1.7417203187942505,0.18650010228157043,0.17521870136260986,0.0003,156.2278594970703
hamilton_ppo,1,1320,528000,-0.0004979957257950485,457.54555877685544,0.5844103169441223,0.0031401379965245724,0.009574999995529652,0.2226884365081787,0.18050193786621094,-2.136521577835083,21.4993839263916,-91.51405334472656,119.35111236572266,12.738758087158203,24.385318756103516,0.7717080609108032,36.99309753353921,0.053157150745391846,0.5143080949783325,0.0,0.00025,-1.6821495294570923,-1.7427974939346313,0.18597377836704254,0.17503008246421814,0.0003,222.7325897216797
hamilton_ppo,1,1330,532000,-0.000581831233504635,392.6290133666992,0.5881142055988312,0.003167135175317526,0.016975000058300792,0.10519754886627197,0.18032610416412354,2.0586416721343994,20.19001579284668,-93.07942199707031,133.93028259277344,14.479928016662598,21.34386444091797,0.7068598268448081,25.82489154812245,0.05363495275378227,1.5374398231506348,0.0,0.0,-1.6836589574813843,-1.7432042360305786,0.18569327890872955,0.17495888471603394,0.0003,209.26065063476562
hamilton_ppo,1,1340,536000,-0.002332275844318792,348.45429595947263,0.5887890177965164,0.005429587326943874,0.03622499990276992,0.1369573473930359,0.18034866452217102,-1.8425161838531494,18.725482940673828,-132.04257202148438,92.22771453857422,12.03896713256836,20.15658187866211,0.7015687118478638,20.855870279528894,0.05261264368891716,0.6316946148872375,0.0,0.00025,-1.6822298765182495,-1.7444647550582886,0.1859588474035263,0.17473849654197693,0.0003,151.87644958496094
hamilton_ppo,1,1350,540000,-0.0025249218241486203,413.3036541748047,0.5881113386154175,0.005040404386818409,0.051475000022910535,0.12236517667770386,0.18049857020378113,-0.7435325384140015,20.405601501464844,-134.72174072265625,92.03083801269531,11.90903377532959,21.781734466552734,0.7997286309430843,16.016059753498944,0.11041277647018433,1.0237375497817993,0.000125,0.0005,-1.6826759576797485,-1.7422767877578735,0.18587590754032135,0.1751212477684021,0.0003,202.98184204101562
hamilton_ppo,1,1360,544000,-0.000631806029894868,427.10409454345705,0.5880507814884186,0.0036035224329680204,0.017924999902024865,0.04254060983657837,0.18025073409080505,3.019514560699463,20.799850463867188,-117.50647735595703,122.37983703613281,14.4354829788208,21.25690460205078,0.7155008968214625,24.656377108625477,0.07015553116798401,0.8898451328277588,0.000125,0.00075,-1.6814839839935303,-1.7463816404342651,0.1860976219177246,0.1744038611650467,0.0003,192.78701782226562
hamilton_ppo,1,1370,548000,-0.0019245060754226806,343.55980529785154,0.5924704217910767,0.00461344700306654,0.0443999998504296,0.12888884544372559,0.1796010136604309,-3.278503179550171,18.575214385986328,-107.83660888671875,86.34972381591797,11.050601959228516,19.902013778686523,0.798445163553953,20.07341214164912,0.06364165246486664,0.9230055809020996,0.0,0.00025,-1.6899211406707764,-1.7448686361312866,0.18453407287597656,0.17466793954372406,0.0003,188.29440307617188
hamilton_ppo,1,1380,552000,-0.00046164549872019123,435.03418426513673,0.6012520968914032,0.005574329756200314,0.02884999996982515,0.0769052505493164,0.17880257964134216,1.7128005027770996,20.961902618408203,-109.68702697753906,121.33616638183594,13.282004356384277,21.817628860473633,0.7658112570617263,20.19418001063726,0.05101972073316574,1.0579456090927124,0.00025,0.0005,-1.7022755146026611,-1.7410460710525513,0.18226829171180725,0.17533688247203827,0.0003,264.4723815917969
hamilton_ppo,1,1390,556000,-0.0013253714540514005,167.52717338562013,0.6142714565992355,0.005037268158048391,0.043025000034831465,0.18773794174194336,0.17701667547225952,0.21389928460121155,13.00345516204834,-59.78691864013672,101.37492370605469,13.069250106811523,14.42815113067627,0.7557210984503668,9.790669103896532,0.0662645697593689,0.7913713455200195,0.0,0.00025,-1.7017242908477783,-1.762213110923767,0.18236878514289856,0.1716645210981369,0.0003,85.43779754638672
hamilton_ppo,1,1400,560000,-0.0005858973869326301,277.5722850036621,0.6332120710611343,0.0074384212493896484,0.0447749999910593,0.12353944778442383,0.17595085501670837,-0.625540018081665,16.690404891967773,-93.35187530517578,129.03854370117188,12.481406211853027,17.82792091369629,0.7904620383383762,11.228365464972706,0.08142084628343582,0.6515442728996277,0.0,0.001,-1.7051856517791748,-1.7709980010986328,0.18173864483833313,0.1701630800962448,0.0003,116.89014434814453
hamilton_ppo,1,1410,564000,-0.0019201951715775057,121.95968795776368,0.6373903995752335,0.005876445677131414,0.05760000014211983,0.312801718711853,0.17652955651283264,2.8074491024017334,11.226884841918945,-63.813316345214844,63.822296142578125,15.380690574645996,13.54310417175293,0.7629481209448579,18.725921566937703,0.07080765068531036,1.205553650856018,0.0,0.00025,-1.7003977298736572,-1.7693235874176025,0.1826108694076538,0.17044824361801147,0.0003,59.65061950683594
hamilton_ppo,1,1420,568000,-0.000699340344241497,162.45210037231445,0.6370800566673279,0.004860266577452421,0.034899999825283884,0.2677215337753296,0.1753205507993698,1.6849653720855713,12.758927345275879,-74.07405090332031,61.98011779785156,17.089160919189453,14.909944534301758,0.7794907968246393,12.752123855532155,0.07950098812580109,0.6210557222366333,0.000125,0.00075,-1.7082383632659912,-1.7751595973968506,0.18118469417095184,0.1694563925266266,0.0003,81.35587310791016
hamilton_ppo,1,1430,572000,-0.0005851870879007049,134.34427947998046,0.6615848064422607,0.0068815844133496284,0.04675000013783574,0.3674851059913635,0.17276382446289062,0.8328225612640381,11.646556854248047,-56.76019287109375,62.41697311401367,17.814044952392578,14.644083023071289,0.8175585532094962,10.405550252438886,0.09802491217851639,0.6741983890533447,0.000125,0.00025,-1.7253791093826294,-1.7872370481491089,0.17810550332069397,0.1674221158027649,0.0003,60.812198638916016
hamilton_ppo,1,1440,576000,-0.0007796346385919594,209.7417150878906,0.6825656807422638,0.004144461825489998,0.027300000046379863,0.2596648931503296,0.1713968962430954,-0.8900343179702759,14.738407135009766,-68.65187072753906,68.51080322265625,17.47869873046875,17.129173278808594,0.7311615948286364,19.808183965747318,0.0714758038520813,1.1690011024475098,0.0,0.00025,-1.7361993789672852,-1.7921292781829834,0.17618876695632935,0.16660505533218384,0.0003,107.51386260986328
hamilton_ppo,1,1450,580000,-0.0012066086107559394,198.29522842407226,0.6964831155538559,0.0038173669017851353,0.02094999987632036,0.30653083324432373,0.17022587358951569,-1.2497016191482544,14.160502433776855,-82.27955627441406,55.149253845214844,15.91628360748291,17.004547119140625,0.7492637521060201,17.03156206544586,0.07203370332717896,0.6630719304084778,0.0,0.0,-1.7480067014694214,-1.793774962425232,0.1741206794977188,0.16633108258247375,0.0003,100.29243469238281
hamilton_ppo,1,1460,584000,-0.002491450786062341,203.19265380859375,0.704865847826004,0.007531209383159876,0.04187499998137355,0.3453361392021179,0.1700042188167572,0.8364163637161255,14.393145561218262,-62.91789245605469,80.20789337158203,17.263925552368164,17.788795471191406,0.7943075860264099,17.137507519932818,0.0537080280482769,0.7505337595939636,0.0,0.00075,-1.7540879249572754,-1.7901002168655396,0.17306502163410187,0.16694344580173492,0.0003,104.33026885986328
hamilton_ppo,1,1470,588000,-0.0009746220567438302,252.0982258605957,0.7089738285541535,0.0040799155831336975,0.03215000008698553,0.36981332302093506,0.1695099174976349,-2.1112449169158936,15.9876070022583,-101.47460174560547,63.08260726928711,14.670853614807129,20.139507293701172,0.8639586586358041,25.649239405358045,0.07807479053735733,0.8521010279655457,0.0,0.0,-1.7576029300689697,-1.7923872470855713,0.172457754611969,0.16656208038330078,0.0003,145.23065185546875
hamilton_ppo,1,1480,592000,-0.002770623572879414,302.74862579345705,0.7086227345466614,0.007342968136072159,0.046074999612756073,0.2757643461227417,0.170188307762146,-0.7101666331291199,17.687997817993164,-145.93862915039062,81.73363494873047,14.276909828186035,20.784460067749023,0.7909355996437779,25.585872815503986,0.06914261728525162,1.3195960521697998,0.0,0.00025,-1.7586493492126465,-1.783200979232788,0.17227739095687866,0.16809920966625214,0.0003,134.01922607421875
hamilton_ppo,1,1490,596000,-0.000596241965969968,356.2958818054199,0.7022706562280655,0.00449670385569334,0.024049999951384963,0.19314634799957275,0.17046870291233063,1.5343706607818604,19.004247665405273,-84.02120971679688,138.95632934570312,14.75058650970459,21.156963348388672,0.8108414843967725,20.440886273096034,0.08586949855089188,0.8801941275596619,0.0,0.0,-1.7557377815246582,-1.782853126525879,0.17277972400188446,0.1681576818227768,0.0003,205.93460083007812
hamilton_ppo,1,1500,600000,-0.0004953248563821955,234.92692123413087,0.6979513436555862,0.004031273536384106,0.010674999966286123,0.26530206203460693,0.17090937495231628,-2.5522987842559814,15.384142875671387,-69.20826721191406,98.95690155029297,12.414325714111328,17.948116302490234,0.7379150550354282,24.361717118656532,0.06860959529876709,0.61717289686203,0.0,0.0,-1.7551319599151611,-1.7782450914382935,0.17288441956043243,0.16893434524536133,0.0003,103.89214324951172
hamilton_ppo,1,1510,604000,-0.0004042615246675263,431.53634552001955,0.6967578506469727,0.003964140545576811,0.00907499998807907,0.07966524362564087,0.17061088979244232,5.289520740509033,20.759387969970703,-62.636932373046875,170.81939697265625,17.996749877929688,21.63922119140625,0.7739208733993084,46.93621433972654,0.05969460308551788,1.0132266283035278,0.0,0.00025,-1.7543630599975586,-1.7825756072998047,0.17301741242408752,0.16820436716079712,0.0003,219.04669189453125
hamilton_ppo,1,1520,608000,-0.0011526793736346087,362.56169036865236,0.6970369589328765,0.0033910132478922606,0.02115000009536743,0.15776586532592773,0.17105992138385773,4.338276386260986,19.134153366088867,-70.3017349243164,120.95850372314453,21.483871459960938,20.849365234375,0.7826364202414372,36.05125018336767,0.05707212910056114,1.2082375288009644,0.0,0.0,-1.7530583143234253,-1.7785873413085938,0.17324329912662506,0.1688765436410904,0.0003,206.2026824951172
hamilton_ppo,1,1530,612000,-0.0027423632481018956,446.5740441894531,0.6922117727994919,0.005211632698774338,0.04870000017806888,0.11282098293304443,0.17116153240203857,-1.3983469009399414,21.160505294799805,-133.00875854492188,72.83572387695312,21.023971557617188,22.465723037719727,0.7148507095798319,21.507176318253787,0.05942705273628235,0.5472136735916138,0.0,0.0005,-1.7522883415222168,-1.7781742811203003,0.17337673902511597,0.1689463108778,0.0003,245.19334411621094
hamilton_ppo,1,1540,616000,-0.0017328074565602946,282.3480871582031,0.6995477521419525,0.007437655236572027,0.05572499986272305,0.23406511545181274,0.17004668712615967,0.7507081031799316,16.875619888305664,-81.77176666259766,98.71133422851562,21.666261672973633,19.282520294189453,0.7341054150848325,19.020048157367114,0.04988298937678337,0.6397638320922852,0.000125,0.0005,-1.7582337856292725,-1.7853140830993652,0.1723490059375763,0.16774436831474304,0.0003,129.75538635253906
hamilton_ppo,1,1550,620000,-0.0012737341609608864,261.70316833496094,0.7067380064725876,0.003928375896066427,0.05265000006649643,0.2814745306968689,0.16976863145828247,0.6991278529167175,16.221904754638672,-71.73872375488281,110.40206909179688,21.755836486816406,19.137304306030273,0.7191481798240795,19.697372582721158,0.058519475162029266,0.6556390523910522,0.0,0.0,-1.7658823728561401,-1.7808109521865845,0.17103581130504608,0.16850145161151886,0.0003,152.7133331298828
hamilton_ppo,1,1560,624000,-0.0012402132723425897,322.57195220947267,0.7079855191707611,0.003874433459714055,0.04284999986644834,0.2098252773284912,0.16985130310058594,-0.6071445941925049,18.012102127075195,-90.47089385986328,81.37651062011719,22.087308883666992,20.262956619262695,0.76738813824092,19.79461603261203,0.06614162027835846,0.699924647808075,0.000125,0.0005,-1.764394760131836,-1.7813408374786377,0.17129042744636536,0.1684121936559677,0.0003,195.7548828125
hamilton_ppo,1,1570,628000,-0.00239646137820964,173.9918589782715,0.7116272306442261,0.006849326193332672,0.07074999954085798,0.3580555319786072,0.16904400289058685,0.8241791725158691,13.290177345275879,-76.48013305664062,59.083831787109375,22.718008041381836,16.587543487548828,0.7425675947320063,16.751143525913882,0.07582348585128784,0.8387660980224609,0.0,0.00025,-1.7633906602859497,-1.792006492614746,0.1714625060558319,0.1666254997253418,0.0003,89.95755767822266
hamilton_ppo,1,1580,632000,-0.0006131315900114709,321.62297607421874,0.7181758612394333,0.0033467798493802547,0.03412500001490116,0.27543747425079346,0.16908124089241028,1.4411306381225586,17.94272804260254,-105.62303161621094,94.20242309570312,24.526399612426758,21.07902717590332,0.7946231613577246,21.138028196086722,0.06191602349281311,0.4115345776081085,0.0,0.00025,-1.763007640838623,-1.791953682899475,0.1715281903743744,0.16663430631160736,0.0003,138.9049835205078
hamilton_ppo,1,1590,636000,-0.001340701068611816,332.3619953918457,0.7181033134460449,0.002994492882862687,0.017324999878183006,0.2501196265220642,0.16881480813026428,-3.3201310634613037,18.31350326538086,-133.34664916992188,55.00895690917969,20.679523468017578,21.148298263549805,0.7287433709557471,36.241586578971244,0.041758447885513306,0.6608116030693054,0.0,0.0,-1.7610044479370117,-1.797229528427124,0.17187213897705078,0.16575747728347778,0.0003,186.69583129882812
hamilton_ppo,1,1600,640000,-0.00013896323840017377,347.6913003540039,0.7203879493474961,0.004987476859241724,0.02059999980032444,0.3127134442329407,0.1687755137681961,-0.794604480266571,18.752161026000977,-102.44293975830078,82.51457214355469,19.541818618774414,22.619468688964844,0.7808775000095983,24.158299487363873,0.05322396010160446,0.7705066800117493,0.000125,0.00025,-1.7639100551605225,-1.7946984767913818,0.17137347161769867,0.16617755591869354,0.0003,171.4027099609375
hamilton_ppo,1,1610,644000,-0.0021409242959038234,362.29756408691406,0.7259226673841477,0.004169525112956762,0.0375000002514571,0.33222365379333496,0.16771243512630463,0.4151896834373474,19.047067642211914,-104.27074432373047,91.86788177490234,20.39684295654297,23.308408737182617,0.705111211893851,20.155726675072962,0.07091104984283447,0.41609200835227966,0.0,0.0,-1.7737616300582886,-1.797386884689331,0.1696934700012207,0.16573140025138855,0.0003,220.70751953125
hamilton_ppo,1,1620,648000,-0.0010020039441485996,375.1472515869141,0.7329443800449371,0.005724268965423107,0.032224999819882215,0.26860934495925903,0.1678830236196518,0.7548773288726807,19.467117309570312,-78.03445434570312,134.39813232421875,21.252389907836914,22.762866973876953,0.7247486742776722,24.20883123143174,0.08044049143791199,0.8626694679260254,0.0,0.0,-1.7657432556152344,-1.8035904169082642,0.17105959355831146,0.16470646858215332,0.0003,197.93943786621094
hamilton_ppo,1,1630,652000,-0.0019455815782159292,232.84636627197267,0.730526727437973,0.003430196549743414,0.03142499989364296,0.3273361921310425,0.16786284744739532,0.519534170627594,15.354278564453125,-84.7232894897461,97.5450439453125,21.536197662353516,18.721057891845703,0.7195650799786192,18.96085272925108,0.049930885434150696,0.7944203615188599,0.000125,0.00025,-1.769398808479309,-1.8000521659851074,0.17043542861938477,0.16529026627540588,0.0003,133.5475616455078
hamilton_ppo,1,1640,656000,-0.0012262799813004754,306.7888623046875,0.7294562613964081,0.005344202741980553,0.03877500001341105,0.29449570178985596,0.1683523952960968,1.0054770708084106,17.756784439086914,-101.28929138183594,117.6632080078125,22.945762634277344,21.14046287536621,0.7607802924103773,25.343930115701337,0.05743381008505821,1.282700538635254,0.0,0.0,-1.770970106124878,-1.7925379276275635,0.17016783356666565,0.16653697192668915,0.0003,133.27330017089844
hamilton_ppo,1,1650,660000,-0.00045721085681943663,350.6378483581543,0.7221041309833527,0.0030452231876552105,0.027174999909475445,0.3121010661125183,0.16905322670936584,-1.459842562675476,18.78569984436035,-154.8806915283203,105.03887939453125,21.041025161743164,22.64983558654785,0.6737452197074357,23.354648105841473,0.05454371124505997,0.7051863074302673,0.0,0.0,-1.7705134153366089,-1.784619688987732,0.17024555802345276,0.16786088049411774,0.0003,186.6190948486328
hamilton_ppo,1,1660,664000,-0.0005957437405799304,299.7046903991699,0.71955546438694,0.0037410124205052853,0.01974999985191971,0.44706565141677856,0.16842994093894958,0.7283381223678589,17.677305221557617,-88.49876403808594,102.69001007080078,22.194305419921875,23.772741317749023,0.7614104639811817,31.961707103408603,0.05132639780640602,1.4728832244873047,0.000125,0.00075,-1.773898720741272,-1.7886263132095337,0.1696702092885971,0.16718967258930206,0.0003,161.9379119873047
hamilton_ppo,1,1670,668000,-0.003924002084116183,259.4470852661133,0.726042497754097,0.006071061827242374,0.05385000011883676,0.5552926659584045,0.16820058226585388,-0.9644632339477539,16.228124618530273,-100.84820556640625,55.616539001464844,20.904569625854492,24.334991455078125,0.7503183205800265,30.49515544247229,0.04851198196411133,1.1006872653961182,0.0,0.0,-1.7730084657669067,-1.7922804355621338,0.16982130706310272,0.16657985746860504,0.0003,133.59640502929688
hamilton_ppo,1,1680,672000,-0.0015662113925762177,566.3835824584961,0.728981282711029,0.004441252909600735,0.02112500005867332,0.3288835883140564,0.16786780953407288,-1.053121566772461,24.198537826538086,-107.05260467529297,153.18890380859375,21.639646530151367,29.538619995117188,0.7365689134758375,63.46239950739228,0.028806287795305252,1.6660481691360474,0.000125,0.0005,-1.7748608589172363,-1.7943912744522095,0.16950702667236328,0.16622860729694366,0.0003,245.20095825195312
hamilton_ppo,1,1690,676000,-0.001587488855585617,385.3013691711426,0.7307901644706726,0.004456631373614073,0.040124999890103936,0.35593634843826294,0.16791585087776184,-1.753751277923584,19.951791763305664,-114.62477111816406,100.45140075683594,19.371734619140625,24.860937118530273,0.7522018595297336,45.78701869603345,0.05254432559013367,0.8486394286155701,0.000125,0.00025,-1.7742358446121216,-1.7944508790969849,0.16961301863193512,0.16621869802474976,0.0003,178.1823272705078
hamilton_ppo,1,1700,680000,-0.0009916248704592379,456.5979461669922,0.7303848052024842,0.0033137325663119555,0.01784999992698431,0.34494179487228394,0.16801181435585022,-4.236974716186523,21.40625,-160.81024169921875,65.70428466796875,13.872923851013184,26.448474884033203,0.737564701243613,49.90405226636932,0.05144495517015457,0.8186824321746826,0.0,0.0005,-1.770055890083313,-1.7975753545761108,0.1703234612941742,0.16570016741752625,0.0003,266.6644287109375
hamilton_ppo,1,1710,684000,-0.0019136032766458833,708.6152673339843,0.7308580267429352,0.0043854317627847195,0.024524999940767886,0.1813122034072876,0.1678643524646759,-2.3598999977111816,26.84672737121582,-147.0428009033203,95.4366455078125,12.195558547973633,29.671001434326172,0.7187881365973232,50.4718390320117,0.06594910472631454,0.7188710570335388,0.00025,0.001,-1.7636126279830933,-1.8060352802276611,0.17142446339130402,0.16430427134037018,0.0003,346.12384033203125
hamilton_ppo,1,1720,688000,-0.0004977210296325207,410.26661071777346,0.7369736504554748,0.0025830832310020924,0.030899999965913593,0.18351656198501587,0.1669643372297287,2.1303014755249023,20.405643463134766,-96.22244262695312,92.630126953125,13.321582794189453,22.582738876342773,0.845951010750596,27.037021587269827,0.05042463541030884,1.0414663553237915,0.0,0.0005,-1.768868327140808,-1.8115369081497192,0.17052584886550903,0.16340281069278717,0.0003,224.8894500732422
hamilton_ppo,1,1730,692000,-0.0009507394474421726,638.2425207519532,0.7440745913982392,0.002123730955645442,0.038124999911524356,0.0627983808517456,0.1666022539138794,-0.7668537497520447,25.483097076416016,-142.5597686767578,133.93272399902344,12.813379287719727,26.32301902770996,0.8449519795841024,27.957346383517855,0.04595250263810158,0.877412736415863,0.00025,0.00075,-1.7663614749908447,-1.818613052368164,0.1709538847208023,0.16225063800811768,0.0003,264.27783203125
hamilton_ppo,1,1740,696000,-0.0011256568095413932,309.15644012451173,0.7513699609041214,0.005540813319385052,0.0396999998902902,0.13698190450668335,0.16576683521270752,0.3144467771053314,17.691316604614258,-77.5489273071289,83.09480285644531,13.219538688659668,19.043649673461914,0.8522479835428358,16.433375010708495,0.07359521836042404,1.0462355613708496,0.0,0.00025,-1.7725856304168701,-1.8223803043365479,0.16989314556121826,0.16164053976535797,0.0003,143.1985626220703
hamilton_ppo,1,1750,700000,-0.0012795916719536748,273.91098587036134,0.7600661766529083,0.006246373523026705,0.03474999998230487,0.17610913515090942,0.16519120335578918,0.06121224910020828,16.697677612304688,-82.51801300048828,76.64654541015625,13.525017738342285,18.395906448364258,0.8886908467495754,15.92809046211082,0.05595102161169052,1.1720386743545532,0.000375,0.00075,-1.774560570716858,-1.827441692352295,0.16955794394016266,0.1608244776725769,0.0003,121.9062271118164
hamilton_ppo,1,1760,704000,-0.0003055870584998055,613.8532800292969,0.766830893754959,0.0020901276730000973,0.023649999955669045,0.15999114513397217,0.1645638346672058,-5.715276718139648,24.742107391357422,-112.32210540771484,171.13906860351562,7.818538665771484,26.995710372924805,0.8228945609984395,52.94498532581234,0.04539622738957405,1.160465121269226,0.000125,0.00025,-1.7809208631515503,-1.8285598754882812,0.1684829294681549,0.1606447398662567,0.0003,349.2966613769531
hamilton_ppo,1,1770,708000,-0.0005203117899727649,555.3996694946289,0.7764110887050628,0.0024725510738790035,0.03594999989960343,0.08486974239349365,0.16352242231369019,2.117480516433716,23.657060623168945,-114.49771881103516,133.4582977294922,10.605398178100586,24.729726791381836,0.8319066287679706,26.3463685687722,0.03585277497768402,1.1391159296035767,0.0,0.00025,-1.7835772037506104,-1.8387951850891113,0.16803596913814545,0.15900889039039612,0.0003,312.0559387207031
hamilton_ppo,1,1780,712000,8.015856225501494e-05,342.65050506591797,0.7813784825801849,0.0035054541658610106,0.037924999678507446,0.18026584386825562,0.16391019523143768,0.5296298861503601,18.59087371826172,-124.97917175292969,74.73178100585938,11.35567569732666,20.53351402282715,0.8659375473713777,17.718813952414315,0.05562181770801544,0.7933261394500732,0.0,0.0,-1.7772040367126465,-1.840676188468933,0.16911031305789948,0.1587100625038147,0.0003,182.65452575683594
hamilton_ppo,1,1790,716000,-0.0010007051327207584,735.6156518554687,0.7790857374668121,0.0028487839736044407,0.02349999993108213,0.12962394952774048,0.1641225963830948,-3.7081289291381836,27.147872924804688,-184.99398803710938,123.41858673095703,7.321007251739502,29.099287033081055,0.7241792310593962,32.87576086629391,0.03488370403647423,0.9650582075119019,0.000125,0.00025,-1.7792507410049438,-1.8358327150344849,0.16876454651355743,0.15948066115379333,0.0003,386.5889892578125
hamilton_ppo,1,1800,720000,-0.00123519679396195,418.8254669189453,0.7848818331956864,0.006218377500772476,0.037974999975413086,0.15095889568328857,0.1628006547689438,0.6364995241165161,20.538965225219727,-111.65631103515625,132.72445678710938,8.051362991333008,22.290212631225586,0.890586956353731,19.41518610776359,0.07612424343824387,0.8589579463005066,0.0,0.0,-1.784173846244812,-1.8472791910171509,0.16793574392795563,0.15766556560993195,0.0003,219.36041259765625
hamilton_ppo,1,1810,724000,-0.004200564990693421,686.7758221435547,0.7965545493364334,0.005399169400334358,0.05222499991301447,0.05393296480178833,0.1622970700263977,2.6442618370056152,26.253108978271484,-107.51592254638672,144.37667846679688,10.791219711303711,26.991050720214844,0.7642011577659793,30.934070481242834,0.04992645978927612,1.0541813373565674,0.00025,0.00075,-1.7841918468475342,-1.853668212890625,0.16793273389339447,0.15666145086288452,0.0003,327.32550048828125
hamilton_ppo,1,1820,728000,-0.002342310326035659,403.22758544921874,0.8093000167608261,0.004650624934583902,0.06899999972432852,0.08576071262359619,0.16075724363327026,0.12496627867221832,20.134716033935547,-131.0657958984375,73.89533996582031,10.474145889282227,21.057924270629883,0.8563761393772676,14.595165447926448,0.0721629410982132,0.7145459055900574,0.0,0.00025,-1.7995785474777222,-1.856964349746704,0.16536858677864075,0.15614591538906097,0.0003,188.53038024902344
hamilton_ppo,1,1830,732000,-0.0016060710593066684,630.2415948486328,0.8273069083690643,0.004826948046684265,0.0675499999243766,0.03574293851852417,0.15933409333229065,0.6028400659561157,25.191110610961914,-155.55517578125,117.83213806152344,10.82078742980957,25.653751373291016,0.8850244684895415,17.817173093417363,0.07168921828269958,0.8120077848434448,0.0,0.0005,-1.814481258392334,-1.8595300912857056,0.16292239725589752,0.15574580430984497,0.0003,316.6401672363281
hamilton_ppo,1,1840,736000,-0.0021987299175933008,440.1549395751953,0.841798991560936,0.004201563540846109,0.045824999790638685,0.058445870876312256,0.15846633911132812,-1.5604543685913086,20.99664878845215,-105.29093170166016,98.10159301757812,9.172883033752441,21.63850975036621,0.7446612157874096,15.64061480211847,0.04454091563820839,0.6317355036735535,0.0,0.00075,-1.8179826736450195,-1.8670450448989868,0.16235294938087463,0.154579758644104,0.0003,215.17242431640625
hamilton_ppo,1,1850,740000,-0.0026404714163945765,820.4444989013672,0.8526228046417237,0.0049493457190692425,0.04532499998342246,0.03091961145401001,0.15753334760665894,-0.32097217440605164,28.651947021484375,-135.66258239746094,165.62350463867188,8.773948669433594,29.105443954467773,0.8783313846565012,19.42409805735684,0.05813387408852577,0.38254284858703613,0.000375,0.0015,-1.8247171640396118,-1.8720797300338745,0.16126324236392975,0.15380346775054932,0.0003,357.7142333984375
hamilton_ppo,1,1860,744000,-0.0009018316990004683,482.89721832275393,0.8592474865913391,0.007331916596740484,0.043999999971129,0.003115713596343994,0.1574726402759552,1.5123404264450073,22.068496704101562,-107.27362823486328,146.1370849609375,10.379655838012695,22.102956771850586,0.8412359371854641,15.010028632693476,0.07557643204927444,0.6596500277519226,0.0,0.0,-1.8151130676269531,-1.8830476999282837,0.1628194898366928,0.1521257609128952,0.0003,238.4210968017578
hamilton_ppo,1,1870,748000,-0.0015450287563668042,409.0463528442383,0.8656713712215424,0.005697690416127443,0.05305000017862767,0.0200384259223938,0.15655112266540527,3.7970454692840576,20.133440017700195,-88.2056884765625,111.00200653076172,13.823996543884277,20.33824348449707,0.822631869926695,19.6671373132252,0.06807837635278702,0.6926690340042114,0.00025,0.0005,-1.8180577754974365,-1.8920562267303467,0.16234074532985687,0.15076148509979248,0.0003,201.71913146972656
hamilton_ppo,1,1880,752000,-0.001575768383769902,569.3764349365234,0.8803281098604202,0.012174614705145359,0.06382499971892684,0.021624445915222168,0.15518735349178314,0.548384964466095,23.87095069885254,-108.01942443847656,100.33272552490234,14.389625549316406,24.133310317993164,0.978830132348002,13.231694224480925,0.06728434562683105,0.47937652468681335,0.00025,0.00175,-1.830731987953186,-1.8965966701507568,0.16029620170593262,0.15007852017879486,0.0003,303.3709411621094
hamilton_ppo,1,1890,756000,-0.0005823498419544216,452.29857666015624,0.8920100969076157,0.003705304814502597,0.021099999956786634,0.011262476444244385,0.15462219715118408,5.420154094696045,20.993459701538086,-72.9921875,113.63485717773438,19.697101593017578,21.112688064575195,0.8522886054490995,30.306746987640505,0.05521262437105179,0.8470335602760315,0.0,0.00075,-1.8363558053970337,-1.898139476776123,0.15939724445343018,0.14984716475009918,0.0003,229.87054443359375
hamilton_ppo,1,1900,760000,-0.0013985036007121377,663.7907196044922,0.8923413145542145,0.0029613494407385588,0.030550000024959445,0.01967674493789673,0.15535452961921692,0.630315899848938,25.83624839782715,-103.36618041992188,110.36173248291016,19.760046005249023,26.094249725341797,0.8139197081032737,15.596002883642235,0.054666999727487564,0.8621765375137329,0.000125,0.00075,-1.8260868787765503,-1.8993453979492188,0.16104251146316528,0.14966656267642975,0.0003,324.8077697753906
hamilton_ppo,1,1910,764000,-0.00035243845509830507,642.4040811157226,0.8857485640048981,0.0022026686929166317,0.0064499999769032,0.0772748589515686,0.15555259585380554,-2.6242618560791016,25.67340850830078,-127.07029724121094,107.72583770751953,16.627826690673828,26.726823806762695,0.8058363289294874,34.933735738135326,0.0455549955368042,1.1978487968444824,0.0,0.00075,-1.8214445114135742,-1.9017082452774048,0.1617918610572815,0.14931334555149078,0.0003,289.328125
hamilton_ppo,1,1920,768000,-0.0018600924503363813,476.3004479980469,0.8854621917009353,0.007103152573108673,0.036175000062212345,0.1612938642501831,0.1554000824689865,2.049262523651123,21.934722900390625,-84.76702880859375,153.3668212890625,18.691823959350586,23.951196670532227,0.7317917693992051,26.503315652207576,0.051720306277275085,0.7960579991340637,0.0,0.00075,-1.8276638984680176,-1.8970438241958618,0.16078874468803406,0.15001142024993896,0.0003,226.1651611328125
hamilton_ppo,1,1930,772000,-0.0011972822306037423,574.7879541015625,0.888893039226532,0.004458887502551079,0.028874999773688615,0.15084582567214966,0.15501287579536438,-3.655238628387451,24.004514694213867,-118.48875427246094,110.91004943847656,15.307486534118652,26.049516677856445,0.8411906377468843,39.43381137088355,0.04231208935379982,1.0356419086456299,0.0,0.0005,-1.8295944929122925,-1.9001437425613403,0.1604786366224289,0.14954712986946106,0.0003,316.1903381347656
hamilton_ppo,1,1940,776000,-0.0013844298547590372,423.9813241577148,0.8965518897771836,0.003113266546279192,0.02125,0.17275482416152954,0.15428438782691956,-0.9787654876708984,20.628202438354492,-101.27300262451172,94.96629333496094,14.572964668273926,22.680063247680664,0.8447973066306709,24.239765684282215,0.0788545310497284,0.8179652094841003,0.0,0.0,-1.8237476348876953,-1.916308879852295,0.16141968965530396,0.14714911580085754,0.0003,239.31533813476562
hamilton_ppo,1,1950,780000,-0.0011759804602785096,538.9617037963867,0.9050345897674561,0.003308893647044897,0.012925000009126962,0.20700454711914062,0.15387435257434845,-2.152583122253418,23.411800384521484,-134.23062133789062,114.04586029052734,12.18840217590332,26.290536880493164,0.8452088030418372,33.533151615441405,0.046432461589574814,2.1724581718444824,0.000125,0.00025,-1.829826831817627,-1.915234088897705,0.1604413539171219,0.14730733633041382,0.0003,233.22378540039062
hamilton_ppo,1,1960,784000,-2.9714811091245962e-05,858.5181030273437,0.9081509560346603,0.0022720748092979193,0.006799999950453639,0.2117304801940918,0.15369343757629395,-0.455928772687912,29.42107582092285,-177.00807189941406,119.03416442871094,10.931724548339844,33.137611389160156,0.8281017204074534,51.03579687726694,0.01959877274930477,1.0593547821044922,0.000125,0.0005,-1.8314917087554932,-1.9158786535263062,0.16017445921897888,0.1472124308347702,0.0003,413.07464599609375
hamilton_ppo,1,1970,788000,-0.0013645754026692903,627.5504290771485,0.9111386817693711,0.003644767450168729,0.0243749999627471,0.14386862516403198,0.15342247486114502,-1.9801933765411377,25.359426498413086,-138.79934692382812,107.22117614746094,10.206242561340332,27.407487869262695,0.8875744849087971,44.40174912585533,0.0519641675055027,1.4440821409225464,0.000125,0.00025,-1.828490972518921,-1.9228540658950806,0.16065582633018494,0.1461891382932663,0.0003,339.03729248046875
hamilton_ppo,1,1980,792000,-0.0026004936038603764,615.1708749389649,0.9159146898984909,0.005584334023296833,0.05564999985508621,0.1685221791267395,0.15303590893745422,-1.6632299423217773,24.884435653686523,-156.21107482910156,139.258056640625,8.965646743774414,27.289932250976562,0.9430577342911216,35.37362539193578,0.046043869107961655,0.9483394026756287,0.000125,0.00025,-1.8269294500350952,-1.929884672164917,0.16090689599514008,0.14516493678092957,0.0003,306.1220703125
hamilton_ppo,1,1990,796000,-0.0014596741057073892,646.8925885009766,0.9224983805418014,0.0037425619084388018,0.021674999957904218,0.05967611074447632,0.15229901671409607,2.9057559967041016,25.665332794189453,-104.15731048583984,176.0503387451172,10.967249870300293,26.467208862304688,0.8102515047394131,32.31490668337919,0.03317122906446457,1.5427443981170654,0.000125,0.0015,-1.8292847871780396,-1.9374581575393677,0.16052834689617157,0.14406968653202057,0.0003,327.3538818359375
hamilton_ppo,1,2000,800000,-0.0015804755107519685,699.6052993774414,0.9342850816249847,0.004122070036828518,0.021224999949336052,0.14272654056549072,0.15150141716003418,-4.196415424346924,26.4003963470459,-149.5320587158203,140.3579864501953,6.3566484451293945,28.513513565063477,0.7713914976439372,35.78345513216101,0.05155906081199646,1.3447619676589966,0.0,0.00025,-1.827594518661499,-1.950500249862671,0.16079990565776825,0.14220291376113892,0.0003,271.2373046875
hamilton_ppo,1,2010,804000,-0.0024184969543363,476.74051788330075,0.9385913908481598,0.005355042405426502,0.044875000002793965,0.16724228858947754,0.1518440991640091,-0.9002523422241211,21.8935546875,-108.35302734375,111.16581726074219,6.0112810134887695,23.99147605895996,0.7913893234828003,26.252385584349344,0.045911479741334915,0.877612829208374,0.0,0.0,-1.827865719795227,-1.9453870058059692,0.16075630486011505,0.14293189346790314,0.0003,272.8777160644531
hamilton_ppo,1,2020,808000,-0.0004879053855105675,299.9217501831055,0.9359467136859894,0.004539812915027142,0.03107500007841736,0.2706291079521179,0.15153764188289642,1.1677387952804565,17.399646759033203,-86.91842651367188,71.10758972167969,6.51093864440918,20.373525619506836,0.817511389389695,22.89604020421695,0.04770498350262642,1.2547863721847534,0.0,0.0,-1.8351531028747559,-1.9415162801742554,0.15958906710147858,0.14348623156547546,0.0003,120.73835754394531
hamilton_ppo,1,2030,812000,-0.0012761614699324131,405.61088134765623,0.9395370358228683,0.004668542183935642,0.028399999905377626,0.1705394983291626,0.15171167254447937,1.1080876588821411,20.276254653930664,-105.23381805419922,121.8596420288086,7.735990047454834,22.263317108154297,0.8909934805887267,21.626270207844367,0.06762132793664932,1.1885106563568115,0.0,0.00075,-1.8469617366790771,-1.9261525869369507,0.15771561861038208,0.14570771157741547,0.0003,171.33596801757812
hamilton_ppo,1,2040,816000,-0.003123335004616088,506.1185946655273,0.9343238395452499,0.00674469256773591,0.05902499970048666,0.06058269739151001,0.1517794132232666,2.600902795791626,22.593162536621094,-108.48954772949219,125.62158203125,10.124136924743652,23.310293197631836,0.8576604955827523,30.27973144612757,0.06691891700029373,0.8781495690345764,0.0,0.00075,-1.8531259298324585,-1.9185996055603027,0.15674641728401184,0.14681242406368256,0.0003,218.3212432861328
hamilton_ppo,1,2050,820000,-0.002269317883545592,700.0603771972657,0.9384176218509674,0.004085197113454342,0.057700000046752395,0.025979280471801758,0.15106245875358582,0.6854293942451477,26.569482803344727,-146.13909912109375,134.30502319335938,10.938400268554688,26.921483993530273,0.9330836913621515,28.207329770940806,0.04731663689017296,0.6703487038612366,0.00025,0.0005,-1.853127360343933,-1.9284130334854126,0.15674619376659393,0.1453787386417389,0.0003,323.1807861328125
hamilton_ppo,1,2060,824000,-0.0014743669974195673,1072.8028936767578,0.9388567835092545,0.003279850585386157,0.03552500005345791,-0.012173295021057129,0.15212595462799072,3.5771076679229736,32.757938385009766,-229.68435668945312,193.628173828125,13.984660148620605,32.56035614013672,0.8645768689622202,30.383498951181828,0.04796085134148598,0.8057063221931458,0.0,0.00025,-1.844658613204956,-1.9229668378829956,0.15807928144931793,0.1461726427078247,0.0003,451.6103515625
hamilton_ppo,1,2070,828000,-0.0011161625076201887,592.4570086669922,0.9276295608282089,0.0043683722615242004,0.04600000000558793,0.026796698570251465,0.15212112665176392,-1.35015869140625,24.34063148498535,-108.11058044433594,128.43434143066406,11.260601997375488,24.673460006713867,0.8398404274075094,11.726586278760697,0.050544898957014084,0.4796830415725708,0.000125,0.0005,-1.853087306022644,-1.9139963388442993,0.15675246715545654,0.1474897861480713,0.0003,318.345947265625
hamilton_ppo,1,2080,832000,-0.0014744506191234907,965.1376513671875,0.9339114755392075,0.005176320672035217,0.0818249999685213,0.028649747371673584,0.15142010152339935,-2.9604570865631104,31.04170036315918,-186.1324920654297,173.1492919921875,8.615533828735352,31.496156692504883,0.9028675967534714,19.202550870410622,0.06804477423429489,0.6610771417617798,0.000125,0.00075,-1.8590906858444214,-1.91714608669281,0.1558142453432083,0.1470259577035904,0.0003,476.2178649902344
hamilton_ppo,1,2090,836000,-0.0017120587858022508,866.7969989013671,0.9395829319953919,0.005118136294186115,0.03532499991357327,0.021425187587738037,0.15110689401626587,0.6321552991867065,29.551288604736328,-154.51593017578125,110.14189147949219,10.103487014770508,29.87303924560547,0.8509234607893152,20.90858032179147,0.0852823406457901,1.1844542026519775,0.00025,0.00125,-1.8576411008834839,-1.922960877418518,0.1560402661561966,0.14617353677749634,0.0003,440.08160400390625
hamilton_ppo,1,2100,840000,-0.0010301944960549037,763.9054919433594,0.9462968480587005,0.00561384717002511,0.03872500021010637,0.012821316719055176,0.15071433782577515,3.384742021560669,27.608545303344727,-153.1993865966797,147.35537719726562,13.897822380065918,27.787254333496094,0.9373530483378143,24.403253969664423,0.06159844249486923,0.8776481747627258,0.0,0.00025,-1.8546653985977173,-1.9315502643585205,0.1565053015947342,0.1449233591556549,0.0003,409.5926513671875
hamilton_ppo,1,2110,844000,-0.0005852471268502058,714.169453125,0.9526080495119095,0.0052999574691057205,0.05024999975692481,0.03243380784988403,0.1501777470111847,-1.2154358625411987,26.759502410888672,-156.053466796875,123.20952606201172,12.178092002868652,27.204309463500977,0.9757492254616874,15.852231845385564,0.05084606260061264,0.5840851068496704,0.000125,0.001,-1.8585560321807861,-1.9347668886184692,0.1558975875377655,0.14445793628692627,0.0003,302.4702453613281
hamilton_ppo,1,2120,848000,-0.0004451569110737097,402.07597076416016,0.9605001562833786,0.005144109018146992,0.04529999988153577,0.0793006420135498,0.1492045819759369,1.3424556255340576,20.10857582092285,-136.3604278564453,106.64342498779297,13.867341995239258,20.95667839050293,0.8172844041308768,15.522573063367195,0.05947413668036461,0.45553430914878845,0.000125,0.00075,-1.8595112562179565,-1.947288155555725,0.15574872493743896,0.14266042411327362,0.0003,213.37257385253906
hamilton_ppo,1,2130,852000,-0.0006041475524689232,488.9961633300781,0.9724137157201767,0.005217253230512142,0.03494999994523823,0.06114602088928223,0.1488327980041504,0.5959727764129639,22.13528060913086,-89.52072143554688,96.43040466308594,14.456626892089844,22.844728469848633,0.9257043559872357,17.221867780502343,0.044690001755952835,0.6970850229263306,0.000125,0.00075,-1.869904637336731,-1.9412305355072021,0.15413837134838104,0.14352722465991974,0.0003,254.5764923095703
hamilton_ppo,1,2140,856000,-0.00012460757440713622,526.4156594848632,0.9700168204307557,0.002336523262783885,0.0511499998671934,0.05687206983566284,0.14956893026828766,2.511122226715088,22.98305892944336,-109.78604125976562,112.85164642333984,16.803518295288086,23.66587257385254,0.8818285543345111,23.560420546558156,0.05924203246831894,0.6140804290771484,0.000125,0.00025,-1.8562637567520142,-1.945732593536377,0.1562553495168686,0.14288251101970673,0.0003,230.15286254882812
hamilton_ppo,1,2150,860000,-4.20901555917208e-05,781.7585870361328,0.9642577713727951,0.004173304419964552,0.0333250001585111,0.03104954957962036,0.14943358302116394,2.5110976696014404,27.936195373535156,-154.7959747314453,127.38722229003906,19.61343002319336,28.380268096923828,0.8378136803274451,22.53901901446206,0.061162326484918594,0.49797573685646057,0.0,0.00025,-1.8597297668457031,-1.9438451528549194,0.1557147204875946,0.14315244555473328,0.0003,422.93780517578125
hamilton_ppo,1,2160,864000,-0.0006237748235769702,817.48029296875,0.9674645507335663,0.004550485406070948,0.01832500002812594,0.07033294439315796,0.14917618036270142,-3.914206027984619,28.66752815246582,-147.6744384765625,154.13565063476562,15.164369583129883,29.73216438293457,0.8405936771391379,37.656309775697814,0.033402811735868454,0.8785349726676941,0.0,0.0,-1.8575767278671265,-1.9498035907745361,0.15605032444000244,0.1423020213842392,0.0003,348.7353820800781
hamilton_ppo,1,2170,868000,-0.0020524623151910505,811.972064819336,0.9736314684152603,0.006242561154067516,0.052424999997019765,0.058129966259002686,0.1484885960817337,5.018381118774414,28.385576248168945,-137.3865509033203,176.6809539794922,21.085172653198242,29.2484073638916,0.7873702791918532,42.7788294538308,0.06066630035638809,1.0646697282791138,0.00025,0.001,-1.8655508756637573,-1.9507578611373901,0.15481090545654297,0.14216628670692444,0.0003,408.2641906738281
hamilton_ppo,1,2180,872000,-0.0013402033025762617,1016.1800549316406,0.9792709898948669,0.0042535788379609585,0.02644999994430691,-0.035988807678222656,0.1483333557844162,-3.91916823387146,32.19279479980469,-171.33203125,153.78717041015625,17.047382354736328,31.62868309020996,0.7917651147734172,58.136312956196434,0.03157879784703255,1.1236331462860107,0.0,0.0,-1.868163824081421,-1.9501004219055176,0.15440692007541656,0.14225977659225464,0.0003,512.3680419921875
hamilton_ppo,1,2190,876000,-0.0013430827021511504,871.2541125488282,0.982336500287056,0.004036962054669857,0.02372500015888363,0.06592601537704468,0.14791177213191986,0.6919938921928406,29.599288940429688,-206.58116149902344,121.55908203125,17.365577697753906,30.62602424621582,0.7576725598632816,23.854764894221162,0.06131447106599808,0.7361525297164917,0.0,0.00075,-1.8693779706954956,-1.9547209739685059,0.15421956777572632,0.1416039913892746,0.0003,378.75042724609375
hamilton_ppo,1,2200,880000,-0.0012342423377820566,500.40846649169924,0.9901035976409912,0.006899820175021887,0.030424999827519058,0.08731096982955933,0.14741432666778564,0.7993118166923523,22.41348648071289,-126.78473663330078,111.57806396484375,18.59234619140625,23.461078643798828,0.8534853550944789,18.644536807823616,0.05964456871151924,0.7900844812393188,0.0,0.0,-1.8719005584716797,-1.9590122699737549,0.15383101999759674,0.14099763333797455,0.0003,209.7450714111328
hamilton_ppo,1,2210,884000,-0.0006189476565901719,701.4967004394531,0.9973955231904984,0.0033518027048557997,0.02615000004414469,0.08595991134643555,0.1467064619064331,2.812634229660034,26.498321533203125,-126.6106185913086,114.68724060058594,21.395645141601562,27.716331481933594,0.7566941296116885,29.03208061060751,0.058819275349378586,0.995567798614502,0.0,0.0,-1.869443416595459,-1.9718185663223267,0.1542094647884369,0.13920347392559052,0.0003,364.7745056152344
hamilton_ppo,1,2220,888000,-0.002129234579880723,469.21866943359373,1.00476615190506,0.005023149307817221,0.03180000007618219,0.07028788328170776,0.14648938179016113,1.7189260721206665,21.862140655517578,-110.85833740234375,124.43980407714844,22.86419105529785,22.673494338989258,0.8490485531482919,29.748617228021185,0.050591740757226944,1.4275981187820435,0.000125,0.00025,-1.8758505582809448,-1.9678703546524048,0.15322458744049072,0.13975416123867035,0.0003,271.3945617675781
hamilton_ppo,1,2230,892000,-8.779469603268808e-05,500.40431701660157,1.0053865325450897,0.004295744467526674,0.023874999755062163,0.07514399290084839,0.14652907848358154,-3.2442948818206787,22.401737213134766,-124.36891174316406,139.33123779296875,19.978784561157227,23.294031143188477,0.9118447985072368,26.987201809990452,0.0454607829451561,1.0062910318374634,0.0,0.0,-1.8766872882843018,-1.9663864374160767,0.15309642255306244,0.13996170461177826,0.0003,238.84645080566406
hamilton_ppo,1,2240,896000,-0.0009206734938699768,916.1536169433593,1.0030402660369873,0.003952688537538052,0.014999999925494193,0.05852973461151123,0.1470692753791809,7.322965145111084,29.986797332763672,-128.68057250976562,146.55178833007812,27.740644454956055,30.90485954284668,0.8153079495027478,65.75516136323353,0.05856027081608772,1.2529592514038086,0.0,0.00075,-1.8711912631988525,-1.964697003364563,0.15394017100334167,0.14019836485385895,0.0003,441.777587890625
hamilton_ppo,1,2250,900000,-0.0028500006106092803,397.51378173828124,1.003525020480156,0.009063676930963993,0.0799250000482425,0.12946391105651855,0.14619886875152588,1.6756550073623657,20.016815185546875,-88.31497192382812,105.23681640625,28.465011596679688,21.453670501708984,0.8990876027033559,20.436734797722767,0.05484892800450325,1.351678729057312,0.0,0.0,-1.8691492080688477,-1.9794666767120361,0.15425483882427216,0.1381428986787796,0.0003,175.35171508789062
hamilton_ppo,1,2260,904000,-0.0007015832601675354,863.0237078857422,1.0138136637210846,0.004709349945187569,0.03477499973960221,0.05725884437561035,0.14580601453781128,0.338194340467453,29.444480895996094,-201.33074951171875,142.6554718017578,29.987775802612305,30.325477600097656,0.7780734269784852,32.46112744504976,0.06063635274767876,1.3261550664901733,0.0,0.00025,-1.870977520942688,-1.9831212759017944,0.15397308766841888,0.13763895630836487,0.0003,452.78302001953125
hamilton_ppo,1,2270,908000,-0.0016845411752816374,1016.6889630126954,1.0186847007274629,0.004862404428422451,0.024450000026263297,0.08684337139129639,0.1453961282968521,-4.15761661529541,32.097076416015625,-201.38888549804688,120.14999389648438,25.806737899780273,33.58867263793945,0.8546301808081218,70.4621963399731,0.03791606053709984,0.9238130450248718,0.0,0.0,-1.872332215309143,-1.9875727891921997,0.15376463532447815,0.13702762126922607,0.0003,527.9271240234375
hamilton_ppo,1,2280,912000,-0.0011336657322215604,605.5719311523437,1.0209308362007141,0.0031416278798133135,0.024749999986961483,0.14867377281188965,0.1456575095653534,0.038846131414175034,24.689605712890625,-153.62106323242188,134.3174591064453,25.032825469970703,26.758769989013672,0.8688309105632002,28.46190677853891,0.05660359561443329,1.132177472114563,0.0,0.00025,-1.8692537546157837,-1.987217664718628,0.1542387306690216,0.13707628846168518,0.0003,295.661865234375
hamilton_ppo,1,2290,916000,-0.0030200302294455385,504.07941650390626,1.0124049997329712,0.0036540087312459946,0.043999999649822714,0.24243813753128052,0.14648428559303284,-0.13380126655101776,22.700315475463867,-138.80490112304688,113.86885833740234,24.362285614013672,26.080915451049805,0.8517522300351362,32.078525366526335,0.04539293795824051,1.1970322132110596,0.000125,0.00025,-1.8620989322662354,-1.983242154121399,0.15534622967243195,0.13762232661247253,0.0003,170.3897247314453
hamilton_ppo,1,2300,920000,-0.0014347704189247468,835.9250006103516,1.0081804192066193,0.0035070329904556274,0.020099999788217245,0.24539852142333984,0.1461620181798935,-0.16183538734912872,29.0355224609375,-183.46160888671875,129.04298400878906,23.981882095336914,33.42495346069336,0.8342747811845461,42.76041029091091,0.06373142451047897,1.2335692644119263,0.000375,0.00075,-1.8674538135528564,-1.9818979501724243,0.15451659262180328,0.1378074437379837,0.0003,504.8494567871094
hamilton_ppo,1,2310,924000,-0.001015359586713025,511.5632357788086,1.016311753988266,0.0031774721574038267,0.02532499990891665,0.29233503341674805,0.14517909288406372,-2.031083106994629,22.67844581604004,-126.63723754882812,133.38877868652344,21.580039978027344,26.958730697631836,0.881447170906431,34.76924779033584,0.050240036100149155,0.7276209592819214,0.0,0.0,-1.8858708143234253,-1.9757212400436401,0.15169689059257507,0.13866126537322998,0.0003,282.2044982910156
hamilton_ppo,1,2320,928000,-0.002260326752691979,512.7161880493164,1.0259722065925598,0.005918859038501978,0.049050000105053185,0.20828408002853394,0.14493729174137115,2.133086919784546,22.75520896911621,-148.69178771972656,116.4234848022461,23.606901168823242,25.573850631713867,0.8291646882982876,30.569832916662552,0.05630597844719887,1.0742958784103394,0.00025,0.001,-1.8829048871994019,-1.9824811220169067,0.15214750170707703,0.13772711157798767,0.0003,297.92742919921875
hamilton_ppo,1,2330,932000,-0.000961787225665467,521.2255422973633,1.0225679612159728,0.005993466358631849,0.04442499994765967,0.2025889754295349,0.14583063125610352,-0.5537279844284058,22.915573120117188,-156.4938507080078,141.45960998535156,23.017887115478516,25.66194725036621,0.7343447762271432,26.75615881233685,0.049139298498630524,0.9255836606025696,0.0,0.00025,-1.8671367168426514,-1.9870764017105103,0.15456560254096985,0.13709565997123718,0.0003,219.05355834960938
hamilton_ppo,1,2340,936000,-0.0012924597499892165,962.2691125488282,1.014993747472763,0.00396568700671196,0.03025000012945384,0.1597198247909546,0.14588239789009094,-3.6776363849639893,31.08957290649414,-176.19784545898438,173.95799255371094,19.32306671142578,33.91584777832031,0.8718002205113379,56.73494481471572,0.04740839824080467,0.7149863839149475,0.0,0.0005,-1.8648918867111206,-1.988856554031372,0.15491294860839844,0.13685180246829987,0.0003,381.8793640136719
hamilton_ppo,1,2350,940000,-0.0030516752788869784,547.6590646362305,1.0218002152442933,0.008322893641889095,0.06770000007469207,0.20782464742660522,0.14500822126865387,-0.5968095064163208,23.471818923950195,-152.45440673828125,113.14665222167969,19.08794403076172,26.3715763092041,0.8510941100783593,26.925192705921425,0.05764944106340408,0.791608989238739,0.00025,0.0005,-1.8759716749191284,-1.989159107208252,0.15320603549480438,0.13681042194366455,0.0003,258.4538269042969
hamilton_ppo,1,2360,944000,1.5587059053352447e-05,642.211923828125,1.0347871351242066,0.0026339262258261442,0.007074999995529652,0.17613142728805542,0.1438465416431427,-1.0651369094848633,25.43963623046875,-97.67435455322266,162.330322265625,17.597871780395508,28.02734375,0.8300435756211398,37.12814110138639,0.03393353894352913,0.9160006046295166,0.00025,0.00075,-1.8868376016616821,-1.9940510988235474,0.1515503227710724,0.1361427754163742,0.0003,343.2139587402344
hamilton_ppo,1,2370,948000,-0.000980211004630842,507.6892593383789,1.0448638606071472,0.004220123402774334,0.02272499993443489,0.10860663652420044,0.1437498778104782,3.5630531311035156,22.50979995727539,-171.62171936035156,134.14227294921875,21.954524993896484,23.841684341430664,0.829788254134744,33.58391789025164,0.047846656292676926,0.9978593587875366,0.0,0.00025,-1.8894551992416382,-1.9925622940063477,0.15115414559841156,0.13634562492370605,0.0003,238.40586853027344
hamilton_ppo,1,2380,952000,-0.0030961823072189866,550.8269012451171,1.0471077466011047,0.0048895771615207195,0.05529999975580722,0.1680108904838562,0.14306122064590454,-1.6836979389190674,23.52644920349121,-122.08301544189453,112.42692565917969,20.189401626586914,25.792743682861328,0.9201866883742664,34.96904154510031,0.05947244539856911,0.6310005187988281,0.0,0.0,-1.8930596113204956,-1.9986940622329712,0.1506102979183197,0.13551214337348938,0.0003,229.97647094726562
hamilton_ppo,1,2390,956000,-0.001403478382557659,920.6330456542969,1.0552751123905182,0.005366115365177393,0.027599999937228857,0.10162901878356934,0.14284446835517883,2.645418882369995,30.377670288085938,-170.05072021484375,218.5075225830078,22.84038734436035,32.04989242553711,0.7096207712370244,33.535737747775904,0.05357048660516739,0.9318903684616089,0.00025,0.00075,-1.893088698387146,-2.0018656253814697,0.1506059169769287,0.13508303463459015,0.0003,549.7921752929688
hamilton_ppo,1,2400,960000,-0.0011477518902808681,541.2330899047852,1.06383269906044,0.006379392929375172,0.030550000052899123,0.22712504863739014,0.14186826348304749,-1.2027952671051025,23.355323791503906,-128.20437622070312,100.25650024414062,20.85235595703125,26.56631088256836,0.8562043722539796,33.358667601803496,0.04182257503271103,1.241509199142456,0.0,0.00025,-1.8947386741638184,-2.014561414718628,0.15035763382911682,0.13337887823581696,0.0003,266.2543029785156
hamilton_ppo,1,2410,964000,-0.000517918244095199,519.2763333129883,1.0706351029872894,0.003624536097049713,0.04267499978188425,0.22419816255569458,0.1420269012451172,-1.1233407258987427,22.867233276367188,-112.94692993164062,116.37284088134766,19.419191360473633,25.962003707885742,0.887035170533519,29.86458191775187,0.05885476619005203,0.9969830513000488,0.0,0.00075,-1.8972320556640625,-2.0093886852264404,0.14998318254947662,0.13407060503959656,0.0003,214.9075164794922
hamilton_ppo,1,2420,968000,-0.0012285004783567266,637.0705056762695,1.075379489660263,0.004504363052546978,0.02037499994970858,0.1929880976676941,0.14090695977210999,1.1534348726272583,25.313465118408203,-105.21043395996094,174.4809112548828,20.11663055419922,28.1780948638916,0.8239339939903096,32.82008182209009,0.048732928931713104,0.72459876537323,0.0,0.00025,-1.911814570426941,-2.0099008083343506,0.14781193435192108,0.1340019702911377,0.0003,299.0327453613281
hamilton_ppo,1,2430,972000,-0.0014445151656240364,816.015693359375,1.0864531326293945,0.0050991796888411045,0.03340000011492521,0.008236467838287354,0.14048083126544952,-1.2582844495773315,29.0844669342041,-146.65737915039062,117.87811279296875,19.983612060546875,29.204988479614258,0.8564976631847533,69.63276246844889,0.05427637696266174,0.8165324926376343,0.0,0.0005,-1.913790225982666,-2.014092206954956,0.14752018451690674,0.1334414780139923,0.0003,404.08587646484375
hamilton_ppo,1,2440,976000,-0.001414274607991679,425.31383514404297,1.096312700510025,0.006563601084053516,0.044875000161118804,0.12176334857940674,0.13979503512382507,-1.6937941312789917,20.688138961791992,-119.85730743408203,86.55303955078125,16.602766036987305,22.075759887695312,0.778525847927986,19.0375675547614,0.05100429058074951,1.0306401252746582,0.0,0.0,-1.9261622428894043,-2.0107831954956055,0.14570631086826324,0.1338837742805481,0.0003,249.07232666015625
hamilton_ppo,1,2450,980000,-0.0023044892086909385,556.1071939086914,1.104056625366211,0.005591380409896374,0.06602499954402447,0.030667901039123535,0.13886359333992004,0.21728911995887756,23.717716217041016,-107.95120239257812,140.6897430419922,17.064945220947266,24.089988708496094,0.8312316040470203,18.779423238794422,0.0827176421880722,0.8896587491035461,0.0,0.0,-1.9286167621612549,-2.0220932960510254,0.14534910023212433,0.13237807154655457,0.0003,270.2583923339844
hamilton_ppo,1,2460,984000,-0.0022350757431355284,548.1750186157227,1.1172171366214751,0.008158551529049873,0.07417499965522438,0.04608255624771118,0.1383412480354309,1.239720106124878,23.440006256103516,-88.69070434570312,218.6593780517578,18.378501892089844,23.999507904052734,0.8746724914048428,13.108115205633915,0.07195430248975754,0.794562578201294,0.0,0.0,-1.9250706434249878,-2.0339555740356445,0.14586545526981354,0.13081704080104828,0.0003,226.00497436523438
hamilton_ppo,1,2470,988000,-0.0033143163596978374,759.5016967773438,1.1176166260242462,0.007209485862404108,0.08399999972432852,0.04078209400177002,0.13904297351837158,-1.8180129528045654,27.564340591430664,-293.5145263671875,150.03334045410156,16.071895599365234,28.14420509338379,0.8939153692151345,14.448005366551012,0.07191348075866699,0.8357375860214233,0.0,0.0,-1.9287164211273193,-2.019277811050415,0.1453346312046051,0.13275130093097687,0.0003,310.1158142089844
hamilton_ppo,1,2480,992000,-0.002379477512893937,651.5625805664063,1.1067110013961792,0.004423567559570074,0.06570000018924475,0.045449137687683105,0.13925951719284058,-1.0818054676055908,25.557004928588867,-123.60186004638672,129.74378967285156,15.64808177947998,26.158353805541992,0.8314325140369827,14.71365296461087,0.042483001947402954,1.0424281358718872,0.000125,0.00025,-1.9259477853775024,-2.0190505981445312,0.14573757350444794,0.13278146088123322,0.0003,360.11993408203125
hamilton_ppo,1,2490,996000,-0.0019820254864545816,407.57264892578127,1.113552874326706,0.005348036531358957,0.08252500053029507,0.0858502984046936,0.13826289772987366,0.7843393683433533,20.207754135131836,-100.34900665283203,97.0032958984375,16.710615158081055,21.135347366333008,0.9404371166400673,11.243978016940284,0.07756098359823227,0.7000148892402649,0.0,0.0,-1.9318615198135376,-2.0276269912719727,0.14487825334072113,0.13164755702018738,0.0003,221.087158203125
hamilton_ppo,1,2500,1000000,-0.0011179709485528288,364.5481146240234,1.1289871442317962,0.007661621086299419,0.05514999959617853,0.0932316780090332,0.137250617146492,1.7048367261886597,19.10320472717285,-81.01055908203125,143.13446044921875,18.526819229125977,20.06125259399414,0.926925198150685,14.130546081847989,0.06057678163051605,0.8610213994979858,0.0,0.0,-1.9416260719299316,-2.032323122024536,0.14347048103809357,0.13103076815605164,0.0003,157.6124725341797
hamilton_ppo,2,10,4000,-0.0019127606417998243,79.67302680969239,0.16139183208346367,0.003259307937696576,0.02465000000782311,-0.0012229681015014648,0.22344224154949188,2.8571555614471436,8.719550132751465,-51.26186752319336,38.78506088256836,3.0637736320495605,8.71422290802002,0.6550330455694584,4.917365190132738,0.08923637121915817,1.5859593152999878,0.0,0.00025,-1.4971176385879517,-1.500089168548584,0.22377422451972961,0.22311025857925415,0.0003,33.60127258300781
hamilton_ppo,2,20,8000,-0.0013558003521989548,61.73337890625,0.16053952008485795,0.0038738050498068333,0.019274999983608723,0.01197826862335205,0.2230142503976822,0.9849295616149902,7.912312984466553,-42.01872253417969,48.609642028808594,3.5121943950653076,7.96013069152832,0.6496008008371595,2.702081123363011,0.15396517515182495,1.5899124145507812,0.0,0.0,-1.5071487426757812,-1.493934154510498,0.22154074907302856,0.22448773682117462,0.0003,33.29900360107422
hamilton_ppo,2,30,12000,-0.0006212673747485553,57.86840705871582,0.16402118608355523,0.002616546116769314,0.006724999966099859,0.07146096229553223,0.2227197140455246,2.5678861141204834,7.534513473510742,-46.41297912597656,48.61286926269531,6.151005268096924,7.819070339202881,0.6243635351535959,6.94610428847139,0.09121823310852051,1.1990864276885986,0.0,0.0,-1.5102497339248657,-1.4935027360916138,0.22085480391979218,0.22458462417125702,0.0003,23.684280395507812
hamilton_ppo,2,40,16000,-0.0011539876804788963,42.5995983505249,0.1675320339202881,0.0028554743621498346,0.011549999970011413,0.09747010469436646,0.2222914695739746,1.6342897415161133,6.551620006561279,-34.56208801269531,30.020112991333008,8.177271842956543,6.896327972412109,0.5940076522025053,5.105064577222141,0.10210410505533218,1.3671419620513916,0.0,0.00025,-1.5111418962478638,-1.4964438676834106,0.2206578552722931,0.22392505407333374,0.0003,19.815425872802734
hamilton_ppo,2,50,20000,-0.0012159678263699014,47.896668968200686,0.17112739533185958,0.004448816180229187,0.014599999994970858,0.07264208793640137,0.22161224484443665,2.7807822227478027,6.833034038543701,-21.45602798461914,65.19972229003906,10.416428565979004,7.0956130027771,0.5894583644780935,8.74653240770389,0.08507079631090164,0.9540827870368958,0.0,0.0,-1.5169750452041626,-1.4967790842056274,0.21937449276447296,0.22384999692440033,0.0003,19.168411254882812
hamilton_ppo,2,60,24000,-0.0005824095906704318,62.00680404663086,0.17409009173512457,0.002558500971645117,0.006649999967776239,0.07171285152435303,0.22225475311279297,2.370654821395874,7.801229476928711,-37.56856155395508,48.30328369140625,12.826798439025879,8.09695816040039,0.5776884663262194,8.388062940254875,0.09366374462842941,0.755712628364563,0.0,0.0,-1.513158917427063,-1.4947874546051025,0.22021323442459106,0.22429627180099487,0.0003,26.173124313354492
hamilton_ppo,2,70,28000,-0.002064604035718731,98.21245681762696,0.1683886790275574,0.002967950887978077,0.012399999862536789,0.10965323448181152,0.22252410650253296,-0.44965484738349915,10.201574325561523,-64.80579376220703,36.702392578125,12.3275785446167,10.811541557312012,0.5934045190289629,10.939169905201638,0.08734460920095444,1.2407350540161133,0.0,0.0,-1.5151774883270264,-1.4904155731201172,0.2197691649198532,0.2252790331840515,0.0003,33.50812530517578
hamilton_ppo,2,80,32000,-0.0048422836059398835,31.34825403213501,0.1649276727437973,0.0063218302093446255,0.04827499973587692,0.4066094756126404,0.22306619584560394,0.6035976409912109,5.6963019371032715,-35.45904541015625,31.321151733398438,11.862338066101074,7.3947367668151855,0.6310314467432839,4.258871983472577,0.1414070427417755,0.6902022957801819,0.0,0.0,-1.5152643918991089,-1.4855300188064575,0.2197500616312027,0.22638234496116638,0.0003,11.196348190307617
hamilton_ppo,2,90,36000,-0.0012069687186012778,91.2111552810669,0.16347592800855637,0.004330776631832123,0.020449999934062362,0.28573399782180786,0.22288256883621216,0.8500561714172363,9.575093269348145,-46.506412506103516,55.086578369140625,12.474509239196777,11.329559326171875,0.6519114313761796,7.87352545881632,0.05824680253863335,0.4892534017562866,0.0,0.0,-1.515648365020752,-1.4867805242538452,0.21966570615768433,0.2260994166135788,0.0003,37.058013916015625
hamilton_ppo,2,100,40000,-0.00318817857195536,53.77510387420654,0.16996112436056138,0.004478108137845993,0.021899999920278787,0.37556135654449463,0.22145527601242065,1.0334638357162476,7.350937366485596,-30.798091888427734,47.049964904785156,14.4458646774292,9.302460670471191,0.6011030926377934,6.078045636471079,0.1016768142580986,0.5078045725822449,0.0,0.0,-1.523695468902588,-1.4916307926177979,0.21790511906147003,0.2250054031610489,0.0003,24.556503295898438
hamilton_ppo,2,110,44000,-0.0021470519360179898,71.09115100860596,0.1841793528199196,0.003153198165819049,0.01682499992661178,0.29046177864074707,0.2199159562587738,1.227540373802185,8.439872741699219,-54.011451721191406,57.78479766845703,16.232807159423828,10.01954460144043,0.5750603696848803,7.022985247689082,0.120609812438488,0.743842363357544,0.0,0.0,-1.5336800813674927,-1.4957002401351929,0.21574024856090546,0.22409163415431976,0.0003,34.52859878540039
hamilton_ppo,2,120,48000,-0.0020746086425788234,91.17891395568847,0.19283040523529052,0.0020319551695138216,0.008424999923445285,0.2740417718887329,0.21959801018238068,0.14202310144901276,9.7415189743042,-46.93560791015625,81.59285736083984,15.046010971069336,11.433279991149902,0.6346370133898344,11.272884068175612,0.08197753131389618,1.198187232017517,0.0,0.0,-1.535189151763916,-1.497087001800537,0.21541495621204376,0.22378109395503998,0.0003,41.18145751953125
hamilton_ppo,2,130,52000,-0.0020385516397218462,79.80135536193848,0.19584641829133034,0.004584365524351597,0.019124999940395356,0.420482873916626,0.21933035552501678,-0.47829926013946533,9.111169815063477,-62.068572998046875,41.29534149169922,14.8555269241333,11.968534469604492,0.6319494079826691,9.860449519512347,0.07952746003866196,1.006729245185852,0.0,0.0,-1.5353115797042847,-1.499363899230957,0.21538856625556946,0.2232721447944641,0.0003,37.4243278503418
hamilton_ppo,2,140,56000,-0.0018196023172444265,75.57195182800292,0.19625794589519502,0.0027989381924271584,0.007824999992735684,0.5015478730201721,0.21947142481803894,0.906212568283081,8.750983238220215,-56.03615188598633,66.28721618652344,15.26137924194336,12.394959449768066,0.6439137228964184,10.527483753672971,0.09416060894727707,0.6552842855453491,0.0,0.00025,-1.539851188659668,-1.4937466382980347,0.21441301703453064,0.22452983260154724,0.0003,41.26811981201172
hamilton_ppo,2,150,60000,-0.0008015518525307907,66.84572696685791,0.19907944038510322,0.0026183328591287136,0.008350000018253922,0.46581655740737915,0.21837270259857178,2.1187262535095215,8.198777198791504,-35.485260009765625,57.38624572753906,18.527612686157227,11.217700958251953,0.6808749371297144,12.41219714476448,0.06869304180145264,0.7335967421531677,0.0,0.0,-1.5426396131515503,-1.5008999109268188,0.21381594240665436,0.2229294627904892,0.0003,36.155311584472656
hamilton_ppo,2,160,64000,-0.001687096501866474,72.1816773223877,0.20705052673816682,0.002354881726205349,0.0097749999538064,0.49154746532440186,0.21839435398578644,0.9767649173736572,8.726790428161621,-49.36589050292969,37.000553131103516,19.489957809448242,12.238532066345215,0.5859347284775839,13.760766223549727,0.08905172348022461,0.974348247051239,0.0,0.0,-1.543161392211914,-1.500205636024475,0.2137044072151184,0.22308428585529327,0.0003,30.999454498291016
hamilton_ppo,2,170,68000,-0.0010578930517687723,114.121870803833,0.20809945583343506,0.003977134358137846,0.009750000005587935,0.5054023265838623,0.21755534410476685,0.5689131021499634,10.89948844909668,-101.6463623046875,68.4129409790039,19.45979118347168,15.498159408569336,0.670705256669065,19.96352963189337,0.07472900301218033,0.7571163177490234,0.0,0.00025,-1.5519096851348877,-1.4993839263916016,0.21184304356575012,0.22326767444610596,0.0003,32.80478286743164
hamilton_ppo,2,180,72000,-0.0021199484895107145,112.08921318054199,0.2151385074853897,0.0035734879784286022,0.014324999963864684,0.5925918817520142,0.21734686195850372,-0.7269381284713745,10.972661018371582,-79.77157592773438,59.524906158447266,18.821115493774414,17.190841674804688,0.6547282692566736,24.410515352967114,0.07165099680423737,0.7895440459251404,0.0,0.0,-1.5489691495895386,-1.5040565729141235,0.21246688067913055,0.2222268432378769,0.0003,57.714717864990234
hamilton_ppo,2,190,76000,-0.00031718267959114145,49.955209007263186,0.21917984813451766,0.002536350628361106,0.003949999953620136,0.7419781684875488,0.21620221436023712,-0.3684389591217041,7.289621829986572,-43.865631103515625,40.08565139770508,19.468124389648438,14.350822448730469,0.6516534959884424,14.976424751580387,0.044414326548576355,0.8574643135070801,0.0,0.0,-1.560377836227417,-1.5035127401351929,0.21005667746067047,0.22234772145748138,0.0003,20.193248748779297
hamilton_ppo,2,200,80000,-0.001443397506396833,72.81384304046631,0.22991748481988908,0.0026188783813267946,0.01675000009126961,0.6552162170410156,0.21531406044960022,0.20018884539604187,8.737290382385254,-47.936546325683594,49.67896270751953,18.34540557861328,14.880013465881348,0.6850635619079406,14.268591159062739,0.10923892259597778,1.0421810150146484,0.0,0.0,-1.5653783082962036,-1.5067946910858154,0.20900893211364746,0.22161918878555298,0.0003,42.71629333496094
hamilton_ppo,2,210,84000,-0.0004861702378533672,103.07172561645508,0.23509555369615553,0.002094291616231203,0.003724999944679439,0.43087339401245117,0.21520474553108215,1.62985360622406,10.717171669006348,-50.561614990234375,93.61053466796875,20.206939697265625,14.206128120422363,0.7524015816481079,24.987067579561494,0.05024627596139908,1.538548469543457,0.0,0.0,-1.565631628036499,-1.5075427293777466,0.20895600318908691,0.2214535027742386,0.0003,39.436866760253906
hamilton_ppo,2,220,88000,-0.0006211119094979933,29.14998872756958,0.23687940195202828,0.0032228375785052776,0.01442500001285225,0.7815451622009277,0.21482281386852264,0.20897626876831055,5.48052453994751,-23.48162269592285,37.6439208984375,19.20351219177246,11.725767135620117,0.6719465708774588,7.302250709325433,0.07839062809944153,0.7765668034553528,0.0,0.0,-1.5693037509918213,-1.5075334310531616,0.20819008350372314,0.22145552933216095,0.0003,14.23440170288086
hamilton_ppo,2,230,92000,-0.0006283654314065634,32.423448123931884,0.2332616664469242,0.003976695705205202,0.013824999956414103,0.760615885257721,0.21620748937129974,-0.5544763803482056,5.7759857177734375,-28.16521644592285,23.73839569091797,19.068832397460938,11.805337905883789,0.5503642476074748,7.333915246142588,0.08917619287967682,0.6207246780395508,0.000125,0.00025,-1.55930757522583,-1.5044773817062378,0.2102816104888916,0.2221333533525467,0.0003,16.77399444580078
hamilton_ppo,2,240,96000,-0.002370814112409062,70.68981777191162,0.23003057807683944,0.003086349694058299,0.017474999907426535,0.6029597520828247,0.21492122113704681,-0.44656842947006226,8.552873611450195,-60.985374450683594,40.745121002197266,18.208648681640625,13.573591232299805,0.6216072451931803,10.69713002986563,0.10765170305967331,0.9280059337615967,0.0,0.0,-1.5652142763137817,-1.510501503944397,0.2090432196855545,0.22079920768737793,0.0003,47.45745849609375
hamilton_ppo,2,250,100000,-0.000600051375344628,31.222578201293945,0.24304004296660423,0.001621518051251769,0.00842499994672835,0.7716809511184692,0.21390554308891296,0.10045728832483292,5.734955787658691,-30.10322380065918,24.797225952148438,18.080900192260742,12.002148628234863,0.608223904800556,6.170009617986108,0.07296779006719589,1.3240797519683838,0.0,0.0,-1.568979263305664,-1.5161595344543457,0.20825764536857605,0.21955345571041107,0.0003,17.824071884155273
hamilton_ppo,2,260,104000,-0.001926520340373099,43.78256086349487,0.2417101326584816,0.002396907191723585,0.016649999925866722,0.701714277267456,0.21506503224372864,1.2468039989471436,6.63827657699585,-34.32011413574219,66.21955871582031,18.811830520629883,12.154556274414062,0.6362620727811575,8.699536458405126,0.0750529021024704,1.0187591314315796,0.0,0.0,-1.5688968896865845,-1.5057300329208374,0.20827481150627136,0.2218552827835083,0.0003,22.212263107299805
hamilton_ppo,2,270,108000,-0.0011550689361552945,75.43976188659668,0.2353397263586521,0.0034721374977380037,0.012524999985471368,0.6005287766456604,0.21527668833732605,-1.8217451572418213,8.816045761108398,-52.87969970703125,37.94511413574219,16.932632446289062,13.948614120483398,0.5922734135233075,15.447136294655268,0.0897936150431633,0.6804917454719543,0.0,0.0,-1.5659798383712769,-1.5065648555755615,0.20888324081897736,0.22167013585567474,0.0003,34.23835372924805
hamilton_ppo,2,280,112000,-0.0027650605869078393,45.03852214813232,0.2419933208823204,0.0038942252285778522,0.030825000111944972,0.7438163757324219,0.21349471807479858,-0.45299074053764343,6.771218299865723,-48.831260681152344,44.71652603149414,16.20694351196289,13.377998352050781,0.5782125069670175,9.19823976422835,0.10845514386892319,0.6284227967262268,0.0,0.00025,-1.5762512683868408,-1.5130339860916138,0.20674867928028107,0.2202407717704773,0.0003,15.411340713500977
hamilton_ppo,2,290,116000,4.122194920473277e-05,76.46792053222656,0.25056393057107923,0.0016606093849986792,0.005000000009313226,0.6699369549751282,0.21390369534492493,-1.1734557151794434,8.901566505432129,-41.581634521484375,67.700439453125,14.572134017944336,15.494158744812012,0.5995704115704746,15.520957316594217,0.0406455472111702,0.7598057389259338,0.0,0.0,-1.569929599761963,-1.5152759552001953,0.20805983245372772,0.21974752843379974,0.0003,45.31377410888672
hamilton_ppo,2,300,120000,-0.0017518620973030962,93.98779296875,0.2483411741256714,0.004051114432513714,0.020999999986961483,0.5690823793411255,0.21358656883239746,0.547954797744751,10.017037391662598,-45.382904052734375,82.00076293945312,14.149809837341309,15.259566307067871,0.6425311094334802,14.560821045945234,0.09373079240322113,1.4138027429580688,0.0,0.0,-1.572281837463379,-1.5159378051757812,0.20757099986076355,0.21960215270519257,0.0003,52.330806732177734
hamilton_ppo,2,310,124000,-0.002891944743244674,167.04549438476562,0.2523041674494743,0.0037714894860982895,0.0319499999191612,0.33745527267456055,0.2129592001438141,0.11173390597105026,13.145000457763672,-67.84184265136719,93.35038757324219,15.957473754882812,16.149272918701172,0.6423811633585058,18.42609323875608,0.06082635745406151,1.2558746337890625,0.0,0.0,-1.5753552913665771,-1.5187548398971558,0.20693401992321014,0.21898438036441803,0.0003,90.44993591308594
hamilton_ppo,2,320,128000,-0.0008481529691333023,65.87053009033202,0.2629992216825485,0.0035875230096280575,0.015099999960511923,0.517013430595398,0.21158719062805176,0.09530313313007355,8.210027694702148,-55.715309143066406,48.206939697265625,15.093442916870117,11.813459396362305,0.6126838311685403,8.148598794862401,0.11089470982551575,0.5933328866958618,0.0,0.0,-1.5763514041900635,-1.5304123163223267,0.2067279815673828,0.2164463996887207,0.0003,40.96293640136719
hamilton_ppo,2,330,132000,-0.0019161533408259856,80.423645362854,0.2668291997909546,0.003721828805282712,0.017800000067800283,0.4503423571586609,0.21216702461242676,0.4999679625034332,9.070915222167969,-55.179744720458984,43.739585876464844,16.67271614074707,12.235028266906738,0.5591506374894746,9.993992755220184,0.10015296190977097,0.8401952981948853,0.0,0.0,-1.5687659978866577,-1.5323288440704346,0.2083020657300949,0.2160319834947586,0.0003,39.24003982543945
hamilton_ppo,2,340,136000,-0.0019539907024809498,65.04931938171387,0.26208556681871414,0.006247168406844139,0.029674999807029964,0.5529895424842834,0.21229878067970276,-0.7862862348556519,8.195887565612793,-62.013912200927734,50.8731689453125,14.85110092163086,12.258495330810547,0.6356753266167398,9.002613785216752,0.08404296636581421,0.9235784411430359,0.0,0.0,-1.5688812732696533,-1.530998706817627,0.20827805995941162,0.2163195163011551,0.0003,32.55127716064453
hamilton_ppo,2,350,140000,-0.0019891528221705813,70.92789905548096,0.2633989629149437,0.0026109262835234404,0.011224999944679438,0.5747705698013306,0.21190708875656128,0.6715233325958252,8.474167823791504,-51.503089904785156,74.93085479736328,16.070858001708984,12.995272636413574,0.574110433559166,9.933549243360941,0.06598462164402008,0.8054888248443604,0.0,0.0,-1.5702919960021973,-1.533265471458435,0.20798444747924805,0.2158297300338745,0.0003,33.95099639892578
hamilton_ppo,2,360,144000,-0.0016230722179716396,82.73703395843506,0.2723173624277115,0.0029558236710727215,0.0187749999249354,0.5763598680496216,0.21041104197502136,0.20813971757888794,9.136693000793457,-32.73420333862305,45.691650390625,14.73983383178711,14.03752326965332,0.5549628611633773,10.657906758997909,0.07042793184518814,0.6229423880577087,0.0,0.0,-1.5717110633850098,-1.5458409786224365,0.20768952369689941,0.2131325602531433,0.0003,43.642822265625
hamilton_ppo,2,370,148000,-0.001745742380282902,45.880653095245364,0.27672313779592517,0.004313954617828131,0.029349999916739762,0.6720649003982544,0.21100306510925293,1.27846360206604,6.809220790863037,-33.925960540771484,56.82369613647461,17.683687210083008,11.89059066772461,0.5950402870137141,8.375427803275619,0.09366898983716965,0.7444503307342529,0.0,0.0,-1.564065933227539,-1.5477657318115234,0.20928341150283813,0.21272271871566772,0.0003,32.4390754699707
hamilton_ppo,2,380,152000,-0.0010886895225197812,70.15931079864502,0.2733263951539993,0.0019043348729610443,0.008650000016205013,0.6104696393013,0.21096375584602356,0.06488235294818878,8.750675201416016,-105.8905258178711,42.10322570800781,18.541629791259766,14.02073860168457,0.6131585113461415,11.449930546244708,0.06782586127519608,1.3343193531036377,0.0,0.0,-1.5650246143341064,-1.5471928119659424,0.20908285677433014,0.2128446251153946,0.0003,34.988704681396484
hamilton_ppo,2,390,156000,-0.0006166393984516638,114.88341400146484,0.2767813828587532,0.0019890391267836094,0.002174999960698187,0.5190081596374512,0.2104121893644333,-2.2361903190612793,10.83599853515625,-79.79496765136719,46.700218200683594,15.539860725402832,15.624282836914062,0.6285573254892555,20.137096386323,0.04758594557642937,0.7262008786201477,0.0,0.0,-1.566830039024353,-1.5506094694137573,0.20870573818683624,0.21211865544319153,0.0003,58.92324447631836
hamilton_ppo,2,400,160000,-0.0007354730735240078,52.96469528198242,0.28102060228586195,0.003427404211834073,0.011649999944493174,0.7433872222900391,0.2099335491657257,-1.029598355293274,7.424543857574463,-61.912540435791016,24.034860610961914,14.900284767150879,14.656512260437012,0.5813992285080346,9.436574339866246,0.07191713899374008,0.8962478041648865,0.0,0.00025,-1.5647064447402954,-1.5572359561920166,0.20914940536022186,0.21071770787239075,0.0003,26.72001838684082
hamilton_ppo,2,410,164000,-0.0024528401906980424,128.67935012817384,0.28229277312755585,0.0033584043849259615,0.018475000094622374,0.5354434251785278,0.21043696999549866,-1.8354783058166504,11.422833442687988,-114.92072296142578,38.57859802246094,12.588120460510254,16.759248733520508,0.5722696303668091,16.823488002774457,0.09985128790140152,0.8977051973342896,0.0,0.0,-1.563240885734558,-1.5539189577102661,0.2094561606645584,0.2114178091287613,0.0003,65.10595703125
hamilton_ppo,2,420,168000,-0.0012042095001179387,39.90679397583008,0.2786844405531883,0.0037950717378407717,0.017924999953247606,0.7935091853141785,0.21053102612495422,1.0917110443115234,6.319106101989746,-45.49494171142578,29.430959701538086,15.190587997436523,13.906096458435059,0.5278886685052706,10.015616773268732,0.09922988712787628,0.43219006061553955,0.0,0.0,-1.554819941520691,-1.561435580253601,0.2112274020910263,0.20983462035655975,0.0003,17.46243667602539
hamilton_ppo,2,430,172000,-0.0015242680687866594,123.37794914245606,0.28110680252313613,0.003895594971254468,0.02432499994058162,0.49974989891052246,0.20983284711837769,-0.47436365485191345,11.245476722717285,-74.93934631347656,58.1118049621582,12.972146034240723,15.899529457092285,0.5771350479275733,12.78327686002097,0.09262554347515106,0.8577219843864441,0.0,0.0,-1.5571154356002808,-1.565791368484497,0.21074309945106506,0.2089226245880127,0.0003,50.603797912597656
hamilton_ppo,2,440,176000,-0.0036945233420206925,68.22226501464844,0.29419863015413283,0.0035259765572845936,0.01592499986756593,0.5991950035095215,0.2073591947555542,0.9217382669448853,8.459768295288086,-31.67831039428711,65.76426696777344,15.902510643005371,13.362627983093262,0.5744452792438696,11.19109043921278,0.10204101353883743,0.9115720391273499,0.0,0.0,-1.5724834203720093,-1.5741227865219116,0.20752915740013123,0.20718920230865479,0.0003,27.615196228027344
hamilton_ppo,2,450,180000,-0.0009377444293932058,42.28295637130737,0.30849361181259155,0.002788944635540247,0.008950000009499491,0.7105715274810791,0.20728850364685059,0.48114126920700073,6.553085803985596,-37.615020751953125,35.27274703979492,16.024227142333984,12.180785179138184,0.5180878093583533,6.612592733150815,0.11256428807973862,0.6701576709747314,0.0,0.0,-1.565285563468933,-1.582072377204895,0.20902831852436066,0.20554867386817932,0.0003,25.159160614013672
hamilton_ppo,2,460,184000,-0.0015987251890275723,85.23108543395996,0.31849309176206586,0.003310092492029071,0.007774999910034239,0.48034656047821045,0.20503926277160645,1.4702738523483276,9.38518238067627,-40.972023010253906,69.43497467041016,16.84503173828125,13.019245147705078,0.5346589164651228,10.44832697099958,0.10352498292922974,1.2044439315795898,0.0,0.0,-1.5802885293960571,-1.5888372659683228,0.2059156745672226,0.2041628509759903,0.0003,34.93089294433594
hamilton_ppo,2,470,188000,-0.000874509728710109,73.1696312713623,0.33346946865320204,0.001546952174976468,0.005324999936856329,0.5265664458274841,0.2049141526222229,0.1739720106124878,8.646718978881836,-52.55887985229492,63.797149658203125,17.23724937438965,12.566717147827148,0.5573055875851417,10.878635370377317,0.07106340676546097,0.6908239722251892,0.0,0.0,-1.5858508348464966,-1.5844780206680298,0.20477350056171417,0.20505480468273163,0.0003,34.53681945800781
hamilton_ppo,2,480,192000,-0.0027921684238390297,155.2463998413086,0.3345450785756111,0.003299647243693471,0.01777499994728714,0.32287782430648804,0.20416545867919922,1.0043920278549194,12.68759822845459,-40.632057189941406,173.48880004882812,18.29884147644043,15.418634414672852,0.5726640279107531,14.4019613786146,0.1046297550201416,1.241242527961731,0.0,0.0,-1.5943570137023926,-1.583322525024414,0.2030390352010727,0.20529188215732574,0.0003,31.415891647338867
hamilton_ppo,2,490,196000,-0.001337349853271732,47.14633815765381,0.33230684995651244,0.003321044845506549,0.021625000000931323,0.6876349449157715,0.20566144585609436,0.2920254170894623,6.950555801391602,-47.33702087402344,40.15914535522461,16.910327911376953,12.436217308044434,0.5153356858628437,7.9880824853988806,0.07759865373373032,0.9987120628356934,0.0,0.0,-1.587641954421997,-1.575443148612976,0.20440703630447388,0.20691584050655365,0.0003,23.13376808166504
hamilton_ppo,2,500,200000,-0.0018990085963698179,69.1699518585205,0.32229764431715013,0.002546651754528284,0.01914999996777624,0.5746431350708008,0.2060505747795105,-0.7986459136009216,8.370010375976562,-42.33795928955078,36.03912353515625,17.462574005126953,12.833622932434082,0.516266690799912,9.638631861539372,0.11162786185741425,0.7260609269142151,0.0,0.0,-1.5836213827133179,-1.5756616592407227,0.20523053407669067,0.20687061548233032,0.0003,42.39728546142578
hamilton_ppo,2,510,204000,-0.0005697432303433735,36.87188652038574,0.32356061071157455,0.002575347665697336,0.010924999923445285,0.6938620209693909,0.2057187259197235,0.21612030267715454,6.138782978057861,-30.928979873657227,63.62807846069336,17.433698654174805,11.094907760620117,0.5414000522502104,6.628238116135381,0.08245111256837845,0.6779293417930603,0.0,0.0,-1.5851085186004639,-1.577397346496582,0.2049255520105362,0.20651188492774963,0.0003,19.713409423828125
hamilton_ppo,2,520,208000,-0.002778217592126744,106.1897290802002,0.32290019989013674,0.004559427499771118,0.03852499985601753,0.43788647651672363,0.20631800591945648,-0.6126819252967834,10.369048118591309,-71.87532806396484,50.76875305175781,16.934648513793945,13.830148696899414,0.5765758294293972,12.289176723112007,0.08876463025808334,0.6673692464828491,0.0,0.0,-1.5847240686416626,-1.57198965549469,0.20500434935092926,0.2076316624879837,0.0003,56.22703552246094
hamilton_ppo,2,530,212000,-0.0029280323846833187,42.75378526687622,0.320580250620842,0.0039014234207570553,0.028200000105425716,0.6755756139755249,0.20572608709335327,0.2472020834684372,6.60696268081665,-36.612876892089844,33.412933349609375,16.91130828857422,11.599656105041504,0.5228989634814161,7.689559881650836,0.09102796763181686,0.7097718715667725,0.0,0.0,-1.5798481702804565,-1.5825729370117188,0.20600637793540955,0.2054458111524582,0.0003,21.751026153564453
hamilton_ppo,2,540,216000,-0.0012071025239099996,42.603720302581785,0.3284918135404587,0.004022170789539814,0.01799999984446913,0.6581394672393799,0.20493179559707642,-1.1978693008422852,6.705653190612793,-59.31251907348633,26.58085060119629,16.01282501220703,11.468764305114746,0.5170981266407602,10.199788769737184,0.08476640284061432,0.8526487350463867,0.0,0.0,-1.5835304260253906,-1.5866280794143677,0.20524922013282776,0.20461438596248627,0.0003,16.07440948486328
hamilton_ppo,2,550,220000,-0.001566972982866719,76.75853786468505,0.3357508832216263,0.0036246408708393574,0.020624999972060323,0.48810070753097534,0.2042657434940338,-0.27180853486061096,8.872076988220215,-37.20616149902344,46.858726501464844,15.802262306213379,12.400323867797852,0.5640322494455653,9.266468744817706,0.13558439910411835,0.9663212299346924,0.0,0.0,-1.5855121612548828,-1.5911628007888794,0.20484283566474915,0.2036886215209961,0.0003,44.42372131347656
hamilton_ppo,2,560,224000,-0.0025567986290958265,36.230869941711425,0.34251069396734235,0.005213732365518808,0.040450000236742195,0.7073782682418823,0.20342664420604706,0.651833713054657,6.203660488128662,-46.39513397216797,29.380516052246094,16.199615478515625,11.468185424804688,0.5321187990660664,8.207446185654408,0.11761666089296341,0.989130973815918,0.0,0.0,-1.5862617492675781,-1.5986764430999756,0.2046893686056137,0.2021639049053192,0.0003,19.617816925048828
hamilton_ppo,2,570,228000,-0.001547052839437675,45.624396343231204,0.3479581195116043,0.0025394975673407316,0.015499999970197678,0.6442614197731018,0.20330598950386047,1.065543293952942,6.909692287445068,-43.3117790222168,61.685089111328125,17.054784774780273,11.584925651550293,0.5322504309192356,8.300471627694739,0.10827565938234329,1.4872194528579712,0.0,0.0,-1.5878314971923828,-1.598281979560852,0.20436829328536987,0.20224368572235107,0.0003,14.372587203979492
hamilton_ppo,2,580,232000,-0.0012844224058215347,48.819358615875245,0.346185781955719,0.0026256018318235874,0.01657500005327165,0.6690078973770142,0.20375904440879822,0.48348140716552734,7.132248878479004,-52.177833557128906,36.18312072753906,16.92216682434082,12.397029876708984,0.5275313057623903,9.21718030204226,0.10816629976034164,0.8848847150802612,0.0,0.0,-1.5825810432434082,-1.5991216897964478,0.20544415712356567,0.20207393169403076,0.0003,25.273744583129883
hamilton_ppo,2,590,236000,-0.0020163657164714087,47.72321449279785,0.3448620548844337,0.0036912423092871904,0.02532500004861504,0.7101047039031982,0.20323212444782257,-0.3050891160964966,7.02710485458374,-47.599952697753906,30.827836990356445,17.23105812072754,13.051363945007324,0.5619790856785789,7.8996228816783685,0.13070538640022278,0.9272608757019043,0.0,0.0,-1.5842088460922241,-1.602689504623413,0.20510999858379364,0.2013542503118515,0.0003,22.369155883789062
hamilton_ppo,2,600,240000,-0.0031928390263215966,57.14397699356079,0.349433915913105,0.003230428323149681,0.02100000006146729,0.6833198070526123,0.20325781404972076,-1.081201195716858,7.83497428894043,-79.10276794433594,36.18208694458008,15.636972427368164,13.92281723022461,0.5074277969375448,13.170864118494968,0.09401769191026688,1.0580031871795654,0.0,0.0,-1.579603910446167,-1.60714590549469,0.20605669915676117,0.20045892894268036,0.0003,19.870956420898438
hamilton_ppo,2,610,244000,-0.0025513428279424267,80.2602465057373,0.34636539667844773,0.005773271434009075,0.03395000006537884,0.6419582366943359,0.2038002610206604,-0.531309962272644,9.104708671569824,-70.5031509399414,26.65078353881836,14.93600845336914,15.215954780578613,0.5072251349660607,12.600890222431303,0.10067791491746902,0.8079028725624084,0.0,0.0,-1.5747753381729126,-1.606709361076355,0.20705406367778778,0.20054645836353302,0.0003,26.567014694213867
hamilton_ppo,2,620,248000,-0.0016712785028052167,37.724748859405516,0.3440573585033417,0.00416960846632719,0.02445000003091991,0.7813165783882141,0.20352348685264587,0.13813742995262146,6.286526679992676,-38.792476654052734,30.412309646606445,13.953287124633789,13.443203926086426,0.5226456111913155,7.158493512917572,0.12426946312189102,0.7960833311080933,0.0,0.0,-1.5675321817398071,-1.617027997970581,0.20855922996997833,0.19848771393299103,0.0003,14.341043472290039
hamilton_ppo,2,630,252000,-0.002693397134997939,97.37613822937011,0.3476358452439308,0.003022066317498684,0.01842499998398125,0.5250383019447327,0.20344053208827972,-0.6572790741920471,9.992873191833496,-62.61346435546875,59.192447662353516,14.725232124328613,14.499768257141113,0.5378222998453919,11.691233913833996,0.0966302752494812,0.9239577054977417,0.0,0.0,-1.5652310848236084,-1.6202898025512695,0.20903968811035156,0.1978413462638855,0.0003,46.6992073059082
hamilton_ppo,2,640,256000,-0.001483103162856423,61.29809524536133,0.3440564960241318,0.0026265874039381742,0.012025000061839819,0.6268802285194397,0.20392394065856934,0.836465060710907,7.885417938232422,-43.995567321777344,44.77482986450195,15.750786781311035,12.909236907958984,0.5284705097704382,9.65594654076278,0.09959273785352707,0.6424744725227356,0.0,0.0,-1.5601528882980347,-1.6207823753356934,0.21010395884513855,0.19774392247200012,0.0003,38.65802001953125
hamilton_ppo,2,650,260000,-0.003176709136072895,81.11676002502442,0.3411318418383598,0.003747136564925313,0.03022500009741634,0.5409790873527527,0.20415815711021423,0.0027071533259004354,9.062114715576172,-47.66924285888672,41.61656951904297,15.364339828491211,13.375601768493652,0.5712822076144066,10.629207909271967,0.11591673642396927,0.5716365575790405,0.0,0.0,-1.5567866563796997,-1.6219968795776367,0.21081238985061646,0.197503924369812,0.0003,42.842742919921875
hamilton_ppo,2,660,264000,-0.002950783755574964,108.14158493041992,0.339695006608963,0.003971821628510952,0.021699999957345426,0.40751880407333374,0.2043481320142746,-0.3371703028678894,10.744365692138672,-49.13212966918945,81.80360412597656,15.19198226928711,13.95865249633789,0.5600792280017687,15.49451665271804,0.07471675425767899,1.0656774044036865,0.0,0.0,-1.5524499416351318,-1.624715805053711,0.21172860264778137,0.19696764647960663,0.0003,51.996055603027344
hamilton_ppo,2,670,268000,-0.001109899998895707,63.930542373657225,0.3454263472557068,0.0029148096218705177,0.015175000033341348,0.49678337574005127,0.2028682678937912,0.22984883189201355,8.144990921020508,-37.37372589111328,71.86933898925781,15.374236106872559,11.481882095336914,0.5661830437137391,7.798184372286901,0.06626029312610626,1.0341778993606567,0.0,0.0,-1.5614433288574219,-1.6301329135894775,0.20983298122882843,0.19590353965759277,0.0003,28.529146194458008
hamilton_ppo,2,680,272000,-0.0014780509741700377,84.3532373046875,0.35875541538000105,0.0033578607253730297,0.013049999978393316,0.3830668330192566,0.201923668384552,0.4020521938800812,9.45272445678711,-45.91877746582031,56.038150787353516,16.526567459106445,12.034773826599121,0.5703514262140024,11.369594843307674,0.09455634653568268,1.0477423667907715,0.0,0.0,-1.5646833181381226,-1.6363307237625122,0.20915424823760986,0.19469311833381653,0.0003,37.57236862182617
hamilton_ppo,2,690,276000,-0.002170665771930178,86.347885055542,0.36520388931035996,0.005514065269380808,0.0265499998209998,0.45138394832611084,0.20154470205307007,-2.0151050090789795,9.451926231384277,-75.3805160522461,26.075542449951172,14.63314437866211,12.761039733886719,0.5607281435142683,12.265540376476364,0.13855277001857758,1.038954734802246,0.0,0.0,-1.5683598518371582,-1.6362813711166382,0.20838668942451477,0.19470274448394775,0.0003,30.87326431274414
hamilton_ppo,2,700,280000,-0.0008243582474664457,73.36807579040527,0.37689444184303283,0.002993187867105007,0.013099999935366213,0.5000894069671631,0.19909995794296265,-0.13310593366622925,8.611294746398926,-42.48284149169922,65.9001235961914,14.745806694030762,12.179299354553223,0.5692865818900491,7.918263511046275,0.08243635296821594,0.5673685669898987,0.0,0.0,-1.5911628007888794,-1.6372649669647217,0.2036886215209961,0.1945113241672516,0.0003,31.36518669128418
hamilton_ppo,2,710,284000,-0.002131958042478801,49.665026817321774,0.39581782311201097,0.004616980440914631,0.029024999984540046,0.5357191562652588,0.19811123609542847,1.4243645668029785,7.149477958679199,-36.460540771484375,38.97810363769531,16.555776596069336,10.492619514465332,0.5443461750261622,8.93585052065787,0.11253776401281357,0.8681746125221252,0.0,0.0,-1.59711754322052,-1.6412218809127808,0.2024793177843094,0.19374315440654755,0.0003,26.24726104736328
hamilton_ppo,2,720,288000,-0.0013716635911405328,31.377950172424317,0.404677512049675,0.003455196740105748,0.025175000010058284,0.6832512021064758,0.19740715622901917,0.5850774049758911,5.63732385635376,-40.1107292175293,28.16438102722168,16.28605079650879,10.016488075256348,0.5843882155405243,5.72261134228004,0.12405796349048615,0.6839584708213806,0.0,0.0,-1.5903640985488892,-1.6556758880615234,0.2038513720035553,0.19096294045448303,0.0003,11.67935562133789
hamilton_ppo,2,730,292000,-0.0011255446741352904,30.168589668273924,0.4150761789083481,0.002231889870017767,0.006124999956227839,0.6540749073028564,0.19570915400981903,0.27537375688552856,5.792165756225586,-57.83030319213867,32.04047393798828,16.765207290649414,9.848043441772461,0.5857261357253482,7.49153522285936,0.10248944163322449,1.0621601343154907,0.0,0.0,-1.5895919799804688,-1.6744593381881714,0.20400883257389069,0.18740947544574738,0.0003,14.877510070800781
hamilton_ppo,2,740,296000,-0.002193555086789445,55.734010467529295,0.4234224987030029,0.0040703811682760715,0.029974999958649277,0.6012858152389526,0.19670909643173218,-1.5218743085861206,7.535584926605225,-41.62114715576172,28.095687866210938,15.265082359313965,11.934002876281738,0.5919576156776458,9.854585832179637,0.0960417240858078,0.6062684655189514,0.0,0.0,-1.5800796747207642,-1.6741924285888672,0.20595867931842804,0.18745949864387512,0.0003,25.957351684570312
hamilton_ppo,2,750,300000,-0.0018510672276766905,32.22923641204834,0.41873825520277025,0.004316966515034437,0.022874999907799065,0.7050334215164185,0.19597280025482178,1.4241985082626343,5.82692289352417,-25.341407775878906,36.447628021240234,16.698078155517578,10.728842735290527,0.5509632837188971,9.151152639364481,0.13137058913707733,0.8149157166481018,0.0,0.0,-1.5839667320251465,-1.6777920722961426,0.20515967905521393,0.18678592145442963,0.0003,16.34668731689453
hamilton_ppo,2,760,304000,-0.0011847379543774839,67.33904811859131,0.4317193004488945,0.004146949388086796,0.02950000003911555,0.4768221974372864,0.19431494176387787,0.5840358734130859,8.279348373413086,-66.09939575195312,44.86039733886719,17.64999008178711,11.446468353271484,0.5843411073408223,8.543124327665105,0.10022541135549545,0.7984725832939148,0.0,0.0,-1.5907249450683594,-1.688199520111084,0.20377781987190247,0.1848520189523697,0.0003,26.398527145385742
hamilton_ppo,2,770,308000,-0.0017271207525875055,83.30694290161132,0.4424866604804993,0.0024053885135799646,0.020325000141747297,0.48235493898391724,0.1939902901649475,-0.7037476301193237,9.149696350097656,-56.03828430175781,61.602115631103516,16.458629608154297,12.717174530029297,0.5617474517753108,9.846804180983055,0.09662074595689774,0.43468689918518066,0.0,0.0,-1.5913233757019043,-1.691056489944458,0.2036558985710144,0.18432466685771942,0.0003,40.84846496582031
hamilton_ppo,2,780,312000,-0.0022323429306299668,60.443928184509275,0.43928525477647784,0.0031660343520343304,0.02827499995473772,0.5099018812179565,0.19496208429336548,0.5184713006019592,7.805242538452148,-75.62255859375,34.59827423095703,16.97821617126465,11.14923095703125,0.6573113989160833,8.166478251183293,0.07585389167070389,0.7197285294532776,0.0,0.0,-1.5907728672027588,-1.6811697483062744,0.2037680745124817,0.18615607917308807,0.0003,29.16716194152832
hamilton_ppo,2,790,316000,-0.0024145523015795334,85.99569919586182,0.4313585343956947,0.004543245304375887,0.031974999960511924,0.4211784601211548,0.19525763392448425,-0.47367358207702637,9.307541847229004,-71.98698425292969,60.23713684082031,16.859569549560547,12.23383617401123,0.5943156656157456,8.201883118721389,0.13276147842407227,0.619126558303833,0.0,0.0,-1.5862092971801758,-1.6830028295516968,0.20470008254051208,0.18581515550613403,0.0003,38.8006706237793
hamilton_ppo,2,800,320000,-0.002278829674965892,59.498358993530275,0.43597050666809084,0.005327621474862099,0.03437499999068677,0.5342409610748291,0.1941339522600174,-1.1167590618133545,7.756921768188477,-42.62371063232422,47.278629302978516,15.178278923034668,11.366029739379883,0.6198623858704088,8.76516115899688,0.09068681299686432,0.5521979331970215,0.0,0.0,-1.5914226770401,-1.6893894672393799,0.20363570749759674,0.18463221192359924,0.0003,24.786087036132812
hamilton_ppo,2,810,324000,-0.0016509120720933446,113.06064407348633,0.4392710679769516,0.0032401573844254017,0.015499999984167517,0.3918931484222412,0.1950291097164154,-2.067883253097534,10.642460823059082,-61.88642120361328,59.889671325683594,13.137678146362305,13.647468566894531,0.5788835052655567,13.309379105837557,0.0852997675538063,0.7694825530052185,0.0,0.0,-1.5859503746032715,-1.6857515573501587,0.204753115773201,0.18530511856079102,0.0003,51.97812271118164
hamilton_ppo,2,820,328000,-0.0021235984064835022,71.58697521209717,0.43271207123994826,0.0044159055687487125,0.02747499994933605,0.38421630859375,0.19518348574638367,-0.0015579223399981856,8.684974670410156,-46.99479293823242,44.70145034790039,13.256719589233398,11.067625045776367,0.5298711848296473,10.329292312884807,0.10653065145015717,0.8378764986991882,0.0,0.0,-1.5810346603393555,-1.689537525177002,0.2057620882987976,0.18460488319396973,0.0003,29.642642974853516
hamilton_ppo,2,830,332000,-0.0002991483781350368,78.06202941894531,0.4367278039455414,0.0020561651326715946,0.004849999938160181,0.2577415108680725,0.19415763020515442,2.193631410598755,8.992835998535156,-42.47202682495117,60.862640380859375,15.399161338806152,10.438042640686035,0.5736675280121473,11.612561057829922,0.06853706389665604,1.0195567607879639,0.0,0.0,-1.5865488052368164,-1.6945347785949707,0.20463062822818756,0.18368466198444366,0.0003,32.698577880859375
hamilton_ppo,2,840,336000,-0.0024648061381390995,83.44828674316406,0.44129365503787993,0.003077548695728183,0.030850000083446502,0.25922805070877075,0.19450920820236206,-0.21465575695037842,9.41491413116455,-49.184505462646484,70.53502655029297,15.295462608337402,10.938911437988281,0.5898292023498091,9.610906294788233,0.0826529860496521,1.2410976886749268,0.0,0.0,-1.5872751474380493,-1.689908742904663,0.2044820338487625,0.18453635275363922,0.0003,29.97599220275879
hamilton_ppo,2,850,340000,-0.002063679687774851,66.50994831085205,0.44156816571950913,0.004158503375947475,0.030874999975785612,0.38467085361480713,0.19412541389465332,0.09818780422210693,8.22872257232666,-46.491363525390625,53.764652252197266,14.792682647705078,10.490077018737793,0.6501962911563323,6.591268742971864,0.08657678961753845,0.8673503994941711,0.0,0.0,-1.585617184638977,-1.6959248781204224,0.20482133328914642,0.18342949450016022,0.0003,29.629850387573242
hamilton_ppo,2,860,344000,-0.0018008932481213336,95.03826248168946,0.45265088945627213,0.0049525839276611805,0.03587500012014061,0.3090440034866333,0.19211074709892273,0.733453631401062,9.80643081665039,-45.553550720214844,48.857547760009766,15.90346622467041,11.797385215759277,0.5824426459367905,8.94662390377168,0.07552255690097809,0.7639539837837219,0.0,0.0,-1.5907751321792603,-1.712280035018921,0.2037675976753235,0.18045388162136078,0.0003,52.19812774658203
hamilton_ppo,2,870,348000,-0.0024252545185205233,56.48947540283203,0.46860957056283953,0.005136452615261078,0.030100000090897083,0.40900343656539917,0.19136250019073486,0.32315972447395325,7.7242207527160645,-66.96258544921875,47.046424865722656,17.524948120117188,10.04759693145752,0.6332071668598157,8.085607675884493,0.06502289324998856,1.0818878412246704,0.0,0.0,-1.5924630165100098,-1.718689203262329,0.20342396199703217,0.17930100858211517,0.0003,21.963237762451172
hamilton_ppo,2,880,352000,-0.0041557269584726565,73.77349369049072,0.4674136677384377,0.0038899979554116726,0.030500000044703483,0.4573381543159485,0.19266992807388306,-0.379362553358078,8.750680923461914,-54.820159912109375,34.43867874145508,16.74151611328125,11.878927230834961,0.6399631859489903,9.563434219504783,0.09870795160531998,0.8281202912330627,0.0,0.0,-1.5897984504699707,-1.7071987390518188,0.20396670699119568,0.18137313425540924,0.0003,40.30202102661133
hamilton_ppo,2,890,356000,-0.002995108915226954,68.21559303283692,0.4580133467912674,0.0052887024357914925,0.035724999965168536,0.5362789630889893,0.19279730319976807,1.2360893487930298,8.454743385314941,-28.669910430908203,61.733150482177734,17.25183868408203,12.41572380065918,0.7068623584109364,10.484733384980759,0.08884498476982117,1.1307123899459839,0.0,0.0,-1.5860286951065063,-1.7100456953048706,0.2047370821237564,0.18085752427577972,0.0003,33.04583740234375
hamilton_ppo,2,900,360000,-0.0018047112481764094,64.2774783706665,0.4577747583389282,0.0030978971626609564,0.021624999856576323,0.6188921928405762,0.1927589476108551,0.965828001499176,8.218403816223145,-41.45063781738281,53.533626556396484,18.323604583740234,13.312621116638184,0.6097167040669302,11.464178561770844,0.09889579564332962,0.7632532119750977,0.0,0.0,-1.5857797861099243,-1.7107518911361694,0.20478802919387817,0.18072983622550964,0.0003,28.72547721862793
hamilton_ppo,2,910,364000,-0.0011376810598070718,43.33851043701172,0.4621970906853676,0.0037802397273480892,0.023000000035390256,0.7152431011199951,0.19186054170131683,0.4384996294975281,6.618068695068359,-45.05496597290039,37.88658905029297,18.501144409179688,12.402068138122559,0.602448321730025,8.10975015102213,0.07931288331747055,0.481319397687912,0.0,0.0,-1.5937507152557373,-1.7116981744766235,0.20316217839717865,0.18055890500545502,0.0003,19.708518981933594
hamilton_ppo,2,920,368000,-0.002074425634815271,91.81844902038574,0.46782500386238096,0.004118160344660282,0.03709999979007989,0.5713355541229248,0.1917262226343155,0.15289141237735748,9.643899917602539,-45.38775634765625,55.58369064331055,18.521663665771484,14.729702949523926,0.6670668756656662,11.96709745846056,0.09864417463541031,0.7985590696334839,0.0,0.0,-1.5974363088607788,-1.709050178527832,0.20241478085517883,0.18103764951229095,0.0003,43.411808013916016
hamilton_ppo,2,930,372000,-0.0023450126681142168,79.50228134155273,0.47189480930566785,0.003909693099558353,0.01575000002514571,0.6208092570304871,0.19102248549461365,-1.3949387073516846,9.061334609985352,-42.528564453125,41.90209197998047,17.535694122314453,14.715103149414062,0.6391372941488027,15.42770417197366,0.1026674285531044,0.8981850743293762,0.0,0.0,-1.6003048419952393,-1.7136324644088745,0.20183497667312622,0.18021000921726227,0.0003,39.70553970336914
hamilton_ppo,2,940,376000,-0.0027455946655969487,44.680231380462644,0.4879500284790993,0.0042866673320531845,0.04859999984502792,0.7288880348205566,0.18845146894454956,0.2719302177429199,6.735908031463623,-57.511749267578125,53.80226135253906,17.456886291503906,12.936649322509766,0.6622626143411853,7.338187291482837,0.11715356260538101,0.6225100159645081,0.0,0.0,-1.6100878715515137,-1.7314198017120361,0.1998700499534607,0.17703287303447723,0.0003,23.316661834716797
hamilton_ppo,2,950,380000,-0.0009505919850164002,87.27566390991211,0.5071896570920944,0.0034935367293655872,0.016925000003539026,0.6162675023078918,0.1879802644252777,-1.7523554563522339,9.403440475463867,-51.49071502685547,47.96176528930664,17.565378189086914,15.180025100708008,0.6300389280057435,15.950874011218952,0.0722653865814209,0.7075190544128418,0.0,0.0,-1.611662745475769,-1.7349728345870972,0.19955551624298096,0.17640499770641327,0.0003,39.97677993774414
hamilton_ppo,2,960,384000,-0.0013292152415317116,103.97076862335206,0.5112943440675736,0.0022365590557456017,0.005874999961815774,0.5207803845405579,0.18734502792358398,-0.3713225722312927,10.706446647644043,-88.28384399414062,64.7179946899414,16.507356643676758,15.466001510620117,0.6298614037571262,23.212207862842124,0.08166741579771042,1.0493519306182861,0.0,0.0,-1.6148077249526978,-1.7386293411254883,0.19892890751361847,0.1757611483335495,0.0003,48.061798095703125
hamilton_ppo,2,970,388000,-0.0010418457215778298,71.2760037612915,0.5159854406118393,0.0025390698574483395,0.02244999994058162,0.6403771638870239,0.18734067678451538,0.6478697061538696,8.512784004211426,-51.83232879638672,66.17507934570312,16.534496307373047,14.195409774780273,0.6964294318785805,11.074471941198127,0.045450061559677124,0.8003838062286377,0.000125,0.00025,-1.621325969696045,-1.7313520908355713,0.1976364701986313,0.17704486846923828,0.0003,30.506187438964844
hamilton_ppo,2,980,392000,-0.0018288042162210338,75.04156650543213,0.5194392275810241,0.0049611967988312244,0.02850000001024455,0.656877338886261,0.18636713922023773,0.6519920825958252,8.762704849243164,-44.107330322265625,46.64643478393555,17.150503158569336,14.959375381469727,0.592952204793766,10.973716617184362,0.12011853605508804,0.8733969926834106,0.0,0.0,-1.6281790733337402,-1.7347313165664673,0.1962866634130478,0.17644761502742767,0.0003,32.35197067260742
hamilton_ppo,2,990,396000,-0.001669032230943408,76.05042385101318,0.5270352679491043,0.00315992534160614,0.016749999900348485,0.586755096912384,0.1859789788722992,1.7001805305480957,8.93708324432373,-44.70707702636719,57.69059753417969,18.465946197509766,13.902472496032715,0.7134715815754216,14.597350533321624,0.09620789438486099,1.0905689001083374,0.000125,0.00025,-1.627332329750061,-1.7400877475738525,0.19645293056964874,0.17550499737262726,0.0003,35.103153228759766
hamilton_ppo,2,1000,400000,-0.001788990935876793,165.4570213317871,0.5292712545394898,0.0018504250328987837,0.017099999939091504,0.4168385863304138,0.18584218621253967,-0.6878371238708496,13.131439208984375,-147.86221313476562,73.70100402832031,18.067707061767578,17.19562339782715,0.6436532815818724,23.285925439075424,0.062012139707803726,1.0410462617874146,0.0,0.0,-1.6285197734832764,-1.7403180599212646,0.1962198168039322,0.17546458542346954,0.0003,73.9403305053711
hamilton_ppo,2,1010,404000,-0.0016855950902161564,116.4455410003662,0.5319193994998932,0.003937098663300276,0.026100000124424694,0.5742068290710449,0.18551474809646606,-2.4839556217193604,10.78779411315918,-74.27464294433594,69.27095031738281,15.690420150756836,16.53230094909668,0.691523111250932,17.32216261064234,0.10295594483613968,0.8678433895111084,0.0,0.0,-1.6325790882110596,-1.7395204305648804,0.1954248994588852,0.17560459673404694,0.0003,61.61658477783203
hamilton_ppo,2,1020,408000,-0.0009916632671956903,46.952254943847656,0.5311493003368377,0.002456925343722105,0.022075000014156104,0.7323544025421143,0.1862216591835022,-0.7430150508880615,7.019547939300537,-45.64185333251953,44.182960510253906,14.960009574890137,13.568414688110352,0.6579776785570013,9.089821387639478,0.09843990951776505,1.1170151233673096,0.0,0.0,-1.6291223764419556,-1.7353315353393555,0.1961016058921814,0.1763417273759842,0.0003,18.62714958190918
hamilton_ppo,2,1030,412000,-0.002948038165437179,109.68633491516113,0.5274614560604095,0.004190252162516117,0.029625000124797227,0.5100098848342896,0.18588688969612122,0.056779853999614716,10.604767799377441,-80.72129821777344,56.293678283691406,15.30777645111084,15.149820327758789,0.6128044088004705,11.151020617533977,0.08389534801244736,0.7730844616889954,0.000125,0.00025,-1.63181734085083,-1.736135721206665,0.1955738216638565,0.17619997262954712,0.0003,61.39848709106445
hamilton_ppo,2,1040,416000,-0.0030057305782321686,73.32420249938964,0.5307723498344421,0.0073609002865850925,0.06327499988023191,0.6142170429229736,0.1856284886598587,-0.2732737362384796,8.696027755737305,-58.83478927612305,65.58795928955078,13.77641773223877,14.000688552856445,0.6217573089844446,8.941698000691165,0.08101595938205719,0.9072765111923218,0.0,0.0,-1.6375911235809326,-1.73268461227417,0.19444788992404938,0.17680910229682922,0.0003,35.740325927734375
hamilton_ppo,2,1050,420000,-0.002142026999802331,126.37837059020995,0.531066045165062,0.0031059314496815205,0.02304999985266477,0.31207841634750366,0.18591900169849396,0.857406497001648,11.552672386169434,-88.67073822021484,71.63838958740234,16.03523063659668,13.928776741027832,0.6328737486195073,14.477707614448114,0.08568299561738968,1.1584463119506836,0.0,0.0,-1.636542797088623,-1.730554223060608,0.19465182721614838,0.17718617618083954,0.0003,54.92640686035156
hamilton_ppo,2,1060,424000,-0.001386942066982373,43.485781021118164,0.5376350700855255,0.004418057389557362,0.022550000031478702,0.630205512046814,0.18416398763656616,-0.05457942187786102,6.6720709800720215,-38.21720886230469,63.64008712768555,14.656625747680664,10.971864700317383,0.6077183138152263,6.1461560466381115,0.07045812904834747,0.562774658203125,0.0,0.0,-1.6472394466400146,-1.738708734512329,0.19258080422878265,0.17574720084667206,0.0003,25.197509765625
hamilton_ppo,2,1070,428000,-0.0003678187651628828,131.72277885437012,0.5496744763851166,0.0018249787390232086,0.016699999868869782,0.31785959005355835,0.18388965725898743,0.6058424115180969,11.632556915283203,-87.38787841796875,127.70147705078125,16.270673751831055,14.08439826965332,0.7042738342229843,11.46334417444942,0.048187438398599625,0.9366901516914368,0.0,0.0,-1.646564245223999,-1.7425782680511475,0.19271087646484375,0.1750684529542923,0.0003,89.39185333251953
hamilton_ppo,2,1080,432000,-0.0007333355859027524,71.94469524383545,0.5556612938642502,0.005086767021566629,0.018099999860860406,0.49815601110458374,0.18300992250442505,-0.1686752885580063,8.623015403747559,-77.44355010986328,41.960514068603516,15.75929069519043,12.17236042022705,0.6775548832678201,8.66371545387772,0.06986669450998306,1.071614146232605,0.0,0.0,-1.64921236038208,-1.7497429847717285,0.19220122694969177,0.17381860315799713,0.0003,29.980531692504883
hamilton_ppo,2,1090,436000,-0.0012502501752771433,123.60992332458495,0.5589430290460586,0.0017090067267417908,0.0072749999444931745,0.42299985885620117,0.18341752886772156,-0.5263316631317139,11.319284439086914,-91.84415435791016,59.85362243652344,15.128047943115234,14.901534080505371,0.6537354854352613,11.671709660883192,0.08150342106819153,1.1619558334350586,0.0,0.0,-1.6457000970840454,-1.74894380569458,0.19287747144699097,0.17395758628845215,0.0003,42.880950927734375
hamilton_ppo,2,1100,440000,-0.0015117427582496035,216.41860778808595,0.5573146814107894,0.003800873178988695,0.021799999945797024,0.19123303890228271,0.1833163946866989,2.234116315841675,14.741622924804688,-45.441017150878906,158.5207061767578,17.29723358154297,16.39206314086914,0.7100309441478424,15.492167450768509,0.06559160351753235,0.9544853568077087,0.0,0.0,-1.6445636749267578,-1.7513703107833862,0.19309678673744202,0.17353598773479462,0.0003,91.08726501464844
hamilton_ppo,2,1110,444000,-0.0008887094720538613,98.61480812072755,0.5578313446044922,0.004185028839856386,0.02507500003091991,0.44677668809890747,0.1835097372531891,-0.46181708574295044,9.949254035949707,-80.53861999511719,39.5587043762207,17.257686614990234,13.376432418823242,0.7653668207312225,9.38547548615866,0.06715359538793564,0.4693697392940521,0.0,0.0,-1.6398366689682007,-1.7544188499450684,0.19401173293590546,0.1730077564716339,0.0003,50.11172103881836
hamilton_ppo,2,1120,448000,-0.0020397832352420675,101.21715194702148,0.5548576956987381,0.0035121426917612553,0.022149999965913592,0.531219482421875,0.18373271822929382,-0.6633585095405579,10.301332473754883,-73.87699890136719,40.08460235595703,16.790287017822266,15.04556941986084,0.6874521702020889,12.472771479286468,0.1090010553598404,0.9450094103813171,0.0,0.0,-1.635748267173767,-1.7564373016357422,0.1948065459728241,0.17265890538692474,0.0003,41.92897415161133
hamilton_ppo,2,1130,452000,-0.0018731766871118438,62.24440616607666,0.5528554290533065,0.002559639746323228,0.02440000003669411,0.6336379647254944,0.18410451710224152,-0.13983623683452606,7.935649871826172,-47.56644821166992,51.3003044128418,17.254987716674805,13.11074161529541,0.6085317922770067,7.6355822822492625,0.08246204257011414,0.8428179025650024,0.0,0.0,-1.6363943815231323,-1.7514145374298096,0.19468072056770325,0.17352831363677979,0.0003,30.685956954956055
hamilton_ppo,2,1140,456000,-0.0007253631200961541,65.53750007629395,0.550131294131279,0.003987299278378487,0.033425000077113506,0.5975770950317383,0.18405625224113464,-0.15536414086818695,8.15699577331543,-58.54126739501953,38.69697189331055,17.090517044067383,12.858457565307617,0.7102497983161274,7.666061021419621,0.07287739217281342,0.7184885740280151,0.0,0.0,-1.6425904035568237,-1.7450611591339111,0.19347819685935974,0.17463430762290955,0.0003,39.338645935058594
hamilton_ppo,2,1150,460000,-0.0008147331248175771,111.25981681823731,0.5531455093622207,0.0023869608994573355,0.006574999922886491,0.45653975009918213,0.18333157896995544,1.798913598060608,10.886911392211914,-40.208641052246094,108.25822448730469,18.816835403442383,14.76797103881836,0.7420887768151873,17.291364219813648,0.06456214934587479,1.3951352834701538,0.0,0.0,-1.6447465419769287,-1.7509918212890625,0.1930614858865738,0.1736016720533371,0.0003,35.23809051513672
hamilton_ppo,2,1160,464000,-0.0012637032977043461,95.50179485321046,0.5599276518821716,0.003583332058042288,0.01374999995343387,0.5826642513275146,0.18305164575576782,-0.8071196675300598,9.839573860168457,-63.691749572753906,41.95726776123047,16.16196060180664,15.231178283691406,0.7004101792506711,10.24466252047293,0.09845222532749176,0.7302317023277283,0.0,0.0,-1.647413969039917,-1.7512545585632324,0.19254718720912933,0.17355607450008392,0.0003,45.75868225097656
hamilton_ppo,2,1170,468000,-0.003262277620111127,77.37248836517334,0.5634656637907028,0.004071163944900036,0.04147500002756715,0.6630395650863647,0.18228143453598022,0.7566037774085999,8.907158851623535,-64.4567642211914,62.23244094848633,16.80779266357422,15.34439468383789,0.6763996650839394,9.918306577152295,0.08981569111347198,1.294250726699829,0.0,0.0,-1.6539167165756226,-1.7529405355453491,0.191299170255661,0.17326371371746063,0.0003,38.341556549072266
hamilton_ppo,2,1180,472000,-0.0010858697976393117,55.64048877716064,0.5722708350419998,0.003214508295059204,0.03237499981652945,0.6046770811080933,0.1818639039993286,0.2544718086719513,7.754715919494629,-47.59973907470703,41.00074768066406,18.53391456604004,12.333600044250488,0.7362738739721315,10.033401607815364,0.081055648624897,0.9884662628173828,0.0,0.00025,-1.652347207069397,-1.7595158815383911,0.19159965217113495,0.17212817072868347,0.0003,28.898500442504883
hamilton_ppo,2,1190,476000,-0.0017244585522836076,105.20532035827637,0.573282420039177,0.0037412710953503847,0.03864999982062727,0.5437880754470825,0.1818244755268097,-0.10679089277982712,10.324812889099121,-54.13671875,48.64645767211914,17.560352325439453,15.286176681518555,0.6675940174055727,10.568241248902046,0.06453590095043182,0.6090446710586548,0.0,0.0,-1.6599301099777222,-1.7515968084335327,0.19015227258205414,0.17349667847156525,0.0003,38.30526351928711
hamilton_ppo,2,1200,480000,-0.0019772329812025413,82.9110527420044,0.5732439148426056,0.005079319234937429,0.04105000013951212,0.5831479430198669,0.1818171739578247,-0.2324078232049942,9.298093795776367,-50.18434143066406,63.450599670410156,17.680030822753906,14.40134048461914,0.7705988815265853,9.685343657376732,0.08135337382555008,1.265568733215332,0.0,0.0,-1.6543219089508057,-1.7578644752502441,0.191221684217453,0.1724126636981964,0.0003,35.4012565612793
hamilton_ppo,2,1210,484000,-0.002525588409636832,77.5303247833252,0.5783919048309326,0.005877790041267872,0.033650000006891785,0.6096093058586121,0.18094535171985626,-0.5561646819114685,8.953306198120117,-60.135860443115234,35.01579666137695,16.66079330444336,14.329587936401367,0.6795611691663693,12.340880938470246,0.073441281914711,0.9929120540618896,0.0,0.0,-1.6626322269439697,-1.7587993144989014,0.189639151096344,0.17225155234336853,0.0003,39.44413757324219
hamilton_ppo,2,1220,488000,-0.0014520145108508587,75.21937763214112,0.5881721222400665,0.004867726005613804,0.03607499987818301,0.6028914451599121,0.1800704449415207,-0.16612601280212402,8.729201316833496,-34.693546295166016,53.568546295166016,17.655723571777344,13.8522367477417,0.7692520299997487,10.400999586925138,0.07465143501758575,0.7198466062545776,0.0,0.0,-1.6674995422363281,-1.763623833656311,0.18871834874153137,0.17142252624034882,0.0003,35.41312789916992
hamilton_ppo,2,1230,492000,-0.000860863159887959,69.36418132781982,0.5950938671827316,0.0043031685054302216,0.02257499993778765,0.622157096862793,0.1796656847000122,1.2410869598388672,8.368522644042969,-37.32993698120117,76.85887145996094,18.044580459594727,13.61423110961914,0.7762519264792114,11.19403308530217,0.0791880339384079,0.9211030006408691,0.0,0.0,-1.6777409315109253,-1.7571499347686768,0.18679548799991608,0.17253591120243073,0.0003,39.85520935058594
hamilton_ppo,2,1240,496000,-0.0011089262500565368,128.4985567474365,0.6047351390123368,0.005371985025703907,0.02657499988563359,0.4916602373123169,0.17814411222934723,-0.21086297929286957,11.483481407165527,-60.01643753051758,82.57365417480469,18.280643463134766,16.106327056884766,0.8206757640839679,16.264456755414955,0.08781527727842331,0.9263061881065369,0.0,0.00025,-1.6924049854278564,-1.7590293884277344,0.18407627940177917,0.1722119301557541,0.0003,45.739925384521484
hamilton_ppo,2,1250,500000,-0.0015843420512624995,106.70682373046876,0.6178850197792053,0.003123038914054632,0.034800000004470345,0.5196045637130737,0.17755389213562012,-0.3950245976448059,10.400704383850098,-86.35105895996094,45.373435974121094,15.603407859802246,15.005943298339844,0.7160583283782535,10.210776743830339,0.06711101531982422,0.823233962059021,0.0,0.0,-1.6961864233016968,-1.7618536949157715,0.18338152766227722,0.17172624170780182,0.0003,55.63618087768555
hamilton_ppo,2,1260,504000,-0.002012815604135909,105.97966648101807,0.6201126700639725,0.004604768939316273,0.0317499999050051,0.5710482597351074,0.17762266099452972,-0.1956460028886795,10.411151885986328,-84.50153350830078,71.89321899414062,17.706520080566406,15.896245002746582,0.7188589662107979,13.482934928761749,0.08840984106063843,0.7665300369262695,0.0,0.00025,-1.6985700130462646,-1.7585159540176392,0.18294493854045868,0.17230038344860077,0.0003,65.66702270507812
hamilton_ppo,2,1270,508000,-0.0026467829980218083,113.85559371948243,0.6221217435598373,0.003836367977783084,0.019149999991059305,0.5269054770469666,0.17693577706813812,-1.8459540605545044,10.794264793395996,-61.170326232910156,107.33058166503906,15.216506004333496,15.693474769592285,0.736883286242918,21.228664680138206,0.08899098634719849,0.733157217502594,0.000125,0.00025,-1.7065576314926147,-1.7580418586730957,0.1814894676208496,0.17238208651542664,0.0003,63.745269775390625
hamilton_ppo,2,1280,512000,-0.0023287665966105126,67.76457145690918,0.6325478255748749,0.00561681529507041,0.03640000008046627,0.5474156141281128,0.1755283921957016,0.5855826735496521,8.612990379333496,-53.748260498046875,62.188232421875,15.167333602905273,12.802777290344238,0.6916784719401307,12.758297477887446,0.07512430101633072,0.934482991695404,0.000125,0.0005,-1.7176644802093506,-1.762752652168274,0.17948484420776367,0.17157194018363953,0.0003,34.044010162353516
hamilton_ppo,2,1290,516000,-0.0015881499148847134,96.96884246826171,0.6447317564487457,0.00240708002820611,0.0281500000692904,0.5069096088409424,0.17530792951583862,0.8435502648353577,9.915879249572754,-55.92005157470703,74.7757797241211,16.46649932861328,14.121081352233887,0.7385531827774473,14.501716318933932,0.057526953518390656,0.7198323607444763,0.0,0.0,-1.7182393074035645,-1.7647231817245483,0.17938171327114105,0.17123419046401978,0.0003,44.34169387817383
hamilton_ppo,2,1300,520000,-0.0009866010683239445,139.35310066223144,0.639576427936554,0.006491649895906448,0.04112500019837171,0.49065250158309937,0.17638152837753296,-0.301420122385025,11.900188446044922,-69.6664047241211,88.3158950805664,15.984742164611816,16.674266815185547,0.7779641155339131,14.225346059162558,0.08768070489168167,0.5025879740715027,0.0,0.0,-1.7056810855865479,-1.7654227018356323,0.1816486120223999,0.17111444473266602,0.0003,75.50311279296875
hamilton_ppo,2,1310,524000,-0.003653104098983748,84.2193416595459,0.6344242310523986,0.0052533564157783985,0.056875000172294674,0.6099618673324585,0.17583486437797546,0.7388708591461182,9.186030387878418,-41.37709045410156,58.10982131958008,17.288558959960938,14.708702087402344,0.8526805626371022,10.537392913884071,0.1224379613995552,0.44847822189331055,0.0,0.00025,-1.7113096714019775,-1.7658538818359375,0.18062905967235565,0.17104068398475647,0.0003,35.20867919921875
hamilton_ppo,2,1320,528000,-0.0007132499700179373,183.4215746307373,0.6414150339365006,0.001968999160453677,0.017624999857507647,0.36228281259536743,0.17528492212295532,-1.1880329847335815,13.68942928314209,-71.03863525390625,91.25531005859375,16.669044494628906,17.14238739013672,0.9001187154480498,21.146845523563023,0.040852658450603485,0.7849940657615662,0.0,0.0,-1.7161427736282349,-1.7671936750411987,0.17975817620754242,0.17081166803836823,0.0003,83.86953735351562
hamilton_ppo,2,1330,532000,-0.0015277168938464493,164.4763557434082,0.6470623552799225,0.004286292940378189,0.023474999987520277,0.2519972324371338,0.17495009303092957,1.3085864782333374,13.096428871154785,-88.10432434082031,109.58738708496094,18.12590217590332,15.142629623413086,0.7787025596290558,16.80038256520471,0.07532217353582382,1.1922080516815186,0.0,0.0,-1.7181358337402344,-1.7690203189849854,0.1794002652168274,0.17049993574619293,0.0003,78.22093963623047
hamilton_ppo,2,1340,536000,-0.002680723424394813,185.8500811767578,0.6505074918270111,0.0031757820397615433,0.0379499998409301,0.28802186250686646,0.1747768521308899,-2.532308578491211,13.670180320739746,-82.489013671875,48.03850173950195,15.159412384033203,16.200965881347656,0.7790257401106205,19.092318193586394,0.0582919642329216,0.6669895052909851,0.0,0.0,-1.7167205810546875,-1.7725489139556885,0.1796543300151825,0.16989938914775848,0.0003,98.6418685913086
hamilton_ppo,2,1350,540000,-0.0021623710291838447,139.33655097961426,0.6526624286174774,0.0070930346846580505,0.04732500015757978,0.389548659324646,0.17434196174144745,-0.23393124341964722,11.892557144165039,-105.12642669677734,74.34930419921875,15.536078453063965,15.22122859954834,0.768773687946384,10.886614779067013,0.13044793903827667,0.8597277402877808,0.0,0.00075,-1.722672700881958,-1.771393895149231,0.17858819663524628,0.17009572684764862,0.0003,54.84818649291992
hamilton_ppo,2,1360,544000,-0.0006042980379221241,217.88970413208008,0.6603530293703079,0.004635281395167112,0.026224999963305892,0.24434983730316162,0.1736583709716797,1.2451139688491821,14.829473495483398,-94.93765258789062,84.48097229003906,16.5368595123291,17.059463500976562,0.7968338260005261,14.861204111446959,0.08696559816598892,0.6978369355201721,0.000125,0.0005,-1.7252589464187622,-1.7767339944839478,0.17812691628932953,0.16918981075286865,0.0003,122.94248962402344
hamilton_ppo,2,1370,548000,-0.0030378394289808063,144.9815354156494,0.6668432247638703,0.0035575688816607,0.02929999991785735,0.39968007802963257,0.1731966733932495,-2.355808973312378,12.124715805053711,-78.59638977050781,55.30560302734375,14.383204460144043,15.648770332336426,0.7078336909543685,17.231677954309284,0.050734445452690125,0.9713200330734253,0.0,0.0,-1.7318986654281616,-1.7752255201339722,0.17694811522960663,0.1694452464580536,0.0003,79.69668579101562
hamilton_ppo,2,1380,552000,-0.000748905105478479,137.66935592651367,0.6734689486026764,0.0018803266575559974,0.02885000003967434,0.3583794832229614,0.1724376380443573,0.2766740322113037,11.86251163482666,-69.67135620117188,68.62313842773438,15.087835311889648,14.809402465820312,0.8443680081426241,13.527116168241644,0.04038434103131294,1.3476512432098389,0.0,0.0,-1.7418514490127563,-1.7738436460494995,0.17519573867321014,0.16967955231666565,0.0003,60.60747528076172
hamilton_ppo,2,1390,556000,-0.0012477130474122511,90.71481754302978,0.6884368306398392,0.004387489520013332,0.03840000006835908,0.4607040286064148,0.17072239518165588,0.1445305198431015,9.612934112548828,-53.16408920288086,67.44111633300781,15.49814224243164,13.090082168579102,0.7617304232859188,9.475675652581817,0.07616645842790604,1.1667697429656982,0.0,0.0,-1.7453469038009644,-1.7905977964401245,0.17458443343639374,0.1668604016304016,0.0003,51.30495834350586
hamilton_ppo,2,1400,560000,-0.00098314863511332,137.6470026397705,0.7043759942054748,0.005903789773583412,0.04389999994076788,0.3100152611732483,0.16982609033584595,0.0860610380768776,11.789421081542969,-80.71233367919922,109.79931640625,14.836769104003906,14.192952156066895,0.8661053619685708,9.633680677997823,0.047523610293865204,0.9732691049575806,0.0,0.0,-1.754030704498291,-1.7922959327697754,0.17307491600513458,0.1665772795677185,0.0003,77.71343231201172
hamilton_ppo,2,1410,564000,-0.0035729748435143803,57.2720433807373,0.705007831454277,0.004169643856585026,0.03824999996460974,0.5387511849403381,0.1706601083278656,1.7841501235961914,7.784797191619873,-45.63589859008789,44.184268951416016,16.831613540649414,11.462508201599121,0.8233794041188771,12.316747563925258,0.08596431463956833,1.205036997795105,0.0,0.0,-1.7461538314819336,-1.7905004024505615,0.17444360256195068,0.1668766289949417,0.0003,33.63280487060547
hamilton_ppo,2,1420,568000,-0.0005671776407078144,57.71307655334473,0.7091916978359223,0.00388278323225677,0.02132500000298023,0.5674024224281311,0.16878357529640198,0.5641719698905945,7.7541399002075195,-35.75377655029297,36.681396484375,17.250171661376953,11.789396286010742,0.7752119493417798,8.094294591619983,0.08919797092676163,1.0291850566864014,0.0,0.0,-1.7583823204040527,-1.8003337383270264,0.17232340574264526,0.1652437299489975,0.0003,30.403562545776367
hamilton_ppo,2,1430,572000,-0.0020090667319585887,64.37256759643554,0.7360568016767501,0.0055514187552034855,0.047024999703280626,0.5624195337295532,0.16635113954544067,1.188210368156433,8.055173873901367,-41.63532257080078,58.4796257019043,18.501379013061523,12.177157402038574,0.7620920873359238,8.186973092007864,0.09883594512939453,0.7964440584182739,0.0,0.00025,-1.774993896484375,-1.8126697540283203,0.169484481215477,0.16321781277656555,0.0003,30.467073440551758
hamilton_ppo,2,1440,576000,0.00016984617501702992,115.8928914642334,0.7566376531124115,0.0008411387098021805,0.020274999984540045,0.42389440536499023,0.1650460958480835,-1.0816497802734375,10.943211555480957,-59.55547332763672,52.77336883544922,18.173452377319336,14.417625427246094,0.8588441851095735,13.194127634904497,0.043652381747961044,0.9620329737663269,0.0,0.0,-1.7847957611083984,-1.8185498714447021,0.16783133149147034,0.16226087510585785,0.0003,58.07604217529297
hamilton_ppo,2,1450,580000,-0.001329215197353193,126.58943840026855,0.7702983736991882,0.003888561623170972,0.024224999961443245,0.44658488035202026,0.16424348950386047,-1.4054182767868042,11.332273483276367,-71.17595672607422,41.890869140625,16.50213623046875,15.233214378356934,0.7645899128891059,13.669226791061655,0.07285663485527039,0.7811614274978638,0.0,0.0,-1.795541763305664,-1.8173881769180298,0.16603747010231018,0.16244949400424957,0.0003,59.997283935546875
hamilton_ppo,2,1460,584000,-0.0023287145146488907,107.04172988891601,0.7762796932458877,0.005577278323471546,0.04287499999627471,0.5163344144821167,0.16402485966682434,1.061497688293457,10.492405891418457,-50.52362823486328,75.40727233886719,18.079851150512695,15.08698558807373,0.8195954074670252,14.226301915478487,0.07542737573385239,0.8297130465507507,0.0,0.0,-1.8018969297409058,-1.8136118650436401,0.16498562693595886,0.1630641222000122,0.0003,53.369140625
hamilton_ppo,2,1470,588000,-0.002725031970266816,123.65165222167968,0.7791132062673569,0.006503780372440815,0.04524999990593642,0.5031172633171082,0.1636173576116562,-0.8933608531951904,11.202690124511719,-72.39317321777344,47.05915069580078,16.95543670654297,15.89261531829834,0.8457542910278503,14.315090190496944,0.10245654731988907,0.6492611765861511,0.0,0.0,-1.8027470111846924,-1.8177589178085327,0.16484543681144714,0.16238926351070404,0.0003,62.675724029541016
hamilton_ppo,2,1480,592000,-0.002640356554712344,171.38766059875488,0.7818590903282165,0.006108311004936695,0.044400000092573465,0.3844391107559204,0.16386395692825317,-0.5334674119949341,13.361796379089355,-128.30618286132812,59.16633224487305,16.831640243530273,17.030576705932617,0.8378279540851562,19.233630655710023,0.0763670951128006,1.028723955154419,0.0,0.0,-1.8052339553833008,-1.8122156858444214,0.1644359827041626,0.16329193115234375,0.0003,81.24447631835938
hamilton_ppo,2,1490,596000,-0.0018460323832725411,203.2649626159668,0.7796411395072937,0.004653268493711948,0.031174999973736704,0.2978823781013489,0.16387681663036346,1.5812634229660034,14.349723815917969,-66.28170013427734,108.34275817871094,18.000301361083984,17.125316619873047,0.845486584350139,16.609083511873713,0.09408215433359146,0.8650897741317749,0.0,0.0,-1.8055782318115234,-1.8117116689682007,0.16437938809394836,0.16337426006793976,0.0003,100.1039810180664
hamilton_ppo,2,1500,600000,-0.00024658465103711614,152.60708724975586,0.7795456653833389,0.0008698703604750335,0.011099999970756471,0.37660157680511475,0.16394174098968506,-2.3354830741882324,12.407941818237305,-60.07733917236328,64.89753723144531,15.790788650512695,15.71509075164795,0.8117606778982145,19.49416926374202,0.03422950953245163,0.5701084733009338,0.0,0.0,-1.8044474124908447,-1.8120554685592651,0.16456538438796997,0.16331811249256134,0.0003,77.82139587402344
hamilton_ppo,2,1510,604000,-0.0008283706358479303,291.3343778991699,0.7791055721044541,0.0028896473813802004,0.012450000029057265,0.14396262168884277,0.16371014714241028,4.490174770355225,17.190895080566406,-50.79839324951172,160.0819854736328,20.337108612060547,18.58027458190918,0.7993630869248467,41.80616331619171,0.04601503908634186,1.1120784282684326,0.0,0.0,-1.8047544956207275,-1.8145852088928223,0.16451485455036163,0.1629054844379425,0.0003,130.4840850830078
hamilton_ppo,2,1520,608000,-0.0013784419150360883,225.8389471435547,0.7792194902896881,0.00298026530072093,0.016325000021606684,0.28930866718292236,0.16417360305786133,3.8830480575561523,15.23091983795166,-57.71142578125,103.39973449707031,23.92363166809082,18.06698226928711,0.8150579684960381,32.537186240867875,0.060513388365507126,1.201442003250122,0.0,0.0,-1.8035573959350586,-1.8101149797439575,0.16471190750598907,0.16363532841205597,0.0003,106.55868530273438
hamilton_ppo,2,1530,612000,-0.0030157252430624837,260.8689823913574,0.7743597567081452,0.005433156155049801,0.037400000132620334,0.2514641284942627,0.1643749624490738,-1.8203469514846802,16.218303680419922,-108.605224609375,56.947593688964844,23.3727970123291,18.745590209960938,0.7197856667126569,21.77941677750495,0.048075687140226364,0.6444135904312134,0.0,0.0,-1.8022133111953735,-1.8090083599090576,0.16493342816829681,0.16381651163101196,0.0003,125.05748748779297
hamilton_ppo,2,1540,616000,-0.0013649410437879795,160.80705200195314,0.7801995730400085,0.0026514199562370777,0.037274999944493174,0.4295918345451355,0.163068488240242,0.06840496510267258,12.791756629943848,-69.34600067138672,61.59409713745117,23.306644439697266,16.93703269958496,0.8464780165528251,14.638258462148235,0.038985610008239746,0.7089632153511047,0.000125,0.00025,-1.8114521503448486,-1.8157223463058472,0.16341665387153625,0.16272032260894775,0.0003,75.07461547851562
hamilton_ppo,2,1550,620000,-0.0013521331841519003,140.59585327148437,0.7949153733253479,0.003960269968956709,0.03957499978132546,0.49011826515197754,0.16227629780769348,0.20506280660629272,11.908076286315918,-65.0656509399414,84.9044418334961,22.340261459350586,16.676576614379883,0.7533032697320177,13.377354532889408,0.061768654733896255,0.6793482303619385,0.0,0.0,-1.8266233205795288,-1.8103524446487427,0.16095615923404694,0.16359646618366241,0.0003,91.11495208740234
hamilton_ppo,2,1560,624000,-0.0022475411970382998,142.05151123046875,0.7987425464391709,0.006903093308210373,0.040450000087730587,0.4690151810646057,0.16229957342147827,-1.3782973289489746,11.966489791870117,-84.38700866699219,47.0427360534668,21.92544937133789,16.42198944091797,0.8803466764338717,17.252379848689586,0.06451626121997833,0.5702301859855652,0.0,0.00025,-1.8252878189086914,-1.8113832473754883,0.16117125749588013,0.1634279191493988,0.0003,60.843414306640625
hamilton_ppo,2,1570,628000,-0.002407188900967583,104.8729940032959,0.8013891518115998,0.008790077641606331,0.08209999975282699,0.5497027635574341,0.16172587871551514,-0.04970982298254967,10.335549354553223,-57.39680480957031,47.861244201660156,21.5642032623291,15.402240753173828,0.8257549139909913,12.542861286796594,0.10200876742601395,0.6409684419631958,0.0,0.0,-1.8221293687820435,-1.8215757608413696,0.16168110072612762,0.16177064180374146,0.0003,42.737674713134766
hamilton_ppo,2,1580,632000,-0.0008262511839362552,190.4643281555176,0.8061732321977615,0.006484487559646368,0.028849999946542085,0.44522374868392944,0.1617317497730255,1.2986059188842773,13.8298921585083,-86.85406494140625,94.52039337158203,22.933183670043945,18.56777572631836,0.776441061317432,19.052745340860824,0.05496777594089508,0.3732692301273346,0.0,0.00025,-1.8239773511886597,-1.81965970993042,0.16138258576393127,0.16208089888095856,0.0003,118.9091567993164
hamilton_ppo,2,1590,636000,-0.0006538781396055171,217.63549179077148,0.8064654809236527,0.0026910214219242334,0.008599999896250664,0.3815598487854004,0.16166871786117554,-3.0512092113494873,14.931158065795898,-127.02393341064453,49.806915283203125,19.015764236450195,18.986488342285156,0.7198294499165317,37.22299284343889,0.04845423996448517,0.6364203691482544,0.0,0.0,-1.8222403526306152,-1.822171688079834,0.16166315972805023,0.16167427599430084,0.0003,80.46762084960938
hamilton_ppo,2,1600,640000,-0.00011053003705892461,194.30608764648437,0.8085321474075318,0.002288344781845808,0.018499999907799065,0.4537045955657959,0.1611052006483078,-0.12109753489494324,13.964351654052734,-76.03985595703125,58.924781799316406,18.217382431030273,18.893264770507812,0.8159731203676786,17.77953944815821,0.05153605714440346,0.5256409049034119,0.0,0.00025,-1.829468846321106,-1.8219407796859741,0.16049879789352417,0.16171161830425262,0.0003,95.24961853027344
hamilton_ppo,2,1610,644000,-0.002053823202982312,238.42485946655273,0.8207969152927399,0.004169841762632132,0.039850000152364375,0.3936920166015625,0.15987862646579742,0.8283917903900146,15.456409454345703,-96.75552368164062,79.76731872558594,19.169836044311523,19.850067138671875,0.7537312332642994,18.012238904639926,0.0690227746963501,0.441184937953949,0.0,0.0,-1.839100956916809,-1.8276126384735107,0.1589602828025818,0.16079699993133545,0.0003,91.98885345458984
hamilton_ppo,2,1620,648000,-0.0004697679655037046,238.65913345336915,0.8316193431615829,0.005665176082402468,0.027299999981187283,0.3260592222213745,0.15959948301315308,0.42204028367996216,15.576094627380371,-70.93585205078125,107.60279083251953,19.555477142333984,18.9735107421875,0.8061331919652579,16.133939200948525,0.07078972458839417,0.9748475551605225,0.0,0.0,-1.8341566324234009,-1.8360199928283691,0.1597481667995453,0.15945078432559967,0.0003,91.4886703491211
hamilton_ppo,2,1630,652000,-0.001632633638806874,145.1450636291504,0.8321263045072556,0.0044475519098341465,0.035700000021606684,0.37922966480255127,0.15963295102119446,0.4998534023761749,12.152911186218262,-76.97128295898438,76.75394439697266,19.70708656311035,15.424633979797363,0.8526617719489888,13.130006654386829,0.05803803354501724,0.754122257232666,0.0,0.00025,-1.8377948999404907,-1.831969976425171,0.15916801989078522,0.1600978672504425,0.0003,78.98483276367188
hamilton_ppo,2,1640,656000,-0.0013453056613856517,198.65431945800782,0.8301767003536225,0.004470872227102518,0.04935000001918524,0.3262861371040344,0.1601324826478958,1.2513694763183594,14.313192367553711,-84.58613586425781,89.64391326904297,21.24969482421875,17.43808364868164,0.8838637004777096,20.153771330856433,0.06736190617084503,1.1432112455368042,0.0,0.0,-1.839808702468872,-1.8237632513046265,0.15884780883789062,0.161417156457901,0.0003,83.04302978515625
hamilton_ppo,2,1650,660000,-0.0003808365669548941,173.59271003723146,0.8234227013587951,0.0040546590462327,0.03844999998807907,0.41279280185699463,0.16055557131767273,-0.9152447581291199,13.242022514343262,-84.42996978759766,80.23178100585938,19.605802536010742,17.28059196472168,0.8260964436831406,18.817388422627758,0.04364064335823059,0.5890409350395203,0.0,0.0,-1.8462556600570679,-1.8122636079788208,0.15782701969146729,0.16328410804271698,0.0003,98.2601318359375
hamilton_ppo,2,1660,664000,-0.0005270823688224446,208.30263641357422,0.8232338708639145,0.0033918418921530247,0.012324999994598329,0.46961694955825806,0.1599690467119217,1.2429091930389404,14.760064125061035,-58.820960998535156,96.3120346069336,21.7298641204834,20.26718521118164,0.839606448230561,25.232428359862265,0.04549452289938927,1.0762015581130981,0.000125,0.0005,-1.8504109382629395,-1.8154445886611938,0.1571725755929947,0.1627655178308487,0.0003,106.29657745361328
hamilton_ppo,2,1670,668000,-0.0040478984159176435,175.41323181152345,0.8289542871713639,0.006224620621651411,0.05165000021457672,0.598572313785553,0.15981484949588776,-0.7270994782447815,13.385011672973633,-73.55486297607422,43.097530364990234,20.7522029876709,21.12589454650879,0.8458152655883469,23.957899441498274,0.05617329850792885,0.7884951233863831,0.0,0.0,-1.8465968370437622,-1.8210450410842896,0.1577731966972351,0.1618565171957016,0.0003,95.9334487915039
hamilton_ppo,2,1680,672000,-0.001778993745447952,432.12719879150393,0.8313248509168625,0.0017035476630553603,0.022874999986961485,0.36513030529022217,0.15947750210762024,-0.6470159888267517,20.971660614013672,-100.36040496826172,140.24476623535156,21.875320434570312,26.320281982421875,0.7715947888934334,40.42989050802968,0.02155831642448902,1.064082384109497,0.0,0.0005,-1.847367286682129,-1.8244686126708984,0.15765167772769928,0.1613033413887024,0.0003,226.27842712402344
hamilton_ppo,2,1690,676000,-0.0010890273271361383,305.13020736694335,0.8343497866392136,0.0018971447134390473,0.039900000081397595,0.37840479612350464,0.1593589037656784,-1.037999153137207,17.71508026123047,-101.6684799194336,94.52803802490234,19.843631744384766,22.469287872314453,0.9023421522242446,34.73743512073754,0.03192606940865517,0.8445307612419128,0.0,0.00025,-1.8462101221084595,-1.8270741701126099,0.15783420205116272,0.1608835905790329,0.0003,121.5073013305664
hamilton_ppo,2,1700,680000,-0.0006932839310844407,337.6138903808594,0.8361652308702469,0.003953632898628712,0.014899999983608723,0.3637261986732483,0.15917840600013733,-3.841346263885498,18.455007553100586,-155.40538024902344,67.23063659667969,14.246763229370117,23.13620948791504,0.8983009978672066,42.397842591416286,0.04705657809972763,0.7365008592605591,0.0,0.0,-1.8436861038208008,-1.8318084478378296,0.15823307633399963,0.16012373566627502,0.0003,161.66932678222656
hamilton_ppo,2,1710,684000,-0.0022487356967205406,421.89776916503905,0.837537841796875,0.0047332546673715115,0.02627500026486814,0.23249119520187378,0.15919342637062073,-1.9742825031280518,20.758819580078125,-126.97785949707031,79.7169189453125,12.998872756958008,23.69523048400879,0.8056106633579269,41.986502321671026,0.06593381613492966,0.6034818887710571,0.000125,0.00075,-1.8381738662719727,-1.83709716796875,0.15910771489143372,0.15927912294864655,0.0003,248.3745574951172
hamilton_ppo,2,1720,688000,-0.0011505287709209354,286.7053413391113,0.8399147838354111,0.004893262404948473,0.02965000005438924,0.24205154180526733,0.1586161106824875,2.166964292526245,17.0093994140625,-89.41426086425781,85.97038269042969,14.440593719482422,19.537506103515625,0.889529146775025,22.911072254867182,0.04426857829093933,0.76875901222229,0.0,0.0005,-1.8428550958633423,-1.839684247970581,0.15836462378501892,0.15886759757995605,0.0003,141.2606201171875
hamilton_ppo,2,1730,692000,-0.0016534337829427414,384.0133374023437,0.8452481389045715,0.004493467975407839,0.03127499992027879,0.13372117280960083,0.15865135192871094,-1.1744329929351807,19.749767303466797,-122.05221557617188,117.84858703613281,13.400839805603027,21.21940040588379,0.8154557935440997,23.85846833475138,0.06267920881509781,0.7104644179344177,0.000125,0.00075,-1.8375717401504517,-1.84453284740448,0.15920355916023254,0.15809915959835052,0.0003,206.5768280029297
hamilton_ppo,2,1740,696000,-0.0013535569865598517,212.0046499633789,0.8479394328594207,0.004640623461455107,0.033225000104866925,0.22654521465301514,0.15794701874256134,0.3299005627632141,14.648565292358398,-78.39935302734375,62.50364685058594,13.826498031616211,16.656265258789062,0.9354249140514351,12.824320014762733,0.07379117608070374,0.8733447194099426,0.0,0.00025,-1.8408077955245972,-1.8502055406570435,0.15868918597698212,0.15720485150814056,0.0003,99.50276947021484
hamilton_ppo,2,1750,700000,-0.0018464507796132246,158.05753913879394,0.858331983089447,0.006232849322259426,0.041200000015087425,0.31276267766952515,0.15722011029720306,0.17459508776664734,12.724035263061523,-73.78670501708984,62.82697677612305,14.45858097076416,15.348695755004883,0.922254907061349,14.23592651928462,0.0669669359922409,1.0508174896240234,0.000375,0.00075,-1.843316674232483,-1.8569467067718506,0.15829156339168549,0.15614867210388184,0.0003,68.10369873046875
hamilton_ppo,2,1760,704000,-0.0011302963135400202,401.5104406738281,0.8657021403312684,0.003484285669401288,0.02022499992977828,0.21383094787597656,0.15661564469337463,-4.379520416259766,20.117774963378906,-92.70808410644531,147.69383239746094,10.030970573425293,22.68934440612793,0.8814130083849322,37.811477833287235,0.049372993409633636,1.0452544689178467,0.0,0.00025,-1.8513810634613037,-1.8565467596054077,0.15702016651630402,0.15621113777160645,0.0003,200.3961944580078
hamilton_ppo,2,1770,708000,-0.0008208263027665374,393.68452392578126,0.8731907242536545,0.006345012690871954,0.03582500006072223,0.1323009729385376,0.1560823917388916,2.0676674842834473,19.93130111694336,-81.92794799804688,120.64022064208984,12.348457336425781,21.39691162109375,0.9901254599204443,24.578617567275682,0.05691317096352577,0.8273953199386597,0.0,0.0,-1.851728916168213,-1.8630456924438477,0.15696555376052856,0.15519922971725464,0.0003,187.49330139160156
hamilton_ppo,2,1780,712000,2.1467307786222632e-05,206.56983749389647,0.8745037770271301,0.002805932192131877,0.02414999993983656,0.26898348331451416,0.15656809508800507,0.9379408955574036,14.455144882202148,-103.76448059082031,63.92604446411133,13.126628875732422,16.906700134277344,0.8898517650482404,15.390874245423884,0.05271616950631142,0.719093918800354,0.0,0.0,-1.8441458940505981,-1.8644859790802002,0.15816034376621246,0.15497586131095886,0.0003,91.93013763427734
hamilton_ppo,2,1790,716000,-0.0004332227321370752,633.9921829223633,0.8694346427917481,0.0047241332940757275,0.03122499994467944,0.1419295072555542,0.15683764219284058,-3.287479877471924,25.22043228149414,-185.49449157714844,115.98345947265625,9.371369361877441,27.226451873779297,0.8515954483612395,30.391836610390264,0.028208089992403984,0.8655396699905396,0.0,0.0005,-1.8448176383972168,-1.8603308200836182,0.1580541431903839,0.15562114119529724,0.0003,281.2489929199219
hamilton_ppo,2,1800,720000,-0.0005809593657988898,357.70014221191406,0.873154017329216,0.00321485148742795,0.02572500000707805,0.16784143447875977,0.15579384565353394,0.6728992462158203,18.979005813598633,-111.94741821289062,124.99462127685547,9.914755821228027,20.80512809753418,0.9238598097828421,18.416741027909037,0.05451364070177078,0.6811574101448059,0.0,0.0,-1.8503056764602661,-1.8682178258895874,0.15718911588191986,0.1543985903263092,0.0003,218.549560546875
hamilton_ppo,2,1810,724000,-0.0032281923394748445,519.4300256347656,0.8839096391201019,0.002746963407844305,0.05045000010170043,0.08605402708053589,0.1553177535533905,2.2174155712127686,22.82821273803711,-96.943603515625,131.51461791992188,12.16488265991211,23.878753662109375,0.9042210767368921,24.707916258208975,0.04390442371368408,0.9131829738616943,0.00025,0.00075,-1.8499592542648315,-1.8747589588165283,0.15724357962608337,0.15339192748069763,0.0003,271.6473083496094
hamilton_ppo,2,1820,728000,-0.002299276663982894,238.05857818603516,0.8921386444568634,0.005615868605673313,0.058525000060908494,0.15971308946609497,0.1543346345424652,0.21876174211502075,15.493971824645996,-92.55531311035156,56.99839782714844,11.75180435180664,16.902421951293945,0.9039073946170588,12.78954915709022,0.06254807859659195,0.6537168025970459,0.0,0.0,-1.8610259294509888,-1.8762965202331543,0.1555130034685135,0.15315626561641693,0.0003,110.943603515625
hamilton_ppo,2,1830,732000,-0.0018409011661977281,474.65671112060545,0.9072167217731476,0.003921958617866039,0.052049999805167314,0.059401750564575195,0.1530371904373169,0.5975492000579834,21.879636764526367,-137.477294921875,109.14375305175781,12.055052757263184,22.55994415283203,0.8633719557702364,15.093441820458672,0.06487634032964706,1.0071189403533936,0.0,0.00025,-1.8749182224273682,-1.879235029220581,0.1533675193786621,0.15270687639713287,0.0003,228.5885467529297
hamilton_ppo,2,1840,736000,-0.0017424370547963885,353.7287408447266,0.9217980509996414,0.007982621900737286,0.046699999943375585,0.07965081930160522,0.15240952372550964,-1.2841496467590332,18.83785629272461,-105.5087890625,91.51570129394531,10.95307445526123,19.63609504699707,0.9367148989086208,13.673504585050297,0.06645052880048752,0.6609523892402649,0.0,0.0,-1.8765159845352173,-1.8858741521835327,0.1531226634979248,0.15169639885425568,0.0003,133.2341766357422
hamilton_ppo,2,1850,740000,-0.0032449978465650896,615.7950341796875,0.932394917011261,0.00513825798407197,0.050574999912641944,0.04838055372238159,0.1511472761631012,-0.19364501535892487,24.825380325317383,-121.02751159667969,165.98272705078125,10.393919944763184,25.44862174987793,0.8636103178991417,16.405554494284296,0.07780425995588303,0.4183933734893799,0.00025,0.00075,-1.884926676750183,-1.8940954208374023,0.1518401950597763,0.15045437216758728,0.0003,313.408935546875
hamilton_ppo,2,1860,744000,-0.00037078624051282814,345.94887466430663,0.9407114815711975,0.010723616927862167,0.04135000030044466,0.020214200019836426,0.1514551341533661,1.5375241041183472,18.691404342651367,-101.94630432128906,125.33406066894531,12.018340110778809,18.88323402404785,0.9773529585259886,14.850611805463942,0.06758305430412292,0.740139365196228,0.0,0.0,-1.8733224868774414,-1.9018120765686035,0.1536124348640442,0.14929784834384918,0.0003,173.06552124023438
hamilton_ppo,2,1870,748000,-0.0011473244162451034,240.45983032226562,0.9411637610197068,0.0056923190131783485,0.05552500016521662,0.07929456233978271,0.15061432123184204,2.257880449295044,15.524823188781738,-75.40534210205078,96.67401123046875,13.929282188415527,16.179546356201172,0.9320095614350511,12.410793334519356,0.04775843396782875,0.7315369248390198,0.000125,0.0005,-1.8751583099365234,-1.9112327098846436,0.1533306986093521,0.14789795875549316,0.0003,125.30301666259766
hamilton_ppo,2,1880,752000,-0.0018693392768516803,357.38684814453126,0.9532803040742874,0.004135319031774998,0.03907500011846423,0.0636521577835083,0.1498727947473526,0.28815972805023193,18.929372787475586,-95.92066955566406,87.15444946289062,14.750595092773438,19.562196731567383,0.888141520331898,13.04248476731895,0.043868906795978546,0.5766113996505737,0.0,0.0005,-1.8787827491760254,-1.9175293445587158,0.15277595818042755,0.14696961641311646,0.0003,206.0524139404297
hamilton_ppo,2,1890,756000,-0.0009064379787305298,327.2309786987305,0.9631400787830353,0.0039690411649644375,0.03527499992866069,0.052890121936798096,0.14897149801254272,4.135359764099121,18.032785415649414,-66.07721710205078,113.10176086425781,18.80074691772461,18.529455184936523,0.978282504292648,23.36816308708429,0.05563608556985855,0.973527193069458,0.0,0.0,-1.8868733644485474,-1.921425700187683,0.15154489874839783,0.14639809727668762,0.0003,164.50613403320312
hamilton_ppo,2,1900,760000,-0.0013470164508682502,396.30079345703126,0.9652992206811905,0.0037356563843786716,0.028050000090152027,0.060937702655792236,0.14990508556365967,0.6107816100120544,19.98739242553711,-85.72440338134766,97.6334228515625,19.5340633392334,20.62571144104004,0.8340769437947911,13.953940609641489,0.049491412937641144,0.9050294160842896,0.0,0.00025,-1.8755398988723755,-1.9204705953598022,0.15327219665050507,0.14653798937797546,0.0003,205.02719116210938
hamilton_ppo,2,1910,764000,-0.0007325541501657429,356.7024853515625,0.9562820225954056,0.003305660095065832,0.015475000045262277,0.14918214082717896,0.15015658736228943,-1.32315194606781,19.226293563842773,-104.20344543457031,88.16996002197266,17.775291442871094,20.84381675720215,0.8991533360755999,24.859508770738685,0.06327370554208755,1.2953754663467407,0.0,0.0,-1.8689416646957397,-1.9239685535430908,0.15428686141967773,0.14602629840373993,0.0003,189.928466796875
hamilton_ppo,2,1920,768000,-0.0016193790166726175,290.3455679321289,0.9570515930652619,0.004299880471080542,0.02834999985527247,0.26140058040618896,0.14989274740219116,1.1216044425964355,17.13908576965332,-72.75935363769531,127.09809875488281,17.93417739868164,19.94266700744629,0.8860231103376772,23.1850525850947,0.05997297167778015,0.7447815537452698,0.0,0.0,-1.8764792680740356,-1.9196573495864868,0.1531282663345337,0.14665719866752625,0.0003,137.783935546875
hamilton_ppo,2,1930,772000,-0.0006906631769568783,349.96795043945315,0.9617445540428161,0.0034110681153833866,0.02982500004582107,0.23917227983474731,0.14930292963981628,-2.4214911460876465,18.72713279724121,-99.0292739868164,95.23617553710938,16.544946670532227,21.469806671142578,0.9109315305981325,26.251610331609513,0.04790230840444565,0.6856787800788879,0.0,0.0,-1.8811992406845093,-1.9227889776229858,0.1524072289466858,0.14619864523410797,0.0003,177.11056518554688
hamilton_ppo,2,1940,776000,-0.0019165001866989684,285.0058264160156,0.9737198597192764,0.0038925588596612215,0.022400000016205013,0.2803455591201782,0.14826130867004395,-0.5843520760536194,16.92052459716797,-84.62759399414062,71.10871887207031,16.211843490600586,19.945816040039062,0.8314113141383868,20.879428056324617,0.06886360794305801,0.6899861097335815,0.0,0.0,-1.8782140016555786,-1.9403076171875,0.15286287665367126,0.14365975558757782,0.0003,157.50975036621094
hamilton_ppo,2,1950,780000,-0.0010337435164721675,384.53140350341795,0.9843442499637604,0.0022541817743331194,0.02330000003799796,0.28688299655914307,0.14768531918525696,-1.4079318046569824,19.724960327148438,-107.2773666381836,91.94377136230469,14.484234809875488,23.358003616333008,0.9109708075531446,30.562216376870033,0.027420608326792717,1.4189144372940063,0.0,0.00025,-1.886657953262329,-1.9393798112869263,0.15157754719257355,0.14379310607910156,0.0003,200.7527618408203
hamilton_ppo,2,1960,784000,-0.0005621537651755748,527.0112530517578,0.9891981047391891,0.0024067386984825134,0.01702499988488853,0.2956576943397522,0.14749673008918762,-0.7319406867027283,23.084413528442383,-148.27125549316406,89.62784576416016,13.835474014282227,27.505970001220703,0.8790561595139197,37.10135605450644,0.027273952960968018,1.0149110555648804,0.000125,0.00025,-1.8879812955856323,-1.9406094551086426,0.15137708187103271,0.14361639320850372,0.0003,356.74237060546875
hamilton_ppo,2,1970,788000,-0.0012651253142814988,369.37256225585935,0.9925073343515396,0.0062551675364375114,0.02174999989569187,0.21397948265075684,0.14716440439224243,-1.0815627574920654,19.58135986328125,-109.57909393310547,87.4949951171875,13.488365173339844,22.086448669433594,0.9357033990724384,38.44107132869077,0.060938186943531036,1.1517024040222168,0.0,0.00025,-1.8851590156555176,-1.9482457637786865,0.15180490911006927,0.1425238698720932,0.0003,190.32179260253906
hamilton_ppo,2,1980,792000,-0.0025895629774197017,296.98069717407225,0.999352884888649,0.005692199803888798,0.04907500010449439,0.3050369620323181,0.14654526114463806,-0.9012736082077026,17.31028175354004,-107.01695251464844,95.04278564453125,12.29824447631836,20.76458740234375,0.9063465694948267,24.214575588576363,0.06471416354179382,0.8351959586143494,0.000125,0.00025,-1.8861486911773682,-1.9559094905853271,0.15165476500988007,0.14143578708171844,0.0003,102.72494506835938
hamilton_ppo,2,1990,796000,-0.0008510121471888788,395.08720703125,1.0082388973236085,0.003729801159352064,0.021824999977834523,0.1448993682861328,0.145921528339386,2.88348388671875,19.927730560302734,-65.26734924316406,129.75732421875,14.660886764526367,21.55009651184082,1.0090883343571955,26.294902257251675,0.056552089750766754,0.9585408568382263,0.0,0.00025,-1.8865381479263306,-1.9643476009368896,0.15159571170806885,0.14024735987186432,0.0003,207.38702392578125
hamilton_ppo,2,2000,800000,-0.0026990299234021186,356.227219543457,1.0195305037498474,0.00454796152189374,0.03309999994002283,0.25309085845947266,0.1448597013950348,-2.7239625453948975,18.864429473876953,-105.84910583496094,93.80140686035156,11.799124717712402,21.827789306640625,0.8575172124868924,24.390916705690685,0.08013476431369781,0.7310401797294617,0.0,0.0,-1.8824799060821533,-1.9840787649154663,0.15221217274665833,0.13750723004341125,0.0003,135.66307067871094
hamilton_ppo,2,2010,804000,-0.000923284432908984,308.5774978637695,1.0262620615959168,0.0034158937633037567,0.04529999994672835,0.23901695013046265,0.14523233473300934,-0.24152734875679016,17.6099853515625,-85.81103515625,93.45549774169922,12.168088912963867,20.186986923217773,0.9348627935103981,17.060918733958687,0.057762421667575836,0.6678118705749512,0.0,0.0,-1.884144902229309,-1.9768435955047607,0.15195895731449127,0.1385057270526886,0.0003,153.9279022216797
hamilton_ppo,2,2020,808000,-0.0004669797584003854,151.7001724243164,1.0243822360038757,0.0028395771514624357,0.029775000177323818,0.4237763285636902,0.1447790116071701,0.9737080931663513,12.4176664352417,-59.04768371582031,57.19763946533203,12.26323413848877,16.358535766601562,0.9238233128676332,17.575299458267455,0.06316844373941422,1.0417346954345703,0.0,0.0,-1.8944685459136963,-1.9721324443817139,0.15039825439453125,0.13915978372097015,0.0003,67.91162872314453
hamilton_ppo,2,2030,812000,-0.000949927481710624,322.6784614562988,1.0292527770996094,0.004305225796997547,0.04252499994821846,0.23709720373153687,0.14476558566093445,0.8813526630401611,18.021438598632812,-93.29157257080078,106.6745376586914,13.420820236206055,20.632640838623047,0.9383698448190394,18.085672503747404,0.06782446056604385,0.9252632856369019,0.0,0.0,-1.906884789466858,-1.9590749740600586,0.14854241907596588,0.1409887671470642,0.0003,160.68069458007812
hamilton_ppo,2,2040,816000,-0.0028466350730013803,295.06188674926756,1.0299613642692567,0.007944168522953987,0.06184999994467944,0.16246366500854492,0.14450703561306,2.197427988052368,17.262990951538086,-83.75526428222656,88.18030548095703,15.573188781738281,18.863149642944336,0.9539432022144322,21.283567442782907,0.05496617406606674,0.8045582175254822,0.0,0.0,-1.9171086549758911,-1.952050805091858,0.14703145623207092,0.14198260009288788,0.0003,149.45668029785156
hamilton_ppo,2,2050,820000,-0.00227466329769086,486.1072052001953,1.0357027566432953,0.00780651206150651,0.05285000003408641,0.0688595175743103,0.14372825622558594,0.616264820098877,22.150161743164062,-108.78875732421875,116.2303237915039,16.701629638671875,22.95457649230957,1.0095497054390095,21.498370956877057,0.06005009636282921,0.7030543684959412,0.000125,0.0005,-1.9183279275894165,-1.961806297302246,0.1468523144721985,0.14060421288013458,0.0003,267.71173095703125
hamilton_ppo,2,2060,824000,-0.0009833632792106072,705.3236935424804,1.0380805230140686,0.00599878653883934,0.04200000026263297,0.0010636448860168457,0.1445305347442627,3.242591381072998,26.64584732055664,-203.84861755371094,163.655029296875,19.600055694580078,26.6600284576416,0.9316392403854229,28.44736445714851,0.04941143840551376,1.1074938774108887,0.0,0.0,-1.9112813472747803,-1.957788348197937,0.14789076149463654,0.14117029309272766,0.0003,242.82394409179688
hamilton_ppo,2,2070,828000,-0.0010903919429867503,408.5652279663086,1.0308697056770324,0.004914487712085247,0.043675000057555736,0.05335289239883423,0.14452995359897614,-1.0496227741241455,20.248382568359375,-83.58098602294922,121.06180572509766,18.66167640686035,20.811159133911133,0.9857518317915318,12.937983062947717,0.060314856469631195,0.8193473815917969,0.0,0.00025,-1.9194176197052002,-1.949343204498291,0.14669236540794373,0.14236755669116974,0.0003,225.60533142089844
hamilton_ppo,2,2080,832000,-0.002196231165367499,546.8918444824219,1.0360112595558166,0.006751036737114191,0.04834999994840473,0.07328355312347412,0.1437874436378479,-2.8676421642303467,23.481624603271484,-129.40158081054688,138.54177856445312,15.874202728271484,24.39240837097168,0.8412404811679716,22.57882826028203,0.07218718528747559,0.9920080304145813,0.0,0.00025,-1.9241446256637573,-1.9549306631088257,0.14600059390068054,0.14157429337501526,0.0003,316.1220703125
hamilton_ppo,2,2090,836000,-0.0022238382842173455,493.4896435546875,1.0436737191677095,0.00402135169133544,0.036825000033713876,0.11174207925796509,0.1434660255908966,0.41081103682518005,22.343441009521484,-121.9953384399414,92.14256286621094,16.554471969604492,23.70721435546875,0.83096240405449,20.272400525694426,0.07132828235626221,1.176003336906433,0.0,0.00025,-1.921712875366211,-1.9620070457458496,0.14635604619979858,0.14057599008083344,0.0003,259.4500732421875
hamilton_ppo,2,2100,840000,-0.0010219827179364137,521.4986965942383,1.0475147950649262,0.003997211344540119,0.02897499983664602,0.07345545291900635,0.14309559762477875,2.5615413188934326,22.873891830444336,-120.53720092773438,120.8166275024414,19.555959701538086,23.763309478759766,0.9828535011390173,24.15486071410643,0.046664051711559296,0.7101498246192932,0.0,0.0,-1.9191852807998657,-1.9699435234069824,0.14672645926475525,0.13946473598480225,0.0003,251.81118774414062
hamilton_ppo,2,2110,844000,-0.001558442191243543,425.3675408935547,1.0527285790443421,0.006167035084217787,0.0302999999281019,0.13929736614227295,0.14278459548950195,-1.6126763820648193,20.71843910217285,-150.6565399169922,116.51084899902344,17.64509391784668,22.3321475982666,0.8904746092800352,20.08463518540404,0.03705607354640961,0.7768348455429077,0.000125,0.00025,-1.921700119972229,-1.9717625379562378,0.1463579386472702,0.1392112821340561,0.0003,187.04820251464844
hamilton_ppo,2,2120,848000,-7.798574534827018e-05,173.86765914916992,1.0596638858318328,0.00452036689966917,0.04454999986104667,0.32488465309143066,0.14211082458496094,0.7754303812980652,13.242459297180176,-86.77299499511719,61.340755462646484,18.5692195892334,16.116830825805664,0.9312478330799698,11.842309100564217,0.05554761737585068,0.5460478067398071,0.0,0.00025,-1.9193222522735596,-1.9840201139450073,0.14670635759830475,0.13751529157161713,0.0003,84.29081726074219
hamilton_ppo,2,2130,852000,-0.0009050866937497659,226.10000122070312,1.0726129055023192,0.003850572509691119,0.03252499984111637,0.276808500289917,0.14085978269577026,0.36583411693573,15.049606323242188,-63.954498291015625,72.53331756591797,18.40899658203125,17.69695281982422,0.8980593722191261,13.958851514581692,0.05474565550684929,0.4187539219856262,0.0,0.00025,-1.9387837648391724,-1.9816564321517944,0.14387883245944977,0.13784073293209076,0.0003,125.78778839111328
hamilton_ppo,2,2140,856000,-0.0007692567101395964,301.2269900512695,1.0794802105426788,0.004076381679624319,0.03820000000298023,0.23627221584320068,0.14149406552314758,1.444473147392273,17.415056228637695,-91.0033950805664,88.03527069091797,19.633846282958984,19.927627563476562,0.7985996723669042,17.546785911191453,0.06086638569831848,0.4777691066265106,0.000125,0.00025,-1.9247831106185913,-1.9871853590011597,0.14590740203857422,0.13708071410655975,0.0003,136.4866943359375
hamilton_ppo,2,2150,860000,0.00036745294856955547,335.24860946655275,1.0766583573818207,0.006550882942974567,0.03157499974127859,0.2066807746887207,0.1409265547990799,1.4617044925689697,18.305301666259766,-93.11434936523438,106.46648406982422,21.575653076171875,20.551942825317383,0.9648796389408162,20.416113610037545,0.051468294113874435,0.40694066882133484,0.0,0.0,-1.9323655366897583,-1.9874250888824463,0.14480525255203247,0.13704785704612732,0.0003,180.0494384765625
hamilton_ppo,2,2160,864000,-0.0005751643567104558,546.6081582641601,1.0834127926826478,0.001409456948749721,0.018899999856948853,0.19974428415298462,0.14075744152069092,-3.362698793411255,23.48503303527832,-131.20652770996094,145.2279815673828,18.234027862548828,26.25286865234375,0.9345164665815087,35.19789238276934,0.043669138103723526,0.8641443848609924,0.0,0.0,-1.9284406900405884,-1.9940701723098755,0.14537470042705536,0.13614018261432648,0.0003,236.45484924316406
hamilton_ppo,2,2170,868000,-0.002836154096006065,506.9391665649414,1.0859604561328888,0.005495972000062466,0.05050000014714897,0.18588221073150635,0.1403702199459076,4.288193225860596,22.422277450561523,-126.93124389648438,157.89971923828125,22.925832748413086,24.850553512573242,0.8776638263072708,35.972705510518125,0.05688437074422836,0.9152430295944214,0.0,0.0005,-1.9332932233810425,-1.9945896863937378,0.1446709781885147,0.13606946170330048,0.0003,232.0877685546875
hamilton_ppo,2,2180,872000,-0.0013848873431910747,700.4197497558594,1.0912205171585083,0.00404402706772089,0.015674999938346444,0.011290550231933594,0.14020299911499023,-3.526130437850952,26.924877166748047,-144.73500061035156,128.08993530273438,18.710390090942383,27.078176498413086,0.9025900660742932,67.42830253888863,0.02769612707197666,0.915882408618927,0.0,0.0,-1.9354325532913208,-1.9947755336761475,0.14436180889606476,0.1360441893339157,0.0003,330.00457763671875
hamilton_ppo,2,2190,876000,-0.001153053876575001,557.1476602172852,1.0938223779201508,0.0034905087668448687,0.021124999998137356,0.16446584463119507,0.14003407955169678,0.37536266446113586,23.659231185913086,-161.01918029785156,98.7984390258789,16.620264053344727,25.88323402404785,0.9059757562804585,22.56038736595199,0.04952077567577362,0.6399511694908142,0.0,0.0,-1.9343161582946777,-1.9984508752822876,0.14452306926250458,0.13554508984088898,0.0003,270.4041748046875
hamilton_ppo,2,2200,880000,-0.0014225602642574842,306.8160925292969,1.096907684803009,0.003750066040083766,0.026750000161118805,0.20464366674423218,0.13966494798660278,0.7364515662193298,17.579988479614258,-123.09204864501953,99.74150848388672,18.109825134277344,19.71232032775879,0.8939720935365223,17.1861962586911,0.06886028498411179,0.8560048937797546,0.0,0.0,-1.9371622800827026,-2.0008699893951416,0.14411231875419617,0.1352175921201706,0.0003,119.65234375
hamilton_ppo,2,2210,884000,-0.00035560415919317023,478.00531311035155,1.1037410414218902,0.0067339688539505005,0.03619999987073243,0.17053478956222534,0.13911199569702148,2.125171184539795,21.902563095092773,-111.27912902832031,104.78355407714844,19.809019088745117,24.04893684387207,0.9602234292223899,25.736667076498865,0.07074549794197083,0.9641857743263245,0.0,0.0,-1.9331763982772827,-2.013383388519287,0.14468789100646973,0.13353610038757324,0.0003,231.6786346435547
hamilton_ppo,2,2220,888000,-0.00275806834635441,243.92015991210937,1.1114579510688782,0.005177177954465151,0.042350000105798244,0.21955204010009766,0.13867846131324768,1.0045161247253418,15.909015655517578,-101.42318725585938,118.18357849121094,20.839235305786133,18.008241653442383,0.9445609393261976,24.023022584497394,0.05133447051048279,1.219298005104065,0.0,0.00025,-1.9406490325927734,-2.0118112564086914,0.14361071586608887,0.1337461918592453,0.0003,126.04740142822266
hamilton_ppo,2,2230,892000,-0.0005670057548035424,341.1651484680176,1.1157991349697114,0.005373942665755749,0.02729999982751906,0.155828595161438,0.13845467567443848,-2.390795946121216,18.501340866088867,-111.30147552490234,111.64846801757812,18.619943618774414,20.136680603027344,0.9233445913918581,20.670871503809426,0.04876527190208435,0.8400415778160095,0.0,0.0,-1.9462478160858154,-2.0091662406921387,0.1428089141845703,0.13410043716430664,0.0003,155.8479461669922
hamilton_ppo,2,2240,896000,-0.0008629948934562037,605.9469534301758,1.1148276352882385,0.004348267801105976,0.014199999934062362,0.1018025279045105,0.13907048106193542,6.058681488037109,24.516613006591797,-115.5655746459961,111.76698303222656,24.600719451904297,25.868696212768555,0.8965182550393206,52.17908803758545,0.05317794904112816,0.858895480632782,0.0,0.0,-1.9400888681411743,-2.0065646171569824,0.14369119703769684,0.134449765086174,0.0003,295.64813232421875
hamilton_ppo,2,2250,900000,-0.0030506287954919563,272.71652557373045,1.1131458926200866,0.0077063702046871185,0.06674999970942735,0.2054620385169983,0.1383514404296875,1.712172031402588,16.63472557067871,-81.98420715332031,99.590576171875,26.50806427001953,18.662006378173828,0.8730646121273966,18.342673850557286,0.06453892588615417,0.9699735045433044,0.0,0.0,-1.9356157779693604,-2.0221729278564453,0.14433535933494568,0.13236753642559052,0.0003,126.92969512939453
hamilton_ppo,2,2260,904000,-0.00023284879451966666,590.5045840454102,1.1231641852855683,0.0031515429727733135,0.029774999972432853,0.09748613834381104,0.13791945576667786,0.24510912597179413,24.358915328979492,-174.36349487304688,140.48159790039062,27.866514205932617,25.640766143798828,0.9418538507404631,24.09753248977451,0.03490499407052994,0.9343839883804321,0.0,0.0,-1.936902642250061,-2.027310848236084,0.1441497504711151,0.1316891759634018,0.0003,281.7964782714844
hamilton_ppo,2,2270,908000,-0.001627963032462869,690.5338189697266,1.1291290354728698,0.004301926586776972,0.026875,0.14412951469421387,0.13749127089977264,-3.9383909702301025,26.523033142089844,-177.55751037597656,113.8943862915039,24.317419052124023,28.669437408447266,0.9027607135155733,53.546612257315836,0.03596776723861694,0.9658254384994507,0.0,0.0,-1.9373979568481445,-2.033289670944214,0.1440783590078354,0.1309041827917099,0.0003,388.5574645996094
hamilton_ppo,2,2280,912000,-0.0009660173205964373,417.0695101928711,1.1320433485507966,0.002656725002452731,0.03859999995213002,0.23638170957565308,0.1377117931842804,0.06676895171403885,20.502986907958984,-138.63613891601562,109.77519989013672,23.733448028564453,23.462751388549805,0.9483130448814191,24.633383185714266,0.0505983866751194,1.053951382637024,0.0,0.0,-1.932207465171814,-2.0356509685516357,0.14482814073562622,0.13059544563293457,0.0003,191.23887634277344
hamilton_ppo,2,2290,916000,-0.0026895238602184703,353.89294799804685,1.125749478340149,0.00474376417696476,0.04664999980479479,0.31683117151260376,0.13823524117469788,0.1304207742214203,18.97350311279297,-110.118408203125,92.24046325683594,23.572887420654297,22.95532989501953,0.9526423143040144,25.428062011297936,0.055863283574581146,1.166877269744873,0.000125,0.00025,-1.9279507398605347,-2.0323705673217773,0.14544595777988434,0.1310245543718338,0.0003,159.50428771972656
hamilton_ppo,2,2300,920000,-0.001607625034963709,631.225758972168,1.1223693919181823,0.0038606717716902494,0.02697499987203628,0.3084765076637268,0.1382034868001938,-0.7842753529548645,25.25254249572754,-183.75457763671875,115.92021179199219,22.68618392944336,30.36698341369629,0.9313658641138588,34.84352122071819,0.04429037868976593,1.0887032747268677,0.000125,0.00075,-1.9319223165512085,-2.028463125228882,0.14486944675445557,0.131537526845932,0.0003,219.76235961914062
hamilton_ppo,2,2310,924000,-0.0006036677350901343,421.74417037963866,1.1275582218170166,0.004750755615532398,0.04552500030491501,0.3550334572792053,0.13738073408603668,-2.0219457149505615,20.577632904052734,-115.65533447265625,123.64082336425781,20.860942840576172,25.622814178466797,0.9528590166725414,29.22981234559315,0.05871981009840965,0.622503399848938,0.0,0.0,-1.9499837160110474,-2.02128529548645,0.14227637648582458,0.1324850618839264,0.0003,220.8949432373047
hamilton_ppo,2,2320,928000,-0.002060867935815622,311.93131469726563,1.135598850250244,0.005714666564017534,0.05504999969620258,0.3399580717086792,0.1370840221643448,1.4442018270492554,17.79319953918457,-106.38795471191406,105.84951782226562,21.942922592163086,21.90121841430664,1.0089253044106798,22.74254374200981,0.05804860219359398,0.9376252889633179,0.0,0.001,-1.9541953802108765,-2.0212509632110596,0.14167843759059906,0.1324896216392517,0.0003,161.07911682128906
hamilton_ppo,2,2330,932000,-0.0004884654744608241,376.1708067321777,1.133628933429718,0.004339857492595911,0.041550000025890765,0.27808260917663574,0.13784542679786682,-0.24559003114700317,19.47542953491211,-147.8985595703125,128.8479766845703,21.598602294921875,22.9215145111084,0.888767056370423,19.871237176791325,0.05385056138038635,0.9093139171600342,0.0,0.0,-1.9417214393615723,-2.023181676864624,0.14345677196979523,0.13223406672477722,0.0003,146.36849975585938
hamilton_ppo,2,2340,936000,-0.0013334192201495164,503.8125485229492,1.1264029192924498,0.006297053303569555,0.02900000000372529,0.26687783002853394,0.1377423256635666,-3.14932918548584,22.509614944458008,-147.2919158935547,81.80545806884766,18.153480529785156,26.289352416992188,0.9166896089540095,37.72115717183258,0.04462498798966408,0.7634842991828918,0.0,0.0005,-1.941012978553772,-2.0255126953125,0.14355845749378204,0.13192619383335114,0.0003,263.87744140625
hamilton_ppo,2,2350,940000,-0.0026885236618225507,380.1525199890137,1.1329375004768372,0.005083858501166105,0.05154999982565642,0.27532434463500977,0.13708451390266418,-0.3180537521839142,19.581836700439453,-123.32730102539062,103.74835205078125,18.223962783813477,23.00284767150879,1.0124717834149872,23.466615092470917,0.06135614588856697,0.6613988876342773,0.00025,0.0005,-1.9518028497695923,-2.023808479309082,0.14201779663562775,0.13215120136737823,0.0003,172.6817626953125
hamilton_ppo,2,2360,944000,-5.036966230854034e-05,494.5713931274414,1.143405499458313,0.004415685310959816,0.015374999959021807,0.21873211860656738,0.13624757528305054,-1.505216360092163,22.308555603027344,-91.87448120117188,124.10975646972656,16.3001651763916,25.23896026611328,0.9495249859163389,28.755249805033696,0.058070097118616104,0.8402061462402344,0.00025,0.00075,-1.9627410173416138,-2.024784564971924,0.14047285914421082,0.13202227652072906,0.0003,229.03712463378906
hamilton_ppo,2,2370,948000,-0.0009425137665311922,441.2672625732422,1.1517836129665375,0.0039139543659985065,0.03134999992791563,0.11377584934234619,0.13594292104244232,2.86544132232666,21.093597412109375,-164.77130126953125,128.5544891357422,19.818180084228516,22.406749725341797,0.9614783555054316,27.577931413110942,0.041926849633455276,1.095106601715088,0.0,0.00025,-1.9690861701965332,-2.022671937942505,0.13958436250686646,0.1323014795780182,0.0003,248.1278076171875
hamilton_ppo,2,2380,952000,-0.0030970560734625875,485.15406188964846,1.1576854300498962,0.004924451000988483,0.045999999986961485,0.14600610733032227,0.13527493178844452,-1.3409823179244995,22.068485260009766,-116.62857818603516,96.417724609375,18.927297592163086,23.88059425354004,0.9928024191723424,24.71907305045806,0.04793176054954529,0.8114976286888123,0.0,0.00025,-1.9740285873413086,-2.0275802612304688,0.1388961672782898,0.13165371119976044,0.0003,273.75958251953125
hamilton_ppo,2,2390,956000,-0.0007237558197353788,733.7324475097656,1.1656255614757538,0.0032887719571590424,0.034824999962002036,0.09555447101593018,0.13504144549369812,2.599663496017456,27.137731552124023,-170.67181396484375,218.87960815429688,21.57180404663086,28.535293579101562,0.9100929486099468,31.322065502408996,0.03921511769294739,1.751863718032837,0.00025,0.00075,-1.9753905534744263,-2.029693603515625,0.13870713114738464,0.1313757598400116,0.0003,393.63995361328125
hamilton_ppo,2,2400,960000,-0.001292953104498884,421.312294921875,1.1738097608089446,0.00411874009296298,0.04202499987091869,0.22464317083358765,0.13411860167980194,-0.9795421361923218,20.67704963684082,-103.26457214355469,94.13098907470703,20.366588592529297,23.482145309448242,1.0323142457319743,28.164067622370954,0.04653135687112808,2.0899078845977783,0.0,0.00025,-1.9766321182250977,-2.0425143241882324,0.1385350227355957,0.12970218062400818,0.0003,168.7993621826172
hamilton_ppo,2,2410,964000,-0.0014382751766363056,363.47319244384767,1.1809150242805482,0.0039838869124650955,0.0395500000519678,0.2611725926399231,0.13420674204826355,-0.8141722679138184,19.18901252746582,-106.45838928222656,97.16936492919922,19.283660888671875,22.324466705322266,0.9515499998609992,23.954818920311276,0.0663973018527031,1.5135111808776855,0.000125,0.00075,-1.978261113166809,-2.039421558380127,0.1383095234632492,0.1301039457321167,0.0003,187.39822387695312
hamilton_ppo,2,2420,968000,-0.0006037301570118903,475.40870666503906,1.1841422295570374,0.0027700297068804502,0.026150000020861625,0.23826813697814941,0.13363617658615112,0.9459681510925293,21.89982032775879,-107.86418151855469,125.54592895507812,20.01862335205078,25.092243194580078,0.997915261731766,28.456007396693167,0.049124304205179214,0.9337170720100403,0.0,0.00025,-1.9904801845550537,-2.035290479660034,0.13662979006767273,0.13064251840114594,0.0003,230.39471435546875
hamilton_ppo,2,2430,972000,-0.0015031208040582023,744.1385372924805,1.190661506652832,0.005815522279590368,0.038300000056624414,0.01303112506866455,0.13325372338294983,-1.2952375411987305,27.81302261352539,-150.9061737060547,120.46013641357422,19.437475204467773,27.996030807495117,0.9248032679965269,52.93594186222946,0.06189519166946411,1.2156002521514893,0.00025,0.0005,-1.9906188249588013,-2.0410168170928955,0.13661086559295654,0.12989655137062073,0.0003,438.5506286621094
hamilton_ppo,2,2440,976000,-0.0004345303014459212,411.4116012573242,1.1975684595108032,0.003331002313643694,0.031124999951571225,0.14531517028808594,0.1328505277633667,-1.4486839771270752,20.35460090637207,-109.86764526367188,93.58783721923828,17.41611099243164,22.017074584960938,1.004569785213052,16.540437643628135,0.04845794662833214,1.0124691724777222,0.0,0.00025,-2.004321575164795,-2.032944440841675,0.13475167751312256,0.13094937801361084,0.0003,215.97569274902344
hamilton_ppo,2,2450,980000,-0.0015900225928518919,577.3844110107422,1.2027430272102355,0.0023387600667774677,0.06469999984838068,0.048152804374694824,0.13237369060516357,-0.018408142030239105,24.16678237915039,-123.4227294921875,148.38075256347656,17.577295303344727,24.770523071289062,0.9766032332246722,20.043289555483337,0.06531204283237457,1.0870369672775269,0.0,0.0,-2.006006956100464,-2.0385098457336426,0.13452477753162384,0.1302226185798645,0.0003,319.6656799316406
hamilton_ppo,2,2460,984000,-0.00120435820647399,563.8725091552734,1.209181969165802,0.00525259505957365,0.08672499995678663,0.0665162205696106,0.13189861178398132,0.8892725706100464,23.785764694213867,-111.53892517089844,237.91502380371094,18.723133087158203,24.618619918823242,1.0493475137632544,15.313338183648714,0.06729339063167572,0.8843114972114563,0.0,0.0005,-2.0047619342803955,-2.0471303462982178,0.13469235599040985,0.1291048675775528,0.0003,271.59283447265625
hamilton_ppo,2,2470,988000,-0.0026800321511167534,795.5873092651367,1.2092975318431853,0.006566386669874191,0.07769999969750643,0.057253122329711914,0.13246509432792664,-2.355226516723633,28.224212646484375,-332.302490234375,171.0554656982422,15.949017524719238,29.068613052368164,1.0312574770783307,19.575536952518096,0.0537894032895565,0.9099935293197632,0.0,0.00025,-2.0047571659088135,-2.038398027420044,0.13469301164150238,0.1302371770143509,0.0003,361.7790222167969
hamilton_ppo,2,2480,992000,-0.0020127807269543574,603.3780834960937,1.2053396320343017,0.006439045071601868,0.0701249995501712,0.07594895362854004,0.1325206160545349,-1.2499070167541504,24.588970184326172,-127.14419555664062,105.90555572509766,15.388090133666992,25.579519271850586,1.0075487964528673,18.293568313163046,0.04845055192708969,0.9544661045074463,0.000125,0.0005,-2.004354953765869,-2.037961483001709,0.13474717736244202,0.1302940547466278,0.0003,328.9397277832031
hamilton_ppo,2,2490,996000,-0.002388253027596514,331.6558116149902,1.2090414440631867,0.005807844921946526,0.06332500006072223,0.1670854687690735,0.13190972805023193,0.14734497666358948,18.27601432800293,-106.58666229248047,91.55686950683594,16.29564666748047,20.02540397644043,0.9701534822890489,14.420527613745652,0.06893326342105865,0.8730040788650513,0.0,0.0,-2.005119800567627,-2.0465848445892334,0.13464416563510895,0.1291753053665161,0.0003,144.3938446044922
hamilton_ppo,2,2500,1000000,-0.0012492924094665804,231.96923568725586,1.2223083889484405,0.004640488885343075,0.043225000058300794,0.19633013010025024,0.1307448446750641,1.191764235496521,15.306459426879883,-68.56983947753906,105.34677124023438,17.885128021240234,17.074024200439453,0.9647907602987847,13.273452491282534,0.05810571834445,1.2132352590560913,0.0,0.00025,-2.0154664516448975,-2.0539183616638184,0.13325822353363037,0.1282314509153366,0.0003,129.09738159179688
hamilton_ppo,3,10,4000,-0.0033739642096974444,119.45644180297852,0.1626170401275158,0.00475803017616272,0.04965000012423843,-0.0005459785461425781,0.22275060415267944,3.194200277328491,10.703720092773438,-47.06184387207031,72.40444946289062,3.1989216804504395,10.700799942016602,0.6914228039937054,5.991424350922492,0.11283435672521591,1.5704200267791748,0.0,0.0,-1.4973605871200562,-1.5060633420944214,0.22371986508369446,0.22178132832050323,0.0003,55.61583709716797
hamilton_ppo,3,20,8000,-0.0015353618046261542,55.58882457733154,0.17011505827307702,0.0032887165434658527,0.01742500006221235,-0.0011823177337646484,0.22160786390304565,1.47930908203125,7.4667816162109375,-38.49188232421875,43.659339904785156,3.9979567527770996,7.462371826171875,0.5770665877751427,3.067400064435502,0.11275753378868103,1.4417322874069214,0.0,0.0,-1.4983826875686646,-1.5153813362121582,0.22349132597446442,0.2197243720293045,0.0003,23.79294204711914
hamilton_ppo,3,30,12000,-0.003288354933515074,48.671891326904294,0.17528440818190574,0.004667984787374735,0.024475000114180148,0.05268371105194092,0.2218400537967682,2.1152453422546387,6.9594011306762695,-59.910545349121094,33.290313720703125,6.040407657623291,7.150301456451416,0.5884231511627163,5.634547160822328,0.12798704206943512,1.3223780393600464,0.0,0.0,-1.501624345779419,-1.5099903345108032,0.22276800870895386,0.22091209888458252,0.0003,19.35731315612793
hamilton_ppo,3,40,16000,-0.002706605712944292,42.8115412902832,0.18206868767738343,0.004263508133590221,0.02532499993685633,0.09797012805938721,0.219476118683815,1.6690245866775513,6.54275369644165,-36.40247344970703,27.054676055908203,7.953042507171631,6.888903617858887,0.5914549230732093,4.801418059703682,0.12741652131080627,1.089304804801941,0.0,0.0,-1.513218641281128,-1.5198159217834473,0.2202000916004181,0.21875214576721191,0.0003,21.576770782470703
hamilton_ppo,3,50,20000,-7.983607383959423e-05,65.50540061950683,0.19743750154972076,0.0019859187304973602,0.0036749999737367032,0.05607175827026367,0.21888262033462524,3.3264665603637695,7.925044059753418,-21.407649993896484,71.68147277832031,10.893951416015625,8.157032012939453,0.6275410466847763,11.569889727633765,0.11928848922252655,1.0707666873931885,0.0,0.0,-1.5199872255325317,-1.5184526443481445,0.2187146693468094,0.2190505713224411,0.0003,31.503875732421875
hamilton_ppo,3,60,24000,-0.0002569402917779373,70.8082085800171,0.1989865221083164,0.0024291169829666615,0.0034499999694526193,0.05758857727050781,0.21964775025844574,2.4737284183502197,8.341024398803711,-44.91292953491211,57.505653381347656,13.524574279785156,8.592096328735352,0.5598780651688272,9.349585520393724,0.05270195007324219,0.8852033019065857,0.0,0.0,-1.5139319896697998,-1.5175315141677856,0.22004306316375732,0.21925243735313416,0.0003,40.32661819458008
hamilton_ppo,3,70,28000,-0.0019779619394455937,121.83290977478028,0.19124687254428863,0.0033518534619361162,0.01047499997075647,0.08986610174179077,0.22006608545780182,-0.8666868805885315,11.357840538024902,-67.23713684082031,39.164859771728516,12.509148597717285,11.905375480651855,0.557581343395859,13.385812874945577,0.10015974193811417,1.4708480834960938,0.0,0.0,-1.5145068168640137,-1.5131484270095825,0.21991659700870514,0.2202155441045761,0.0003,45.4539909362793
hamilton_ppo,3,80,32000,-0.00466447168404704,29.6079061126709,0.1880556346476078,0.003246475011110306,0.04305000002961606,0.4061662554740906,0.22041112184524536,0.7351493239402771,5.509987831115723,-29.848417282104492,31.3087158203125,12.285698890686035,7.150200366973877,0.599531850437955,3.9530280494200998,0.11018333584070206,0.5577239394187927,0.0,0.0,-1.5152243375778198,-1.5093059539794922,0.21975886821746826,0.22106334567070007,0.0003,16.739866256713867
hamilton_ppo,3,90,36000,-0.0015905248627910628,76.58429534912109,0.18688090816140174,0.003221919760107994,0.02537499997764826,0.29896080493927,0.2202751189470291,0.9222661256790161,8.791406631469727,-42.69630813598633,48.43790817260742,12.795476913452148,10.49994945526123,0.608683864996671,6.405974776832977,0.08719000965356827,0.6370584964752197,0.0,0.0,-1.5136874914169312,-1.5120691061019897,0.2200968712568283,0.22045335173606873,0.0003,37.952327728271484
hamilton_ppo,3,100,40000,-0.0033218318027560655,79.17866802215576,0.1927447061240673,0.004666702356189489,0.029999999990686775,0.3036995530128479,0.21889272332191467,0.9438686370849609,8.922384262084961,-40.186363220214844,63.648406982421875,14.714694023132324,10.692582130432129,0.586339468992546,6.004471153143064,0.13440677523612976,0.5356945395469666,0.0,0.0,-1.5201067924499512,-1.518241047859192,0.21868853271007538,0.21909692883491516,0.0003,39.529197692871094
hamilton_ppo,3,110,44000,-0.0018914228679750523,71.78421215057374,0.20655543729662895,0.0029966081492602825,0.011549999983981252,0.30163276195526123,0.21739953756332397,1.2303351163864136,8.480721473693848,-50.827091217041016,57.86144256591797,16.339550018310547,10.14824390411377,0.5922347473971447,7.6200397017368315,0.0975041463971138,0.6936097145080566,0.0,0.0,-1.5280193090438843,-1.5240216255187988,0.216964989900589,0.21783408522605896,0.0003,33.91452407836914
hamilton_ppo,3,120,48000,-0.002462874323474713,85.64639923095703,0.21745644629001618,0.0028889139648526907,0.011899999920278787,0.27108317613601685,0.2166871875524521,0.15319722890853882,9.50953483581543,-46.6265983581543,71.78648376464844,15.244206428527832,11.138335227966309,0.5882877057105546,11.149860333303835,0.108909010887146,1.321848750114441,0.0,0.0,-1.5312600135803223,-1.527344822883606,0.21626299619674683,0.21711136400699615,0.0003,40.85654067993164
hamilton_ppo,3,130,52000,-0.0017744954881334695,82.83820632934571,0.22204926282167434,0.003686189651489258,0.02042500005569309,0.40677714347839355,0.216258704662323,-0.3562135696411133,9.26608943939209,-58.66877365112305,47.51899337768555,15.023638725280762,12.030607223510742,0.5912998692143985,10.099206937510301,0.0671028345823288,0.9492958188056946,0.0,0.0,-1.5328705310821533,-1.5296916961669922,0.2159149944782257,0.21660242974758148,0.0003,40.23725128173828
hamilton_ppo,3,140,56000,-0.0018058166426245846,84.93333061218262,0.22339139774441719,0.00270715425722301,0.012349999947473407,0.45295411348342896,0.21653103828430176,0.8740108609199524,9.285454750061035,-55.813560485839844,70.864013671875,15.833487510681152,12.554265975952148,0.6557285440875185,9.405261519939316,0.08991474658250809,0.970279335975647,0.0,0.0,-1.536427617073059,-1.523655891418457,0.21514832973480225,0.21791374683380127,0.0003,55.76939392089844
hamilton_ppo,3,150,60000,-0.0008706178053630076,86.86074131011964,0.22495865121483802,0.0031577101908624172,0.009224999966099857,0.40515995025634766,0.21560223400592804,2.152635335922241,9.329968452453613,-45.97026824951172,62.94441223144531,18.656612396240234,12.097066879272461,0.6184870707104587,13.818611036947678,0.10070377588272095,0.6426645517349243,0.0,0.0,-1.5385111570358276,-1.5301464796066284,0.21470050513744354,0.21650394797325134,0.0003,51.85502624511719
hamilton_ppo,3,160,64000,-0.0009896699273122067,76.8751146697998,0.23205287858843804,0.0030517373234033585,0.006774999955669045,0.4734659194946289,0.21549557149410248,0.8727811574935913,8.963232040405273,-50.139892578125,42.19715881347656,19.53251838684082,12.352401733398438,0.5529556965404947,12.901508387263384,0.08842556923627853,0.9014031887054443,0.0,0.0,-1.5396363735198975,-1.5300166606903076,0.21445909142494202,0.21653205156326294,0.0003,38.547794342041016
hamilton_ppo,3,170,68000,-0.0009828110996137162,116.72093963623047,0.23525496408343316,0.00410070363432169,0.01154999993275851,0.5052632093429565,0.21445636451244354,0.6322071552276611,11.028298377990723,-112.9742660522461,60.282066345214844,19.3081111907959,15.679110527038574,0.644258593486429,19.223929726028718,0.06270948797464371,0.9115802645683289,0.0,0.0,-1.5490036010742188,-1.5303810834884644,0.21245956420898438,0.2164531648159027,0.0003,50.80506896972656
hamilton_ppo,3,180,72000,-0.002148377664054215,128.26347694396972,0.24345398262143136,0.0025359932333230972,0.011975000007078051,0.5787440538406372,0.21424809098243713,-0.7012314796447754,11.667266845703125,-79.40284729003906,59.940738677978516,18.626901626586914,17.976125717163086,0.6455851539072127,24.14514098637437,0.09420818090438843,0.8082464337348938,0.0,0.0,-1.5456440448760986,-1.5356223583221436,0.21317452192306519,0.2153216451406479,0.0003,61.86595153808594
hamilton_ppo,3,190,76000,-0.0005879377433213406,54.936901817321775,0.24606909230351448,0.0013326741755008698,0.005724999969825149,0.7282374501228333,0.21363435685634613,-0.16244955360889435,7.59844970703125,-52.93214797973633,49.09923553466797,19.707887649536133,14.575725555419922,0.6419538494747732,13.644695752320118,0.05092376843094826,0.8235591650009155,0.0,0.00025,-1.556548833847046,-1.5305981636047363,0.21086253225803375,0.2164061963558197,0.0003,30.292720794677734
hamilton_ppo,3,200,80000,-0.0015922592915117995,79.13258514404296,0.2527875544130802,0.0026548888999968767,0.012599999993108213,0.6320219039916992,0.21268904209136963,0.22085705399513245,9.141007423400879,-44.14751052856445,49.662109375,18.56108283996582,15.068953514099121,0.6113357925259162,14.480385546460665,0.12363839894533157,1.2082897424697876,0.0,0.0,-1.5610547065734863,-1.534963607788086,0.20991455018520355,0.2154635339975357,0.0003,41.45552444458008
hamilton_ppo,3,210,84000,-0.0003231863046781647,108.28639053344726,0.2592952445149422,0.003453682642430067,0.005724999941885471,0.4193217158317566,0.21271608769893646,1.6736395359039307,10.901382446289062,-59.20140075683594,104.51253509521484,20.48290252685547,14.305853843688965,0.6514466197598463,25.78573908998143,0.0639943927526474,1.3422404527664185,0.0,0.0,-1.5599064826965332,-1.5358322858810425,0.21015572547912598,0.21527642011642456,0.0003,64.937255859375
hamilton_ppo,3,220,88000,-0.0007360908890375839,28.4906453704834,0.26072297990322113,0.0023074124474078417,0.013824999895878137,0.7756679654121399,0.21192432940006256,0.09901940822601318,5.403865814208984,-26.75067138671875,41.22604751586914,19.52203941345215,11.409297943115234,0.6136923283101932,6.524732804180113,0.10110575705766678,0.6990188956260681,0.0,0.0,-1.5646729469299316,-1.5385496616363525,0.20915639400482178,0.21469224989414215,0.0003,14.252593994140625
hamilton_ppo,3,230,92000,-0.0004606658513774153,32.04858247756958,0.2592140033841133,0.0021847563330084085,0.007824999932199716,0.76316237449646,0.21352054178714752,-0.326789915561676,5.732436656951904,-27.601333618164062,22.869916915893555,19.538986206054688,11.77914810180664,0.563006709563544,6.170600212315284,0.09059968590736389,0.4710206091403961,0.000125,0.00025,-1.5557975769042969,-1.532383918762207,0.21102102100849152,0.21602007746696472,0.0003,16.18594741821289
hamilton_ppo,3,240,96000,-0.001927384743913172,61.02689586639404,0.2537781545519829,0.002802108181640506,0.01909999992698431,0.636100709438324,0.21265068650245667,-0.5088992714881897,7.923439979553223,-52.680484771728516,32.95420837402344,18.333797454833984,13.134791374206543,0.5709100834042037,9.171352855251609,0.10522913932800293,0.8303478956222534,0.0,0.0,-1.5579489469528198,-1.5383559465408325,0.21056753396987915,0.21473383903503418,0.0003,28.86314582824707
hamilton_ppo,3,250,100000,-0.000978793116749148,31.992405948638915,0.2610847654938698,0.002518728841096163,0.011524999882094562,0.7651891112327576,0.21195152401924133,0.06616586446762085,5.753241062164307,-30.019039154052734,23.971019744873047,18.237890243530273,11.872807502746582,0.5264237333510452,6.5672089828618905,0.09439892321825027,1.0470943450927734,0.0,0.0,-1.5600210428237915,-1.542847990989685,0.21013164520263672,0.21377140283584595,0.0003,14.640687942504883
hamilton_ppo,3,260,104000,-0.0016778279830825338,44.37422803878784,0.2631333786249161,0.002448136918246746,0.02075000014156103,0.7013453245162964,0.21242038905620575,1.1693623065948486,6.702140808105469,-33.97792053222656,65.22354888916016,18.8167781829834,12.263909339904785,0.6314822240499172,7.770549494662455,0.0822729617357254,1.0577967166900635,0.0,0.0,-1.5624862909317017,-1.5360642671585083,0.20961427688598633,0.21522650122642517,0.0003,18.883651733398438
hamilton_ppo,3,270,108000,-0.001047918287997891,73.86190654754638,0.2613718605041504,0.0027593416161835194,0.006199999935925007,0.6051071286201477,0.21219852566719055,-1.8135490417480469,8.725049018859863,-53.000892639160156,38.33795928955078,17.145660400390625,13.88443660736084,0.5801954216383371,15.24356201042432,0.09998102486133575,0.6302290558815002,0.0,0.0,-1.561364769935608,-1.5392237901687622,0.20984947681427002,0.21454757452011108,0.0003,34.10567855834961
hamilton_ppo,3,280,112000,-0.003525473430135753,49.98962030410767,0.2703224217891693,0.004854628350585699,0.03712500006891787,0.7306302785873413,0.2104129195213318,-0.44527366757392883,7.1179585456848145,-44.082061767578125,56.829715728759766,16.607215881347656,13.7145357131958,0.6078392624754492,9.69127267375208,0.12199362367391586,0.5460459589958191,0.0,0.0,-1.5710033178329468,-1.546513319015503,0.2078365534543991,0.21298930048942566,0.0003,27.33160972595215
hamilton_ppo,3,290,116000,-8.743273609943592e-05,69.59386032104493,0.2786338958144188,0.002269301563501358,0.005350000024773181,0.6896042823791504,0.21077552437782288,-0.9819945693016052,8.508309364318848,-41.72195816040039,67.22189331054688,15.201882362365723,15.271631240844727,0.6060298305377286,14.805526986179922,0.036640677601099014,0.7717781662940979,0.0,0.0,-1.5641539096832275,-1.5498206615447998,0.20926500856876373,0.21228604018688202,0.0003,35.7199592590332
hamilton_ppo,3,300,120000,-0.0019544189996473504,97.73854972839355,0.27601439714431764,0.004104126710444689,0.01844999993685633,0.5752830505371094,0.21073192358016968,0.34152162075042725,10.185355186462402,-51.483482360839844,81.5822525024414,14.869833946228027,15.628827095031738,0.5939938752524028,14.324424502397658,0.1070047914981842,1.3906619548797607,0.0,0.0,-1.5646764039993286,-1.5497163534164429,0.20915567874908447,0.21230818331241608,0.0003,48.38685989379883
hamilton_ppo,3,310,124000,-0.002931747673944303,164.5606552886963,0.2798197641968727,0.0046190423890948296,0.036499999966472386,0.361533522605896,0.20987865328788757,0.03279966861009598,13.047331809997559,-67.79312133789062,92.96041870117188,16.63806915283203,16.328739166259766,0.6013356738452444,17.975541405064764,0.06500598043203354,1.2016260623931885,0.0,0.0,-1.5703414678573608,-1.5521923303604126,0.2079741507768631,0.21178315579891205,0.0003,93.80354309082031
hamilton_ppo,3,320,128000,-0.0011311167545507484,65.63119480133057,0.29488152533769607,0.004596145823597908,0.029525000159628688,0.5377621650695801,0.2076035588979721,0.010503235273063183,8.191227912902832,-55.98494338989258,48.16187286376953,15.785517692565918,12.048036575317383,0.6051906984536445,8.11736623076522,0.11279964447021484,0.5641200542449951,0.0,0.0,-1.5758615732192993,-1.5684022903442383,0.20682929456233978,0.20837783813476562,0.0003,32.273929595947266
hamilton_ppo,3,330,132000,-0.0019483972753616397,75.98206085205078,0.3029781448841095,0.00478586507961154,0.026374999936670064,0.4749768376350403,0.20815116167068481,0.4107193052768707,8.809975624084473,-50.085758209228516,43.61505889892578,17.132495880126953,12.158653259277344,0.6025009304303643,8.37507578952478,0.11973639577627182,0.8747668862342834,0.0,0.0,-1.5658245086669922,-1.57317054271698,0.20891568064689636,0.20738661289215088,0.0003,36.04102325439453
hamilton_ppo,3,340,136000,-0.0018567573300766504,62.19622200012207,0.30070044964551923,0.004649943672120571,0.029000000138767065,0.5722451210021973,0.20799237489700317,-0.9880494475364685,8.014982223510742,-65.49504852294922,53.58728790283203,14.990372657775879,12.254767417907715,0.6194339816298376,9.558982702200193,0.07776563614606857,0.8363861441612244,0.0,0.0,-1.5685679912567139,-1.5719425678253174,0.20834331214427948,0.20764142274856567,0.0003,21.7844295501709
hamilton_ppo,3,350,140000,-0.001831429549503083,78.25092197418213,0.30254468977451326,0.002367255510762334,0.011549999970011413,0.5388352870941162,0.20774592459201813,0.5781170725822449,8.894004821777344,-57.13492202758789,70.06425476074219,15.686905860900879,13.096924781799316,0.5796511611050349,9.51514669204597,0.08805745840072632,0.9793180227279663,0.0,0.0,-1.5693957805633545,-1.5734872817993164,0.20817092061042786,0.2073209434747696,0.0003,47.23778533935547
hamilton_ppo,3,360,144000,-0.0016487702766775337,95.02295585632324,0.31070230931043624,0.00595667352899909,0.025300000053830443,0.54261714220047,0.20670747756958008,0.12927734851837158,9.785226821899414,-42.7188606262207,53.52685546875,14.411754608154297,14.468748092651367,0.5586940421357542,10.635904616073228,0.09927450865507126,0.44180524349212646,0.0,0.0,-1.5697145462036133,-1.5832324028015137,0.20810459554195404,0.2053103744983673,0.0003,45.55927276611328
hamilton_ppo,3,370,148000,-0.0024043191156420105,51.941755294799805,0.3124797624349594,0.005282211117446423,0.03277499996591359,0.6273491978645325,0.20722928643226624,1.5669448375701904,7.248417854309082,-33.94074249267578,61.56200408935547,17.53160285949707,11.87386703491211,0.6174684483515115,9.593962329321219,0.11112726479768753,0.7925170063972473,0.0,0.0,-1.564484715461731,-1.58346426486969,0.20919577777385712,0.20526276528835297,0.0003,23.5916690826416
hamilton_ppo,3,380,152000,-0.0013475893084672864,72.56605457305908,0.31016896545886996,0.0031586973927915096,0.009974999935366213,0.5939614176750183,0.20731109380722046,0.0745091587305069,8.836793899536133,-105.48436737060547,42.11386489868164,18.099445343017578,13.867911338806152,0.5778227505272049,11.75488812735017,0.11124517768621445,1.2278412580490112,0.0,0.0,-1.563393473625183,-1.5837799310684204,0.2094241976737976,0.2051980048418045,0.0003,27.179729461669922
hamilton_ppo,3,390,156000,-0.001088967402161961,126.50109451293946,0.31154050916433335,0.00328396400436759,0.0066249999264255165,0.4907442331314087,0.20666000247001648,-2.237222194671631,11.363021850585938,-79.96492004394531,50.45526123046875,15.316295623779297,15.923035621643066,0.6065181084073632,21.359060224083006,0.07322865724563599,0.6315364241600037,0.0,0.0,-1.5658531188964844,-1.5876260995864868,0.20890972018241882,0.20441028475761414,0.0003,58.481712341308594
hamilton_ppo,3,400,160000,-0.0009799410166566336,59.113795585632325,0.31571073323488236,0.0032330602407455444,0.015499999965541064,0.7194111347198486,0.20653104782104492,-1.092522144317627,7.774300575256348,-62.07307434082031,26.633071899414062,14.001410484313965,14.676621437072754,0.542591156235701,9.912549828214567,0.0829467922449112,0.6580773591995239,0.0,0.00025,-1.5653858184814453,-1.5893670320510864,0.2090073525905609,0.20405471324920654,0.0003,27.666366577148438
hamilton_ppo,3,410,164000,-0.0025111294100715886,163.5506093597412,0.31469739228487015,0.004747277125716209,0.024374999911524354,0.4533619284629822,0.20708709955215454,-1.9538823366165161,12.8827543258667,-132.70901489257812,38.4225959777832,11.690750122070312,17.424436569213867,0.5516411282536903,18.011877966600522,0.13237440586090088,0.9543609023094177,0.0,0.0,-1.56315279006958,-1.5862118005752563,0.2094746083021164,0.2046995759010315,0.0003,68.88980102539062
hamilton_ppo,3,420,168000,-0.00035653257492896274,51.94834228515625,0.30815096795558927,0.002312381286174059,0.009674999895505607,0.7405937314033508,0.20773428678512573,1.166824221611023,7.221315860748291,-45.316165924072266,29.764415740966797,13.8793363571167,14.178362846374512,0.5809373714706159,10.190929093107346,0.09788460284471512,0.42699652910232544,0.0,0.0,-1.5545498132705688,-1.588733196258545,0.21128447353839874,0.20418410003185272,0.0003,23.350011825561523
hamilton_ppo,3,430,172000,-0.0013059199565759628,155.02195098876953,0.3078605979681015,0.0031140323262661695,0.019575000032782553,0.4175451993942261,0.20706340670585632,-0.1664523035287857,12.620521545410156,-88.68899536132812,72.27274322509766,12.3517427444458,16.536598205566406,0.6024533455677029,15.161430819771413,0.0753411203622818,0.9496080875396729,0.0,0.0,-1.556148648262024,-1.5936635732650757,0.2109469324350357,0.20317986607551575,0.0003,63.346885681152344
hamilton_ppo,3,440,176000,-0.0038159784122903063,84.87949527740479,0.32030499786138533,0.0037638999056071043,0.020324999946169556,0.5268963575363159,0.20515161752700806,1.0184063911437988,9.398102760314941,-37.54697036743164,79.04658508300781,14.868130683898926,13.663503646850586,0.5842406121336543,12.674131619926918,0.07960402965545654,0.885707676410675,0.0,0.0,-1.571106195449829,-1.597074270248413,0.20781517028808594,0.20248807966709137,0.0003,43.3408203125
hamilton_ppo,3,450,180000,-0.0007870353380742001,70.46385707855225,0.3290549403429031,0.0028496496379375458,0.009649999937973917,0.5773850083351135,0.20531702041625977,0.7288381457328796,8.47661304473877,-46.675052642822266,57.77158737182617,15.413924217224121,13.039168357849121,0.5564932857547228,8.556327608807127,0.09804080426692963,0.813688337802887,0.0,0.0,-1.5706090927124023,-1.5959516763687134,0.20791849493980408,0.20271553099155426,0.0003,35.51473617553711
hamilton_ppo,3,460,184000,-0.00146704310363857,96.74165046691894,0.33720348924398424,0.0035379030741751194,0.01087499995715916,0.415155291557312,0.20312678813934326,1.4237265586853027,9.978324890136719,-48.20068359375,73.55369567871094,16.340341567993164,13.047801971435547,0.5750147998587869,12.186223236257074,0.09287208318710327,0.9946116209030151,0.0,0.0,-1.5830965042114258,-1.6048718690872192,0.20533829927444458,0.20091527700424194,0.0003,44.1415901184082
hamilton_ppo,3,470,188000,-0.00124627395325696,88.2541136932373,0.35299455165863036,0.0033559862058609724,0.016950000007636846,0.4558868408203125,0.20271430909633636,0.3743753433227539,9.454129219055176,-52.4703483581543,63.460044860839844,16.624210357666016,12.816720962524414,0.5790470757621923,8.83792334191944,0.07685349881649017,0.7426125407218933,0.0,0.0,-1.590434193611145,-1.6015117168426514,0.2038370966911316,0.20159153640270233,0.0003,52.666351318359375
hamilton_ppo,3,480,192000,-0.002141737397007457,199.8665301513672,0.35719768434762955,0.001938750734552741,0.007674999958835542,0.22409486770629883,0.20197902619838715,1.608073353767395,14.403922080993652,-41.53437042236328,185.83843994140625,18.403682708740234,16.352209091186523,0.5803747577365,21.45348384134354,0.08178642392158508,1.1107839345932007,0.0,0.0,-1.5978771448135376,-1.6013085842132568,0.20232556760311127,0.20163248479366302,0.0003,103.31700134277344
hamilton_ppo,3,490,196000,-0.001126245947050848,53.96364471435547,0.3543503397703171,0.0033028689213097095,0.023299999926239254,0.5975319743156433,0.20341666042804718,0.5453730821609497,7.415675163269043,-40.49835205078125,46.76070785522461,17.751651763916016,11.689205169677734,0.6118494962249502,7.678926557063611,0.10965920984745026,0.958854615688324,0.0,0.0,-1.5930358171463013,-1.591962218284607,0.20330746471881866,0.2035258561372757,0.0003,22.940969467163086
hamilton_ppo,3,500,200000,-0.001513610981930107,94.24034568786621,0.3451587188243866,0.0038904964458197355,0.0211500000115484,0.44499510526657104,0.20385585725307465,-0.9876030087471008,9.76315975189209,-47.28827667236328,39.755611419677734,17.903226852416992,13.105149269104004,0.5785984672067974,10.081277300135877,0.1015038788318634,0.8208938241004944,0.0,0.0,-1.5893847942352295,-1.591300368309021,0.20405109226703644,0.20366060733795166,0.0003,34.30124282836914
hamilton_ppo,3,510,204000,-0.0010202749724976456,51.3979115486145,0.3485034066438675,0.005081324838101864,0.01687499992083758,0.5986262559890747,0.2022370547056198,0.49450188875198364,7.210857391357422,-40.42510986328125,84.65184783935547,17.852895736694336,11.38183879852295,0.6022934744892522,7.129408215137389,0.07804601639509201,0.6888702511787415,0.0,0.00025,-1.5988764762878418,-1.5977532863616943,0.2021234929561615,0.20235063135623932,0.0003,21.664152145385742
hamilton_ppo,3,520,208000,-0.002806293640844526,118.79507995605469,0.35597154647111895,0.004898318089544773,0.03445000014733523,0.39721494913101196,0.20289209485054016,-0.841944694519043,10.9866361618042,-85.49423217773438,46.513545989990234,17.47675132751465,14.15088176727295,0.6008389374409555,11.969189145173218,0.0818333700299263,0.7155171632766724,0.0,0.0,-1.5988965034484863,-1.5912799835205078,0.20211942493915558,0.20366473495960236,0.0003,53.90676498413086
hamilton_ppo,3,530,212000,-0.002848788897306076,59.921830368041995,0.3532567924261093,0.003599290968850255,0.03250000020954758,0.5813145637512207,0.20251381397247314,-0.07750976830720901,7.8013739585876465,-38.48014831542969,38.436729431152344,17.202356338500977,12.05666446685791,0.532706974902258,7.875617428842674,0.08506371825933456,0.5889434814453125,0.0,0.0,-1.594807744026184,-1.5990911722183228,0.20294755697250366,0.20208008587360382,0.0003,29.5936279296875
hamilton_ppo,3,540,216000,-0.0012739330832828343,76.22249069213868,0.35947780042886734,0.004250486847013235,0.018399999965913592,0.5111744403839111,0.2017524540424347,-1.7938827276229858,8.913763999938965,-84.01050567626953,31.717100143432617,15.885265350341797,12.749236106872559,0.562019143743751,13.466069294718988,0.09446310997009277,0.9557802081108093,0.0,0.0,-1.5995864868164062,-1.6018425226211548,0.20198000967502594,0.20152485370635986,0.0003,29.630380630493164
hamilton_ppo,3,550,220000,-0.0017010321830668528,85.39190998077393,0.36355657428503035,0.0067561110481619835,0.03327500012237579,0.4683132767677307,0.20164740085601807,0.22964602708816528,9.366657257080078,-37.17295455932617,46.89879608154297,15.807718276977539,12.84566879272461,0.543678096558773,10.054224123086096,0.1446838676929474,0.9620997905731201,0.0,0.0,-1.5991308689117432,-1.603342890739441,0.20207206904888153,0.2012227177619934,0.0003,41.12559509277344
hamilton_ppo,3,560,224000,-0.002310505177233062,44.23351547241211,0.3661344450712204,0.003881709650158882,0.03337499993853271,0.6766618490219116,0.20132213830947876,0.5590593218803406,6.795351982116699,-45.09406280517578,32.868221282958984,16.288410186767578,11.950427055358887,0.5469781685644571,8.880440510316244,0.09395558387041092,0.8321462869644165,0.0,0.0,-1.6013729572296143,-1.6043272018432617,0.20161950588226318,0.20102475583553314,0.0003,24.135272979736328
hamilton_ppo,3,570,228000,-0.0015453431966147057,51.12821598052979,0.3670151695609093,0.002843824913725257,0.01624999995343387,0.6242064833641052,0.2014276385307312,0.8363962173461914,7.288061141967773,-50.942684173583984,55.40296936035156,17.117464065551758,11.888782501220703,0.5866180759688225,7.863746997683276,0.1145695373415947,1.3879731893539429,0.0,0.0,-1.601811170578003,-1.6028392314910889,0.20153118669986725,0.20132409036159515,0.0003,38.765384674072266
hamilton_ppo,3,580,232000,-0.0014806983824468256,57.524677505493166,0.36496282190084456,0.004530598875135183,0.029150000009685754,0.649299144744873,0.20173677802085876,0.5086038112640381,7.68297004699707,-58.73957824707031,39.974449157714844,17.551183700561523,12.973607063293457,0.5243679080257202,8.801256285676475,0.1197005957365036,0.7729709148406982,0.0,0.0,-1.5973416566848755,-1.6042534112930298,0.20243392884731293,0.20103958249092102,0.0003,27.42354393005371
hamilton_ppo,3,590,236000,-0.0016484019197232547,71.7086536026001,0.36628627210855486,0.005038020201027393,0.024150000009685754,0.6388235092163086,0.20092740654945374,-0.5216066837310791,8.585979461669922,-54.344635009765625,37.875213623046875,17.789615631103516,14.286640167236328,0.5440454333161518,10.589940535693897,0.11102893203496933,0.8286615610122681,0.0,0.0,-1.60024094581604,-1.6094032526016235,0.2018478661775589,0.20000694692134857,0.0003,37.343223571777344
hamilton_ppo,3,600,240000,-0.003179588900181987,72.45897632598877,0.37198096334934233,0.0034165293909609318,0.018025000081397593,0.6457273364067078,0.20101606845855713,-1.4389173984527588,8.765872955322266,-82.88462829589844,38.16405487060547,15.82186222076416,14.727409362792969,0.5602299327215906,16.801742079504987,0.09118254482746124,1.087740182876587,0.0,0.0,-1.5972005128860474,-1.6115920543670654,0.20246252417564392,0.19956964254379272,0.0003,46.41457748413086
hamilton_ppo,3,610,244000,-0.002472118302972377,74.8387697982788,0.36739452689886093,0.0032450954895466566,0.02867499988526106,0.670132577419281,0.20176514983177185,-0.5852022171020508,8.750734329223633,-64.15084075927734,27.058618545532227,15.330326080322266,15.236133575439453,0.5841648797406603,11.660975199747016,0.08375327289104462,0.6483718156814575,0.0,0.0,-1.5930967330932617,-1.6082624197006226,0.20329508185386658,0.20023523271083832,0.0003,32.430030822753906
hamilton_ppo,3,620,248000,-0.002110107946784412,63.3447647857666,0.36175199747085574,0.004800884518772364,0.020275000017136335,0.7033708095550537,0.20180562138557434,-0.11632931977510452,8.045158386230469,-56.14738845825195,35.53144454956055,13.912569046020508,14.77160358428955,0.6286006391272817,9.14617318895778,0.10529465228319168,0.5043081641197205,0.0,0.0,-1.5841803550720215,-1.616989254951477,0.20511585474014282,0.19849541783332825,0.0003,35.968807220458984
hamilton_ppo,3,630,252000,-0.002818184287249097,150.92275993347167,0.36422064691781997,0.0045560370199382305,0.026525000110268593,0.41953784227371216,0.20158028602600098,-0.5715581774711609,12.373361587524414,-63.64926528930664,82.75825500488281,14.55728530883789,16.240550994873047,0.6155902596971663,14.829085407012064,0.07846660912036896,0.833527147769928,0.0,0.0,-1.5803102254867554,-1.623286485671997,0.20591121912002563,0.1972493827342987,0.0003,72.60919952392578
hamilton_ppo,3,640,256000,-0.0015202943726333594,71.06795791625977,0.363182877600193,0.002058507641777396,0.013375000040978193,0.5743924379348755,0.20213013887405396,0.7846559882164001,8.479633331298828,-44.124244689941406,56.30307388305664,15.497454643249512,12.997876167297363,0.5759536235620087,8.80759040480796,0.06713566184043884,0.718666136264801,0.0,0.0,-1.576005458831787,-1.6222155094146729,0.20679952204227448,0.19746072590351105,0.0003,35.18817901611328
hamilton_ppo,3,650,260000,-0.0029482629839316355,101.61653137207031,0.35695030421018603,0.0037536334712058306,0.03674999997485429,0.45485812425613403,0.20277202129364014,0.15791265666484833,10.157453536987305,-47.491458892822266,56.27983093261719,15.260499954223633,13.757200241088867,0.6009638794823043,10.302945591305946,0.10996242612600327,0.7404718399047852,0.0,0.0,-1.5710926055908203,-1.6208727359771729,0.20781800150871277,0.1977260559797287,0.0003,45.95110321044922
hamilton_ppo,3,660,264000,-0.003044750363278581,126.63377174377442,0.35214172065258026,0.004896778613328934,0.028550000065006315,0.3462878465652466,0.2030164897441864,-0.0652548223733902,11.492560386657715,-56.0351676940918,88.25753021240234,15.104804992675781,14.21423625946045,0.6278451864330006,15.054218262702772,0.09829939156770706,1.0651464462280273,0.0,0.0,-1.565270185470581,-1.6245441436767578,0.20903153717517853,0.19700144231319427,0.0003,57.57830047607422
hamilton_ppo,3,670,268000,-0.001383874284883495,86.96091632843017,0.3588834059238434,0.004645365756005049,0.015024999976158143,0.39199066162109375,0.20146991312503815,0.38827523589134216,9.406684875488281,-52.77956008911133,62.17906951904297,15.49340534210205,12.063726425170898,0.5829932545255098,8.601091434372893,0.07715129107236862,0.7044888138771057,0.0,0.0,-1.5764508247375488,-1.628455638885498,0.2067074477672577,0.1962323933839798,0.0003,43.31511688232422
hamilton_ppo,3,680,272000,-0.0012175998777529439,155.45481796264647,0.372735059261322,0.0028454861603677273,0.010949999978765845,0.2134631872177124,0.20012614130973816,0.8382125496864319,12.737518310546875,-58.96900939941406,75.53387451171875,16.971527099609375,14.362343788146973,0.6734156600450494,15.287893691056231,0.07924419641494751,1.216974139213562,0.0,0.0,-1.5820544958114624,-1.6362956762313843,0.2055523693561554,0.19469992816448212,0.0003,78.02816009521484
hamilton_ppo,3,690,276000,-0.0025902939814332095,101.26326553344727,0.38382560938596727,0.005360271316021681,0.03777499998454004,0.4008767008781433,0.1994822919368744,-1.9698790311813354,10.24998664855957,-75.31197357177734,35.318641662597656,15.153214454650879,13.242354393005371,0.592574866017914,12.118781842106356,0.13062745332717896,1.0061664581298828,0.0,0.0,-1.5875201225280762,-1.637155294418335,0.2044319361448288,0.19453264772891998,0.0003,50.139400482177734
hamilton_ppo,3,700,280000,-0.0007015126881364964,85.05938789367676,0.3957072961330414,0.004114367999136448,0.020900000017136336,0.46606963872909546,0.19761335849761963,-0.0045813447795808315,9.26043701171875,-42.39434051513672,70.81034088134766,15.559056282043457,12.673284530639648,0.6328847540917909,8.47866489402525,0.08536571264266968,0.42481115460395813,0.0,0.0,-1.6069356203079224,-1.6361638307571411,0.20050109922885895,0.1947256177663803,0.0003,42.62855529785156
hamilton_ppo,3,710,284000,-0.0017730663200236484,86.54225395202637,0.40892879575490954,0.0019361538579687476,0.014149999930523335,0.3902130722999573,0.1969219148159027,2.113863706588745,9.336764335632324,-51.842201232910156,49.67798614501953,18.31312370300293,11.956589698791504,0.6264725952872056,13.851732091050911,0.0709458515048027,0.7413692474365234,0.0,0.0,-1.6116174459457397,-1.6384586095809937,0.19956456124782562,0.1942792683839798,0.0003,33.89423751831055
hamilton_ppo,3,720,288000,-0.001811580828461956,37.129824790954586,0.4158042451739311,0.00383519334718585,0.0319749999884516,0.6360443830490112,0.1962227076292038,0.7442964911460876,6.13418436050415,-32.180843353271484,25.111434936523438,17.44526481628418,10.16793155670166,0.5840446367597809,6.392263871976465,0.12178147584199905,0.63811856508255,0.0,0.0,-1.6050158739089966,-1.6525591611862183,0.20088636875152588,0.19155903160572052,0.0003,18.982799530029297
hamilton_ppo,3,730,292000,-0.0012406889673642586,40.746069316864016,0.428415045440197,0.0038213529624044895,0.011324999993667007,0.5845674276351929,0.19467848539352417,0.5850157141685486,6.5770063400268555,-63.130985260009766,26.4764347076416,18.495073318481445,10.204176902770996,0.6105484482144967,8.289020539255734,0.11035235971212387,0.9545605778694153,0.0,0.0,-1.6024765968322754,-1.6715269088745117,0.2013971209526062,0.18795984983444214,0.0003,18.716907501220703
hamilton_ppo,3,740,296000,-0.0015160011999993017,104.75575889587402,0.43349433451890945,0.0030135870911180973,0.0199250000808388,0.4449283480644226,0.19549894332885742,-2.0476207733154297,10.421014785766602,-85.64151000976562,32.92024230957031,16.59382438659668,13.987351417541504,0.656919723989597,15.674657989910763,0.0631515234708786,0.9352292418479919,0.0,0.0,-1.5947747230529785,-1.671081304550171,0.2029542326927185,0.18804360926151276,0.0003,44.9312744140625
hamilton_ppo,3,750,300000,-0.002594432050393518,60.934039726257325,0.43048350512981415,0.0032838545739650726,0.01787499993108213,0.596205472946167,0.19457313418388367,2.0286471843719482,7.987406253814697,-29.708845138549805,56.642208099365234,18.614625930786133,12.569719314575195,0.6665477962801495,17.17772246390681,0.08584444224834442,0.8633053302764893,0.0,0.0,-1.597998857498169,-1.6774741411209106,0.20230095088481903,0.1868453323841095,0.0003,29.932008743286133
hamilton_ppo,3,760,304000,-0.0007921730954698347,117.80124778747559,0.4442080220580101,0.004839778877794743,0.02894999991171062,0.32884007692337036,0.1931835412979126,0.9556906819343567,10.970433235168457,-59.0077018737793,69.26048278808594,20.0881404876709,13.39093017578125,0.665812018664498,12.771113297034203,0.06905152648687363,0.7535672187805176,0.0,0.0,-1.6025463342666626,-1.687485933303833,0.2013830691576004,0.1849839985370636,0.0003,72.09900665283203
hamilton_ppo,3,770,308000,-0.0014382454213919082,110.62572883605957,0.45696013152599335,0.002837546169757843,0.023125000037252902,0.41448187828063965,0.19241425395011902,-0.5498203039169312,10.526618957519531,-64.10111999511719,61.6026611328125,18.475738525390625,13.756841659545898,0.6730204434289594,10.620314438977259,0.07976756989955902,0.42037707567214966,0.0,0.0,-1.6045266389846802,-1.6936684846878052,0.2009846717119217,0.18384386599063873,0.0003,50.140445709228516
hamilton_ppo,3,780,312000,-0.001865313381403011,95.58231986999512,0.4561540016531944,0.0037369136698544025,0.02872500002384186,0.43334585428237915,0.19323277473449707,0.4409170150756836,9.794554710388184,-94.5566635131836,43.51906967163086,19.600770950317383,13.01144790649414,0.6967893656759895,9.750967933868377,0.07036465406417847,0.4762246906757355,0.0,0.0,-1.605324625968933,-1.6839395761489868,0.20082435011863708,0.18564118444919586,0.0003,42.13899612426758
hamilton_ppo,3,790,316000,-0.002082337720006033,114.79776115417481,0.44932923078536985,0.003296795766800642,0.02647500014398247,0.374830961227417,0.19355487823486328,-0.418745219707489,10.78939437866211,-67.11460876464844,59.92962646484375,19.428590774536133,13.645779609680176,0.6277577536673207,10.50776805099649,0.11026608943939209,0.6664418578147888,0.0,0.0,-1.599853515625,-1.686407208442688,0.2019260972738266,0.18518364429473877,0.0003,57.329490661621094
hamilton_ppo,3,800,320000,-0.0015430004175141221,72.07295124053955,0.4504323422908783,0.004051658790558577,0.023200000049546362,0.5478318929672241,0.19298997521400452,-1.5564985275268555,8.585105895996094,-60.23622131347656,30.586000442504883,17.020238876342773,12.767200469970703,0.6529887255561865,11.711792818586062,0.07834933698177338,0.6870259642601013,0.0,0.0,-1.6055803298950195,-1.6862813234329224,0.20077300071716309,0.18520696461200714,0.0003,37.79409408569336
hamilton_ppo,3,810,324000,-0.001551666244979426,142.99248565673827,0.4511983969807625,0.004661385901272297,0.017549999975599348,0.3947131037712097,0.1936781108379364,-2.2972757816314697,11.957571983337402,-78.52983093261719,68.34648132324219,14.791898727416992,15.369593620300293,0.659256545313261,17.59673515569453,0.09767532348632812,0.5767166614532471,0.0,0.0,-1.602094054222107,-1.6826430559158325,0.2014741748571396,0.18588203191757202,0.0003,70.56488800048828
hamilton_ppo,3,820,328000,-0.00209993671211123,94.48840950012207,0.44739710122346876,0.003986157011240721,0.025674999943003058,0.45693254470825195,0.19340278208255768,-0.33399248123168945,9.815589904785156,-42.706947326660156,53.15409469604492,14.32141399383545,13.319549560546875,0.6623747339609074,11.24289344428931,0.08698371052742004,0.7193302512168884,0.0,0.0,-1.60027277469635,-1.6875934600830078,0.20184145867824554,0.184964120388031,0.0003,51.023624420166016
hamilton_ppo,3,830,332000,-0.0007729803414562419,117.96065948486329,0.45427824527025223,0.0028439504094421864,0.004649999956600368,0.2640591263771057,0.19221392273902893,1.9365099668502808,11.140512466430664,-43.26184844970703,103.10873413085938,16.061100006103516,12.986248970031738,0.6269483502043677,17.986925581277106,0.0688747689127922,0.9864470362663269,0.0,0.0,-1.608896255493164,-1.6910847425460815,0.2001083642244339,0.18431946635246277,0.0003,77.08550262451172
hamilton_ppo,3,840,336000,-0.0026526400673319594,92.01269195556641,0.4632482734322548,0.0028218799270689487,0.024749999986961483,0.359317421913147,0.19216540455818176,-0.6927947998046875,9.802618980407715,-59.63626480102539,54.67839431762695,15.064667701721191,12.246745109558105,0.5807943839124868,13.241634390961533,0.08140482753515244,1.0399211645126343,0.0,0.0,-1.6103895902633667,-1.68999183177948,0.19980975985527039,0.18452101945877075,0.0003,35.05351257324219
hamilton_ppo,3,850,340000,-0.0017531701277563095,99.3217338180542,0.4629078033566475,0.004846584517508745,0.0342999999737367,0.3469506502151489,0.19208750128746033,-0.1221085786819458,10.067930221557617,-69.8115234375,63.47811508178711,14.730257987976074,12.458541870117188,0.7603019325514768,10.5402967748941,0.07376809418201447,0.8384589552879333,0.0,0.00025,-1.6085214614868164,-1.6928651332855225,0.20018336176872253,0.18399159610271454,0.0003,39.21538162231445
hamilton_ppo,3,860,344000,-0.0012180396474039301,155.48514709472656,0.4706531730294228,0.005345779005438089,0.029900000002235173,0.2565527558326721,0.19053518772125244,0.4387547969818115,12.54077434539795,-77.45890045166016,60.11145782470703,15.481768608093262,14.544516563415527,0.6797364996071381,11.071629353500294,0.1011902466416359,0.7912048697471619,0.0,0.0,-1.6116812229156494,-1.7063974142074585,0.19955183565616608,0.1815185546875,0.0003,77.332275390625
hamilton_ppo,3,870,348000,-0.003635772720443129,52.05377239227295,0.48848228037357333,0.004442778881639242,0.04197500007692725,0.48863136768341064,0.1887788474559784,0.2707442343235016,7.330582141876221,-31.39720344543457,50.626670837402344,16.62384605407715,10.25112247467041,0.6904599322430945,6.916553356647816,0.07327184826135635,1.0486276149749756,0.0,0.0,-1.6210062503814697,-1.7155874967575073,0.1976996511220932,0.1798580288887024,0.0003,21.394012451171875
hamilton_ppo,3,880,352000,-0.002480907506404044,119.27802963256836,0.4988213324546814,0.003427952527999878,0.03075000009033829,0.3886411190032959,0.18904796242713928,-1.3351788520812988,11.095602989196777,-73.99402618408203,50.24258804321289,14.701277732849121,14.190667152404785,0.7097530713403137,15.1664982910369,0.07293050736188889,0.824711799621582,0.0,0.0,-1.6229749917984009,-1.7104461193084717,0.19731082022190094,0.18078511953353882,0.0003,77.83680725097656
hamilton_ppo,3,890,356000,-0.0025276984904805387,125.75141403198242,0.49479826003313065,0.004466756246984005,0.025150000099092722,0.43976837396621704,0.1891893744468689,1.072731614112854,11.377866744995117,-41.237403869628906,72.35888671875,14.863430976867676,15.201170921325684,0.7190894220997016,15.565979129576474,0.09260979294776917,1.066499948501587,0.0,0.0,-1.6204211711883545,-1.711673378944397,0.19781535863876343,0.18056337535381317,0.0003,59.35868453979492
hamilton_ppo,3,900,360000,-0.0013388870596252689,84.65545875549316,0.49472946017980574,0.0038967090658843517,0.01877499997150153,0.5887966156005859,0.18901628255844116,0.3509657084941864,9.411539077758789,-50.53273010253906,53.13874053955078,15.833273887634277,14.676831245422363,0.6435563640946778,12.910318041827638,0.09610289335250854,0.8748459815979004,0.0,0.0,-1.6189379692077637,-1.7152231931686401,0.198108971118927,0.17992356419563293,0.0003,47.460655212402344
hamilton_ppo,3,910,364000,-0.0009561953446982407,76.6179252243042,0.49871267914772033,0.004575937520712614,0.0344000002136454,0.5993200540542603,0.1884441077709198,0.7464392185211182,8.820021629333496,-53.55472946166992,58.265296936035156,16.494338989257812,13.933841705322266,0.6824575219257709,11.824322740824059,0.06135544553399086,0.5297415256500244,0.0,0.0,-1.6250643730163574,-1.7148584127426147,0.19689901173114777,0.17998920381069183,0.0003,33.90077209472656
hamilton_ppo,3,920,368000,-0.0017374470290469634,143.42335494995118,0.5006152775883674,0.003967538941651583,0.0333250001212582,0.4520180821418762,0.18866892158985138,0.11503710597753525,12.100364685058594,-57.085418701171875,68.36792755126953,16.24195098876953,16.34614372253418,0.7541350388366794,15.53039375583223,0.07622828334569931,0.8931158185005188,0.0,0.0,-1.6285686492919922,-1.708553433418274,0.19621022045612335,0.1811276078224182,0.0003,57.000213623046875
hamilton_ppo,3,930,372000,-0.00261375492889929,120.29050392150879,0.4976025459170341,0.0041169472970068455,0.02235000003594905,0.5109679698944092,0.1888032853603363,-2.2661478519439697,11.180347442626953,-45.25398635864258,52.10508728027344,14.603612899780273,15.987724304199219,0.7030897125084113,22.48678196150292,0.08609722554683685,1.008692741394043,0.0,0.00025,-1.6302838325500488,-1.705219030380249,0.19587396085262299,0.18173256516456604,0.0003,61.91608810424805
hamilton_ppo,3,940,376000,-0.002840166335849794,123.40254024505616,0.5047220352292061,0.0032263449393212795,0.029449999979697168,0.4609246253967285,0.1873413324356079,0.2262917459011078,11.181018829345703,-66.89707946777344,77.45217895507812,14.12832260131836,15.228483200073242,0.6960028221092717,13.45526579881357,0.10169531404972076,0.690882682800293,0.0,0.0,-1.6349928379058838,-1.7163056135177612,0.1949537694454193,0.1797289103269577,0.0003,58.78399658203125
hamilton_ppo,3,950,380000,-0.0021951004558643026,90.17921897888183,0.5182195043563843,0.004753526765853167,0.028374999952502547,0.4828847646713257,0.1862908899784088,-0.3344692885875702,9.591865539550781,-43.75824737548828,53.16313171386719,15.96852970123291,13.338573455810547,0.6457106407773194,11.326576787478295,0.08479183912277222,0.7373659610748291,0.0,0.0,-1.6412687301635742,-1.721220850944519,0.1937340795993805,0.17884767055511475,0.0003,40.20586013793945
hamilton_ppo,3,960,384000,-0.0012551661955141746,97.40415195465089,0.5330471366643905,0.001546235871501267,0.00427499994635582,0.40220504999160767,0.18459808826446533,0.1155380830168724,10.23259162902832,-59.81315231323242,83.27345275878906,15.645516395568848,13.2345609664917,0.6574834793111726,16.83989499884242,0.07134256511926651,1.0884568691253662,0.0,0.00025,-1.6493260860443115,-1.7315106391906738,0.1921793818473816,0.17701679468154907,0.0003,47.55254364013672
hamilton_ppo,3,970,388000,-0.0015078262825567901,80.10960334777832,0.5400671809911728,0.002929896581918001,0.02312500005122274,0.501952052116394,0.1850697100162506,1.1426401138305664,8.991922378540039,-54.76496887207031,71.41029357910156,16.246204376220703,12.74139404296875,0.6900039242941101,10.19558145501034,0.07978105545043945,0.6149234771728516,0.0,0.0,-1.6565648317337036,-1.7184375524520874,0.1907932460308075,0.17934614419937134,0.0003,43.08375549316406
hamilton_ppo,3,980,392000,-0.0011922562011253746,48.6770320892334,0.54315678358078,0.004355124197900295,0.027300000078976153,0.6625204086303711,0.18405088782310486,0.5814839005470276,7.082078456878662,-41.12456512451172,46.25905990600586,16.929672241210938,12.190934181213379,0.6860761268234828,8.199957281345002,0.11891550570726395,0.7664884924888611,0.0,0.0,-1.660866141319275,-1.725256323814392,0.1899743676185608,0.17812736332416534,0.0003,21.999258041381836
hamilton_ppo,3,990,396000,-0.0009758868129113551,98.65943664550781,0.5506927162408829,0.0019288528710603714,0.007349999975413084,0.3903980255126953,0.183498352766037,2.4338114261627197,10.161832809448242,-54.89999771118164,76.41287994384766,18.789840698242188,13.015140533447266,0.7092568905488704,19.34901798540717,0.08073389530181885,0.9985952377319336,0.000125,0.00025,-1.6613082885742188,-1.7310049533843994,0.18989038467407227,0.1771063357591629,0.0003,59.101863861083984
hamilton_ppo,3,1000,400000,-0.002095590039611124,124.37268867492676,0.5553548145294189,0.0020224065519869328,0.01307499997317791,0.4084605574607849,0.18331210315227509,-0.8809539675712585,11.425956726074219,-126.16458129882812,60.97669219970703,18.176973342895508,14.85595989227295,0.6185845557520553,17.59178970004618,0.07188743352890015,1.0370402336120605,0.0,0.0,-1.664167881011963,-1.7300471067428589,0.18934814631938934,0.17727604508399963,0.0003,45.65596389770508
hamilton_ppo,3,1010,404000,-0.0015774587417021401,131.82304977416993,0.5547968226671219,0.003895566565915942,0.018275000117719174,0.47231900691986084,0.1833779215812683,-2.284637689590454,11.505736351013184,-74.54316711425781,57.6883659362793,15.810229301452637,15.839034080505371,0.7687658659246505,16.14375531032952,0.10796498507261276,1.1488213539123535,0.0,0.0,-1.6673946380615234,-1.725872278213501,0.188738152384758,0.17801769077777863,0.0003,55.58675765991211
hamilton_ppo,3,1020,408000,-0.0003120996696254208,47.10898048400879,0.5518351829051972,0.0027253753505647182,0.024574999967589974,0.6839488744735718,0.18404175341129303,-0.2165195643901825,7.0070414543151855,-48.12984848022461,60.9552001953125,16.06197738647461,12.463958740234375,0.7666574914086354,8.448372184919526,0.10306048393249512,0.8913573622703552,0.0,0.0,-1.668043851852417,-1.7177592515945435,0.18861564993858337,0.1794678419828415,0.0003,20.277679443359375
hamilton_ppo,3,1030,412000,-0.001551818985176574,160.08796531677245,0.5503275102376938,0.0030826155561953783,0.015099999965168536,0.36350589990615845,0.18346646428108215,1.0806313753128052,12.774739265441895,-53.981666564941406,84.36905670166016,17.289836883544922,16.01234245300293,0.7013292787257227,15.38762168052439,0.09450715780258179,0.8392003774642944,0.000125,0.00025,-1.6713647842407227,-1.7206902503967285,0.18799032270908356,0.17894257605075836,0.0003,68.68766021728516
hamilton_ppo,3,1040,416000,-0.0031995633692829873,40.49050867080688,0.5533220028877258,0.005344768986105919,0.05100000000093132,0.7242971658706665,0.18370655179023743,0.04383954033255577,6.437656879425049,-34.464263916015625,43.89556884765625,16.251747131347656,12.260472297668457,0.6908673293019636,6.85026641284442,0.09225647896528244,0.8175430297851562,0.0,0.0,-1.6714792251586914,-1.7178905010223389,0.18796882033348083,0.17944426834583282,0.0003,24.650163650512695
hamilton_ppo,3,1050,420000,-0.002071748187378395,128.50734664916993,0.5479473614692688,0.003994938917458057,0.03127499991562217,0.39067506790161133,0.1842854768037796,0.2017209529876709,11.472465515136719,-88.80098724365234,45.197662353515625,17.728914260864258,14.697121620178223,0.767547316497286,14.609114001638721,0.0985572561621666,0.8229529857635498,0.0,0.0,-1.6715754270553589,-1.711358666419983,0.1879507154226303,0.1806202232837677,0.0003,66.05369567871094
hamilton_ppo,3,1060,424000,-0.0022834817417140573,53.29090717315674,0.5472473299503327,0.005367981269955635,0.04060000005643815,0.6474437713623047,0.18366530537605286,-0.3163985013961792,7.363965034484863,-39.73332977294922,50.21073532104492,16.492097854614258,12.402164459228516,0.6688404421322879,7.671967552720513,0.1228938028216362,0.6163475513458252,0.0,0.0,-1.6803747415542603,-1.7091120481491089,0.18630415201187134,0.18102645874023438,0.0003,27.267356872558594
hamilton_ppo,3,1070,428000,-0.00023053345961034034,142.71326309204102,0.5543143367767334,0.00238892063498497,0.006700000027194619,0.41272956132888794,0.18310856819152832,-0.7762387990951538,12.104087829589844,-89.33323669433594,128.85340881347656,16.617849349975586,15.794758796691895,0.7170856086708663,15.482150294746297,0.04722917079925537,0.7995455861091614,0.0,0.0,-1.6804298162460327,-1.7152248620986938,0.18629388511180878,0.17992325127124786,0.0003,47.88479995727539
hamilton_ppo,3,1080,432000,-0.00034801860730512943,53.799054260253904,0.5610678905248642,0.0018212704453617334,0.013450000118464232,0.674910306930542,0.18265661597251892,-0.1940307319164276,7.46152925491333,-48.93362808227539,40.63412857055664,16.31898307800293,13.086583137512207,0.7155369323482639,8.764435042206415,0.07574915140867233,1.1412990093231201,0.0,0.0,-1.6850506067276,-1.7154754400253296,0.18543504178524017,0.17987819015979767,0.0003,22.034435272216797
hamilton_ppo,3,1090,436000,-0.0010555700904500576,85.5279993057251,0.5645223933458329,0.0030999856535345316,0.023525000009685756,0.560829758644104,0.1825738549232483,0.49601471424102783,9.356513023376465,-72.63890838623047,53.56730270385742,17.179336547851562,14.118793487548828,0.8418637877339183,10.750402714433658,0.09133398532867432,1.1661266088485718,0.0,0.00025,-1.6790839433670044,-1.7225902080535889,0.1865447759628296,0.1786029189825058,0.0003,53.653778076171875
hamilton_ppo,3,1100,440000,-0.00278501452007331,117.3750863647461,0.5627646964788436,0.005455235950648785,0.04662500017788261,0.43099868297576904,0.1824779212474823,1.7874099016189575,11.023967742919922,-34.01913833618164,110.32685852050781,17.020174026489258,14.614410400390625,0.6623975699215525,13.263319136751187,0.07451584935188293,1.7877360582351685,0.0,0.0,-1.68007230758667,-1.7226327657699585,0.18636049330234528,0.17859531939029694,0.0003,73.94334411621094
hamilton_ppo,3,1110,444000,-0.0020685925692327167,104.43356773376465,0.5666986346244812,0.004459523595869541,0.02964999994263053,0.5090351700782776,0.18210437893867493,0.1782263219356537,10.254095077514648,-81.16620635986328,56.815223693847656,18.557300567626953,14.634306907653809,0.7669840408032139,11.26701422373312,0.07431399077177048,0.6718084812164307,0.0,0.0,-1.6804245710372925,-1.7264556884765625,0.18629486858844757,0.1779138743877411,0.0003,47.961936950683594
hamilton_ppo,3,1120,448000,-0.002561490814508579,127.96880279541016,0.5688238674402237,0.005125416908413172,0.02892500001937151,0.5265796184539795,0.18227043747901917,-0.43219122290611267,11.585139274597168,-59.5950927734375,60.599002838134766,18.357444763183594,16.837507247924805,0.7130416098988382,16.62178278301763,0.10396856814622879,0.9207788109779358,0.000125,0.00025,-1.673034906387329,-1.7323728799819946,0.18767660856246948,0.17686422169208527,0.0003,71.94068908691406
hamilton_ppo,3,1130,452000,-0.0030099203048368508,145.79522850036622,0.5715803951025009,0.003425849135965109,0.027575000054202974,0.4911845326423645,0.18134081363677979,-0.600064218044281,12.152405738830566,-64.76071166992188,63.31618881225586,18.213031768798828,17.03656768798828,0.7992475777698514,15.99606091614288,0.08726635575294495,1.2552975416183472,0.0,0.0,-1.6810616254806519,-1.7344037294387817,0.18617621064186096,0.1765054166316986,0.0003,76.97666931152344
hamilton_ppo,3,1140,456000,-0.0005807684437459138,135.79759956359862,0.5781366395950317,0.00302115804515779,0.02579999998677522,0.45497560501098633,0.18144561350345612,-0.004455077927559614,11.728748321533203,-51.61408996582031,90.80802917480469,17.772830963134766,15.887066841125488,0.7621361144605179,13.668420635028601,0.07270020991563797,0.7648330926895142,0.0,0.0,-1.6824264526367188,-1.7317811250686646,0.1859222799539566,0.17696891725063324,0.0003,66.87317657470703
hamilton_ppo,3,1150,460000,-0.0018128956035041454,150.4994689941406,0.5785448867082595,0.003867428284138441,0.024925000006332992,0.4312250018119812,0.18084987998008728,2.317293643951416,12.45307445526123,-40.5661506652832,133.07611083984375,19.810121536254883,16.512252807617188,0.7943967022161468,24.33001571844357,0.04998306930065155,0.9460581541061401,0.0,0.0,-1.6856821775436401,-1.7351043224334717,0.1853179633617401,0.17638181149959564,0.0003,76.44699096679688
hamilton_ppo,3,1160,464000,-0.0004116885206563925,139.8283698272705,0.5824784415960312,0.003732322482392192,0.014074999955482781,0.5074076652526855,0.18087530136108398,-0.9418604373931885,11.89067268371582,-69.90443420410156,57.69709777832031,18.199058532714844,16.941919326782227,0.7315501289710634,14.287668240762189,0.06890071928501129,0.6152716279029846,0.0,0.0,-1.6876786947250366,-1.7327234745025635,0.18494835495948792,0.17680223286151886,0.0003,77.2284927368164
hamilton_ppo,3,1170,468000,-0.001661455433064839,69.03890125274658,0.5889701664447784,0.0031403019092977047,0.03315000008326024,0.6911849975585938,0.17954491078853607,1.3673710823059082,8.366621971130371,-40.78688049316406,73.3896255493164,18.792695999145508,15.05569839477539,0.7558184427837701,12.553645731116399,0.0785490870475769,0.7815421223640442,0.0,0.0,-1.6961666345596313,-1.7389507293701172,0.18338514864444733,0.17570467293262482,0.0003,28.467309951782227
hamilton_ppo,3,1180,472000,-0.0009474515606649226,176.7027146911621,0.5983133322000503,0.0057369414716959,0.03339999996125698,0.3998318314552307,0.17906297743320465,-1.0254569053649902,13.34543228149414,-98.35741424560547,53.904212951660156,21.067293167114258,17.226465225219727,0.806256591525362,16.620327460262036,0.08786845207214355,0.5348371267318726,0.0,0.0,-1.6978352069854736,-1.7427034378051758,0.18307940661907196,0.17504653334617615,0.0003,96.96728515625
hamilton_ppo,3,1190,476000,-0.001226497104723241,98.73974800109863,0.6009928292036056,0.0035312671680003405,0.028674999978393317,0.5735535621643066,0.17941519618034363,0.362185537815094,9.989912986755371,-62.42494201660156,57.21980285644531,18.94295310974121,15.29781723022461,0.7622874773772437,11.760151636888523,0.08544578403234482,0.5485216379165649,0.0,0.0,-1.698807716369629,-1.7376751899719238,0.18290145695209503,0.17592893540859222,0.0003,44.499595642089844
hamilton_ppo,3,1200,480000,-0.0008152079623687313,185.232237701416,0.5978107136487961,0.003619749564677477,0.03387500003445894,0.36487090587615967,0.17936107516288757,-0.87347412109375,13.787810325622559,-110.92062377929688,68.58866882324219,20.514455795288086,17.300724029541016,0.8208656237187933,17.149692915791093,0.0756075382232666,1.1511207818984985,0.000125,0.00025,-1.696023941040039,-1.7411948442459106,0.18341131508350372,0.17531082034111023,0.0003,87.52483367919922
hamilton_ppo,3,1210,484000,-0.0021260395231220207,131.85559425354003,0.6028455120325088,0.0032820324413478374,0.0414499999769032,0.5135382413864136,0.17862042784690857,0.11365301162004471,11.738479614257812,-64.9593734741211,55.225276947021484,20.181804656982422,16.83013153076172,0.8491915546664139,15.757642394584295,0.06453312933444977,0.9581224322319031,0.0,0.0,-1.7027578353881836,-1.742624044418335,0.18218038976192474,0.17506043612957,0.0003,62.62057876586914
hamilton_ppo,3,1220,488000,-0.0014364092490295644,241.1613442993164,0.6097631829977036,0.004498486407101154,0.015874999999068676,0.365484356880188,0.17813080549240112,-0.041633300483226776,15.550028800964355,-90.62594604492188,71.29576110839844,21.76907730102539,19.521358489990234,0.8116375597181275,22.34127724638285,0.09021531045436859,0.510495126247406,0.000125,0.0005,-1.7086269855499268,-1.7421278953552246,0.1811142861843109,0.17514730989933014,0.0003,137.98170471191406
hamilton_ppo,3,1230,492000,0.0003338774429474167,183.7071563720703,0.6154166448116303,0.001986062154173851,0.005524999988265336,0.4819287657737732,0.17772406339645386,-0.2605490982532501,13.621356010437012,-70.9045181274414,93.11664581298828,20.611312866210938,18.924551010131836,0.8521324532521526,20.03247434459535,0.04800807312130928,0.5952552556991577,0.0,0.001,-1.7141395807266235,-1.7410881519317627,0.1801186203956604,0.1753295212984085,0.0003,95.09809875488281
hamilton_ppo,3,1240,496000,-0.00115984180965242,473.3305975341797,0.6224659335613251,0.0023228605277836323,0.008599999980069696,0.3461259603500366,0.1768169105052948,-0.07564770430326462,21.97702407836914,-143.9517059326172,145.58465576171875,22.023080825805664,27.17827033996582,0.8436116031698687,38.90071438954185,0.055470798164606094,1.0505062341690063,0.000125,0.00025,-1.7212902307510376,-1.7441210746765137,0.17883524298667908,0.17479856312274933,0.0003,266.91473388671875
hamilton_ppo,3,1250,500000,-0.0005512107033419155,121.92189224243164,0.6278964775800705,0.0027514721732586622,0.025499999881722035,0.6497034430503845,0.17671912908554077,0.3951430320739746,11.143901824951172,-61.74686813354492,65.07801818847656,18.66881561279297,18.828657150268555,0.8069778327092042,18.239370258339246,0.062397200614213943,0.5703430771827698,0.0,0.00025,-1.7261273860931396,-1.7403101921081543,0.17797228693962097,0.17546597123146057,0.0003,70.5054702758789
hamilton_ppo,3,1260,504000,-0.0007693916184102179,214.58231826782227,0.6266823613643646,0.0033775418996810913,0.030649999808520078,0.5104541778564453,0.17708155512809753,-0.129656121134758,14.885887145996094,-126.10551452636719,76.66810607910156,22.000473022460938,21.275413513183594,0.7762651422519898,30.276039226989823,0.04800615832209587,0.8718071579933167,0.0,0.0,-1.726486086845398,-1.7358254194259644,0.17790845036506653,0.17625465989112854,0.0003,134.8818359375
hamilton_ppo,3,1270,508000,-0.0008924795289902221,268.7609338378906,0.6247553759813309,0.002727971877902746,0.012000000071711838,0.4328914284706116,0.17679989337921143,-4.064485549926758,16.515714645385742,-71.27867889404297,148.07501220703125,17.047992706298828,21.931293487548828,0.7790282777047222,48.93945160461908,0.04905843362212181,0.6359118223190308,0.000125,0.00025,-1.7299673557281494,-1.7355139255523682,0.1772901862859726,0.17630957067012787,0.0003,127.09368896484375
hamilton_ppo,3,1280,512000,-0.001420783291154657,137.14646072387694,0.6281392401456833,0.004717257339507341,0.03905000014230609,0.4983235001564026,0.17672228813171387,-0.5035511255264282,12.04361629486084,-79.04866027832031,90.92132568359375,15.628215789794922,17.003761291503906,0.8407060200229368,22.01611970744885,0.07683751732110977,0.906656801700592,0.000125,0.0005,-1.7335877418518066,-1.7327640056610107,0.17664949595928192,0.17679506540298462,0.0003,80.80583953857422
hamilton_ppo,3,1290,516000,-0.0006522737842271464,240.952371673584,0.62930657684803,0.002224704483523965,0.01980000000447035,0.4141393303871155,0.1765872687101364,0.19578450918197632,15.647878646850586,-107.51870727539062,74.31800079345703,16.372318267822266,20.443641662597656,0.7951221865555067,23.443903182294648,0.050601523369550705,0.9189054369926453,0.000125,0.0005,-1.7327244281768799,-1.7351572513580322,0.17680205404758453,0.1763724684715271,0.0003,121.7132797241211
hamilton_ppo,3,1300,520000,-0.0010383440183555648,259.2604020690918,0.6220227259397507,0.0040789758786559105,0.029674999928101898,0.4150678515434265,0.17799347639083862,0.3723149299621582,16.118148803710938,-80.81642150878906,124.70549011230469,16.613069534301758,21.074748992919922,0.7763791366150368,21.061343851454396,0.0549512542784214,0.382574200630188,0.0,0.0005,-1.7199773788452148,-1.7320760488510132,0.17907020449638367,0.1769167184829712,0.0003,135.19651794433594
hamilton_ppo,3,1310,524000,-0.0019339741956267975,255.1783039855957,0.6146007335186005,0.004136590752750635,0.028099999953992663,0.424557626247406,0.17782694101333618,-0.8313270211219788,16.022619247436523,-85.30406188964844,89.9342041015625,16.068519592285156,21.12188148498535,0.8753136607452737,22.48038605678526,0.09333925694227219,0.5961787700653076,0.00025,0.00075,-1.72459876537323,-1.7292957305908203,0.17824454605579376,0.17740929126739502,0.0003,150.2509307861328
hamilton_ppo,3,1320,528000,-0.0010546130737420745,387.4821170043945,0.616086602807045,0.005525725428014994,0.031475000050850216,0.28539586067199707,0.1776883453130722,-1.998582363128662,19.772842407226562,-89.18801879882812,114.86470794677734,14.652718544006348,23.390329360961914,0.9084385554153995,31.408073779403075,0.04627854377031326,0.46618086099624634,0.000125,0.00025,-1.7241251468658447,-1.7313361167907715,0.1783289760351181,0.17704768478870392,0.0003,173.906005859375
hamilton_ppo,3,1330,532000,-0.0006447793135826885,309.3831495666504,0.6186257839202881,0.003642560448497534,0.022775000068359075,0.1891687512397766,0.17749841511249542,1.4071242809295654,17.978416442871094,-82.91449737548828,97.90495300292969,15.959074020385742,19.965776443481445,0.780652060305186,23.43713548718293,0.03563065081834793,1.5900121927261353,0.0,0.0005,-1.7255730628967285,-1.7320245504379272,0.17807096242904663,0.17692583799362183,0.0003,140.10623168945312
hamilton_ppo,3,1340,536000,-0.0017313944907102253,288.0230523681641,0.6208175814151764,0.005323802120983601,0.053074999889358876,0.2160070538520813,0.17740845680236816,-2.146474599838257,17.02446746826172,-96.50665283203125,89.26640319824219,13.076654434204102,19.227262496948242,0.9435062908463173,22.141279294085827,0.05843382701277733,0.5577505826950073,0.0,0.00075,-1.7237299680709839,-1.734902262687683,0.1783994734287262,0.17641745507717133,0.0003,136.27732849121094
hamilton_ppo,3,1350,540000,-0.0022445663991908084,322.5887271118164,0.6201771581172943,0.004949304275214672,0.059874999984167517,0.20023977756500244,0.17763859033584595,-0.9068694710731506,18.014463424682617,-126.33924865722656,91.30255889892578,12.810564041137695,20.143800735473633,0.8515610963242942,15.877575501004257,0.10964154452085495,0.9670816659927368,0.00025,0.0005,-1.7234808206558228,-1.7325482368469238,0.17844390869140625,0.17683321237564087,0.0003,169.2210235595703
hamilton_ppo,3,1360,544000,-0.0006197891258852905,397.4779302978516,0.620123063325882,0.00484013045206666,0.02599999987985939,0.11175203323364258,0.17741352319717407,1.51935613155365,20.030174255371094,-110.64924621582031,116.41739654541016,14.035468101501465,21.252870559692383,0.84408688095234,19.009561080026746,0.0663575828075409,0.7281542420387268,0.00025,0.001,-1.7237629890441895,-1.734811544418335,0.17839358747005463,0.17643344402313232,0.0003,180.45176696777344
hamilton_ppo,3,1370,548000,-0.0021856089042175866,240.2220558166504,0.6244058448076248,0.004414391238242388,0.035650000050663946,0.24892538785934448,0.17675259709358215,-2.8827452659606934,15.533112525939941,-107.99870300292969,59.82178497314453,11.033499717712402,17.92325782775879,0.8372739944269502,19.145773886505218,0.06570056825876236,0.8445025086402893,0.0,0.0,-1.731501579284668,-1.7345092296600342,0.177018404006958,0.1764868050813675,0.0003,117.81124877929688
hamilton_ppo,3,1380,552000,-0.0006970893584802961,316.5913557434082,0.6335075855255127,0.0029271661769598722,0.015399999991059303,0.12973612546920776,0.17586565017700195,1.473526120185852,17.933025360107422,-106.9912109375,92.11000061035156,12.936924934387207,19.22330665588379,0.8362808676421019,21.174578452875256,0.04203294590115547,0.9733891487121582,0.000125,0.00075,-1.7440418004989624,-1.7320640087127686,0.1748124212026596,0.1769188493490219,0.0003,177.4271697998047
hamilton_ppo,3,1390,556000,-0.000326444207286114,122.96534881591796,0.6459855502843856,0.0033197826705873013,0.04580000020563602,0.24649572372436523,0.17484045028686523,0.022312378510832787,11.161555290222168,-55.2516975402832,89.56217956542969,13.236783027648926,12.85824966430664,0.8194242799643215,8.740320150472998,0.06287447363138199,0.8264430165290833,0.0,0.00075,-1.7377376556396484,-1.7500633001327515,0.17591793835163116,0.1737629473209381,0.0003,82.10575866699219
hamilton_ppo,3,1400,560000,-0.0006564966728241428,192.0901856994629,0.6567037969827652,0.0034481119364500046,0.034999999972060325,0.17675793170928955,0.1736881136894226,-0.5405152440071106,13.875625610351562,-84.88262939453125,110.21969604492188,12.40121841430664,15.292862892150879,0.8280333714366889,9.604979539706289,0.07254668325185776,0.8790495991706848,0.0,0.001,-1.7437773942947388,-1.7572561502456665,0.17485865950584412,0.1725175827741623,0.0003,96.34021759033203
hamilton_ppo,3,1410,564000,-0.0029454726054209466,70.28135242462159,0.6602548325061798,0.004028199706226587,0.05647499988786876,0.408855140209198,0.17450189590454102,2.6108975410461426,8.582571029663086,-54.11198425292969,44.518218994140625,15.228681564331055,11.16273021697998,0.8174821573058749,15.01346725131718,0.06365817040205002,1.2108430862426758,0.0,0.0,-1.7383687496185303,-1.753326654434204,0.1758069396018982,0.17319682240486145,0.0003,29.358123779296875
hamilton_ppo,3,1420,568000,-0.0006729888525442185,135.7664052581787,0.6601978498697281,0.004860145039856434,0.04142500000540167,0.28534436225891113,0.17316225171089172,1.48769211769104,11.694150924682617,-63.72281265258789,49.69720458984375,16.7686824798584,13.833124160766602,0.8508773412311724,10.813939849041429,0.0770919993519783,0.8138231635093689,0.000125,0.00075,-1.7492069005966187,-1.7578644752502441,0.17391180992126465,0.1724126636981964,0.0003,75.28610229492188
hamilton_ppo,3,1430,572000,-0.0008285927403548143,129.1516855621338,0.6806415671110153,0.004063674248754978,0.04089999993797391,0.35422515869140625,0.17113324999809265,0.6149132251739502,11.405529975891113,-55.135581970214844,63.287322998046875,17.39853286743164,14.193023681640625,0.8648522902088245,9.94928423690278,0.07229090481996536,0.5233617424964905,0.000125,0.00025,-1.7605853080749512,-1.7700626850128174,0.17194418609142303,0.17032231390476227,0.0003,51.97216033935547
hamilton_ppo,3,1440,576000,-0.00022521668433546084,205.59470840454102,0.7002581799030304,0.0015851383795961738,0.01582499996293336,0.2614705562591553,0.16974398493766785,-1.2560280561447144,14.52591323852539,-65.12567901611328,58.13020324707031,16.807907104492188,16.902833938598633,0.8542538017814377,17.662034294884567,0.0373193584382534,1.0394047498703003,0.000125,0.00025,-1.7727019786834717,-1.774226427078247,0.16987337172031403,0.16961461305618286,0.0003,92.04657745361328
hamilton_ppo,3,1450,580000,-0.0006727087609920978,201.14965637207033,0.7115722566843032,0.004657114390283823,0.02077499993145466,0.283466637134552,0.16919520497322083,-1.3966364860534668,14.298622131347656,-87.4051513671875,51.24620819091797,14.778419494628906,16.891801834106445,0.9151576737517325,19.294117137202544,0.04716138169169426,0.7727493643760681,0.0,0.00025,-1.7803175449371338,-1.773099660873413,0.16858460009098053,0.1698058396577835,0.0003,121.24105834960938
hamilton_ppo,3,1460,584000,-0.002676019959771665,198.92275970458985,0.7155109745264053,0.004185644444078207,0.04227499987930059,0.33657848834991455,0.1691448986530304,0.5616626143455505,14.229215621948242,-67.11888885498047,80.58193969726562,15.873006820678711,17.469728469848633,0.7579624112695523,17.746862769160636,0.04231540113687515,0.7049524188041687,0.000375,0.001,-1.785787582397461,-1.7682881355285645,0.16766496002674103,0.17062482237815857,0.0003,67.65351104736328
hamilton_ppo,3,1470,588000,-0.0011529418466023334,258.9594682312012,0.7179292207956314,0.006856150925159454,0.04352499995846301,0.35237181186676025,0.16875889897346497,-1.5131947994232178,16.199857711791992,-97.17112731933594,58.67582702636719,14.228236198425293,20.13020896911621,0.9418506771641604,22.79291760828918,0.04918718338012695,0.8058120608329773,0.0,0.00025,-1.7892998456954956,-1.7693678140640259,0.16707709431648254,0.1704407036304474,0.0003,124.72938537597656
hamilton_ppo,3,1480,592000,-0.003349052173552627,310.24355377197264,0.719611576795578,0.005418458022177219,0.041725000087171796,0.2638905644416809,0.16901805996894836,-0.6497650742530823,17.892175674438477,-160.03518676757812,75.82733154296875,14.031002044677734,20.854124069213867,0.8634592316699607,26.806079173435695,0.054500456899404526,1.0110867023468018,0.000125,0.00125,-1.7935833930969238,-1.7621628046035767,0.1663629710674286,0.17167316377162933,0.0003,115.7695541381836
hamilton_ppo,3,1490,596000,-0.0004592104269977426,374.49695709228513,0.7156266188621521,0.0035821828059852123,0.027024999964050948,0.1826256513595581,0.16938519477844238,1.2249201536178589,19.464344024658203,-77.44253540039062,123.71759033203125,14.4700288772583,21.529268264770508,0.8461116581546948,18.99570870310523,0.06711385399103165,0.7633970379829407,0.0,0.00025,-1.7902220487594604,-1.7611490488052368,0.16692309081554413,0.17184729874134064,0.0003,188.65538024902344
hamilton_ppo,3,1500,600000,-0.0003953460712029466,267.72658294677734,0.7107885700464248,0.002722466131672263,0.009400000018067657,0.24755984544754028,0.16983944177627563,-2.5711748600006104,16.419179916381836,-76.98182678222656,92.59025573730469,11.980751991271973,18.928468704223633,0.8456882349394157,23.700597931198743,0.041102055460214615,0.6507169604301453,0.0,0.0,-1.787363052368164,-1.7586464881896973,0.1674010157585144,0.17227788269519806,0.0003,124.14651489257812
hamilton_ppo,3,1510,604000,-0.0010970404059975404,484.06312591552734,0.7089231842756272,0.0033598851878196,0.012499999841675163,0.052437543869018555,0.16961705684661865,5.108903408050537,22.046072006225586,-58.06489562988281,180.68197631835938,16.839353561401367,22.64786720275879,0.8611719178926108,46.09745119624941,0.049035344272851944,1.0781556367874146,0.0,0.0005,-1.786338448524475,-1.7622308731079102,0.16757261753082275,0.17166148126125336,0.0003,240.72166442871094
hamilton_ppo,3,1520,608000,-0.000804883725216543,371.3277066040039,0.7093506902456284,0.0033549449872225523,0.01892500009853393,0.1291077733039856,0.1700088530778885,4.095503330230713,19.358497619628906,-62.071109771728516,135.08058166503906,20.637744903564453,20.743854522705078,0.7504597951163212,29.55758815795185,0.04318835213780403,1.2089946269989014,0.0,0.0,-1.7853400707244873,-1.7586475610733032,0.16774001717567444,0.17227771878242493,0.0003,172.77590942382812
hamilton_ppo,3,1530,612000,-0.002394489996263296,462.13388092041015,0.7034905338287354,0.00449305959045887,0.05782499988563359,0.09271049499511719,0.17029008269309998,-1.2070491313934326,21.520681381225586,-133.1115264892578,69.83075714111328,19.391389846801758,22.593477249145508,0.9157159103448946,20.440411999746818,0.035939205437898636,0.5993795394897461,0.000375,0.001,-1.7835235595703125,-1.757154107093811,0.16804498434066772,0.17253518104553223,0.0003,218.84580993652344
hamilton_ppo,3,1540,616000,-0.0022211774118302864,329.30615600585935,0.7112604820728302,0.0039043514989316463,0.046950000054202974,0.1849057674407959,0.16897381842136383,0.5460565090179443,18.217622756958008,-89.56481170654297,84.96257019042969,19.952180862426758,20.178449630737305,0.8428779676014311,16.79452870231405,0.03449065238237381,0.6331973671913147,0.000125,0.00075,-1.790295958518982,-1.7658761739730835,0.16691075265407562,0.17103686928749084,0.0003,170.20938110351562
hamilton_ppo,3,1550,620000,-0.0017287201150335107,268.862566986084,0.7196648025512695,0.0045748925767838955,0.04780000021215528,0.24689149856567383,0.16873329877853394,0.5041917562484741,16.438982009887695,-83.05261993408203,97.93809509277344,20.134065628051758,18.942886352539062,0.8271611040198149,16.356478235606325,0.056504230946302414,0.6485390663146973,0.0,0.00025,-1.7992864847183228,-1.7599717378616333,0.1654168665409088,0.17204974591732025,0.0003,144.85841369628906
hamilton_ppo,3,1560,624000,-0.0009783699141655245,355.96361877441404,0.7188976752758026,0.002912818919867277,0.03372499991208315,0.15602606534957886,0.16913190484046936,-0.2957499921321869,18.91567611694336,-103.39889526367188,82.39762878417969,20.286245346069336,20.59004783630371,0.9133322442781213,16.996466065423746,0.06724658608436584,0.6396564245223999,0.00025,0.00125,-1.7949457168579102,-1.7595206499099731,0.1661364734172821,0.1721273511648178,0.0003,215.46412658691406
hamilton_ppo,3,1570,628000,-0.0025360416391180473,189.83180618286133,0.7210566228628159,0.005271165631711483,0.061800000173971054,0.2796725034713745,0.16831597685813904,1.4593905210494995,13.842570304870605,-67.90788269042969,60.68265914916992,21.840269088745117,16.30991554260254,0.8327096123836464,15.497844574148354,0.07419436424970627,0.7348126173019409,0.00025,0.00075,-1.7944796085357666,-1.7695008516311646,0.16621392965316772,0.17041802406311035,0.0003,81.16950225830078
hamilton_ppo,3,1580,632000,-0.001269685305479653,313.65707748413087,0.7239550131559372,0.006741984747350216,0.03177499999757856,0.24420297145843506,0.16850602626800537,1.5557489395141602,17.718456268310547,-106.1092529296875,87.47469329833984,23.25772476196289,20.380897521972656,0.8582647518069222,18.840393362543846,0.0654725581407547,0.5589359402656555,0.000125,0.00075,-1.7943090200424194,-1.7674391269683838,0.16624228656291962,0.17076975107192993,0.0003,169.5699920654297
hamilton_ppo,3,1590,636000,-0.00048153025275569304,392.5713296508789,0.7251338469982147,0.0031719841063022614,0.01659999997820705,0.1912735104560852,0.16823329031467438,-3.1030733585357666,19.86520004272461,-133.12063598632812,78.59331512451172,20.577421188354492,22.08981704711914,0.7689992956496958,33.09584468249692,0.03914165496826172,0.5594170689582825,0.0,0.00075,-1.7918256521224976,-1.7730695009231567,0.16665562987327576,0.169810950756073,0.0003,215.93685913085938
hamilton_ppo,3,1600,640000,-0.0005014635887026131,364.94035888671874,0.7277545934915542,0.0016337974229827523,0.02059999987948686,0.27050817012786865,0.16800709068775177,-0.27086272835731506,19.203784942626953,-86.29977416992188,93.56000518798828,19.362272262573242,22.484155654907227,0.791074371029454,24.307508572200874,0.04001208394765854,0.6759287714958191,0.000125,0.0005,-1.7945358753204346,-1.773077368736267,0.16620458662509918,0.16980960965156555,0.0003,166.56515502929688
hamilton_ppo,3,1610,644000,-0.0013632906330691163,402.00428009033203,0.7332002884149551,0.005185330752283335,0.040049999845214186,0.28375208377838135,0.16719868779182434,0.7798924446105957,20.065526962280273,-104.7069091796875,92.12764739990234,20.689287185668945,23.709306716918945,0.8621569794183793,22.48415243861304,0.059969719499349594,0.3596944510936737,0.000125,0.00025,-1.8024868965148926,-1.7748488187789917,0.16488832235336304,0.16950906813144684,0.0003,205.8935089111328
hamilton_ppo,3,1620,648000,-0.0008819524223392428,419.27845153808596,0.7399256241321563,0.005288449116051197,0.034249999984167515,0.23854577541351318,0.1672980785369873,0.7401149868965149,20.529329299926758,-92.41825866699219,107.01310729980469,21.453237533569336,23.52625846862793,0.8284376286487288,23.353180118274448,0.0728149265050888,0.7059705853462219,0.000125,0.00075,-1.7959343194961548,-1.7800847291946411,0.16597230732440948,0.16862386465072632,0.0003,193.5801544189453
hamilton_ppo,3,1630,652000,-0.001941040046663325,279.5221083068848,0.7377835601568222,0.004004168324172497,0.02774999992456287,0.2772110104560852,0.16724523901939392,1.350277304649353,16.8243465423584,-103.24888610839844,112.4992904663086,22.611740112304688,19.789390563964844,0.8078511343584742,22.175664201413525,0.05795678123831749,0.8225628733634949,0.000125,0.0005,-1.7985398769378662,-1.7781521081924438,0.1655404269695282,0.16895006597042084,0.0003,125.18802642822266
hamilton_ppo,3,1640,656000,-0.000575133970170274,331.02538986206054,0.7346893209218979,0.006366720888763666,0.0283749997895211,0.27355319261550903,0.1678973138332367,1.1884499788284302,18.304765701293945,-89.81563568115234,96.45478057861328,24.138132095336914,21.476436614990234,0.8585304977458431,25.057791464588977,0.030954336747527122,0.9072906374931335,0.0,0.0005,-1.7989223003387451,-1.7700908184051514,0.16547714173793793,0.17031751573085785,0.0003,212.4596710205078
hamilton_ppo,3,1650,660000,-0.0007716928649751865,475.28917114257814,0.7275825148820877,0.0029077332001179457,0.03867500007152557,0.24111920595169067,0.1684587597846985,-1.5282341241836548,21.849557876586914,-172.4059295654297,119.90819549560547,21.944263458251953,25.081636428833008,0.8346104117603623,31.98994964384109,0.04719747602939606,0.5209634304046631,0.0,0.0,-1.7991154193878174,-1.7633333206176758,0.16544519364833832,0.17147232592105865,0.0003,211.3976593017578
hamilton_ppo,3,1660,664000,-0.0004277216463229738,291.9214584350586,0.7279232019186019,0.0023717328440397978,0.012849999940954149,0.4428105354309082,0.16775986552238464,1.141171932220459,17.408050537109375,-62.55447006225586,102.0489501953125,23.496076583862305,23.321081161499023,0.8320178959122316,30.560931902723777,0.027535682544112206,1.2905597686767578,0.000375,0.00075,-1.8014005422592163,-1.7693004608154297,0.16506753861904144,0.17045217752456665,0.0003,154.02847290039062
hamilton_ppo,3,1670,668000,-0.0034806517504388434,274.3997221374512,0.7342899888753891,0.005189435090869665,0.04634999976493418,0.5194764137268066,0.16755014657974243,-0.15840917825698853,16.703641891479492,-81.2536392211914,90.75276184082031,22.980667114257812,24.09649085998535,0.8878753857829284,28.915905385333453,0.035841334611177444,1.242936134338379,0.000125,0.0005,-1.799102783203125,-1.7740000486373901,0.16544726490974426,0.1696529984474182,0.0003,167.3813018798828
hamilton_ppo,3,1680,672000,-0.0011390892095161686,478.1029281616211,0.7370990920066833,0.003727239090949297,0.021699999985285105,0.3750561475753784,0.16704049706459045,-0.9937428832054138,22.13861083984375,-90.90478515625,158.66665649414062,22.98149871826172,28.00463104248047,0.9151256194314698,48.541443160026546,0.031568702310323715,1.5401161909103394,0.000375,0.00125,-1.8008993864059448,-1.7782666683197021,0.16515028476715088,0.16893070936203003,0.0003,249.4102325439453
hamilton_ppo,3,1690,676000,-0.0017587188902573026,331.64735412597656,0.7411141312122345,0.005370044149458408,0.03727499992586672,0.4133886694908142,0.16711068153381348,-1.947841763496399,18.48805809020996,-108.80230712890625,79.41392517089844,20.592336654663086,24.13882064819336,0.8526214027090689,44.28667727766397,0.03631294518709183,0.8490098118782043,0.000125,0.0015,-1.8007105588912964,-1.7776204347610474,0.1651814728975296,0.16903991997241974,0.0003,162.6172332763672
hamilton_ppo,3,1700,680000,-0.001422492263297319,420.2964202880859,0.7404284209012986,0.004794455133378506,0.020050000008195637,0.3839914798736572,0.16713330149650574,-3.3558504581451416,20.637990951538086,-143.72286987304688,73.3586654663086,15.844722747802734,26.295053482055664,0.8167380403534865,52.872204060368574,0.03514784574508667,0.783610999584198,0.000375,0.00175,-1.798539161682129,-1.7794787883758545,0.16554053127765656,0.16872607171535492,0.0003,212.68753051757812
hamilton_ppo,3,1710,684000,-0.002353426410225801,661.8192361450195,0.7411883342266082,0.006025917828083038,0.04342499987222254,0.18502676486968994,0.1669079065322876,-2.657573938369751,25.983707427978516,-147.72683715820312,106.21110534667969,13.741365432739258,28.782562255859375,0.829351508577658,52.01132034187708,0.05700917914509773,0.8250715136528015,0.000625,0.00125,-1.792499303817749,-1.788131594657898,0.16654342412948608,0.1672724038362503,0.0003,285.7207946777344
hamilton_ppo,3,1720,688000,-0.001087681423843605,392.6749755859375,0.7435816210508347,0.008107544854283333,0.04882499979808927,0.21589988470077515,0.16653120517730713,1.848751425743103,19.88506317138672,-96.58354187011719,92.3935317993164,14.567533493041992,22.45645523071289,0.992597146234475,25.029786491370437,0.028385059908032417,0.7603466510772705,0.0005,0.00225,-1.7955191135406494,-1.7896345853805542,0.16604124009609222,0.16702120006084442,0.0003,181.44265747070312
hamilton_ppo,3,1730,692000,-0.00017147760891311759,570.7496945190429,0.7499252784252167,0.004428112413734198,0.0695000004209578,0.09394955635070801,0.16613301634788513,-0.9315962195396423,24.064109802246094,-122.25595092773438,125.10774230957031,13.683804512023926,25.280963897705078,0.9954620354221739,29.163673746716405,0.05641113594174385,0.8463294506072998,0.0005,0.00125,-1.7934465408325195,-1.7964887619018555,0.1663857251405716,0.16588030755519867,0.0003,299.5780334472656
hamilton_ppo,3,1740,696000,-0.000529617938362934,360.3677505493164,0.756017135977745,0.0022852879483252764,0.02657500009983778,0.15038150548934937,0.16545641422271729,-0.3834975063800812,19.075435638427734,-73.5526351928711,88.83251953125,13.404664039611816,20.694860458374023,0.9262684335649847,21.21410870013549,0.04399757459759712,1.1882498264312744,0.000375,0.00175,-1.7967766523361206,-1.801323413848877,0.16583256423473358,0.16508029401302338,0.0003,217.41290283203125
hamilton_ppo,3,1750,700000,-0.0020492817455058797,283.3090658569336,0.7628079360723495,0.004747082479298115,0.03804999990854412,0.18310725688934326,0.16504040360450745,0.03455035388469696,16.95892333984375,-90.00372314453125,89.93048858642578,13.655970573425293,18.763582229614258,0.9420658368638496,16.561454382268085,0.037176210433244705,1.1489109992980957,0.000375,0.002,-1.7994844913482666,-1.8036497831344604,0.16538412868976593,0.16469667851924896,0.0003,150.17706298828125
hamilton_ppo,3,1760,704000,-0.0006592692617283191,532.5247384643554,0.7684499549865723,0.0033155910205096006,0.028475000034086408,0.1694490909576416,0.1642492413520813,-4.926330089569092,23.070241928100586,-92.54317474365234,154.63336181640625,8.69875431060791,25.31447982788086,0.9456747458807807,42.4022686387266,0.03980548679828644,0.9856460690498352,0.00025,0.001,-1.806498408317566,-1.8062419891357422,0.1642281860113144,0.1642703115940094,0.0003,254.14627075195312
hamilton_ppo,3,1770,708000,-0.001333368792432883,489.69580505371096,0.7803491449356079,0.0037546404637396336,0.03589999997522682,0.10425442457199097,0.1633886694908142,2.334202527999878,22.191749572753906,-107.6053466796875,126.94398498535156,11.32507610321045,23.447643280029297,0.8698148577921303,25.587608318534237,0.037753619253635406,0.8517508506774902,0.00025,0.00175,-1.809605598449707,-1.8136454820632935,0.16371870040893555,0.16305863857269287,0.0003,214.4139862060547
hamilton_ppo,3,1780,712000,0.0006755242077968449,273.64655212402346,0.7822502559423447,0.003098387736827135,0.037575000012293455,0.20959532260894775,0.16398274898529053,0.845216691493988,16.612606048583984,-103.91534423828125,63.82175064086914,12.11513614654541,18.68585777282715,0.997762984345116,16.02386621692221,0.05449790135025978,0.6885012984275818,0.000125,0.001,-1.802964687347412,-1.8130487203598022,0.16480955481529236,0.1631559580564499,0.0003,130.84703063964844
hamilton_ppo,3,1790,716000,-0.000838604482256775,719.0495593261719,0.7759428906440735,0.0032439089845865965,0.021024999995715915,0.12301981449127197,0.16431185603141785,-4.016905307769775,26.827613830566406,-202.65513610839844,107.73861694335938,7.653151512145996,28.64752769470215,0.8290736269549361,38.556940343355684,0.04476362466812134,0.7183825969696045,0.0005,0.00175,-1.803336262702942,-1.8086490631103516,0.16474832594394684,0.16387537121772766,0.0003,399.3284912109375
hamilton_ppo,3,1800,720000,-0.0009724548824753576,392.07600036621096,0.7798639905452728,0.0051410868763923645,0.0329500000923872,0.13367795944213867,0.16325116157531738,0.6599891185760498,19.88811683654785,-95.87759399414062,146.71534729003906,8.45407772064209,21.36751365661621,0.9716244765299942,23.038062547286653,0.06572946906089783,0.7401725053787231,0.0,0.0005,-1.8100825548171997,-1.8148540258407593,0.16364061832427979,0.1628616750240326,0.0003,239.86932373046875
hamilton_ppo,3,1810,724000,-0.003691614675067836,646.6364526367188,0.7896501207351685,0.006735437549650669,0.05665000000502914,0.050139546394348145,0.1628207266330719,2.687993049621582,25.462827682495117,-123.35126495361328,111.92963409423828,11.623841285705566,26.12622833251953,0.9878732202988827,30.35958447451341,0.046119220554828644,0.9269610047340393,0.0005,0.00125,-1.807478427886963,-1.822791337966919,0.1640673279762268,0.1615741103887558,0.0003,376.435791015625
hamilton_ppo,3,1820,728000,-0.002519489228466405,393.07570892333985,0.7999386340379715,0.0014211825327947736,0.06677499996963888,0.08290654420852661,0.16150830686092377,-0.07971829175949097,19.871410369873047,-111.3575439453125,76.59132385253906,11.288859367370605,20.750181198120117,1.0114450838143252,16.94500569186197,0.03375609219074249,0.7734631896018982,0.00025,0.0015,-1.8205084800720215,-1.8258962631225586,0.16194339096546173,0.1610732227563858,0.0003,216.1570281982422
hamilton_ppo,3,1830,732000,-0.0018685176267754322,560.1386141967773,0.8178745037317277,0.00757740531116724,0.05260000011883676,0.039814770221710205,0.16004593670368195,1.1978826522827148,23.740598678588867,-152.13368225097656,118.1414566040039,12.370367050170898,24.22780990600586,1.0243911282219835,20.05211534180124,0.06391014158725739,0.9359059929847717,0.00025,0.00175,-1.8334954977035522,-1.831094741821289,0.15985381603240967,0.16023805737495422,0.0003,322.321533203125
hamilton_ppo,3,1840,736000,-0.0009522405558363989,394.12791717529296,0.8318498539924621,0.004613726865500212,0.06184999969787896,0.07448625564575195,0.15935152769088745,-1.5505754947662354,19.903919219970703,-119.67623138427734,80.81212615966797,10.925357818603516,20.68936538696289,1.0174001576612715,18.773954447646,0.03728257119655609,0.7269859313964844,0.000625,0.00225,-1.834737777709961,-1.8385512828826904,0.15965536236763,0.1590476781129837,0.0003,172.4674072265625
hamilton_ppo,3,1850,740000,-0.0024066168829580416,915.7517028808594,0.8464163810014724,0.0061697824858129025,0.0618250001128763,0.04412186145782471,0.15799899399280548,-1.019675850868225,30.267047882080078,-158.30694580078125,190.10133361816406,9.705617904663086,30.95770835876465,1.0479199153486223,23.289910254600724,0.06583432108163834,0.44259506464004517,0.00075,0.00175,-1.8429124355316162,-1.8474258184432983,0.15835556387901306,0.1576424390077591,0.0003,385.9610900878906
hamilton_ppo,3,1860,744000,-0.001086188132893584,496.18479797363284,0.8503622806072235,0.006591767072677612,0.038500000173225996,0.020704805850982666,0.15846845507621765,0.9621701240539551,22.376514434814453,-132.74209594726562,132.4994659423828,10.577420234680176,22.611825942993164,0.9722951015320561,18.39105515118934,0.059800077229738235,0.7109960317611694,0.00025,0.00275,-1.8314626216888428,-1.8530532121658325,0.16017912328243256,0.15675781667232513,0.0003,306.65576171875
hamilton_ppo,3,1870,748000,-0.0013869099521230943,388.6679968261719,0.851403067111969,0.002475605346262455,0.035899999793618916,0.05510216951370239,0.15771585702896118,3.3236162662506104,19.696191787719727,-88.1134262084961,119.95072937011719,13.69044017791748,20.26235008239746,0.9575858666448205,21.842923396873307,0.04790030047297478,0.6055240035057068,0.000375,0.0025,-1.8332892656326294,-1.8608207702636719,0.15988679230213165,0.1555449217557907,0.0003,240.7641143798828
hamilton_ppo,3,1880,752000,-0.0013961553923407344,570.1798880004883,0.8651129376888275,0.004039395600557327,0.049025000119581816,0.03122943639755249,0.1563139259815216,0.23171892762184143,23.906343460083008,-98.19638061523438,114.2817153930664,14.692056655883789,24.288612365722656,1.059106411023069,15.672845166232015,0.05728887766599655,0.6217141151428223,0.001125,0.00325,-1.8422882556915283,-1.8696773052215576,0.15845441818237305,0.15417340397834778,0.0003,273.31634521484375
hamilton_ppo,3,1890,756000,-0.0007267948135886471,475.4860403442383,0.8784294974803925,0.0036109325010329485,0.0288999998383224,0.016156792640686035,0.1554502546787262,5.234388828277588,21.640981674194336,-90.77435302734375,111.98542022705078,19.85858726501465,21.81795310974121,0.9331310906363935,28.452176028553627,0.049345962703228,1.094597339630127,0.000375,0.00275,-1.8482476472854614,-1.8747875690460205,0.15751293301582336,0.15338754653930664,0.0003,196.68540954589844
hamilton_ppo,3,1900,760000,-0.001366295224137133,677.3795037841796,0.8795286345481873,0.0023309807293117046,0.03627499984577298,0.01852637529373169,0.15645264089107513,1.0125969648361206,26.070446014404297,-107.9610595703125,134.70542907714844,20.673355102539062,26.315349578857422,0.8848439311275483,17.259111391010197,0.0472247339785099,0.8333244919776917,0.00075,0.00375,-1.8366076946258545,-1.8737409114837646,0.15935711562633514,0.15354818105697632,0.0003,364.25140380859375
hamilton_ppo,3,1910,764000,-0.00022061430472822608,608.8500576782227,0.8699259465932846,0.0021358560770750046,0.020800000056624413,0.07219880819320679,0.15672731399536133,-2.403770685195923,24.959056854248047,-120.82048797607422,107.52374267578125,17.848140716552734,25.911985397338867,0.9946113987992931,32.76905259692242,0.040045857429504395,1.1173287630081177,0.000875,0.00475,-1.8298864364624023,-1.8771679401397705,0.16043178737163544,0.1530228704214096,0.0003,257.0434875488281
hamilton_ppo,3,1920,768000,-0.0015484401651458945,565.6186111450195,0.869820226430893,0.005056465044617653,0.03302500003948808,0.12641382217407227,0.15658387541770935,2.0601465702056885,23.840391159057617,-106.58988189697266,169.37417602539062,19.62345314025879,25.50706672668457,0.9772947780414547,28.728320775483695,0.058456212282180786,0.8167349100112915,0.000375,0.0015,-1.8364745378494263,-1.8721709251403809,0.159378319978714,0.1537894308567047,0.0003,350.78643798828125
hamilton_ppo,3,1930,772000,-0.0011554155371835862,561.1435162353515,0.8722673112154007,0.0027171242982149124,0.0302999999281019,0.13328099250793457,0.15620794892311096,-3.700188159942627,23.686941146850586,-123.42560577392578,104.37971496582031,15.881731033325195,25.44308853149414,1.0024614697343464,38.04776790171525,0.03905433788895607,0.7399808168411255,0.0005,0.0035,-1.8392984867095947,-1.8741391897201538,0.15892888605594635,0.15348704159259796,0.0003,300.2193298339844
hamilton_ppo,3,1940,776000,-0.0012016060638241476,439.1469427490234,0.8845443427562714,0.003262535436078906,0.02692499986849725,0.15377730131149292,0.15488573908805847,-0.9410580992698669,20.97444725036621,-104.50724792480469,98.4911880493164,15.18181037902832,22.80069923400879,0.9965097754451478,22.090967358720622,0.0741516575217247,0.6139317750930786,0.0,0.00075,-1.8359270095825195,-1.8950830698013306,0.15946562588214874,0.150305837392807,0.0003,184.77671813964844
hamilton_ppo,3,1950,780000,-0.0010381278209999412,561.562286682129,0.8971871531009674,0.0037010989617556334,0.020325000011362136,0.1917431354522705,0.15425071120262146,-2.1789886951446533,23.806480407714844,-155.4232635498047,111.7369384765625,12.902048110961914,26.48015594482422,0.948162844937118,34.008023675659814,0.03807872161269188,0.9795220494270325,0.0005,0.002,-1.8431929349899292,-1.8958522081375122,0.1583111435174942,0.1501902937889099,0.0003,249.91993713378906
hamilton_ppo,3,1960,784000,-0.0004731740549735597,865.4103289794922,0.9026233339309693,0.004678776022046804,0.020050000003539025,0.16441011428833008,0.15403321385383606,-0.15424810349941254,29.572542190551758,-165.77813720703125,120.0594482421875,13.258658409118652,32.35132598876953,0.9850773269633806,38.900085050410404,0.019854919984936714,1.2877498865127563,0.000375,0.00275,-1.844308853149414,-1.8975744247436523,0.1581345796585083,0.14993184804916382,0.0003,423.1727294921875
hamilton_ppo,3,1970,788000,-0.0014969650089489716,676.6193505859375,0.9057700103521347,0.002887177746742964,0.03262500009965152,0.0739438533782959,0.15378251671791077,-1.9371557235717773,26.34933090209961,-123.49952697753906,123.96709442138672,12.466593742370605,27.381103515625,0.9815741158318823,46.63962885791771,0.042562294751405716,1.8363531827926636,0.0005,0.00375,-1.841209888458252,-1.9042142629623413,0.15862539410591125,0.14893962442874908,0.0003,322.4680480957031
hamilton_ppo,3,1980,792000,-0.0024372998846483806,836.211533203125,0.908393229842186,0.008501491509377956,0.05610000031068921,0.1279827356338501,0.1536591649055481,-1.973663568496704,28.97401237487793,-149.02972412109375,158.34262084960938,10.479033470153809,31.027450561523438,1.0640372394411728,37.95354492251213,0.041068486869335175,1.1446565389633179,0.000625,0.00225,-1.8391004800796509,-1.9081270694732666,0.15896034240722656,0.14835798740386963,0.0003,479.8279113769531
hamilton_ppo,3,1990,796000,-0.000653343471756127,723.2230749511718,0.9125160163640976,0.004557119216769934,0.022674999916926026,0.05395066738128662,0.15312489867210388,3.8442740440368652,26.89236831665039,-96.24949645996094,190.23916625976562,14.125456809997559,27.648536682128906,0.9982783316769206,41.12597172337571,0.029643317684531212,0.9610079526901245,0.001125,0.0045,-1.841077446937561,-1.9132263660430908,0.1586463898420334,0.14760339260101318,0.0003,292.2923278808594
hamilton_ppo,3,2000,800000,-0.001892584873252785,745.4532293701172,0.9215231263637542,0.004279675893485546,0.025625000051222743,0.1506575345993042,0.15230470895767212,-3.8678908348083496,27.237152099609375,-137.73471069335938,158.03768920898438,9.793671607971191,29.554271697998047,0.955894796062059,42.999058547584866,0.05042387172579765,0.7316123843193054,0.00075,0.00225,-1.840010643005371,-1.9255627393722534,0.15881574153900146,0.14579369127750397,0.0003,466.87701416015625
hamilton_ppo,3,2010,804000,-0.002392183490519351,452.1845770263672,0.9245716387033462,0.005171068478375673,0.04594999973662198,0.1705344319343567,0.15281721949577332,-0.587552011013031,21.3745059967041,-97.88380432128906,93.62438201904297,10.257702827453613,23.469125747680664,1.0198418337680604,23.34901456089748,0.05191994458436966,1.0397112369537354,0.00025,0.001,-1.8410239219665527,-1.91746187210083,0.15865488350391388,0.14697954058647156,0.0003,198.87550354003906
hamilton_ppo,3,2020,808000,-0.00043841691231063964,355.6036033630371,0.9212697160243988,0.004133512265980244,0.028550000116229057,0.2769818902015686,0.15259942412376404,1.1354299783706665,19.018381118774414,-91.10729217529297,71.00692749023438,10.506550788879395,22.366548538208008,0.9447405466914783,28.92515953587842,0.05363544821739197,1.5042500495910645,0.000125,0.00125,-1.8469136953353882,-1.9140923023223877,0.15772320330142975,0.14747564494609833,0.0003,193.54660034179688
hamilton_ppo,3,2030,812000,-0.0014834864516014967,502.31343536376954,0.9245381236076355,0.0062440368346869946,0.03312500004656613,0.2117769718170166,0.1523827314376831,1.3469599485397339,22.42709732055664,-138.87303161621094,115.23450469970703,11.995108604431152,25.260883331298828,1.0116529022181984,30.29781556806493,0.045251671224832535,0.9697778820991516,0.00075,0.003,-1.857853889465332,-1.905431866645813,0.1560070812702179,0.1487583965063095,0.0003,185.92205810546875
hamilton_ppo,3,2040,816000,-0.0021976967381953736,557.094892578125,0.9241318935155869,0.009747140109539032,0.0590749998530373,0.11000078916549683,0.1523267924785614,1.9623849391937256,23.714509963989258,-116.23421478271484,115.34478759765625,13.793132781982422,25.137340545654297,0.9953965938709313,37.16368296227884,0.05201372504234314,0.8874645233154297,0.00075,0.00375,-1.8647572994232178,-1.8989899158477783,0.15493381023406982,0.14971977472305298,0.0003,302.1019287109375
hamilton_ppo,3,2050,820000,-0.002254840813900225,798.8829626464844,0.9307248848676681,0.007241870276629925,0.05972500008996576,0.04532825946807861,0.15162087976932526,1.0887706279754639,28.399927139282227,-120.46902465820312,149.09718322753906,14.92292594909668,29.066329956054688,0.9972063359616034,35.416077608088365,0.05022226274013519,0.9410251975059509,0.000875,0.00375,-1.8654658794403076,-1.9077247381210327,0.15482406318187714,0.14841769635677338,0.0003,350.423095703125
hamilton_ppo,3,2060,824000,-0.001274231627187692,1445.1402758789063,0.9301471573114395,0.003949576057493687,0.03825000009033829,-0.00020647048950195312,0.15253494679927826,2.963982582092285,38.08498001098633,-267.7667236328125,207.3793487548828,17.32656478881836,38.08104705810547,0.954139817128595,46.59601565152841,0.03602747991681099,0.98939448595047,0.000625,0.002,-1.8571912050247192,-1.9040814638137817,0.1561105102300644,0.14895941317081451,0.0003,596.0469360351562
hamilton_ppo,3,2070,828000,-0.0007936759411008099,770.382548828125,0.9220463651418686,0.004284429829567671,0.0391499998094514,0.056584835052490234,0.1528257429599762,-2.5845484733581543,27.744972229003906,-137.32666015625,133.6986541748047,14.073138236999512,28.564910888671875,0.9585266406973595,24.447878718998094,0.05784075707197189,1.1576018333435059,0.000875,0.0045,-1.8642584085464478,-1.892859935760498,0.1550111174583435,0.1506403684616089,0.0003,360.32708740234375
hamilton_ppo,3,2080,832000,-0.0016751649244339183,1229.0574029541015,0.9218519175052643,0.006182865705341101,0.07394999988377095,0.05195355415344238,0.15209630131721497,-3.807748556137085,35.03096008300781,-180.22445678710938,189.0120849609375,11.180865287780762,35.97801971435547,0.976797929627602,32.36040367947238,0.06220425292849541,0.805874228477478,0.001,0.00475,-1.8698949813842773,-1.8967684507369995,0.15413984656333923,0.1500527262687683,0.0003,614.0689697265625
hamilton_ppo,3,2090,836000,-0.0018809845058203934,825.5822979736328,0.9299427771568298,0.0044205510057508945,0.03190000006463379,0.06215626001358032,0.15198621153831482,0.7124362587928772,28.862199783325195,-161.5513153076172,113.68087768554688,12.68305492401123,29.80328941345215,0.9811053109553588,29.795147862240782,0.05646143853664398,1.4166805744171143,0.001125,0.006,-1.8655551671981812,-1.9027211666107178,0.15481023490428925,0.1491621881723404,0.0003,393.72161865234375
hamilton_ppo,3,2100,840000,-0.0009832797792558258,859.3514343261719,0.933036812543869,0.0031737019307911396,0.029899999876506628,0.036271095275878906,0.15147393941879272,3.022812843322754,29.3203182220459,-141.35226440429688,165.05349731445312,16.14754867553711,29.866973876953125,0.9360210028744256,32.653730840506576,0.038946688175201416,1.0937734842300415,0.000875,0.003,-1.8649858236312866,-1.910208821296692,0.15489840507507324,0.148049458861351,0.0003,452.28271484375
hamilton_ppo,3,2110,844000,-0.0014031979746578127,780.4085522460938,0.9404416477680206,0.002216160064563155,0.03317499976605177,0.0652012825012207,0.15102896094322205,-2.181704044342041,28.005578994750977,-175.60931396484375,140.07943725585938,13.179906845092773,28.965797424316406,1.0115141488652926,27.65939858009192,0.036441147327423096,0.6563825607299805,0.00125,0.00675,-1.8697164058685303,-1.9112828969955444,0.15416738390922546,0.14789053797721863,0.0003,345.34674072265625
hamilton_ppo,3,2120,848000,0.00012216143977820338,388.95348876953125,0.948390645980835,0.0046180663630366325,0.05004999978467822,0.1572878360748291,0.15010365843772888,0.8472995758056641,19.78253746032715,-127.93682861328125,92.12118530273438,14.080242156982422,21.54975700378418,0.9157268968990364,19.52263636630643,0.044365294277668,0.48431751132011414,0.000875,0.0035,-1.8729913234710693,-1.9204295873641968,0.15366332232952118,0.14654399454593658,0.0003,240.25112915039062
hamilton_ppo,3,2130,852000,-0.00014404326154181745,580.1674182128907,0.9606809467077255,0.003426536452025175,0.04055000002030283,0.09745365381240845,0.14939266443252563,0.5840705633163452,24.109519958496094,-109.61338806152344,111.43704223632812,14.909526824951172,25.377790451049805,1.0174095873865303,25.566353824684455,0.04177682474255562,0.7130722999572754,0.000625,0.00275,-1.8865253925323486,-1.9160466194152832,0.15159763395786285,0.14718769490718842,0.0003,330.6399230957031
hamilton_ppo,3,2140,856000,-0.00019479514275444698,793.8391369628906,0.9640898615121841,0.004404886160045862,0.0414250000519678,0.06920456886291504,0.14974136650562286,2.9568984508514404,28.18817710876465,-126.17059326171875,125.59234619140625,17.678577423095703,29.21728515625,0.8844050955289062,36.4773990551812,0.03319031372666359,0.49374285340309143,0.000625,0.00425,-1.8795663118362427,-1.9185041189193726,0.15265628695487976,0.14682643115520477,0.0003,420.64178466796875
hamilton_ppo,3,2150,860000,0.0008306600594376512,925.4527954101562,0.9632083386182785,0.00255139684304595,0.048049999829381705,0.052646636962890625,0.14897173643112183,2.780831813812256,30.40581512451172,-148.41403198242188,159.44873046875,21.14988136291504,31.239253997802734,1.071009901803156,35.77254543181302,0.04144755378365517,0.686045229434967,0.000375,0.00225,-1.888237714767456,-1.92001211643219,0.15133827924728394,0.14660517871379852,0.0003,498.0001525878906
hamilton_ppo,3,2160,864000,0.0015364974253890028,887.5353839111328,0.9721307575702667,0.003364902688190341,0.0642499996162951,0.11607831716537476,0.14897486567497253,-4.530649185180664,29.84949493408203,-135.33702087402344,183.47256469726562,16.261089324951172,31.74900245666504,1.2039197900535734,57.33960997899301,0.030291520059108734,0.8346036076545715,0.000125,0.001,-1.8854429721832275,-1.9228624105453491,0.15176182985305786,0.1461879014968872,0.0003,422.3507385253906
hamilton_ppo,3,2170,868000,-0.0016319673621823317,780.2565466308594,0.9737156355381011,0.005788057576864958,0.04492500018328428,0.10786557197570801,0.14834865927696228,4.939034938812256,27.850608825683594,-146.27999877929688,177.4062042236328,22.79413604736328,29.486249923706055,0.9312863101728898,51.058242659679564,0.04086789861321449,1.2108608484268188,0.000875,0.0055,-1.8928570747375488,-1.9237616062164307,0.1506408005952835,0.14605651795864105,0.0003,362.2016296386719
hamilton_ppo,3,2180,872000,-0.001227628971585526,1053.4471343994142,0.9795847404003143,0.0043650041334331036,0.025249999929219485,-0.037866950035095215,0.14822380244731903,-3.9510385990142822,32.80353927612305,-166.76986694335938,147.2172393798828,18.82269287109375,32.199554443359375,0.9866367940237906,69.40641956666278,0.025578195229172707,1.1973347663879395,0.000125,0.00225,-1.8953360319137573,-1.9229180812835693,0.1502678245306015,0.14617978036403656,0.0003,460.1198425292969
hamilton_ppo,3,2190,876000,-0.0006890603258329086,832.6028363037109,0.9832531321048736,0.002813842613250017,0.03649999997578561,0.09594565629959106,0.14798583090305328,0.37986302375793457,28.934446334838867,-197.45098876953125,117.2818374633789,18.3772029876709,30.43111801147461,1.0485976910230854,26.466569619698063,0.03969166800379753,0.8846352100372314,0.00125,0.00375,-1.8947786092758179,-1.9267544746398926,0.1503516137599945,0.14562004804611206,0.0003,421.77593994140625
hamilton_ppo,3,2200,880000,-0.00046348700117960107,567.2656484985351,0.9867179411649704,0.003394166473299265,0.03854999993462115,0.10917896032333374,0.14747494459152222,0.538902223110199,23.852867126464844,-155.94224548339844,110.3431167602539,18.634157180786133,25.272335052490234,0.9832266960155603,21.656957798936602,0.03452134132385254,0.8779136538505554,0.0005,0.00225,-1.8964298963546753,-1.932081699371338,0.15010355412960052,0.1448463648557663,0.0003,300.25469970703125
hamilton_ppo,3,2210,884000,-0.0005867622690220742,727.829750366211,0.9967867147922516,0.0015262482920661569,0.0256249998183921,0.11795061826705933,0.14661607146263123,2.4163804054260254,27.025053024291992,-135.01914978027344,128.2333526611328,20.60124969482422,28.775318145751953,0.9254257167646959,37.04902065653475,0.03371184319257736,1.0735183954238892,0.0005,0.00225,-1.8940346240997314,-1.9465299844741821,0.1504635363817215,0.14276862144470215,0.0003,288.3055419921875
hamilton_ppo,3,2220,888000,-0.0026975963455943665,491.8184039306641,1.0049687469005584,0.00564366253092885,0.03157500003930181,0.10148179531097412,0.14621803164482117,1.9336994886398315,22.48525619506836,-114.93569946289062,151.05328369140625,22.57924461364746,23.72107696533203,0.9051323279518843,36.78058719823726,0.04177042469382286,1.3985830545425415,0.000125,0.0005,-1.9020107984542847,-1.9437371492385864,0.14926816523075104,0.1431679129600525,0.0003,245.4482879638672
hamilton_ppo,3,2230,892000,-0.0004910240028399126,563.0576754760742,1.0072411942481994,0.002867121249437332,0.020299999960698187,0.08360958099365234,0.14635667204856873,-3.7780447006225586,23.700727462768555,-151.666259765625,159.92813110351562,19.19282341003418,24.75833511352539,0.949333919053874,35.97886456769513,0.03580931946635246,0.7526140809059143,0.00025,0.003,-1.903386116027832,-1.9403733015060425,0.14906302094459534,0.14365030825138092,0.0003,305.5070495605469
hamilton_ppo,3,2240,896000,-0.001070451136899635,936.0989575195313,1.001458295583725,0.003910026978701353,0.012074999921023845,0.0655292272567749,0.14736199378967285,6.851123332977295,30.436243057250977,-136.9031982421875,145.97682189941406,26.561140060424805,31.48532485961914,0.9748194386124023,65.20148347079682,0.03693290054798126,0.9157847166061401,0.001125,0.004,-1.8931922912597656,-1.9370142221450806,0.15059031546115875,0.14413365721702576,0.0003,554.752197265625
hamilton_ppo,3,2250,900000,-0.0027823502772574924,528.5945596313477,0.9971484869718552,0.007221395615488291,0.07197499984875322,0.09386187791824341,0.14654377102851868,1.5770596265792847,23.044044494628906,-91.07090759277344,140.6986083984375,27.981901168823242,24.208145141601562,0.9656623042071832,24.685245617315125,0.05770229920744896,0.8311330080032349,0.0005,0.0025,-1.8924713134765625,-1.949195146560669,0.15069891512393951,0.14238862693309784,0.0003,265.29083251953125
hamilton_ppo,3,2260,904000,-0.0006912696891871661,944.5513903808594,1.0085322666168213,0.0035694814287126064,0.034850000040605664,0.03925490379333496,0.14595472812652588,0.2890986204147339,30.814868927001953,-189.16989135742188,152.71673583984375,28.798492431640625,31.438095092773438,0.9794811720686092,34.574675641673316,0.05242075398564339,1.0742032527923584,0.000125,0.0015,-1.8967633247375488,-1.952943205833435,0.15005351603031158,0.14185595512390137,0.0003,577.5681762695312
hamilton_ppo,3,2270,908000,-0.0016186598839820299,947.1424243164063,1.0152561342716218,0.0030759971123188734,0.02150000008754432,0.08969253301620483,0.14533230662345886,-4.336023330688477,31.01620101928711,-209.92242431640625,138.78582763671875,25.0428524017334,32.508323669433594,1.0588549344343612,74.57343619664996,0.027594400569796562,0.9247469305992126,0.00075,0.0025,-1.8990415334701538,-1.959331750869751,0.14971205592155457,0.14095257222652435,0.0003,464.9322204589844
hamilton_ppo,3,2280,912000,-0.000250194028909565,529.3827331542968,1.0198733031749725,0.0051348283886909485,0.033874999843537805,0.1771220564842224,0.14548736810684204,0.18933440744876862,23.119749069213867,-146.01829528808594,109.28176879882812,24.30569839477539,25.486804962158203,0.9919290099335888,28.93194509662781,0.06019800901412964,1.257808804512024,0.00075,0.003,-1.895056962966919,-1.9613744020462036,0.15030978620052338,0.1406649649143219,0.0003,266.46826171875
hamilton_ppo,3,2290,916000,-0.0031066186314252244,461.5506970214844,1.0128212702274322,0.005037801805883646,0.053500000131316484,0.25602173805236816,0.1463075876235962,-0.45621728897094727,21.683034896850586,-110.3011474609375,103.42700958251953,23.420740127563477,25.138532638549805,1.0304179276044507,31.08236582956345,0.057019833475351334,1.243477463722229,0.000375,0.0015,-1.8872261047363281,-1.9581183195114136,0.1514914482831955,0.1411237269639969,0.0003,187.56436157226562
hamilton_ppo,3,2300,920000,-0.0014284646805761447,881.4534967041016,1.0080925512313843,0.00303392531350255,0.02189999999012798,0.2437252402305603,0.14607129991054535,-0.9459187388420105,29.882286071777344,-208.8719482421875,135.07431030273438,22.08806610107422,34.36164855957031,0.952346436723756,40.920754106110806,0.036234933882951736,1.2690494060516357,0.000875,0.0035,-1.8919599056243896,-1.956398844718933,0.15077601373195648,0.14136658608913422,0.0003,582.8829345703125
hamilton_ppo,3,2310,924000,-0.0012863678911235255,504.6016729736328,1.018824257850647,0.0028392374515533447,0.025924999811686576,0.3017851710319519,0.14477038383483887,-1.4862825870513916,22.52854347229004,-121.69218444824219,134.30459594726562,20.047073364257812,26.961158752441406,0.9784692293538477,35.72098779084722,0.04210878163576126,0.6553341746330261,0.000375,0.002,-1.9156142473220825,-1.9498920440673828,0.14725136756896973,0.1422894448041916,0.0003,277.6839599609375
hamilton_ppo,3,2320,928000,-0.002298309178671758,617.5174417114258,1.028643637895584,0.0046481238678097725,0.04415000004228205,0.18180394172668457,0.14469283819198608,1.6856220960617065,24.966859817504883,-149.01565551757812,125.78555297851562,22.633386611938477,27.601661682128906,0.8996153752991005,42.85101446252167,0.04192254692316055,0.848282516002655,0.001125,0.006,-1.9173216819763184,-1.9492168426513672,0.14700016379356384,0.1423855423927307,0.0003,268.97125244140625
hamilton_ppo,3,2330,932000,-0.0008871566580288359,525.4853552246094,1.0234271061420441,0.004054517950862646,0.038999999971129,0.20048880577087402,0.14561673998832703,-0.5380021929740906,23.019062042236328,-158.262939453125,148.1009521484375,20.950279235839844,25.743961334228516,0.9222881359509434,28.514264802927645,0.04308736324310303,1.0245904922485352,0.000375,0.002,-1.9020442962646484,-1.9521372318267822,0.1492631733417511,0.14197032153606415,0.0003,179.2984619140625
hamilton_ppo,3,2340,936000,-0.001142610987057564,926.5557568359375,1.0137553989887238,0.0024425906594842672,0.015374999921768905,0.17810404300689697,0.14580006897449493,-3.969722032546997,30.47687530517578,-210.74864196777344,115.08401489257812,17.620590209960938,33.61724090576172,0.9830988393187482,58.61554972994573,0.045901019126176834,0.9157766103744507,0.000625,0.00375,-1.9006019830703735,-1.9510728120803833,0.14947861433029175,0.14212152361869812,0.0003,505.1252746582031
hamilton_ppo,3,2350,940000,-0.002951699495075082,602.2469921875,1.0188327729701996,0.009113894775509834,0.07007499985396862,0.20262324810028076,0.14499732851982117,-1.268123745918274,24.609872817993164,-160.2363739013672,112.34043884277344,16.568674087524414,27.559898376464844,0.9314444319532611,29.8364472659353,0.04174456372857094,0.715870201587677,0.000875,0.00375,-1.9125516414642334,-1.9498765468597412,0.14770302176475525,0.14229163527488708,0.0003,341.5069274902344
hamilton_ppo,3,2360,944000,-9.278173354450914e-05,725.8985455322265,1.0312926805019378,0.003621556330472231,0.036249999869614837,0.13918662071228027,0.1440291553735733,-2.1505367755889893,27.077402114868164,-141.37193298339844,131.53973388671875,14.016029357910156,29.18451499938965,1.0026031525983286,48.0426672864308,0.02980663999915123,0.9982599020004272,0.00075,0.00375,-1.9222452640533447,-1.9534776210784912,0.14627815783023834,0.14178016781806946,0.0003,333.7265319824219
hamilton_ppo,3,2370,948000,-0.0009058345981757299,726.3840756225586,1.0394769978523255,0.0025935322046279907,0.023950000018812714,0.030337870121002197,0.14383545517921448,3.763417959213257,27.06450080871582,-192.0306854248047,150.94598388671875,18.506399154663086,27.4846248626709,0.9885953194788496,35.146059646108746,0.034918755292892456,1.3874872922897339,0.0005,0.00275,-1.9272253513336182,-1.9510875940322876,0.14555150270462036,0.1421194225549698,0.0003,334.18524169921875
hamilton_ppo,3,2380,952000,-0.002143059644104497,782.4893603515625,1.0470596003532409,0.007338587194681168,0.06742499977350234,0.0772097110748291,0.14266714453697205,-1.5716805458068848,27.984024047851562,-148.4093017578125,124.32647705078125,16.61115074157715,29.1312198638916,1.165901678249925,25.740160387206924,0.059796109795570374,0.6647394299507141,0.000625,0.00525,-1.9337908029556274,-1.9608744382858276,0.14459902048110962,0.14073529839515686,0.0003,424.5959167480469
hamilton_ppo,3,2390,956000,-0.00016446422599256216,910.3589215087891,1.0575928580760956,0.006587982177734375,0.04782500029075891,0.06480365991592407,0.14247703552246094,2.537318468093872,30.21425437927246,-187.83277893066406,239.0374755859375,19.134254455566406,31.243558883666992,0.9345911591395085,33.26585672391243,0.04749603196978569,1.018418550491333,0.000625,0.004,-1.9345042705535889,-1.9628454446792603,0.1444958746433258,0.14045819640159607,0.0003,477.69158935546875
hamilton_ppo,3,2400,960000,-0.0009819606854012796,571.7909008789062,1.067171449661255,0.003953981678932905,0.0488999999826774,0.1542036533355713,0.14124491810798645,-0.7208123803138733,24.018409729003906,-108.36787414550781,117.5608901977539,18.471912384033203,26.116281509399414,0.9784674518025447,28.42749152924702,0.04252992570400238,1.2881100177764893,0.00125,0.0035,-1.935840129852295,-1.979148507118225,0.14430297911167145,0.13818685710430145,0.0003,279.5851745605469
hamilton_ppo,3,2410,964000,-0.0008305852998630137,470.55382354736327,1.0747084176540376,0.002878261264413595,0.04155000007711351,0.18883174657821655,0.14176906645298004,-0.08869726210832596,21.766721725463867,-113.20951843261719,102.27198791503906,18.460433959960938,24.167823791503906,1.0179651408932515,22.49276357130843,0.04626534879207611,1.3756521940231323,0.00075,0.00325,-1.9369611740112305,-1.9704304933547974,0.1441413015127182,0.13939683139324188,0.0003,236.24371337890625
hamilton_ppo,3,2420,968000,-0.0007347022120244251,738.2505627441407,1.0738878190517425,0.0028848990332335234,0.01564999994356185,0.17370182275772095,0.14100971817970276,1.3234971761703491,27.310651779174805,-138.22479248046875,156.8665771484375,19.642913818359375,30.044408798217773,0.9724042327389911,46.59372214993924,0.03000580333173275,0.7827390432357788,0.000375,0.00225,-1.9487605094909668,-1.9691966772079468,0.14245052635669708,0.13956892490386963,0.0003,301.1911926269531
hamilton_ppo,3,2430,972000,-0.001079276248283705,1040.274710083008,1.0816700947284699,0.006189513020217419,0.03565000033937395,-0.022862911224365234,0.14071252942085266,-1.071445345878601,32.82663345336914,-176.49771118164062,142.18716430664062,19.69553565979004,32.45769119262695,0.9924976568885542,70.97724933292767,0.04091915488243103,1.2055712938308716,0.001375,0.004,-1.9490764141082764,-1.973140835762024,0.14240552484989166,0.13901953399181366,0.0003,425.5375061035156
hamilton_ppo,3,2440,976000,-0.0002593790044322297,590.6828894042969,1.0871248602867127,0.003641123417764902,0.04417499991133809,0.07703495025634766,0.14048528671264648,-1.1576504707336426,24.35352325439453,-126.33201599121094,104.90555572509766,16.922773361206055,25.349485397338867,0.9584035357576269,20.499024879917283,0.044475678354501724,0.9049033522605896,0.001125,0.0045,-1.9608694314956665,-1.9644386768341064,0.14073601365089417,0.14023457467556,0.0003,278.4062805175781
hamilton_ppo,3,2450,980000,-0.0004174478566288542,709.0644833374023,1.0924826169013977,0.00598458107560873,0.07672500051558018,0.024292051792144775,0.13970866799354553,-0.2913600504398346,26.732534408569336,-129.71121215820312,148.99066162109375,16.608983993530273,27.063264846801758,1.189513706961958,21.45263129220763,0.04542900249361992,0.8473977446556091,0.000375,0.002,-1.9607447385787964,-1.975703239440918,0.14075356721878052,0.13866376876831055,0.0003,292.5563049316406
hamilton_ppo,3,2460,984000,-0.0014991422329269422,685.9121075439454,1.1052135372161864,0.00860215537250042,0.0979499998735264,0.035547494888305664,0.13883668184280396,1.0438333749771118,26.20648765563965,-120.20606231689453,258.3727111816406,17.94027328491211,26.685073852539062,1.0904824100516386,14.298083064911783,0.06840408593416214,0.7403717041015625,0.00025,0.0025,-1.961027979850769,-1.9880688190460205,0.14071369171142578,0.13695965707302094,0.0003,329.0840148925781
hamilton_ppo,3,2470,988000,-0.003018164810360755,980.8972229003906,1.108011964559555,0.011605379171669483,0.10672500013839453,0.03432208299636841,0.139454647898674,-2.391188621520996,31.327720642089844,-344.84136962890625,178.59059143066406,14.93527603149414,31.87958335876465,1.1150854321119292,22.626754723502696,0.05601305142045021,1.0558165311813354,0.000125,0.00125,-1.9625056982040405,-1.9775828123092651,0.14050590991973877,0.13840338587760925,0.0003,361.9449462890625
hamilton_ppo,3,2480,992000,-0.0024353232330147656,995.88048828125,1.100954521894455,0.014728322625160217,0.08035000031348317,0.041660964488983154,0.13961681723594666,-1.8277195692062378,31.575237274169922,-174.17466735839844,136.38629150390625,14.127729415893555,32.25425720214844,0.9239268709694305,21.43733651863001,0.03388478606939316,1.4005624055862427,0.00075,0.004,-1.9614924192428589,-1.9762696027755737,0.14064836502075195,0.13858525454998016,0.0003,418.49761962890625
hamilton_ppo,3,2490,996000,-0.0027931702422938545,608.022223815918,1.1075762927532196,0.006769075058400631,0.07674999993294478,0.06153815984725952,0.1384197175502777,1.2667109966278076,24.67137908935547,-128.88255310058594,103.22157287597656,15.626853942871094,25.467430114746094,1.1665727574411897,18.031379819917774,0.05402149260044098,0.9303424954414368,0.001125,0.00325,-1.9705833196640015,-1.9843940734863281,0.13937553763389587,0.13746388256549835,0.0003,267.1673889160156
hamilton_ppo,3,2500,1000000,-0.00123301697865827,398.13353454589844,1.1223224103450775,0.005163402296602726,0.055124999904073775,0.09699302911758423,0.13776251673698425,1.3430649042129517,19.982437133789062,-82.07706451416016,124.58192443847656,16.750051498413086,21.02823829650879,1.0419296203121853,15.836156984336963,0.062409237027168274,0.6128036379814148,0.00025,0.00125,-1.9831922054290771,-1.9812566041946411,0.1376291960477829,0.1378958523273468,0.0003,250.94454956054688
hamilton_ppo,4,10,4000,-0.0017815204367769156,109.13054019927978,0.16725896015763284,0.00367978448048234,0.023449999941512943,-0.0006797313690185547,0.22202157974243164,3.5271661281585693,10.166150093078613,-37.867408752441406,64.1806640625,3.6225943565368652,10.162696838378906,0.6683779212067258,6.832493192161971,0.06879548728466034,1.6914540529251099,0.0,0.0,-1.508473515510559,-1.5015000104904175,0.22124744951725006,0.22279570996761322,0.0003,55.37104797363281
hamilton_ppo,4,20,8000,-0.000550200369149021,63.994884452819825,0.17415854588150978,0.003925576340407133,0.015949999862350524,-0.0007576942443847656,0.22148080170154572,2.1515097618103027,7.935462474822998,-39.613014221191406,44.22315979003906,4.986135959625244,7.932457447052002,0.6195367527176545,4.35618719471108,0.08300904184579849,1.2870877981185913,0.0,0.0,-1.5091298818588257,-1.5057117938995361,0.2211022675037384,0.22185930609703064,0.0003,28.397974014282227
hamilton_ppo,4,30,12000,-0.0016668384345019137,76.27739093780518,0.17877699181437492,0.002623163629323244,0.012099999911151826,0.010799050331115723,0.2209112048149109,2.2429933547973633,8.705734252929688,-65.9228515625,66.03825378417969,7.088297367095947,8.753125190734863,0.6632548605737182,6.279243210085489,0.07325072586536407,1.391951560974121,0.0,0.0,-1.5156619548797607,-1.5043588876724243,0.21966272592544556,0.22215968370437622,0.0003,53.469078063964844
hamilton_ppo,4,40,16000,-0.0017683776401878327,39.09867340087891,0.1756157672405243,0.004124223720282316,0.02375000001396984,0.06246626377105713,0.2226852923631668,1.2811977863311768,6.3160529136657715,-32.656837463378906,30.716018676757812,8.33669376373291,6.523073673248291,0.6134135623413673,4.026561999102903,0.1358972191810608,1.4441711902618408,0.0,0.0,-1.5123822689056396,-1.4917160272598267,0.22038434445858002,0.2249862551689148,0.0003,15.710697174072266
hamilton_ppo,4,50,20000,-0.0018414793041214494,74.91062446594238,0.16592145696282387,0.0036691767163574696,0.017949999989941717,0.015446245670318604,0.22208517789840698,3.266702651977539,8.51660442352295,-35.46245574951172,69.24921417236328,11.451852798461914,8.583150863647461,0.6238224616866594,10.93667432271189,0.08508849889039993,1.2522614002227783,0.0,0.0,-1.5191285610198975,-1.4904654026031494,0.2189025580883026,0.22526778280735016,0.0003,33.03900909423828
hamilton_ppo,4,60,24000,-0.00044749245231650914,94.01534080505371,0.17070828154683113,0.0025073173455893993,0.0025749999890103937,0.028993606567382812,0.22254255414009094,2.703001022338867,9.593091011047363,-39.04596710205078,84.53622436523438,14.315946578979492,9.735259056091309,0.6101677353625822,10.983056745119109,0.07469308376312256,0.8701826930046082,0.0,0.0,-1.5163204669952393,-1.489138126373291,0.21951811015605927,0.22556698322296143,0.0003,63.277427673339844
hamilton_ppo,4,70,28000,-0.0028428990090207675,144.05797470092773,0.1643752546608448,0.0034776676911860704,0.017600000076927243,0.0465390682220459,0.22316023707389832,-1.0764172077178955,12.261345863342285,-76.48497009277344,48.85954284667969,13.014147758483887,12.557024002075195,0.6067827796120497,12.202909688818709,0.08745869994163513,1.5963214635849,0.0,0.0,-1.5155272483825684,-1.4844447374343872,0.21969231963157654,0.2266281396150589,0.0003,88.86471557617188
hamilton_ppo,4,80,32000,-0.0036564167597171026,43.2018537902832,0.15921442747116088,0.004560365341603756,0.04302500010933727,0.2543770670890808,0.22378641366958618,0.5749711990356445,6.710897922515869,-34.71114730834961,30.844985961914062,12.739480018615723,7.771789073944092,0.6744930860870422,5.099630761812318,0.10140040516853333,1.024003267288208,0.0,0.0,-1.5144766569137573,-1.4799476861953735,0.2199232429265976,0.22764958441257477,0.0003,21.801504135131836
hamilton_ppo,4,90,36000,-0.0012729232142279212,122.8911247253418,0.1553265519440174,0.0038285055197775364,0.0231499999249354,0.19432812929153442,0.22401481866836548,0.5923543572425842,11.11390495300293,-56.97023391723633,62.06798553466797,12.807831764221191,12.381908416748047,0.5782466162176323,9.127084150521274,0.09010934829711914,0.4739014506340027,0.0,0.0,-1.514275074005127,-1.4781376123428345,0.2199675738811493,0.22806203365325928,0.0003,58.04033279418945
hamilton_ppo,4,100,40000,-0.003872727455539642,71.5461389541626,0.15883512422442436,0.003771431278437376,0.03744999992661178,0.30885303020477295,0.22283102571964264,0.7342890501022339,8.501250267028809,-40.065696716308594,52.19807434082031,14.415587425231934,10.225807189941406,0.6276980853441851,5.960143458250508,0.09803400933742523,0.5868964195251465,0.0,0.0,-1.5226126909255981,-1.4805134534835815,0.21814121305942535,0.22752083837985992,0.0003,31.470470428466797
hamilton_ppo,4,110,44000,-0.00236712016397687,75.70263233184815,0.16842566564679146,0.002876842860132456,0.018175000064074992,0.2627803683280945,0.22196634113788605,1.5657260417938232,8.687712669372559,-56.151893615722656,55.58064270019531,16.489749908447266,10.118287086486816,0.5715414946950113,8.398950636368236,0.07399268448352814,0.6202532052993774,0.0,0.0,-1.5279631614685059,-1.4830012321472168,0.21697716414928436,0.22695553302764893,0.0003,43.38444900512695
hamilton_ppo,4,120,48000,-0.0023082876871281773,114.39897239685058,0.175191969871521,0.0039439210668206215,0.01624999998603016,0.2693222761154175,0.22162091732025146,0.005230987444519997,10.832335472106934,-56.910491943359375,89.95152282714844,14.91262149810791,12.672408103942871,0.6652647697174515,12.004056265138932,0.10568775981664658,0.9309197664260864,0.0,0.0,-1.5299419164657593,-1.4841560125350952,0.21654824912548065,0.22669357061386108,0.0003,78.03005981445312
hamilton_ppo,4,130,52000,-0.0020065181661120726,96.79595596313476,0.1773718376457691,0.004309248179197311,0.020025000097230076,0.4153955578804016,0.22137044370174408,-0.34662505984306335,9.997121810913086,-54.61871337890625,47.64493942260742,14.93181037902832,13.075067520141602,0.5948445363388114,11.68560029654493,0.09334268420934677,0.8162920475006104,0.0,0.0,-1.5303425788879395,-1.4859848022460938,0.21646149456501007,0.2262793928384781,0.0003,47.8410758972168
hamilton_ppo,4,140,56000,-0.0026000879751092707,121.36450233459473,0.17830454662442208,0.002809175755828619,0.011825000001117587,0.41053956747055054,0.22140371799468994,1.1504573822021484,11.087801933288574,-86.47154998779297,73.71701049804688,15.158303260803223,14.441693305969238,0.6513386166205524,12.755674425423795,0.09200802445411682,1.1342427730560303,0.0,0.0,-1.5350725650787354,-1.4811880588531494,0.2154400497674942,0.22736740112304688,0.0003,57.70142364501953
hamilton_ppo,4,150,60000,-0.0011549934001460738,50.49700761795044,0.1817433014512062,0.004705005791038275,0.012374999979510904,0.5490981340408325,0.2202029526233673,2.0235934257507324,7.125860691070557,-20.679485321044922,58.786746978759766,18.413230895996094,10.611977577209473,0.5829253470458235,10.641827840713843,0.0997983068227768,0.6974797248840332,0.0,0.00025,-1.53555166721344,-1.4913480281829834,0.2153368592262268,0.22506903111934662,0.0003,21.135852813720703
hamilton_ppo,4,160,64000,-0.0020973857473637514,66.89114135742187,0.19047869980335236,0.002819125773385167,0.01147499994840473,0.46320784091949463,0.22001877427101135,1.5476458072662354,8.566311836242676,-40.00032043457031,55.811283111572266,19.20620346069336,11.69205379486084,0.5846879696898986,15.486317702523975,0.08046779036521912,1.294214129447937,0.0,0.0,-1.5353151559829712,-1.4932128190994263,0.21538779139518738,0.22464974224567413,0.0003,33.4100456237793
hamilton_ppo,4,170,68000,-0.0011534906622844576,136.6330418395996,0.1924276167154312,0.0032785602379590273,0.011149999937042594,0.42490386962890625,0.21940743923187256,0.9837672710418701,11.958730697631836,-100.14591979980469,61.40098571777344,19.487873077392578,15.769389152526855,0.6513250182718217,16.731722375418116,0.0681067407131195,1.1129404306411743,0.0,0.0,-1.5416877269744873,-1.4925651550292969,0.21401958167552948,0.22479528188705444,0.0003,59.36117172241211
hamilton_ppo,4,180,72000,-0.0024106711682934457,99.81194030761719,0.19808733746409415,0.0031250149477273226,0.012724999906495213,0.6016940474510193,0.2190036028623581,-0.052693724632263184,10.350963592529297,-60.68992614746094,80.0075454711914,19.193628311157227,16.401077270507812,0.5966388571750518,17.88740055785968,0.0813569724559784,1.105820655822754,0.0,0.0,-1.539654016494751,-1.498111605644226,0.2144552767276764,0.2235518991947174,0.0003,47.10901641845703
hamilton_ppo,4,190,76000,-0.0007890554178688003,55.18939750671387,0.20331737220287324,0.0035386071540415287,0.007300000004470349,0.7046976685523987,0.21838918328285217,-0.5617787837982178,7.789513111114502,-38.36638259887695,38.29901885986328,19.817054748535156,14.33431339263916,0.6381439341822022,15.397990818380931,0.07448939979076385,0.8761987090110779,0.0,0.0,-1.5486220121383667,-1.4950485229492188,0.2125406414270401,0.22423772513866425,0.0003,31.983678817749023
hamilton_ppo,4,200,80000,-0.000976450976535852,95.12641960144043,0.20730514079332352,0.002925633220002055,0.011800000038929283,0.6241488456726074,0.21788591146469116,-0.2510821223258972,9.897722244262695,-59.00664138793945,54.07555389404297,18.000444412231445,16.144601821899414,0.6145685811861926,15.822546716175095,0.07066605985164642,0.8962960839271545,0.0,0.0,-1.5507055521011353,-1.4975676536560059,0.21209828555583954,0.22367355227470398,0.0003,40.11628341674805
hamilton_ppo,4,210,84000,-0.0005604314245018038,95.78140949249267,0.21157368451356887,0.0019269224721938372,0.0023999999556690455,0.5251010060310364,0.21764077246189117,1.531336784362793,10.251526832580566,-50.65766143798828,92.10502624511719,20.134960174560547,14.876060485839844,0.5906063077573002,23.958450702121674,0.05067773908376694,1.233959674835205,0.0,0.0,-1.551485300064087,-1.4990215301513672,0.2119329571723938,0.22334858775138855,0.0003,46.993080139160156
hamilton_ppo,4,220,88000,-0.0010998738341382697,56.17383182525635,0.2160639615356922,0.0036117639392614365,0.013825000002980233,0.6881195306777954,0.2168079912662506,0.6597954630851746,7.6603593826293945,-36.07977294921875,51.10911560058594,18.801664352416992,13.71687126159668,0.5984285926073108,10.324232795264047,0.07187029719352722,1.1515071392059326,0.0,0.0,-1.5620641708374023,-1.4964966773986816,0.2097027748823166,0.22391320765018463,0.0003,25.02576446533203
hamilton_ppo,4,230,92000,-0.000745037499934551,51.04557559967041,0.21589129373431207,0.0034787622280418873,0.010249999910593032,0.6940673589706421,0.21770088374614716,-0.34867578744888306,7.212802886962891,-30.134441375732422,38.522518157958984,19.137332916259766,13.040407180786133,0.5583143475489611,9.029253916109152,0.10085857659578323,0.6437578201293945,0.0,0.0,-1.5533779859542847,-1.4966917037963867,0.21153220534324646,0.22386956214904785,0.0003,27.450939178466797
hamilton_ppo,4,240,96000,-0.0024694889702135694,80.54053890228272,0.2168791599571705,0.0030637222807854414,0.017149999984540046,0.5886104106903076,0.21674074232578278,-0.6746171116828918,9.188430786132812,-76.88912963867188,44.06558609008789,18.033597946166992,14.325663566589355,0.6195599208687673,12.916536625786533,0.08742240071296692,1.086506962776184,0.0,0.0,-1.5570951700210571,-1.5017764568328857,0.2107473760843277,0.22273412346839905,0.0003,37.94023132324219
hamilton_ppo,4,250,100000,-0.0006096473521931333,44.97405536651611,0.22177464336156846,0.0021630018018186092,0.006499999957159161,0.7146465182304382,0.21653272211551666,-0.01976465992629528,6.90871524810791,-35.6892204284668,40.1670036315918,17.149444580078125,12.933191299438477,0.5827267207062451,7.834797130300079,0.08208994567394257,1.2463284730911255,0.0,0.0,-1.5548648834228516,-1.5057649612426758,0.21121791005134583,0.2218475192785263,0.0003,24.332918167114258
hamilton_ppo,4,260,104000,-0.0004808481421845556,79.11791889190674,0.2226581645011902,0.0035185683518648148,0.01244999995920807,0.5757855176925659,0.21635127067565918,1.2242305278778076,8.974879264831543,-52.11552429199219,90.64068603515625,17.379806518554688,13.779577255249023,0.7142100832944652,10.14230680814098,0.07604776322841644,1.2632039785385132,0.0,0.0,-1.553855061531067,-1.5083661079406738,0.2114313244819641,0.22127121686935425,0.0003,36.61201477050781
hamilton_ppo,4,270,108000,-0.0012259944097255371,105.55473793029785,0.22550274074077606,0.003314884379506111,0.01472500002477318,0.5222023129463196,0.21617814898490906,-1.946475625038147,10.39632797241211,-60.75281524658203,56.291465759277344,15.741436004638672,15.040349006652832,0.6044202907526539,16.016681440648163,0.09732308238744736,0.64031982421875,0.0,0.0,-1.5519826412200928,-1.5117273330688477,0.2118275761604309,0.2205287218093872,0.0003,48.59188461303711
hamilton_ppo,4,280,112000,-0.003622257195581913,80.76688838958741,0.23374552220106126,0.005648348946124315,0.0453500003227964,0.634224534034729,0.21455858647823334,-0.9880427122116089,9.059000015258789,-61.54890823364258,57.10667419433594,15.306766510009766,14.978659629821777,0.6009635923761636,14.277888679732321,0.06975073367357254,0.6580206155776978,0.0,0.0,-1.5593695640563965,-1.519375205039978,0.21026860177516937,0.2188485562801361,0.0003,39.145694732666016
hamilton_ppo,4,290,116000,-0.00030547519978936234,116.39179733276367,0.23877052798867227,0.0021005370654165745,0.0036749999551102517,0.5774960517883301,0.21525998413562775,-1.2091890573501587,10.994610786437988,-51.206565856933594,74.32740783691406,13.546065330505371,16.91470718383789,0.6115509348127861,19.550777963087015,0.03226106986403465,0.8689736723899841,0.0,0.0,-1.5516910552978516,-1.520371675491333,0.2118893712759018,0.2186306118965149,0.0003,53.505332946777344
hamilton_ppo,4,300,120000,-0.0022263747270058953,113.14867095947265,0.2322847431898117,0.0037208828143775463,0.026575000141747296,0.5437270402908325,0.21557281911373138,0.5599386692047119,10.846524238586426,-51.011138916015625,80.95855712890625,13.494816780090332,16.057512283325195,0.5881883696313214,15.183754299900551,0.07658863812685013,1.1662602424621582,0.0,0.0,-1.549774408340454,-1.5193697214126587,0.21229586005210876,0.2188497632741928,0.0003,57.48375701904297
hamilton_ppo,4,310,124000,-0.003022215974018034,181.31035659790038,0.23365651279687882,0.004909377545118332,0.04182500020135194,0.3216065764427185,0.21494197845458984,0.26828691363334656,13.732038497924805,-78.85084533691406,102.091796875,15.745145797729492,16.672250747680664,0.572690629524877,20.379262175069776,0.07296302914619446,1.2015726566314697,0.0,0.0,-1.5537517070770264,-1.521286129951477,0.2114531695842743,0.2184307873249054,0.0003,105.03929138183594
hamilton_ppo,4,320,128000,-0.0008381152847883633,65.06908390045166,0.2467157280445099,0.004685267340391874,0.023850000002421438,0.506016194820404,0.21341657638549805,0.10966906696557999,8.195066452026367,-56.70737838745117,48.901065826416016,14.431869506835938,11.659934043884277,0.6336921083251696,7.766500617489254,0.10318190604448318,0.6482296586036682,0.0,0.0,-1.5511960983276367,-1.5378669500350952,0.2119942605495453,0.2148388773202896,0.0003,37.22698974609375
hamilton_ppo,4,330,132000,-0.002651395534619225,92.34579093933105,0.24940220713615419,0.005011385306715965,0.040549999908544125,0.3803836703300476,0.2136828899383545,0.3327098488807678,9.72821044921875,-49.79986572265625,41.51749801635742,15.785482406616211,12.358664512634277,0.5313106891068534,8.64056187090933,0.08701758086681366,1.0198371410369873,0.0,0.0,-1.5408194065093994,-1.5457109212875366,0.21420550346374512,0.21316026151180267,0.0003,40.49604797363281
hamilton_ppo,4,340,136000,-0.001571088201177191,89.96713405609131,0.24991925239562987,0.0029155509546399117,0.021850000005215406,0.4626983404159546,0.21320770680904388,-1.344349980354309,9.62191390991211,-85.08444213867188,54.79096221923828,13.539140701293945,13.126604080200195,0.606584551942569,11.98995823073207,0.07463143765926361,0.9698379635810852,0.0,0.0,-1.544202208518982,-1.546776294708252,0.21348212659358978,0.21293330192565918,0.0003,47.346683502197266
hamilton_ppo,4,350,140000,-0.0020501234512899824,105.29066524505615,0.2518665662407875,0.002301593543961644,0.01700000001117587,0.43525630235671997,0.2134190797805786,0.9997875094413757,10.31093692779541,-56.610782623291016,97.71632385253906,14.801839828491211,13.720579147338867,0.6222781160884748,10.105262444403463,0.0649740919470787,0.9929544925689697,0.0,0.0,-1.539310097694397,-1.549712061882019,0.21452905237674713,0.2123091071844101,0.0003,38.87116622924805
hamilton_ppo,4,360,144000,-0.0017503463104119876,130.61090950012206,0.2571418622136116,0.004373731091618538,0.027349999975413083,0.439822793006897,0.21172267198562622,0.6140189170837402,11.464981079101562,-49.87596130371094,92.2938232421875,13.677988052368164,15.3183012008667,0.6092386824055466,10.631663590260892,0.06300561130046844,0.5805967450141907,0.0,0.0,-1.542202115058899,-1.5628606081008911,0.21390953660011292,0.20953582227230072,0.0003,63.77493667602539
hamilton_ppo,4,370,148000,-0.0025153802446802732,55.38789405822754,0.2675408220291138,0.004123074468225241,0.028500000019557773,0.5801383256912231,0.21138831973075867,1.1094893217086792,7.527968406677246,-32.17741012573242,66.7029037475586,16.550867080688477,11.61782169342041,0.5567062402096634,8.136285515224754,0.06963326036930084,1.0082354545593262,0.0,0.0,-1.5438611507415771,-1.5643607378005981,0.21355494856834412,0.2092217057943344,0.0003,30.215660095214844
hamilton_ppo,4,380,152000,-0.001518341924462403,83.20113555908203,0.27001480221748353,0.0031725093722343445,0.015425000060349702,0.5217244029045105,0.21142828464508057,0.7520399689674377,9.421642303466797,-113.34121704101562,47.93328094482422,18.026111602783203,13.623462677001953,0.5456557797784681,11.86229297869719,0.05884132906794548,1.25284743309021,0.0,0.0,-1.5453680753707886,-1.5624436140060425,0.2132333666086197,0.20962321758270264,0.0003,30.27157211303711
hamilton_ppo,4,390,156000,-0.0013357284337615072,172.81030448913575,0.2722306349873543,0.0021731832530349493,0.00574999994598329,0.39750272035598755,0.2107854187488556,-2.1429357528686523,13.290804862976074,-79.80009460449219,54.739601135253906,15.18310260772705,17.122758865356445,0.6409771925080194,19.994938910491868,0.05589822679758072,0.8119503259658813,0.0,0.0,-1.5488570928573608,-1.565037727355957,0.21249067783355713,0.20908011496067047,0.0003,88.6968994140625
hamilton_ppo,4,400,160000,-0.001221995023513589,51.64081169128418,0.2750417804718018,0.003301620949059725,0.009424999952316285,0.733615517616272,0.21078431606292725,-0.9505266547203064,7.351491451263428,-60.67734146118164,24.744455337524414,14.628057479858398,14.243640899658203,0.5291581689416779,9.343254471946075,0.0742078423500061,0.9732715487480164,0.0,0.00025,-1.5430364608764648,-1.5709987878799438,0.21373113989830017,0.20783750712871552,0.0003,36.43315887451172
hamilton_ppo,4,410,164000,-0.001986397262131874,135.6289412689209,0.2735503327846527,0.004060238134115934,0.019549999916926027,0.5182198882102966,0.21140128374099731,-1.56406569480896,11.763427734375,-108.16287231445312,35.924781799316406,12.344761848449707,16.947649002075195,0.5596542614996741,16.122128754036616,0.07955469936132431,1.0782253742218018,0.0,0.00025,-1.5406078100204468,-1.5675681829452515,0.214250847697258,0.20855171978473663,0.0003,63.542545318603516
hamilton_ppo,4,420,168000,-0.001310540038417094,56.65185447692871,0.2676918321847916,0.004658747464418411,0.021475000018253924,0.7132127285003662,0.21191197633743286,1.3625104427337646,7.630672931671143,-46.50640869140625,52.92857360839844,16.155040740966797,14.248950958251953,0.5598919534773786,11.773876155333472,0.09001586586236954,0.6954296231269836,0.0,0.0,-1.5307666063308716,-1.5728446245193481,0.21636974811553955,0.20745420455932617,0.0003,25.22130584716797
hamilton_ppo,4,430,172000,-0.0008344590515080208,168.82842025756835,0.2694128957390785,0.00417298823595047,0.015200000014156103,0.4769876003265381,0.2110237181186676,-1.0448068380355835,13.219285011291504,-88.44961547851562,72.35256958007812,11.633712768554688,18.278980255126953,0.5407674621495273,17.759607159555586,0.09151455014944077,1.1008219718933105,0.0,0.0,-1.5345096588134766,-1.5775222778320312,0.21556134521961212,0.20648609101772308,0.0003,78.65449523925781
hamilton_ppo,4,440,176000,-0.004190528364345481,110.45266632080079,0.2795646077394485,0.003517047967761755,0.01959999996703118,0.47202354669570923,0.20950227975845337,1.0103075504302979,10.79092788696289,-51.801387786865234,78.59522247314453,17.356393814086914,14.85085678100586,0.558424060382799,15.023777520504673,0.07991144061088562,1.167076587677002,0.0,0.0,-1.5460656881332397,-1.5802680253982544,0.21308468282222748,0.20591990649700165,0.0003,56.49877166748047
hamilton_ppo,4,450,180000,-0.001339932782135289,56.278920860290526,0.28635994404554366,0.0033145174384117126,0.014650000021792947,0.6569938659667969,0.21014606952667236,0.8556413650512695,7.524652481079102,-46.40831756591797,55.50140380859375,17.55369758605957,12.84799861907959,0.5507634471945001,7.659953000521287,0.09787452965974808,0.7096570134162903,0.0,0.0,-1.537455439567566,-1.5829672813415527,0.2149273008108139,0.20536480844020844,0.0003,28.832727432250977
hamilton_ppo,4,460,184000,-0.0012122526580991711,191.7685040283203,0.28715129017829893,0.0028559290803968906,0.009474999993108213,0.2977163791656494,0.20891597867012024,0.5799219012260437,14.11276626586914,-86.9863052368164,78.84385681152344,18.060054779052734,16.840534210205078,0.6125692073221018,17.387972983849238,0.08795101940631866,1.175013780593872,0.0,0.0,-1.5469521284103394,-1.5850571393966675,0.21289585530757904,0.20493608713150024,0.0003,116.30614471435547
hamilton_ppo,4,470,188000,-0.00199857449310075,161.61235733032225,0.29265284925699236,0.0024474081583321095,0.011949999975040555,0.3338856101036072,0.20910805463790894,-1.2434446811676025,12.799652099609375,-61.09913635253906,76.67078399658203,17.433082580566406,15.682806968688965,0.5946414957740517,16.364715250827402,0.07910032570362091,0.8063682317733765,0.0,0.0,-1.548194169998169,-1.5818979740142822,0.21263159811496735,0.20558452606201172,0.0003,79.47442626953125
hamilton_ppo,4,480,192000,-0.002977633009077536,162.81462524414061,0.29717584162950517,0.004019306041300297,0.022475000037811697,0.278262197971344,0.20790104568004608,1.5157785415649414,13.068750381469727,-32.17018127441406,150.03919982910156,18.424114227294922,15.383116722106934,0.5551159914569027,13.143705183144887,0.1262773722410202,1.6008456945419312,0.0,0.0005,-1.5568721294403076,-1.5847076177597046,0.2107943743467331,0.20500771701335907,0.0003,92.1377182006836
hamilton_ppo,4,490,196000,-0.002106821220972783,143.60787406921386,0.3021115300059318,0.0055410005152225494,0.040174999991431835,0.41726261377334595,0.20817969739437103,0.11203064024448395,12.15243911743164,-78.76720428466797,77.17688751220703,17.980175018310547,15.919412612915039,0.6129208814571989,14.106798566850925,0.05523304641246796,1.2263634204864502,0.0,0.0,-1.556868553161621,-1.5819965600967407,0.21079513430595398,0.20556426048278809,0.0003,56.83089065551758
hamilton_ppo,4,500,200000,-0.0013189835202894783,81.67362842559814,0.29809620052576064,0.002835837658494711,0.011074999985285104,0.5749934911727905,0.2091391682624817,-1.0570008754730225,9.191242218017578,-55.92367935180664,46.21272659301758,17.337797164916992,14.098613739013672,0.5288404123567965,11.191616826493835,0.08971729874610901,1.2587237358093262,0.0,0.0,-1.5552241802215576,-1.5743783712387085,0.21114204823970795,0.20713627338409424,0.0003,44.41899108886719
hamilton_ppo,4,510,204000,-0.0011578763391906265,65.72291213989257,0.2941173800826073,0.00396022479981184,0.018474999945610762,0.6149612665176392,0.20829686522483826,0.30139362812042236,8.208877563476562,-31.324447631835938,70.45513153076172,17.62795066833496,13.22913932800293,0.568291902209249,9.56907095269954,0.10391226410865784,0.782602071762085,0.0,0.0,-1.5608645677566528,-1.5767807960510254,0.20995448529720306,0.20663924515247345,0.0003,47.343833923339844
hamilton_ppo,4,520,208000,-0.0019646217676403486,225.5084063720703,0.2989458137750626,0.003944130148738623,0.020524999969638885,0.24910801649093628,0.20845243334770203,0.005866454914212227,15.112322807312012,-96.16226959228516,111.72073364257812,17.882781982421875,17.43984031677246,0.6335089265210205,20.5142942131046,0.10813935846090317,0.7142395377159119,0.0,0.0,-1.5612033605575562,-1.57493257522583,0.20988336205482483,0.20702150464057922,0.0003,126.25930786132812
hamilton_ppo,4,530,212000,-0.0011066231217671874,81.4194734954834,0.29669523626565936,0.004334022291004658,0.017324999999254943,0.5267178416252136,0.2086903154850006,0.5489243268966675,9.075216293334961,-78.99876403808594,63.157318115234375,18.028100967407227,13.191582679748535,0.5214660763640072,11.002802962883166,0.10224644094705582,0.6634140014648438,0.0,0.00025,-1.5567574501037598,-1.577154278755188,0.21081854403018951,0.2065620869398117,0.0003,38.003753662109375
hamilton_ppo,4,540,216000,-0.0019043303753678619,57.23874584197998,0.29402256339788435,0.00523795373737812,0.036874999925494194,0.6075043082237244,0.20910224318504333,-0.7232578992843628,7.666812896728516,-49.230228424072266,36.82243347167969,17.965932846069336,12.237632751464844,0.4894075501542807,8.900339884372256,0.0990557074546814,0.7947653532028198,0.0,0.0,-1.5583152770996094,-1.5715926885604858,0.2104903906583786,0.20771409571170807,0.0003,29.195985794067383
hamilton_ppo,4,550,220000,-0.00018505208448768906,155.5977170562744,0.2902552545070648,0.0017300632316619158,0.0015499999793246388,0.29052048921585083,0.20945341885089874,-1.5017648935317993,12.725041389465332,-88.52141571044922,46.91259765625,16.574237823486328,15.10738468170166,0.5544196571207337,19.67299026665372,0.04252011328935623,1.1960629224777222,0.0,0.0,-1.5533233880996704,-1.5732840299606323,0.2115437537431717,0.2073630690574646,0.0003,73.01168823242188
hamilton_ppo,4,560,224000,-0.002228582352755799,56.09448902130127,0.2928126063942909,0.00504543399438262,0.03887500007171184,0.589331865310669,0.2084343135356903,1.1868687868118286,7.549006938934326,-66.17092895507812,34.843360900878906,17.749637603759766,11.779973983764648,0.5371843528254727,9.310913065180467,0.0917704850435257,0.795904815196991,0.0,0.0,-1.5523122549057007,-1.5842045545578003,0.21175776422023773,0.20511086285114288,0.0003,31.980770111083984
hamilton_ppo,4,570,228000,-0.001658940373500013,132.27197830200194,0.3002972614765167,0.004975814837962389,0.016549999872222543,0.37860774993896484,0.20804892480373383,1.3351792097091675,11.653929710388184,-68.9690933227539,109.13055419921875,19.14255142211914,14.783915519714355,0.5713768200300878,14.917713833614942,0.12386108189821243,1.10111665725708,0.000125,0.00025,-1.5547503232955933,-1.5854493379592896,0.21124210953712463,0.20485572516918182,0.0003,86.17151641845703
hamilton_ppo,4,580,232000,-0.0015489851496255148,39.591985054016114,0.2993707710504532,0.0026701809838414192,0.02257499990053475,0.7226219773292542,0.20879042148590088,0.4989154636859894,6.602334976196289,-53.06227111816406,28.8594913482666,18.915292739868164,12.536072731018066,0.5237232851170787,9.977078782146227,0.10888376832008362,0.9617136120796204,0.0,0.0,-1.5472043752670288,-1.5860209465026855,0.2128421664237976,0.20473864674568176,0.0003,16.988971710205078
hamilton_ppo,4,590,236000,-0.001534684083332829,50.18407730102539,0.29595998376607896,0.0028378195129334927,0.017124999994412065,0.7192469835281372,0.2082703709602356,-0.2132219523191452,7.2688493728637695,-45.485286712646484,31.959800720214844,19.69729232788086,13.718399047851562,0.5368972201204953,9.17832977979524,0.08133440464735031,0.8766772150993347,0.0,0.0,-1.5503119230270386,-1.5878772735595703,0.21218177676200867,0.20435895025730133,0.0003,27.331031799316406
hamilton_ppo,4,600,240000,-0.0017734736248487025,94.55388648986816,0.30172952681779863,0.0021065447945147753,0.006674999948590994,0.5947694182395935,0.20826920866966248,-0.8421829342842102,9.944270133972168,-84.60768127441406,47.056846618652344,17.928741455078125,15.621466636657715,0.5413539529960613,14.036754392787689,0.08482356369495392,0.9769482016563416,0.0,0.0,-1.5449432134628296,-1.5934935808181763,0.21332398056983948,0.20321442186832428,0.0003,45.342586517333984
hamilton_ppo,4,610,244000,-0.0027845022191875656,114.39481063842773,0.29684606194496155,0.004669909365475178,0.03955000015441328,0.5936635136604309,0.20906782150268555,-0.7945281863212585,10.83643913269043,-76.09483337402344,46.628421783447266,16.907066345214844,16.999794006347656,0.5152041429434367,14.58045232330639,0.12759074568748474,0.8637335300445557,0.0,0.0,-1.541699767112732,-1.589053988456726,0.21401703357696533,0.20411862432956696,0.0003,42.00796890258789
hamilton_ppo,4,620,248000,-0.0016578771877882902,48.532581901550294,0.29503373384475706,0.002608260838314891,0.02194999999832362,0.7530143857002258,0.20831069350242615,0.016419509425759315,7.11852502822876,-43.30519485473633,27.49142074584961,16.583843231201172,14.323665618896484,0.5111957314043298,8.631161129231247,0.07071012258529663,0.5918659567832947,0.0,0.0,-1.5411362648010254,-1.5970957279205322,0.21413764357566833,0.20248372852802277,0.0003,23.390398025512695
hamilton_ppo,4,630,252000,-0.004116036903327038,213.83314682006835,0.3011571687459946,0.003334957640618086,0.022124999887309968,0.4328324794769287,0.20821532607078552,-2.79762601852417,14.814720153808594,-91.2982406616211,74.67478942871094,15.091827392578125,19.671512603759766,0.5789150069907901,29.353291152100113,0.07896576076745987,1.0297918319702148,0.0,0.0,-1.539829969406128,-1.5994226932525635,0.21441756188869476,0.20201310515403748,0.0003,119.11111450195312
hamilton_ppo,4,640,256000,-0.002519559006475447,178.0577555847168,0.30018304616212843,0.002918809186667204,0.018449999862350523,0.4909600615501404,0.20846033096313477,0.16363245248794556,13.437976837158203,-99.23189544677734,74.03599548339844,14.718978881835938,18.834667205810547,0.6550349394999613,18.9947226028911,0.09216533601284027,0.6371957063674927,0.0,0.0,-1.5321544408798218,-1.605191946029663,0.21606966853141785,0.20085100829601288,0.0003,88.1212158203125
hamilton_ppo,4,650,260000,-0.002382395325681137,171.87487426757812,0.29789295673370364,0.005893544759601355,0.04090000013820827,0.4687153100967407,0.20872649550437927,-0.3802599608898163,13.152017593383789,-81.77278900146484,86.02200317382812,14.19153118133545,18.0438289642334,0.5891796098657688,16.173536480934402,0.1279064267873764,0.47587472200393677,0.0,0.0,-1.5294532775878906,-1.6054513454437256,0.21665407717227936,0.200798898935318,0.0003,95.40746307373047
hamilton_ppo,4,660,264000,-0.0013301801307216011,163.49043632507323,0.2962296912074089,0.0029929219745099545,0.012875000028871,0.44968658685684204,0.20881423354148865,-1.2856764793395996,13.195199966430664,-61.838714599609375,74.87216186523438,12.794434547424316,17.787336349487305,0.5468325634328902,27.28201966070656,0.07243573665618896,1.0115083456039429,0.0,0.0005,-1.5253126621246338,-1.6090606451034546,0.2175530195236206,0.2000754475593567,0.0003,83.44302368164062
hamilton_ppo,4,670,268000,-0.000753948332119041,180.75828651428222,0.29754273742437365,0.002350976224988699,0.0073249999387189745,0.376611590385437,0.2085082232952118,-0.288783997297287,13.690162658691406,-64.8357162475586,114.94746398925781,11.28978443145752,17.339208602905273,0.5134821442769902,16.279896443025436,0.08386238664388657,1.1750208139419556,0.0,0.0,-1.5273488759994507,-1.6099082231521606,0.2171104997396469,0.19990596175193787,0.0003,73.79967498779297
hamilton_ppo,4,680,272000,-0.0012376231825392114,128.16409912109376,0.30483361452817914,0.002359227742999792,0.011224999940022826,0.4397084712982178,0.20730668306350708,-0.27969324588775635,11.506706237792969,-93.6711654663086,61.895294189453125,12.312006950378418,15.372481346130371,0.5906246265725831,13.764358825059764,0.08500196784734726,1.1184413433074951,0.0,0.0,-1.5332127809524536,-1.6155954599380493,0.21584109961986542,0.19877226650714874,0.0003,65.42796325683594
hamilton_ppo,4,690,276000,-0.0026467346637997257,138.58901985168458,0.31372103035449983,0.004962271545082331,0.03554999987129122,0.4746190309524536,0.20660662651062012,-2.5322134494781494,11.841092109680176,-79.4647445678711,44.93663787841797,10.298605918884277,16.336332321166992,0.5294232524358027,15.717818070588157,0.10812585800886154,1.392431378364563,0.0,0.0,-1.5390108823776245,-1.6163618564605713,0.21459324657917023,0.19861997663974762,0.0003,58.77286148071289
hamilton_ppo,4,700,280000,-0.0014937703418207082,119.33940269470214,0.32409593760967254,0.003123660571873188,0.017899999930523335,0.4460105895996094,0.20493140816688538,0.05190619081258774,11.114765167236328,-54.79558181762695,68.87635040283203,10.885207176208496,14.933084487915039,0.5851255238331733,13.103984894856762,0.07848505675792694,1.096895694732666,0.0,0.00025,-1.5559234619140625,-1.6151121854782104,0.2109944373369217,0.19886836409568787,0.0003,49.09129333496094
hamilton_ppo,4,710,284000,-0.0020807453588480708,69.80822761535644,0.3366021996736526,0.0032555642537772655,0.017075000097975135,0.4831101894378662,0.2039811611175537,1.9306296110153198,8.473042488098145,-40.91947555541992,52.21256637573242,13.769763946533203,11.785293579101562,0.5266461460991879,12.198175445095126,0.08356248587369919,0.9289066791534424,0.0,0.0,-1.563253402709961,-1.6169219017028809,0.2094535231590271,0.19850878417491913,0.0003,37.388999938964844
hamilton_ppo,4,720,288000,-0.0014783583345552031,69.49038990020752,0.3480748474597931,0.0051923515275120735,0.024974999972619115,0.473449170589447,0.2026812583208084,1.0688852071762085,8.466090202331543,-59.1715202331543,45.558074951171875,12.282546043395996,11.667096138000488,0.5153941215928923,9.118502701023088,0.11618291586637497,0.9221823215484619,0.0,0.0,-1.5696210861206055,-1.623341679573059,0.20812402665615082,0.197238489985466,0.0003,31.485734939575195
hamilton_ppo,4,730,292000,-0.0006809043799337822,49.41822387695313,0.3577645221352577,0.0034221303649246693,0.015224999925121665,0.46547549962997437,0.20199955999851227,0.4673937261104584,7.242745399475098,-43.65143966674805,41.67275619506836,13.741191864013672,9.906479835510254,0.5163383773993128,7.567995803810269,0.11951696872711182,1.1312148571014404,0.0,0.0,-1.566552758216858,-1.633548617362976,0.20876361429691315,0.1952355057001114,0.0003,23.622234344482422
hamilton_ppo,4,740,296000,-0.0030667906647278854,127.64926490783691,0.35762026250362394,0.005774573888629675,0.04704999993555248,0.356469988822937,0.2032005488872528,-1.6821640729904175,11.388843536376953,-63.21937942504883,75.14839172363281,12.08922290802002,14.196954727172852,0.5464408434937876,12.301550737236246,0.10248812288045883,0.8445883393287659,0.0,0.0,-1.5572912693023682,-1.6311976909637451,0.21070604026317596,0.19569505751132965,0.0003,60.028106689453125
hamilton_ppo,4,750,300000,-0.0021436982613724466,66.64917331695557,0.35328176826238633,0.004659657366573811,0.028225000002421438,0.5091352462768555,0.20200619101524353,1.5561132431030273,8.342273712158203,-32.80118179321289,44.69854736328125,14.215152740478516,11.907031059265137,0.5416954201954017,12.154882174825842,0.09804918617010117,1.103765606880188,0.0,0.0,-1.5636858940124512,-1.6365550756454468,0.2093629390001297,0.19464944303035736,0.0003,31.727073669433594
hamilton_ppo,4,760,304000,-0.0024409924680221583,93.87486221313476,0.37148153483867646,0.004163334611803293,0.046749999807216225,0.3635254502296448,0.20001915097236633,0.9021302461624146,9.871201515197754,-46.350730895996094,67.56336212158203,16.318069458007812,12.373128890991211,0.540369156605006,9.560131730860558,0.07813157886266708,1.2158173322677612,0.0,0.0,-1.5759474039077759,-1.6438907384872437,0.20681151747703552,0.19322678446769714,0.0003,53.90740203857422
hamilton_ppo,4,770,308000,-0.0012117895835268434,158.44402954101562,0.38556409895420074,0.003258428769186139,0.02222499989438802,0.36993837356567383,0.1993841528892517,-0.9312392473220825,12.63281536102295,-74.00434112548828,102.00122833251953,13.678411483764648,15.91507339477539,0.5385942467949719,10.490946110107044,0.0681801438331604,0.42965513467788696,0.0,0.0,-1.5782525539398193,-1.6480073928833008,0.20633533596992493,0.1924329698085785,0.0003,66.09117126464844
hamilton_ppo,4,780,312000,-0.0018797546988149438,100.1991431427002,0.3849315732717514,0.00303101958706975,0.026424999963492155,0.42491406202316284,0.19997015595436096,0.8663616180419922,10.0604829788208,-93.94412231445312,65.33035278320312,16.215312957763672,13.266380310058594,0.645304122950037,9.33916341362606,0.06115831434726715,0.8090767860412598,0.0,0.0,-1.5770982503890991,-1.6431670188903809,0.20657363533973694,0.19336667656898499,0.0003,50.99456787109375
hamilton_ppo,4,790,316000,-0.0021333496475010173,129.89034843444824,0.37945527404546736,0.003788447007536888,0.031274999952875075,0.30158382654190063,0.200387641787529,-0.1309046745300293,11.45649528503418,-102.72913360595703,83.76171112060547,17.37346839904785,13.708647727966309,0.6355356915540754,9.051910742607983,0.09931585192680359,0.7316062450408936,0.0,0.0,-1.5696951150894165,-1.6467937231063843,0.20810861885547638,0.19266663491725922,0.0003,66.99407196044922
hamilton_ppo,4,800,320000,-0.001750630107018516,117.28710662841797,0.38633826076984407,0.0015396401286125183,0.028674999959766866,0.41256463527679443,0.19869619607925415,-0.44124093651771545,10.853433609008789,-77.94727325439453,79.37662506103516,13.292628288269043,14.160778045654297,0.6315556155620529,8.244164905284986,0.05736364424228668,0.5499889254570007,0.0,0.0,-1.5806159973144531,-1.652637004852295,0.20584826171398163,0.19154414534568787,0.0003,62.10818099975586
hamilton_ppo,4,810,324000,-0.0015642051898699717,197.887446975708,0.3911881896853447,0.003343449905514717,0.01722499998752028,0.3029252290725708,0.19980955123901367,-2.3473451137542725,14.203920364379883,-105.27159881591797,56.607574462890625,12.316950798034668,17.012516021728516,0.5874251684529584,16.868161246680263,0.08272448927164078,1.2751753330230713,0.0,0.0,-1.575507640838623,-1.6465345621109009,0.20690248906612396,0.1927165985107422,0.0003,68.14535522460938
hamilton_ppo,4,820,328000,-0.0020313269234829923,139.122091217041,0.3812326821684837,0.003749458584934473,0.0192249999800697,0.3569939136505127,0.20029178261756897,0.09955761581659317,12.166900634765625,-60.70489501953125,62.420440673828125,12.44726276397705,15.173032760620117,0.5965386854646981,17.667340406154956,0.08622920513153076,1.5043190717697144,0.0,0.0,-1.5707043409347534,-1.64669930934906,0.20789870619773865,0.1926848590373993,0.0003,61.76010513305664
hamilton_ppo,4,830,332000,-0.0006597486160811883,162.85425674438477,0.3814748877286911,0.0026490711607038975,0.005224999911151826,0.24574607610702515,0.19944530725479126,3.3762524127960205,12.842412948608398,-45.84281921386719,103.57772827148438,17.124916076660156,14.787264823913574,0.6047079960625489,19.647617624532753,0.08778444677591324,1.1276956796646118,0.0,0.0,-1.5775854587554932,-1.6480873823165894,0.20647303760051727,0.19241757690906525,0.0003,93.648193359375
hamilton_ppo,4,840,336000,-0.0013125667723506852,112.42675064086914,0.383861209154129,0.002631598385050893,0.007849999996833503,0.13415265083312988,0.20044398307800293,0.3989294469356537,11.114614486694336,-62.482967376708984,106.6090087890625,15.150819778442383,11.944658279418945,0.553115504610363,15.427434942504686,0.08374571800231934,1.4019246101379395,0.0,0.0,-1.5757092237472534,-1.6397571563720703,0.20686081051826477,0.1940271556377411,0.0003,51.873878479003906
hamilton_ppo,4,850,340000,-0.0022938065517533702,121.75221252441406,0.37529106587171557,0.0033994640689343214,0.03174999996088445,0.16594046354293823,0.20085552334785461,-0.4483295977115631,11.226850509643555,-81.06204223632812,48.871517181396484,15.508879661560059,12.29304313659668,0.6469151206046397,9.675747096281707,0.10398688167333603,1.1534487009048462,0.0,0.00025,-1.5698107481002808,-1.6418243646621704,0.2080845683813095,0.19362647831439972,0.0003,56.412391662597656
hamilton_ppo,4,860,344000,-0.0017137757753305793,196.34573165893553,0.3842666268348694,0.0038233089726418257,0.038475000029429794,0.13521671295166016,0.19812443852424622,0.8422624468803406,14.089888572692871,-93.16082763671875,61.03370666503906,17.310420989990234,15.151439666748047,0.6473863253338061,11.18689688880427,0.10577109456062317,0.8115791082382202,0.0,0.0,-1.5794402360916138,-1.6598976850509644,0.20609042048454285,0.1901584416627884,0.0003,108.56946563720703
hamilton_ppo,4,870,348000,-0.0021069551844600954,116.65017486572266,0.4104849353432655,0.0034250926692038774,0.03730000007897615,0.2959303855895996,0.19653452932834625,-0.06986181437969208,10.930926322937012,-59.762657165527344,62.498260498046875,15.993118286132812,13.027142524719238,0.6230116474779595,8.185172063869237,0.10865174978971481,0.8877663016319275,0.0,0.0,-1.5865179300308228,-1.6690174341201782,0.20463693141937256,0.18843211233615875,0.0003,58.0226936340332
hamilton_ppo,4,880,352000,-0.0036841195432294606,176.6840048980713,0.4163250660896301,0.0035743520129472017,0.02455000008456409,0.15536516904830933,0.19701963663101196,-0.07188775390386581,13.499068260192871,-63.59858703613281,83.92486572265625,17.022174835205078,14.688224792480469,0.6655910637744413,15.047868148147181,0.07003863900899887,0.984102189540863,0.0,0.0,-1.5887160301208496,-1.6615123748779297,0.20418761670589447,0.18985162675380707,0.0003,83.96733856201172
hamilton_ppo,4,890,356000,-0.001960312192114362,113.55498374938965,0.4105076137185097,0.005828208290040493,0.02807499991264194,0.39017874002456665,0.19710460305213928,1.3570523262023926,10.91623592376709,-45.69682312011719,63.158729553222656,18.446420669555664,13.97885513305664,0.6950068459722192,14.012852630387336,0.09205874800682068,1.2600840330123901,0.0,0.0,-1.5845850706100464,-1.665075659751892,0.2050328552722931,0.18917635083198547,0.0003,56.20588302612305
hamilton_ppo,4,900,360000,-0.002064398623314627,118.37183380126953,0.4142847165465355,0.003925615921616554,0.0194000000692904,0.4335375428199768,0.1964332014322281,0.0991567075252533,11.262863159179688,-64.64292907714844,73.55647277832031,18.54697036743164,14.9645357131958,0.6098478469961173,16.72365091293132,0.10182531177997589,1.2362018823623657,0.0,0.0,-1.587005853652954,-1.6695632934570312,0.20453710854053497,0.1883292943239212,0.0003,55.863956451416016
hamilton_ppo,4,910,364000,-0.0016930118187214215,77.95284538269043,0.42778598606586454,0.005787315778434277,0.050324999997392296,0.5590161085128784,0.19453555345535278,0.2960127294063568,8.86309814453125,-52.707027435302734,48.185447692871094,18.417469024658203,13.346709251403809,0.6388140763724854,8.660854914213106,0.0799688771367073,0.7178460359573364,0.0,0.00025,-1.5988839864730835,-1.6769187450408936,0.20212195813655853,0.18694911897182465,0.0003,43.45904541015625
hamilton_ppo,4,920,368000,-0.0028454299266786175,230.0336656188965,0.4406705176830292,0.005534215830266476,0.05237500027287752,0.3376045227050781,0.1941194385290146,-0.24067693948745728,15.334376335144043,-60.15831756591797,83.07733154296875,18.034467697143555,18.84115219116211,0.7320105550245485,19.15169285848589,0.060829970985651016,1.0189555883407593,0.0,0.0,-1.6046562194824219,-1.6751490831375122,0.20095862448215485,0.18728025257587433,0.0003,105.14019012451172
hamilton_ppo,4,930,372000,-0.0022805841930443414,160.2099169921875,0.44337330490350724,0.0035374672152101994,0.02187500006519258,0.44356656074523926,0.19359645247459412,-2.361767053604126,12.933789253234863,-47.78462600708008,71.75834655761719,16.100141525268555,17.33880615234375,0.6368612819844105,21.55187906533976,0.07360091060400009,1.2312387228012085,0.000125,0.00025,-1.60782790184021,-1.677338719367981,0.2003222405910492,0.18687063455581665,0.0003,81.37483978271484
hamilton_ppo,4,940,376000,-0.002441646714746817,138.45520462036131,0.4580418354272842,0.005177885293960571,0.03799999991431832,0.48508989810943604,0.19163142144680023,-0.03220288082957268,11.860644340515137,-66.4874267578125,82.31016540527344,15.148234367370605,16.528846740722656,0.7057239668470732,10.844892358487908,0.09763231128454208,0.9060478210449219,0.0,0.0,-1.6137727499008179,-1.6921244859695435,0.19913490116596222,0.18412792682647705,0.0003,59.91473388671875
hamilton_ppo,4,950,380000,-0.0016010965217963503,222.26997970581056,0.4715538001060486,0.003356770845130086,0.023874999964609744,0.3144168257713318,0.19106537103652954,-1.2838153839111328,15.082921981811523,-77.32070922851562,72.93567657470703,15.85721206665039,18.216100692749023,0.6977773371894791,19.249405278391848,0.04909900948405266,1.1007659435272217,0.0,0.0,-1.6173596382141113,-1.6944032907485962,0.1984219253063202,0.1837088167667389,0.0003,84.64053344726562
hamilton_ppo,4,960,384000,-0.0011273906822250868,173.84138412475585,0.4791660013794899,0.0021348423324525356,0.009124999907799065,0.33993059396743774,0.19002780318260193,-0.7567428946495056,13.623701095581055,-114.16073608398438,88.05094909667969,15.04855728149414,16.768733978271484,0.6917020514774654,27.680567842087935,0.053895510733127594,1.0180209875106812,0.0,0.00025,-1.6222766637802124,-1.7004191875457764,0.19744865596294403,0.18260693550109863,0.0003,83.33174133300781
hamilton_ppo,4,970,388000,-0.0010524427247190049,144.3122607421875,0.4849269962310791,0.003435468766838312,0.023825000054202974,0.4035568833351135,0.19013044238090515,1.7519267797470093,12.111190795898438,-72.1793212890625,98.13175964355469,16.385883331298828,15.682032585144043,0.6869733444460043,15.150665616762703,0.05766666680574417,0.8989454507827759,0.000125,0.0005,-1.6275955438613892,-1.693582534790039,0.19640123844146729,0.18385964632034302,0.0003,73.82371520996094
hamilton_ppo,4,980,392000,-0.001865154468084076,103.07679450988769,0.4875479421019554,0.006963042076677084,0.04089999986346811,0.5345337390899658,0.18926391005516052,0.3091111481189728,10.282511711120605,-58.050941467285156,55.65629577636719,16.80743408203125,15.071453094482422,0.6574769738546051,10.797728232675048,0.0998966172337532,0.899321436882019,0.0,0.0,-1.632481575012207,-1.6978108882904053,0.19544395804405212,0.18308387696743011,0.0003,52.40492248535156
hamilton_ppo,4,990,396000,-0.0006437938061802928,127.1365919494629,0.494708933532238,0.0032811567652970552,0.026024999832734465,0.39378947019577026,0.18865850567817688,2.849731922149658,11.43543529510498,-49.39707946777344,76.57272338867188,19.52814483642578,14.687265396118164,0.6934964523132925,19.807994145683814,0.0726991519331932,1.0349146127700806,0.0,0.0,-1.6349822282791138,-1.701766014099121,0.19495584070682526,0.1823611706495285,0.0003,57.2291145324707
hamilton_ppo,4,1000,400000,-0.0012728298274378247,206.4837532043457,0.5002490788698196,0.0023953609634190798,0.013874999936670065,0.3642306327819824,0.18827196955680847,-1.0801050662994385,14.50552749633789,-156.61708068847656,78.40628051757812,17.802448272705078,18.192136764526367,0.7684043819238505,15.483444200364698,0.0641663670539856,0.8071880340576172,0.0,0.0,-1.6386675834655762,-1.7020727396011353,0.19423866271972656,0.1823052614927292,0.0003,79.7057113647461
hamilton_ppo,4,1010,404000,-0.001127578053910111,296.0047404479981,0.5036488896608353,0.003734920872375369,0.01234999995213002,0.3305351734161377,0.18818560242652893,-4.069424629211426,17.234066009521484,-90.57524108886719,94.07500457763672,14.959195137023926,21.06317901611328,0.7137353891855928,32.89444268019788,0.06639374047517776,0.9680675864219666,0.0,0.0,-1.6393340826034546,-1.7023104429244995,0.1941092610359192,0.18226192891597748,0.0003,137.7176513671875
hamilton_ppo,4,1020,408000,-0.0011785055180575021,93.84070560455322,0.5007944372296333,0.0025425045751035213,0.022649999824352562,0.5430240035057068,0.18892695009708405,-0.8759021162986755,9.875423431396484,-59.35407638549805,76.0356674194336,14.805062294006348,14.60861587524414,0.7266432277724816,13.525190996269792,0.06406334787607193,0.9337390065193176,0.0,0.0,-1.636159062385559,-1.6975734233856201,0.19472654163837433,0.18312735855579376,0.0003,59.78511047363281
hamilton_ppo,4,1030,412000,-0.0022450870024025788,282.36939361572263,0.49613010853528977,0.0025028137024492025,0.01752499999012798,0.256671667098999,0.1886148452758789,0.0767282098531723,17.010976791381836,-66.88027954101562,109.54647064208984,14.738961219787598,19.73053550720215,0.6832874487093558,20.11467602389597,0.05848756805062294,0.8940263986587524,0.0,0.0,-1.6382842063903809,-1.6987252235412598,0.1943131536245346,0.1829165369272232,0.0003,155.79928588867188
hamilton_ppo,4,1040,416000,-0.0025580406305845747,96.51661685943604,0.4994505935907364,0.006049557588994503,0.0518000001180917,0.4901195764541626,0.18881061673164368,0.007127716206014156,9.929143905639648,-77.7778549194336,64.9621810913086,14.03042984008789,13.90521240234375,0.6901573382360917,9.060618256353585,0.08424219489097595,0.6713309288024902,0.0,0.0,-1.6391570568084717,-1.6956626176834106,0.1941436231136322,0.18347761034965515,0.0003,44.88346862792969
hamilton_ppo,4,1050,420000,-0.0016579044907586659,215.42213775634767,0.4929682475328445,0.00412473501637578,0.028624999998137356,0.25087302923202515,0.18947172164916992,-0.0044055175967514515,14.80917739868164,-108.57041931152344,52.41134262084961,15.288922309875488,17.110126495361328,0.7319036080373935,15.338096806800676,0.08095164597034454,0.7440042495727539,0.0,0.0,-1.6371816396713257,-1.6905615329742432,0.1945275217294693,0.18441592156887054,0.0003,99.19842529296875
hamilton_ppo,4,1060,424000,-0.0023188733615243607,77.85798793792725,0.5017502036690712,0.00663891714066267,0.037324999952688814,0.5205432176589966,0.18702980875968933,-0.07834194600582123,8.88179874420166,-45.176673889160156,56.632713317871094,13.903929710388184,12.827032089233398,0.6682829886797657,7.285207182200026,0.11147581040859222,0.596271276473999,0.0,0.0,-1.652557373046875,-1.7010037899017334,0.19155938923358917,0.18250024318695068,0.0003,43.278472900390625
hamilton_ppo,4,1070,428000,-0.0007927164305488965,329.22895095825197,0.5177505123615265,0.003512844443321228,0.016649999958463012,0.18219506740570068,0.18667465448379517,-0.9207152128219604,18.330419540405273,-132.1873779296875,192.65695190429688,14.465574264526367,20.269710540771484,0.6983075312845994,21.46700236291398,0.07135916501283646,0.8465904593467712,0.0,0.00025,-1.6529755592346191,-1.704463005065918,0.19147929549217224,0.1818700134754181,0.0003,127.58345031738281
hamilton_ppo,4,1080,432000,-8.871320039470554e-05,121.84575630187989,0.5213883060216904,0.0032803260255604982,0.01580000002402812,0.41022181510925293,0.18638017773628235,-0.16637592017650604,11.158855438232422,-85.63052368164062,59.43421173095703,13.588407516479492,14.53032398223877,0.7773755824493257,10.34878350304059,0.08541317284107208,0.928087055683136,0.0,0.0,-1.6588178873062134,-1.7015726566314697,0.19036388397216797,0.18239644169807434,0.0003,60.007816314697266
hamilton_ppo,4,1090,436000,-0.00146814069765969,239.17802688598633,0.5231287091970444,0.00301897875033319,0.01374999993480742,0.2703414559364319,0.186117485165596,0.7412106394767761,15.609528541564941,-112.8272476196289,77.011962890625,14.932926177978516,18.273845672607422,0.7211911600413836,16.96018642245984,0.06232099235057831,0.984199583530426,0.000125,0.00025,-1.656642198562622,-1.7067395448684692,0.19077850878238678,0.18145644664764404,0.0003,137.74484252929688
hamilton_ppo,4,1100,440000,-0.0027427936823391087,271.29595413208006,0.5239506375789642,0.004367367830127478,0.043574999738484624,0.16270095109939575,0.18641024827957153,2.2872393131256104,16.527603149414062,-55.769798278808594,171.16827392578125,16.119842529296875,18.062156677246094,0.7729901421267843,16.28963761837511,0.0751509964466095,1.0216466188430786,0.0,0.0,-1.6529974937438965,-1.7073519229888916,0.19147510826587677,0.1813453733921051,0.0003,92.8482894897461
hamilton_ppo,4,1110,444000,-0.002047850683286381,174.5547617340088,0.5246169811487198,0.0023796134628355503,0.03172500004991889,0.33776211738586426,0.18593958020210266,0.06379242241382599,13.269946098327637,-87.58501434326172,60.42609405517578,17.21848487854004,16.306550979614258,0.7343561721241035,12.491714132057472,0.06938347220420837,0.5918154120445251,0.0,0.0,-1.6515694856643677,-1.7140740156173706,0.1917487233877182,0.18013042211532593,0.0003,80.02717590332031
hamilton_ppo,4,1120,448000,-0.0028092831040019517,250.8380210876465,0.5270244902372361,0.003431121353060007,0.028650000039488078,0.30473220348358154,0.18606925010681152,-0.1398060917854309,16.06363296508789,-83.87390899658203,83.86032104492188,17.846471786499023,19.264942169189453,0.760619287364871,19.927761555759634,0.07914188504219055,0.8890157341957092,0.000125,0.00025,-1.6434136629104614,-1.7213783264160156,0.19331897795200348,0.17881949245929718,0.0003,112.55883026123047
hamilton_ppo,4,1130,452000,-0.00308445586777525,276.8217269897461,0.5320133227109909,0.004413340240716934,0.030475000054575502,0.25525015592575073,0.1849563717842102,0.024232788011431694,16.772701263427734,-86.65742492675781,85.1650390625,17.983346939086914,19.43559455871582,0.7239651999672952,19.866846894904384,0.07939808815717697,1.005632996559143,0.0,0.00025,-1.6515624523162842,-1.7250581979751587,0.19175006449222565,0.17816267907619476,0.0003,135.94927978515625
hamilton_ppo,4,1140,456000,-0.0009958261562715088,288.61140991210937,0.540957459807396,0.004429344087839127,0.03472499995492399,0.2047291398048401,0.1846986711025238,0.0689166858792305,17.13176727294922,-68.89066314697266,140.287841796875,17.78215980529785,19.210763931274414,0.708713459659075,15.382861678355619,0.07669547200202942,1.0193841457366943,0.0,0.0,-1.6554665565490723,-1.7237582206726074,0.19100292026996613,0.17839443683624268,0.0003,129.92796325683594
hamilton_ppo,4,1150,460000,-0.0011096202820452205,314.9777925109863,0.5430963611602784,0.004111285321414471,0.025425000162795187,0.16782069206237793,0.18425603210926056,3.7099978923797607,17.845142364501953,-60.07949447631836,172.216796875,21.798965454101562,19.56192398071289,0.7267987382527441,33.997768693396516,0.060054928064346313,1.1179444789886475,0.0,0.0,-1.6574748754501343,-1.7265766859054565,0.19061970710754395,0.17789234220981598,0.0003,123.66373443603516
hamilton_ppo,4,1160,464000,-0.0007521224476658972,212.96050109863282,0.5475250864028931,0.0028332495130598545,0.01802499996498227,0.2950190305709839,0.18404385447502136,-0.6623914837837219,14.7111234664917,-85.72188568115234,72.85575866699219,20.2763671875,17.52092933654785,0.7337611549148494,16.582333140505895,0.0606047622859478,0.8079485297203064,0.0,0.00025,-1.6585960388183594,-1.7277621030807495,0.19040611386299133,0.1776815801858902,0.0003,96.93280029296875
hamilton_ppo,4,1170,468000,-0.0014651083937002119,167.75359169006347,0.5511093997955322,0.004022727720439434,0.0330749997543171,0.41180849075317383,0.18347585201263428,1.6662567853927612,13.07823657989502,-85.97832489013672,114.10468292236328,21.469257354736328,17.052570343017578,0.8167767884347163,16.174296245667396,0.05103249102830887,0.8326866030693054,0.0,0.0,-1.6628715991973877,-1.7295854091644287,0.18959376215934753,0.17735792696475983,0.0003,73.9455795288086
hamilton_ppo,4,1180,472000,-0.001268830416520359,280.2258247375488,0.5569395768642426,0.003333542961627245,0.03445000004023314,0.23616504669189453,0.18285644054412842,-1.612844705581665,16.79864501953125,-113.83094024658203,59.212974548339844,22.576316833496094,19.22093391418457,0.6656254889552319,16.934658474329318,0.07051769644021988,0.7452772855758667,0.0,0.0,-1.6644923686981201,-1.7348527908325195,0.1892867237329483,0.17642617225646973,0.0003,136.40089416503906
hamilton_ppo,4,1190,476000,-0.001147092535808043,160.26596008300783,0.561431377530098,0.003393573686480522,0.026325000119395554,0.45034730434417725,0.1827262043952942,0.679129421710968,12.728842735290527,-59.06554412841797,59.55126953125,20.634294509887695,17.168989181518555,0.7385957801557015,13.590087730713167,0.06620144098997116,0.6955602169036865,0.0,0.0,-1.6706116199493408,-1.7297967672348022,0.18813195824623108,0.1773204356431961,0.0003,81.51997375488281
hamilton_ppo,4,1200,480000,-0.0007873146922065643,271.50669677734373,0.5628522169589997,0.004203432705253363,0.01749999990221113,0.24771523475646973,0.18268023431301117,-1.9733834266662598,16.779020309448242,-130.11756896972656,84.81419372558594,20.249845504760742,19.345298767089844,0.7605731970160003,22.975258417868144,0.05030461400747299,1.4123060703277588,0.0,0.0,-1.6671255826950073,-1.7340292930603027,0.18878892064094543,0.17657150328159332,0.0003,139.156494140625
hamilton_ppo,4,1210,484000,-0.002437684459712184,160.4406088256836,0.5666767424345016,0.00583213847130537,0.04552500013727695,0.464120090007782,0.18194827437400818,-0.780447781085968,13.04892635345459,-73.73973083496094,62.07712936401367,19.535934448242188,17.825471878051758,0.737251026672978,20.891619431842155,0.06355977058410645,1.1116423606872559,0.0,0.0,-1.6771360635757446,-1.7316731214523315,0.18690849840641022,0.17698803544044495,0.0003,98.98946380615234
hamilton_ppo,4,1220,488000,-0.0015837988314175177,325.3403967285156,0.5741243284940719,0.004253936931490898,0.02342499988153577,0.2648819088935852,0.1813017725944519,0.4405696988105774,18.106670379638672,-90.75846862792969,96.69226837158203,22.680044174194336,21.11835289001465,0.7034702497419525,19.713258527907936,0.07788693904876709,0.6883431673049927,0.0,0.0005,-1.6855651140213013,-1.7301158905029297,0.18533967435359955,0.17726385593414307,0.0003,158.11935424804688
hamilton_ppo,4,1230,492000,-0.0010625109697575664,252.68753295898438,0.5801393938064575,0.0023635528050363064,0.01544999998062849,0.37540721893310547,0.18071021139621735,0.036615967750549316,15.971402168273926,-87.65361785888672,103.09805297851562,21.325448989868164,20.208988189697266,0.701704565687474,18.343286739278575,0.04982967674732208,0.8540713787078857,0.000125,0.001,-1.6924104690551758,-1.729657530784607,0.1840752810239792,0.1773451268672943,0.0003,122.35774993896484
hamilton_ppo,4,1240,496000,-0.001636204466065463,763.5469259643555,0.5872717595100403,0.0022868511732667685,0.012149999989196658,0.23420661687850952,0.18020585179328918,-0.2224086970090866,27.932483673095703,-180.2508544921875,170.630615234375,22.625272750854492,31.919328689575195,0.742846374913846,53.22163691780875,0.049692727625370026,1.0122908353805542,0.000125,0.00025,-1.698534607887268,-1.7290085554122925,0.1829514056444168,0.17746025323867798,0.0003,341.0078430175781
hamilton_ppo,4,1250,500000,-0.0007557609049332292,262.25595794677736,0.590815789103508,0.004822202492505312,0.01779999993741512,0.46426504850387573,0.17996636033058167,-0.22997915744781494,16.369539260864258,-99.9532699584961,110.49899291992188,18.918975830078125,22.36461639404297,0.7780881974050363,24.903454863706667,0.049998827278614044,0.9007294178009033,0.0,0.0,-1.7029258012771606,-1.7271921634674072,0.18214981257915497,0.17778289318084717,0.0003,166.78952026367188
hamilton_ppo,4,1260,504000,-0.0004862451519641109,356.73794570922854,0.5898616850376129,0.004483340308070183,0.015399999925866723,0.39981555938720703,0.1804966926574707,-0.03196243196725845,19.09819984436035,-134.19190979003906,82.97349548339844,23.105945587158203,24.651880264282227,0.7320133919922915,34.901005519802936,0.0601416751742363,0.9586644172668457,0.0,0.0,-1.703751802444458,-1.7204031944274902,0.18199941515922546,0.17899397015571594,0.0003,179.5110626220703
hamilton_ppo,4,1270,508000,-0.001211175098352033,539.6199108886718,0.5859381836652756,0.003130108816549182,0.008124999948777259,0.3249908685684204,0.18048888444900513,-6.193931579589844,23.13008689880371,-153.28981018066406,190.07785034179688,15.160587310791016,28.152854919433594,0.657135463999155,76.02809663888854,0.04812002554535866,0.7999500632286072,0.000125,0.00025,-1.7056411504745483,-1.718572735786438,0.1816558688879013,0.17932188510894775,0.0003,276.7805480957031
hamilton_ppo,4,1280,512000,-0.0016156911170648592,188.25323760986328,0.5871745747327805,0.0033876721281558275,0.017074999967589974,0.39349818229675293,0.18008632957935333,-0.6440774202346802,14.296010971069336,-91.41204833984375,99.27458953857422,14.322066307067871,18.35687828063965,0.7088003998617856,34.23451932847618,0.06812410801649094,1.0565234422683716,0.000125,0.00025,-1.709540843963623,-1.719119906425476,0.18094883859157562,0.17922380566596985,0.0003,73.05017852783203
hamilton_ppo,4,1290,516000,-0.0006659931107031269,275.62094635009765,0.592405406832695,0.0029120759572833776,0.02282499992288649,0.38637274503707886,0.17992174625396729,-0.2443247139453888,16.718286514282227,-104.02515411376953,79.55145263671875,14.058504104614258,21.342212677001953,0.7155626921497351,23.273330977364953,0.05765410512685776,0.8044095039367676,0.000125,0.0005,-1.7098220586776733,-1.7206740379333496,0.18089796602725983,0.17894549667835236,0.0003,150.34339904785156
hamilton_ppo,4,1300,520000,-0.0007451893661753318,391.4505346679687,0.5878240901231766,0.004197478760033846,0.028199999970383943,0.2786572575569153,0.18086746335029602,1.06557297706604,19.83808135986328,-102.78707122802734,137.93214416503906,15.134124755859375,23.357633590698242,0.7297373458450133,23.516305523598277,0.05918791890144348,0.5154398083686829,0.0,0.00025,-1.699703335762024,-1.7203850746154785,0.18273770809173584,0.1789971888065338,0.0003,169.5125732421875
hamilton_ppo,4,1310,524000,-0.001642576938252751,497.4245608520508,0.5842808246612549,0.003532699542120099,0.038724999795667826,0.24946236610412598,0.1804419308900833,-1.0901777744293213,22.3507022857666,-128.73704528808594,121.87393188476562,14.151511192321777,25.799123764038086,0.7876489530744767,25.694411140984798,0.06788340210914612,0.5787423253059387,0.000125,0.00075,-1.7050249576568604,-1.7197215557098389,0.18176785111427307,0.17911601066589355,0.0003,243.204833984375
hamilton_ppo,4,1320,528000,-0.0007766394693942935,612.2046347045898,0.5875892734527588,0.0035498901270329952,0.02365000014193356,0.18396347761154175,0.18021051585674286,-2.7599151134490967,24.7818660736084,-126.95863342285156,132.7158203125,11.582315444946289,27.433374404907227,0.8212939575936297,36.909688029773946,0.05059551075100899,0.40769147872924805,0.000125,0.00025,-1.707249641418457,-1.7200504541397095,0.18136391043663025,0.17905712127685547,0.0003,303.00335693359375
hamilton_ppo,4,1330,532000,-0.0008795917507173812,568.5520651245117,0.5904277008771897,0.004595422651618719,0.023049999955110253,0.031248033046722412,0.17987346649169922,2.4575250148773193,24.296560287475586,-104.24951934814453,174.8920440673828,14.193346977233887,24.685306549072266,0.679478107503322,29.884520877494534,0.040871407836675644,1.687571406364441,0.0,0.00025,-1.7092138528823853,-1.7218291759490967,0.18100804090499878,0.17873887717723846,0.0003,228.0402374267578
hamilton_ppo,4,1340,536000,-0.0032700401335489016,446.4515481567383,0.5947250533103943,0.005748300813138485,0.043150000078603624,0.11574119329452515,0.17939043045043945,-2.446638584136963,21.16515350341797,-123.2038345336914,129.72219848632812,10.85505199432373,22.50773048400879,0.6648332804171411,22.050946384866844,0.061452716588974,0.7521072030067444,0.0,0.0,-1.7095636129379272,-1.7268927097320557,0.18094472587108612,0.17783614993095398,0.0003,195.40451049804688
hamilton_ppo,4,1350,540000,-0.002700853806323722,551.4669940185547,0.5969830006361008,0.007010943256318569,0.0508999998960644,0.11419826745986938,0.1795777678489685,-1.6768379211425781,23.566972732543945,-153.33152770996094,107.67756652832031,9.819710731506348,25.040069580078125,0.7016302094560976,19.028191016685547,0.09740634262561798,1.047938346862793,0.00025,0.0005,-1.7132132053375244,-1.7210960388183594,0.18028555810451508,0.17886999249458313,0.0003,223.78199768066406
hamilton_ppo,4,1360,544000,0.00014716585343995447,521.1009741210937,0.5969959831237793,0.0028433254919946194,0.021524999858811497,0.05380469560623169,0.17959296703338623,2.363508701324463,22.956453323364258,-120.9992446899414,122.61302947998047,12.095938682556152,23.60013198852539,0.7015081284857384,21.82200080001926,0.049301523715257645,0.9172811508178711,0.00025,0.00075,-1.7114869356155396,-1.7226687669754028,0.18059705197811127,0.17858891189098358,0.0003,260.7236328125
hamilton_ppo,4,1370,548000,-0.002699277555127626,415.6695477294922,0.5971865147352219,0.003944797907024622,0.036849999860860405,0.15721338987350464,0.17921596765518188,-4.195487022399902,20.365478515625,-108.3232650756836,72.35192108154297,8.114006042480469,22.183792114257812,0.641538272444874,27.159087519183412,0.044070880860090256,0.8829250335693359,0.0,0.0,-1.7169902324676514,-1.7213417291641235,0.1796059012413025,0.17882604897022247,0.0003,218.50808715820312
hamilton_ppo,4,1380,552000,-0.0005519436996248217,536.0853189086914,0.6054645788669586,0.004926963243633509,0.02474999989848584,0.06471997499465942,0.17814475297927856,1.9518249034881592,23.277647018432617,-118.63563537597656,140.9055633544922,10.78589916229248,24.069564819335938,0.742201662650043,23.452587961711764,0.04374074190855026,0.896786630153656,0.000125,0.00075,-1.730323076248169,-1.72002112865448,0.17722712457180023,0.1790623515844345,0.0003,296.6170959472656
hamilton_ppo,4,1390,556000,-0.001524649929601587,173.9770500946045,0.62519391477108,0.005584810394793749,0.04404999997001141,0.17991697788238525,0.17580541968345642,0.5588963627815247,13.274639129638672,-59.358055114746094,105.33039855957031,11.70321273803711,14.658644676208496,0.7178371502053926,9.145791987820086,0.06883946806192398,0.8680757880210876,0.0,0.00075,-1.7326343059539795,-1.7441537380218506,0.17681798338890076,0.17479285597801208,0.0003,87.9931411743164
hamilton_ppo,4,1400,560000,-0.000754277589062986,375.63100982666015,0.6407831984758378,0.005263448227196932,0.050124999787658456,0.10758519172668457,0.17553752660751343,-1.4462101459503174,19.393905639648438,-103.6726303100586,135.1094970703125,9.70606803894043,20.529666900634766,0.7180456644369717,14.241867243721314,0.05149373039603233,0.6922784447669983,0.0,0.001,-1.7316231727600098,-1.748250961303711,0.1769968718290329,0.17407815158367157,0.0003,128.4302520751953
hamilton_ppo,4,1410,564000,-0.0026691035633004388,123.00627723693847,0.6387015545368194,0.00737623730674386,0.055450000101700425,0.25442034006118774,0.17634570598602295,2.7279863357543945,11.325961112976074,-59.471961975097656,64.14086151123047,13.144567489624023,13.116804122924805,0.7350857820976451,17.549902542746423,0.06347443163394928,1.1913872957229614,0.0,0.00025,-1.7273844480514526,-1.7432968616485596,0.1777486950159073,0.17494268715381622,0.0003,69.49285125732422
hamilton_ppo,4,1420,568000,-0.0010699881526408728,217.6636996459961,0.6355262273550033,0.003746409434825182,0.03054999987129122,0.1723211407661438,0.17559754848480225,2.297727108001709,14.754773139953613,-88.38438415527344,79.35047912597656,15.022994041442871,16.21816062927246,0.6600159803652117,15.793351095865296,0.05959595367312431,0.5913575291633606,0.000125,0.00075,-1.7312533855438232,-1.7479374408721924,0.17706233263015747,0.17413271963596344,0.0003,99.63352966308594
hamilton_ppo,4,1430,572000,-0.0006694658930318909,208.65354248046876,0.6534787094593049,0.006174505688250065,0.037800000058487056,0.2348334789276123,0.17338109016418457,0.4668838381767273,14.51345443725586,-65.27867126464844,69.38282775878906,15.734113693237305,16.591773986816406,0.756243664377367,11.875327335656745,0.07872538268566132,0.6866774559020996,0.000125,0.00025,-1.745164155960083,-1.7594131231307983,0.17461633682250977,0.17214587330818176,0.0003,102.12200164794922
hamilton_ppo,4,1440,576000,-0.000336486157229956,293.5011166381836,0.6745559549331666,0.0047746929340064526,0.013075000001117587,0.17322951555252075,0.1718830168247223,-1.067018985748291,17.36509132385254,-75.25279235839844,85.77639770507812,14.68113899230957,19.097854614257812,0.7661333071889289,19.8553210623784,0.05052956938743591,1.0479474067687988,0.0,0.00025,-1.7603626251220703,-1.7615199089050293,0.17198249697685242,0.17178356647491455,0.0003,143.62710571289062
hamilton_ppo,4,1450,580000,-0.0019146558769061795,353.3574855041504,0.6909330368041993,0.004057614132761955,0.03242500002030283,0.15441709756851196,0.1708134412765503,-1.5809308290481567,18.888166427612305,-129.6455535888672,77.06459045410156,13.095505714416504,20.5405330657959,0.7603193063595246,21.542734793436477,0.058231428265571594,0.7091909646987915,0.0,0.00025,-1.7711734771728516,-1.7632088661193848,0.17013321816921234,0.17149367928504944,0.0003,172.89610290527344
hamilton_ppo,4,1460,584000,-0.0022527258189627896,277.3225361633301,0.6992273360490799,0.006964447442442179,0.04832499992102385,0.22388166189193726,0.1704743206501007,0.9399194717407227,16.73285484313965,-68.7728500366211,84.01887512207031,14.3241605758667,18.993545532226562,0.749077032991345,16.43408887804852,0.05133732035756111,0.6105595827102661,0.000375,0.00075,-1.7799267768859863,-1.7585289478302002,0.16865049302577972,0.1722981333732605,0.0003,151.47547912597656
hamilton_ppo,4,1470,588000,-0.0013279487373511055,386.46136779785155,0.7031775140762329,0.00520137045532465,0.031124999942258,0.24907660484313965,0.1698015034198761,-3.0141196250915527,19.75791358947754,-113.88343048095703,70.9520034790039,11.212089538574219,22.80044174194336,0.762324334071452,28.06905438520154,0.05829257518053055,0.9342672824859619,0.0,0.00025,-1.7842766046524048,-1.762096643447876,0.16791848838329315,0.17168453335762024,0.0003,165.25689697265625
hamilton_ppo,4,1480,592000,-0.002537515298340445,415.41554290771484,0.7056260597705841,0.00450850510969758,0.037000000094994906,0.18580788373947144,0.17034679651260376,-0.7075254917144775,20.6601619720459,-152.7065887451172,87.09577178955078,10.806490898132324,22.896562576293945,0.7620877783470195,25.888971847577228,0.06325066089630127,1.1223441362380981,0.0,0.00125,-1.7874705791473389,-1.7526700496673584,0.16738303005695343,0.17331057786941528,0.0003,167.86349487304688
hamilton_ppo,4,1490,596000,-0.0008094655878157919,468.7361108398438,0.6996531140804291,0.0041989898309111595,0.03087500000372529,0.13485366106033325,0.17070351541042328,1.2258955240249634,21.742246627807617,-107.94385528564453,145.854736328125,11.706575393676758,23.37543296813965,0.754894665064014,18.184876053494644,0.07379775494337082,0.7788581252098083,0.0,0.0,-1.7833988666534424,-1.752493977546692,0.16806595027446747,0.17334109544754028,0.0003,219.2561492919922
hamilton_ppo,4,1500,600000,-0.0006163432878354769,369.5755197143555,0.6982150137424469,0.003598300274461508,0.013974999911151826,0.18833768367767334,0.1706680953502655,-3.2475504875183105,19.23731803894043,-100.95011901855469,119.35397338867188,8.53014087677002,21.35289764404297,0.7583332056150787,27.405556926745746,0.03707024082541466,0.5966262221336365,0.0,0.0,-1.7835782766342163,-1.752728819847107,0.16803579032421112,0.17330040037631989,0.0003,165.31454467773438
hamilton_ppo,4,1510,604000,-0.0008162038208414657,634.7008520507812,0.6990204161405563,0.002686405321583152,0.007599999951198697,0.02510279417037964,0.1704029142856598,5.368589878082275,25.188098907470703,-90.86137390136719,193.51657104492188,13.699267387390137,25.510324478149414,0.7141199004795262,45.50127971970349,0.0469992496073246,1.1107109785079956,0.0,0.00025,-1.7813704013824463,-1.7579458951950073,0.16840720176696777,0.1723986268043518,0.0003,265.8782958984375
hamilton_ppo,4,1520,608000,-0.0006996588382200563,565.3777380371093,0.699814173579216,0.00388745847158134,0.020000000107102095,0.07846152782440186,0.17076578736305237,4.321211814880371,23.811504364013672,-86.71052551269531,152.79888916015625,17.303285598754883,24.80447769165039,0.7762851679206085,32.74346440700005,0.0547342374920845,1.1881245374679565,0.0,0.0,-1.7807520627975464,-1.7543469667434692,0.16851136088371277,0.17302019894123077,0.0003,253.71478271484375
hamilton_ppo,4,1530,612000,-0.002441699224882905,590.878561706543,0.6963899427652359,0.005700838286429644,0.042599999937228857,0.07137572765350342,0.17078009247779846,-1.2726540565490723,24.335954666137695,-144.78399658203125,79.78976440429688,16.51856231689453,25.253894805908203,0.7148692579407673,19.537000545573314,0.045816101133823395,0.5616421103477478,0.000375,0.00075,-1.7793946266174316,-1.755505084991455,0.16874027252197266,0.17281992733478546,0.0003,281.91204833984375
hamilton_ppo,4,1540,616000,-0.002031622535531641,401.575986328125,0.7059707474708558,0.005323415622115135,0.050849999794736506,0.1471615433692932,0.1692425012588501,0.9661875367164612,20.099918365478516,-98.59931945800781,101.31253051757812,17.306358337402344,21.765111923217773,0.7436575052600206,18.05749301443784,0.04360010102391243,0.6380782127380371,0.000125,0.00075,-1.7870644330978394,-1.7658929824829102,0.16745100915431976,0.17103399336338043,0.0003,188.95211791992188
hamilton_ppo,4,1550,620000,-0.0021122225427097872,353.5514013671875,0.7163341420888901,0.005338363349437714,0.05452499993145466,0.1815994381904602,0.16896170377731323,0.7204310297966003,18.836299896240234,-98.56629943847656,111.12522888183594,17.622234344482422,20.821531295776367,0.6476329207162432,17.986740643011327,0.04925302788615227,0.639491617679596,0.0,0.0,-1.7953684329986572,-1.7610915899276733,0.1660662591457367,0.17185717821121216,0.0003,168.89877319335938
hamilton_ppo,4,1560,624000,-0.0010199253105805807,472.3350018310547,0.720091798901558,0.0038499445654451847,0.028975000139325857,0.11342877149581909,0.16877272725105286,-0.38813695311546326,21.786516189575195,-96.71212005615234,91.8268814086914,17.730762481689453,23.138275146484375,0.7548948660757248,19.645346957185012,0.06209494173526764,0.6741288304328918,0.00025,0.0005,-1.7954989671707153,-1.7631670236587524,0.16604457795619965,0.17150086164474487,0.0003,254.5083465576172
hamilton_ppo,4,1570,628000,-0.0018131171405373614,263.07800979614257,0.7250712209939957,0.006475456058979034,0.06555000003427267,0.2040257453918457,0.16801047325134277,1.2557848691940308,16.279022216796875,-80.67501068115234,87.4582290649414,18.869956970214844,18.246469497680664,0.7242445665152754,17.171934483514026,0.08087359368801117,0.7400641441345215,0.0,0.0005,-1.7947607040405273,-1.772817611694336,0.166167214512825,0.16985373198986053,0.0003,130.96630859375
hamilton_ppo,4,1580,632000,-0.0008843428308677171,416.1556326293945,0.7304913568496704,0.0039044066797941923,0.039425000003539025,0.18365013599395752,0.16797935962677002,2.1235055923461914,20.39389419555664,-128.37667846679688,141.670654296875,20.579687118530273,22.571582794189453,0.7124917483656102,20.88372673289267,0.06386090070009232,0.5670841336250305,0.000125,0.0005,-1.795373797416687,-1.7725844383239746,0.16606536507606506,0.16989335417747498,0.0003,207.0457763671875
hamilton_ppo,4,1590,636000,-0.0009269274705693498,457.20436218261716,0.7313098019361496,0.0032671026419848204,0.015249999971129,0.15449941158294678,0.16768315434455872,-3.4006543159484863,21.449995040893555,-151.7528076171875,69.25902557373047,17.244184494018555,23.32761001586914,0.7083912682171425,35.320132318319416,0.045102182775735855,0.6244399547576904,0.0,0.0,-1.7926361560821533,-1.778770089149475,0.1665206253528595,0.16884568333625793,0.0003,246.01576232910156
hamilton_ppo,4,1600,640000,-0.0007499383166657925,409.64740600585935,0.7345251059532165,0.002862552646547556,0.021450000000186265,0.2388816475868225,0.16751235723495483,-0.6118965744972229,20.315860748291016,-103.83993530273438,88.41281127929688,15.528035163879395,23.28676414489746,0.732491787062638,23.95097584033166,0.0634741261601448,0.6157220005989075,0.000125,0.00025,-1.7956551313400269,-1.7778207063674927,0.16601864993572235,0.16900606453418732,0.0003,169.42568969726562
hamilton_ppo,4,1610,644000,-0.002088004989750338,428.71818359375,0.73959048807621,0.006557055748999119,0.054649999774992464,0.24806469678878784,0.16650351881980896,0.6138835549354553,20.71692657470703,-95.61107635498047,103.52507019042969,16.71660614013672,23.891040802001953,0.6952505567714161,20.158196591690025,0.0761120542883873,0.3734219968318939,0.0,0.0,-1.8035340309143066,-1.7820590734481812,0.1647157520055771,0.16829127073287964,0.0003,240.9605712890625
hamilton_ppo,4,1620,648000,-0.0012934985126148613,407.0463442993164,0.7489576971530915,0.005656424444168806,0.035624999934807416,0.18397217988967896,0.16636356711387634,0.9803011417388916,20.315893173217773,-80.95166015625,148.9423828125,17.710329055786133,22.489688873291016,0.6276366666164663,20.032063850398636,0.07157548516988754,0.959047794342041,0.0,0.0,-1.7967056035995483,-1.7904636859893799,0.16584435105323792,0.16688276827335358,0.0003,200.28082275390625
hamilton_ppo,4,1630,652000,-0.0013297987658414101,257.4465014648438,0.7503156703710556,0.004332067910581827,0.03065000000875443,0.21396279335021973,0.16625870764255524,0.8770322203636169,16.152912139892578,-83.00973510742188,125.80088806152344,18.433982849121094,18.219200134277344,0.669621663612009,14.998130571988067,0.04722460359334946,0.7944703698158264,0.000125,0.00025,-1.8011521100997925,-1.7873162031173706,0.1651085466146469,0.16740886867046356,0.0003,133.2445068359375
hamilton_ppo,4,1640,656000,-0.001252043393719937,352.85591796875,0.7479639130830765,0.00675301905721426,0.037725000223144886,0.1839461326599121,0.16670989990234375,1.1872693300247192,19.007469177246094,-130.02066040039062,126.829833984375,19.681398391723633,21.04092788696289,0.7175016602391311,22.149330096889294,0.04958246275782585,1.2592297792434692,0.0,0.0,-1.8046319484710693,-1.778538465499878,0.16453500092029572,0.16888479888439178,0.0003,160.1988525390625
hamilton_ppo,4,1650,660000,-0.00045225837640828104,231.52637283325194,0.7423051059246063,0.003545572515577078,0.02275000002235174,0.31480515003204346,0.16712509095668793,-0.5559868216514587,15.278155326843262,-68.67208099365234,101.25531005859375,18.630918502807617,18.457117080688477,0.6434351469273005,14.961639008479603,0.046815913170576096,0.8299121856689453,0.0,0.0,-1.814198613166809,-1.7644455432891846,0.1629684567451477,0.17128172516822815,0.0003,108.96424102783203
hamilton_ppo,4,1660,664000,-0.0011351261998584939,340.68657165527344,0.7448358392715454,0.0031081512570381165,0.02269999996293336,0.3503149747848511,0.16638191044330597,0.9718924760818481,18.798816680908203,-84.02874755859375,109.93721008300781,20.149431228637695,23.322715759277344,0.7546858741421816,32.729430086456794,0.04826360195875168,1.4671642780303955,0.000125,0.00075,-1.817630410194397,-1.7698785066604614,0.16241014003753662,0.17035368084907532,0.0003,146.54515075683594
hamilton_ppo,4,1670,668000,-0.0034618150075832067,270.0108090209961,0.7510495758056641,0.00609950115904212,0.05495000050868839,0.4835885763168335,0.16623523831367493,-0.6221680045127869,16.58942985534668,-92.82551574707031,70.83528900146484,19.254613876342773,23.085195541381836,0.6956496592233493,25.652920647280798,0.06172238662838936,1.5674099922180176,0.0,0.0,-1.8148956298828125,-1.7742208242416382,0.1628548949956894,0.16961556673049927,0.0003,153.02114868164062
hamilton_ppo,4,1680,672000,-0.0009683601809272657,623.637346496582,0.751647714972496,0.004750724881887436,0.02177499994635582,0.28398633003234863,0.16596049070358276,-1.2444053888320923,25.289060592651367,-125.40103912353516,159.7005615234375,19.679933547973633,29.886293411254883,0.6964042886715935,50.7340646162622,0.0374930277466774,1.4349232912063599,0.0,0.00025,-1.8151321411132812,-1.7772377729415894,0.16281640529632568,0.16910460591316223,0.0003,298.1065368652344
hamilton_ppo,4,1690,676000,-0.0016323871178195982,424.90962677001954,0.7532088989019394,0.002362779574468732,0.030825000051409007,0.3203848600387573,0.16608473658561707,-1.362014651298523,20.86331558227539,-113.09900665283203,111.4809341430664,17.883207321166992,25.307649612426758,0.7510709213139868,42.316775544667905,0.04058145731687546,0.866049587726593,0.000125,0.00025,-1.8135004043579102,-1.7773407697677612,0.1630822867155075,0.16908718645572662,0.0003,199.11585998535156
hamilton_ppo,4,1700,680000,-0.001057252129248809,551.0371618652343,0.753171278834343,0.004081569146364927,0.019524999996647238,0.30795150995254517,0.1660100668668747,-5.079622268676758,23.447057723999023,-178.18109130859375,69.39591217041016,12.184261322021484,28.18513298034668,0.659894344675354,56.37282983923683,0.05166422948241234,0.8782926797866821,0.0,0.00025,-1.8113406896591187,-1.7803137302398682,0.16343487799167633,0.16858525574207306,0.0003,264.7356262207031
hamilton_ppo,4,1710,684000,-0.001739281468030822,633.5003689575195,0.754842928647995,0.0045219953171908855,0.024099999875761568,0.19251775741577148,0.16575407981872559,-2.7123003005981445,25.410781860351562,-133.89605712890625,92.73104095458984,10.640175819396973,28.27818489074707,0.6955623648092732,51.613124747256016,0.05772890895605087,0.7496820092201233,0.000375,0.001,-1.8073365688323975,-1.787264347076416,0.1640906035900116,0.16741754114627838,0.0003,272.9316711425781
hamilton_ppo,4,1720,688000,-0.0012469655153283376,463.02489807128904,0.7605309611558915,0.0029217307455837727,0.02577499996405095,0.15597504377365112,0.16506819427013397,2.299633741378784,21.634897232055664,-97.49633026123047,99.42607879638672,11.891286849975586,23.549257278442383,0.8425569786571068,26.041851365412136,0.03208145499229431,0.8671472668647766,0.00025,0.00075,-1.8123866319656372,-1.790526032447815,0.16326402127742767,0.16687238216400146,0.0003,219.06785583496094
hamilton_ppo,4,1730,692000,-0.0013779869583486293,603.0889553833008,0.7647170543670654,0.003324093297123909,0.03640000008512288,0.07313108444213867,0.16490644216537476,-1.1014970541000366,24.76301383972168,-149.50535583496094,135.48634338378906,10.792543411254883,25.721384048461914,0.6833320548961892,28.391433464051783,0.057007886469364166,0.9428426623344421,0.000125,0.00075,-1.8081996440887451,-1.7965881824493408,0.16394904255867004,0.16586381196975708,0.0003,266.2579040527344
hamilton_ppo,4,1740,696000,-0.0005754645996945307,391.01227600097656,0.772478541135788,0.004588577430695295,0.028374999985098837,0.114551842212677,0.16403932869434357,0.2095227688550949,19.87114143371582,-92.19381713867188,100.28788757324219,10.982758522033691,21.1174373626709,0.7695319811922918,16.865730453798115,0.05803634971380234,0.9975941777229309,0.0,0.0005,-1.8139424324035645,-1.801395058631897,0.16301020979881287,0.16506844758987427,0.0003,191.0429229736328
hamilton_ppo,4,1750,700000,-0.001427700234674556,305.1865577697754,0.7789538824558258,0.004989258479326963,0.03527500004507601,0.16555756330490112,0.16379162669181824,-0.40277886390686035,17.593021392822266,-96.3021469116211,80.7281265258789,10.831204414367676,19.25937843322754,0.8283309236800305,16.671740543282734,0.045125801116228104,1.0563106536865234,0.000375,0.00075,-1.8132219314575195,-1.805114984512329,0.16312770545482635,0.16445553302764893,0.0003,151.38467407226562
hamilton_ppo,4,1760,704000,-0.0005088664199050896,685.8262805175781,0.7835998147726059,0.0021607493981719017,0.010699999937787651,0.14658033847808838,0.1631845384836197,-5.877460956573486,26.051666259765625,-121.07655334472656,171.69723510742188,4.997045040130615,28.20033073425293,0.7861097684109173,47.074382428295564,0.045719120651483536,1.13654363155365,0.000125,0.0005,-1.8199524879455566,-1.8058444261550903,0.16203345358371735,0.16433562338352203,0.0003,261.45831298828125
hamilton_ppo,4,1770,708000,-0.0011843410517070874,626.6254986572266,0.7901635646820069,0.0032850592397153378,0.023775000013411044,0.05468398332595825,0.16263896226882935,2.735152006149292,25.09956932067871,-106.15675354003906,146.71145629882812,8.89553165435791,25.81533432006836,0.8009506899829555,29.02707599642757,0.049499087035655975,1.0589125156402588,0.0,0.00025,-1.8201007843017578,-1.812359094619751,0.16200943291187286,0.16326852142810822,0.0003,299.29107666015625
hamilton_ppo,4,1780,712000,0.00016320311788586394,361.5309814453125,0.7919986408948898,0.0034909930545836687,0.03260000024922192,0.15900886058807373,0.16285215318202972,0.9608464241027832,19.100358963012695,-124.71908569335938,80.55258178710938,9.519424438476562,20.82791519165039,0.7794645256403342,18.442346547789022,0.03325595706701279,0.8924010396003723,0.0,0.0,-1.8147449493408203,-1.815080165863037,0.16287943720817566,0.1628248542547226,0.0003,189.89804077148438
hamilton_ppo,4,1790,716000,-0.0011704442230358848,836.8640966796875,0.7909088450670242,0.0033251389395445585,0.019200000055134295,0.09460312128067017,0.16299323737621307,-3.2766835689544678,28.97282600402832,-218.98739624023438,138.8204345703125,5.8148722648620605,30.448883056640625,0.6961123363484796,32.277530391673324,0.031177567318081856,0.8856008648872375,0.000125,0.00075,-1.8140733242034912,-1.814019799232483,0.16298887133598328,0.16299760341644287,0.0003,377.5841369628906
hamilton_ppo,4,1800,720000,-0.0011239400400256283,562.2913439941407,0.7957079124450683,0.006157136056572199,0.033449999918229875,0.11032021045684814,0.16180449724197388,0.5143514275550842,23.771625518798828,-147.86570739746094,147.54583740234375,6.366619110107422,25.20240592956543,0.7640443691102949,22.722820606172203,0.09412191808223724,0.7654423713684082,0.0,0.0,-1.819104552268982,-1.8236335515975952,0.1621709167957306,0.16143809258937836,0.0003,262.67694091796875
hamilton_ppo,4,1810,724000,-0.0037215848843683477,729.472177734375,0.8081005620956421,0.003711211960762739,0.051050000293180346,0.05374884605407715,0.16135868430137634,2.544703960418701,27.106107711791992,-111.49732208251953,144.59658813476562,8.774009704589844,27.865314483642578,0.7884851546366872,31.743829208762367,0.04933082312345505,1.1589062213897705,0.000375,0.00125,-1.8192187547683716,-1.8290566205978394,0.16215239465236664,0.16056497395038605,0.0003,396.2961120605469
hamilton_ppo,4,1820,728000,-0.002615119661550853,379.91658737182615,0.8155120849609375,0.005552440881729126,0.057950000027194616,0.10806632041931152,0.1603734791278839,0.20717519521713257,19.551559448242188,-109.69306182861328,79.72142028808594,8.48132610321045,20.70213508605957,0.8240684131856953,14.588408280854384,0.07386540621519089,0.7538325786590576,0.0,0.0005,-1.8315834999084473,-1.828918218612671,0.16015975177288055,0.16058719158172607,0.0003,168.4962158203125
hamilton_ppo,4,1830,732000,-0.0020770336757457743,678.0974658203126,0.8308228373527526,0.005665735807269812,0.048025000072084364,0.03738158941268921,0.15905608236789703,-0.012617218308150768,26.173442840576172,-174.60150146484375,118.53964233398438,8.021333694458008,26.676801681518555,0.8136644412656979,18.925750432255136,0.07696951180696487,0.9242741465568542,0.000125,0.0005,-1.8432468175888062,-1.8337724208831787,0.15830262005329132,0.15980955958366394,0.0003,369.1316223144531
hamilton_ppo,4,1840,736000,-0.0017071373540413326,469.55762359619143,0.8482637494802475,0.004921065177768469,0.05070000008214265,0.06573200225830078,0.1578192114830017,-1.7908670902252197,21.671016693115234,-104.80934143066406,98.53105163574219,6.257019519805908,22.420408248901367,0.8266383003000499,14.713993677520646,0.05950193107128143,0.582161545753479,0.0,0.00125,-1.8470686674118042,-1.8455421924591064,0.15769875049591064,0.15793965756893158,0.0003,231.18287658691406
hamilton_ppo,4,1850,740000,-0.003221365160971441,877.1294946289063,0.8635377621650696,0.0062263538129627705,0.049750000322237614,0.033830344676971436,0.15654629468917847,-1.4812966585159302,29.615371704101562,-158.42727661132812,166.41297912597656,4.831183910369873,30.1294002532959,0.6902940674430843,16.996803317612496,0.07014336436986923,0.6267162561416626,0.00025,0.00125,-1.8546026945114136,-1.8542044162750244,0.15651512145996094,0.156577467918396,0.0003,533.359619140625
hamilton_ppo,4,1860,744000,-0.0017933362718977185,498.35001861572266,0.8721485781669617,0.005533804185688496,0.03390000013634562,-0.002454400062561035,0.15642088651657104,1.8426945209503174,22.425495147705078,-129.48062133789062,151.55311584472656,7.014510154724121,22.398025512695312,0.7166284185710465,15.015264824310506,0.0677945613861084,0.9564234614372253,0.0,0.0,-1.8447444438934326,-1.8657759428024292,0.15806570649147034,0.15477608144283295,0.0003,289.9014892578125
hamilton_ppo,4,1870,748000,-0.0018423819759258548,356.59827911376954,0.8775378495454789,0.006717061158269644,0.04362500015180558,0.01845383644104004,0.15552443265914917,2.989250421524048,18.839265823364258,-82.09542846679688,124.531005859375,9.697750091552734,19.01553726196289,0.7265476559503599,14.738394274277619,0.0728989765048027,0.7290037870407104,0.00025,0.0005,-1.8481096029281616,-1.87396240234375,0.15753468871116638,0.15351417660713196,0.0003,191.2329864501953
hamilton_ppo,4,1880,752000,-0.0025956228105987965,515.2524118041993,0.893892896771431,0.004776930436491966,0.05497500016354025,0.015222370624542236,0.15414471924304962,0.6656513810157776,22.71327018737793,-105.67659759521484,94.20361328125,10.407553672790527,22.88814353942871,0.812831254949626,10.712261681131327,0.06328639388084412,0.6021912097930908,0.00025,0.00175,-1.8581812381744385,-1.881683588027954,0.15595602989196777,0.15233343839645386,0.0003,274.8421325683594
hamilton_ppo,4,1890,756000,-0.0012166048722768964,470.50291320800784,0.9055639576911926,0.0031101827044039965,0.021524999989196658,-0.008709907531738281,0.15355536341667175,5.817530155181885,21.326478958129883,-71.9754638671875,133.3636016845703,16.14706039428711,21.23420524597168,0.7536852715671455,34.07878432327305,0.04393337294459343,0.834927499294281,0.000125,0.0005,-1.862186312675476,-1.885335922241211,0.15533263981342316,0.15177807211875916,0.0003,217.23910522460938
hamilton_ppo,4,1900,760000,-0.0013923821491509448,681.022066040039,0.9017090451717377,0.003677770495414734,0.02924999998882413,0.010917067527770996,0.15473490953445435,0.5973973870277405,26.135738372802734,-108.2875747680664,113.27796936035156,15.167681694030762,26.279579162597656,0.7987258492751101,12.191317828221234,0.05981042981147766,0.7483727931976318,0.0,0.00125,-1.8463191986083984,-1.8861613273620605,0.15781700611114502,0.15165284276008606,0.0003,278.6380615234375
hamilton_ppo,4,1910,764000,-0.00019818339300035957,685.1226290893554,0.8927611577510833,0.00196242262609303,0.0044499999238178135,0.04582202434539795,0.15501201152801514,-2.400352954864502,26.417741775512695,-131.63597106933594,113.8641357421875,12.438724517822266,27.044628143310547,0.7855448177355038,25.855165969486226,0.038947828114032745,1.1299368143081665,0.000125,0.001,-1.8406295776367188,-1.8884474039077759,0.15871746838092804,0.15130655467510223,0.0003,320.8177795410156
hamilton_ppo,4,1920,768000,-0.001420936284208798,415.97511779785157,0.8917572057247162,0.004511264618486166,0.023425000030547382,0.12438631057739258,0.15486368536949158,1.6665984392166138,20.5019588470459,-100.87298583984375,145.69952392578125,15.227603912353516,21.909833908081055,0.7418491494753742,19.505813577430114,0.05490238592028618,0.7821828722953796,0.0,0.00025,-1.8479325771331787,-1.88279128074646,0.15756258368492126,0.1521647870540619,0.0003,190.41259765625
hamilton_ppo,4,1930,772000,-0.0012492385667603222,527.4026150512695,0.8955698996782303,0.0023793596774339676,0.03637500017415732,0.09678608179092407,0.1544557809829712,-2.192958116531372,23.01784896850586,-98.28163146972656,101.67593383789062,12.639411926269531,24.21973991394043,0.7842689507539032,21.58031159527502,0.029068738222122192,1.1834338903427124,0.0,0.00025,-1.848604679107666,-1.8874677419662476,0.15745671093463898,0.1514548361301422,0.0003,260.2561950683594
hamilton_ppo,4,1940,776000,-0.0015245289150043373,441.01825469970703,0.9032626700401306,0.003951023332774639,0.027449999949894846,0.10203337669372559,0.15362542867660522,-0.36305055022239685,21.03316307067871,-94.28601837158203,110.591064453125,12.568083763122559,22.195987701416016,0.739341603979956,18.59953710182974,0.07221300899982452,0.5566698908805847,0.0,0.0,-1.8434406518936157,-1.9039504528045654,0.1582719385623932,0.14897893369197845,0.0003,279.2676086425781
hamilton_ppo,4,1950,780000,-0.0009915288682481327,585.3665243530273,0.9127587831020355,0.0030655013397336006,0.018725000005215407,0.13537174463272095,0.15310919284820557,-1.6110138893127441,24.40812110900879,-127.7918930053711,114.90480041503906,10.743489265441895,26.249414443969727,0.8107808795904932,29.47869953078043,0.03310037776827812,1.4120160341262817,0.000125,0.0005,-1.8488922119140625,-1.9051053524017334,0.15741145610809326,0.14880697429180145,0.0003,238.38824462890625
hamilton_ppo,4,1960,784000,0.00012621486765201472,749.9808508300781,0.9159509861469268,0.0006211005384102464,0.01815000005532056,0.16056573390960693,0.1530986726284027,-0.04864175245165825,27.496139526367188,-176.3488311767578,114.43899536132812,9.715863227844238,30.01085662841797,0.7923695506105216,32.9128052391755,0.021015139296650887,0.8199494481086731,0.000125,0.0005,-1.8486026525497437,-1.9055533409118652,0.15745702385902405,0.14874032139778137,0.0003,329.5646057128906
hamilton_ppo,4,1970,788000,-0.0016487226231649465,599.5215121459961,0.9173320078849793,0.003762701991945505,0.0276500000199303,0.08050823211669922,0.15288454294204712,-1.2072147130966187,24.769229888916016,-136.40029907226562,123.87681579589844,9.783876419067383,25.830842971801758,0.8013640672489357,33.0706795566828,0.04733911529183388,1.1789579391479492,0.000125,0.00025,-1.8441869020462036,-1.9131462574005127,0.15815387666225433,0.1476152241230011,0.0003,276.0052185058594
hamilton_ppo,4,1980,792000,-0.0031948724408289307,541.7712240600586,0.9207784885168075,0.006962813436985016,0.06632499998435377,0.12864470481872559,0.15257710218429565,-0.7837094664573669,23.34872817993164,-137.6478729248047,130.63827514648438,9.306869506835938,25.01298713684082,0.8262814886084547,24.822682026740946,0.05505993217229843,0.849349319934845,0.000125,0.00025,-1.8421868085861206,-1.9194767475128174,0.1584704965353012,0.1466836929321289,0.0003,331.7994689941406
hamilton_ppo,4,1990,796000,-0.0012849641988086668,610.9607876586914,0.9272456240653991,0.004552170168608427,0.031199999968521297,0.03976863622665405,0.15193626284599304,2.9764065742492676,24.804309844970703,-81.14010620117188,146.0885467529297,11.508679389953613,25.312742233276367,0.7627328630431969,27.404828068976503,0.04161548614501953,0.9449822902679443,0.000125,0.00125,-1.8416595458984375,-1.9288278818130493,0.1585540920495987,0.1453184336423874,0.0003,282.37567138671875
hamilton_ppo,4,2000,800000,-0.0008010376523539975,665.4444277954102,0.9382656300067902,0.003074403153732419,0.01739999989978969,0.1082315444946289,0.1510944813489914,-4.234411716461182,25.765005111694336,-154.39805603027344,126.72482299804688,6.993672847747803,27.28375816345215,0.7705606495067111,32.54185280998085,0.05538257956504822,1.287509560585022,0.0,0.0,-1.8393354415893555,-1.9430525302886963,0.15892300009727478,0.14326594769954681,0.0003,368.3263244628906
hamilton_ppo,4,2010,804000,-0.0019943428457801816,473.59703033447266,0.9445652139186859,0.004976219031959772,0.04612500000745058,0.14537346363067627,0.15122026205062866,-0.8028469681739807,21.81056022644043,-124.40985107421875,111.51022338867188,6.684751033782959,23.59275245666504,0.7784498501048754,18.570858765204974,0.06319011747837067,0.7950162887573242,0.0,0.0,-1.8410165309906006,-1.9394400119781494,0.1586560606956482,0.14378444850444794,0.0003,229.797607421875
hamilton_ppo,4,2020,808000,-0.00044061147814209,245.464363861084,0.945878986120224,0.0032451108563691378,0.028799999835900963,0.2723577618598938,0.15044647455215454,1.2692701816558838,15.769817352294922,-74.17375946044922,80.83514404296875,7.650076389312744,18.4870548248291,0.7921288469864612,17.1933801569654,0.07023832947015762,1.3083635568618774,0.0,0.0,-1.8530839681625366,-1.936970591545105,0.15675298869609833,0.14413994550704956,0.0003,100.05909729003906
hamilton_ppo,4,2030,812000,-0.0016802028407662917,472.79641876220705,0.9528736311197281,0.006788576487451792,0.04402499984949827,0.11968296766281128,0.15044376254081726,1.8826467990875244,21.834522247314453,-134.81509399414062,146.33702087402344,9.56729793548584,23.271488189697266,0.7781391098780338,20.186859387859617,0.07122554630041122,1.4013153314590454,0.0,0.00125,-1.8645646572113037,-1.9246701002120972,0.1549636423587799,0.14592388272285461,0.0003,280.1533203125
hamilton_ppo,4,2040,816000,-0.002933294818765715,530.304790649414,0.9516019946336747,0.007128387689590454,0.05854999990202486,0.028596878051757812,0.1504041850566864,3.613217353820801,23.054677963256836,-101.78630065917969,123.97046661376953,12.971006393432617,23.39156723022461,0.80434195548001,28.620943315248766,0.06192566454410553,0.8662963509559631,0.00025,0.001,-1.8700727224349976,-1.919393539428711,0.15411244332790375,0.14669591188430786,0.0003,231.68508911132812
hamilton_ppo,4,2050,820000,-0.0015205596294836,699.0381884765625,0.957513125538826,0.0030836763326078653,0.04599999981932342,0.026326119899749756,0.14945080876350403,0.47858527302742004,26.505313873291016,-138.2382354736328,133.3958282470703,12.776837348937988,26.861248016357422,0.7956858036714474,20.03290470402141,0.036293670535087585,0.6326844692230225,0.00025,0.00075,-1.8699979782104492,-1.93255615234375,0.15412397682666779,0.14477765560150146,0.0003,426.4701232910156
hamilton_ppo,4,2060,824000,-0.001190345303757212,1036.4488586425782,0.9582718616724014,0.005138217471539974,0.025600000075064598,-0.011209368705749512,0.15062907338142395,3.8350391387939453,32.14118576049805,-247.4718017578125,207.69644165039062,16.163082122802734,31.962547302246094,0.7719482163475816,28.267946943247452,0.05261357128620148,0.7706282734870911,0.0,0.0,-1.8605610132217407,-1.9263920783996582,0.15558533370494843,0.14567282795906067,0.0003,462.2955017089844
hamilton_ppo,4,2070,828000,-0.0011032897823897692,660.6489581298828,0.950723927617073,0.0051878467202186584,0.04207500006537884,0.025383472442626953,0.15020817518234253,-1.8509601354599,25.682085037231445,-117.54471588134766,140.21170043945312,12.700312614440918,26.014375686645508,0.7924021745880201,13.667673873372783,0.044903066009283066,0.4723205864429474,0.000125,0.00075,-1.8715630769729614,-1.9205018281936646,0.1538829356431961,0.14653339982032776,0.0003,336.3443908691406
hamilton_ppo,4,2080,832000,-0.0005354915176678343,982.9918438720703,0.9623132890462875,0.006888652686029673,0.098875000346452,0.02465510368347168,0.1488071084022522,-2.1891167163848877,31.34447479248047,-164.25453186035156,222.19113159179688,11.048271179199219,31.738170623779297,0.8875088889965359,16.30505358774839,0.07452436536550522,0.5284910202026367,0.000125,0.00075,-1.8840607404708862,-1.926600456237793,0.1519717425107956,0.1456424742937088,0.0003,494.1366882324219
hamilton_ppo,4,2090,836000,-0.0018860805685682847,1026.6878350830077,0.9741642004251481,0.004533856175839901,0.0322249999223277,0.020569145679473877,0.1486193835735321,-0.343018501996994,32.17586135864258,-182.24208068847656,123.92852020263672,11.517366409301758,32.511966705322266,0.8107167207305277,20.482528395450917,0.059039101004600525,1.2353979349136353,0.0005,0.002,-1.8809244632720947,-1.9324731826782227,0.1524491012096405,0.1447896659374237,0.0003,571.7120971679688
hamilton_ppo,4,2100,840000,-0.0011516396486078938,918.6698962402344,0.9768829786777496,0.0038593970239162445,0.03912499976810068,0.007985174655914307,0.14839643239974976,3.5233824253082275,30.268146514892578,-152.99574279785156,174.60137939453125,15.63621997833252,30.38972282409668,0.8791073733042905,24.92499258208831,0.03655998781323433,0.8085114359855652,0.000125,0.00075,-1.8778847455978394,-1.9387781620025635,0.15291321277618408,0.14387963712215424,0.0003,527.1231079101562
hamilton_ppo,4,2110,844000,-0.0005946919859692579,698.4756002807617,0.9791708552837372,0.006762448698282242,0.0551749999076128,0.029006659984588623,0.14828544855117798,-1.438289999961853,26.486812591552734,-190.15016174316406,151.24102783203125,13.614706039428711,26.879526138305664,0.9330176220564261,18.36013869533738,0.040243711322546005,0.6192892789840698,0.00025,0.00175,-1.8788797855377197,-1.9392640590667725,0.15276113152503967,0.1438097506761551,0.0003,360.5010986328125
hamilton_ppo,4,2120,848000,-0.00016172127781610257,584.2981622314453,0.9831025463342666,0.0048509445041418076,0.042724999939091506,0.05322390794754028,0.1478629857301712,1.6837936639785767,24.19101905822754,-153.27066040039062,152.44102478027344,15.467111587524414,24.861682891845703,0.8389203475007497,16.876806377206627,0.06237415969371796,0.549270510673523,0.0005,0.0015,-1.8737550973892212,-1.950661540031433,0.15354599058628082,0.14217998087406158,0.0003,272.76788330078125
hamilton_ppo,4,2130,852000,-0.0010864905670052406,596.2294021606446,0.9924713140726089,0.0029595321975648403,0.025925000067800283,0.041962623596191406,0.14683488011360168,0.7507904171943665,24.43545150756836,-102.50471496582031,127.03369903564453,15.940793991088867,24.964859008789062,0.843864992038972,14.379862457596243,0.06002557650208473,0.6962785720825195,0.000375,0.00125,-1.8910189867019653,-1.9466477632522583,0.15091796219348907,0.1427518129348755,0.0003,295.0708923339844
hamilton_ppo,4,2140,856000,-0.0008741824835924472,786.9633239746094,0.9984619688987731,0.004239899106323719,0.035349999866448344,0.03318321704864502,0.14726263284683228,3.122182607650757,28.06796646118164,-118.0187759399414,168.6251220703125,18.69594955444336,28.545581817626953,0.7053675898344842,29.49253808557031,0.06112496182322502,0.527240514755249,0.000125,0.0005,-1.8832783699035645,-1.9488725662231445,0.15209068357944489,0.14243456721305847,0.0003,311.57232666015625
hamilton_ppo,4,2150,860000,1.2211506503811975e-05,898.1980786132813,0.9958601099252701,0.002202181611210108,0.021449999888427555,0.023171842098236084,0.14677046239376068,2.67568302154541,29.94260025024414,-154.3589324951172,144.69024658203125,21.513757705688477,30.2956600189209,0.8696175768566884,24.910700190691106,0.05116850510239601,0.6202902793884277,0.000125,0.00075,-1.8899949789047241,-1.9486353397369385,0.15107257664203644,0.14246836304664612,0.0003,469.6526794433594
hamilton_ppo,4,2160,864000,-0.00038719119784436985,810.8608929443359,1.001627607345581,0.002843601396307349,0.005324999936856329,0.06252855062484741,0.14672860503196716,-3.9805328845977783,28.54792594909668,-161.41368103027344,154.06149291992188,17.133338928222656,29.484621047973633,0.8417213589465165,36.818726776029656,0.04293298348784447,0.8827979564666748,0.0,0.0,-1.886089563369751,-1.9533836841583252,0.15166372060775757,0.14179347455501556,0.0003,429.8960876464844
hamilton_ppo,4,2170,868000,-0.0015706298073735513,898.6888940429687,1.00452050447464,0.004233251325786114,0.04317499996162951,0.05108988285064697,0.1462039351463318,5.0710225105285645,29.865503311157227,-137.0146484375,177.1198272705078,22.936622619628906,30.658950805664062,0.8066960982420831,40.87820871291723,0.03941363841295242,1.2424119710922241,0.000375,0.00125,-1.8930732011795044,-1.9533401727676392,0.15060825645923615,0.14179964363574982,0.0003,468.56280517578125
hamilton_ppo,4,2180,872000,-0.0010599644128298634,989.9857250976562,1.0094482421875,0.0033061779104173183,0.02017499992158264,-0.025019526481628418,0.14608082175254822,-4.053554058074951,31.704448699951172,-160.0188751220703,144.01283264160156,18.72796630859375,31.315126419067383,0.8190969100648418,56.79541261041345,0.0292073842138052,1.1081743240356445,0.0,0.0,-1.8955326080322266,-1.9524680376052856,0.1502383053302765,0.14192336797714233,0.0003,473.6108093261719
hamilton_ppo,4,2190,876000,-0.0011754002521265684,866.3733764648438,1.0110750937461852,0.0023753594141453505,0.014699999946169556,0.0661325454711914,0.14593097567558289,0.4941408634185791,29.496967315673828,-197.96078491210938,121.80071258544922,18.956254959106445,30.523529052734375,0.7960206634664138,21.80477759013388,0.07175637036561966,0.7196049094200134,0.00025,0.001,-1.8933225870132446,-1.9569319486618042,0.15057069063186646,0.14129124581813812,0.0003,415.3541259765625
hamilton_ppo,4,2200,880000,-0.0015560508117472692,527.7297705078125,1.014046677350998,0.0029445099644362926,0.03079999998677522,0.07487529516220093,0.1455971747636795,0.7594940066337585,23.0271053314209,-143.90496826171875,120.51979064941406,20.314512252807617,23.94083023071289,0.7857545992676491,17.842053528982007,0.06235551834106445,0.8603841066360474,0.0,0.0,-1.894301176071167,-1.9606213569641113,0.15042342245578766,0.14077092707157135,0.0003,298.9844665527344
hamilton_ppo,4,2210,884000,-0.000716738200743201,725.3587225341797,1.0224722957611083,0.002748818602412939,0.023149999869056047,0.07353144884109497,0.1447390913963318,2.420325756072998,26.960403442382812,-134.08493041992188,114.49433898925781,22.772605895996094,28.00986671447754,0.7625645987147475,22.78858160443396,0.07019399106502533,1.054207444190979,0.0,0.0,-1.8905463218688965,-1.976965069770813,0.15098930895328522,0.13848890364170074,0.0003,350.46026611328125
hamilton_ppo,4,2220,888000,-0.002925345289707195,408.9527786254883,1.0318074131011963,0.003700699657201767,0.03044999999459833,0.08276170492172241,0.14423835277557373,1.444530963897705,20.40654754638672,-116.37784576416016,135.4370574951172,24.196640014648438,21.307302474975586,0.76885904244371,25.23905503762543,0.051840733736753464,1.428592562675476,0.000125,0.00025,-1.8981646299362183,-1.975922703742981,0.14984337985515594,0.1386333405971527,0.0003,192.48333740234375
hamilton_ppo,4,2230,892000,-0.0005442378859192054,553.1750457763671,1.0359105360507965,0.0040090205147862434,0.01960000004153699,0.06464970111846924,0.14433997869491577,-3.1712703704833984,23.63866424560547,-144.549072265625,173.79803466796875,21.15447998046875,24.441946029663086,0.7446983846526429,25.975642060580913,0.0369710847735405,1.6378004550933838,0.0,0.0,-1.900394082069397,-1.9720572233200073,0.14950968325138092,0.13917025923728943,0.0003,309.20928955078125
hamilton_ppo,4,2240,896000,-0.0008329263937892329,960.1414306640625,1.0319839692115784,0.0031614284962415695,0.00822499995585531,0.05618041753768921,0.1449609398841858,7.317992210388184,30.810274124145508,-170.70648193359375,139.97222900390625,28.860637664794922,31.71400260925293,0.784311361871574,65.83936781390408,0.04043751209974289,1.6262784004211426,0.000375,0.0015,-1.894899606704712,-1.9690568447113037,0.150333434343338,0.13958844542503357,0.0003,452.1291198730469
hamilton_ppo,4,2250,900000,-0.003054870880443561,501.9602041625977,1.0284328150749207,0.004494678229093552,0.04919999979902059,0.11813277006149292,0.14447996020317078,2.688283681869507,22.59119987487793,-89.07125091552734,155.95980834960938,31.1848087310791,24.05678939819336,0.8356037971951281,29.773086989395043,0.06630972772836685,1.4106781482696533,0.0,0.00025,-1.89203941822052,-1.9790829420089722,0.15076401829719543,0.1381959170103073,0.0003,206.9190216064453
hamilton_ppo,4,2260,904000,-0.0010937662746378918,961.5895111083985,1.035418882369995,0.004875093698501587,0.02552500007208437,0.05492889881134033,0.1441095471382141,0.5769160389900208,31.097810745239258,-206.55313110351562,173.50973510742188,32.79018020629883,31.988771438598633,0.7563072810190091,36.91602796033968,0.04745577648282051,1.4613401889801025,0.0,0.00025,-1.8942153453826904,-1.9820771217346191,0.15043632686138153,0.1377827525138855,0.0003,538.962890625
hamilton_ppo,4,2270,908000,-0.0018475050382730852,1113.5032598876953,1.0410119354724885,0.003916783258318901,0.016349999974481763,0.08649218082427979,0.14370906352996826,-4.851515769958496,33.7040901184082,-218.00558471679688,119.2942886352539,27.689409255981445,35.26358413696289,0.8037628361775319,94.49669389360581,0.03641781210899353,1.1108850240707397,0.000125,0.00075,-1.895513892173767,-1.986483097076416,0.15024112164974213,0.1371770203113556,0.0003,543.1897583007812
hamilton_ppo,4,2280,912000,-0.0014332138460420652,662.4532339477539,1.0400488233566285,0.004353939089924097,0.025249999961815775,0.1768791675567627,0.14427989721298218,-0.3007604479789734,25.830690383911133,-161.00181579589844,133.6363067626953,27.48514175415039,28.471097946166992,0.840161103130736,32.5796509366897,0.06875623762607574,1.0762702226638794,0.000125,0.0015,-1.8898452520370483,-1.9843887090682983,0.1510951817035675,0.13746462762355804,0.0003,311.9647216796875
hamilton_ppo,4,2290,916000,-0.002567484913070803,531.9955142211915,1.0326484417915345,0.004987390711903572,0.041949999872595074,0.28334319591522217,0.1448318064212799,-0.20852002501487732,23.348047256469727,-127.84544372558594,114.26792907714844,26.818920135498047,27.580045700073242,0.8613335137414861,36.29684003480907,0.06102020666003227,1.2931084632873535,0.000125,0.0005,-1.8849605321884155,-1.9817447662353516,0.15183505415916443,0.1378285437822342,0.0003,247.62277221679688
hamilton_ppo,4,2300,920000,-0.0012185474690457343,899.8499652099609,1.0275750148296356,0.004969364032149315,0.021199999963864683,0.28130626678466797,0.1449892371892929,-1.0545141696929932,30.157318115234375,-208.59251403808594,133.55508422851562,24.714262008666992,35.573020935058594,0.796184868876513,45.18246317855424,0.06281891465187073,0.9635478258132935,0.000375,0.0015,-1.8863493204116821,-1.9779386520385742,0.15162432193756104,0.1383541375398636,0.0003,400.0436706542969
hamilton_ppo,4,2310,924000,-0.0014999899665883287,602.5322116088868,1.0299997854232787,0.005054471082985401,0.021525000017136336,0.3088630437850952,0.14420156180858612,-3.173931360244751,24.61801528930664,-134.7466583251953,133.411376953125,21.15121078491211,29.612220764160156,0.8167440399088985,46.92483757486184,0.048691485077142715,0.6597719788551331,0.0,0.0005,-1.9003722667694092,-1.974071741104126,0.14951294660568237,0.13889017701148987,0.0003,290.2912902832031
hamilton_ppo,4,2320,928000,-0.002509892441518968,485.8946435546875,1.0367984116077422,0.0037132338620722294,0.056949999937787654,0.28410565853118896,0.14434164762496948,1.126761555671692,22.18145179748535,-149.3712921142578,123.1820068359375,22.10329246520996,26.215944290161133,0.7802155914172567,29.59005884265791,0.056681569665670395,0.8120024800300598,0.0005,0.00175,-1.9005851745605469,-1.971827745437622,0.1494811326265335,0.13920220732688904,0.0003,222.03111267089844
hamilton_ppo,4,2330,932000,-0.0006710187376113019,449.4534956359863,1.0286068058013915,0.004527691286057234,0.0289000001270324,0.2867869734764099,0.14519397914409637,0.012028595432639122,21.36156463623047,-147.20721435546875,148.94204711914062,22.181093215942383,25.294343948364258,0.750908137987715,22.37747264161446,0.0458858460187912,1.0126451253890991,0.0,0.00075,-1.888479471206665,-1.9726608991622925,0.15130169689655304,0.1390862613916397,0.0003,284.94097900390625
hamilton_ppo,4,2340,936000,-0.001355557266859977,822.7974011230468,1.0224924135208129,0.0022941227070987225,0.021800000099465252,0.21607589721679688,0.1451362520456314,-3.397265672683716,28.764995574951172,-173.44964599609375,149.65362548828125,17.8435001373291,32.48832321166992,0.818668350272603,49.954066050220106,0.0553005076944828,0.6512026786804199,0.00025,0.00075,-1.8870818614959717,-1.9750151634216309,0.15151329338550568,0.13875921070575714,0.0003,467.694091796875
hamilton_ppo,4,2350,940000,-0.0025898501128904174,530.3186599731446,1.0288444066047668,0.0047548082657158375,0.042549999952316286,0.2507359981536865,0.14430958032608032,-0.9528117179870605,23.1212100982666,-181.49940490722656,118.1586685180664,17.773460388183594,26.711183547973633,0.7751039154606971,26.907404359123998,0.04760837182402611,0.6058404445648193,0.00025,0.00175,-1.897800087928772,-1.9752894639968872,0.14989802241325378,0.13872115314006805,0.0003,276.45709228515625
hamilton_ppo,4,2360,944000,0.00019174024818385149,722.8286102294921,1.0409237396717073,0.002021475462242961,0.014375,0.16101402044296265,0.14348821341991425,-1.5080444812774658,27.05678939819336,-107.04181671142578,162.7506103515625,15.92862319946289,29.53921127319336,0.8456567949377104,39.39968445252342,0.03092109225690365,1.044150948524475,0.000375,0.00075,-1.9071608781814575,-1.9770652055740356,0.14850139617919922,0.13847503066062927,0.0003,396.5586853027344
hamilton_ppo,4,2370,948000,-0.0009848547356661541,566.6371032714844,1.0485391497612,0.003610230516642332,0.025649999980814756,0.07777303457260132,0.14329391717910767,3.5837666988372803,23.793352127075195,-182.3927764892578,135.01307678222656,20.687366485595703,24.776315689086914,0.9056046974037365,33.25859835621287,0.03769838437438011,0.9166041016578674,0.000125,0.0005,-1.9106836318969727,-1.9761008024215698,0.14797918498516083,0.1386086493730545,0.0003,297.18853759765625
hamilton_ppo,4,2380,952000,-0.0025046934868470983,727.5134338378906,1.052182695865631,0.00478749955072999,0.03352499990258366,0.12408268451690674,0.14280205965042114,-2.394900321960449,27.046140670776367,-161.22369384765625,108.20455169677734,17.43260955810547,28.89839744567871,0.8932582744190056,39.53026951121237,0.06257942318916321,0.6608679294586182,0.000125,0.00075,-1.9131860733032227,-1.9805394411087036,0.14760935306549072,0.13799476623535156,0.0003,291.53094482421875
hamilton_ppo,4,2390,956000,-0.0002987357368214383,1006.7144543457031,1.0570368647575379,0.005478373728692532,0.0435499999159947,0.0820510983467102,0.1425887644290924,2.589625597000122,31.741670608520508,-181.6343994140625,232.362548828125,20.278236389160156,33.12992858886719,0.7916268367485826,29.550472045666375,0.05158629268407822,0.6336111426353455,0.0005,0.001,-1.9129458665847778,-1.9838935136795044,0.1476448029279709,0.13753269612789154,0.0003,535.6255493164062
hamilton_ppo,4,2400,960000,-0.0009925538416544377,625.4447439575196,1.0654179549217224,0.003438059240579605,0.03397499994374811,0.19349974393844604,0.14166149497032166,-1.1457407474517822,25.099262237548828,-127.18916320800781,101.13615417480469,18.786035537719727,27.94851303100586,0.8341536454811912,31.95482698159067,0.04450301453471184,0.913347065448761,0.000125,0.002,-1.9126932621002197,-1.9977445602416992,0.1476821005344391,0.13564085960388184,0.0003,301.83837890625
hamilton_ppo,4,2410,964000,-0.00014086806499385762,543.1167010498046,1.0732817101478576,0.009107977151870728,0.059125000038184224,0.21265959739685059,0.14185330271720886,-1.3213398456573486,23.40732765197754,-119.69319152832031,116.82182312011719,17.929302215576172,26.379743576049805,0.9389028737313435,27.88000977914836,0.042545825242996216,0.7157467603683472,0.000375,0.00125,-1.9129877090454102,-1.9946006536483765,0.14763861894607544,0.13606798648834229,0.0003,250.3027801513672
hamilton_ppo,4,2420,968000,-0.0001208802076027382,904.3506506347657,1.0728759944438935,0.0027392979245632887,0.04552500040270388,0.15447527170181274,0.14122258126735687,1.5894709825515747,30.196020126342773,-168.7486572265625,192.471923828125,19.345569610595703,32.8387451171875,0.8792498072345335,43.82828736208431,0.03824242204427719,0.8102297782897949,0.000125,0.00075,-1.921439290046692,-1.9947396516799927,0.14639610052108765,0.1360490769147873,0.0003,392.3104553222656
hamilton_ppo,4,2430,972000,-0.0009408159220307421,1154.375262451172,1.0800141406059265,0.004653757903724909,0.03825000011827797,-0.02406620979309082,0.14099405705928802,-0.6115043759346008,34.54716110229492,-170.83706665039062,138.859130859375,19.39075469970703,34.1388053894043,0.8468594558872238,75.32730325503522,0.049260854721069336,0.7804654240608215,0.00025,0.0025,-1.9217548370361328,-1.997764229774475,0.1463499218225479,0.13563820719718933,0.0003,594.666259765625
hamilton_ppo,4,2440,976000,-0.0006423907223181225,727.8306951904297,1.0833124756813048,0.003411752637475729,0.037624999955296515,0.0838322639465332,0.14075854420661926,-2.3168859481811523,26.973936080932617,-154.8485107421875,110.38427734375,14.734986305236816,28.181028366088867,0.7944184929368686,20.74374284001551,0.03986910358071327,0.6975197196006775,0.00025,0.00175,-1.934034824371338,-1.988114833831787,0.1445637345314026,0.13695335388183594,0.0003,310.5080871582031
hamilton_ppo,4,2450,980000,-0.002246927002145096,832.3041705322265,1.0878744113445282,0.0061490521766245365,0.0609500000718981,0.019618213176727295,0.1402871459722519,-0.3859155774116516,28.991544723510742,-134.22833251953125,181.70516967773438,14.822820663452148,29.280179977416992,0.7812845709730678,23.002610429397556,0.05327557399868965,0.817847490310669,0.0,0.00075,-1.933872103691101,-1.9951956272125244,0.14458724856376648,0.1359870582818985,0.0003,382.8836975097656
hamilton_ppo,4,2460,984000,-0.002528345393014024,885.6851861572266,1.0943997132778167,0.008483212441205978,0.0921749995322898,0.030454039573669434,0.1402224451303482,1.2451539039611816,29.781261444091797,-119.95223999023438,309.19024658203125,15.915407180786133,30.24536895751953,0.7793244627055179,13.489581051527107,0.05923951789736748,0.6876134276390076,0.00025,0.0005,-1.927574634552002,-2.0028936862945557,0.14550065994262695,0.13494423031806946,0.0003,347.7393798828125
hamilton_ppo,4,2470,988000,-0.002278484235034561,1017.3140270996093,1.0829907751083374,0.006716749630868435,0.0890249997843057,0.035936832427978516,0.14123940467834473,-1.9845879077911377,31.895172119140625,-331.57537841796875,171.6393585205078,13.410221099853516,32.48420333862305,0.9257815085631562,17.498514412793227,0.06864052265882492,0.7358170747756958,0.0,0.00025,-1.9274500608444214,-1.98806631565094,0.14551879465579987,0.1369599997997284,0.0003,520.2056274414062
hamilton_ppo,4,2480,992000,-0.0028703541950089928,817.2627020263672,1.0802713978290557,0.007994508370757103,0.07507500011473894,0.03822678327560425,0.14090946316719055,-1.4890607595443726,28.635454177856445,-138.10687255859375,119.95487213134766,13.016515731811523,29.198984146118164,0.8171720453273628,15.887854566807267,0.04214281588792801,1.2214854955673218,0.000375,0.00125,-1.9281831979751587,-1.9921138286590576,0.1454121470451355,0.1364067792892456,0.0003,392.3517761230469
hamilton_ppo,4,2490,996000,-0.0015912779013364364,503.4892108154297,1.090034704208374,0.00428204657509923,0.0745250000897795,0.08195728063583374,0.14006489515304565,0.08778490871191025,22.481870651245117,-127.43994903564453,99.57395935058594,13.959029197692871,23.46394157409668,0.9420928675795051,13.318046481398898,0.07063917070627213,0.792408287525177,0.000125,0.00175,-1.9353373050689697,-1.9969090223312378,0.14437556266784668,0.13575424253940582,0.0003,259.25347900390625
hamilton_ppo,4,2500,1000000,-0.0013527900806337145,385.71805603027343,1.1014591717720033,0.00761157413944602,0.057299999739043414,0.10890811681747437,0.13905492424964905,1.5579242706298828,19.646564483642578,-80.28954315185547,150.47315979003906,15.646441459655762,20.81255340576172,0.8988274414583988,13.86404090144541,0.05099562555551529,0.5136116743087769,0.000125,0.0005,-1.946768045425415,-1.9997049570083618,0.14273464679718018,0.1353752315044403,0.0003,212.1107177734375
