group,learner_seed,timestep,policy_hash,log_std_bid,log_std_ask,action_std_bid,action_std_ask,n_eval_seeds,det_mean_objective,det_std_objective,det_se_objective,det_mean_raw_pnl,det_loss_rate,det_mean_quoted_spread,det_median_quoted_spread,det_mean_fills,det_mean_abs_inventory,det_mean_signed_inventory,det_terminal_abs_inventory,det_terminal_signed_inventory,det_running_penalty,det_terminal_penalty,det_frac_near_bound,stoch_mean_objective,stoch_std_objective,stoch_se_objective,stoch_mean_raw_pnl,stoch_loss_rate,stoch_mean_quoted_spread,stoch_median_quoted_spread,stoch_mean_fills,stoch_mean_abs_inventory,stoch_mean_signed_inventory,stoch_terminal_abs_inventory,stoch_terminal_signed_inventory,stoch_running_penalty,stoch_terminal_penalty,stoch_frac_near_bound
A,0,16000,bd676cb2bf7451eae657f49171993acfacb22ab9814805f35056bf92011c9456,-0.0098634753376245,-0.0092428978532552,0.990185022354126,0.9907997250556946,50,31.513239516175904,41.22800224123421,5.830519991910178,31.930154461970936,0.2,3.216370230481948,3.209967395169969,26.6,3.966383565060468,2.294873715110155,7.16,4.8,0.333354945795038,0.08356,0.0,0.5483390498756772,89.03946596898135,12.592082035979107,1.3824412297167623,0.48,3.169789564221347,3.1602148473020506,80.9,6.222179377447799,2.117071025817415,9.94,4.7,0.6774821798410844,0.15662,0.5653071071944816
A,0,32000,cb2a9837c59377b64364a21470091080764b8410fd9150686f580ce9a8b18f4c,-0.0299472492188215,-0.0110965799540281,0.9704967737197876,0.9889647960662842,50,32.138187309858424,31.17179236341954,4.408357152382599,32.36527279961156,0.12,3.0243003586042527,3.02098684217602,24.04,2.9855981161205283,0.4653331376806662,5.08,1.2,0.1845254897531376,0.04256,0.0,6.070671463823492,62.76192752211424,8.875876910245116,6.638392759526614,0.42,3.031558068073957,3.0357276380207585,74.42,5.167283587535344,-1.2600347974967392,7.9,-2.02,0.476341295703123,0.09138,0.5580505771338536
A,0,48000,04098f0d32925f6f70b4720e78ad49625871671d74a85fb86b1d78b581f81f80,-0.0642447397112846,-0.0584387704730033,0.9377754330635072,0.9432359933853148,50,32.61622976066655,24.46167541735962,3.459403313359851,32.76412802704571,0.06,2.9184621972789646,2.918249463556796,20.58,2.563061985932294,-0.6430958917334283,3.94,-0.94,0.1232382663791559,0.02466,0.0,13.88075945960312,58.40265439190394,8.259382591961915,14.266205391599035,0.4,2.978081908867181,2.9737602654368165,66.72,4.115145107419675,-0.6690850336704375,5.56,-1.04,0.328365931995916,0.05708,0.5324875442927199
A,0,64000,c05a7a9e405bb7e09831323913d3e819139ca271f1f04b11fca8faae505895d7,-0.0584017783403396,-0.0881569683551788,0.9432708024978638,0.9156171679496764,50,28.29163469315263,37.25195130816815,5.268221476487356,28.55150582231046,0.18,2.573257726529194,2.5737802455887406,18.7,3.5756497918737886,-3.199147092393581,5.58,-5.22,0.2146911291578207,0.04518,0.0,12.168269209815364,86.49140986890284,12.231732486537254,13.220546157300069,0.34,2.7520378628300106,2.7663470788671214,62.88,7.300245954107741,-6.873991464896175,11.44,-11.2,0.8748769474847041,0.1773999999999999,0.550820007500462
A,0,80000,41672fb1ce9788054a9f7f3e4115d8791f84529ef0a45c5ebc93b151fc10b4f5,-0.0600483603775501,-0.0875214114785194,0.9417189955711364,0.916199266910553,50,25.37236397576448,42.52213216724666,6.013537601194147,25.717378253848693,0.22,2.489439008586828,2.4929180563867988,19.54,4.169934818070596,-3.8609877813066182,6.62,-6.42,0.2840742780842073,0.06094,0.0,9.859573531307472,91.8437903464888,12.98867339277556,10.977571336503784,0.52,2.67969130180544,2.6927860447436065,65.08,7.773394509963283,-7.5585084984913955,12.28,-12.2,0.9357178051963114,0.1822799999999999,0.5485716860661124
A,0,96000,1b66f1073dd4c28db6cb980f9be5b5dc580b1a63ca07c0e3833a95b5d441a28e,-0.0688710063695907,-0.0886502414941787,0.9334470629692078,0.9151656031608582,50,23.32207683194748,41.7500312269444,5.9043460390645,23.63213470191491,0.24,2.494524038399605,2.4992534981297903,17.66,4.082824452668231,-3.9126468746148295,6.1,-5.98,0.2604378699674349,0.04962,0.0,8.144271055477969,86.24173088250232,12.196422545656535,9.285573513986998,0.46,2.703106675995928,2.6895006616012256,59.6,8.066276223053771,-7.858262637064834,11.8,-11.64,0.96498245850903,0.17632,0.5577730759579687
A,0,112000,ce4708573a7862fb0e35d7b26e7936c2a2f20d6e13608062c302626a5cf490ee,-0.0825046077370643,-0.1040181815624237,0.920807123184204,0.9012089371681212,50,23.18483247961374,47.66366137765084,6.740659635263249,23.59201531620024,0.26,2.393854549124159,2.3964736316255744,18.7,4.720650258422313,-4.615422811416633,7.18,-7.18,0.3401228365864982,0.06706,0.0,15.33636962911389,91.41233132051944,12.927655872162145,16.62260322671474,0.44,2.65655210502118,2.6664899500925907,60.08,8.572708685102521,-8.435408354818241,13.36,-13.36,1.06955359760085,0.21668,0.5509072927958768
A,0,128000,b23bbdee3b9a85b6bff92b2529207b9b0732d6ae35a2e80b7df9f4a89ddebf19,-0.079046756029129,-0.1096461936831474,0.9239966869354248,0.8961511850357056,50,24.938226888910386,89.0406042577748,12.592243014324067,26.162185517602047,0.32,2.154776165287048,2.1453009788829926,24.72,8.75819561584697,-8.750860140232502,13.32,-13.32,1.0258386286916648,0.1981199999999999,0.0,-0.0528660076656649,150.9808016643039,21.35190973716209,3.236117726486823,0.48,2.475357993664137,2.481975827335823,71.18,14.369301823500123,-14.347973461629936,21.98,-21.98,2.753683734152488,0.5352999999999999,0.5567109661329853
A,0,144000,5d3a930e7af070fd7682c5c529eac09e60113ec2cc34130a79e2cc65dc778611,-0.0758062601089477,-0.1145728155970573,0.9269957542419434,0.8917469382286072,50,25.27549780142824,118.37676560012083,16.741002738155174,27.317087025883836,0.38,2.015559311931332,2.0094115509895687,29.16,11.313685591753416,-11.306350116138947,17.88,-17.88,1.6972292244555942,0.34436,0.0,5.742725447462812,170.07384975813133,24.052074493295343,10.409774969556958,0.48,2.336055976702495,2.3393563506219444,73.32,16.790209352084286,-16.760581189086373,27.04,-27.04,3.851929522094147,0.81512,0.5674452714933037
A,0,160000,b1a5038f4038e53936a75b78285111a4be775a4202359a814f8e97fe87586cd2,-0.091427631676197,-0.1135268434882164,0.912627339363098,0.892680287361145,50,25.07875535725336,86.04534845271633,12.168649876095024,26.30762924980424,0.36,2.0385617346766325,2.032527302236069,23.72,8.588827712419565,-8.57943744228455,13.92,-13.92,1.0125538925508792,0.21632,0.0,8.38249218950157,166.51610527091742,23.548933442767744,12.06141456510628,0.48,2.3641380517475428,2.3701226046498425,64.44,14.868199588207933,-14.839131420484527,25.32,-25.32,2.9938823756047044,0.6850400000000001,0.559347270103247
A,0,176000,ac81e9e08b3674bc6178f07a20a3383b3fd09c6fd41a24b41ff2be720a946d9c,-0.0946524292230606,-0.1157862991094589,0.9096890687942504,0.8906655311584473,50,24.05725211575616,76.39247862834785,10.803527933950631,25.04668848159068,0.32,2.060290523737192,2.053116088955906,21.92,7.473830344693077,-7.459885653636519,12.6,-12.6,0.8076363658345249,0.1818,0.0,4.331987791709081,152.10762263713977,21.511266287377182,7.712876922598889,0.48,2.37326617178455,2.373312868245381,63.96,14.082958824570357,-14.00283104078188,23.8,-23.8,2.753129130889804,0.62776,0.56578247989803
A,0,192000,e65b8d951d29b8096ca9c38545639847bc5d34bc4466811e4add89600e6ddfef,-0.1037500873208046,-0.1182176619768142,0.901450514793396,0.8885025978088379,50,23.29170641428557,72.44270431551578,10.244945493798635,24.19283523986181,0.34,2.038770705746941,2.038431237576784,20.86,6.97982276362298,-6.940397222168599,12.34,-12.34,0.7248688255762376,0.17626,0.0,9.228703632741688,174.9460615838728,24.74110929756716,13.140943305773126,0.48,2.347495503722196,2.349743068953323,62.68,15.00893818943368,-14.956513232196814,26.44,-26.44,3.154919673031438,0.7573200000000001,0.5701934296039147
A,0,200000,9450e2c18421696e3cc4b0620221f6a788ca0fe456a7e6c22c0eb3504f81869a,-0.1154129058122634,-0.126766487956047,0.8909981846809387,0.8809394240379333,50,22.30251563262836,57.29588486552945,8.102861744499911,22.92670253711102,0.28,2.2468059724747125,2.2483932339582706,20.3,5.688183797370924,-5.583990846718489,9.74,-9.74,0.505286904482658,0.1188999999999999,0.0,10.027174308285325,121.52287265888069,17.185929465272764,12.177777380651532,0.42,2.5047546272580608,2.5217963755007675,61.26,10.92895783559079,-10.767933657386704,19.22,-19.22,1.7368230723662084,0.41378,0.5325687175995322
A,1,16000,3e3824dcf6a51cf74e9200e5b05e3027ff24e3d56e56996988611f1149a99371,-0.0132267866283655,-0.0042140963487327,0.9868602752685548,0.9957948327064514,50,32.948604211683545,38.51739411637713,5.4471821146650194,33.19346540121612,0.18,2.9060608297082458,2.912187593216288,30.24,3.4505572777337776,-1.2457856612114262,4.8,-1.8,0.2093811895325788,0.03548,0.0,-6.525407540272248,61.4400846880355,8.688940103917133,-6.002220907517994,0.5,2.974116868233444,2.971232190914385,86.3,4.835329306428043,-2.823541906088487,6.98,-4.62,0.4434066327542538,0.07978,0.5660578976476052
A,1,32000,c5d75c9bfbf8bdba05888428f5501a84603a1fd2e586a067ed5cbdcd4b6b51b6,-0.0247971415519714,0.0158764403313398,0.9755077362060548,1.016003131866455,50,31.93285417652099,29.74097576973163,4.206009129176407,32.09424252465566,0.12,2.8578005997696425,2.8642561212414277,24.5,2.790194590793896,-1.3574259616389817,3.82,-1.9,0.1379283481346784,0.02346,0.0,8.148226226934135,60.45208640406711,8.54921604663819,8.643834384973324,0.38,2.9586923880841955,2.960279028707906,78.3,4.819480241850948,-3.632951101886569,6.78,-5.7,0.4269881580391892,0.06862,0.5670907734405076
A,1,48000,2b5cd28e9ddf5b034bd71a7677f05cb1b7079e762cf7b1147115d045fb852702,-0.0500495098531246,-0.017397878691554,0.9511823058128356,0.9827525019645692,50,31.51550710990642,28.49926256798216,4.030404364127224,31.675458323346884,0.14,2.9002841342852346,2.902551080562428,23.58,2.7304557437411945,-1.2405812516280676,3.78,-1.18,0.1360912134404696,0.02386,0.0,10.650638179640618,54.30011150057469,7.679195412248399,11.016629487565613,0.38,2.970504637346004,2.9704789799494478,73.54,4.214288496951919,-2.1434861190222336,5.42,-2.54,0.3153713079249909,0.05062,0.5455440213325694
A,1,64000,360437daa4eafbda914e64efc99c124bfd94da5c6f42277bedc92c2cd4b16c4d,-0.0445183254778385,-0.0516845025122165,0.9564580321311952,0.9496284127235411,50,32.681770412458995,44.565150893498696,6.302464080278931,33.062627807654295,0.22,2.6554409157470875,2.6606106260722937,24.94,4.314743034078651,-3.8597136779886334,6.34,-5.74,0.3219173951952945,0.05894,0.0,3.3533859749936634,85.3456491189132,12.069697447350244,4.369094448826036,0.4,2.809248212297435,2.8161011000694214,76.28,7.038675692982911,-6.606278154548115,10.44,-10.08,0.857028473832372,0.15868,0.5511021857193789
A,1,80000,8ebf349eee9ec2b4365c2511aac43efa4f689031f43a9d1180c5b361d099f135,-0.0394483283162117,-0.0556926019489765,0.961319625377655,0.9458298683166504,50,32.727545215207414,28.861118271112485,4.08157848842612,32.90066892500284,0.1,2.8991013776762595,2.898108726599093,21.32,2.8001414791598616,-1.487265211687624,3.84,-1.64,0.1464037097954204,0.02672,0.0,9.430502962874996,57.220568721570814,8.092210433274715,9.830144036969982,0.34,2.964193120312617,2.975606170297663,71.3,4.436095580159691,-2.7801746751206493,5.66,-2.82,0.3538610740949839,0.04578,0.5456652013804839
A,1,96000,1f1abed9fb4b9f66d29b47ed2c3e3a021ebbf04c194adf96e21c22f52c5bff27,-0.0444797985255718,-0.0596023872494697,0.956494927406311,0.9421390891075134,50,31.59548084426621,33.61370091921325,4.753695172150435,31.82319255803578,0.14,2.83998985693392,2.8412783512596635,21.9,3.345325406823976,-2.6204074747978785,4.38,-2.9,0.1959717137695741,0.03174,0.0,6.250455748879137,66.31214656581432,9.377953702344708,6.854211500201512,0.38,2.917960752089782,2.9237844266821886,69.96,5.4940653670148265,-4.097680606706419,6.76,-4.08,0.528755751322375,0.075,0.5493651305041609
A,1,112000,164818886d0e76b355b9cf6ed5c39f36646d7b23e9ee9853631b1ca5262846a9,-0.055474903434515,-0.0745102986693382,0.9460358023643494,0.9281979203224182,50,28.28977149864688,47.25994780296481,6.683565913999739,28.66828549887193,0.26,2.5365811185867506,2.544684233169626,21.04,4.391300403712761,-4.279688587525138,6.56,-6.36,0.3176740002250451,0.06084,0.0,12.498993764505643,80.87005104887717,11.436752298312664,13.499061620719992,0.48,2.7471567633769096,2.753529226328721,68.4,7.478217493344315,-7.19617874471442,10.92,-10.84,0.8453078562143497,0.15476,0.5525013472515995
A,1,128000,cd49c34ad65247198f971b61c867b94c70d9ee565a1f43549154b26a8f3c2008,-0.0533085465431213,-0.0841447636485099,0.9480873942375184,0.9192982316017152,50,30.43087022094581,97.40902621737604,13.775716597416958,31.93901084185447,0.34,2.2465622680132067,2.2403741187114843,31.54,9.698946721197483,-9.69265393690704,14.5,-14.5,1.2693206209086594,0.2388199999999999,0.0,-4.8748617583599385,151.67621335266546,21.45025580127346,-1.6120378435280975,0.5,2.5369526378931435,2.545250649887961,81.82,14.37385197832846,-14.349696248428383,20.66,-20.66,2.774163914831842,0.48866,0.5656077048943302
A,1,144000,406ed5caed091bab9917a23f4909c37bb6a9f18ba267bb6cc6064f9a06e8008b,-0.0470769852399826,-0.0903878286480903,0.9540139436721802,0.9135767817497252,50,27.47057162706601,146.65720488412498,20.740460816685925,30.444453564059305,0.36,2.170244782876272,2.166910513928784,40.42,13.577230476581496,-13.569761221702818,21.22,-21.22,2.480781936993282,0.4931,0.0,2.572729401567799,165.2911012066595,23.37569170660417,6.9099676116615,0.5,2.4382667948456844,2.4535173105274057,87.2,16.143468473645218,-16.102888632384467,24.72,-24.72,3.6291982100936986,0.70804,0.5714812169603435
A,1,160000,07086ab09bdf8f884b038da99504aba258a542c0875e15f1d4a7f7c864227db1,-0.061476495116949,-0.0890367180109024,0.9403750896453856,0.9148119688034058,50,23.92428083442908,120.36943880117283,17.022809284785687,26.12638342476883,0.36,2.051934787779148,2.052517050460306,31.86,11.336007866176285,-11.323055952205651,18.82,-18.82,1.806442590339745,0.39566,0.0,10.80375630357732,173.95725257658455,24.60127058669679,14.966492367500509,0.46,2.363440271559585,2.3663755618788973,76.28,15.78364398379753,-15.755615794477078,26.48,-26.48,3.4076160639231934,0.7551199999999999,0.5667440031935783
A,1,176000,45500fd093449b280260aaa69b01c92e1afb1162036f93fd1e1d6424a2511018,-0.0617357157170772,-0.0928091332316398,0.9401313066482544,0.911367416381836,50,27.328391725538967,92.344706853548,13.059513684565529,28.727924548767025,0.36,2.107009595410089,2.104521491041135,26.94,8.694950320275918,-8.681864627041072,14.98,-14.98,1.136792823228056,0.26274,0.0,3.4850332035515232,161.60112274967602,22.853849948731117,7.395693040576452,0.5,2.399818540697336,2.403983884261688,74.48,15.042206138881427,-14.949943364317772,25.12,-25.12,3.2009798370249327,0.7096800000000001,0.5683046956411674
A,1,192000,0a363ddac0c5320c7ec0507f1796dd859b3442c866c21dbf505c540da77379e1,-0.0638190656900405,-0.0978413671255111,0.9381747245788574,0.9067927598953248,50,21.06605677404123,89.61668300041299,12.673712851407444,22.395075768976834,0.32,2.1463427033488944,2.150349667550865,25.26,8.037025557627453,-8.004290448835128,14.26,-14.18,1.0713989949355984,0.25762,0.0,7.680544034671499,168.5012050731369,23.82966894906404,11.356203936349075,0.48,2.4174515273552126,2.415846743370828,71.38,14.318342965775804,-14.19104475451496,24.86,-24.86,2.988439901677576,0.68722,0.574068677349881
A,1,200000,5818346694e9fdef7d2f1d0c919018171066d52785bafc2310093e044ec280f5,-0.0705102533102035,-0.1029486432671547,0.931918203830719,0.9021732807159424,50,25.889153368253787,65.53270951210322,9.267724657107271,26.668655629587093,0.28,2.348035736770144,2.3482107007240822,24.08,6.263126322217371,-6.19652207256602,10.48,-10.4,0.6370222613333055,0.14248,0.0,10.05588587657524,111.612307139514,15.78436384844521,11.864877479553286,0.42,2.5927963475106406,2.601417741062188,70.12,10.027676134424116,-9.816294947828789,16.4,-16.4,1.4908716029780424,0.31812,0.5397986890303937
A,2,16000,5f7bf726bf41695cb29506f51690feb0aed03b0c58414fbe401abb534a6dc133,-0.0229496620595455,0.0144664580002427,0.977311670780182,1.0145716667175293,50,33.06467422642207,35.82099702548091,5.065853981116139,33.31193753543502,0.14,3.2067259912214734,3.202434420428688,27.94,3.4145523949048417,2.646253809309743,5.58,4.78,0.2040433090129518,0.04322,0.0,-3.4646771856434992,61.27155101703345,8.665105843592372,-3.0665374739688853,0.48,3.178788853621543,3.194229124201539,82.58,4.514076785598136,1.8761228690405076,6.14,3.7,0.339159711674617,0.05898,0.5673500147214141
A,2,32000,49b26850a2fd01e571c1eec173a59c9316b5adc5c694c1811c309f9c336273e2,-0.0473551265895366,0.0082941055297851,0.9537486433982848,1.008328557014465,50,30.43335346139611,27.046365685976795,3.824933716601068,30.576719657528365,0.14,3.022665443857859,3.0191760336636744,25.56,2.593692914689545,0.3119318596199916,3.72,0.92,0.1204861961322561,0.0228799999999999,0.0,7.446604896556304,42.06348012459447,5.948674407281263,7.723624450474508,0.38,3.0647258466903677,3.0594956208935047,78.92,3.8593693886244513,-1.285468131415331,4.88,-1.68,0.2436995539182059,0.0333199999999999,0.5572165141822287
A,2,48000,82c67fac8dc97d935f788cd0d005816d4ab41676c94df8eb7ad9e851da4f0696,-0.0738438889384269,-0.0367782190442085,0.9288166761398317,0.9638898968696594,50,31.4145394501533,25.83106866606516,3.653064763814004,31.54277225205263,0.08,2.9620537311314417,2.969055479323056,24.62,2.4833517563099523,-0.5018737360805882,3.3,-0.22,0.1095728018993281,0.01866,0.0,11.25060765541064,49.07519959430439,6.940281284243187,11.54327973594265,0.38,3.012677503133385,3.007791593598474,73.98,3.667001893821004,-0.9048800151590602,4.7,-1.14,0.2523720805320104,0.0403,0.5297173444572003
A,2,64000,09ef84b961824c42c5b0ee86fdfbdb4a6dd78a3579ded80cb28812fd27103e67,-0.0648990795016288,-0.0619234107434749,0.9371621012687684,0.9399548172950744,50,31.83194835719219,27.289249176890163,3.8592826292936886,31.999964962147764,0.12,2.814366201160447,2.8277652108640936,23.36,2.8059782867409524,-2.050837284380051,3.76,-2.52,0.1434966049555761,0.02452,0.0,5.1969564711254215,60.10998419237959,8.500835487889557,5.7259515480185685,0.34,2.9391218523096403,2.9278399010380705,75.16,5.009617987475915,-4.270582306251167,6.48,-5.52,0.4597550768931482,0.06924,0.5384806478354018
A,2,80000,767f723a6fa89b2ea889b6dd7cfeaaae131691910677398dd9d16408dcd8d065,-0.0715367943048477,-0.0682575553655624,0.9309620261192322,0.934019923210144,50,31.08177959104002,26.93057899820812,3.808559006182596,31.23687127343287,0.12,2.938023325218885,2.9447242938841214,22.8,2.578197415430318,-0.9985989281673596,3.48,-0.84,0.1305316823928454,0.02456,0.0,5.660571666160055,57.74201934656293,8.165954687871892,5.984532106976476,0.38,2.9915883846865263,2.9949016600500054,72.92,4.019333534069552,-1.8812680125817551,5.12,-1.76,0.2852004408164216,0.03876,0.5286016924688057
A,2,96000,507a6af3b8ae144047f2d206f0db8842e109b3d8495e0afb58c5977674e6f207,-0.0796782299876213,-0.0733292177319526,0.9234133958816528,0.9292948842048644,50,30.45585495706434,39.20601824234002,5.544568272496423,30.7531295592362,0.2,2.8243724545719533,2.8272929643531235,26.94,3.856556475694415,-3.3102638332163314,5.1,-3.98,0.2564146021718554,0.04086,0.0,7.784194348758531,65.98801987958868,9.332115266785973,8.408299658964266,0.34,2.908790722128281,2.91033118851595,76.8,5.6836775966479856,-4.673128996198496,6.72,-5.0,0.5455853102057322,0.07852,0.530556571221958
A,2,112000,6139e4aeafdafd5eac27895bf4c6bedfb41fcd030fe24c11daca49bf3453dcfe,-0.0881061553955078,-0.0895716100931167,0.9156636595726012,0.914322793483734,50,31.591405844608527,49.06619574274488,6.939007947344282,32.06523151068558,0.24,2.616607831062717,2.621939750947999,27.28,4.962068252100033,-4.81270887643598,7.16,-7.0,0.4020256660770587,0.0718,0.0,11.207011718581152,75.04142603836205,10.612460244326911,12.14811486920086,0.46,2.794235276239833,2.802314179789112,76.52,7.203619112404946,-6.943420967590393,10.0,-10.0,0.8040631506197046,0.13704,0.531642506067676
A,2,128000,5beb636c60d786154f6ed2fe5abef2dfc7881ec620afca1d4e3ee30da292ffa3,-0.0815187692642211,-0.0969103649258613,0.9217153787612916,0.9076372981071472,50,35.225412214783695,117.317450927268,16.591193020438244,37.20067925777809,0.32,2.334857144638671,2.3404211680420115,40.78,11.095128196720646,-11.087658941841964,16.66,-16.66,1.6641270429943946,0.3111400000000001,0.0,-8.223951600516806,159.34194155928026,22.534353480799524,-4.8374908149979,0.52,2.5817614573356398,2.591434085631217,92.36,14.761316146361066,-14.738908007398503,21.2,-21.2,2.881620785518905,0.5048400000000001,0.5517553318447765
A,2,144000,e13cb593391716e2eb7367563e1f601556704360544a46416a0524e0c373d9e4,-0.0771844685077667,-0.1001785695552825,0.925719141960144,0.9046757817268372,50,30.10248611587999,178.647805318927,25.26461491702149,34.58893170077304,0.4,2.170191097826032,2.1707563485733936,52.42,16.59999605171357,-16.59252679683489,26.94,-26.94,3.713265584893037,0.77318,0.0,0.704067752069096,177.08823538884857,25.04405842236287,5.8327220097912775,0.52,2.428993857209467,2.4348499898040283,97.44,17.482765976468478,-17.452427374365342,27.76,-27.76,4.253934257722178,0.87472,0.5691579989639317
A,2,160000,2ff94464fb6742e9ab02c355c331f59a2b21c8e86994315eeca9baf85e663b22,-0.0902367085218429,-0.1015794947743415,0.9137148261070251,0.9034093022346495,50,29.255645956091325,137.29500066402906,19.416445198509297,31.986400650200952,0.38,2.1642542510199774,2.161964273089232,40.66,12.620089518276888,-12.612620263398206,21.06,-21.06,2.23669469410963,0.49406,0.0,9.551240902325691,168.43199561674848,23.81988125387714,13.736589547842437,0.46,2.4371559185931773,2.43657355185805,86.42,15.914799594880574,-15.887188072226786,25.74,-25.74,3.459448645516746,0.7259,0.5457050783035842
A,2,176000,98ec17d588cf809bef696bd11e5eb6d87a83151f04b07b7accbd0fd580bd97b1,-0.0924877971410751,-0.1061799973249435,0.9116603136062622,0.8992627859115601,50,29.19691022670169,104.13653626957148,14.727130193098567,30.968464262076683,0.36,2.2543899759878183,2.2501288545216576,35.56,9.72057893323354,-9.707493239998694,16.88,-16.88,1.4348740353749958,0.3366800000000001,0.0,6.531461094941096,150.1582299866817,21.23558053491036,9.990380921291123,0.54,2.5003886081687665,2.4988378943441725,84.42,14.039287334896503,-13.915415465247534,22.86,-22.86,2.8527398263500303,0.60618,0.5423202815423196
A,2,192000,896929408c6619b1b624ae5a78826f27335362059fae0418d4c5c5920eb37823,-0.0958890542387962,-0.1077261269092559,0.9085648655891418,0.8978734016418457,50,23.172722346282224,102.23312386620036,14.457947029534909,24.92671398192208,0.34,2.135269905060304,2.1385921070454508,30.5,9.03089252299798,-9.000906555099128,17.14,-17.06,1.3901716356398517,0.36382,0.0,8.38383667438754,186.22785660297373,26.336596049959734,12.694281950938247,0.5,2.4006982270656207,2.3968531027108053,78.36,15.379106886991968,-15.272217978213783,27.28,-27.28,3.4816852765507007,0.8287599999999999,0.5565331070543917
A,2,200000,fef83d6729a71222270794bbc476cb3756935bd6137c46026c47ea92a08515b2,-0.099445454776287,-0.1119589433073997,0.9053393006324768,0.8940809965133667,50,28.178290951204303,81.99861474537126,11.596355306871049,29.3825480769272,0.32,2.316064072776478,2.3158249747628945,29.56,7.49803738448776,-7.416050498456217,13.84,-13.72,0.9576171257228951,0.24664,0.0,9.232690513820868,124.40583291885306,17.593641615216324,11.50697845106004,0.38,2.5496162752802665,2.548527950860984,77.04,11.016330815483272,-10.744120459010164,19.28,-19.24,1.8433279372391709,0.4309599999999999,0.5269536303771263
A,3,16000,df6a5ae5d52dc00e9adea0b5793d700ea32b146852e8d68034cca0620db615d6,-0.0138383405283093,-0.0032541481778025,0.9862569570541382,0.9967511296272278,50,30.48602935061536,31.127462254090556,4.402087928199145,30.64657421811645,0.12,3.014735692562511,3.0160368138168163,26.34,2.7732214847801653,0.1560017641007486,4.02,0.58,0.1349648675010943,0.02558,0.0,-2.5922084760977877,52.634464072876725,7.443637294010167,-2.226922216341602,0.44,3.042920100906224,3.0549738378476,80.6,4.188913542757662,-0.9817952996736592,5.56,-1.32,0.3116862597561854,0.0536,0.5646597854955742
A,3,32000,2e62664eb2a0f73896b3da33c42215a79ee3ad02da57a44da0807fc0cb011e04,-0.0376626513898372,0.0057897549122571,0.9630377292633056,1.005806565284729,50,32.219561267598394,29.375797602414984,4.154365137486232,32.40287317173671,0.08,2.822833190975835,2.8233059686168738,23.5,2.90750786263263,-1.2821330119971843,4.38,-2.26,0.1518919041383133,0.03142,0.0,7.360578786279144,68.33066107336911,9.663414761587791,7.940727491458818,0.36,2.926031663660336,2.9273183265112235,76.38,5.18419701084701,-4.031550970843499,7.98,-7.1,0.4880487051796739,0.0921,0.561292392832228
A,3,48000,60983c0ff550228603d4237b9420f3276f74b79f9f52bde2531d932b48f2d90d,-0.063830129802227,-0.0204725619405508,0.9381644129753112,0.979735553264618,50,33.086494872320294,28.96263013865044,4.09593443440752,33.26718480291357,0.08,2.785073458405174,2.788919255135593,22.34,2.859090422015365,-2.031627346659344,4.14,-2.98,0.1530299305932769,0.02766,0.0,9.685065890890996,53.05975684932319,7.503782775253158,10.095979960197596,0.38,2.897353731550156,2.88832823681697,71.54,4.568890636048727,-3.298892065353406,6.62,-5.42,0.3456540693065995,0.06526,0.5427099730351079
A,3,64000,2f1d87a3b43a640e89b864714730e6f45841cbbcf9233783baedcecb3c6a807b,-0.0682269856333732,-0.0384815707802772,0.9340484738349916,0.9622493982315063,50,32.57475083013374,42.52955039083691,6.014586696435152,32.95318871898923,0.2,2.5941249193062226,2.5943344248252598,23.8,4.214195593030444,-3.7771934411620847,6.6,-6.24,0.3129578888554989,0.06548,0.0,3.555134562545602,93.72029538689458,13.254051280575892,4.851709242231301,0.38,2.766731252412354,2.782815273266594,74.72,8.06477484411849,-7.731042303166438,12.68,-12.64,1.0800946796856994,0.21648,0.5508580851870465
A,3,80000,1abc4de0cc37630d2eabee4a39fbfb82befd4f998ed94452ba599cf14fae7ee7,-0.0642360523343086,-0.0364744737744331,0.9377835988998412,0.9641827344894408,50,32.4565445656843,34.8732461258951,4.931821763521585,32.70402322477073,0.14,2.7422856897514016,2.745697536176686,23.84,3.299541830478122,-2.5616809708265187,5.0,-3.96,0.2065986590864262,0.04088,0.0,4.469684013260534,66.47676595332274,9.401234399389102,5.070981004742392,0.48,2.859822106361252,2.8722072568059103,75.56,5.490574726387446,-4.70059686405715,7.96,-7.12,0.5142169914818593,0.08708,0.5444659925125133
A,3,96000,173df0d76d5abde0db2b1a973438ed33f79177ac7b2859ae4f42ffde8fe5e808,-0.0731997713446617,-0.0290555376559495,0.9294151663780212,0.97136253118515,50,26.51069717983952,41.64280884098884,5.889182503823664,26.853754059608963,0.24,2.535041886763039,2.538580700360694,20.0,4.231691514889815,-4.006709772310339,6.36,-6.08,0.2875368797694412,0.05552,0.0,5.17831421892935,87.17831157470097,12.328875057372947,6.421782066063664,0.46,2.7291413004760896,2.7178387069411256,66.54,8.361071117415777,-8.115556880774527,12.18,-11.94,1.0500078471343148,0.19346,0.5571355254778606
A,3,112000,e3c9b16284d2e00c340784cf3cfa36384c91707d9de1acfa264a78921181e594,-0.0839217826724052,-0.0461892820894718,0.919503092765808,0.9548611640930176,50,25.656002252809177,52.33753038053738,7.401644528526986,26.147531401259844,0.24,2.37897809617972,2.379564026767202,20.54,5.103272246304018,-4.971638375187158,8.14,-8.14,0.4069491484506651,0.08458,0.0,9.835460322132496,109.20801371501008,15.444345411559423,11.53588416219156,0.46,2.6304755684952186,2.634190923065921,66.3,9.771566612636796,-9.638213841872911,16.22,-16.22,1.3918038400590629,0.30862,0.5573962411199452
A,3,128000,6ed9cdc8268fcf1cecded4ce6a2aa96ac2738ba966954d97d6fdb96923848ca0,-0.0792868211865425,-0.0552393347024917,0.9237749576568604,0.9462587237358092,50,30.50849768442135,104.32802747673956,14.754211139323798,32.19674872962166,0.34,2.1662183641059496,2.158903842359469,29.52,10.218426908660517,-10.211091433046048,15.96,-15.96,1.4080510452003163,0.2802,0.0,-5.361232514845518,170.08654713306152,24.053870173278625,-1.316239750397863,0.48,2.4732494822056537,2.481810589815771,78.62,15.917727379173176,-15.898185452655303,24.78,-24.78,3.36889276444766,0.6761,0.5667471951209617
A,3,144000,d3d8e5c775126d93ff5a134d551a19f8eee8f995648253dfebffe7366c5035e5,-0.0743098929524421,-0.061752799898386,0.9283838868141174,0.9401152729988098,50,28.47294773686458,150.48806685047046,21.282226511524428,31.908458636394126,0.38,1.9623750864863352,1.9583710551300388,36.68,14.806280607590416,-14.801694272869424,23.64,-23.64,2.843070899529554,0.59244,0.0,-0.8779807703624107,192.32153362576148,27.198372118994516,5.064681350374615,0.52,2.296076793272362,2.2971095772557524,81.12,19.083512269589484,-19.05852872445358,31.2,-31.2,4.880382120737021,1.06228,0.5809875804354895
A,3,160000,e05f9c5eacd70e27d04acf31972324bd9bf5597aeefd55c6c84b4cd8da729332,-0.0873023346066474,-0.0591472424566745,0.9164000153541564,0.9425680041313172,50,26.173107223027746,125.9079959370624,17.806079546541017,28.477885160844146,0.38,1.9609518680785272,1.959492396476937,30.6,11.940344933151705,-11.933009457537237,19.44,-19.44,1.900577937816398,0.4041999999999999,0.0,8.762331057830107,190.36231679104756,26.921297017066298,13.858552972931829,0.5,2.306219494828818,2.3114926815326946,73.06,17.805366432270485,-17.788140641248955,29.66,-29.66,4.171241915101724,0.92498,0.5750120740476391
A,3,176000,3fd3b6f7d1d7c28c60cf2b9cfb5bf796c7ed82d4ebdf447d96cb0afe1c71daa5,-0.0858984515070915,-0.0640065893530845,0.9176874160766602,0.9379988312721252,50,26.66805018204585,115.27341827302816,16.3021231502823,28.70731741275537,0.34,1.9656067196061329,1.9641481780166905,29.32,11.067646430640943,-11.060310955026482,18.52,-18.52,1.669667230709515,0.3696000000000001,0.0,4.504718343050241,186.0323598808988,26.30894863838395,9.557856288865846,0.52,2.3060214181146725,2.2983947181292064,73.32,17.35902882897194,-17.314630439503958,29.28,-29.28,4.123657945815608,0.92948,0.5766060271225806
A,3,192000,a656322b019e06f6fa9686617bc4c07b7c0ddfde37ecf6bfeb4e1b65d8e0c65f,-0.0897479206323623,-0.0678591951727867,0.9141615629196168,0.9343920350074768,50,24.150338998762187,92.1834156436856,13.03670366291763,25.548017220450586,0.34,1.973728082328403,1.9737491324404304,25.08,8.867532586247755,-8.855642316112739,15.52,-15.52,1.129158221688399,0.26852,0.0,6.223886284721866,196.46868628268615,27.784868072259965,11.173983941706766,0.48,2.3142067304139773,2.323831146151786,68.68,17.035841984872576,-16.983966859422768,29.68,-29.68,4.004497656984903,0.9456000000000002,0.5848133568981273
A,3,200000,11230e825d839b0e0561ca5e2c13d1f65c5cc16d312049dddca75c5f0674ca0f,-0.0967914387583732,-0.0699823647737503,0.9077453017234802,0.9324102401733398,50,24.95497264913316,80.68704268000614,11.410871006584143,26.076898021631465,0.3,2.1599399566629085,2.154533584805652,24.68,7.820141301993267,-7.76849267141105,13.4,-13.4,0.911645372498306,0.21028,0.0,5.907152291490887,137.70493582970323,19.474418785608304,8.75855025761107,0.46,2.456816227837862,2.463026905469234,68.64,12.761976189922407,-12.702051253965784,22.36,-22.36,2.3074379661201827,0.5439599999999999,0.551425186213822
A,4,16000,b49761a81680b76061fd8f8927d09ba3f417fcb8c7791fc3de9acf13d38858a3,-0.0222963783890008,-0.0050617386586964,0.977950394153595,0.994951069355011,50,29.623780108085167,27.58411424602512,3.900982847277762,29.756102172086614,0.14,3.0345246801154557,3.0404860215054565,25.12,2.536934367831524,-0.1217982813719591,3.72,0.8,0.111642064001448,0.02068,0.0,-1.3254597814139806,49.79102637086024,7.041514477814698,-1.0111187397023051,0.44,3.061798312336506,3.081986750421395,78.46,3.895306132955586,-1.2737166129146995,5.1,-0.78,0.2704410417116769,0.0439,0.5642874428042964
A,4,32000,7bbeb92a356ad8dcae3993b7d50268ec59d5c769988eb4b0eec82e3e68e8f7c7,-0.041953757405281,0.0037401241715997,0.9589141011238098,1.0037472248077393,50,31.8295115499237,21.87843802357984,3.0940783776485814,31.93903875482866,0.06,2.940580049540836,2.9483075326277657,22.2,2.2804985867180263,-0.7546675119038531,2.88,-0.56,0.0942872049049587,0.01524,0.0,7.096695674815196,44.13407715186916,6.24150104709939,7.378911278811317,0.34,3.026050854016745,3.0289678138878235,73.14,3.8338992352910624,-2.558388592687227,4.42,-2.78,0.2531956039961205,0.02902,0.5621844719647237
A,4,48000,7947581e353ccd3e2142e3d70eff8f3822f38e2916c665c10c2fc33d1c2dc7fe,-0.0797687619924545,-0.0464309826493263,0.923329770565033,0.954630434513092,50,31.661446776101798,20.865975883850567,2.95089460870914,31.76566581656891,0.02,3.011173202904487,3.018799172009326,22.32,2.247638863539287,-0.3826398494799379,3.12,0.52,0.089499040467112,0.01472,0.0,9.323397359735448,41.67809008641043,5.894172025400927,9.54860861614381,0.44,3.0458013545268847,3.040339632447627,69.06,3.390825620354631,-0.5290356256861192,3.94,0.5,0.1998312564083614,0.02538,0.528483876124448
A,4,64000,23395b975e175e0f882510b869165abab0e4ffeddd4131881fc92791d88c14bb,-0.0714320912957191,-0.0827160403132438,0.9310595393180848,0.9206124544143676,50,28.083666903299264,22.027323917856304,3.1151340227417643,28.175150778849314,0.1,3.122754418351217,3.1233305548880264,17.98,2.064953905894332,0.4519086392594504,3.22,2.06,0.0755038755500485,0.01598,0.0,14.797830138377678,37.17586834493122,5.257461720639835,14.975338571038588,0.34,3.1337101325640537,3.121187964222739,61.86,3.147669447024691,0.1929702559096108,4.34,2.58,0.1518484326609059,0.02566,0.5412866300601035
A,4,80000,73f484d484fd940f6b278c25569ea15b39214d74ff2dd2e30dd4bbb0415ca227,-0.0860474407672882,-0.0927054658532142,0.9175506830215454,0.9114619493484496,50,28.58361961643173,28.13608771860416,3.979043684376908,28.733107572544583,0.14,3.1730634867182284,3.168644967768473,20.74,2.682092512935254,0.6549951407339372,4.26,2.26,0.1233479561128607,0.02614,0.0,10.637575309811307,54.22913601698393,7.669157963099395,11.01259909505436,0.38,3.154315844978448,3.147610856442287,65.1,4.398718153182128,1.1509797156375194,6.54,4.38,0.3124437852430561,0.06258,0.5295637970048545
A,4,96000,8f966e80c7e60b7a61bcca7a2288d1a03f9c989000520d5463b45314ee176fa7,-0.0684356689453125,-0.1143701523542404,0.933853566646576,0.8919277191162109,50,27.83622080430209,26.950451849043112,3.8113694516999823,27.974435891754293,0.14,3.1334435911214795,3.138019393384067,21.8,2.579881542218339,0.2084144101819275,3.88,1.6,0.1152950874521989,0.02292,0.0,14.556410403086126,61.70755735019743,8.726766450556477,14.9391110597847,0.32,3.114813027059624,3.1174511883736598,66.52,4.225528794072136,1.1091691561981245,6.8,4.24,0.3153006566985679,0.0674,0.5262346534012794
A,4,112000,2ab46fcda385a9b93fb9afd567d48d7d3dd94c549e9c54f596f1274c50efd0dd,-0.0806629508733749,-0.1119032278656959,0.9225045442581176,0.8941307663917542,50,34.13191386434098,31.172638146750817,4.408476764208391,34.33614119764491,0.14,2.8838667770212543,2.8811234271768456,25.72,3.0319315548156327,-1.577891683677063,4.2,-1.96,0.1725873333039294,0.03164,0.0,16.57446112964933,51.824124592120256,7.3290379856289505,17.026144160855715,0.38,2.953199221338274,2.961790865817157,71.96,4.512931580856261,-2.2846194482949804,6.44,-2.88,0.3851230312063837,0.06656,0.5187709092942339
A,4,128000,b96107a0fc64e28496c36b996c5e2930b269809bfbf5b4d20960a2bd4876f795,-0.0834820121526718,-0.1155684813857078,0.919907569885254,0.8908595442771912,50,33.178652879143286,59.99445650468216,8.484497405612425,33.88012369420649,0.26,2.5163010355334587,2.516206284834709,29.4,5.816900209127429,-5.60950502880495,9.56,-9.44,0.5739108150632025,0.12756,0.0,-1.2962488316347405,118.49462953615588,16.757671215840716,0.4970231619813233,0.38,2.676388023760256,2.6786957910374585,81.0,9.712504351989445,-9.276741729160362,15.32,-15.04,1.4878719936160636,0.3054,0.5268531409260122
A,4,144000,40318dc262af7a9f8d0690affb658ff79c33ef93d4e1ef853f6e6e146587adcf,-0.0771137699484825,-0.1196718886494636,0.925784468650818,0.8872115015983582,50,34.39909436195121,126.5735167493816,17.900198402423356,36.70537347170878,0.32,2.3425589670112426,2.3445389845930458,42.58,11.09604408537532,-11.039743367436618,19.22,-19.18,1.870619109757574,0.4356600000000001,0.0,6.100401032768006,137.9708532587773,19.5120251890751,9.291485480318848,0.52,2.538448697976074,2.546412368235335,90.1,13.129606269119314,-12.9363818306052,21.94,-21.86,2.608944447550837,0.5821400000000001,0.5389563973839606
A,4,160000,df746faaf547db4263731be7367fe2e2252d739ffe6c0838e8b43937360edc34,-0.0885774195194244,-0.1199238076806068,0.9152323007583618,0.8869879841804504,50,25.892179630904185,104.42653585071623,14.768142327172315,27.677973942966165,0.3,2.262793936412705,2.2527730453902466,34.02,9.393619832560567,-9.307542725926863,17.06,-16.98,1.4282143120619848,0.35758,0.0,8.114611377262575,153.72283893859074,21.739692367344997,11.296286447708018,0.4,2.4776414341047,2.4785441223500806,79.44,13.110694986673115,-12.991747854294228,23.24,-23.24,2.563875070445448,0.6178,0.5347692966894306
A,4,176000,66303408d66d756c866be9d058fa1b24c77173cdee878bc50a382904cb612dfe,-0.0916534215211868,-0.1233930587768554,0.9124212861061096,0.8839161992073059,50,27.14545810488748,70.06179042789444,9.90823342272698,28.061263113424605,0.28,2.450122424337761,2.4456929071477225,28.3,6.454103609361518,-6.169064983687662,11.38,-11.02,0.7351850085371251,0.18062,0.0,13.86775447323364,128.23929622821765,18.13577519551263,16.25860006844896,0.44,2.601303230540468,2.5978537240764297,76.7,11.039326401285026,-10.471808082489495,18.1,-18.06,1.9547455952153197,0.4361,0.5247794664795361
A,4,192000,96fa5f543037a898d0cfcc22db413f902c3d052bc19245b756eb217c5dd44c68,-0.097875602543354,-0.1249963566660881,0.9067617058753968,0.8825001120567322,50,22.779345081824776,95.92423339411364,13.565735182619765,24.270870783839527,0.3,2.28005388935385,2.261476900421917,30.34,8.14187756701844,-8.011654854576346,15.18,-15.06,1.1850657020147477,0.30646,0.0,8.814952065212529,165.64523551937535,23.42577386139861,12.227799834460576,0.46,2.481715031726276,2.4709095570685395,77.16,13.186551689050791,-12.902535292894862,23.72,-23.68,2.7467277692480523,0.6661199999999999,0.5396450678912506
A,4,200000,cbbd64ba142b4104ddd7cb6a6370ed48d878050ac29183aaae4ad9ffda8a3fc5,-0.1064105406403541,-0.1301527023315429,0.8990554809570312,0.8779613375663757,50,29.01160669938557,65.66541753909804,9.286492406268456,29.81903426722026,0.28,2.5014751528016506,2.497010100487147,27.46,5.861697567451428,-5.402594981242906,10.7,-10.14,0.6399675678346839,0.16746,0.0,11.533464216150689,107.3908995746324,15.187366665389217,13.169214484813676,0.42,2.6544149366935543,2.634330764366572,74.42,9.050992870390331,-8.436087700711074,15.86,-15.46,1.3232502686629886,0.3125,0.5096452151975498
B,0,16000,bb5614cf354e6a75bf109a9530f43bffeecf337ea26462d323d0972b95eced77,-1.5197045803070068,-1.49713134765625,0.2187765091657638,0.2237711548805236,50,34.1812831555812,43.3628398008581,6.132431614938536,34.52664413355988,0.2,3.1314449261145136,3.133038284689073,29.72,3.985207860983304,1.6428472993810408,6.32,3.4,0.2843609779786895,0.061,0.0,32.272932418956685,37.054301396334445,5.240269557895648,32.57626909112133,0.22,3.1330463893954947,3.1402054597107654,34.28,3.836354872643287,1.3236990095920655,6.04,2.32,0.2483766721646512,0.05496,0.0
B,0,32000,891395395ac2bda9c8423fed627f2a6e463d14339ee0a30993ea606c5ac05b1a,-1.527744174003601,-1.4965347051620483,0.2170246839523315,0.2239046990871429,50,32.03364658699459,41.21039932960163,5.828030564273372,32.34468570059873,0.18,3.1210785649228594,3.1175160549890752,29.32,3.795082519656383,1.3918548832667874,6.04,3.0,0.2545191136041368,0.05652,0.0,35.60674820516314,36.364997065809895,5.142787204612616,35.84997296246973,0.18,3.1177114678867675,3.117187512114782,33.12,3.410189828560428,0.7017651372931566,5.44,2.24,0.1969047573065853,0.04632,0.0
B,0,48000,70a4c8cd8f65cc190f78be417ce5f2561b3ccabb457df8a845b0e61fb58d789d,-1.5397799015045166,-1.5189659595489502,0.2144283056259155,0.2189381718635559,50,33.68328534607082,40.8418059722846,5.775903591781535,34.03147286383748,0.18,3.1375881490911484,3.147010103517305,28.86,4.007085031597127,2.0281594898238025,6.38,3.54,0.2876075177666637,0.0605799999999999,0.0,34.71151672426056,41.910265360844186,5.927006567596118,35.054742772526424,0.2,3.1457113286338427,3.1506551029550893,33.24,4.018203316552164,2.211305620395974,6.52,3.88,0.282146048265851,0.0610799999999999,0.0
B,0,64000,422c364b81f05d7a79544cca1dac0d4eb59494b35a96babf51d2fab0b1599179,-1.5306669473648071,-1.522390604019165,0.2163912951946258,0.2181896567344665,50,32.67665603218221,42.46176305654048,6.005000119683238,33.033610466618605,0.18,3.1209367127741903,3.135812078599014,29.3,4.11287206719472,1.6361009205183532,6.7,2.94,0.2931744344363984,0.06378,0.0,35.986163314104395,40.07256947369752,5.667117122884111,36.26339842934383,0.12,3.1209261187321973,3.1299106910713035,33.2,3.550527991399595,1.378766735705513,5.88,2.72,0.2269551152394431,0.05028,0.0
B,0,80000,4314cc18231fa40f5f92424843a4078bcfa26a82145d805b68378fc17455b0cf,-1.554903507232666,-1.5396387577056885,0.2112097591161728,0.214458554983139,50,32.84794623845302,42.92864145942889,6.0710266966176265,33.186964149040485,0.2,3.09917176044089,3.1000896416435886,30.48,4.03282390247549,1.1709727225256463,6.48,2.52,0.277617910587474,0.0614,0.0,36.536512563006816,38.60213342734945,5.45916606294934,36.85984516555894,0.22,3.101577369371252,3.1060120551577253,34.1,3.754638897415488,0.9886860943840206,6.14,2.3,0.2632726025521265,0.06006,0.0
B,0,96000,509b3f38ce213e52e6b351aee177520db749e6c2e396bfb6452739c5e4ab0ab0,-1.572380542755127,-1.5447689294815063,0.207550510764122,0.2133611738681793,50,32.67314141698916,42.15570519937309,5.961717002435542,33.014822593155024,0.18,3.040555868569304,3.0434952758037745,30.2,4.024361248589933,0.1211444679613769,6.28,1.2,0.2832411761658712,0.05844,0.0,35.10460546459015,41.33678332336792,5.845903960078489,35.44011353248535,0.18,3.03651674688679,3.046122434486378,34.64,4.054179701716307,-0.2563841137165726,6.2,0.84,0.2781880678951991,0.05732,0.0
B,0,112000,343fbda1776277ba48998e8d6babdb5d522a0bc4acaa45ba679e34f91203173c,-1.5822426080703735,-1.557856559753418,0.2055137008428573,0.2105869799852371,50,32.70729496749546,44.59637504193046,6.306879841697506,33.06314385416222,0.2,3.0000372411525285,3.00022360471872,30.74,4.097727610772879,-0.3899199414867834,6.5,0.06,0.2953888866667572,0.0604599999999999,0.0,34.92681494974796,38.70101017163385,5.473149346226369,35.22299008031613,0.2,2.9979111082914387,2.986812425932205,35.06,3.769173151051559,-0.6735937010613147,5.9,-0.38,0.2448751305681725,0.0513,0.0
B,0,128000,39a8252ee988898fc7222ebc61fb327d553a2d0675f05f93a7876ba98fbcd126,-1.5805976390838623,-1.553413987159729,0.2058520317077636,0.2115245908498764,50,31.76678084981117,47.084560020664966,6.658762335959441,32.15185372778815,0.22,2.964746661026497,2.968158955764697,31.44,4.270009644955224,-1.1188772723447726,6.92,-0.96,0.3188328779769838,0.06624,0.0,32.696816212615765,47.27066466613792,6.6850815073242895,33.0652570406917,0.2,2.953318138739452,2.948093358976844,35.7,4.20503039653399,-1.7550429333265436,6.54,-1.78,0.3033008280759324,0.06514,0.0
B,0,144000,7aadf7e0e8e62d7929933db53a2388203336dbd221e9f521564ac730501b26eb,-1.5760058164596558,-1.5713167190551758,0.2067994475364685,0.2077714204788208,50,32.55687271184505,47.11673282200358,6.663312257158701,32.971971812782215,0.26,2.9160857010486683,2.9108306703102773,32.82,4.446760010582457,-2.1017850229675457,6.94,-2.3,0.3464791009371655,0.06862,0.0,35.94643278283556,51.713581853385584,7.313404881594907,36.40006406499724,0.2,2.907911364690867,2.906596347689722,37.52,4.602610378332781,-2.529558857541998,6.96,-3.2,0.3795512821616837,0.07408,6.993006993006993e-05
B,0,160000,ea31af7aff800a886e6f896d010c525307201344681eed085b035327647792f1,-1.599703669548035,-1.5753161907196045,0.2019563466310501,0.2069421112537384,50,31.956830927794964,44.138986001854654,6.242195263321904,32.31483563612736,0.22,2.947305804681167,2.9404414864746458,31.74,4.150207016289886,-1.574639380157414,6.54,-1.18,0.2977447083323997,0.06026,0.0,35.27507681414241,48.41722902952169,6.84723019460739,35.70489635331263,0.16,2.9309430085434407,2.92088559791224,35.94,4.5797963279414775,-2.5770932040147003,6.58,-2.46,0.3615595391702145,0.06826,0.0
B,0,176000,e92dd74884e24fc14b14308842496c2d92a407655b5bbe2a88d08bbbf3238310,-1.6180353164672852,-1.5947633981704712,0.1982878893613815,0.2029565423727035,50,31.21687951159925,45.89318329989872,6.49027622431912,31.576871374565503,0.22,2.9138870423993124,2.9070708863308363,31.2,4.084013409259074,-1.6526941387361893,6.56,-1.84,0.2974318629662546,0.06256,0.0,34.69315117500275,47.68482825040464,6.743653083115395,35.16529288470465,0.16,2.900690193830247,2.903806721824216,35.0,4.646373614026445,-2.5870873632984983,7.24,-3.32,0.3943817097019051,0.07776,0.000140963706181
B,0,192000,e16383c5fe55ee1b6bd61fff9c9204c906fe9b4955a5759c6ea6752961a63f86,-1.630481839179993,-1.5911080837249756,0.1958351731300354,0.2036997824907302,50,31.921115474328097,48.71850151655703,6.889836558320915,32.31488082580887,0.22,2.9082363227899077,2.907374224755137,31.12,4.234462386893763,-1.628570202847611,7.04,-2.04,0.3219253514807753,0.07184,0.0,33.92692147060904,50.85869216730911,7.192505222756684,34.445920281375145,0.18,2.897840332963665,2.8800183866913107,35.46,4.835913927490854,-2.326911923606896,7.98,-3.18,0.4217388107661153,0.0972599999999999,0.0
B,0,200000,88548d110acf8f289edd5acde717af151b767cc5ca5f1164ab1d9905a4c3f3fc,-1.6494739055633545,-1.602046251296997,0.1921509802341461,0.201483815908432,50,32.68968390888013,46.1306663910839,6.523861405157957,33.09208695927489,0.22,2.984433820853881,2.9851838702350424,31.56,4.331664910201424,-0.7419082825039096,7.12,-0.36,0.3308430503947586,0.07156,0.0,37.50819712544432,43.90674854050869,6.209351926569248,37.85765504227175,0.18,2.986008251632195,2.98001126605488,34.42,3.951368548408868,-1.0366092712083144,6.58,-1.02,0.2854379168274407,0.06402,0.0
B,1,16000,8a0880b0b85a408b1f2d5ac1cb0746266bb8ba610883b7955a894ac99e299cd5,-1.5110477209091189,-1.5374157428741455,0.2206786274909973,0.2149358540773391,50,31.86309432683942,35.93922988412977,5.082574632338076,32.079829103656074,0.16,3.0331598911253463,3.032411141930724,28.38,3.323556924914079,0.3579992924245755,4.74,1.1,0.1829947768166588,0.03374,0.0,30.90629389051576,36.65971598556632,5.184466753953364,31.126972380883394,0.22,3.0365418456562283,3.043079820545299,33.24,3.2597085918694604,0.1208673903143231,4.92,0.4,0.1810384903676335,0.03964,0.0
B,1,32000,1315c3836e16cdd8538a5ad2e564adae3881d22f3aa263c60642c05b9b6f2b37,-1.5264781713485718,-1.5262658596038818,0.217299610376358,0.2173457443714141,50,31.73182908753293,36.92735471664884,5.222316586284686,31.96987640727988,0.16,3.037425089523782,3.0392072424061816,28.28,3.464234866122621,0.3686718169001921,5.16,1.16,0.1993673197469485,0.03868,0.0,36.29111435089008,35.198868754399186,4.97787175726619,36.50396990608752,0.12,3.039359120436346,3.038217748000208,32.24,3.2821442761304924,0.020448032308286,4.96,0.76,0.1753755551974388,0.03748,0.0
B,1,48000,e0bc78a84459c674dcb0c5d6bb41203533d1e2d8f152973794b6991fb5c76053,-1.5456632375717163,-1.5511876344680786,0.2131704539060592,0.2119960635900497,50,32.78725667936906,36.29353616839406,5.132681107582133,33.04081956362454,0.16,3.047098321520362,3.0453780364168805,28.06,3.5243532112176554,0.994577577630578,5.26,1.42,0.2122228842554765,0.04134,0.0,34.53319510267821,37.662354869843575,5.326261304784117,34.793936497546056,0.18,3.053784403520761,3.050758996701116,32.48,3.4575627636959005,1.173216220247336,5.4,1.76,0.2157813948678515,0.04496,0.0
B,1,64000,a401a21a4fc556002f5dc7e33b6cbb72ae3173332c319b0067b19c9559f43985,-1.5369223356246948,-1.559043288230896,0.2150419205427169,0.210337221622467,50,33.538162654448215,41.31685606366292,5.843085819984915,33.82932697279048,0.16,2.9996731537866514,3.0002081069932363,29.28,3.81114123775867,0.1980866749362602,5.8,0.16,0.2425243183422624,0.04864,0.0,36.3135496096392,37.27495347070322,5.271474473509457,36.559919264821865,0.12,2.999693386062991,3.0060578602017527,33.62,3.33032230200817,-0.1456878001248963,5.18,-0.34,0.2022696551826643,0.0441,0.0001449960598896
B,1,80000,2d733a8538c55883a7582b41540b1c7b85cece007a8fab5d1e4eb5a1e5016444,-1.551543354988098,-1.573150873184204,0.2119206339120865,0.207390695810318,50,34.43530909859443,36.56088868026364,5.17049046240418,34.67232098520171,0.14,3.0132811999349878,3.0130335474358967,30.06,3.495477902806312,0.2030380240034502,5.1,0.42,0.1998318866072755,0.03718,0.0,36.482957698982624,33.46665687257117,4.73290000364769,36.72091797796854,0.1,3.0173595185065154,3.015719366747752,33.38,3.3383443508048685,0.108932812778606,4.86,0.3,0.1987802789859192,0.03918,0.0
B,1,96000,7929ce340ceb065d0a1bb7a7f773e823035a1e7a08e6d7dbde38bb64302ff4bd,-1.56673264503479,-1.577182412147522,0.2087260484695434,0.2065562605857849,50,31.86225899629586,36.82713609722935,5.208143533206152,32.10044982726756,0.14,2.9754265955163106,2.975909042364361,29.24,3.4550054484056085,-0.5448412962766542,4.88,-0.24,0.203390830971702,0.0348,0.0,35.483095603281285,33.97793974623482,4.805206321062111,35.69463754850765,0.14,2.9767761230797705,2.9751923460394245,33.5,3.2982364655817604,-0.8688083551807664,4.02,-0.62,0.1837219452263571,0.02782,0.0
B,1,112000,e6b00daccc7f2992e5d6792faf5cef3a6b5dc6a6e3d2a633442b5cbdc154f7f8,-1.5763282775878906,-1.5897111892700195,0.206732764840126,0.2039844989776611,50,32.381524100010544,40.23517161353085,5.69011253802643,32.656418741127915,0.2,2.9276733618829254,2.927646609439744,29.94,3.6174686185784175,-1.1674250487297049,5.34,-1.5,0.2328746411173656,0.04202,0.0,33.89670581056766,36.26697717169694,5.128925098248923,34.15174404986222,0.22,2.9294531930510077,2.936854392335392,34.04,3.565041480452797,-1.4487697941777498,5.24,-1.88,0.215478239294565,0.03956,0.0
B,1,128000,4ced010bcefd7a8398e7ec4a6e03d256621c133fe7db1838a09efe3fc414568c,-1.5729259252548218,-1.5846140384674072,0.2074373364448547,0.2050269097089767,50,30.306463931097404,44.848056261852825,6.342472941158388,30.633547427751363,0.24,2.883442545206868,2.8824584038560657,31.02,3.9868578744115024,-2.1824793673278986,5.98,-2.9,0.2759434966539572,0.05114,0.0,31.798343912270585,47.0817006201442,6.658357955659768,32.11724415065949,0.16,2.88174804075176,2.885399845739405,34.84,3.916563813530233,-2.478079880693928,5.48,-3.2,0.2699802383889082,0.0489199999999999,0.0
B,1,144000,e812715ffe05e33882651400d6c51d7628837a7766775266338d408cba901e12,-1.567146897315979,-1.6075578927993774,0.2086396068334579,0.2003763616085052,50,30.47753295071763,54.04786184499704,7.643521923846214,30.935493652289395,0.26,2.82497147008044,2.8204527880033146,32.84,4.692374126256464,-3.346586870349213,6.68,-4.68,0.3874807015717696,0.07048,0.0,35.11013551728237,54.46820153892077,7.702966933441284,35.61335895421555,0.22,2.820764286244972,2.8157971121783296,37.0,4.877739764710641,-3.586669552873069,7.4,-5.52,0.4235834369331705,0.07964,6.993006993006993e-05
B,1,160000,8aa428e0976cb1a2903ec21aad21252d88489609a2f006cf2b30f2ec7ff131d3,-1.5935099124908447,-1.6061341762542725,0.203211098909378,0.2006618380546569,50,30.414353344929847,51.527319666573966,7.287063430520281,30.860858309869062,0.26,2.81554505475231,2.812260166186067,31.78,4.670484941520154,-3.2385622265803544,6.98,-4.54,0.3764849649392182,0.07002,0.0,36.14215066752045,54.23474295338724,7.669950903649888,36.66964793063805,0.2,2.812622327856107,2.814951497820827,35.78,5.004514487311599,-3.8415199404974856,7.14,-5.34,0.4441972631176088,0.0833,0.0
B,1,176000,0e0ee68feaa8688dda13afea38d786302b20881d9db488c5c949b373331a5dd4,-1.6055474281311035,-1.6220725774765017,0.2007796168327331,0.1974889636039734,50,30.701212296976976,51.24377107795373,7.246963604558431,31.140050129994524,0.22,2.823981822862271,2.8170079450262837,31.56,4.594711631765638,-2.7430635446342286,7.2,-4.2,0.3668778330175478,0.07196,0.0,38.00130542956325,51.51031578950608,7.284658719164048,38.53799539655181,0.24,2.8170252239333995,2.814693573066555,35.16,4.922523684720168,-3.696666948474725,7.48,-5.68,0.4506899669885531,0.086,0.000140963706181
B,1,192000,236c8c6ff18eda1ae69487e07dd742132c7c6841b91a4791b0d9dcf41e79fc53,-1.6155458688735962,-1.6185868978500366,0.1987821161746978,0.1981785595417022,50,31.68061663864801,58.277746883588,8.241718002731652,32.202218984137666,0.26,2.8029747316169007,2.7956910905118124,32.34,4.946723110501841,-2.9137121695377077,7.98,-4.78,0.4320623454896611,0.08954,0.0,34.0662267809694,60.05709615887661,8.49335599046284,34.65145542026209,0.18,2.7985213613886293,2.785270855093163,36.34,5.2666165741322,-3.39200868824036,8.46,-5.66,0.4797686392926884,0.1054599999999999,0.0
B,1,200000,14c04b2de5078cb5952eeb4f7b8c9de19796f51a4054a2036335f4272a3e0ad3,-1.6284507513046265,-1.6307868957519531,0.1962333619594574,0.1957754492759704,50,32.6706489341723,54.87397352990077,7.760351758728789,33.134376740379246,0.22,2.851789454783801,2.8499801154510385,32.68,4.661342446154009,-2.474300684189824,7.4,-3.88,0.3854878062069611,0.07824,0.0,35.645408132671704,50.91803075708691,7.20089696660027,36.09382496526151,0.22,2.856491991714321,2.8517025173915584,36.18,4.596213276456136,-2.646577332977877,7.42,-4.38,0.3707168325898083,0.0777,0.0
B,2,16000,4d23b053a76220817a97dcb07023179ea54e7fa4e7c8366468f2acec3be2f4a4,-1.5111418962478638,-1.4964438676834106,0.2206578552722931,0.2239250540733337,50,32.950677366616404,32.732143581853144,4.629024137900017,33.158440858265294,0.14,3.0589061364776517,3.0583712891407995,28.32,3.1149451993711272,1.0206499850893231,4.68,1.68,0.1730034916488926,0.03476,0.0,31.693342426457903,30.807758617259267,4.356875006284464,31.86849972010216,0.16,3.064754424620615,3.069185790186279,33.04,2.9365717114386403,0.6589462867994557,4.2,0.92,0.1451972936442499,0.02996,0.0
B,2,32000,473447b3b3282119365cf9b5f5b3119a8b0011891ce5aa6ed8e0b82463ad16ea,-1.5215022563934326,-1.4878103733062744,0.2183835804462433,0.2258666753768921,50,32.36048908677865,33.15626779083136,4.689004358746792,32.56097710098529,0.14,3.0389852649999067,3.04247987492796,27.72,3.070179123207775,0.8902423038291392,4.6,1.48,0.1672880142066374,0.0332,0.0,36.09782469027786,33.814029105016566,4.7820258558793,36.26755645356615,0.1,3.0486773733527257,3.0531366128135837,32.14,2.9340241779869167,0.1712770510873557,4.26,0.62,0.1405517632882889,0.02918,0.0
B,2,48000,1a329906963aaa80548a44dbab387b2ef8300244727b2f9297cbc386a3401201,-1.5406006574630735,-1.5088082551956177,0.2142523825168609,0.2211733907461166,50,33.6605640674034,35.735508700674735,5.053764106279595,33.877954827297984,0.12,3.030694226708465,3.0306132557539662,28.14,3.230006269124,1.060757435376336,4.78,1.18,0.1821307598945734,0.03526,0.0,35.46964259913461,31.48301621735375,4.452370851899377,35.66083115119557,0.12,3.0372176434239053,3.037975078254445,32.54,2.932828353264963,0.9719418535160428,4.38,1.02,0.1594885520609682,0.0317,0.0
B,2,64000,3004e8d440dbeef44485efe836dc5e660a1118891fdfe63ad53fcef45c93a804,-1.5287121534347534,-1.5187891721725464,0.2168146967887878,0.2189768701791763,50,33.94186265369157,37.33069438994654,5.27935742990676,34.174986521873464,0.12,2.998105083751176,2.996163239325184,28.72,3.361328259026253,0.407690163642237,5.24,0.16,0.1918838681818971,0.04124,0.0,36.20161881561058,32.56880254824956,4.605924227398594,36.4016956093886,0.12,3.001632887154785,2.997012407967002,33.16,3.0735885980754887,0.0112402751282584,4.8,-0.32,0.1649967937780217,0.03508,0.0001449960598896
B,2,80000,d73a0b61fc554b8314bbc3a2931ac4ce8a67ab70d660df09fe506e138929273d,-1.5414525270462036,-1.5265840291976929,0.2140699177980423,0.2172766029834747,50,34.162676858203575,33.95338000101113,4.801733048583736,34.36416304453653,0.12,2.998782218645786,3.011177592244544,29.72,3.149542134312416,0.2959834069171216,4.6,0.04,0.1688461863329582,0.03264,0.0,35.69989755153048,30.86806073504442,4.365403013565623,35.88992791719841,0.1,3.0035214378680157,3.0003116502423945,33.8,3.009657554980661,0.17889926596808,4.2,0.04,0.159110365667927,0.03092,6.944444444444444e-05
B,2,96000,5b9c5646544c9a4a875dfac35489dec799864bc1570a4c17fb4e90089fe6efc6,-1.5547101497650146,-1.521104335784912,0.2112506031990051,0.2184704840183258,50,33.06427389161603,32.8824419596082,4.650279538322405,33.25874463250713,0.12,2.970787057907471,2.975809666448706,29.56,3.1686636038336258,-0.3597070308671906,4.32,-0.44,0.1655107408911021,0.02896,0.0,34.81233245889914,30.871051952804187,4.36582603563801,34.97465427669275,0.12,2.9770341435654397,2.980124687620717,33.84,2.842063452634315,-0.7375678836974761,3.4,-0.76,0.1396018177936127,0.02272,0.0
B,2,112000,8f327e7429150299b2e43436b5fa2edfc825c9e6f5bab2784f376047e1071b96,-1.5636155605316162,-1.532809138298035,0.2093776911497116,0.215928241610527,50,35.41590964330157,35.73012280759745,5.053002425976056,35.62127545412877,0.16,2.9519366599603707,2.959751173067799,30.38,3.222912029882554,-0.5085991317652645,4.54,-0.86,0.173905810827203,0.03146,0.0,36.23084655937711,31.097768112795578,4.397888542464908,36.41667702927629,0.14,2.955371431901224,2.962776052390482,34.52,3.049007789892191,-0.6767248152859773,4.24,-1.12,0.1569104698991892,0.02892,0.0
B,2,128000,42e158bf59eedb8b4daa39cfb61661fccca64a01bc06713485d2aacd556b88b2,-1.5543270111083984,-1.524888515472412,0.2113315761089325,0.2176453173160553,50,36.55837553328355,41.20953350689149,5.827908118451443,36.82230099467494,0.14,2.895535217374128,2.8967386273349103,31.7,3.5088987527431823,-1.3866744376318731,5.38,-2.38,0.2202254613913877,0.0437,0.0,34.4340894317599,44.40957351402673,6.280462116274159,34.708605569127684,0.18,2.898764116263413,2.8954777389085624,36.2,3.5778512973102954,-2.066546318810194,5.04,-3.2,0.2309961373677829,0.04352,0.0
B,2,144000,94aec402342c7aa80136c3b5281232beade36f1fefdcbb05ce7ed27ca1a915ae,-1.552983641624451,-1.533779859542847,0.2116156369447708,0.2157187312841415,50,34.72672838391509,44.78020413253905,6.332877201007244,35.0375614092209,0.2,2.878652688762693,2.8789260933524745,33.12,3.8614596920768975,-2.0390949642843568,5.8,-3.08,0.2608730253058178,0.04996,0.0,41.13685854177256,44.3462206674309,6.271502670787082,41.49773282352135,0.12,2.877985932194496,2.8706913956643416,37.9,4.032039937977151,-2.5466290717737587,6.1,-4.34,0.3008542817487897,0.06002,0.0002865043573363
B,2,160000,f479afaa18179eb9af0a23d233793ce668eb7386a7fd7d9a704971003a52a2ba,-1.5814087390899658,-1.535415768623352,0.2056851238012313,0.2153661251068115,50,34.58889107008337,45.2007628932717,6.392353191327538,34.90844788840359,0.2,2.865106477536446,2.862545167211189,33.16,3.859922714985117,-2.19460265500435,5.76,-3.28,0.2682368183202217,0.05132,0.0,41.27813582043539,49.81363211512608,7.044711412827527,41.70013872284391,0.16,2.8687944869372157,2.867383241673232,38.12,4.323222477537721,-2.9134493976735443,6.08,-4.08,0.3554429024085114,0.06656,0.0
B,2,176000,a122bb49bfb4b4e2b734e2d97c370a1e7ba7a51971987f6f3a2bde725c858644,-1.595136284828186,-1.5539637804031372,0.2028808742761612,0.211408331990242,50,35.911102300528896,44.08872410090315,6.235087157122277,36.207143805754335,0.14,2.8889418333336776,2.8894093922084334,32.82,3.7629846264826177,-1.383733389687276,5.74,-2.58,0.2463815052254348,0.04966,0.0,36.53254167120937,42.19760910276894,5.9676431092854205,36.91860766624242,0.14,2.891960697153154,2.8856346364788226,37.9,4.141730146136945,-2.397623178587214,6.22,-3.94,0.3243259950330409,0.06174,0.000140963706181
B,2,192000,4a38c42bf028a96f36c16e90a546e71da47fbbadb213465d3b723d8fcf4634d6,-1.606190800666809,-1.556804656982422,0.200650468468666,0.2108086049556732,50,38.03086518389207,49.72979607254326,7.032855205983895,38.42204418093137,0.18,2.8669596185880475,2.864172754926993,33.16,4.240613763562381,-1.611892938142672,6.96,-3.2,0.3214989970393066,0.06968,0.0,36.33527832642404,52.33246146618523,7.400927675784653,36.77494867049487,0.16,2.865387672750649,2.857188598042668,38.64,4.467387056894634,-2.665684407533848,7.32,-4.96,0.3560303440708317,0.08364,7.407407407407407e-05
B,2,200000,6cf2ee583a3579515d3b5bbf53885a299c659de38a4425e222060a7957bce71d,-1.6245269775390625,-1.5640398263931274,0.1970048397779464,0.209288865327835,50,36.65223481261175,43.7745155004959,6.190651350711257,36.94034916163236,0.16,2.9247881371829254,2.920990700358072,32.32,3.740634907517272,-0.7475507730432557,5.76,-1.64,0.2387543490206053,0.04936,0.0,36.47981827191584,47.6421426825376,6.737616432215877,36.78978771625132,0.22,2.93060716601164,2.92687882083908,36.5,3.7095834592599046,-1.4015452590978794,6.14,-2.78,0.2554294443354802,0.05454,0.0
B,3,16000,73cc556fc78bb428e606cfc95ec56629f59734b14fa6985563eea18ae1735e4d,-1.513218641281128,-1.5198159217834473,0.2202000916004181,0.2187521457672119,50,32.50574510494072,33.43689795523331,4.728691457197616,32.69706419656051,0.14,3.048431679866323,3.0472405576295047,28.48,3.0772238012267,0.4972288964045836,4.44,1.48,0.1608390916197891,0.03048,0.0,31.132311108720614,31.07061101042065,4.39404794821557,31.305248226842856,0.2,3.054113719196881,3.05842418336958,33.38,2.8937532870122245,0.1859374912112348,4.18,0.62,0.1426771181222291,0.03026,0.0
B,3,32000,e136bb95f07160f15ec777e543cf0ba7eeb6032e65b6c40eaaad562489ae4a1b,-1.530488133430481,-1.502380609512329,0.2164299935102462,0.2225996106863021,50,31.66196113617868,34.975039759530326,4.946217557246602,31.869240691120517,0.16,3.04950463808852,3.0481874783525527,28.42,3.200889179137933,0.4784084997581352,4.62,1.38,0.1737395549418275,0.03354,0.0,36.6465619072533,33.00545305654638,4.667675934483642,36.82458180931202,0.08,3.055986001196481,3.0575255937986414,32.14,2.992536459484479,-0.0837090432433983,4.5,0.82,0.147199902058722,0.03082,0.0
B,3,48000,379b0899aae60805b830389efe8d967a161ad9f973d4134f57bb7a3bd483baf0,-1.5461636781692505,-1.5205131769180298,0.2130637913942337,0.2185996770858764,50,32.74313515896533,34.86318184178421,4.930398458813065,32.95139081907556,0.12,3.0463579209970333,3.046756058474956,27.8,3.1462710614547915,0.959469429342411,4.72,1.48,0.1742956601102353,0.03396,0.0,36.09590521340228,33.02368135239836,4.670253804804923,36.2918446173284,0.12,3.0522176427552914,3.049122017697794,32.22,3.006315238547436,0.9624727725627348,4.42,1.54,0.1645194039261178,0.03142,0.0
B,3,64000,3250525187d48e8b3727b0bed212268c72088299ad63e1952c3c7b2635de0140,-1.5339467525482178,-1.5311462879180908,0.2156827449798584,0.2162875980138778,50,32.196710538131974,35.65540741757561,5.042436074187368,32.42000045154193,0.16,3.028995254165847,3.028968867855606,28.36,3.351690501046113,0.6375719084815621,5.04,1.04,0.1864899134099644,0.0368,0.0,34.913323011628705,32.68117322329855,4.621815840665325,35.10740529935568,0.12,3.03202632588448,3.028424330160127,32.64,2.997026491461491,0.1657936106450356,4.64,0.48,0.1592022877269766,0.03488,0.0001449960598896
B,3,80000,0ad69c0f648953d428944117ebeeea575c9042585a4bb6aee36d5a610bc04a41,-1.5506541728973389,-1.5485889911651611,0.2121091783046722,0.2125476747751236,50,33.33485681422835,33.5212893220598,4.740626198748938,33.527874322415066,0.12,3.0396853468763188,3.0395184932532007,29.48,3.0848074866417825,0.4514219203583799,4.48,1.08,0.1616175081867166,0.0314,0.0,36.99172080390744,31.314901122053985,4.428595787118119,37.18819433082296,0.1,3.044296590957876,3.044818169818523,33.4,3.0290198532759667,0.3390256034609725,4.32,1.2,0.1632735269155266,0.0332,0.0
B,3,96000,6675a2c16d91e6b282a29e186c2129724dbaf3b27b640145c4d3d3278a92f958,-1.570163011550903,-1.549059271812439,0.2080112695693969,0.2124477326869964,50,32.47552820556648,35.66700454525152,5.044076155711752,32.7099112226479,0.16,3.000661250688744,3.002292785338147,29.3,3.4250233666847403,-0.3060926555904933,4.9,0.3,0.1993630170814296,0.0350199999999999,0.0,35.9031505786851,31.39888145423092,4.440472399591841,36.09975227813591,0.12,3.003258906338649,3.004302263036834,33.78,3.1579156289322587,-0.7872347578200869,3.98,-0.3,0.1694216994508098,0.02718,0.0
B,3,112000,e7dbf5b199d068014d16f784173347238bdbd83cfd244564a8060f095db189ec,-1.5766581296920776,-1.5571730136871338,0.2066645920276641,0.2107309699058532,50,33.50598829687464,38.28020754481935,5.41363886803404,33.75486840756716,0.18,2.949323038101681,2.9538355072254308,30.72,3.473327360916609,-1.046618635407834,5.12,-1.16,0.2110801106925136,0.0378,0.0,35.562175088421284,35.24454278481986,4.984331040593106,35.79165768981272,0.18,2.951831587506486,2.952877956384504,35.08,3.354551221768153,-1.2487823401135305,4.76,-1.48,0.1938426013914379,0.03564,0.0
B,3,128000,27e233f0f1e454c229ccdb5607e6d7e995510e8e4294f5b701264ce89024c59d,-1.5763916969299316,-1.5528759956359863,0.2067196667194366,0.211638405919075,50,33.45861721750865,40.94308838115311,5.790227087406701,33.7704059277949,0.22,2.8873245002363213,2.888720372676433,32.3,3.8786363476221606,-2.254701756112059,5.5,-2.82,0.2653287102862474,0.04646,0.0,32.975969336422835,45.45459792410376,6.428250885648347,33.28977768264759,0.18,2.8890282930124003,2.8910319937810947,36.34,3.9319949062139146,-2.684329148041999,5.34,-3.46,0.2682683462247502,0.04554,0.0
B,3,144000,ea73ad83769ff275e8a7fee08cac90e18302df00c45f1de02479c66971f07b64,-1.5743569135665894,-1.5732595920562744,0.20714071393013,0.2073681503534317,50,33.5446038339815,53.47570089010408,7.562606145619218,33.975493951252865,0.24,2.845314226198031,2.846747062248037,34.72,4.542007168278997,-3.3176021052473668,6.28,-4.56,0.3684501172713735,0.06244,0.0,35.55015362630697,54.16675194047309,7.66033552239162,36.036504717108194,0.22,2.8431204816258657,2.840426209241273,39.56,4.804623005455035,-3.707115785200196,6.92,-5.52,0.4104310908012281,0.07592,0.0003581889451499
B,3,160000,6930d23df1bf88812a918abe15a6332872837f0e76f85581dffa5dfb5a9fa7c4,-1.602691411972046,-1.5769100189208984,0.2013538628816604,0.2066125273704528,50,34.09727086496523,52.19948551908732,7.382122036999126,34.52543977258179,0.24,2.838001756789043,2.8392246313435185,34.12,4.512340314459195,-3.2787478517960187,6.36,-4.44,0.3653289076165697,0.06284,0.0,38.774785974217366,51.60662339520001,7.298278671377251,39.27999245568827,0.16,2.838862732202723,2.8372244425727464,38.34,4.795456041434137,-3.828433225753373,6.54,-5.02,0.430026481470903,0.0751799999999999,0.0
B,3,176000,f4eb4f8a2f51b0ac85189ade29dc93e0fe81cde5bbb8131e33656a916589f23d,-1.6114099025726318,-1.5932059288024902,0.1996059715747833,0.2032728791236877,50,34.373598857692684,51.411863820288495,7.270735508153063,34.8018326227922,0.24,2.852401984181236,2.8476226556655275,33.76,4.47500796816599,-2.748812692660485,6.76,-4.16,0.3595937650995035,0.06864,0.0,37.35682907415955,49.96518663781739,7.066144458970429,37.86610515842908,0.2,2.850239359508758,2.851036872220305,37.18,4.770264493984148,-3.3822882592104,7.1,-5.14,0.4277360842695331,0.08154,0.000140963706181
B,3,192000,a7e4bb20040b81b51973202c977d7a2528d47f9190dc66395b9deb2ed4f92c58,-1.6202470064163208,-1.5929021835327148,0.1978498101234436,0.2033346444368362,50,32.06369883450646,55.75567124497498,7.88504264538592,32.562643357799615,0.22,2.8322274390174424,2.825766527701582,33.12,4.736724703229068,-2.6664415798492764,7.72,-4.48,0.412104523293163,0.08684,0.0,35.700939072636835,58.16062658183576,8.225154690814929,36.25954581548474,0.16,2.827954462924357,2.82016297570242,37.48,5.116659807510225,-3.195883269345596,8.28,-5.44,0.4570067428479014,0.1016,0.0
B,3,200000,57a06594cb4cb51048ddcb624072a8ef3a3727941f7ebf0e28ce810d7c5dd86d,-1.6370234489440918,-1.600443959236145,0.1945582777261734,0.2018069177865982,50,34.25134702019474,46.9873904962791,6.645020490035857,34.60660945392785,0.2,2.909556221790526,2.9047679779263698,31.76,4.090239457526479,-1.3673677446909815,6.44,-2.16,0.2959424337331103,0.05932,0.0,36.13684944409547,47.190369796247886,6.673726097925543,36.51626241343836,0.2,2.9089994893900277,2.9082985740408414,35.88,4.196476472690903,-2.008465422895311,6.76,-3.44,0.3146929693428895,0.06472,0.0
B,4,16000,f41cfe0fbf5e406aacdaf313c0c335807b3622fce79661f98667f5892b1f647f,-1.5123822689056396,-1.4917160272598269,0.22038434445858,0.2249862551689148,50,33.601575919175964,40.3593731235922,5.707677284026027,33.88930922865157,0.18,3.0948587495796365,3.093718263119683,28.96,3.681343038145152,1.1962701027629372,5.64,2.56,0.2382933094756111,0.04944,0.0,33.86359184560902,34.84681071239604,4.928083231491853,34.10498732644147,0.18,3.0979478811512653,3.0951925475199547,33.42,3.4710629011160687,0.9164381985953156,5.1,1.46,0.2005754808324345,0.0408199999999999,0.0
B,4,32000,c5481acb72181161e9a0b6d5ec713e1f1d4dad15db634d03fd90a4abd1701c10,-1.5192817449569702,-1.482103705406189,0.2188690304756164,0.227159321308136,50,31.54759790456283,39.51428122997186,5.588163242285083,31.81945317089333,0.18,3.086010436363603,3.085931739959604,29.04,3.63443973863959,1.0255553170954417,5.52,2.2,0.2253352663305002,0.04652,0.0,36.226214302240784,35.77233722340031,5.058972445911662,36.46147730126286,0.14,3.085725098525192,3.079505013385615,32.94,3.360524377894781,0.3748145691268889,5.26,1.58,0.1924029990220834,0.0428599999999999,0.0
B,4,48000,734d6448f84f3e96cd8cdc430f04fae056c1f7d0d1ab6ba5fb2238bba6dd27d7,-1.5371252298355105,-1.5046658515930176,0.2149982899427414,0.2220914810895919,50,35.20384568108245,40.27708620984726,5.696040157083636,35.515978377824936,0.18,3.11247035201059,3.112405119337181,29.26,3.85887639393769,1.9316629260949572,5.86,2.98,0.2611926967424954,0.05094,0.0,36.53535819658733,39.39165013884406,5.570820587060927,36.83394741494972,0.18,3.1185484324374007,3.1159786974840618,33.7,3.787818697128012,1.9585090869353643,5.74,3.02,0.2498892183623877,0.0487,0.0
B,4,64000,fb1e0646ff4030f1175fecc7b2b20cbf8683d27ecefa7f36f1fddc4751d65e52,-1.529883861541748,-1.5103055238723757,0.216560810804367,0.2208424806594848,50,34.75295041348284,42.79799246359506,6.052550138435764,35.100015810691296,0.18,3.1036614991525493,3.1115750151947648,29.88,4.114210531020257,1.5649930768078804,6.36,2.64,0.2887853972084482,0.05828,0.0,36.42689112659386,38.18206023289508,5.399758742070663,36.68015536879205,0.16,3.1059072263080805,3.110737841794431,33.9,3.403864206005502,1.4089547684111778,5.66,2.42,0.2082442421981946,0.04502,7.092198581560284e-05
B,4,80000,dffcaf10607ca005006f783296a24656a7ae5aead59b51d5cc4f2e98846a6f35,-1.550187587738037,-1.5202066898345947,0.2122081667184829,0.2186667025089264,50,34.1907874652922,42.29147690839691,5.980918021664348,34.51183718504799,0.18,3.114791565760587,3.122551178240017,30.88,3.9642775829974615,1.5898838548765837,6.04,2.96,0.2665297197557811,0.05452,0.0,37.9515977287448,37.758499284130295,5.339858178247186,38.26569797028101,0.2,3.117460630145508,3.121214508237656,34.32,3.7676701677301794,1.3466255666479725,6.0,2.68,0.2573802415362173,0.05672,6.993006993006993e-05
B,4,96000,384d243fed5e58b2e38cdae7524784254c98f839bdc2ba94a1789643f95a67f3,-1.5646194219589231,-1.522183179855347,0.2091676145792007,0.2182349115610122,50,32.98581168485106,41.98921405202804,5.938171598576499,33.33214837002204,0.2,3.065460434090956,3.066330174538791,30.88,4.092525690236517,0.6883047712286231,6.4,1.88,0.2868166851709888,0.05952,0.0,34.909063041785814,39.90450013043098,5.643348528417444,35.24457601839833,0.18,3.0604789423701324,3.065214422680744,35.46,4.0350881316648,0.1892388713173215,6.02,1.3,0.2777729766125161,0.05774,0.0
B,4,112000,270563e39e5b2171db2c9742dc4dc5114215778ec9b6a01a2e8e8c4a4e080fb4,-1.5761460065841677,-1.5332361459732056,0.2067704647779464,0.2158360630273819,50,34.54564184877821,41.58811248971603,5.881447271645431,34.874007645881306,0.22,3.01439566504518,3.019612403234228,31.52,4.002178779947505,0.0526550270274097,6.04,0.44,0.2751257971030972,0.05324,0.0,36.76253724233151,38.05898476864062,5.3823532429962615,37.036303588291865,0.14,3.012378285138206,3.0057016383275235,35.58,3.653834309105667,-0.3400742109185112,5.5,-0.22,0.2282263459603614,0.04554,0.0
B,4,128000,e6039013724bb8015b47002fb687dce45d6532bb9aeec5c89d6ef4861b0bfac7,-1.5760654211044312,-1.5258455276489258,0.2067871242761612,0.2174371182918548,50,30.42711004123581,48.25070827510458,6.8236806036760616,30.827992500069907,0.22,2.9160756304155404,2.9192148791929338,31.72,4.335315160190524,-1.5164730956472467,6.88,-2.04,0.3338024588340962,0.06708,0.0,33.37399871915186,49.60906852609626,7.015781752630158,33.79371869286525,0.18,2.904577703012256,2.8915589888055697,36.4,4.403051529177243,-2.308532310885412,6.88,-3.24,0.3454399737133913,0.07428,0.0
B,4,144000,cb8acf823dc958e803daac8fb814b248a897490147ef224623be5a5d525c459a,-1.5719927549362185,-1.5427275896072388,0.2076310217380523,0.2137971520423889,50,31.947430271731864,55.11928835219811,7.795044513603194,32.41265171916245,0.22,2.872079713516987,2.8656661128530274,33.46,4.698409652334873,-2.541855206695804,7.18,-3.46,0.390961447430579,0.07426,0.0,35.72376026571469,56.67541180467314,8.015113602724895,36.26646273188339,0.24,2.8642836180059383,2.859851378248772,38.46,4.996101669614535,-3.0125099807562497,7.82,-4.74,0.449842466168703,0.09286,0.0003581889451499
B,4,160000,b48da646d883069b0acc74750487e6584734cc894d8a0d42811dc5106b2fe924,-1.59842848777771,-1.5354328155517578,0.2022140622138977,0.2153624594211578,50,30.85640174488187,64.35456908500399,9.101110440068894,31.466152544368715,0.26,2.7974632480372192,2.773937496286676,33.86,5.359341046448178,-3.545535727670989,8.42,-5.34,0.5083707994868463,0.1013799999999999,0.0,37.24903949592271,64.77259413454114,9.160228109515606,37.946117645285504,0.2,2.784188851252694,2.7835872968834936,37.86,5.562239726398684,-4.31709214323989,8.66,-6.54,0.5763781493627979,0.1207,6.825938566552901e-05
B,4,176000,506b075383421a66e7a6959c228be009d3048443cb537dd59a8d7444e75638f6,-1.608862280845642,-1.5513432025909424,0.2001151740550995,0.2119630873203277,50,29.42988679629814,57.462283973098224,8.126394131968965,29.93452681940852,0.28,2.8456310517913166,2.84401204865016,32.52,4.82407085571205,-2.480133710709432,7.92,-3.96,0.4164400231103881,0.0882,0.0,36.45652020827804,57.88810351904924,8.186614109669712,37.10238801859578,0.2,2.827467515605219,2.82742795177504,37.0,5.2389949135868745,-3.6862235150529847,8.48,-6.12,0.5321878103177471,0.1136799999999999,0.000140963706181
B,4,192000,af9738cc53b36dc7084672dc14da377e14483702e04c2d376ca9c0860a3908d2,-1.61852765083313,-1.5518323183059692,0.1981902867555618,0.2118594199419021,50,31.365722581303075,59.7286753552832,8.446910275002114,31.923941436349622,0.26,2.8482007537218617,2.8521892582498616,32.5,5.014890401765277,-2.325458718899295,8.5,-3.94,0.4559188550465469,0.1023,0.0,34.64753107534955,60.16410638696813,8.508489522050807,35.33796505619745,0.2,2.8290238935892926,2.788651863027761,37.58,5.650708791179666,-3.155058548692549,9.62,-5.58,0.553933980847894,0.1365,0.0001358896271686
B,4,200000,cc31b9f36c389c378749e331d8754ec3c6eb7d8ac87105c9ed14338d69b51649,-1.6340856552124023,-1.5614213943481443,0.1951307207345962,0.2098376005887985,50,32.565221019229504,53.73654849550597,7.599495567746408,33.03622270959284,0.22,2.902127201089343,2.899879611409246,31.52,4.6884620141833295,-1.4803111873439176,7.96,-2.32,0.3851616903633347,0.08584,0.0,33.18627004972593,52.62442208416277,7.442217142346921,33.66621292005866,0.2,2.89403291567243,2.894128349875617,35.28,4.621037664194307,-2.097141828281987,8.0,-3.72,0.3890228703327333,0.09092,0.0
C,0,16000,e5a9971821f2f7020cc8476b092d1489485edd60ff7a7d7e7ef900079280aeb9,-0.0041812495328485,-0.0099535854533314,0.9958274364471436,0.9900957345962524,50,40.334939950374,48.139558803792575,6.807961694698059,40.73899802145025,0.22,2.973552876420763,2.9728149189517006,54.26,4.47548622177842,-2.2360543944402425,6.62,-3.26,0.3379980710762411,0.06606,0.0,-16.28602548868281,73.4811552357587,10.391804631325272,-15.543814806736936,0.54,3.0203063980877403,3.024132735577361,106.8,5.872435751751755,-1.7688400404052649,8.88,-2.68,0.6243306819458744,0.11788,0.5905436099872375
C,0,32000,ad8dd94c7f912feebfbe1117fc77f0c7e6739233573dd3712aae920b51eec432,-0.0101933823898434,-0.0018912807572633,0.9898583889007568,0.99811053276062,50,38.73110970336428,57.627610941222414,8.14977489602369,39.27744938259495,0.28,2.7928478851513545,2.7881776469326542,44.48,5.299398138142862,-4.542787078304671,8.44,-7.36,0.4480996792306817,0.09824,0.0,7.55330001286356,76.72355478867071,10.850349173561334,8.412560046490867,0.32,2.902556091999005,2.906411595396671,97.42,6.70029378941369,-4.767587672719231,9.62,-7.58,0.7292800336273063,0.12998,0.5798279597617563
C,0,48000,7a0061fad897c00b04668dfbd3350ac6fddbbf53a16b2194eed58eed27bd1c89,-0.0363177396357059,-0.0344135090708732,0.9643338322639464,0.9661718606948853,50,30.283992236649148,75.07873678497792,10.617736780715555,31.153576229952733,0.28,2.667355333015639,2.66706396329393,38.3,6.8146197148837215,-6.577510594175488,10.78,-10.66,0.7195239933035844,0.15006,0.0,4.962635418620247,78.1764512417656,11.05581976043039,5.821821117192543,0.42,2.801994120720914,2.79663458668273,88.7,6.8941525293063775,-5.937493054832784,10.46,-9.66,0.7167256985722956,0.1424599999999999,0.5526137882278429
C,0,64000,fa427bd8b0d3385466a735959638e815e1106e9664c2dde34abb83241f14e33b,-0.0363750047981739,-0.0489887706935405,0.9642786383628844,0.9521918296813964,50,28.853067542615268,137.79672553483897,19.487399810197225,31.43906852376891,0.34,2.421701704091733,2.424903307885078,48.2,12.211891822264086,-12.181436566436023,21.24,-21.24,2.0972009811536445,0.4887999999999999,0.0,-7.897356692038548,129.53244795145338,18.31865446603324,-5.409126806172445,0.5,2.6292166292790387,2.624897265857592,96.6,11.60072895887274,-11.377240474070495,19.76,-19.76,2.0191098858661003,0.4691199999999999,0.5735987388361334
C,0,80000,952519817d528aba481984143d49ed4ed3be277344abe54eee6cacca05fbee47,-0.0435189008712768,-0.0555445253849029,0.9574143886566162,0.9459698796272278,50,21.497903507780943,149.0968185112125,21.085474284523663,24.399245438603955,0.36,2.428869370956063,2.4429454059731563,48.8,12.77157517150864,-12.741345923231366,22.28,-22.28,2.3540219308230097,0.5473199999999999,0.0,-12.945838069612366,141.02455738847456,19.94388416864436,-10.685267171016871,0.56,2.6277759818403696,2.629491705689591,95.34,11.236068845197972,-11.032181343019465,18.54,-18.5,1.8509908985955,0.40958,0.5647028319374656
C,0,96000,b451bb2e80ebcf9d972ceb70e601f4756a7fddb41f9d09d7e09cf09938d9eb97,-0.0503143966197967,-0.057378314435482,0.95093035697937,0.9442367553710938,50,17.326043164804762,176.9801832967861,25.02877754895912,21.407178545908828,0.38,2.3647111150305693,2.3709971972095385,50.64,15.842593543721293,-15.829331373553924,25.32,-25.32,3.384735381104057,0.6964000000000001,0.0,-9.004128605115753,137.05412779614082,19.38238063085177,-6.107949109905997,0.48,2.5653606538105937,2.567797526489181,94.74,13.10533655352994,-13.006239933229413,20.22,-20.22,2.4095194952097527,0.48666,0.570124832249058
C,0,112000,6581a6d988c3bb7f5eee2f003827b0052a072fe92750e805cbc9bb524a29ac82,-0.0612801350653171,-0.0816060751676559,0.9405598044395448,0.9216349720954896,50,26.248178842591923,140.30569941147454,19.842222298595004,28.945680887899087,0.36,2.453191928580657,2.4580748640656784,47.72,13.096632532513524,-13.08410841037436,20.16,-20.16,2.2556220453071725,0.4418799999999999,0.0,-0.3528120019047404,132.30270848290078,18.710428467521226,2.17526868703151,0.46,2.6370375770423804,2.6380824476306195,94.4,12.529365050808298,-12.478109146939584,19.16,-19.16,2.113080688936245,0.4150000000000001,0.5595596193922744
C,0,128000,bb77f1ee3480f58c3996521b62beb22511cba199a5d447e9b5c5c53630b90b74,-0.0502131395041942,-0.0953246280550956,0.9510266780853271,0.9090778231620787,50,26.62704137412639,168.35177848165023,23.808536837838076,30.50846352578765,0.4,2.3194222878411868,2.3178355550112597,52.86,16.090075400956035,-16.087414312642952,23.86,-23.86,3.2724421516612647,0.6089800000000001,0.0,-15.190352961851636,172.09313359741935,24.33764435247554,-11.298525616520935,0.5,2.5362695025586977,2.544945730776079,101.1,16.085306874067864,-16.067671380072944,22.82,-22.82,3.317127345330702,0.5747,0.5721186866664402
C,0,144000,0b2483b56a8949e0106049dcfe0cecb0bcd6b394782e8d523c3067ea2200c2ac,-0.0425511971116066,-0.1070349067449569,0.958341419696808,0.8984942436218262,50,21.180491735801724,199.6388404129442,28.23319556884236,26.5911842882392,0.4,2.1959991603451683,2.201336997970172,54.62,18.741176908870813,-18.73615820893591,29.1,-29.1,4.513232552437475,0.8974600000000001,0.0,-6.896447834040768,175.35512690750156,24.798959870424397,-1.9585148869962337,0.52,2.4378019304127045,2.440875876631653,99.48,17.53185893959783,-17.5016765981563,26.88,-26.88,4.130692947044533,0.8072400000000001,0.5756704894887306
C,0,160000,2001fde1345efeaf143d0adb9008028daaea14aabc0937b22b49e36201d7d025,-0.063786469399929,-0.1027198135852813,0.9382053017616272,0.9023798108100892,50,23.245503057344468,184.05013975307088,26.02862037954564,27.90224925896836,0.4,2.1032467728204667,2.10574690508494,49.18,16.891904699082367,-16.885535100561075,27.98,-27.98,3.824686201623889,0.83206,0.0,0.3098952912582459,190.40857611316116,26.92783907313822,5.335181426163058,0.46,2.3937802214137878,2.400674167054677,91.44,17.83055086342043,-17.81134579605723,28.52,-28.52,4.158726134904816,0.8665600000000001,0.5627420669517462
C,0,176000,3ea0590204b43e396be80d549c093b2ef961f67eb2508da79ad7dc9e99ffd628,-0.0714403241872787,-0.1122193038463592,0.931051790714264,0.893848180770874,50,20.214480590817377,204.47359719103704,28.916933429477773,25.847792926994515,0.4,1.9847137217918671,1.9909356148040092,50.98,18.1263954269026,-18.11809775197542,32.02,-32.02,4.547572336177139,1.08574,0.0,-3.950616143156133,209.76181199420148,29.66479993901551,2.2651644974999,0.56,2.304679085011834,2.3081479491966217,92.68,19.161543034769675,-19.130549313540204,32.2,-32.2,5.077740640656028,1.13804,0.5717173098777024
C,0,192000,5001eeee947cfce07e844f0a73a6d51f98388f9809b86cc9baaf7445656428d8,-0.0776926279067993,-0.1206233352422714,0.9252487421035768,0.8863677978515625,50,20.997867677035185,197.0317722898283,27.864500459068253,26.46641462135037,0.4,1.959060644824009,1.961704187253173,50.22,17.248118633400075,-17.238594584000847,32.9,-32.9,4.315246944315195,1.1533000000000002,0.0,-7.631643411136921,214.61745070269035,30.351490950568383,-1.609622458199765,0.46,2.3010760924717526,2.29230769741544,90.36,18.764061919910105,-18.717474377759288,33.04,-33.04,4.858020952937154,1.164,0.5706624126840212
C,0,200000,302bbdce10c2c714719c876f1836dd666c966d4b77c5e81ae3258999e81ae108,-0.0856635868549346,-0.129950076341629,0.9179030060768129,0.8781392574310303,50,27.91927199620032,167.53243206391795,23.69266375621419,31.824620581468963,0.38,2.190164301039508,2.1925596654637105,50.22,14.791000114365454,-14.777954125164326,27.06,-27.06,3.1189285852686446,0.78642,0.0,0.6838025702779511,158.92534204180376,22.47543741203019,4.260870432130867,0.46,2.4627645892221994,2.459648971325997,91.88,14.327797698176472,-14.240219021817826,24.76,-24.76,2.902867861852917,0.6742,0.5391855733758146
C,1,16000,90a09dc2b1f7647aec74b755b2551e672a9f9b7cf4fd7c1baf150d7ab5155ebe,0.0097161522135138,-0.0203349813818931,1.0097635984420776,0.9798703789711,50,44.28843130184466,32.715676091741386,4.626695283114588,44.479484446192345,0.08,3.054601812921898,3.0641802715939104,57.36,3.065626142589,0.2191384583552559,4.24,0.0,0.1637331443476869,0.02732,0.0,-16.511507200940972,63.02075208423656,8.912480230847985,-16.036130179143893,0.58,3.062240663400884,3.0664768730465664,110.76,4.71655281675859,0.4502359437673795,6.28,0.2,0.4116970217970817,0.06368,0.5894394328684567
C,1,32000,c7e41667977e87d1a22b47c655f8e27585d3a1e2f0050ba4ba07b031aeb4b140,-0.0078653255477547,-0.0235670581459999,0.992165505886078,0.9767084717750548,50,43.71979290514293,36.89626941567034,5.217920460861262,43.99316031304095,0.1,3.0119436129654638,3.0101665015853483,47.56,3.580690711629376,-0.4862723970804294,5.8,-0.84,0.2221274078980253,0.05124,0.0,9.102951683368763,52.01103190504534,7.355470671313488,9.557036381887066,0.38,3.04423213958429,3.0448194944946945,103.12,4.838836358693062,-0.2614908809160842,6.36,0.0,0.3932046985183007,0.06088,0.5747970173136127
C,1,48000,0cc74d498680896d249d5e6a6107f9d7a5a8c470909a4758f4a4d6070da74d5c,-0.0202591475099325,-0.0659562572836875,0.9799447059631348,0.9361718893051147,50,36.7370430924285,29.102637626438906,4.115734483213943,36.900836852521685,0.14,3.0062513454752646,3.016407856440762,40.24,2.7653155674844827,0.1897280239536984,3.68,-0.92,0.1395137600931882,0.02428,0.0,7.278855115714902,45.28579454830833,6.404378483305921,7.550587829398543,0.44,3.017504814733509,3.016096146332689,93.2,3.679167742046332,1.0793066701259932,4.88,0.2,0.2343327136836408,0.0374,0.5474378048121866
C,1,64000,e24af2dd0847542833480317c7dc8d2b7a4b21f837d395dce9567853d90ec4e9,-0.0046611069701612,-0.0995437353849411,0.9953497052192688,0.905250370502472,50,34.741742666681084,27.636761388854264,3.90842827761868,34.887953183746475,0.1,3.0716541234682784,3.0825236718441102,33.78,2.596199206772705,1.0105206902369794,3.74,0.46,0.1241105170653937,0.0221,0.0,2.097543530434655,41.97113889109024,5.935615384802468,2.35189248955965,0.54,3.0744201131352225,3.0718436132240994,85.96,3.644036862254617,1.4038337015238145,5.24,2.12,0.213748959124998,0.0406,0.543828538237415
C,1,80000,3376cc42b10dfc2e4b88895ce6147aa38c948e307466ad074402b3455f37504b,-0.0219244863837957,-0.116626039147377,0.9783141016960144,0.8899179697036743,50,35.73828476407781,43.54119358971003,6.157654649648039,36.05724701644267,0.14,3.249274220582961,3.253088103615323,31.28,4.0516694687721095,3.4392488518772577,6.12,5.04,0.2692422523648566,0.04972,0.0,8.96799849429096,65.30832056408885,9.235991267754414,9.652376829983371,0.4,3.1895454615069485,3.194332549810582,80.0,5.963586206148178,4.912049836919182,8.44,8.04,0.5787783356924112,0.1056,0.5259931765129542
C,1,96000,75ce3e4e8e2b3c9ff7c2b1dd4b25e578d8d57a2a95fbe4ea5c07bd29aee569c2,-0.0105962613597512,-0.1497982293367386,0.9894596934318542,0.8608817458152771,50,35.960188760796136,38.84362107924503,5.493317574194976,36.25435255771858,0.14,3.2609291271232674,3.2731294975066203,34.72,3.975303046377354,3.370994096893361,5.2,3.92,0.2553637969224529,0.0388,0.0,14.893879838320718,76.28060465258787,10.787706564570998,15.63213807105596,0.38,3.169630275284583,3.1751382850747154,82.38,6.387654458198685,5.723307071725245,9.38,8.42,0.6225182327352418,0.11574,0.5311789615071404
C,1,112000,6b6a72c2630f38dd74c3b5a571774ef37f522169aa9a487c0ebeb358dd8636f3,-0.0280545316636562,-0.1574938744306564,0.972335398197174,0.8542820811271667,50,36.93768240121944,32.08254534728031,4.537157074557365,37.13981821574605,0.1,2.994006047158164,2.9889919816350656,36.4,3.0375171158734906,1.2495501928008756,4.2,-1.96,0.1687358145266085,0.0334,0.0,13.93529681767238,57.32811033159271,8.107419113615956,14.349397251431702,0.4,3.005809391836136,3.008187240694899,83.1,4.680620654556593,2.5748920148037797,5.58,0.7,0.3686004337593202,0.0455,0.52981558351893
C,1,128000,5c63839589ee1a5d05f4a4356c115db2847e83aed35ea98244a9f66f9ae7ea7f,-0.0469760596752166,-0.1505851745605468,0.9541102647781372,0.8602043986320496,50,34.67043017989398,32.17047771046058,4.549592588615471,34.87501766565839,0.12,2.8931085530514675,2.890229421903993,33.42,2.8875281264568544,-0.359448858154378,4.74,-3.7,0.1587674857644091,0.04582,0.0,6.403422001979919,50.64791017381574,7.162696147366447,6.764295007087555,0.32,2.937685291370847,2.9390597398109053,81.96,4.180195654407791,-0.2707089691224048,6.64,-3.12,0.2937130051076354,0.06716,0.522761862014978
C,1,144000,5506571f3bfd3aa8d2caeaa37003bf47903940bbf0c68ca18a8c9337c45cfb4d,-0.0477235056459903,-0.1744145452976226,0.953397274017334,0.8399485945701599,50,33.27867106873433,68.04983485086291,9.623699936333962,33.90167678172844,0.26,2.748129540949825,2.7401445414955266,45.8,5.108562453624313,-4.38963223942896,10.68,-10.56,0.477645712994114,0.14536,0.0,3.7791931656667415,58.37234787653553,8.255096603455687,4.35496589706684,0.48,2.799880755115312,2.811108458766408,90.88,4.984409604894058,-3.5557345377108818,9.32,-8.6,0.4548527314000976,0.1209199999999999,0.5284929440547225
C,1,160000,dba2bc287e09fad94261d7dbb78704ee42e1dcf15344f05982e8b6cde4efdd1a,-0.0707685500383377,-0.1867298185825348,0.931677520275116,0.829667866230011,50,30.58249428942255,43.96126780852519,6.217062115393206,30.962943263513235,0.24,2.677876848917693,2.701160655573763,31.82,4.131395843538357,-3.745696198542304,7.86,-7.86,0.2986289740906881,0.08182,0.0,10.153116454488702,66.18173332355262,9.359510484752752,10.648096654377191,0.36,2.8012607039101205,2.804263942016895,75.36,4.968332759757818,-4.137375842514535,8.0,-7.92,0.4104601998884923,0.08452,0.514430574416357
C,1,176000,8814221d793dfeb12bb47f64e93827bdb6ea3446e97fd614b4b0a82d3ad7618c,-0.0859500467777252,-0.2050473541021347,0.9176400303840636,0.8146087527275085,50,29.21277613111249,32.12748371777276,4.543512319859502,29.42470822382661,0.2,2.776522693809669,2.7796162282811183,25.7,2.9206882187057874,-2.178380724113349,5.18,-4.7,0.1667520927141149,0.04518,0.0,21.36812382704253,41.13821207252051,5.8178217444739095,21.721880448583036,0.2,2.866902492211824,2.8718969734468924,69.36,4.180738105249116,-2.5944835813145777,5.8,-4.92,0.2996766215405104,0.05408,0.5033258405608063
C,1,192000,f8f686bd9eca0beb924ce82063fe5d6a6ecde19e905034f9960841c84de19cc3,-0.1061289757490158,-0.2015537321567535,0.8993086814880371,0.8174596428871155,50,25.51612964798877,50.20888027362682,7.100607943453,25.967124367093778,0.26,2.5929920088324336,2.6061193820992896,28.5,4.34194114386949,-4.056458822124055,8.82,-8.7,0.3461747191050101,0.10482,0.0,10.268642737105251,83.51270915801236,11.810480592178084,11.002728065123357,0.46,2.764451228504031,2.7709584207985083,71.42,5.9061504503071705,-5.351678183263829,10.38,-10.26,0.5920653280181015,0.14202,0.5134121955845594
C,1,200000,3846e67a54e20f3af7fea493491afae37e86aa1789e0d6565af465853ccee344,-0.1266989707946777,-0.215886041522026,0.8809988498687744,0.8058272004127502,50,27.216772120805608,33.27897530987894,4.706357822511016,27.431324736297302,0.22,2.730002631172061,2.721648043180681,23.0,2.7942242663069288,-1.9411027196056736,5.44,-5.08,0.1634326154916895,0.05112,0.0,19.147237967741415,46.17185610456382,6.529686510301314,19.419371392555558,0.3,2.8442666987443617,2.830268806397755,59.44,3.2681984908626736,-1.459457426148873,5.72,-5.0,0.2164134248141385,0.05572,0.4970038649862737
C,2,16000,efb394d86eefa836b71019b14016a21d80a2dd5a09a630d5d71ef668cbb0a830,0.0021352847106754,0.0017750406404957,1.002137541770935,1.0017765760421753,50,48.826253882230674,33.49788591065795,4.737316456567909,49.05588749756164,0.06,2.966144399638132,2.9747806807765,48.4,3.479287657305826,1.3166993391079778,4.36,0.24,0.197793615330967,0.03184,0.0,-6.904031580274194,52.61677543773949,7.441135743239073,-6.552453534744233,0.48,3.039535210341195,3.033620490211572,102.56,4.203538927937309,-0.2439248190401892,5.56,-1.68,0.3027780455299609,0.0487999999999999,0.591748878698452
C,2,32000,ce9c6b11411c0d5c575a97c5ec7a8a6bcd97426fb46fabdb481f0e9b8f0a0c1d,-0.0254049059003591,-0.0007003815844655,0.9749151468276978,0.9992998838424684,50,42.97788353964026,39.44528959732911,5.578406352027718,43.30823584470808,0.08,2.995593260394863,3.006092594071844,37.68,3.879682842281193,1.1738851165868451,6.24,1.56,0.268032305067823,0.06232,0.0,12.07247378172601,42.9641910895233,6.076054173519313,12.48071185451514,0.3,3.042884805606203,3.0490956849805446,92.64,4.597018896734801,-0.6239605814785787,6.08,-1.72,0.3559980727891333,0.05224,0.5720755835425885
C,2,48000,f58f3b514d3cc5865ba1e7edca51eb4380cd8b4c806ba8d58a478754206a33ca,-0.0485238321125507,-0.0382163450121879,0.952634572982788,0.9625046849250792,50,37.12444737100127,49.0366752888754,6.93483312472132,37.55049081468599,0.22,2.748610573678399,2.7502862816074263,38.64,4.444646551293965,-3.6012646606420406,8.12,-7.64,0.3378034436847197,0.08824,0.0,9.081742991842528,60.544857768777526,8.562335898855522,9.588283912999293,0.38,2.860658647180849,2.876482552395464,89.8,4.934935366850008,-3.5259109131758133,8.16,-7.36,0.4079009211567641,0.09864,0.548873679110407
C,2,64000,13af12e44271cca61729275a0847bd31bd1b1c3b4fccad03a7e9ee6f4ca09012,-0.0502231903374195,-0.0497701950371265,0.9510171413421632,0.9514480233192444,50,34.102012305736615,98.87856601150064,13.983540908146756,35.63546011155527,0.32,2.4268862535465696,2.432089130624616,45.14,8.45290552628686,-8.360207898159862,18.26,-18.26,1.160027805818663,0.37342,0.0,-5.049274484300528,113.69799572063316,16.079324756275753,-3.097468130559688,0.48,2.653251364017417,2.656684964818699,95.5,9.930784314614124,-9.646195496260594,19.1,-19.06,1.526506353740843,0.4253,0.5710582158392254
C,2,80000,c5133f8593f31560484513c7cd7f982df8b8525e3e706eba29350858f39f09c0,-0.052161619067192,-0.0473078787326812,0.9491754770278932,0.95379376411438,50,31.611526480047715,125.72291886431675,17.779905695904898,33.83587598894021,0.34,2.421366452496476,2.429653105589858,48.78,10.773222955001543,-10.742036679674834,21.18,-21.18,1.7352095088924846,0.48914,0.0,-7.387743810268066,129.9953422355249,18.384117603481133,-5.361037260174778,0.48,2.6319941150748174,2.6386856961889604,94.8,10.592532785108236,-10.492032934490425,18.84,-18.84,1.6267865500932903,0.39992,0.5677947627380329
C,2,96000,65a1f8b275166b18c54f3cba45cbbe931fba4f2ef8c94b5140c2c4dcfdac512e,-0.0609575621783733,-0.0481811873614788,0.9408631920814514,0.9529611468315125,50,27.52456692561355,108.0189659231467,15.276188660203124,29.237286193528508,0.32,2.4306109741787587,2.435128282499547,40.6,9.931235208980034,-9.9143784688408,16.52,-16.52,1.403519267914965,0.3092,0.0,-1.7043407934623775,114.35586067288833,16.17236091004467,0.2513557435578434,0.5,2.637021989518453,2.6340262772092453,86.88,10.708998395409026,-10.614850993781245,16.68,-16.68,1.6214565370202216,0.33424,0.5615077647328061
C,2,112000,99800fcf977c3b868c7839c3918e048a2818fba1243e2a2cf0fce2b77ce2f4cd,-0.0694511979818344,-0.0672996193170547,0.932905614376068,0.9349150657653807,50,29.318018196136062,86.7793907285069,12.272459130272846,30.557021974113937,0.3,2.379555255152333,2.392634925182028,35.74,8.280156826444383,-8.257085647038881,14.74,-14.74,0.993383777977868,0.24562,0.0,3.562182518263116,112.59433712750224,15.923243861212216,5.397343809836077,0.44,2.6345253777530946,2.6415835542900714,83.72,10.377728825359476,-10.265402970113714,17.24,-17.24,1.5013612915729602,0.3337999999999999,0.5539235607767786
C,2,128000,44f53dd9a80aaaecd7ce656d77d6e5712d3e88c12e5cf014cfd69c8a39ca473c,-0.0656052306294441,-0.0841366723179817,0.9365005493164062,0.9193055629730223,50,25.718682217093065,163.18929193673776,23.07845098909969,29.50392002529902,0.38,2.0895399563033323,2.0946804420006755,49.48,15.227185533078924,-15.223088383722793,25.96,-25.96,3.0727978082059537,0.71244,0.0014827098441582,-12.818553719769074,191.8155443310592,27.126814426696157,-7.788021019801149,0.5,2.411919541669993,2.426921627424236,96.5,17.830695114321255,-17.81818743069325,28.62,-28.62,4.149912699967925,0.8806199999999998,0.5796415036570796
C,2,144000,47b31251fdecff0eab37ccfdfe7313ddab2c11d35d66b10ddce88179a7844a52,-0.0586667843163013,-0.0918001011013984,0.9430209398269652,0.9122874736785888,50,20.44193536552497,209.45746859049467,29.62175928210141,26.36916876846072,0.4,1.989448471276148,1.986695657854217,57.36,18.89091843216177,-18.88682128280564,33.68,-33.68,4.749473402935755,1.17776,0.0,-7.993494262867757,199.07993061595388,28.154153787337677,-1.7427620669039152,0.54,2.317059517341903,2.3323349266431777,99.36,19.435660502005035,-19.412461262800683,32.72,-32.72,5.091252195963846,1.1594799999999998,0.5937589649882851
C,2,160000,02c8cb0e6547d136e3f1e2c11fc4339bbbf7cd31d6cc96222456965b4b0a7e2b,-0.07534109801054,-0.0914882645010948,0.9274271130561828,0.9125720858573914,50,23.61645643466556,195.1854452943437,27.603390391309265,28.80902910159752,0.38,2.0158045435564635,2.0156507587390413,55.88,17.4156761427664,-17.409517137740167,32.16,-32.16,4.119332666931962,1.07324,0.0,0.8343071139533577,193.24920614177512,27.32956482435324,6.256096522651064,0.46,2.344574727173678,2.355776057139826,96.62,18.22504474519043,-18.20696094527046,31.02,-31.02,4.405209408697706,1.01658,0.5776317990573303
C,2,176000,b5b8ba37b2aa323a22c80bec1b96d8437ab14217c7ea910b30dcfc349acde48b,-0.0825291201472282,-0.1038906797766685,0.920784592628479,0.9013238549232484,50,29.578846934207665,150.8200764116178,21.32917975394564,32.84451947621467,0.36,2.152406147573731,2.153232466596826,50.1,13.561367519118557,-13.552802373828918,25.46,-25.46,2.5785725420070054,0.6871,0.0,2.3573902947922454,160.94381778442482,22.76089298908377,6.406456521847353,0.52,2.4375514880152918,2.432571175881985,94.88,15.366863397817545,-15.320200393379478,26.24,-26.24,3.2885862270551085,0.76048,0.5604238859879669
C,2,192000,dbc958ae796b30fa1ebbdd4c055a802247f8427e1e650f3a2e0f07ddf55260dc,-0.0887255445122718,-0.1090473309159278,0.915096640586853,0.896687924861908,50,24.39258762156764,124.85639421419506,17.657360604671627,26.792461469057933,0.38,2.032265915811527,2.0342707201066097,39.3,10.729354265089018,-10.716711848857852,23.18,-23.18,1.8171338474902905,0.5827399999999999,0.0,-1.4224606412111516,179.314142589023,25.358849237469933,2.6598907128972566,0.5,2.386609134205053,2.400600843362324,82.46,15.067379446803752,-15.006926928880326,28.14,-28.14,3.2334513541084053,0.8489,0.5663716133819361
C,2,200000,e6e73f3b4036a614520d2ad528e0742a7fb047ea6949ef3e0437d4972a44d000,-0.0968946814537048,-0.1143729388713836,0.9076516032218932,0.8919252157211304,50,26.354671448061264,94.77874533564744,13.403738707837832,27.81003305975391,0.34,2.1835283646388213,2.18857619784894,35.3,8.285015824253156,-8.25184385154425,17.9,-17.9,1.099461611692643,0.3558999999999999,0.0,5.342833456228545,132.01013675785518,18.669052577368586,7.751830961300177,0.46,2.5018021555788748,2.50391932055502,79.88,11.32656860801248,-11.228835511600805,21.96,-21.96,1.883157505071633,0.52584,0.5366550342170866
C,3,16000,6852e640ff1abf56c5cbd0df307a54e79ad941532362db5290d64d461054001b,-0.0213558822870254,-0.0195377599447965,0.9788706302642822,0.9806517958641052,50,38.83013033676729,38.81261706679831,5.4889329447059625,39.04716053046328,0.14,3.076447981495499,3.0919139791869283,53.22,3.3180078744968102,-1.8478232365339555,3.54,-1.54,0.195810193695988,0.02122,0.0,-13.766709750005203,58.96823347583153,8.33936755307041,-13.346197048336228,0.54,3.0777706276118577,3.0978732381667697,103.64,4.347991555725287,-1.5303822672776897,5.6,-0.92,0.3694727016689796,0.0510399999999999,0.578885228470713
C,3,32000,d8ab84203a0b581c85e3f434acbdcb6d6f09598727ba87b567372b594c245a9e,-0.0391782857477664,-0.0140198897570371,0.9615793228149414,0.9860779643058776,50,37.01938013094211,31.088307893388528,4.39655066540606,37.21781940863234,0.14,2.9693881782584355,2.9740900486222683,38.94,3.095864418617574,-1.7754996984989586,4.22,-1.54,0.1688192776902322,0.02962,0.0,6.277946912124503,52.17767356136671,7.379037360356087,6.648585223626863,0.3,3.0294054747348707,3.025966868662062,93.0,4.398218017236784,-2.5635493022077696,4.88,-2.36,0.3308783115023627,0.03976,0.5619953229744581
C,3,48000,09321eab27fd4df4d20a2872b61291c041250def1972c4b9ba1d03b2cff20b91,-0.0613715574145317,-0.0420222580432891,0.9404736757278442,0.958848476409912,50,28.125719351366484,68.45374668391106,9.68082169556393,28.81175552897293,0.24,2.8072568485138807,2.802360069658353,39.78,5.745667219955335,-5.204799713697221,8.18,-7.7,0.5820561776064624,0.10398,0.0,6.255106058672394,62.48341656804166,8.836489513393227,6.83534650465668,0.48,2.8962395881683336,2.9013443730076203,87.36,5.467753574179296,-4.296354562720825,7.44,-5.84,0.4947604459842854,0.08548,0.5443905158075301
C,3,64000,c81194031be6bd217452f548ca06d828f4dd36122a1e82d97d534670631ca81c,-0.0583248399198055,-0.0570357851684093,0.9433434009552002,0.9445602297782898,50,30.82926344542505,114.13808925661236,16.141563381005206,32.57054127225066,0.32,2.657464473060228,2.671886586084161,53.6,9.28463930380546,-9.044369632454831,16.16,-16.04,1.4149978268256118,0.32628,0.0,-12.171646894588935,98.2418807958118,13.893500021447794,-10.781623553680966,0.52,2.794046841319247,2.7763781547047075,99.72,8.48134090342049,-8.123610834827042,13.0,-13.0,1.1548233409079722,0.2352,0.566854449104483
C,3,80000,83573ad1b829ba7639f6247deeeabf8993fb8fb26309c849cc9db35d877d4e96,-0.0584374107420444,-0.0652083978056907,0.9432373046875,0.9368722438812256,50,11.684520094660162,171.45066215134312,24.24678516922769,15.28300081708,0.36,2.707854319039468,2.712321339425082,65.42,12.667931422319644,-12.209130625283471,22.18,-21.98,2.91170072241984,0.6867800000000002,0.0,-17.585112313390262,114.81916263337148,16.237881701643605,-16.12441199154114,0.5,2.8242808758296167,2.824797595083456,101.46,8.387328075189965,-7.7447720956931025,12.58,-11.78,1.2264803218491134,0.23422,0.5656296742304575
C,3,96000,72ef725f867b6deac7953ce24388157cf36c6dc834aea8a4cab1253e2685c203,-0.0647961273789405,-0.0704072639346122,0.9372585415840148,0.9320141077041626,50,0.4809315683964314,216.7386170314646,30.65146916958855,6.595953170420948,0.38,2.6232984859248853,2.647373538067676,66.04,17.24256439802386,-17.14846343142854,28.28,-28.28,5.055261602024517,1.05976,0.1299344950028036,-6.689008569179322,114.07873043780845,16.13316877634531,-4.890524170708138,0.48,2.741112905004756,2.7758254100471342,98.3,9.87823190747336,-9.590196744498591,13.82,-13.62,1.5257043984711842,0.27278,0.5743587637226714
C,3,112000,302c0e0bf1cc5c9bd7e38da874c9b87535fd2509c41647cee639e3888b32120e,-0.0769529491662979,-0.0854253247380256,0.9259334206581116,0.9181216359138488,50,19.36510764436447,168.53758588652195,23.834813973033967,22.93516546751135,0.38,2.539839731822454,2.5446287662141778,54.62,13.71546336249304,-13.67085396643876,22.14,-22.14,2.964917823146884,0.60514,0.0,-4.6993784842858215,127.18558720385404,17.98675823620763,-2.457076206154552,0.46,2.705234745702453,2.7078694073135456,94.72,11.47544149475418,-11.33342252113051,16.76,-16.72,1.8967022781312692,0.3455999999999999,0.5604107400575447
C,3,128000,f0d20a3349fd91000ce2f00cd16cabdb81f722cfdb78d77df99924aa45fc473b,-0.0715920999646186,-0.0988555550575256,0.9309104681015016,0.9058735966682434,50,-10.728295198906867,294.2510844117153,41.613387431803815,1.1257335325932536,0.44,2.3385421963832846,2.3551361937247126,89.9,26.32710881772693,-26.31881114279976,43.18,-43.18,9.77596873150012,2.07806,0.2269728421368279,-36.009255341432855,189.72138630788055,26.830655758882997,-31.412650733956195,0.5,2.5476952076958765,2.5530360030938426,121.12,17.315538608178578,-17.303811153438005,24.52,-24.52,3.916644607476653,0.6799600000000001,0.6136908844921304
C,3,144000,748329d16aa6fb407923f3f41dd7f0139ba04f306f047f042cf9b191c4197e19,-0.0656705796718597,-0.1062948405742645,0.936439335346222,0.8991595506668091,50,-33.980325268889885,390.7452542650814,55.25972380146016,-13.897351374488307,0.44,2.1234864429840026,2.12384507716358,101.16,34.70850967749799,-34.704294476797614,59.36,-59.36,16.313573894401568,3.7694,0.2813599186211786,-24.23012459181668,219.55640629700656,31.049964749112423,-16.89108751707446,0.54,2.383488185372169,2.3749590099901585,123.46,21.37492931277071,-21.35542426654799,33.42,-33.42,6.106897074742218,1.23214,0.6341594876202972
C,3,160000,6259ec00077e1f75b0ac9eb737d5e43e173f4eb30d7ac962f3a001a20ef51a7b,-0.0783460065722465,-0.1050773486495018,0.924644410610199,0.9002549052238464,50,-31.939265609907352,387.5930157967931,54.81392996209141,-11.392906620622115,0.46,1.919503511930429,1.9152368433138636,89.8,34.63063702599625,-34.62536340605188,61.12,-61.12,16.55231898928523,3.99404,0.2814422175788396,-11.955931626341227,248.620957409196,35.16031298582686,-2.699820335708496,0.48,2.2525055559231637,2.2551987189403,112.04,24.05641015125972,-24.041883284843,39.12,-39.12,7.638751290632724,1.61736,0.6248724489847746
C,3,176000,6d45f9e89e33ffcd01da7d2dfa21676e56e68eac32c71677601dbdb73277d1ea,-0.0751843303442001,-0.1161191388964653,0.92757248878479,0.890369176864624,50,-16.598894074075,330.844899644275,46.78853441188993,-1.5746518922948598,0.44,2.112836313693089,2.1187930219488065,84.98,29.00116209351482,-28.993826617900357,51.62,-51.62,12.09318218178014,2.93106,0.2720460067039131,-14.834265367719787,207.82032563598256,29.390232305119955,-8.36039321395066,0.54,2.379833409877157,2.381080366444989,111.32,19.64382334841251,-19.61002592062972,31.84,-31.84,5.345872153769125,1.128,0.6046764446177593
C,3,192000,ec362132c54ab2a5b387dd0765535ebe39a21c794482739282ca7e664f871adb,-0.0834629833698272,-0.124757319688797,0.9199251532554626,0.8827110528945923,50,-16.31836640036766,323.2047810116421,45.70805847304904,-2.0688739016888578,0.42,1.976378521178292,1.9899407232506607,77.98,27.397920524203904,-27.388530254068893,51.78,-51.78,11.299512498678803,2.94998,0.2685831490035189,-25.20852497076361,242.65910985164388,34.31718041855775,-17.38672378227549,0.54,2.293968924295448,2.286154969091044,106.52,21.351264829587947,-21.31188153503177,37.08,-37.08,6.33752118848812,1.48428,0.6076420003887385
C,3,200000,2a904e641b36fc6510412ffc5c033c7482b32265f8136812ce5bf9c2cb1b1d78,-0.0874785184860229,-0.1283856481313705,0.91623854637146,0.8795141577720642,50,-10.474200993572286,308.2962543795211,43.59967441723444,2.3149720235200317,0.42,2.1414482037318163,2.151186764123596,81.74,26.044867929792687,-26.03437800330028,48.9,-48.9,10.158833017092311,2.6303400000000003,0.2638925719907802,-11.750271420723491,195.8374895494824,27.695603374197727,-6.22211318417611,0.5,2.413305867548859,2.406485238280506,107.64,17.659783815548806,-17.589660868528586,30.6,-30.6,4.490918236547386,1.03724,0.5879594501350062
C,4,16000,b28a6e4fa62c8d9bd147fdd9a3c478a3b7a02232caab155fc9f3e144b2cfa8a8,-0.0182524845004081,0.0009772562189027,0.9819130897521972,1.0009777545928955,50,35.929644196766475,60.386636234613206,8.539959994908056,36.35346126411108,0.18,3.1473640277069705,3.1473342813494813,53.1,4.854536021491549,-3.5154981352909056,4.98,-0.3,0.385557067344613,0.0382599999999999,0.0,-13.947137805718532,68.93952529558074,9.749521165657333,-13.332615529575882,0.5,3.126646300983408,3.126185597334215,103.22,5.402748095625473,-2.245393435700546,6.62,0.98,0.5376622761426482,0.07686,0.5918845625275698
C,4,32000,2a4191a261eb42755fa104dc5b712478d8f0aaaf0bd341580bcc3424f9f99bf7,-0.0199993811547756,0.0042563015595078,0.9801992774009703,1.0042654275894165,50,40.87269835535984,38.95194274943268,5.508636571702804,41.13333328164841,0.12,3.265463968415244,3.263322427019005,38.94,3.15017111519636,1.175750590107756,7.54,6.78,0.1825749262885763,0.07806,0.0,5.123480775913733,54.7189634030545,7.738430016359672,5.5670331435290565,0.48,3.2257793503599546,3.2252953620113125,92.46,4.648470831120226,0.688020044897269,7.82,6.58,0.3540523676153226,0.0895,0.5789923394134235
C,4,48000,ead09d8a9c7d23f613e71406aabbf544a3e23a4232a120bb8a12e29e40ec718a,-0.0411968007683754,-0.0508940778672695,0.9596402645111084,0.9503793120384216,50,35.77695368153724,25.57053198257376,3.61621931268508,35.92360743230443,0.08,3.2219045752728643,3.231366254614425,35.18,2.581457319314149,0.1102890267540415,4.42,2.58,0.1171937507672008,0.02946,0.0,10.365455519648904,52.00822575718103,7.355073822076714,10.732053187620169,0.38,3.172852950576924,3.178645928564001,84.2,4.0346869007156645,1.5906503421147746,7.04,5.68,0.2941176679712628,0.07248,0.5464400180431954
C,4,64000,baa80d6bab16c8a5bb01cd1894492494da7e398da61d723e3d4c66340f3aaefd,-0.0343223623931407,-0.0884686931967735,0.9662599563598632,0.9153317213058472,50,34.3986209190214,28.815595695177155,4.075140623997931,34.535726520389446,0.1,3.2981175046172457,3.310608967682976,33.64,2.5749176133972145,-0.2253660919727455,3.96,2.44,0.1140656013680516,0.0230399999999999,0.0,7.552854663261512,49.93078744339038,7.061279678241091,7.8797342085452895,0.4,3.198860696164502,3.190674431822188,78.54,3.919626754697141,1.3929044629997631,7.14,6.22,0.2556195452837769,0.07126,0.5566084957313173
C,4,80000,ccb8ba2506183a3d369079c898d2ab1a72d7c8c1ec1c34a83464cd2bcd8bfffb,-0.0553641133010387,-0.1158331930637359,0.9461405873298644,0.8906237483024597,50,32.85230882037156,33.15726326062298,4.689145139434817,33.09687841847937,0.14,3.3165604246331557,3.317636939763543,35.62,3.3234435523579258,1.0589257881864444,6.22,4.18,0.1912295981078067,0.05334,0.0,13.906916342237414,70.28319817159584,9.939545206122675,14.56933000780562,0.4,3.250388445062172,3.249191743540755,78.08,5.580772648569015,3.586535790615699,9.56,9.32,0.5276136655682042,0.1348,0.5447365527380841
C,4,96000,39ddc3d1843ecb96ec76fc3fa1c3155441f19196bdaf15c1e921335ffbd13d4e,-0.0465498864650726,-0.149447500705719,0.9545168876647948,0.8611835837364197,50,33.998593604780005,49.16629602833384,6.953164265492015,34.296458780735364,0.18,3.2624675649642016,3.2645121015007077,45.0,3.698434455995991,-1.1988705265365371,5.12,0.36,0.2590251759553654,0.03884,0.0,17.545114222860537,66.34287712228506,9.382299659318726,18.105442969555167,0.42,3.1822108870964416,3.2026203838560514,80.82,5.16313732692785,2.7294923781802485,9.46,7.74,0.4438287466946271,0.1165,0.5463783822590799
C,4,112000,56f9fcc4a16a68495df6abea5c9eb2a7c94245c2c1ba6f3797bf2181ab317f58,-0.0586254000663757,-0.1538458466529846,0.9430599212646484,0.8574042320251465,50,30.21796701892721,102.65591200911902,14.51773830210752,31.59239019133966,0.24,2.861491358483592,2.8604704555172544,69.68,7.208870335555685,-6.453175645310739,12.84,-12.32,1.1082631724124412,0.26616,0.1073522623539762,10.91814319336059,74.93127692278246,10.596882807013309,11.61080210262537,0.4,2.937403436382332,2.94457545724658,93.84,5.759264532539194,-2.648881217926716,9.04,-4.12,0.5761789092647772,0.11648,0.558110114728738
C,4,128000,039d249d5fae99e153ae95fdd50dfe4c974d96055b392bc087e695ae2abcacac,-0.053541287779808,-0.1546418368816375,0.9478667974472046,0.8567219972610474,50,31.65082329068424,124.55388392276332,17.614579188981608,33.64815508431256,0.32,2.6746965570608943,2.6673859341333785,72.42,9.484427852911413,-9.082708821787447,16.26,-16.06,1.6356717936283176,0.36166,0.1116002433850662,1.8837086740612292,102.68585428429476,14.521972779271705,3.2088871482190062,0.38,2.7721678139408565,2.778501542410403,102.36,8.033855808346079,-6.962708934561066,12.16,-10.8,1.104738474157778,0.2204399999999999,0.5637806041785005
C,4,144000,849892b76622d0f090b186a5772f2e3cb7057664c0e9b9c2ada639377551f2fe,-0.0476121976971626,-0.163225457072258,0.953503429889679,0.8493996858596802,50,20.271446905676413,208.5351261431889,29.491320362288192,26.16480334600653,0.4,2.4699651029166008,2.4723431322706477,92.28,17.581547472231566,-17.482538092173783,32.24,-32.24,4.730676440330112,1.16268,0.2427216915419285,-5.307705362292071,139.3895872495653,19.71266447419231,-2.323662409429992,0.52,2.606244567369977,2.609830943309396,115.4,12.327608518826572,-12.081074060507005,21.36,-21.28,2.4189629528620777,0.5650799999999999,0.5972894306305823
C,4,160000,74befff2b9338a91ca22fa19b8b9c7bf7c87f33dafd902161e282f4bcce4079c,-0.0620420575141906,-0.1635562181472778,0.9398433566093444,0.8491187691688538,50,10.539682369265142,212.069759679079,29.991193030735644,16.797718960401195,0.42,2.3804232992270333,2.379012874714423,78.72,17.303394846599293,-17.18802542052974,34.36,-34.36,4.926036591136053,1.332,0.2276403815531232,12.637129652957784,144.74794778115205,20.47045108777778,15.332862434176212,0.38,2.5685279028729,2.56435963886579,102.92,11.804685982988463,-11.347662730826334,20.32,-20.32,2.196852781218426,0.49888,0.5752638851865917
C,4,176000,f7e9bbae58a2a0db62326ee65410c9563611f634f5626f09d0c24354edbda808,-0.0652393102645874,-0.1695960313081741,0.93684321641922,0.8440056443214417,50,22.129993916551115,134.93815958338612,19.08313753644897,24.76129523868792,0.34,2.6175488640075923,2.603099825576183,63.32,10.244798933456112,-9.707222444635766,21.24,-20.76,2.036781322136802,0.5945199999999999,0.1266937477640134,20.291661113127866,90.89584330952982,12.854613437167682,21.821464142456342,0.34,2.755771734104034,2.7536141984349785,92.78,8.340561039715137,-6.583598431420273,13.38,-11.54,1.2615030293284817,0.2683,0.5561749259657812
C,4,192000,cbd983f37062b68958d8f95eaf91eb257086f7ffc33402eab95c8ffe79eff4cc,-0.0798806995153427,-0.1688116192817688,0.923226535320282,0.8446679711341858,50,12.374206312247985,150.02824012902406,21.217197192943324,15.494287916382454,0.38,2.572952768556738,2.564885951567213,62.34,11.23330334892244,-11.017551719151404,22.7,-22.54,2.452861604134471,0.6672199999999999,0.1756765750775233,5.891468727075885,105.42508092025146,14.909357925170063,7.357383347563991,0.44,2.7386939099809906,2.7140973104797244,85.32,8.115636356997843,-7.158381711686874,14.72,-13.76,1.173594620488108,0.2923199999999999,0.5733588253982377
C,4,200000,4f34239d75b10fe523fcc8aa763777c5d4c093f7cb0a8e0455113ae0a613ac5b,-0.1070762425661087,-0.1834575086832046,0.8984571695327759,0.8323872089385986,50,17.57435367486145,136.61216700478087,19.31987793633393,20.01684472583809,0.36,2.685169319772432,2.687662609677971,63.72,9.710496746433858,-9.36904240050243,19.8,-19.68,1.9177310509766448,0.52476,0.1609674450529036,18.84093968380731,76.52954167658991,10.822911576123046,19.6183712691965,0.36,2.8217760040624675,2.806491017087815,80.4,5.772439264316339,-3.673037330509188,9.76,-8.08,0.6307115853891919,0.14672,0.5408584225951335
D,0,16000,5199b59d75a3768381a4369ca7eab6a0e1d13ec5f0481b8eebc832893521f507,-1.5181751251220703,-1.51650071144104,0.219111368060112,0.2194785624742508,50,45.73930584076814,38.40795996663131,5.431705788789288,45.99169861272357,0.14,3.037718910824955,3.0461584753277946,63.64,3.638148663985415,-0.6100141674926961,4.96,-0.56,0.2141127719554245,0.03828,0.0,41.48334874645057,35.164516133324206,4.97301356300346,41.72570754484691,0.1,3.045165921560435,3.0474794263639997,71.8,3.606555840068241,-0.7882826246698522,5.0,-0.88,0.2053987983963465,0.03696,0.0188925377181711
D,0,32000,60e1576295763bc3321bd4d4207ec9b9817143b751e7090c0c8086a49bf50328,-1.5398951768875122,-1.51723313331604,0.2144035845994949,0.2193178832530975,50,44.12996881146013,38.75744315091988,5.481130174693511,44.39464929176234,0.14,3.019938092418517,3.021241160407362,61.54,3.781678388120338,-1.038951069140858,4.98,-1.06,0.2272204803022223,0.03746,0.0,44.88388909586697,41.72928750898952,5.901412434337916,45.15799689464426,0.12,3.0252397445148462,3.02658009120267,67.16,3.8169577732386193,-1.2841517707368937,5.0,-1.6,0.2346677987772945,0.03944,0.0102133760018544
D,0,48000,56886445147511dd643f043a3b0518ccc6904281573b8e846149a352446fed17,-1.566860556602478,-1.5551584959030151,0.208699345588684,0.2111559212207794,50,45.67649010907047,36.60336560869436,5.176497607231648,45.91649335664234,0.08,3.044551178707963,3.051388824680246,60.02,3.564064732808133,-0.5639482764915744,4.62,-0.18,0.2062232475718691,0.03378,0.0,47.312125148019405,31.83215595949377,4.501746667749164,47.50856519156874,0.02,3.045810670300301,3.0459771632496686,64.5,2.9886355796179167,-0.2802199949814014,4.38,0.06,0.1643400435493367,0.0321,0.0076004851644574
D,0,64000,cc42685e121e79d6d0ee37ad216ce9fce64986b9685ab1d7de9eb30fe294647a,-1.552804708480835,-1.568550944328308,0.2116535305976867,0.2083468735218048,50,44.913075196136425,37.27827890213531,5.271944760532657,45.15913685353878,0.12,3.016321752532852,3.016388286201944,60.72,3.599963502711104,-1.4069688626221986,4.6,-1.2,0.2131816574023738,0.03288,0.0,48.32118270076801,35.274292537848126,4.988538291014088,48.52360545866067,0.1,3.0199931547069223,3.024401897246184,67.54,3.2534212224192443,-1.4505991122105246,3.58,-1.42,0.180522757892645,0.0219,0.0085908417809178
D,0,80000,60297a9dbacf9483f82d7e5574f82d9df87117b0452885025eea942917f28816,-1.5678720474243164,-1.569608449935913,0.2084883600473404,0.2081266641616821,50,45.75235815004034,40.627664216483375,5.745619374249087,46.017233080991325,0.16,3.0176218694381767,3.0218790754394065,63.68,3.795396396552477,-1.6524861260578405,4.8,-1.48,0.2304749309509952,0.0344,0.0,35.47643206728914,39.51743692101648,5.588609524392478,35.78159118441473,0.18,3.0210002306479846,3.0138198006111,69.22,4.011096087094972,-1.6038813482907983,5.02,-1.3,0.2663391171255831,0.03882,0.0102328672018889
D,0,96000,e06ba5af0bb5375049e41d0cbf10b2685ecf432853c9b39261e99768e553b99d,-1.5860264301300049,-1.5829956531524658,0.2047375291585922,0.2053589969873428,50,48.909311303472215,41.30504380181896,5.841415313894712,49.14524673939626,0.12,3.088337476009644,3.0885659149454128,66.22,3.5475557125248183,-0.8288253933818338,4.14,0.62,0.2073554359240402,0.0285799999999999,0.0,44.12786141748536,42.40431085607868,5.9968751515751135,44.360104904295184,0.12,3.079129321032026,3.0818343220290174,71.64,3.5022543539369946,-0.2633356911471998,4.4,1.24,0.2032434868098181,0.029,0.0163750317573067
D,0,112000,fd0451af6f5ed5ad746b860998b44707916a3171ff4695e59cda46d4809d396a,-1.6024208068847656,-1.6080161333084106,0.2014083564281463,0.2002845555543899,50,45.47125130936995,41.07924458439399,5.809482482329149,45.72347114459184,0.14,3.0591995882212197,3.062683330893377,63.38,3.714933345654038,-1.4340581982691605,4.38,-0.38,0.2239998352218812,0.02822,0.0,41.76867192027926,36.83765354029331,5.209630924268406,42.01951542923286,0.16,3.0570361865856164,3.0575252670176427,68.34,3.612466218710544,-1.193949267505553,4.22,-0.02,0.2239035089535901,0.02694,0.014158204526324
D,0,128000,272bcb4466941717700ee44c6ea50427b802cad022f5b80c5477bd7feb9c1698,-1.5993443727493286,-1.6029890775680542,0.2020289301872253,0.2012939304113388,50,45.77664805886102,49.87867481180108,7.053909839204637,46.14809391481418,0.18,2.991255828567859,2.98925249515132,65.22,4.473785310784494,-3.27145135587428,4.98,-2.54,0.3340258559531656,0.0374199999999999,0.0,40.62559952087796,56.99196181417071,8.059880534384975,41.02945801444881,0.18,2.994056143880685,2.980627469319648,71.82,4.599349771525519,-3.5358635516006034,5.14,-2.46,0.3607184935708533,0.04314,0.0166944873131036
D,0,144000,f476bddc33a364619b2f4f3a34a52b67d6bd764cc87c8836ec846eccb4ed9cbc,-1.5874693393707275,-1.613068461418152,0.2044423222541809,0.1992751955986023,50,46.75887444099912,44.90041258543564,6.349877243447068,47.05089429718559,0.16,3.020306315986221,3.0141413562917645,66.04,3.976639177197204,-2.632218848206829,4.4,-1.48,0.261499856186467,0.0305199999999999,0.0,43.605275879033,49.44032782813247,6.991918214271688,44.01733172113838,0.16,3.0233912293571445,3.013318967628652,73.44,4.647694801975129,-2.983388797931782,5.64,-1.56,0.3618958421053952,0.05016,0.014074312541628
D,0,160000,b032e001cc559961b54c710e23a1ace58cb44b305a9e5bc25c1b490dc0cc4439,-1.6034317016601562,-1.6217148303985596,0.2012048661708831,0.1975596249103546,50,46.47155543558617,44.54590936387262,6.2997429170631305,46.7758058355596,0.18,2.9969469701869964,2.9983293500752835,65.82,4.049917179407608,-2.8721280564820915,4.38,-2.06,0.2732303999734438,0.03102,0.0,47.41114175754403,44.05279498342341,6.230006012599882,47.747924473816965,0.12,2.994081024402324,2.985658743422761,70.82,4.116281804581003,-2.7828380076353767,4.66,-1.54,0.2984027162729394,0.03838,0.0119941111217693
D,0,176000,96bb30c4153eedf892d9e916a03d5395148367f5cab85e81ffff9fd3755209bb,-1.611574649810791,-1.6380174160003662,0.1995730996131897,0.194364994764328,50,46.68896180639811,36.9578033263726,5.2266226699673615,46.91516707894205,0.14,3.0317402014296158,3.045287455968781,63.24,3.48629073156862,-1.7298170035765423,4.08,-0.72,0.1989652725439483,0.02724,0.0,45.698466730736165,36.899864013266544,5.218428813728445,45.938032856055145,0.1,3.03113823039721,3.035533719908085,69.54,3.618533015383945,-1.6840869002291323,4.06,-0.18,0.2149861253189828,0.02458,0.0084943593003338
D,0,192000,db4229e078deef0bf193180af0ce3217b56988b63b99baa0ca45230cad71bbdd,-1.6358492374420166,-1.637964963912964,0.1947868764400482,0.1943752169609069,50,47.51857241118812,46.52410750307365,6.579502380815063,47.85034204940311,0.2,2.980533480228751,2.98498714546971,65.08,4.196761328951779,-3.090033352175987,4.8,-3.16,0.2928496382150033,0.0389199999999999,0.0,42.062588444740406,53.22025636497972,7.526480834432735,42.43057436671642,0.18,2.9868743622287623,2.986439277688139,70.36,4.457524667032202,-3.25292369331056,5.32,-3.04,0.3239059219760073,0.04408,0.0116622958979005
D,0,200000,40b1d88f33c281c912c1f9a86db4d7fbe53976bd8ad9ed77da3a70d23a6a9d7e,-1.653623342514038,-1.6507728099822998,0.191355288028717,0.1919015347957611,50,45.93685267225384,48.04643634820024,6.794792190732042,46.283083528211904,0.2,2.9772046844443367,2.9910603534870432,65.98,4.327395769745218,-3.325090933411025,5.14,-3.9,0.3034108559580648,0.04282,0.0,46.15223602293758,56.96655044648001,8.056286824302312,46.49555012609198,0.22,2.972998225027756,2.9691572353149045,70.64,4.335875596462857,-2.7572821505482144,5.28,-3.04,0.2986741031543858,0.04464,0.0101660716493948
D,1,16000,f29cb0d31358e07ea668726540d12724cffc46479c64b035fd5b0ea56fea4d1b,-1.4814482927322388,-1.523032546043396,0.2273082435131073,0.2180496305227279,50,43.965426411330135,36.22899388638015,5.123553450525075,44.20893107613296,0.1,3.0685265955563223,3.07263452188854,58.3,3.54895483890219,-0.0386459223578282,4.86,0.18,0.2077246648028147,0.03578,0.0,42.15386569671751,37.43439030916943,5.294022247439536,42.40636321790691,0.14,3.0731508854663447,3.068274802707992,65.82,3.625922141220856,0.0227620966815404,5.38,0.74,0.2113975211893967,0.0411,0.0117331829550623
D,1,32000,83013eee3d700a1548cdd600babb7bdd39e823329f5da9a0dff97eec24c4c3a6,-1.5022661685943604,-1.5250686407089231,0.2226250767707824,0.2176061272621154,50,44.67964198264219,35.67760129131335,5.045574761911519,44.97142686321548,0.12,3.1324422781101315,3.1327321804890342,57.2,3.602479633363517,1.2190121006560224,5.64,3.16,0.2388648805732761,0.05292,0.0,43.09706373852886,37.55678674847634,5.311331717884937,43.39999821755611,0.14,3.133160417711688,3.1349903239467283,62.94,3.7176956425927687,1.3486191716132363,5.62,3.26,0.2504344790272577,0.0525,0.0071397985204157
D,1,48000,37e18e00ded9ed99de2d030761d8d67eedef9643cc5bdd9c2e42bfb843b26cbf,-1.5218784809112549,-1.5626477003097534,0.2183014303445816,0.2095804214477539,50,45.12686510717634,37.70552354265495,5.332366277040066,45.3729341523957,0.12,3.0430617335825683,3.0493824008051424,60.42,3.548012291139569,-0.4953917405175589,4.82,-0.74,0.2105290452193565,0.0355399999999999,0.0,46.148348658413816,36.639648889150486,5.181628837962492,46.38049134217841,0.08,3.0423764798369604,3.04039265149182,65.2,3.154624567383592,0.0082120259678194,4.6,-0.48,0.1938626837646103,0.03828,0.0081530536026706
D,1,64000,6536b01b30058734030dc702f6bd4ba5fe68929d1bcc4f5c86b0432eeb03a2e3,-1.5119255781173706,-1.5755177736282349,0.2204850018024444,0.2069003880023956,50,46.21526377668738,37.96242721661612,5.368697943034002,46.45452943161877,0.12,3.0498316974509243,3.0515534630026453,61.52,3.5268285091439875,-0.4729773476218131,4.6,-0.36,0.206225654931391,0.03304,0.0,46.57287666921479,36.40961747035404,5.149097482739107,46.77509977573928,0.1,3.0511181677520263,3.044883938882985,68.34,3.193478786758045,-0.422971348275901,3.78,-0.78,0.1777631065244805,0.02446,0.009353912291704
D,1,80000,612a3ff9ef8093e3f0432a7ff76801fdda7112dc6cb28e3d656adff60cb6ed53,-1.5279756784439087,-1.5748281478881836,0.216974452137947,0.2070431262254715,50,44.45367025031347,40.97730192096396,5.795065612608431,44.72388452575562,0.16,3.0722874949430383,3.0724547742256494,61.0,3.667366271451134,0.3449864122257576,4.88,0.76,0.2315742754421459,0.03864,0.0,35.3616757344068,36.31860193775125,5.136225942679759,35.61374625025115,0.18,3.070876974932594,3.0709151000157324,65.5,3.562978802763471,0.7458078095046797,4.82,1.14,0.2148905158443462,0.03718,0.0078763371822235
D,1,96000,e4e5b3b097396e7d7232882789aab3a9b14afa3cc4367e37d396c533bd7420df,-1.532356858253479,-1.593855381011963,0.2160259336233139,0.2031408995389938,50,44.16431019354417,43.69942147579008,6.180031451892042,44.46276460182041,0.16,3.1413448729398765,3.145257778305012,62.42,3.82430009518426,1.5828079395493435,5.34,2.98,0.2557544082762348,0.0427,0.0,45.3010770892834,48.13709127732275,6.807612733758145,45.632724215131546,0.18,3.131483590081677,3.136328759334999,68.4,4.079123296268545,2.2840502916787098,5.8,3.8,0.2852071258481529,0.04644,0.0126045955538911
D,1,112000,9f053fb04ea44d299e7b450bec8616c3e528c915329f30df065bb65c7aa5e3c0,-1.5442363023757937,-1.6120692491531372,0.2134748250246048,0.199474424123764,50,46.36009362156272,42.98913797518392,6.079582195923335,46.61650606574446,0.14,3.0932496134282057,3.095609235211911,65.76,3.645658110729236,0.1978163873127696,4.72,0.6,0.2240524441817374,0.03236,0.0,43.16752735549399,38.65889675897316,5.467193610292113,43.43307490445748,0.14,3.0829434486605773,3.0942887222605444,71.4,3.60378600964503,0.9404936823148786,4.24,1.04,0.2385075489634947,0.02704,0.0160776053560703
D,1,128000,9e3ffa59a673d9a6df88e9606ba32b198a7bb663def2914006c176f9cb67982d,-1.5549287796020508,-1.6095722913742063,0.2112044245004654,0.1999731361865997,50,44.41211394691543,43.79921690317416,6.19414465657898,44.72785415128886,0.16,3.123358512977062,3.124004885606355,64.28,4.002974732474673,0.341106023040772,5.52,2.0,0.2691802043734075,0.04656,0.0,41.68207076526181,41.148306308776895,5.819249285055467,41.975438096093605,0.16,3.1195919039624758,3.122363569054323,70.06,3.8041058619168986,0.6021089633354716,5.78,2.82,0.242907330831802,0.05046,0.0136165847359438
D,1,144000,2b346b028e12aafed422c7c4df07754d423697ef35d0897137891351db913a42,-1.5573920011520386,-1.6123676300048828,0.2106848210096359,0.1994149088859558,50,47.46163012863012,40.35997855294967,5.7077629046668665,47.71607888909056,0.1,3.0871818889284883,3.0835022590953702,63.98,3.5955919607917,-0.1181896186451508,4.74,1.06,0.2179487604604271,0.0365,0.0,44.31618856576607,42.13921027836484,5.959384268335527,44.63219978434781,0.18,3.084024759037141,3.079585577537586,70.34,3.872695822334823,-0.0833449139915812,5.54,1.34,0.2641912185817264,0.05182,0.0108533296512698
D,1,160000,74ee7567d9c6db0ce7a03b97ab61b7deffa183bcd566b50d141a9174080b60c6,-1.5566169023513794,-1.625398874282837,0.210848182439804,0.1968331485986709,50,44.89525124410963,36.28203129544475,5.131054072846304,45.16699897877083,0.08,3.1391201048014823,3.137476090764701,57.64,3.6096221496062055,1.5803783785766683,5.4,3.8,0.2253077346611956,0.04644,0.0,49.14560187838643,37.80577556011562,5.34654405331488,49.47440177050735,0.08,3.132587426283445,3.120932896925327,62.26,4.057691906933269,2.0238296419714827,6.58,4.74,0.2666198921209075,0.06218,0.0045465801694755
D,1,176000,34630a4e2556b2fdd40666c4074eb3b37166fc49f01d69452cd6eaaceb02d8b7,-1.581647515296936,-1.6352059841156006,0.2056360244750976,0.1949122250080108,50,46.50891159600561,50.27540627653509,7.110016141009336,46.960054537611256,0.14,3.2167360099499307,3.2123475130897674,59.3,4.518942489581775,3.3219413541530924,7.78,7.02,0.3588429416056453,0.0923,0.0,46.80717466872549,54.63579462401555,7.726668174831382,47.31735919787891,0.16,3.2105397166261955,3.218096834508783,64.78,4.923523877655268,3.80417282204044,8.86,8.58,0.4062445291534184,0.10394,0.0061204579774605
D,1,192000,a903fbbc8e66e274a91922c5cc2983fcbd57c8727abe2902f02aa8985f51c34d,-1.600448727607727,-1.641670823097229,0.2018059343099594,0.1936562061309814,50,45.91306913955901,42.41564626246225,5.998478220119379,46.22198678948609,0.1,3.1787378926719083,3.178461973420601,61.12,3.781663055075273,2.0661243779573986,6.04,4.96,0.2513176499270932,0.0576,0.0,41.32906186109208,37.69291126125744,5.330582631099583,41.67405074149941,0.12,3.1755295053908217,3.169763762949368,66.74,4.052142548975022,2.454880882085204,6.82,5.9,0.2772088804073309,0.06778,0.0056570832000542
D,1,200000,5d014e9a3d5e88211e9f2cc53bf9eea140fafa4c2813c8d887fd3190f4aeb858,-1.610001564025879,-1.6513073444366455,0.1998873054981231,0.191798985004425,50,45.29281058504657,44.58528001862881,6.305310768454702,45.63885962927861,0.1,3.1993514235849334,3.1984826380469995,60.18,3.9411502208913625,2.4710347042292056,6.54,5.54,0.2807490442320499,0.0653,0.0,47.53052670371832,53.4563933044148,7.559875640665372,47.9440893363492,0.12,3.199811715844604,3.196895650728337,65.08,4.388321531268803,3.003348304776511,7.52,6.84,0.3317226326308637,0.08184,0.0048500421278877
D,2,16000,53be4d8cadff4b8f129b8ec7a2da07253b81192a07cdca9b6083e3cb67b01c80,-1.5062189102172852,-1.4950670003890991,0.2217468470335006,0.2242335826158523,50,46.50747114885834,34.30368215707903,4.851273254587711,46.72158248495664,0.06,3.02081932516902,3.028849093884008,62.12,3.344085363829229,-0.8705018984335389,4.4,-0.56,0.1826713360982999,0.03144,0.0,42.61158635043746,35.68839578040581,5.047101333198864,42.827420074512574,0.14,3.0306463394444747,3.028139404496287,70.16,3.408322426014081,-1.1056191327987883,4.4,-1.08,0.1850337240751161,0.0308,0.0181690519661346
D,2,32000,f56e0ec54e750297f9a5d8138073d9215cfa0d6a9a9f9b1d611850d02a02ef15,-1.529929280281067,-1.4976184368133545,0.2165509760379791,0.2236621975898742,50,45.09688409613409,33.318707961859424,4.711976868041002,45.33445608023908,0.1,3.028847676924597,3.033866747058832,58.88,3.41169429187055,-0.8014625944960508,4.8,-0.32,0.200771984104986,0.0368,0.0,45.54558026992997,34.57905483768464,4.890216832549659,45.80253322130832,0.08,3.0382666501806583,3.052673773070933,64.9,3.6422179900342697,-1.301254414935428,4.7,-1.22,0.2220929513783463,0.0348599999999999,0.0113711101037691
D,2,48000,07592fdd2554da4039b26136e27d1d8a4b06ee3bfc7bba79300beb00ed0c71f8,-1.5460340976715088,-1.5274248123168943,0.2130914032459259,0.2170940041542053,50,44.18886108755642,32.26455043876688,4.562896481437492,44.40583321651383,0.1,3.023738249045421,3.031431732039082,53.34,3.2475183039149798,-0.1498284318924531,4.46,-0.02,0.182952128957415,0.03402,0.0,44.56793380179634,31.10830275245454,4.399378365492949,44.741698198514285,0.06,3.0307453792599506,3.022817678136596,58.82,2.761556181075715,-0.2483120835453337,4.1,-0.38,0.1445443967179508,0.02922,0.0057494237836119
D,2,64000,0e89d8d705fcd78802bccd37aaf017b94da480b2c9853443ff45d16b6e9455da,-1.53346586227417,-1.5401173830032349,0.2157864719629287,0.214355930685997,50,44.49478592064679,32.515037500423695,4.598320701416897,44.721495262071656,0.08,3.0134555677711505,3.0216731803789667,56.78,3.333407789432954,-0.8690361852717614,4.66,-0.94,0.1909693414248577,0.03574,0.0,47.15868934674814,34.171605403386245,4.832594780953056,47.35268724655966,0.06,3.0149951993675894,3.0137791846529187,63.38,3.151874185818676,-0.7908783362091023,3.58,-1.02,0.1723778998115077,0.02162,0.0074038153370318
D,2,80000,aed5812b0c28b3626f3b85ef514b973ca976820cfbe147a5a7b3e7252a0e04d9,-1.54954993724823,-1.5435657501220703,0.2123435288667678,0.2136180251836776,50,45.33615211163386,42.010013927907,5.94111314523287,45.62087081992162,0.16,2.9834510103577845,2.9894030500705493,57.92,3.802994767168063,-1.8675308643431507,5.08,-2.12,0.2432387082877666,0.04148,0.0,37.59323087578129,43.07236839756799,6.091352755137095,37.90074623588866,0.18,2.9877340596310584,2.9877264253870166,63.04,3.970292013915873,-1.920617221077152,5.2,-2.52,0.2649553601073788,0.04256,0.0077471888718953
D,2,96000,da6f927901ac6c5c494114c719477d9df17e4d2cd33e5a9ee584de07b253902f,-1.5664689540863037,-1.5503946542739868,0.2087811082601547,0.2121642082929611,50,47.98940690730507,53.88223170687452,7.620098285079154,48.40695424385044,0.26,2.951676817514869,2.9570108036421865,61.46,4.762280299348564,-3.660962902923386,5.66,-4.58,0.3658073365453681,0.05174,0.0,41.45576789353713,54.29656542685193,7.678693921693209,41.86118950172406,0.24,2.9486410969393644,2.954495178317879,67.0,4.633098874245058,-3.4105952048884194,5.84,-4.64,0.3536216081869372,0.0518,0.0124856559183026
D,2,112000,94addf9b7c501c5080a5b716592d7e03b8594d1d3407357aca0ed4404bda74d9,-1.577556848526001,-1.5713516473770142,0.2064789533615112,0.2077641636133194,50,44.27806936782849,53.129542790230936,7.5136519976626275,44.70458588473076,0.24,2.965961110070034,2.9670711641367413,60.66,4.757290823196182,-3.340527398228705,5.74,-3.78,0.3728565169022537,0.05366,0.0,43.672878753517686,52.05040168021244,7.361038398312377,44.04903451813012,0.18,2.9647349793865727,2.9646196059437857,65.22,4.522422286300511,-3.069918029689087,5.62,-3.46,0.3289757646124356,0.04718,0.0099370503627519
D,2,128000,9f99f1eb2ff4318b58d41193c2bb9b14c4f58685b3f86eb42f7c932ccef27d81,-1.57282292842865,-1.5792524814605713,0.2074587196111679,0.2061291188001632,50,44.04601667459322,54.493027330531966,7.706477830560604,44.45158455629991,0.22,2.939564014471161,2.944993254701774,59.32,4.685101847371956,-3.840476459378664,5.44,-4.08,0.3580478817066778,0.04752,0.0,40.57850246743153,54.313021799337854,7.681021204208915,40.9913444680146,0.2,2.939946753409016,2.9459446853063564,65.32,4.741989022165906,-3.9190226847660017,5.16,-3.92,0.3666420005830783,0.0462,0.0084315479766555
D,2,144000,d8c23b2aadc6bcb89d0496b812ce3fb2b527086d17fb7b0bd6387103cc980086,-1.566736102104187,-1.590799331665039,0.2087253332138061,0.2037626802921295,50,42.592563298519735,64.56408313366576,9.130740200981412,43.12462231085807,0.26,2.905662258290681,2.907668475236818,58.64,5.420458733515047,-4.762472884308334,6.52,-5.6,0.4679390123383362,0.06412,0.0,38.80048149293463,65.87911854862821,9.316714292865496,39.51624788183706,0.26,2.908116590581625,2.9095769184176024,65.12,6.1176623316009815,-5.249774433639617,7.52,-6.04,0.6238863889024392,0.09188,0.0074667081977187
D,2,160000,670e161716b86361e29f79fc956cb6b38b321bfe88847592585c7f32ecd8f8f2,-1.5948666334152222,-1.592070460319519,0.202935591340065,0.20350381731987,50,43.34804166763488,48.32201091498306,6.833764319710977,43.72218077965718,0.18,2.972388248228728,2.9763694819364046,54.76,4.426927299057868,-2.7320733827650248,5.68,-2.32,0.3246591120223129,0.04948,0.0,49.89537529956235,44.2783899586187,6.261909959952323,50.28734099125668,0.12,2.9727156822004672,2.971001487546451,59.28,4.278412826685018,-2.828312337530201,5.52,-2.24,0.3371256916943282,0.05484,0.0045464549336508
D,2,176000,78f22ab85739ca88d6a7331a5cd89e58d89795488524418c7236fe79ae7cfc53,-1.6063563823699951,-1.6087064743041992,0.200617253780365,0.200146347284317,50,45.10928802071696,47.36676682067859,6.698672404356759,45.475807244801565,0.18,2.943138563935995,2.951639521671706,57.72,4.409832163905628,-3.035960641119551,5.56,-3.4,0.3190392240846161,0.04748,0.0,48.73513226222785,46.10539351700864,6.520287281030218,49.09883726513026,0.14,2.9454145031604058,2.950647710257741,63.62,4.354696809976945,-3.229155803836014,5.1,-3.18,0.322085002902417,0.04162,0.0056096910008284
D,2,192000,d95cee3450dc51d842879d7f396c564bb9f1aeffb077f1023e2dca58b4760c0a,-1.6231379508972168,-1.6093275547027588,0.1972786635160446,0.2000220715999603,50,43.83520011419994,49.15550568174976,6.951638280043824,44.212390318105925,0.18,2.9289230440690126,2.9355520020350925,57.2,4.41544227713437,-3.140352186087292,5.64,-4.08,0.3267902039059854,0.0504,0.0,38.7060206994598,50.39869414966947,7.127451679235612,39.080934051244846,0.22,2.933224395062392,2.937639787827092,62.32,4.483942712192857,-3.229836232407119,5.96,-4.12,0.3214733517850377,0.05344,0.0055755780480389
D,2,200000,7b009b3ef3b245c0a533d6832e1fdaf9d2a6a48ef6fe7ba5365d218c98c983c0,-1.641135334968567,-1.6239745616912842,0.1937599182128906,0.1971136927604675,50,43.06971397644373,53.43611646504644,7.557008062541692,43.48512819259778,0.24,2.9085316099903014,2.912135973844295,58.34,4.671732195947652,-3.658957748058545,6.02,-5.02,0.3596742161540379,0.05574,0.0,47.34316610544019,56.49653959098804,7.98981725167238,47.76300010765306,0.22,2.913673283669164,2.9041633754959264,62.14,4.716278455997763,-3.4885711623480287,6.46,-4.86,0.3584940022128677,0.06134,0.0051841636113041
D,3,16000,fc3de93e331988e06e9ba2d33a2ea2d7653303d46618c3e7f27e7ccf45b4224a,-1.5124770402908323,-1.510096549987793,0.220363438129425,0.2208886444568634,50,45.24219616755119,34.86615738432253,4.930819264074375,45.451339382369945,0.1,3.087306431105588,3.0993250016487384,62.66,3.285789976078431,0.3590760800287239,4.46,1.62,0.1770432148187557,0.0321,0.0,41.28132861364472,35.78096685671876,5.060192860359389,41.48638078822378,0.16,3.0955372978104467,3.096747093717572,70.6,3.300752522305729,0.1814745672347578,4.68,1.24,0.1732121745790592,0.03184,0.0173701404485763
D,3,32000,5d32d294626c3d804c36bb64c567371a1e64d0a56663c1ac53a7d0b74d05c228,-1.5301449298858645,-1.5116188526153564,0.2165042906999588,0.2205526530742645,50,43.78509179609082,32.063861468809684,4.5345147751242765,43.977662100313744,0.12,3.071472930319233,3.083432404954129,62.72,3.102371720240054,-0.2036811955335651,4.16,0.4,0.163530304222922,0.02904,0.0,44.34154250671739,32.8457166395403,4.645085793750153,44.54386502266122,0.08,3.0757671121282373,3.0923276389181966,68.8,3.2883858021717924,-0.274972031080946,4.0,0.4,0.176562515943816,0.0257599999999999,0.014035004840509
D,3,48000,c0dfde7d908fd824315106280118bbc2a780d0d763ae48c8e9baa63a2d2911a7,-1.5480189323425293,-1.5498046875,0.2126688659191131,0.212289422750473,50,44.64576575042844,32.31822520000375,4.570487238967324,44.842009426842615,0.1,3.1041074565466977,3.1142898098629104,58.74,3.120394654460966,0.5690263885866461,4.22,1.46,0.168423676414166,0.02782,0.0,46.98275503968228,30.726733093224333,4.345416266785605,47.161875926707296,0.02,3.1038949912924134,3.102415887986962,64.42,2.8290877678382333,0.8398275603951936,4.26,1.98,0.1491808870250081,0.02994,0.0088765973056836
D,3,64000,38eb50629e7246f38f931ccab9980b0df3fe35b3de7a1f4773bf6dc8143ca1b7,-1.5387219190597534,-1.5672041177749634,0.214655265212059,0.2086276710033416,50,43.47761149432752,31.85886048912036,4.505523258546634,43.67068493670238,0.08,3.0910612255774845,3.1003723185461984,60.34,3.06577012583802,0.2475164573915202,4.26,1.14,0.1635734423748559,0.0295,0.0,47.56019651047932,32.48751495253475,4.594428425367337,47.71811382785052,0.08,3.090458456903906,3.0871871930696217,66.98,2.849534863253587,0.3797328081067016,3.5,0.98,0.1390573173712057,0.01886,0.0093836001975399
D,3,80000,3dd12cc47c8e00772a1e81c99b85b2d5a7ece488efcaba97c8b059fa4b06014e,-1.5589189529418943,-1.5732624530792236,0.210363358259201,0.2073675394058227,50,44.51393154227991,32.88003197260284,4.649938714691592,44.70990267588718,0.1,3.1039735713958896,3.109450207730096,62.52,3.1087822492317247,0.6386573782194828,4.16,1.52,0.1674111336072674,0.02856,0.0,36.30241813934293,34.13385931160085,4.827256677460108,36.51450374463042,0.14,3.104235872012359,3.1074023842980325,68.3,3.346388229835645,0.784999286613994,4.38,1.86,0.1815056052874916,0.03058,0.0107924945015361
D,3,96000,087d16fbe826a81dc892ff17fdd674440e053aeddec5aff581dd4f1668947678,-1.5666673183441162,-1.5916208028793335,0.208739697933197,0.2035953551530838,50,44.65699989497444,35.788025134730695,5.061191051608536,44.85692814421846,0.12,3.121984827048552,3.1292945398201573,62.1,3.1203263885362524,0.5759458109426625,4.3,1.62,0.1719082492440131,0.0280199999999999,0.0,44.45987221965685,39.29966628854076,5.557812106199105,44.67905071119747,0.1,3.1126133234550606,3.118577378600032,67.92,3.231644435894678,1.0300445831812757,4.44,1.92,0.1890184915406132,0.03016,0.0117806090815178
D,3,112000,7627b7f57cc30f0d611689715821f962602db803bfabd61172799b9ed455e325,-1.5724750757217407,-1.600146770477295,0.2075309008359909,0.2018668800592422,50,44.88145704116005,36.21870298222913,5.12209809690313,45.08285748148855,0.14,3.0944902030680157,3.0934550787303188,65.68,3.2177352328296838,-0.136589447418328,3.96,0.32,0.1754404403284737,0.02596,0.0,42.19179222911378,33.76820653160433,4.775545565401057,42.39866434829911,0.14,3.084014227469177,3.0914011476227223,71.84,3.240712480262786,0.398946135227712,3.76,0.76,0.184992119185324,0.0218799999999999,0.0150360093058154
D,3,128000,dc16d69a484cbad187e1ebbd020692458ae7c2d8aca3940536dc66aae4c84287,-1.5800085067749023,-1.596324801445007,0.2059733420610427,0.2026398926973343,50,43.24773255675623,37.13935481438703,5.2522979276292645,43.48163707176443,0.12,3.0675934131095968,3.0712042520489256,61.44,3.521398960131333,-0.9046579270533976,4.44,0.04,0.2027045150082086,0.0312,0.0,42.120157408167294,38.84998992154436,5.494218264510609,42.35562527366587,0.12,3.0658998469980663,3.062957670148136,67.84,3.452246201919431,-0.8282310840709326,4.72,0.4,0.2017878654985709,0.03368,0.0091653705138373
D,3,144000,2c1c7e70bf27d7eea51c45ca9da026df621fd3261b82ea27a415e870ffde5e08,-1.5747408866882324,-1.605737566947937,0.2070611864328384,0.2007414400577545,50,46.15347689465417,39.94314460098902,5.6488136818548345,46.40051687669087,0.12,3.0541691778462097,3.0603958023300817,63.04,3.700369166815536,-1.3654308174615268,4.32,-0.76,0.2173599820366965,0.0296799999999999,0.0,43.10395694817804,45.01727296526017,6.366403796852261,43.42109033416464,0.16,3.053626570052585,3.0499201636304463,69.62,3.966918572388048,-1.53342743211057,5.3,-0.78,0.2719133859866026,0.04522,0.0085676504987919
D,3,160000,0bb037e481d4ef7f50a807ea9b28e9e4301760f7e08e7c246a636febfef724f6,-1.5841093063354492,-1.616685152053833,0.2051304131746292,0.1985557973384857,50,44.22389699124996,38.597181428512606,5.458465744557747,44.45769884612584,0.12,3.0305765100484314,3.03465016068411,60.64,3.5324147477241827,-1.397122654775238,4.36,-1.2,0.2025218548758851,0.03128,0.0,49.616739702996846,36.64537517602436,5.182438657218399,49.87886515623009,0.12,3.027884261168606,3.019201567442865,65.66,3.5350571169090323,-1.2219251279321812,4.38,-0.7,0.2231454532332507,0.03898,0.0071874148249031
D,3,176000,cc184dedf7bd553440bb1249c0d83da8d74d1a7036eb0825019c90307a6dec59,-1.5933277606964111,-1.6441251039505005,0.2032481282949447,0.193181499838829,50,45.106529646838105,52.32573146375066,7.399975909712877,45.49948082373727,0.22,2.9482105396219045,2.9570200712085697,62.44,4.495730552379062,-3.286437660098642,5.92,-5.08,0.3353911768991731,0.05756,0.0,45.47965617404084,56.41744287799971,7.978631287247657,45.89932666670857,0.2,2.950952382149707,2.951709296148969,68.84,4.715101788482363,-3.5003708306973293,6.0,-5.0,0.3659104926677126,0.05376,0.0085165398136065
D,3,192000,f46d9dc732115e259dc196288bb6085d82d69ea7f94e404e6ce660940d43f4fa,-1.6105376482009888,-1.6477792263031006,0.1997801661491394,0.1924768686294555,50,43.24439864144669,54.87542310208829,7.760556759193511,43.63634325562654,0.22,2.938174492873362,2.9467817020002878,61.16,4.416150990718032,-3.186917399588003,6.2,-5.6,0.3295046141798498,0.06244,0.0,38.777259301602655,57.03830208199658,8.06643403790931,39.17274544647583,0.22,2.943395494540746,2.9424464738983707,66.64,4.47244366784919,-3.34511462649972,6.72,-5.96,0.3294061448731776,0.06608,0.0089679821342918
D,3,200000,aff6095b8bc895d69851f3a13e5f471187d12ac6a60940765a5efc59b506d584,-1.6287635564804075,-1.6712646484375,0.1961719840764999,0.1880091577768325,50,40.46176746959277,55.41398186829442,7.836720470323875,40.926343471001374,0.24,2.912801670203913,2.9240032445465864,58.46,4.697084652425344,-3.541502450154037,7.02,-6.54,0.3849160014085982,0.07966,0.0,43.81730564860981,61.169899529874286,8.650730152414782,44.26097858444381,0.22,2.916332589986544,2.912423953570384,62.48,4.628837067812424,-3.2771007134988865,7.24,-6.48,0.3647129358340065,0.07896,0.0069725394159956
D,4,16000,35ee3bc7fe2bcef1cb74aac5b615dd25368fb413ce60e9a2a55fc5f196c6dbab,-1.5229507684707642,-1.5210530757904053,0.2180674523115158,0.2184816747903823,50,46.69732597434238,41.2712583135311,5.836637324319903,46.958658695230085,0.1,3.1580756208535705,3.1621115444493286,66.18,3.627425171244551,1.3285857864894766,5.46,3.74,0.2181127208877135,0.0432199999999999,0.0,39.9285788419993,40.59254507852087,5.740652778128545,40.21042710723557,0.16,3.1586731065855718,3.1574377857471747,75.0,3.7139064072798416,1.5330661454936814,5.84,4.24,0.2309682652362606,0.05088,0.0220851836077929
D,4,32000,0b5d65700b51cb3a857ce70279c55304b45465da6a496159abcc4b2e630a6b41,-1.5398306846618652,-1.530081033706665,0.2144173979759216,0.2165181040763855,50,45.19791586402116,42.4627052860939,6.005133371064571,45.47571634390716,0.1,3.168450512244466,3.173578629456123,65.22,3.67073348192273,1.5901320018555782,5.74,3.94,0.2303404798860099,0.0474599999999999,0.0,44.51030123369031,36.32729285249616,5.137455023629928,44.84215465897709,0.14,3.1662029568557317,3.176824241901701,72.04,3.9025998281266574,1.893558961926928,5.68,4.44,0.280373425286785,0.05148,0.014421174129942
D,4,48000,747d0b17b29934b5a80cf5eb122e39aceb20287d642be354924f2fd0eec0779e,-1.561769723892212,-1.559890866279602,0.2097645103931427,0.2101590037345886,50,48.4323265401621,54.68735605657069,7.733960062552869,48.92110288354779,0.18,3.237556126605889,3.243603564277444,63.56,4.972844445114368,4.074271417112892,8.04,7.24,0.4006163433856839,0.08816,0.0,47.84905960602804,53.14386133425227,7.515676945577469,48.39558318010536,0.16,3.233409038746345,3.231880091457386,70.12,5.273001249261796,4.678739832186596,8.64,8.12,0.4476035740773229,0.09892,0.0131607831635445
D,4,64000,94378c570c45eecdd818b5bd86afcb7722e5394e0a746c44d2a8f6e04a21b664,-1.5529801845550537,-1.5795954465866089,0.2116163522005081,0.2060584425926208,50,47.617442686173966,57.66449596912599,8.154991226694664,48.141163683685335,0.18,3.267350895293872,3.270721821089483,57.7,5.047466612779633,4.251897921719638,8.66,8.14,0.423300997511378,0.10042,0.0,46.07021234675467,55.10334651783745,7.792789997766998,46.538669928638775,0.18,3.2637842204828376,3.262222132209258,64.12,4.986987925515926,4.458942855807861,8.64,8.48,0.3780175818841102,0.09044,0.0067445045676449
D,4,80000,98204ebf43d1db8d2e0b79141934e1f6c9d8cc30222f76a5bcea91d79a1da8e1,-1.5824230909347534,-1.586381912231445,0.2054766118526458,0.2046647816896438,50,48.19585844061317,50.10115616462883,7.085373453859049,48.60663544536661,0.12,3.2316371437035247,3.23712821084,59.92,4.4369979290395545,3.239419917945773,7.4,6.56,0.3318170047534401,0.07896,0.0,41.8743441422553,52.02186487438708,7.357002684529873,42.33953412915312,0.2,3.228112928878439,3.225951056385004,65.3,4.76835044918846,3.729154035427381,8.3,7.74,0.3707699868978173,0.09442,0.0077078143278157
D,4,96000,54487be7a5ccc2cc65f05ca1aa125ae1246ca3bb279db95387f8ab50819e389d,-1.5854825973510742,-1.6117088794708252,0.2048488855361938,0.1995463073253631,50,45.81785548333875,47.97167280285665,6.784219028752442,46.171251510773246,0.12,3.219700618389692,3.226838933276745,60.32,4.1518744163565655,2.60383290359674,6.52,5.4,0.2896760274344904,0.06372,0.0,46.124243025906274,48.57273002795505,6.869221356702091,46.53228321924244,0.16,3.2137167963309143,3.2185661185698136,66.7,4.39085020036906,3.09292767092043,7.26,6.18,0.3354201933361619,0.0726199999999999,0.0090755828100303
D,4,112000,e75a2c36b1aad1f3f8eaebfd1ea694f17e5ff711ab717bc8bd300d0e1f357344,-1.5941158533096311,-1.6219656467437744,0.2030880153179168,0.1975100636482238,50,46.04645931586336,46.480852945727214,6.573385262651685,46.39310832613608,0.16,3.2031967029439694,3.208228030255109,58.92,4.109779065393289,2.249416710570711,6.36,4.72,0.28420901027272,0.06244,0.0,44.819731595870245,50.345174285902814,7.119882827516096,45.22346178365645,0.16,3.1967478397852807,3.19235748402876,64.9,4.43770278929621,2.951418082604372,6.5,5.38,0.3419501877861954,0.06178,0.0078634661899697
D,4,128000,c42d58818fbd61a9c6a12e34957833cf3f1e8c49214ecd54446d9e8e3b1d3a69,-1.5981149673461914,-1.6122854948043823,0.2022774517536163,0.199431300163269,50,43.89643942851576,40.93348249666976,5.788868610195206,44.19442673114336,0.16,3.1484059942358917,3.148337269725695,60.0,3.7673192725148033,0.5636291383626275,5.56,2.48,0.2501473026275936,0.04784,0.0,42.47195376277184,38.58015832546101,5.456058314236824,42.77535331950489,0.14,3.1449679109126065,3.1409620651385497,66.22,3.7558286998957113,0.9527199305167952,6.26,3.7,0.2453395567330336,0.05806,0.0085733875392211
D,4,144000,4b07734e861f8752d872421fb36c2ceb835789aa3373b5ad8e73c4d178b8f4fd,-1.6000670194625854,-1.6177102327346802,0.2018829882144928,0.1983523666858673,50,41.812403576936966,39.08524575602928,5.527488463686206,42.06626241860433,0.16,3.1076729888974683,3.10461587857188,61.72,3.654075326193484,-0.1689824152027547,4.84,1.28,0.2184588416673587,0.0354,0.0,46.02753749175566,44.66070111896264,6.315976922752822,46.36689114931345,0.14,3.1049734357978376,3.1007820938771258,67.72,3.956120349492886,-0.1311637285666502,6.08,1.4,0.279593657557784,0.05976,0.0078826315091718
D,4,160000,75570269df70386b254dae2335065a6cb93327c942afc5691ab90728759e3ee3,-1.6035255193710327,-1.631336688995361,0.2011859863996505,0.1956678479909896,50,46.78555605729871,36.858014816322,5.212510443539105,47.05461323230231,0.08,3.106960174144982,3.10600593144863,58.12,3.5969041624755764,0.4403336494651108,5.24,1.88,0.2259371750036008,0.04312,0.0,50.2402496314019,37.33223129851503,5.27957478160093,50.563128142174016,0.1,3.1063951325940877,3.103160991717342,62.58,4.102786173401327,0.7289660398379642,5.86,2.78,0.2685785107721139,0.0542999999999999,0.0053053624885519
D,4,176000,a5ca6d8166c64fd4e4ab3a3dc5d9f0179ac990e49ec191d99fdb79eabd64b57f,-1.6183191537857056,-1.649571657180786,0.1982316076755523,0.1921321898698806,50,44.16836167376585,34.21968481464096,4.839394236499789,44.38894342241,0.08,3.0621796685431413,3.063860225959627,56.9,3.3468608159805,-0.2834197895084369,4.46,0.14,0.1892817486441606,0.0313,0.0,45.47079560327535,39.62370314911927,5.603637838492999,45.69079445921733,0.12,3.063100069785869,3.063156390073983,62.34,3.394758977956667,-0.2797034551775914,4.14,0.86,0.1936588559419957,0.02634,0.0043988213663824
D,4,192000,33100dc87942b1453e4d7f1c040a7940058d808e5f914380a038512bd68b806d,-1.6492724418640137,-1.6516008377075195,0.1921896785497665,0.1917427033185959,50,45.86406454905251,36.892926776624826,5.217447740314034,46.12582314713349,0.08,3.107400784783221,3.108710861023748,54.72,3.558259926530782,0.7086215283330968,5.16,1.4,0.2195185980809647,0.04224,0.0,40.22062807978487,35.345812345976626,4.998652719277453,40.46254471943387,0.16,3.109191831949423,3.113948551526696,59.38,3.3897844445351963,0.7482263936693999,4.86,1.62,0.2018566396490089,0.04006,0.0035316853414733
D,4,200000,c7cbc7eb88d19b58cd5a3e6f013d35f4bf1ac82939d0fb49645c2bfe2a9bb327,-1.665657639503479,-1.668553352355957,0.1890662610530853,0.1885195821523666,50,42.44700553950325,37.41843170869191,5.291765360516356,42.73127090503761,0.08,3.1003257107508726,3.107121261237527,52.38,3.6904266344002328,0.8288128958926877,5.38,1.18,0.2388853655343627,0.04538,0.0,45.71851409241922,46.3827793058751,6.559515555492669,46.01189706222319,0.1,3.1045269184129314,3.0999589331261337,56.68,3.791724555745984,1.09731819767118,5.48,1.6,0.2453829698039862,0.048,0.0032141579397893
