penalty_calibration,architecture,learner_seed,time,mean_signed_inventory,mean_abs_inventory
original,hamilton_ppo,0,0.0,0.0,0.0
original,hamilton_ppo,0,0.005,0.03,0.154
original,hamilton_ppo,0,0.01,0.076,0.304
original,hamilton_ppo,0,0.015,0.1,0.428
original,hamilton_ppo,0,0.02,0.094,0.558
original,hamilton_ppo,0,0.025,0.104,0.652
original,hamilton_ppo,0,0.03,0.14,0.78
original,hamilton_ppo,0,0.035,0.14,0.844
original,hamilton_ppo,0,0.04,0.16,0.932
original,hamilton_ppo,0,0.045,0.172,0.996
original,hamilton_ppo,0,0.05,0.194,1.074
original,hamilton_ppo,0,0.055,0.214,1.138
original,hamilton_ppo,0,0.06,0.242,1.19
original,hamilton_ppo,0,0.065,0.276,1.228
original,hamilton_ppo,0,0.07,0.31,1.286
original,hamilton_ppo,0,0.075,0.346,1.334
original,hamilton_ppo,0,0.08,0.366,1.39
original,hamilton_ppo,0,0.085,0.364,1.42
original,hamilton_ppo,0,0.09,0.368,1.44
original,hamilton_ppo,0,0.095,0.39,1.518
original,hamilton_ppo,0,0.1,0.402,1.558
original,hamilton_ppo,0,0.105,0.458,1.626
original,hamilton_ppo,0,0.11,0.482,1.642
original,hamilton_ppo,0,0.115,0.508,1.672
original,hamilton_ppo,0,0.12,0.536,1.704
original,hamilton_ppo,0,0.125,0.546,1.742
original,hamilton_ppo,0,0.13,0.566,1.798
original,hamilton_ppo,0,0.135,0.608,1.828
original,hamilton_ppo,0,0.14,0.642,1.874
original,hamilton_ppo,0,0.145,0.654,1.902
original,hamilton_ppo,0,0.15,0.618,1.91
original,hamilton_ppo,0,0.155,0.656,1.98
original,hamilton_ppo,0,0.16,0.728,2.044
original,hamilton_ppo,0,0.165,0.746,2.078
original,hamilton_ppo,0,0.17,0.72,2.116
original,hamilton_ppo,0,0.17500000000000002,0.736,2.18
original,hamilton_ppo,0,0.18,0.77,2.194
original,hamilton_ppo,0,0.185,0.788,2.2
original,hamilton_ppo,0,0.19,0.828,2.244
original,hamilton_ppo,0,0.195,0.824,2.296
original,hamilton_ppo,0,0.2,0.862,2.326
original,hamilton_ppo,0,0.20500000000000002,0.88,2.336
original,hamilton_ppo,0,0.21,0.912,2.376
original,hamilton_ppo,0,0.215,0.93,2.406
original,hamilton_ppo,0,0.22,0.94,2.476
original,hamilton_ppo,0,0.225,0.966,2.526
original,hamilton_ppo,0,0.23,0.978,2.526
original,hamilton_ppo,0,0.23500000000000001,1.004,2.524
original,hamilton_ppo,0,0.24,1.028,2.576
original,hamilton_ppo,0,0.245,1.034,2.634
original,hamilton_ppo,0,0.25,1.062,2.65
original,hamilton_ppo,0,0.255,1.072,2.672
original,hamilton_ppo,0,0.26,1.112,2.708
original,hamilton_ppo,0,0.265,1.128,2.744
original,hamilton_ppo,0,0.27,1.15,2.75
original,hamilton_ppo,0,0.275,1.186,2.802
original,hamilton_ppo,0,0.28,1.18,2.832
original,hamilton_ppo,0,0.28500000000000003,1.214,2.862
original,hamilton_ppo,0,0.29,1.27,2.918
original,hamilton_ppo,0,0.295,1.266,2.942
original,hamilton_ppo,0,0.3,1.294,2.994
original,hamilton_ppo,0,0.305,1.324,3.036
original,hamilton_ppo,0,0.31,1.356,3.056
original,hamilton_ppo,0,0.315,1.376,3.084
original,hamilton_ppo,0,0.32,1.4,3.104
original,hamilton_ppo,0,0.325,1.428,3.112
original,hamilton_ppo,0,0.33,1.476,3.112
original,hamilton_ppo,0,0.335,1.488,3.14
original,hamilton_ppo,0,0.34,1.494,3.162
original,hamilton_ppo,0,0.34500000000000003,1.506,3.194
original,hamilton_ppo,0,0.35000000000000003,1.528,3.24
original,hamilton_ppo,0,0.355,1.512,3.276
original,hamilton_ppo,0,0.36,1.54,3.324
original,hamilton_ppo,0,0.365,1.58,3.364
original,hamilton_ppo,0,0.37,1.58,3.408
original,hamilton_ppo,0,0.375,1.582,3.454
original,hamilton_ppo,0,0.38,1.608,3.488
original,hamilton_ppo,0,0.385,1.61,3.51
original,hamilton_ppo,0,0.39,1.63,3.514
original,hamilton_ppo,0,0.395,1.666,3.574
original,hamilton_ppo,0,0.4,1.706,3.606
original,hamilton_ppo,0,0.405,1.688,3.62
original,hamilton_ppo,0,0.41000000000000003,1.674,3.618
original,hamilton_ppo,0,0.41500000000000004,1.736,3.664
original,hamilton_ppo,0,0.42,1.738,3.65
original,hamilton_ppo,0,0.425,1.752,3.684
original,hamilton_ppo,0,0.43,1.802,3.758
original,hamilton_ppo,0,0.435,1.8,3.78
original,hamilton_ppo,0,0.44,1.786,3.766
original,hamilton_ppo,0,0.445,1.81,3.79
original,hamilton_ppo,0,0.45,1.818,3.802
original,hamilton_ppo,0,0.455,1.842,3.878
original,hamilton_ppo,0,0.46,1.888,3.908
original,hamilton_ppo,0,0.465,1.92,3.952
original,hamilton_ppo,0,0.47000000000000003,1.944,3.98
original,hamilton_ppo,0,0.47500000000000003,1.932,4.012
original,hamilton_ppo,0,0.48,1.926,4.058
original,hamilton_ppo,0,0.485,1.924,4.072
original,hamilton_ppo,0,0.49,1.984,4.128
original,hamilton_ppo,0,0.495,1.994,4.194
original,hamilton_ppo,0,0.5,2.044,4.252
original,hamilton_ppo,0,0.505,2.088,4.268
original,hamilton_ppo,0,0.51,2.09,4.31
original,hamilton_ppo,0,0.515,2.128,4.316
original,hamilton_ppo,0,0.52,2.192,4.336
original,hamilton_ppo,0,0.525,2.222,4.374
original,hamilton_ppo,0,0.53,2.256,4.424
original,hamilton_ppo,0,0.535,2.26,4.48
original,hamilton_ppo,0,0.54,2.274,4.494
original,hamilton_ppo,0,0.545,2.314,4.526
original,hamilton_ppo,0,0.55,2.314,4.57
original,hamilton_ppo,0,0.555,2.318,4.598
original,hamilton_ppo,0,0.56,2.276,4.612
original,hamilton_ppo,0,0.5650000000000001,2.278,4.63
original,hamilton_ppo,0,0.5700000000000001,2.296,4.672
original,hamilton_ppo,0,0.5750000000000001,2.324,4.708
original,hamilton_ppo,0,0.58,2.328,4.732
original,hamilton_ppo,0,0.585,2.362,4.758
original,hamilton_ppo,0,0.59,2.4,4.748
original,hamilton_ppo,0,0.595,2.466,4.79
original,hamilton_ppo,0,0.6,2.48,4.832
original,hamilton_ppo,0,0.605,2.462,4.838
original,hamilton_ppo,0,0.61,2.496,4.852
original,hamilton_ppo,0,0.615,2.516,4.88
original,hamilton_ppo,0,0.62,2.52,4.896
original,hamilton_ppo,0,0.625,2.568,4.952
original,hamilton_ppo,0,0.63,2.598,4.99
original,hamilton_ppo,0,0.635,2.612,5.028
original,hamilton_ppo,0,0.64,2.63,5.066
original,hamilton_ppo,0,0.645,2.626,5.098
original,hamilton_ppo,0,0.65,2.616,5.104
original,hamilton_ppo,0,0.655,2.626,5.15
original,hamilton_ppo,0,0.66,2.626,5.166
original,hamilton_ppo,0,0.665,2.654,5.21
original,hamilton_ppo,0,0.67,2.674,5.246
original,hamilton_ppo,0,0.675,2.736,5.276
original,hamilton_ppo,0,0.68,2.778,5.318
original,hamilton_ppo,0,0.685,2.818,5.358
original,hamilton_ppo,0,0.6900000000000001,2.856,5.4
original,hamilton_ppo,0,0.6950000000000001,2.87,5.442
original,hamilton_ppo,0,0.7000000000000001,2.874,5.462
original,hamilton_ppo,0,0.705,2.9,5.488
original,hamilton_ppo,0,0.71,2.91,5.522
original,hamilton_ppo,0,0.715,2.914,5.53
original,hamilton_ppo,0,0.72,2.932,5.56
original,hamilton_ppo,0,0.725,2.968,5.588
original,hamilton_ppo,0,0.73,2.966,5.622
original,hamilton_ppo,0,0.735,2.96,5.64
original,hamilton_ppo,0,0.74,2.982,5.678
original,hamilton_ppo,0,0.745,3.014,5.734
original,hamilton_ppo,0,0.75,3.028,5.772
original,hamilton_ppo,0,0.755,3.036,5.804
original,hamilton_ppo,0,0.76,3.082,5.838
original,hamilton_ppo,0,0.765,3.094,5.846
original,hamilton_ppo,0,0.77,3.118,5.866
original,hamilton_ppo,0,0.775,3.148,5.9
original,hamilton_ppo,0,0.78,3.152,5.904
original,hamilton_ppo,0,0.785,3.162,5.906
original,hamilton_ppo,0,0.79,3.202,5.95
original,hamilton_ppo,0,0.795,3.21,5.986
original,hamilton_ppo,0,0.8,3.254,6.042
original,hamilton_ppo,0,0.805,3.25,6.034
original,hamilton_ppo,0,0.81,3.282,6.086
original,hamilton_ppo,0,0.8150000000000001,3.33,6.118
original,hamilton_ppo,0,0.8200000000000001,3.4,6.208
original,hamilton_ppo,0,0.8250000000000001,3.446,6.25
original,hamilton_ppo,0,0.8300000000000001,3.414,6.266
original,hamilton_ppo,0,0.835,3.41,6.258
original,hamilton_ppo,0,0.84,3.428,6.304
original,hamilton_ppo,0,0.845,3.478,6.354
original,hamilton_ppo,0,0.85,3.49,6.402
original,hamilton_ppo,0,0.855,3.518,6.454
original,hamilton_ppo,0,0.86,3.524,6.5
original,hamilton_ppo,0,0.865,3.514,6.546
original,hamilton_ppo,0,0.87,3.562,6.594
original,hamilton_ppo,0,0.875,3.602,6.598
original,hamilton_ppo,0,0.88,3.628,6.596
original,hamilton_ppo,0,0.885,3.614,6.602
original,hamilton_ppo,0,0.89,3.608,6.64
original,hamilton_ppo,0,0.895,3.632,6.668
original,hamilton_ppo,0,0.9,3.682,6.71
original,hamilton_ppo,0,0.905,3.728,6.752
original,hamilton_ppo,0,0.91,3.764,6.816
original,hamilton_ppo,0,0.915,3.814,6.858
original,hamilton_ppo,0,0.92,3.814,6.882
original,hamilton_ppo,0,0.925,3.866,6.918
original,hamilton_ppo,0,0.93,3.91,6.982
original,hamilton_ppo,0,0.935,3.936,7.004
original,hamilton_ppo,0,0.9400000000000001,3.964,7.008
original,hamilton_ppo,0,0.9450000000000001,4.0,7.064
original,hamilton_ppo,0,0.9500000000000001,4.032,7.124
original,hamilton_ppo,0,0.9550000000000001,4.058,7.146
original,hamilton_ppo,0,0.96,4.058,7.162
original,hamilton_ppo,0,0.965,4.086,7.186
original,hamilton_ppo,0,0.97,4.148,7.26
original,hamilton_ppo,0,0.975,4.142,7.266
original,hamilton_ppo,0,0.98,4.146,7.31
original,hamilton_ppo,0,0.985,4.166,7.314
original,hamilton_ppo,0,0.99,4.172,7.304
original,hamilton_ppo,0,0.995,4.172,7.332
original,hamilton_ppo,0,1.0,4.2,7.344
original,hamilton_ppo,1,0.0,0.0,0.0
original,hamilton_ppo,1,0.005,0.044,0.164
original,hamilton_ppo,1,0.01,0.1,0.324
original,hamilton_ppo,1,0.015,0.124,0.452
original,hamilton_ppo,1,0.02,0.138,0.586
original,hamilton_ppo,1,0.025,0.158,0.682
original,hamilton_ppo,1,0.03,0.192,0.816
original,hamilton_ppo,1,0.035,0.198,0.874
original,hamilton_ppo,1,0.04,0.236,0.968
original,hamilton_ppo,1,0.045,0.254,1.038
original,hamilton_ppo,1,0.05,0.282,1.114
original,hamilton_ppo,1,0.055,0.308,1.188
original,hamilton_ppo,1,0.06,0.344,1.264
original,hamilton_ppo,1,0.065,0.39,1.31
original,hamilton_ppo,1,0.07,0.428,1.38
original,hamilton_ppo,1,0.075,0.468,1.432
original,hamilton_ppo,1,0.08,0.506,1.502
original,hamilton_ppo,1,0.085,0.498,1.534
original,hamilton_ppo,1,0.09,0.506,1.566
original,hamilton_ppo,1,0.095,0.532,1.644
original,hamilton_ppo,1,0.1,0.548,1.688
original,hamilton_ppo,1,0.105,0.612,1.756
original,hamilton_ppo,1,0.11,0.648,1.784
original,hamilton_ppo,1,0.115,0.684,1.836
original,hamilton_ppo,1,0.12,0.724,1.864
original,hamilton_ppo,1,0.125,0.744,1.932
original,hamilton_ppo,1,0.13,0.776,1.984
original,hamilton_ppo,1,0.135,0.83,2.018
original,hamilton_ppo,1,0.14,0.858,2.07
original,hamilton_ppo,1,0.145,0.878,2.094
original,hamilton_ppo,1,0.15,0.854,2.094
original,hamilton_ppo,1,0.155,0.886,2.158
original,hamilton_ppo,1,0.16,0.96,2.228
original,hamilton_ppo,1,0.165,0.98,2.256
original,hamilton_ppo,1,0.17,0.966,2.294
original,hamilton_ppo,1,0.17500000000000002,0.984,2.368
original,hamilton_ppo,1,0.18,1.026,2.398
original,hamilton_ppo,1,0.185,1.054,2.418
original,hamilton_ppo,1,0.19,1.098,2.466
original,hamilton_ppo,1,0.195,1.096,2.516
original,hamilton_ppo,1,0.2,1.132,2.548
original,hamilton_ppo,1,0.20500000000000002,1.156,2.564
original,hamilton_ppo,1,0.21,1.2,2.624
original,hamilton_ppo,1,0.215,1.234,2.666
original,hamilton_ppo,1,0.22,1.256,2.732
original,hamilton_ppo,1,0.225,1.282,2.782
original,hamilton_ppo,1,0.23,1.306,2.794
original,hamilton_ppo,1,0.23500000000000001,1.334,2.802
original,hamilton_ppo,1,0.24,1.366,2.87
original,hamilton_ppo,1,0.245,1.378,2.946
original,hamilton_ppo,1,0.25,1.408,2.972
original,hamilton_ppo,1,0.255,1.424,3.0
original,hamilton_ppo,1,0.26,1.46,3.044
original,hamilton_ppo,1,0.265,1.472,3.084
original,hamilton_ppo,1,0.27,1.506,3.102
original,hamilton_ppo,1,0.275,1.554,3.166
original,hamilton_ppo,1,0.28,1.542,3.21
original,hamilton_ppo,1,0.28500000000000003,1.584,3.26
original,hamilton_ppo,1,0.29,1.636,3.316
original,hamilton_ppo,1,0.295,1.638,3.354
original,hamilton_ppo,1,0.3,1.668,3.4
original,hamilton_ppo,1,0.305,1.694,3.446
original,hamilton_ppo,1,0.31,1.728,3.468
original,hamilton_ppo,1,0.315,1.75,3.514
original,hamilton_ppo,1,0.32,1.786,3.586
original,hamilton_ppo,1,0.325,1.798,3.602
original,hamilton_ppo,1,0.33,1.84,3.604
original,hamilton_ppo,1,0.335,1.85,3.642
original,hamilton_ppo,1,0.34,1.864,3.66
original,hamilton_ppo,1,0.34500000000000003,1.87,3.698
original,hamilton_ppo,1,0.35000000000000003,1.89,3.746
original,hamilton_ppo,1,0.355,1.876,3.792
original,hamilton_ppo,1,0.36,1.898,3.866
original,hamilton_ppo,1,0.365,1.932,3.912
original,hamilton_ppo,1,0.37,1.938,3.95
original,hamilton_ppo,1,0.375,1.948,3.992
original,hamilton_ppo,1,0.38,1.97,4.026
original,hamilton_ppo,1,0.385,1.98,4.072
original,hamilton_ppo,1,0.39,2.006,4.066
original,hamilton_ppo,1,0.395,2.03,4.138
original,hamilton_ppo,1,0.4,2.064,4.18
original,hamilton_ppo,1,0.405,2.056,4.208
original,hamilton_ppo,1,0.41000000000000003,2.056,4.224
original,hamilton_ppo,1,0.41500000000000004,2.1,4.268
original,hamilton_ppo,1,0.42,2.11,4.282
original,hamilton_ppo,1,0.425,2.124,4.336
original,hamilton_ppo,1,0.43,2.162,4.414
original,hamilton_ppo,1,0.435,2.158,4.45
original,hamilton_ppo,1,0.44,2.156,4.48
original,hamilton_ppo,1,0.445,2.172,4.524
original,hamilton_ppo,1,0.45,2.17,4.55
original,hamilton_ppo,1,0.455,2.186,4.63
original,hamilton_ppo,1,0.46,2.218,4.666
original,hamilton_ppo,1,0.465,2.24,4.7
original,hamilton_ppo,1,0.47000000000000003,2.26,4.724
original,hamilton_ppo,1,0.47500000000000003,2.242,4.754
original,hamilton_ppo,1,0.48,2.23,4.794
original,hamilton_ppo,1,0.485,2.228,4.804
original,hamilton_ppo,1,0.49,2.284,4.876
original,hamilton_ppo,1,0.495,2.294,4.93
original,hamilton_ppo,1,0.5,2.334,4.974
original,hamilton_ppo,1,0.505,2.378,4.998
original,hamilton_ppo,1,0.51,2.374,5.038
original,hamilton_ppo,1,0.515,2.402,5.062
original,hamilton_ppo,1,0.52,2.46,5.1
original,hamilton_ppo,1,0.525,2.486,5.142
original,hamilton_ppo,1,0.53,2.508,5.196
original,hamilton_ppo,1,0.535,2.492,5.232
original,hamilton_ppo,1,0.54,2.512,5.268
original,hamilton_ppo,1,0.545,2.552,5.304
original,hamilton_ppo,1,0.55,2.54,5.336
original,hamilton_ppo,1,0.555,2.546,5.382
original,hamilton_ppo,1,0.56,2.502,5.382
original,hamilton_ppo,1,0.5650000000000001,2.5,5.412
original,hamilton_ppo,1,0.5700000000000001,2.512,5.476
original,hamilton_ppo,1,0.5750000000000001,2.53,5.538
original,hamilton_ppo,1,0.58,2.526,5.582
original,hamilton_ppo,1,0.585,2.558,5.614
original,hamilton_ppo,1,0.59,2.588,5.62
original,hamilton_ppo,1,0.595,2.65,5.67
original,hamilton_ppo,1,0.6,2.646,5.702
original,hamilton_ppo,1,0.605,2.624,5.744
original,hamilton_ppo,1,0.61,2.646,5.782
original,hamilton_ppo,1,0.615,2.654,5.822
original,hamilton_ppo,1,0.62,2.646,5.822
original,hamilton_ppo,1,0.625,2.686,5.878
original,hamilton_ppo,1,0.63,2.704,5.908
original,hamilton_ppo,1,0.635,2.716,5.948
original,hamilton_ppo,1,0.64,2.73,5.986
original,hamilton_ppo,1,0.645,2.716,6.012
original,hamilton_ppo,1,0.65,2.692,6.012
original,hamilton_ppo,1,0.655,2.698,6.054
original,hamilton_ppo,1,0.66,2.688,6.104
original,hamilton_ppo,1,0.665,2.702,6.15
original,hamilton_ppo,1,0.67,2.722,6.214
original,hamilton_ppo,1,0.675,2.76,6.244
original,hamilton_ppo,1,0.68,2.788,6.288
original,hamilton_ppo,1,0.685,2.814,6.338
original,hamilton_ppo,1,0.6900000000000001,2.836,6.372
original,hamilton_ppo,1,0.6950000000000001,2.842,6.406
original,hamilton_ppo,1,0.7000000000000001,2.83,6.414
original,hamilton_ppo,1,0.705,2.844,6.46
original,hamilton_ppo,1,0.71,2.844,6.488
original,hamilton_ppo,1,0.715,2.83,6.498
original,hamilton_ppo,1,0.72,2.83,6.542
original,hamilton_ppo,1,0.725,2.854,6.57
original,hamilton_ppo,1,0.73,2.828,6.608
original,hamilton_ppo,1,0.735,2.808,6.632
original,hamilton_ppo,1,0.74,2.808,6.692
original,hamilton_ppo,1,0.745,2.824,6.752
original,hamilton_ppo,1,0.75,2.828,6.788
original,hamilton_ppo,1,0.755,2.812,6.828
original,hamilton_ppo,1,0.76,2.85,6.854
original,hamilton_ppo,1,0.765,2.836,6.88
original,hamilton_ppo,1,0.77,2.838,6.898
original,hamilton_ppo,1,0.775,2.854,6.966
original,hamilton_ppo,1,0.78,2.84,6.972
original,hamilton_ppo,1,0.785,2.826,6.962
original,hamilton_ppo,1,0.79,2.84,7.012
original,hamilton_ppo,1,0.795,2.828,7.084
original,hamilton_ppo,1,0.8,2.842,7.106
original,hamilton_ppo,1,0.805,2.81,7.118
original,hamilton_ppo,1,0.81,2.83,7.17
original,hamilton_ppo,1,0.8150000000000001,2.856,7.204
original,hamilton_ppo,1,0.8200000000000001,2.892,7.264
original,hamilton_ppo,1,0.8250000000000001,2.91,7.31
original,hamilton_ppo,1,0.8300000000000001,2.846,7.338
original,hamilton_ppo,1,0.835,2.824,7.328
original,hamilton_ppo,1,0.84,2.832,7.364
original,hamilton_ppo,1,0.845,2.868,7.42
original,hamilton_ppo,1,0.85,2.858,7.47
original,hamilton_ppo,1,0.855,2.86,7.528
original,hamilton_ppo,1,0.86,2.844,7.556
original,hamilton_ppo,1,0.865,2.82,7.6
original,hamilton_ppo,1,0.87,2.838,7.622
original,hamilton_ppo,1,0.875,2.838,7.646
original,hamilton_ppo,1,0.88,2.842,7.662
original,hamilton_ppo,1,0.885,2.798,7.682
original,hamilton_ppo,1,0.89,2.78,7.712
original,hamilton_ppo,1,0.895,2.768,7.728
original,hamilton_ppo,1,0.9,2.798,7.766
original,hamilton_ppo,1,0.905,2.81,7.794
original,hamilton_ppo,1,0.91,2.81,7.866
original,hamilton_ppo,1,0.915,2.812,7.884
original,hamilton_ppo,1,0.92,2.782,7.926
original,hamilton_ppo,1,0.925,2.796,7.952
original,hamilton_ppo,1,0.93,2.784,8.02
original,hamilton_ppo,1,0.935,2.78,8.076
original,hamilton_ppo,1,0.9400000000000001,2.776,8.076
original,hamilton_ppo,1,0.9450000000000001,2.788,8.132
original,hamilton_ppo,1,0.9500000000000001,2.784,8.192
original,hamilton_ppo,1,0.9550000000000001,2.758,8.23
original,hamilton_ppo,1,0.96,2.736,8.268
original,hamilton_ppo,1,0.965,2.73,8.282
original,hamilton_ppo,1,0.97,2.754,8.354
original,hamilton_ppo,1,0.975,2.736,8.38
original,hamilton_ppo,1,0.98,2.714,8.422
original,hamilton_ppo,1,0.985,2.698,8.426
original,hamilton_ppo,1,0.99,2.672,8.44
original,hamilton_ppo,1,0.995,2.644,8.492
original,hamilton_ppo,1,1.0,2.63,8.526
original,hamilton_ppo,2,0.0,0.0,0.0
original,hamilton_ppo,2,0.005,0.03,0.162
original,hamilton_ppo,2,0.01,0.078,0.318
original,hamilton_ppo,2,0.015,0.102,0.434
original,hamilton_ppo,2,0.02,0.1,0.552
original,hamilton_ppo,2,0.025,0.12,0.656
original,hamilton_ppo,2,0.03,0.158,0.762
original,hamilton_ppo,2,0.035,0.16,0.832
original,hamilton_ppo,2,0.04,0.182,0.91
original,hamilton_ppo,2,0.045,0.184,0.984
original,hamilton_ppo,2,0.05,0.198,1.042
original,hamilton_ppo,2,0.055,0.214,1.098
original,hamilton_ppo,2,0.06,0.242,1.162
original,hamilton_ppo,2,0.065,0.276,1.2
original,hamilton_ppo,2,0.07,0.31,1.262
original,hamilton_ppo,2,0.075,0.334,1.334
original,hamilton_ppo,2,0.08,0.364,1.408
original,hamilton_ppo,2,0.085,0.376,1.448
original,hamilton_ppo,2,0.09,0.372,1.476
original,hamilton_ppo,2,0.095,0.402,1.546
original,hamilton_ppo,2,0.1,0.428,1.632
original,hamilton_ppo,2,0.105,0.478,1.714
original,hamilton_ppo,2,0.11,0.486,1.738
original,hamilton_ppo,2,0.115,0.506,1.762
original,hamilton_ppo,2,0.12,0.54,1.808
original,hamilton_ppo,2,0.125,0.544,1.848
original,hamilton_ppo,2,0.13,0.564,1.904
original,hamilton_ppo,2,0.135,0.608,1.944
original,hamilton_ppo,2,0.14,0.636,1.988
original,hamilton_ppo,2,0.145,0.636,1.992
original,hamilton_ppo,2,0.15,0.596,2.008
original,hamilton_ppo,2,0.155,0.624,2.084
original,hamilton_ppo,2,0.16,0.694,2.126
original,hamilton_ppo,2,0.165,0.712,2.196
original,hamilton_ppo,2,0.17,0.682,2.246
original,hamilton_ppo,2,0.17500000000000002,0.718,2.334
original,hamilton_ppo,2,0.18,0.748,2.352
original,hamilton_ppo,2,0.185,0.764,2.376
original,hamilton_ppo,2,0.19,0.808,2.44
original,hamilton_ppo,2,0.195,0.804,2.488
original,hamilton_ppo,2,0.2,0.854,2.518
original,hamilton_ppo,2,0.20500000000000002,0.888,2.572
original,hamilton_ppo,2,0.21,0.916,2.592
original,hamilton_ppo,2,0.215,0.948,2.64
original,hamilton_ppo,2,0.22,0.95,2.722
original,hamilton_ppo,2,0.225,0.978,2.778
original,hamilton_ppo,2,0.23,0.998,2.79
original,hamilton_ppo,2,0.23500000000000001,1.03,2.798
original,hamilton_ppo,2,0.24,1.044,2.868
original,hamilton_ppo,2,0.245,1.05,2.918
original,hamilton_ppo,2,0.25,1.068,2.936
original,hamilton_ppo,2,0.255,1.072,2.964
original,hamilton_ppo,2,0.26,1.104,3.016
original,hamilton_ppo,2,0.265,1.102,3.042
original,hamilton_ppo,2,0.27,1.122,3.062
original,hamilton_ppo,2,0.275,1.15,3.126
original,hamilton_ppo,2,0.28,1.122,3.162
original,hamilton_ppo,2,0.28500000000000003,1.148,3.216
original,hamilton_ppo,2,0.29,1.206,3.266
original,hamilton_ppo,2,0.295,1.19,3.278
original,hamilton_ppo,2,0.3,1.216,3.328
original,hamilton_ppo,2,0.305,1.26,3.392
original,hamilton_ppo,2,0.31,1.292,3.408
original,hamilton_ppo,2,0.315,1.328,3.46
original,hamilton_ppo,2,0.32,1.338,3.486
original,hamilton_ppo,2,0.325,1.352,3.496
original,hamilton_ppo,2,0.33,1.4,3.54
original,hamilton_ppo,2,0.335,1.424,3.568
original,hamilton_ppo,2,0.34,1.448,3.612
original,hamilton_ppo,2,0.34500000000000003,1.448,3.636
original,hamilton_ppo,2,0.35000000000000003,1.462,3.674
original,hamilton_ppo,2,0.355,1.44,3.732
original,hamilton_ppo,2,0.36,1.464,3.772
original,hamilton_ppo,2,0.365,1.492,3.812
original,hamilton_ppo,2,0.37,1.496,3.868
original,hamilton_ppo,2,0.375,1.5,3.94
original,hamilton_ppo,2,0.38,1.514,3.994
original,hamilton_ppo,2,0.385,1.522,4.006
original,hamilton_ppo,2,0.39,1.536,4.016
original,hamilton_ppo,2,0.395,1.578,4.102
original,hamilton_ppo,2,0.4,1.63,4.158
original,hamilton_ppo,2,0.405,1.62,4.188
original,hamilton_ppo,2,0.41000000000000003,1.618,4.238
original,hamilton_ppo,2,0.41500000000000004,1.664,4.292
original,hamilton_ppo,2,0.42,1.644,4.304
original,hamilton_ppo,2,0.425,1.664,4.36
original,hamilton_ppo,2,0.43,1.704,4.424
original,hamilton_ppo,2,0.435,1.71,4.474
original,hamilton_ppo,2,0.44,1.694,4.478
original,hamilton_ppo,2,0.445,1.718,4.554
original,hamilton_ppo,2,0.45,1.724,4.596
original,hamilton_ppo,2,0.455,1.746,4.658
original,hamilton_ppo,2,0.46,1.802,4.674
original,hamilton_ppo,2,0.465,1.818,4.734
original,hamilton_ppo,2,0.47000000000000003,1.862,4.794
original,hamilton_ppo,2,0.47500000000000003,1.844,4.852
original,hamilton_ppo,2,0.48,1.818,4.91
original,hamilton_ppo,2,0.485,1.814,4.942
original,hamilton_ppo,2,0.49,1.854,4.966
original,hamilton_ppo,2,0.495,1.888,5.052
original,hamilton_ppo,2,0.5,1.936,5.1
original,hamilton_ppo,2,0.505,1.978,5.118
original,hamilton_ppo,2,0.51,1.972,5.148
original,hamilton_ppo,2,0.515,2.028,5.184
original,hamilton_ppo,2,0.52,2.104,5.276
original,hamilton_ppo,2,0.525,2.134,5.326
original,hamilton_ppo,2,0.53,2.172,5.392
original,hamilton_ppo,2,0.535,2.168,5.464
original,hamilton_ppo,2,0.54,2.17,5.494
original,hamilton_ppo,2,0.545,2.208,5.524
original,hamilton_ppo,2,0.55,2.214,5.59
original,hamilton_ppo,2,0.555,2.216,5.636
original,hamilton_ppo,2,0.56,2.2,5.676
original,hamilton_ppo,2,0.5650000000000001,2.204,5.72
original,hamilton_ppo,2,0.5700000000000001,2.194,5.738
original,hamilton_ppo,2,0.5750000000000001,2.23,5.754
original,hamilton_ppo,2,0.58,2.228,5.816
original,hamilton_ppo,2,0.585,2.262,5.866
original,hamilton_ppo,2,0.59,2.294,5.862
original,hamilton_ppo,2,0.595,2.362,5.946
original,hamilton_ppo,2,0.6,2.364,6.012
original,hamilton_ppo,2,0.605,2.318,6.058
original,hamilton_ppo,2,0.61,2.342,6.106
original,hamilton_ppo,2,0.615,2.364,6.14
original,hamilton_ppo,2,0.62,2.348,6.192
original,hamilton_ppo,2,0.625,2.408,6.264
original,hamilton_ppo,2,0.63,2.432,6.324
original,hamilton_ppo,2,0.635,2.472,6.388
original,hamilton_ppo,2,0.64,2.474,6.43
original,hamilton_ppo,2,0.645,2.472,6.472
original,hamilton_ppo,2,0.65,2.45,6.49
original,hamilton_ppo,2,0.655,2.46,6.536
original,hamilton_ppo,2,0.66,2.458,6.602
original,hamilton_ppo,2,0.665,2.464,6.668
original,hamilton_ppo,2,0.67,2.488,6.736
original,hamilton_ppo,2,0.675,2.542,6.782
original,hamilton_ppo,2,0.68,2.584,6.836
original,hamilton_ppo,2,0.685,2.608,6.868
original,hamilton_ppo,2,0.6900000000000001,2.64,6.916
original,hamilton_ppo,2,0.6950000000000001,2.638,6.986
original,hamilton_ppo,2,0.7000000000000001,2.624,7.02
original,hamilton_ppo,2,0.705,2.636,7.064
original,hamilton_ppo,2,0.71,2.658,7.146
original,hamilton_ppo,2,0.715,2.646,7.154
original,hamilton_ppo,2,0.72,2.65,7.218
original,hamilton_ppo,2,0.725,2.682,7.262
original,hamilton_ppo,2,0.73,2.666,7.294
original,hamilton_ppo,2,0.735,2.64,7.336
original,hamilton_ppo,2,0.74,2.642,7.382
original,hamilton_ppo,2,0.745,2.652,7.444
original,hamilton_ppo,2,0.75,2.668,7.492
original,hamilton_ppo,2,0.755,2.674,7.522
original,hamilton_ppo,2,0.76,2.728,7.592
original,hamilton_ppo,2,0.765,2.728,7.624
original,hamilton_ppo,2,0.77,2.732,7.688
original,hamilton_ppo,2,0.775,2.738,7.766
original,hamilton_ppo,2,0.78,2.722,7.826
original,hamilton_ppo,2,0.785,2.724,7.832
original,hamilton_ppo,2,0.79,2.776,7.904
original,hamilton_ppo,2,0.795,2.754,7.966
original,hamilton_ppo,2,0.8,2.778,8.022
original,hamilton_ppo,2,0.805,2.748,8.02
original,hamilton_ppo,2,0.81,2.78,8.112
original,hamilton_ppo,2,0.8150000000000001,2.81,8.166
original,hamilton_ppo,2,0.8200000000000001,2.87,8.214
original,hamilton_ppo,2,0.8250000000000001,2.91,8.31
original,hamilton_ppo,2,0.8300000000000001,2.868,8.38
original,hamilton_ppo,2,0.835,2.858,8.398
original,hamilton_ppo,2,0.84,2.89,8.482
original,hamilton_ppo,2,0.845,2.922,8.558
original,hamilton_ppo,2,0.85,2.912,8.604
original,hamilton_ppo,2,0.855,2.944,8.716
original,hamilton_ppo,2,0.86,2.934,8.77
original,hamilton_ppo,2,0.865,2.93,8.902
original,hamilton_ppo,2,0.87,2.978,8.978
original,hamilton_ppo,2,0.875,2.988,9.004
original,hamilton_ppo,2,0.88,3.002,9.058
original,hamilton_ppo,2,0.885,2.976,9.088
original,hamilton_ppo,2,0.89,2.96,9.156
original,hamilton_ppo,2,0.895,2.952,9.252
original,hamilton_ppo,2,0.9,2.978,9.306
original,hamilton_ppo,2,0.905,3.02,9.34
original,hamilton_ppo,2,0.91,3.068,9.436
original,hamilton_ppo,2,0.915,3.116,9.512
original,hamilton_ppo,2,0.92,3.104,9.588
original,hamilton_ppo,2,0.925,3.172,9.656
original,hamilton_ppo,2,0.93,3.18,9.768
original,hamilton_ppo,2,0.935,3.188,9.852
original,hamilton_ppo,2,0.9400000000000001,3.182,9.85
original,hamilton_ppo,2,0.9450000000000001,3.174,9.93
original,hamilton_ppo,2,0.9500000000000001,3.196,9.996
original,hamilton_ppo,2,0.9550000000000001,3.192,10.076
original,hamilton_ppo,2,0.96,3.162,10.134
original,hamilton_ppo,2,0.965,3.184,10.2
original,hamilton_ppo,2,0.97,3.24,10.288
original,hamilton_ppo,2,0.975,3.242,10.358
original,hamilton_ppo,2,0.98,3.242,10.466
original,hamilton_ppo,2,0.985,3.24,10.488
original,hamilton_ppo,2,0.99,3.236,10.532
original,hamilton_ppo,2,0.995,3.236,10.592
original,hamilton_ppo,2,1.0,3.27,10.698
original,hamilton_ppo,3,0.0,0.0,0.0
original,hamilton_ppo,3,0.005,0.01,0.134
original,hamilton_ppo,3,0.01,0.026,0.258
original,hamilton_ppo,3,0.015,0.03,0.37
original,hamilton_ppo,3,0.02,-0.006,0.486
original,hamilton_ppo,3,0.025,-0.014,0.586
original,hamilton_ppo,3,0.03,-0.018,0.706
original,hamilton_ppo,3,0.035,-0.03,0.766
original,hamilton_ppo,3,0.04,-0.032,0.868
original,hamilton_ppo,3,0.045,-0.044,0.912
original,hamilton_ppo,3,0.05,-0.028,0.98
original,hamilton_ppo,3,0.055,-0.032,1.044
original,hamilton_ppo,3,0.06,-0.032,1.104
original,hamilton_ppo,3,0.065,-0.018,1.114
original,hamilton_ppo,3,0.07,-0.014,1.17
original,hamilton_ppo,3,0.075,0.0,1.212
original,hamilton_ppo,3,0.08,-0.01,1.246
original,hamilton_ppo,3,0.085,-0.032,1.272
original,hamilton_ppo,3,0.09,-0.04,1.292
original,hamilton_ppo,3,0.095,-0.044,1.348
original,hamilton_ppo,3,0.1,-0.05,1.39
original,hamilton_ppo,3,0.105,-0.024,1.46
original,hamilton_ppo,3,0.11,-0.02,1.508
original,hamilton_ppo,3,0.115,-0.014,1.538
original,hamilton_ppo,3,0.12,-0.002,1.578
original,hamilton_ppo,3,0.125,-0.012,1.62
original,hamilton_ppo,3,0.13,-0.018,1.654
original,hamilton_ppo,3,0.135,0.006,1.67
original,hamilton_ppo,3,0.14,0.006,1.718
original,hamilton_ppo,3,0.145,-0.002,1.758
original,hamilton_ppo,3,0.15,-0.046,1.782
original,hamilton_ppo,3,0.155,-0.034,1.842
original,hamilton_ppo,3,0.16,0.006,1.858
original,hamilton_ppo,3,0.165,-0.008,1.892
original,hamilton_ppo,3,0.17,-0.052,1.936
original,hamilton_ppo,3,0.17500000000000002,-0.056,1.996
original,hamilton_ppo,3,0.18,-0.036,2.028
original,hamilton_ppo,3,0.185,-0.038,2.05
original,hamilton_ppo,3,0.19,-0.006,2.078
original,hamilton_ppo,3,0.195,-0.024,2.136
original,hamilton_ppo,3,0.2,-0.006,2.142
original,hamilton_ppo,3,0.20500000000000002,0.0,2.152
original,hamilton_ppo,3,0.21,0.014,2.202
original,hamilton_ppo,3,0.215,0.022,2.258
original,hamilton_ppo,3,0.22,0.01,2.31
original,hamilton_ppo,3,0.225,0.016,2.34
original,hamilton_ppo,3,0.23,0.016,2.356
original,hamilton_ppo,3,0.23500000000000001,0.02,2.38
original,hamilton_ppo,3,0.24,0.022,2.45
original,hamilton_ppo,3,0.245,0.006,2.514
original,hamilton_ppo,3,0.25,0.016,2.508
original,hamilton_ppo,3,0.255,0.008,2.556
original,hamilton_ppo,3,0.26,0.016,2.6
original,hamilton_ppo,3,0.265,0.008,2.64
original,hamilton_ppo,3,0.27,0.012,2.624
original,hamilton_ppo,3,0.275,0.036,2.64
original,hamilton_ppo,3,0.28,0.004,2.704
original,hamilton_ppo,3,0.28500000000000003,0.014,2.726
original,hamilton_ppo,3,0.29,0.044,2.776
original,hamilton_ppo,3,0.295,0.032,2.812
original,hamilton_ppo,3,0.3,0.04,2.856
original,hamilton_ppo,3,0.305,0.042,2.906
original,hamilton_ppo,3,0.31,0.056,2.928
original,hamilton_ppo,3,0.315,0.068,2.976
original,hamilton_ppo,3,0.32,0.072,3.016
original,hamilton_ppo,3,0.325,0.068,3.04
original,hamilton_ppo,3,0.33,0.102,3.026
original,hamilton_ppo,3,0.335,0.094,3.058
original,hamilton_ppo,3,0.34,0.086,3.086
original,hamilton_ppo,3,0.34500000000000003,0.066,3.134
original,hamilton_ppo,3,0.35000000000000003,0.058,3.162
original,hamilton_ppo,3,0.355,0.02,3.212
original,hamilton_ppo,3,0.36,0.008,3.248
original,hamilton_ppo,3,0.365,0.02,3.276
original,hamilton_ppo,3,0.37,0.012,3.304
original,hamilton_ppo,3,0.375,0.002,3.35
original,hamilton_ppo,3,0.38,-0.002,3.39
original,hamilton_ppo,3,0.385,-0.012,3.404
original,hamilton_ppo,3,0.39,-0.018,3.394
original,hamilton_ppo,3,0.395,-0.012,3.444
original,hamilton_ppo,3,0.4,-0.002,3.466
original,hamilton_ppo,3,0.405,-0.018,3.518
original,hamilton_ppo,3,0.41000000000000003,-0.044,3.552
original,hamilton_ppo,3,0.41500000000000004,-0.028,3.56
original,hamilton_ppo,3,0.42,-0.04,3.556
original,hamilton_ppo,3,0.425,-0.048,3.592
original,hamilton_ppo,3,0.43,-0.038,3.618
original,hamilton_ppo,3,0.435,-0.054,3.658
original,hamilton_ppo,3,0.44,-0.078,3.694
original,hamilton_ppo,3,0.445,-0.084,3.728
original,hamilton_ppo,3,0.45,-0.108,3.752
original,hamilton_ppo,3,0.455,-0.108,3.828
original,hamilton_ppo,3,0.46,-0.098,3.846
original,hamilton_ppo,3,0.465,-0.104,3.868
original,hamilton_ppo,3,0.47000000000000003,-0.116,3.908
original,hamilton_ppo,3,0.47500000000000003,-0.15,3.97
original,hamilton_ppo,3,0.48,-0.172,4.028
original,hamilton_ppo,3,0.485,-0.188,4.028
original,hamilton_ppo,3,0.49,-0.166,4.086
original,hamilton_ppo,3,0.495,-0.172,4.156
original,hamilton_ppo,3,0.5,-0.148,4.188
original,hamilton_ppo,3,0.505,-0.122,4.19
original,hamilton_ppo,3,0.51,-0.134,4.226
original,hamilton_ppo,3,0.515,-0.118,4.25
original,hamilton_ppo,3,0.52,-0.074,4.266
original,hamilton_ppo,3,0.525,-0.068,4.308
original,hamilton_ppo,3,0.53,-0.05,4.358
original,hamilton_ppo,3,0.535,-0.076,4.424
original,hamilton_ppo,3,0.54,-0.082,4.454
original,hamilton_ppo,3,0.545,-0.06,4.504
original,hamilton_ppo,3,0.55,-0.076,4.572
original,hamilton_ppo,3,0.555,-0.09,4.614
original,hamilton_ppo,3,0.56,-0.138,4.638
original,hamilton_ppo,3,0.5650000000000001,-0.148,4.664
original,hamilton_ppo,3,0.5700000000000001,-0.152,4.716
original,hamilton_ppo,3,0.5750000000000001,-0.142,4.754
original,hamilton_ppo,3,0.58,-0.158,4.794
original,hamilton_ppo,3,0.585,-0.136,4.832
original,hamilton_ppo,3,0.59,-0.134,4.83
original,hamilton_ppo,3,0.595,-0.074,4.89
original,hamilton_ppo,3,0.6,-0.096,4.94
original,hamilton_ppo,3,0.605,-0.136,4.988
original,hamilton_ppo,3,0.61,-0.12,5.02
original,hamilton_ppo,3,0.615,-0.116,5.048
original,hamilton_ppo,3,0.62,-0.124,5.076
original,hamilton_ppo,3,0.625,-0.092,5.12
original,hamilton_ppo,3,0.63,-0.084,5.14
original,hamilton_ppo,3,0.635,-0.078,5.166
original,hamilton_ppo,3,0.64,-0.062,5.194
original,hamilton_ppo,3,0.645,-0.082,5.238
original,hamilton_ppo,3,0.65,-0.11,5.27
original,hamilton_ppo,3,0.655,-0.106,5.322
original,hamilton_ppo,3,0.66,-0.126,5.366
original,hamilton_ppo,3,0.665,-0.128,5.404
original,hamilton_ppo,3,0.67,-0.118,5.462
original,hamilton_ppo,3,0.675,-0.078,5.486
original,hamilton_ppo,3,0.68,-0.056,5.544
original,hamilton_ppo,3,0.685,-0.034,5.59
original,hamilton_ppo,3,0.6900000000000001,-0.01,5.626
original,hamilton_ppo,3,0.6950000000000001,-0.018,5.654
original,hamilton_ppo,3,0.7000000000000001,-0.03,5.686
original,hamilton_ppo,3,0.705,-0.018,5.73
original,hamilton_ppo,3,0.71,-0.028,5.76
original,hamilton_ppo,3,0.715,-0.056,5.788
original,hamilton_ppo,3,0.72,-0.064,5.848
original,hamilton_ppo,3,0.725,-0.044,5.904
original,hamilton_ppo,3,0.73,-0.066,5.986
original,hamilton_ppo,3,0.735,-0.098,6.042
original,hamilton_ppo,3,0.74,-0.108,6.096
original,hamilton_ppo,3,0.745,-0.102,6.162
original,hamilton_ppo,3,0.75,-0.096,6.204
original,hamilton_ppo,3,0.755,-0.102,6.29
original,hamilton_ppo,3,0.76,-0.074,6.314
original,hamilton_ppo,3,0.765,-0.08,6.364
original,hamilton_ppo,3,0.77,-0.08,6.388
original,hamilton_ppo,3,0.775,-0.066,6.442
original,hamilton_ppo,3,0.78,-0.08,6.448
original,hamilton_ppo,3,0.785,-0.09,6.442
original,hamilton_ppo,3,0.79,-0.076,6.488
original,hamilton_ppo,3,0.795,-0.08,6.536
original,hamilton_ppo,3,0.8,-0.064,6.568
original,hamilton_ppo,3,0.805,-0.086,6.594
original,hamilton_ppo,3,0.81,-0.062,6.638
original,hamilton_ppo,3,0.8150000000000001,-0.03,6.658
original,hamilton_ppo,3,0.8200000000000001,0.01,6.722
original,hamilton_ppo,3,0.8250000000000001,0.048,6.776
original,hamilton_ppo,3,0.8300000000000001,-0.006,6.83
original,hamilton_ppo,3,0.835,-0.018,6.85
original,hamilton_ppo,3,0.84,-0.002,6.902
original,hamilton_ppo,3,0.845,0.042,6.95
original,hamilton_ppo,3,0.85,0.036,7.0
original,hamilton_ppo,3,0.855,0.042,7.066
original,hamilton_ppo,3,0.86,0.03,7.114
original,hamilton_ppo,3,0.865,0.01,7.178
original,hamilton_ppo,3,0.87,0.03,7.214
original,hamilton_ppo,3,0.875,0.044,7.24
original,hamilton_ppo,3,0.88,0.056,7.256
original,hamilton_ppo,3,0.885,0.02,7.304
original,hamilton_ppo,3,0.89,-0.002,7.35
original,hamilton_ppo,3,0.895,0.012,7.408
original,hamilton_ppo,3,0.9,0.054,7.454
original,hamilton_ppo,3,0.905,0.076,7.488
original,hamilton_ppo,3,0.91,0.088,7.556
original,hamilton_ppo,3,0.915,0.104,7.58
original,hamilton_ppo,3,0.92,0.094,7.65
original,hamilton_ppo,3,0.925,0.122,7.69
original,hamilton_ppo,3,0.93,0.134,7.79
original,hamilton_ppo,3,0.935,0.146,7.838
original,hamilton_ppo,3,0.9400000000000001,0.17,7.882
original,hamilton_ppo,3,0.9450000000000001,0.192,7.944
original,hamilton_ppo,3,0.9500000000000001,0.2,7.984
original,hamilton_ppo,3,0.9550000000000001,0.202,8.042
original,hamilton_ppo,3,0.96,0.188,8.1
original,hamilton_ppo,3,0.965,0.188,8.12
original,hamilton_ppo,3,0.97,0.228,8.152
original,hamilton_ppo,3,0.975,0.228,8.196
original,hamilton_ppo,3,0.98,0.216,8.272
original,hamilton_ppo,3,0.985,0.208,8.296
original,hamilton_ppo,3,0.99,0.196,8.328
original,hamilton_ppo,3,0.995,0.19,8.394
original,hamilton_ppo,3,1.0,0.212,8.44
original,hamilton_ppo,4,0.0,0.0,0.0
original,hamilton_ppo,4,0.005,0.016,0.172
original,hamilton_ppo,4,0.01,0.052,0.332
original,hamilton_ppo,4,0.015,0.064,0.452
original,hamilton_ppo,4,0.02,0.04,0.576
original,hamilton_ppo,4,0.025,0.04,0.692
original,hamilton_ppo,4,0.03,0.046,0.826
original,hamilton_ppo,4,0.035,0.034,0.882
original,hamilton_ppo,4,0.04,0.042,0.958
original,hamilton_ppo,4,0.045,0.028,1.044
original,hamilton_ppo,4,0.05,0.02,1.104
original,hamilton_ppo,4,0.055,0.01,1.166
original,hamilton_ppo,4,0.06,0.024,1.232
original,hamilton_ppo,4,0.065,0.042,1.294
original,hamilton_ppo,4,0.07,0.06,1.388
original,hamilton_ppo,4,0.075,0.07,1.454
original,hamilton_ppo,4,0.08,0.074,1.522
original,hamilton_ppo,4,0.085,0.048,1.572
original,hamilton_ppo,4,0.09,0.026,1.61
original,hamilton_ppo,4,0.095,0.034,1.674
original,hamilton_ppo,4,0.1,0.032,1.736
original,hamilton_ppo,4,0.105,0.066,1.79
original,hamilton_ppo,4,0.11,0.058,1.826
original,hamilton_ppo,4,0.115,0.058,1.862
original,hamilton_ppo,4,0.12,0.068,1.896
original,hamilton_ppo,4,0.125,0.066,1.946
original,hamilton_ppo,4,0.13,0.064,1.996
original,hamilton_ppo,4,0.135,0.094,2.022
original,hamilton_ppo,4,0.14,0.104,2.088
original,hamilton_ppo,4,0.145,0.084,2.128
original,hamilton_ppo,4,0.15,0.034,2.146
original,hamilton_ppo,4,0.155,0.032,2.232
original,hamilton_ppo,4,0.16,0.072,2.256
original,hamilton_ppo,4,0.165,0.06,2.292
original,hamilton_ppo,4,0.17,0.01,2.378
original,hamilton_ppo,4,0.17500000000000002,0.004,2.468
original,hamilton_ppo,4,0.18,0.016,2.476
original,hamilton_ppo,4,0.185,0.006,2.474
original,hamilton_ppo,4,0.19,0.028,2.524
original,hamilton_ppo,4,0.195,0.0,2.584
original,hamilton_ppo,4,0.2,0.03,2.614
original,hamilton_ppo,4,0.20500000000000002,0.03,2.646
original,hamilton_ppo,4,0.21,0.036,2.688
original,hamilton_ppo,4,0.215,0.042,2.746
original,hamilton_ppo,4,0.22,0.022,2.838
original,hamilton_ppo,4,0.225,0.032,2.876
original,hamilton_ppo,4,0.23,0.022,2.878
original,hamilton_ppo,4,0.23500000000000001,0.028,2.884
original,hamilton_ppo,4,0.24,0.028,2.936
original,hamilton_ppo,4,0.245,0.004,2.992
original,hamilton_ppo,4,0.25,0.004,3.024
original,hamilton_ppo,4,0.255,-0.01,3.038
original,hamilton_ppo,4,0.26,0.002,3.074
original,hamilton_ppo,4,0.265,0.0,3.116
original,hamilton_ppo,4,0.27,-0.014,3.134
original,hamilton_ppo,4,0.275,0.002,3.178
original,hamilton_ppo,4,0.28,-0.042,3.246
original,hamilton_ppo,4,0.28500000000000003,-0.032,3.292
original,hamilton_ppo,4,0.29,-0.002,3.362
original,hamilton_ppo,4,0.295,-0.038,3.382
original,hamilton_ppo,4,0.3,-0.042,3.438
original,hamilton_ppo,4,0.305,-0.026,3.494
original,hamilton_ppo,4,0.31,-0.02,3.516
original,hamilton_ppo,4,0.315,-0.02,3.564
original,hamilton_ppo,4,0.32,-0.028,3.592
original,hamilton_ppo,4,0.325,-0.048,3.62
original,hamilton_ppo,4,0.33,-0.028,3.62
original,hamilton_ppo,4,0.335,-0.04,3.644
original,hamilton_ppo,4,0.34,-0.046,3.682
original,hamilton_ppo,4,0.34500000000000003,-0.064,3.736
original,hamilton_ppo,4,0.35000000000000003,-0.084,3.796
original,hamilton_ppo,4,0.355,-0.126,3.85
original,hamilton_ppo,4,0.36,-0.132,3.848
original,hamilton_ppo,4,0.365,-0.134,3.878
original,hamilton_ppo,4,0.37,-0.148,3.948
original,hamilton_ppo,4,0.375,-0.16,4.02
original,hamilton_ppo,4,0.38,-0.176,4.064
original,hamilton_ppo,4,0.385,-0.186,4.082
original,hamilton_ppo,4,0.39,-0.198,4.066
original,hamilton_ppo,4,0.395,-0.198,4.138
original,hamilton_ppo,4,0.4,-0.192,4.168
original,hamilton_ppo,4,0.405,-0.222,4.202
original,hamilton_ppo,4,0.41000000000000003,-0.248,4.228
original,hamilton_ppo,4,0.41500000000000004,-0.24,4.252
original,hamilton_ppo,4,0.42,-0.274,4.266
original,hamilton_ppo,4,0.425,-0.286,4.294
original,hamilton_ppo,4,0.43,-0.28,4.364
original,hamilton_ppo,4,0.435,-0.302,4.438
original,hamilton_ppo,4,0.44,-0.338,4.474
original,hamilton_ppo,4,0.445,-0.344,4.528
original,hamilton_ppo,4,0.45,-0.376,4.56
original,hamilton_ppo,4,0.455,-0.376,4.648
original,hamilton_ppo,4,0.46,-0.356,4.684
original,hamilton_ppo,4,0.465,-0.36,4.76
original,hamilton_ppo,4,0.47000000000000003,-0.362,4.818
original,hamilton_ppo,4,0.47500000000000003,-0.404,4.884
original,hamilton_ppo,4,0.48,-0.442,4.938
original,hamilton_ppo,4,0.485,-0.47,4.99
original,hamilton_ppo,4,0.49,-0.458,5.014
original,hamilton_ppo,4,0.495,-0.462,5.106
original,hamilton_ppo,4,0.5,-0.438,5.178
original,hamilton_ppo,4,0.505,-0.43,5.174
original,hamilton_ppo,4,0.51,-0.46,5.236
original,hamilton_ppo,4,0.515,-0.444,5.276
original,hamilton_ppo,4,0.52,-0.41,5.326
original,hamilton_ppo,4,0.525,-0.414,5.35
original,hamilton_ppo,4,0.53,-0.402,5.378
original,hamilton_ppo,4,0.535,-0.426,5.462
original,hamilton_ppo,4,0.54,-0.444,5.508
original,hamilton_ppo,4,0.545,-0.438,5.53
original,hamilton_ppo,4,0.55,-0.472,5.604
original,hamilton_ppo,4,0.555,-0.492,5.676
original,hamilton_ppo,4,0.56,-0.54,5.712
original,hamilton_ppo,4,0.5650000000000001,-0.564,5.784
original,hamilton_ppo,4,0.5700000000000001,-0.592,5.832
original,hamilton_ppo,4,0.5750000000000001,-0.586,5.89
original,hamilton_ppo,4,0.58,-0.622,5.974
original,hamilton_ppo,4,0.585,-0.62,5.988
original,hamilton_ppo,4,0.59,-0.624,5.996
original,hamilton_ppo,4,0.595,-0.588,6.064
original,hamilton_ppo,4,0.6,-0.622,6.122
original,hamilton_ppo,4,0.605,-0.684,6.2
original,hamilton_ppo,4,0.61,-0.68,6.232
original,hamilton_ppo,4,0.615,-0.682,6.274
original,hamilton_ppo,4,0.62,-0.722,6.306
original,hamilton_ppo,4,0.625,-0.696,6.344
original,hamilton_ppo,4,0.63,-0.704,6.392
original,hamilton_ppo,4,0.635,-0.708,6.44
original,hamilton_ppo,4,0.64,-0.724,6.492
original,hamilton_ppo,4,0.645,-0.766,6.53
original,hamilton_ppo,4,0.65,-0.824,6.568
original,hamilton_ppo,4,0.655,-0.848,6.608
original,hamilton_ppo,4,0.66,-0.876,6.676
original,hamilton_ppo,4,0.665,-0.9,6.732
original,hamilton_ppo,4,0.67,-0.91,6.798
original,hamilton_ppo,4,0.675,-0.894,6.846
original,hamilton_ppo,4,0.68,-0.884,6.884
original,hamilton_ppo,4,0.685,-0.888,6.908
original,hamilton_ppo,4,0.6900000000000001,-0.888,6.948
original,hamilton_ppo,4,0.6950000000000001,-0.908,7.024
original,hamilton_ppo,4,0.7000000000000001,-0.95,7.086
original,hamilton_ppo,4,0.705,-0.956,7.12
original,hamilton_ppo,4,0.71,-0.956,7.168
original,hamilton_ppo,4,0.715,-0.998,7.214
original,hamilton_ppo,4,0.72,-1.018,7.266
original,hamilton_ppo,4,0.725,-1.008,7.308
original,hamilton_ppo,4,0.73,-1.058,7.37
original,hamilton_ppo,4,0.735,-1.102,7.458
original,hamilton_ppo,4,0.74,-1.134,7.514
original,hamilton_ppo,4,0.745,-1.158,7.594
original,hamilton_ppo,4,0.75,-1.18,7.636
original,hamilton_ppo,4,0.755,-1.214,7.698
original,hamilton_ppo,4,0.76,-1.194,7.746
original,hamilton_ppo,4,0.765,-1.214,7.822
original,hamilton_ppo,4,0.77,-1.228,7.892
original,hamilton_ppo,4,0.775,-1.232,7.96
original,hamilton_ppo,4,0.78,-1.274,8.002
original,hamilton_ppo,4,0.785,-1.316,8.024
original,hamilton_ppo,4,0.79,-1.316,8.088
original,hamilton_ppo,4,0.795,-1.358,8.166
original,hamilton_ppo,4,0.8,-1.366,8.218
original,hamilton_ppo,4,0.805,-1.412,8.256
original,hamilton_ppo,4,0.81,-1.426,8.302
original,hamilton_ppo,4,0.8150000000000001,-1.418,8.35
original,hamilton_ppo,4,0.8200000000000001,-1.41,8.406
original,hamilton_ppo,4,0.8250000000000001,-1.41,8.45
original,hamilton_ppo,4,0.8300000000000001,-1.48,8.516
original,hamilton_ppo,4,0.835,-1.518,8.53
original,hamilton_ppo,4,0.84,-1.526,8.57
original,hamilton_ppo,4,0.845,-1.516,8.652
original,hamilton_ppo,4,0.85,-1.546,8.702
original,hamilton_ppo,4,0.855,-1.558,8.766
original,hamilton_ppo,4,0.86,-1.588,8.844
original,hamilton_ppo,4,0.865,-1.646,8.942
original,hamilton_ppo,4,0.87,-1.644,9.0
original,hamilton_ppo,4,0.875,-1.66,9.024
original,hamilton_ppo,4,0.88,-1.684,9.068
original,hamilton_ppo,4,0.885,-1.746,9.114
original,hamilton_ppo,4,0.89,-1.796,9.184
original,hamilton_ppo,4,0.895,-1.818,9.234
original,hamilton_ppo,4,0.9,-1.806,9.262
original,hamilton_ppo,4,0.905,-1.8,9.292
original,hamilton_ppo,4,0.91,-1.808,9.352
original,hamilton_ppo,4,0.915,-1.8,9.4
original,hamilton_ppo,4,0.92,-1.84,9.48
original,hamilton_ppo,4,0.925,-1.842,9.514
original,hamilton_ppo,4,0.93,-1.876,9.608
original,hamilton_ppo,4,0.935,-1.904,9.652
original,hamilton_ppo,4,0.9400000000000001,-1.926,9.686
original,hamilton_ppo,4,0.9450000000000001,-1.934,9.758
original,hamilton_ppo,4,0.9500000000000001,-1.968,9.852
original,hamilton_ppo,4,0.9550000000000001,-2.014,9.958
original,hamilton_ppo,4,0.96,-2.052,10.028
original,hamilton_ppo,4,0.965,-2.082,10.054
original,hamilton_ppo,4,0.97,-2.056,10.088
original,hamilton_ppo,4,0.975,-2.088,10.156
original,hamilton_ppo,4,0.98,-2.134,10.246
original,hamilton_ppo,4,0.985,-2.188,10.272
original,hamilton_ppo,4,0.99,-2.232,10.336
original,hamilton_ppo,4,0.995,-2.27,10.39
original,hamilton_ppo,4,1.0,-2.302,10.47
original,return_mlp_ppo,0,0.0,0.0,0.0
original,return_mlp_ppo,0,0.005,-0.13,0.226
original,return_mlp_ppo,0,0.01,-0.23,0.418
original,return_mlp_ppo,0,0.015,-0.352,0.608
original,return_mlp_ppo,0,0.02,-0.522,0.762
original,return_mlp_ppo,0,0.025,-0.636,0.912
original,return_mlp_ppo,0,0.03,-0.748,1.052
original,return_mlp_ppo,0,0.035,-0.88,1.196
original,return_mlp_ppo,0,0.04,-1.036,1.384
original,return_mlp_ppo,0,0.045,-1.18,1.524
original,return_mlp_ppo,0,0.05,-1.282,1.654
original,return_mlp_ppo,0,0.055,-1.422,1.802
original,return_mlp_ppo,0,0.06,-1.538,1.91
original,return_mlp_ppo,0,0.065,-1.678,2.03
original,return_mlp_ppo,0,0.07,-1.776,2.144
original,return_mlp_ppo,0,0.075,-1.89,2.246
original,return_mlp_ppo,0,0.08,-2.022,2.362
original,return_mlp_ppo,0,0.085,-2.154,2.47
original,return_mlp_ppo,0,0.09,-2.312,2.628
original,return_mlp_ppo,0,0.095,-2.426,2.746
original,return_mlp_ppo,0,0.1,-2.518,2.822
original,return_mlp_ppo,0,0.105,-2.61,2.922
original,return_mlp_ppo,0,0.11,-2.762,3.042
original,return_mlp_ppo,0,0.115,-2.87,3.138
original,return_mlp_ppo,0,0.12,-2.984,3.232
original,return_mlp_ppo,0,0.125,-3.124,3.36
original,return_mlp_ppo,0,0.13,-3.256,3.5
original,return_mlp_ppo,0,0.135,-3.366,3.602
original,return_mlp_ppo,0,0.14,-3.468,3.692
original,return_mlp_ppo,0,0.145,-3.61,3.83
original,return_mlp_ppo,0,0.15,-3.78,3.968
original,return_mlp_ppo,0,0.155,-3.866,4.05
original,return_mlp_ppo,0,0.16,-3.956,4.148
original,return_mlp_ppo,0,0.165,-4.088,4.268
original,return_mlp_ppo,0,0.17,-4.254,4.43
original,return_mlp_ppo,0,0.17500000000000002,-4.374,4.55
original,return_mlp_ppo,0,0.18,-4.48,4.668
original,return_mlp_ppo,0,0.185,-4.6,4.776
original,return_mlp_ppo,0,0.19,-4.698,4.866
original,return_mlp_ppo,0,0.195,-4.84,4.996
original,return_mlp_ppo,0,0.2,-4.914,5.066
original,return_mlp_ppo,0,0.20500000000000002,-5.04,5.184
original,return_mlp_ppo,0,0.21,-5.172,5.32
original,return_mlp_ppo,0,0.215,-5.286,5.434
original,return_mlp_ppo,0,0.22,-5.436,5.568
original,return_mlp_ppo,0,0.225,-5.502,5.634
original,return_mlp_ppo,0,0.23,-5.626,5.754
original,return_mlp_ppo,0,0.23500000000000001,-5.704,5.808
original,return_mlp_ppo,0,0.24,-5.834,5.93
original,return_mlp_ppo,0,0.245,-6.006,6.098
original,return_mlp_ppo,0,0.25,-6.108,6.188
original,return_mlp_ppo,0,0.255,-6.218,6.29
original,return_mlp_ppo,0,0.26,-6.316,6.388
original,return_mlp_ppo,0,0.265,-6.452,6.52
original,return_mlp_ppo,0,0.27,-6.58,6.648
original,return_mlp_ppo,0,0.275,-6.68,6.74
original,return_mlp_ppo,0,0.28,-6.818,6.89
original,return_mlp_ppo,0,0.28500000000000003,-6.924,6.988
original,return_mlp_ppo,0,0.29,-7.022,7.09
original,return_mlp_ppo,0,0.295,-7.18,7.252
original,return_mlp_ppo,0,0.3,-7.27,7.342
original,return_mlp_ppo,0,0.305,-7.354,7.422
original,return_mlp_ppo,0,0.31,-7.476,7.536
original,return_mlp_ppo,0,0.315,-7.572,7.632
original,return_mlp_ppo,0,0.32,-7.668,7.724
original,return_mlp_ppo,0,0.325,-7.786,7.838
original,return_mlp_ppo,0,0.33,-7.846,7.898
original,return_mlp_ppo,0,0.335,-7.946,7.99
original,return_mlp_ppo,0,0.34,-8.044,8.104
original,return_mlp_ppo,0,0.34500000000000003,-8.16,8.216
original,return_mlp_ppo,0,0.35000000000000003,-8.266,8.322
original,return_mlp_ppo,0,0.355,-8.396,8.452
original,return_mlp_ppo,0,0.36,-8.462,8.518
original,return_mlp_ppo,0,0.365,-8.546,8.606
original,return_mlp_ppo,0,0.37,-8.652,8.704
original,return_mlp_ppo,0,0.375,-8.754,8.802
original,return_mlp_ppo,0,0.38,-8.864,8.908
original,return_mlp_ppo,0,0.385,-8.982,9.018
original,return_mlp_ppo,0,0.39,-9.068,9.108
original,return_mlp_ppo,0,0.395,-9.144,9.188
original,return_mlp_ppo,0,0.4,-9.184,9.224
original,return_mlp_ppo,0,0.405,-9.308,9.356
original,return_mlp_ppo,0,0.41000000000000003,-9.416,9.464
original,return_mlp_ppo,0,0.41500000000000004,-9.482,9.53
original,return_mlp_ppo,0,0.42,-9.604,9.656
original,return_mlp_ppo,0,0.425,-9.698,9.75
original,return_mlp_ppo,0,0.43,-9.774,9.826
original,return_mlp_ppo,0,0.435,-9.884,9.932
original,return_mlp_ppo,0,0.44,-9.992,10.04
original,return_mlp_ppo,0,0.445,-10.062,10.11
original,return_mlp_ppo,0,0.45,-10.17,10.218
original,return_mlp_ppo,0,0.455,-10.228,10.28
original,return_mlp_ppo,0,0.46,-10.272,10.32
original,return_mlp_ppo,0,0.465,-10.372,10.42
original,return_mlp_ppo,0,0.47000000000000003,-10.458,10.506
original,return_mlp_ppo,0,0.47500000000000003,-10.55,10.598
original,return_mlp_ppo,0,0.48,-10.652,10.704
original,return_mlp_ppo,0,0.485,-10.76,10.808
original,return_mlp_ppo,0,0.49,-10.806,10.862
original,return_mlp_ppo,0,0.495,-10.86,10.916
original,return_mlp_ppo,0,0.5,-10.894,10.938
original,return_mlp_ppo,0,0.505,-10.932,10.976
original,return_mlp_ppo,0,0.51,-10.99,11.03
original,return_mlp_ppo,0,0.515,-11.046,11.078
original,return_mlp_ppo,0,0.52,-11.078,11.11
original,return_mlp_ppo,0,0.525,-11.126,11.158
original,return_mlp_ppo,0,0.53,-11.17,11.202
original,return_mlp_ppo,0,0.535,-11.27,11.306
original,return_mlp_ppo,0,0.54,-11.348,11.384
original,return_mlp_ppo,0,0.545,-11.394,11.438
original,return_mlp_ppo,0,0.55,-11.466,11.51
original,return_mlp_ppo,0,0.555,-11.542,11.586
original,return_mlp_ppo,0,0.56,-11.632,11.676
original,return_mlp_ppo,0,0.5650000000000001,-11.688,11.732
original,return_mlp_ppo,0,0.5700000000000001,-11.75,11.798
original,return_mlp_ppo,0,0.5750000000000001,-11.808,11.856
original,return_mlp_ppo,0,0.58,-11.88,11.928
original,return_mlp_ppo,0,0.585,-11.92,11.972
original,return_mlp_ppo,0,0.59,-11.958,12.014
original,return_mlp_ppo,0,0.595,-11.952,12.012
original,return_mlp_ppo,0,0.6,-12.014,12.074
original,return_mlp_ppo,0,0.605,-12.116,12.176
original,return_mlp_ppo,0,0.61,-12.148,12.208
original,return_mlp_ppo,0,0.615,-12.202,12.262
original,return_mlp_ppo,0,0.62,-12.282,12.346
original,return_mlp_ppo,0,0.625,-12.276,12.34
original,return_mlp_ppo,0,0.63,-12.314,12.386
original,return_mlp_ppo,0,0.635,-12.38,12.46
original,return_mlp_ppo,0,0.64,-12.43,12.51
original,return_mlp_ppo,0,0.645,-12.5,12.568
original,return_mlp_ppo,0,0.65,-12.592,12.66
original,return_mlp_ppo,0,0.655,-12.658,12.722
original,return_mlp_ppo,0,0.66,-12.712,12.772
original,return_mlp_ppo,0,0.665,-12.748,12.812
original,return_mlp_ppo,0,0.67,-12.77,12.838
original,return_mlp_ppo,0,0.675,-12.782,12.85
original,return_mlp_ppo,0,0.68,-12.782,12.854
original,return_mlp_ppo,0,0.685,-12.812,12.884
original,return_mlp_ppo,0,0.6900000000000001,-12.816,12.88
original,return_mlp_ppo,0,0.6950000000000001,-12.852,12.912
original,return_mlp_ppo,0,0.7000000000000001,-12.908,12.964
original,return_mlp_ppo,0,0.705,-12.954,13.01
original,return_mlp_ppo,0,0.71,-12.974,13.022
original,return_mlp_ppo,0,0.715,-13.018,13.074
original,return_mlp_ppo,0,0.72,-13.05,13.106
original,return_mlp_ppo,0,0.725,-13.058,13.11
original,return_mlp_ppo,0,0.73,-13.108,13.164
original,return_mlp_ppo,0,0.735,-13.162,13.222
original,return_mlp_ppo,0,0.74,-13.2,13.264
original,return_mlp_ppo,0,0.745,-13.214,13.278
original,return_mlp_ppo,0,0.75,-13.242,13.298
original,return_mlp_ppo,0,0.755,-13.292,13.348
original,return_mlp_ppo,0,0.76,-13.258,13.31
original,return_mlp_ppo,0,0.765,-13.284,13.336
original,return_mlp_ppo,0,0.77,-13.296,13.348
original,return_mlp_ppo,0,0.775,-13.306,13.358
original,return_mlp_ppo,0,0.78,-13.35,13.398
original,return_mlp_ppo,0,0.785,-13.362,13.414
original,return_mlp_ppo,0,0.79,-13.346,13.406
original,return_mlp_ppo,0,0.795,-13.382,13.442
original,return_mlp_ppo,0,0.8,-13.374,13.434
original,return_mlp_ppo,0,0.805,-13.408,13.464
original,return_mlp_ppo,0,0.81,-13.394,13.45
original,return_mlp_ppo,0,0.8150000000000001,-13.38,13.436
original,return_mlp_ppo,0,0.8200000000000001,-13.34,13.392
original,return_mlp_ppo,0,0.8250000000000001,-13.324,13.376
original,return_mlp_ppo,0,0.8300000000000001,-13.38,13.436
original,return_mlp_ppo,0,0.835,-13.392,13.444
original,return_mlp_ppo,0,0.84,-13.376,13.436
original,return_mlp_ppo,0,0.845,-13.35,13.406
original,return_mlp_ppo,0,0.85,-13.358,13.426
original,return_mlp_ppo,0,0.855,-13.36,13.428
original,return_mlp_ppo,0,0.86,-13.354,13.418
original,return_mlp_ppo,0,0.865,-13.39,13.454
original,return_mlp_ppo,0,0.87,-13.366,13.434
original,return_mlp_ppo,0,0.875,-13.364,13.44
original,return_mlp_ppo,0,0.88,-13.342,13.422
original,return_mlp_ppo,0,0.885,-13.36,13.436
original,return_mlp_ppo,0,0.89,-13.368,13.444
original,return_mlp_ppo,0,0.895,-13.378,13.45
original,return_mlp_ppo,0,0.9,-13.358,13.43
original,return_mlp_ppo,0,0.905,-13.326,13.402
original,return_mlp_ppo,0,0.91,-13.308,13.38
original,return_mlp_ppo,0,0.915,-13.26,13.336
original,return_mlp_ppo,0,0.92,-13.268,13.344
original,return_mlp_ppo,0,0.925,-13.228,13.3
original,return_mlp_ppo,0,0.93,-13.214,13.282
original,return_mlp_ppo,0,0.935,-13.2,13.276
original,return_mlp_ppo,0,0.9400000000000001,-13.184,13.268
original,return_mlp_ppo,0,0.9450000000000001,-13.162,13.25
original,return_mlp_ppo,0,0.9500000000000001,-13.158,13.242
original,return_mlp_ppo,0,0.9550000000000001,-13.14,13.224
original,return_mlp_ppo,0,0.96,-13.128,13.212
original,return_mlp_ppo,0,0.965,-13.106,13.194
original,return_mlp_ppo,0,0.97,-13.032,13.12
original,return_mlp_ppo,0,0.975,-13.038,13.122
original,return_mlp_ppo,0,0.98,-13.034,13.118
original,return_mlp_ppo,0,0.985,-12.994,13.086
original,return_mlp_ppo,0,0.99,-12.982,13.07
original,return_mlp_ppo,0,0.995,-12.968,13.06
original,return_mlp_ppo,0,1.0,-12.934,13.026
original,return_mlp_ppo,1,0.0,0.0,0.0
original,return_mlp_ppo,1,0.005,-0.038,0.226
original,return_mlp_ppo,1,0.01,-0.042,0.41
original,return_mlp_ppo,1,0.015,-0.084,0.556
original,return_mlp_ppo,1,0.02,-0.172,0.668
original,return_mlp_ppo,1,0.025,-0.208,0.792
original,return_mlp_ppo,1,0.03,-0.254,0.938
original,return_mlp_ppo,1,0.035,-0.316,1.004
original,return_mlp_ppo,1,0.04,-0.376,1.14
original,return_mlp_ppo,1,0.045,-0.428,1.232
original,return_mlp_ppo,1,0.05,-0.464,1.304
original,return_mlp_ppo,1,0.055,-0.518,1.378
original,return_mlp_ppo,1,0.06,-0.542,1.438
original,return_mlp_ppo,1,0.065,-0.596,1.516
original,return_mlp_ppo,1,0.07,-0.618,1.61
original,return_mlp_ppo,1,0.075,-0.646,1.67
original,return_mlp_ppo,1,0.08,-0.694,1.726
original,return_mlp_ppo,1,0.085,-0.75,1.774
original,return_mlp_ppo,1,0.09,-0.812,1.832
original,return_mlp_ppo,1,0.095,-0.838,1.906
original,return_mlp_ppo,1,0.1,-0.868,1.968
original,return_mlp_ppo,1,0.105,-0.876,2.016
original,return_mlp_ppo,1,0.11,-0.936,2.04
original,return_mlp_ppo,1,0.115,-0.98,2.076
original,return_mlp_ppo,1,0.12,-1.018,2.11
original,return_mlp_ppo,1,0.125,-1.062,2.158
original,return_mlp_ppo,1,0.13,-1.11,2.222
original,return_mlp_ppo,1,0.135,-1.106,2.254
original,return_mlp_ppo,1,0.14,-1.142,2.278
original,return_mlp_ppo,1,0.145,-1.202,2.346
original,return_mlp_ppo,1,0.15,-1.302,2.378
original,return_mlp_ppo,1,0.155,-1.322,2.438
original,return_mlp_ppo,1,0.16,-1.33,2.466
original,return_mlp_ppo,1,0.165,-1.374,2.506
original,return_mlp_ppo,1,0.17,-1.46,2.6
original,return_mlp_ppo,1,0.17500000000000002,-1.51,2.682
original,return_mlp_ppo,1,0.18,-1.534,2.678
original,return_mlp_ppo,1,0.185,-1.578,2.706
original,return_mlp_ppo,1,0.19,-1.578,2.726
original,return_mlp_ppo,1,0.195,-1.622,2.786
original,return_mlp_ppo,1,0.2,-1.632,2.82
original,return_mlp_ppo,1,0.20500000000000002,-1.666,2.842
original,return_mlp_ppo,1,0.21,-1.708,2.924
original,return_mlp_ppo,1,0.215,-1.742,2.99
original,return_mlp_ppo,1,0.22,-1.792,3.064
original,return_mlp_ppo,1,0.225,-1.802,3.098
original,return_mlp_ppo,1,0.23,-1.856,3.12
original,return_mlp_ppo,1,0.23500000000000001,-1.874,3.138
original,return_mlp_ppo,1,0.24,-1.91,3.194
original,return_mlp_ppo,1,0.245,-1.976,3.248
original,return_mlp_ppo,1,0.25,-1.996,3.272
original,return_mlp_ppo,1,0.255,-2.044,3.288
original,return_mlp_ppo,1,0.26,-2.068,3.364
original,return_mlp_ppo,1,0.265,-2.116,3.404
original,return_mlp_ppo,1,0.27,-2.162,3.43
original,return_mlp_ppo,1,0.275,-2.188,3.472
original,return_mlp_ppo,1,0.28,-2.252,3.54
original,return_mlp_ppo,1,0.28500000000000003,-2.28,3.564
original,return_mlp_ppo,1,0.29,-2.286,3.602
original,return_mlp_ppo,1,0.295,-2.35,3.634
original,return_mlp_ppo,1,0.3,-2.374,3.678
original,return_mlp_ppo,1,0.305,-2.41,3.702
original,return_mlp_ppo,1,0.31,-2.45,3.742
original,return_mlp_ppo,1,0.315,-2.466,3.782
original,return_mlp_ppo,1,0.32,-2.49,3.794
original,return_mlp_ppo,1,0.325,-2.542,3.83
original,return_mlp_ppo,1,0.33,-2.536,3.84
original,return_mlp_ppo,1,0.335,-2.582,3.902
original,return_mlp_ppo,1,0.34,-2.626,3.93
original,return_mlp_ppo,1,0.34500000000000003,-2.676,3.964
original,return_mlp_ppo,1,0.35000000000000003,-2.72,4.004
original,return_mlp_ppo,1,0.355,-2.788,4.084
original,return_mlp_ppo,1,0.36,-2.808,4.108
original,return_mlp_ppo,1,0.365,-2.818,4.122
original,return_mlp_ppo,1,0.37,-2.864,4.164
original,return_mlp_ppo,1,0.375,-2.906,4.21
original,return_mlp_ppo,1,0.38,-2.952,4.256
original,return_mlp_ppo,1,0.385,-2.998,4.27
original,return_mlp_ppo,1,0.39,-3.026,4.27
original,return_mlp_ppo,1,0.395,-3.06,4.356
original,return_mlp_ppo,1,0.4,-3.074,4.386
original,return_mlp_ppo,1,0.405,-3.124,4.42
original,return_mlp_ppo,1,0.41000000000000003,-3.18,4.452
original,return_mlp_ppo,1,0.41500000000000004,-3.18,4.46
original,return_mlp_ppo,1,0.42,-3.232,4.468
original,return_mlp_ppo,1,0.425,-3.276,4.512
original,return_mlp_ppo,1,0.43,-3.298,4.562
original,return_mlp_ppo,1,0.435,-3.35,4.618
original,return_mlp_ppo,1,0.44,-3.408,4.656
original,return_mlp_ppo,1,0.445,-3.446,4.686
original,return_mlp_ppo,1,0.45,-3.498,4.726
original,return_mlp_ppo,1,0.455,-3.516,4.776
original,return_mlp_ppo,1,0.46,-3.492,4.776
original,return_mlp_ppo,1,0.465,-3.524,4.796
original,return_mlp_ppo,1,0.47000000000000003,-3.552,4.844
original,return_mlp_ppo,1,0.47500000000000003,-3.602,4.914
original,return_mlp_ppo,1,0.48,-3.644,4.96
original,return_mlp_ppo,1,0.485,-3.69,4.982
original,return_mlp_ppo,1,0.49,-3.698,5.006
original,return_mlp_ppo,1,0.495,-3.722,5.074
original,return_mlp_ppo,1,0.5,-3.714,5.094
original,return_mlp_ppo,1,0.505,-3.708,5.088
original,return_mlp_ppo,1,0.51,-3.748,5.132
original,return_mlp_ppo,1,0.515,-3.752,5.152
original,return_mlp_ppo,1,0.52,-3.732,5.152
original,return_mlp_ppo,1,0.525,-3.75,5.158
original,return_mlp_ppo,1,0.53,-3.758,5.198
original,return_mlp_ppo,1,0.535,-3.812,5.268
original,return_mlp_ppo,1,0.54,-3.842,5.318
original,return_mlp_ppo,1,0.545,-3.854,5.342
original,return_mlp_ppo,1,0.55,-3.91,5.382
original,return_mlp_ppo,1,0.555,-3.958,5.418
original,return_mlp_ppo,1,0.56,-4.014,5.482
original,return_mlp_ppo,1,0.5650000000000001,-4.062,5.51
original,return_mlp_ppo,1,0.5700000000000001,-4.08,5.524
original,return_mlp_ppo,1,0.5750000000000001,-4.092,5.56
original,return_mlp_ppo,1,0.58,-4.132,5.604
original,return_mlp_ppo,1,0.585,-4.13,5.618
original,return_mlp_ppo,1,0.59,-4.14,5.608
original,return_mlp_ppo,1,0.595,-4.116,5.636
original,return_mlp_ppo,1,0.6,-4.16,5.696
original,return_mlp_ppo,1,0.605,-4.214,5.75
original,return_mlp_ppo,1,0.61,-4.22,5.752
original,return_mlp_ppo,1,0.615,-4.224,5.756
original,return_mlp_ppo,1,0.62,-4.264,5.808
original,return_mlp_ppo,1,0.625,-4.246,5.814
original,return_mlp_ppo,1,0.63,-4.258,5.83
original,return_mlp_ppo,1,0.635,-4.286,5.874
original,return_mlp_ppo,1,0.64,-4.3,5.876
original,return_mlp_ppo,1,0.645,-4.33,5.914
original,return_mlp_ppo,1,0.65,-4.392,5.968
original,return_mlp_ppo,1,0.655,-4.432,6.012
original,return_mlp_ppo,1,0.66,-4.468,6.044
original,return_mlp_ppo,1,0.665,-4.49,6.078
original,return_mlp_ppo,1,0.67,-4.496,6.116
original,return_mlp_ppo,1,0.675,-4.484,6.144
original,return_mlp_ppo,1,0.68,-4.468,6.152
original,return_mlp_ppo,1,0.685,-4.478,6.146
original,return_mlp_ppo,1,0.6900000000000001,-4.476,6.16
original,return_mlp_ppo,1,0.6950000000000001,-4.496,6.184
original,return_mlp_ppo,1,0.7000000000000001,-4.524,6.18
original,return_mlp_ppo,1,0.705,-4.544,6.2
original,return_mlp_ppo,1,0.71,-4.57,6.218
original,return_mlp_ppo,1,0.715,-4.61,6.25
original,return_mlp_ppo,1,0.72,-4.64,6.304
original,return_mlp_ppo,1,0.725,-4.65,6.314
original,return_mlp_ppo,1,0.73,-4.686,6.358
original,return_mlp_ppo,1,0.735,-4.73,6.394
original,return_mlp_ppo,1,0.74,-4.748,6.42
original,return_mlp_ppo,1,0.745,-4.746,6.454
original,return_mlp_ppo,1,0.75,-4.754,6.506
original,return_mlp_ppo,1,0.755,-4.768,6.54
original,return_mlp_ppo,1,0.76,-4.748,6.544
original,return_mlp_ppo,1,0.765,-4.768,6.58
original,return_mlp_ppo,1,0.77,-4.782,6.598
original,return_mlp_ppo,1,0.775,-4.774,6.61
original,return_mlp_ppo,1,0.78,-4.796,6.624
original,return_mlp_ppo,1,0.785,-4.81,6.622
original,return_mlp_ppo,1,0.79,-4.804,6.648
original,return_mlp_ppo,1,0.795,-4.836,6.684
original,return_mlp_ppo,1,0.8,-4.822,6.674
original,return_mlp_ppo,1,0.805,-4.844,6.704
original,return_mlp_ppo,1,0.81,-4.846,6.734
original,return_mlp_ppo,1,0.8150000000000001,-4.842,6.75
original,return_mlp_ppo,1,0.8200000000000001,-4.802,6.742
original,return_mlp_ppo,1,0.8250000000000001,-4.8,6.756
original,return_mlp_ppo,1,0.8300000000000001,-4.846,6.786
original,return_mlp_ppo,1,0.835,-4.866,6.81
original,return_mlp_ppo,1,0.84,-4.864,6.82
original,return_mlp_ppo,1,0.845,-4.838,6.822
original,return_mlp_ppo,1,0.85,-4.834,6.838
original,return_mlp_ppo,1,0.855,-4.824,6.836
original,return_mlp_ppo,1,0.86,-4.844,6.84
original,return_mlp_ppo,1,0.865,-4.862,6.874
original,return_mlp_ppo,1,0.87,-4.856,6.892
original,return_mlp_ppo,1,0.875,-4.838,6.898
original,return_mlp_ppo,1,0.88,-4.83,6.89
original,return_mlp_ppo,1,0.885,-4.876,6.936
original,return_mlp_ppo,1,0.89,-4.892,6.988
original,return_mlp_ppo,1,0.895,-4.882,6.986
original,return_mlp_ppo,1,0.9,-4.858,6.994
original,return_mlp_ppo,1,0.905,-4.842,6.982
original,return_mlp_ppo,1,0.91,-4.838,7.022
original,return_mlp_ppo,1,0.915,-4.822,7.03
original,return_mlp_ppo,1,0.92,-4.832,7.072
original,return_mlp_ppo,1,0.925,-4.824,7.064
original,return_mlp_ppo,1,0.93,-4.824,7.096
original,return_mlp_ppo,1,0.935,-4.824,7.108
original,return_mlp_ppo,1,0.9400000000000001,-4.818,7.134
original,return_mlp_ppo,1,0.9450000000000001,-4.794,7.142
original,return_mlp_ppo,1,0.9500000000000001,-4.808,7.192
original,return_mlp_ppo,1,0.9550000000000001,-4.818,7.19
original,return_mlp_ppo,1,0.96,-4.814,7.222
original,return_mlp_ppo,1,0.965,-4.82,7.24
original,return_mlp_ppo,1,0.97,-4.784,7.24
original,return_mlp_ppo,1,0.975,-4.798,7.262
original,return_mlp_ppo,1,0.98,-4.812,7.308
original,return_mlp_ppo,1,0.985,-4.816,7.308
original,return_mlp_ppo,1,0.99,-4.818,7.318
original,return_mlp_ppo,1,0.995,-4.818,7.358
original,return_mlp_ppo,1,1.0,-4.826,7.362
original,return_mlp_ppo,2,0.0,0.0,0.0
original,return_mlp_ppo,2,0.005,-0.104,0.196
original,return_mlp_ppo,2,0.01,-0.182,0.378
original,return_mlp_ppo,2,0.015,-0.286,0.55
original,return_mlp_ppo,2,0.02,-0.454,0.702
original,return_mlp_ppo,2,0.025,-0.55,0.838
original,return_mlp_ppo,2,0.03,-0.668,1.004
original,return_mlp_ppo,2,0.035,-0.796,1.148
original,return_mlp_ppo,2,0.04,-0.934,1.31
original,return_mlp_ppo,2,0.045,-1.06,1.436
original,return_mlp_ppo,2,0.05,-1.144,1.548
original,return_mlp_ppo,2,0.055,-1.27,1.686
original,return_mlp_ppo,2,0.06,-1.36,1.768
original,return_mlp_ppo,2,0.065,-1.482,1.878
original,return_mlp_ppo,2,0.07,-1.566,1.982
original,return_mlp_ppo,2,0.075,-1.68,2.088
original,return_mlp_ppo,2,0.08,-1.804,2.2
original,return_mlp_ppo,2,0.085,-1.93,2.294
original,return_mlp_ppo,2,0.09,-2.068,2.42
original,return_mlp_ppo,2,0.095,-2.178,2.53
original,return_mlp_ppo,2,0.1,-2.26,2.608
original,return_mlp_ppo,2,0.105,-2.338,2.698
original,return_mlp_ppo,2,0.11,-2.464,2.792
original,return_mlp_ppo,2,0.115,-2.558,2.878
original,return_mlp_ppo,2,0.12,-2.654,2.97
original,return_mlp_ppo,2,0.125,-2.786,3.09
original,return_mlp_ppo,2,0.13,-2.902,3.202
original,return_mlp_ppo,2,0.135,-2.986,3.29
original,return_mlp_ppo,2,0.14,-3.09,3.382
original,return_mlp_ppo,2,0.145,-3.212,3.492
original,return_mlp_ppo,2,0.15,-3.37,3.614
original,return_mlp_ppo,2,0.155,-3.462,3.71
original,return_mlp_ppo,2,0.16,-3.548,3.796
original,return_mlp_ppo,2,0.165,-3.674,3.914
original,return_mlp_ppo,2,0.17,-3.822,4.046
original,return_mlp_ppo,2,0.17500000000000002,-3.924,4.14
original,return_mlp_ppo,2,0.18,-4.02,4.244
original,return_mlp_ppo,2,0.185,-4.138,4.35
original,return_mlp_ppo,2,0.19,-4.202,4.41
original,return_mlp_ppo,2,0.195,-4.316,4.508
original,return_mlp_ppo,2,0.2,-4.38,4.584
original,return_mlp_ppo,2,0.20500000000000002,-4.496,4.684
original,return_mlp_ppo,2,0.21,-4.592,4.788
original,return_mlp_ppo,2,0.215,-4.686,4.87
original,return_mlp_ppo,2,0.22,-4.812,4.98
original,return_mlp_ppo,2,0.225,-4.876,5.044
original,return_mlp_ppo,2,0.23,-4.982,5.15
original,return_mlp_ppo,2,0.23500000000000001,-5.052,5.208
original,return_mlp_ppo,2,0.24,-5.164,5.32
original,return_mlp_ppo,2,0.245,-5.302,5.446
original,return_mlp_ppo,2,0.25,-5.384,5.508
original,return_mlp_ppo,2,0.255,-5.484,5.596
original,return_mlp_ppo,2,0.26,-5.556,5.676
original,return_mlp_ppo,2,0.265,-5.666,5.766
original,return_mlp_ppo,2,0.27,-5.76,5.864
original,return_mlp_ppo,2,0.275,-5.832,5.936
original,return_mlp_ppo,2,0.28,-5.954,6.062
original,return_mlp_ppo,2,0.28500000000000003,-6.046,6.142
original,return_mlp_ppo,2,0.29,-6.116,6.224
original,return_mlp_ppo,2,0.295,-6.246,6.35
original,return_mlp_ppo,2,0.3,-6.336,6.44
original,return_mlp_ppo,2,0.305,-6.418,6.526
original,return_mlp_ppo,2,0.31,-6.51,6.614
original,return_mlp_ppo,2,0.315,-6.59,6.694
original,return_mlp_ppo,2,0.32,-6.67,6.758
original,return_mlp_ppo,2,0.325,-6.764,6.844
original,return_mlp_ppo,2,0.33,-6.798,6.866
original,return_mlp_ppo,2,0.335,-6.876,6.94
original,return_mlp_ppo,2,0.34,-6.968,7.052
original,return_mlp_ppo,2,0.34500000000000003,-7.078,7.158
original,return_mlp_ppo,2,0.35000000000000003,-7.174,7.254
original,return_mlp_ppo,2,0.355,-7.286,7.362
original,return_mlp_ppo,2,0.36,-7.358,7.434
original,return_mlp_ppo,2,0.365,-7.42,7.516
original,return_mlp_ppo,2,0.37,-7.508,7.596
original,return_mlp_ppo,2,0.375,-7.6,7.688
original,return_mlp_ppo,2,0.38,-7.692,7.768
original,return_mlp_ppo,2,0.385,-7.774,7.83
original,return_mlp_ppo,2,0.39,-7.844,7.908
original,return_mlp_ppo,2,0.395,-7.91,7.982
original,return_mlp_ppo,2,0.4,-7.962,8.026
original,return_mlp_ppo,2,0.405,-8.044,8.12
original,return_mlp_ppo,2,0.41000000000000003,-8.128,8.204
original,return_mlp_ppo,2,0.41500000000000004,-8.182,8.254
original,return_mlp_ppo,2,0.42,-8.268,8.34
original,return_mlp_ppo,2,0.425,-8.364,8.436
original,return_mlp_ppo,2,0.43,-8.436,8.504
original,return_mlp_ppo,2,0.435,-8.516,8.584
original,return_mlp_ppo,2,0.44,-8.6,8.668
original,return_mlp_ppo,2,0.445,-8.676,8.744
original,return_mlp_ppo,2,0.45,-8.766,8.834
original,return_mlp_ppo,2,0.455,-8.834,8.898
original,return_mlp_ppo,2,0.46,-8.86,8.924
original,return_mlp_ppo,2,0.465,-8.934,9.002
original,return_mlp_ppo,2,0.47000000000000003,-9.022,9.09
original,return_mlp_ppo,2,0.47500000000000003,-9.102,9.166
original,return_mlp_ppo,2,0.48,-9.188,9.256
original,return_mlp_ppo,2,0.485,-9.256,9.316
original,return_mlp_ppo,2,0.49,-9.298,9.362
original,return_mlp_ppo,2,0.495,-9.358,9.426
original,return_mlp_ppo,2,0.5,-9.394,9.45
original,return_mlp_ppo,2,0.505,-9.42,9.472
original,return_mlp_ppo,2,0.51,-9.472,9.524
original,return_mlp_ppo,2,0.515,-9.504,9.552
original,return_mlp_ppo,2,0.52,-9.506,9.554
original,return_mlp_ppo,2,0.525,-9.554,9.602
original,return_mlp_ppo,2,0.53,-9.598,9.646
original,return_mlp_ppo,2,0.535,-9.684,9.732
original,return_mlp_ppo,2,0.54,-9.744,9.796
original,return_mlp_ppo,2,0.545,-9.778,9.838
original,return_mlp_ppo,2,0.55,-9.85,9.914
original,return_mlp_ppo,2,0.555,-9.922,9.982
original,return_mlp_ppo,2,0.56,-10.002,10.062
original,return_mlp_ppo,2,0.5650000000000001,-10.066,10.122
original,return_mlp_ppo,2,0.5700000000000001,-10.104,10.16
original,return_mlp_ppo,2,0.5750000000000001,-10.156,10.212
original,return_mlp_ppo,2,0.58,-10.212,10.272
original,return_mlp_ppo,2,0.585,-10.24,10.308
original,return_mlp_ppo,2,0.59,-10.276,10.348
original,return_mlp_ppo,2,0.595,-10.264,10.348
original,return_mlp_ppo,2,0.6,-10.33,10.422
original,return_mlp_ppo,2,0.605,-10.412,10.492
original,return_mlp_ppo,2,0.61,-10.442,10.522
original,return_mlp_ppo,2,0.615,-10.49,10.574
original,return_mlp_ppo,2,0.62,-10.564,10.648
original,return_mlp_ppo,2,0.625,-10.562,10.654
original,return_mlp_ppo,2,0.63,-10.588,10.676
original,return_mlp_ppo,2,0.635,-10.628,10.724
original,return_mlp_ppo,2,0.64,-10.66,10.756
original,return_mlp_ppo,2,0.645,-10.71,10.81
original,return_mlp_ppo,2,0.65,-10.806,10.91
original,return_mlp_ppo,2,0.655,-10.868,10.968
original,return_mlp_ppo,2,0.66,-10.92,11.016
original,return_mlp_ppo,2,0.665,-10.958,11.062
original,return_mlp_ppo,2,0.67,-10.976,11.084
original,return_mlp_ppo,2,0.675,-10.97,11.074
original,return_mlp_ppo,2,0.68,-10.968,11.076
original,return_mlp_ppo,2,0.685,-10.998,11.102
original,return_mlp_ppo,2,0.6900000000000001,-11.012,11.124
original,return_mlp_ppo,2,0.6950000000000001,-11.06,11.168
original,return_mlp_ppo,2,0.7000000000000001,-11.102,11.202
original,return_mlp_ppo,2,0.705,-11.144,11.244
original,return_mlp_ppo,2,0.71,-11.18,11.276
original,return_mlp_ppo,2,0.715,-11.226,11.33
original,return_mlp_ppo,2,0.72,-11.26,11.364
original,return_mlp_ppo,2,0.725,-11.266,11.366
original,return_mlp_ppo,2,0.73,-11.306,11.418
original,return_mlp_ppo,2,0.735,-11.362,11.478
original,return_mlp_ppo,2,0.74,-11.384,11.508
original,return_mlp_ppo,2,0.745,-11.398,11.526
original,return_mlp_ppo,2,0.75,-11.414,11.554
original,return_mlp_ppo,2,0.755,-11.44,11.588
original,return_mlp_ppo,2,0.76,-11.428,11.572
original,return_mlp_ppo,2,0.765,-11.452,11.592
original,return_mlp_ppo,2,0.77,-11.472,11.608
original,return_mlp_ppo,2,0.775,-11.464,11.588
original,return_mlp_ppo,2,0.78,-11.502,11.622
original,return_mlp_ppo,2,0.785,-11.516,11.644
original,return_mlp_ppo,2,0.79,-11.508,11.644
original,return_mlp_ppo,2,0.795,-11.514,11.646
original,return_mlp_ppo,2,0.8,-11.51,11.638
original,return_mlp_ppo,2,0.805,-11.538,11.674
original,return_mlp_ppo,2,0.81,-11.522,11.666
original,return_mlp_ppo,2,0.8150000000000001,-11.51,11.658
original,return_mlp_ppo,2,0.8200000000000001,-11.466,11.614
original,return_mlp_ppo,2,0.8250000000000001,-11.462,11.61
original,return_mlp_ppo,2,0.8300000000000001,-11.52,11.668
original,return_mlp_ppo,2,0.835,-11.548,11.704
original,return_mlp_ppo,2,0.84,-11.544,11.708
original,return_mlp_ppo,2,0.845,-11.518,11.674
original,return_mlp_ppo,2,0.85,-11.524,11.692
original,return_mlp_ppo,2,0.855,-11.53,11.694
original,return_mlp_ppo,2,0.86,-11.544,11.704
original,return_mlp_ppo,2,0.865,-11.578,11.738
original,return_mlp_ppo,2,0.87,-11.554,11.726
original,return_mlp_ppo,2,0.875,-11.546,11.722
original,return_mlp_ppo,2,0.88,-11.526,11.71
original,return_mlp_ppo,2,0.885,-11.562,11.742
original,return_mlp_ppo,2,0.89,-11.584,11.764
original,return_mlp_ppo,2,0.895,-11.57,11.742
original,return_mlp_ppo,2,0.9,-11.526,11.702
original,return_mlp_ppo,2,0.905,-11.512,11.7
original,return_mlp_ppo,2,0.91,-11.496,11.696
original,return_mlp_ppo,2,0.915,-11.452,11.664
original,return_mlp_ppo,2,0.92,-11.464,11.68
original,return_mlp_ppo,2,0.925,-11.436,11.656
original,return_mlp_ppo,2,0.93,-11.422,11.646
original,return_mlp_ppo,2,0.935,-11.416,11.644
original,return_mlp_ppo,2,0.9400000000000001,-11.408,11.648
original,return_mlp_ppo,2,0.9450000000000001,-11.384,11.628
original,return_mlp_ppo,2,0.9500000000000001,-11.374,11.614
original,return_mlp_ppo,2,0.9550000000000001,-11.372,11.604
original,return_mlp_ppo,2,0.96,-11.368,11.6
original,return_mlp_ppo,2,0.965,-11.358,11.594
original,return_mlp_ppo,2,0.97,-11.298,11.53
original,return_mlp_ppo,2,0.975,-11.302,11.538
original,return_mlp_ppo,2,0.98,-11.308,11.552
original,return_mlp_ppo,2,0.985,-11.29,11.538
original,return_mlp_ppo,2,0.99,-11.28,11.524
original,return_mlp_ppo,2,0.995,-11.27,11.526
original,return_mlp_ppo,2,1.0,-11.246,11.502
original,return_mlp_ppo,3,0.0,0.0,0.0
original,return_mlp_ppo,3,0.005,-0.072,0.196
original,return_mlp_ppo,3,0.01,-0.116,0.384
original,return_mlp_ppo,3,0.015,-0.22,0.58
original,return_mlp_ppo,3,0.02,-0.354,0.726
original,return_mlp_ppo,3,0.025,-0.438,0.862
original,return_mlp_ppo,3,0.03,-0.536,1.032
original,return_mlp_ppo,3,0.035,-0.638,1.17
original,return_mlp_ppo,3,0.04,-0.746,1.33
original,return_mlp_ppo,3,0.045,-0.862,1.462
original,return_mlp_ppo,3,0.05,-0.948,1.588
original,return_mlp_ppo,3,0.055,-1.064,1.716
original,return_mlp_ppo,3,0.06,-1.144,1.792
original,return_mlp_ppo,3,0.065,-1.256,1.916
original,return_mlp_ppo,3,0.07,-1.332,2.036
original,return_mlp_ppo,3,0.075,-1.426,2.118
original,return_mlp_ppo,3,0.08,-1.532,2.22
original,return_mlp_ppo,3,0.085,-1.65,2.322
original,return_mlp_ppo,3,0.09,-1.78,2.436
original,return_mlp_ppo,3,0.095,-1.852,2.54
original,return_mlp_ppo,3,0.1,-1.928,2.628
original,return_mlp_ppo,3,0.105,-1.998,2.726
original,return_mlp_ppo,3,0.11,-2.124,2.82
original,return_mlp_ppo,3,0.115,-2.206,2.894
original,return_mlp_ppo,3,0.12,-2.308,2.988
original,return_mlp_ppo,3,0.125,-2.414,3.082
original,return_mlp_ppo,3,0.13,-2.536,3.188
original,return_mlp_ppo,3,0.135,-2.628,3.288
original,return_mlp_ppo,3,0.14,-2.718,3.37
original,return_mlp_ppo,3,0.145,-2.83,3.498
original,return_mlp_ppo,3,0.15,-3.006,3.598
original,return_mlp_ppo,3,0.155,-3.084,3.696
original,return_mlp_ppo,3,0.16,-3.162,3.762
original,return_mlp_ppo,3,0.165,-3.276,3.856
original,return_mlp_ppo,3,0.17,-3.43,4.03
original,return_mlp_ppo,3,0.17500000000000002,-3.534,4.154
original,return_mlp_ppo,3,0.18,-3.632,4.244
original,return_mlp_ppo,3,0.185,-3.74,4.356
original,return_mlp_ppo,3,0.19,-3.818,4.438
original,return_mlp_ppo,3,0.195,-3.95,4.546
original,return_mlp_ppo,3,0.2,-4.024,4.624
original,return_mlp_ppo,3,0.20500000000000002,-4.14,4.74
original,return_mlp_ppo,3,0.21,-4.268,4.868
original,return_mlp_ppo,3,0.215,-4.384,4.972
original,return_mlp_ppo,3,0.22,-4.53,5.11
original,return_mlp_ppo,3,0.225,-4.598,5.178
original,return_mlp_ppo,3,0.23,-4.73,5.298
original,return_mlp_ppo,3,0.23500000000000001,-4.806,5.358
original,return_mlp_ppo,3,0.24,-4.932,5.48
original,return_mlp_ppo,3,0.245,-5.11,5.642
original,return_mlp_ppo,3,0.25,-5.198,5.706
original,return_mlp_ppo,3,0.255,-5.312,5.812
original,return_mlp_ppo,3,0.26,-5.394,5.894
original,return_mlp_ppo,3,0.265,-5.526,5.994
original,return_mlp_ppo,3,0.27,-5.67,6.126
original,return_mlp_ppo,3,0.275,-5.768,6.224
original,return_mlp_ppo,3,0.28,-5.912,6.364
original,return_mlp_ppo,3,0.28500000000000003,-6.032,6.468
original,return_mlp_ppo,3,0.29,-6.144,6.608
original,return_mlp_ppo,3,0.295,-6.312,6.756
original,return_mlp_ppo,3,0.3,-6.408,6.86
original,return_mlp_ppo,3,0.305,-6.496,6.944
original,return_mlp_ppo,3,0.31,-6.64,7.076
original,return_mlp_ppo,3,0.315,-6.732,7.176
original,return_mlp_ppo,3,0.32,-6.842,7.266
original,return_mlp_ppo,3,0.325,-6.98,7.384
original,return_mlp_ppo,3,0.33,-7.052,7.456
original,return_mlp_ppo,3,0.335,-7.17,7.558
original,return_mlp_ppo,3,0.34,-7.284,7.672
original,return_mlp_ppo,3,0.34500000000000003,-7.414,7.79
original,return_mlp_ppo,3,0.35000000000000003,-7.534,7.906
original,return_mlp_ppo,3,0.355,-7.668,8.044
original,return_mlp_ppo,3,0.36,-7.76,8.132
original,return_mlp_ppo,3,0.365,-7.874,8.242
original,return_mlp_ppo,3,0.37,-8.014,8.374
original,return_mlp_ppo,3,0.375,-8.148,8.512
original,return_mlp_ppo,3,0.38,-8.29,8.642
original,return_mlp_ppo,3,0.385,-8.444,8.776
original,return_mlp_ppo,3,0.39,-8.544,8.864
original,return_mlp_ppo,3,0.395,-8.654,8.974
original,return_mlp_ppo,3,0.4,-8.714,9.05
original,return_mlp_ppo,3,0.405,-8.862,9.19
original,return_mlp_ppo,3,0.41000000000000003,-9.0,9.32
original,return_mlp_ppo,3,0.41500000000000004,-9.082,9.394
original,return_mlp_ppo,3,0.42,-9.23,9.53
original,return_mlp_ppo,3,0.425,-9.354,9.638
original,return_mlp_ppo,3,0.43,-9.456,9.74
original,return_mlp_ppo,3,0.435,-9.6,9.876
original,return_mlp_ppo,3,0.44,-9.738,10.01
original,return_mlp_ppo,3,0.445,-9.826,10.102
original,return_mlp_ppo,3,0.45,-9.954,10.222
original,return_mlp_ppo,3,0.455,-10.052,10.336
original,return_mlp_ppo,3,0.46,-10.106,10.394
original,return_mlp_ppo,3,0.465,-10.246,10.534
original,return_mlp_ppo,3,0.47000000000000003,-10.366,10.666
original,return_mlp_ppo,3,0.47500000000000003,-10.484,10.804
original,return_mlp_ppo,3,0.48,-10.626,10.946
original,return_mlp_ppo,3,0.485,-10.744,11.048
original,return_mlp_ppo,3,0.49,-10.84,11.152
original,return_mlp_ppo,3,0.495,-10.928,11.252
original,return_mlp_ppo,3,0.5,-10.988,11.32
original,return_mlp_ppo,3,0.505,-11.088,11.424
original,return_mlp_ppo,3,0.51,-11.176,11.52
original,return_mlp_ppo,3,0.515,-11.276,11.624
original,return_mlp_ppo,3,0.52,-11.358,11.698
original,return_mlp_ppo,3,0.525,-11.46,11.792
original,return_mlp_ppo,3,0.53,-11.552,11.892
original,return_mlp_ppo,3,0.535,-11.69,12.022
original,return_mlp_ppo,3,0.54,-11.81,12.154
original,return_mlp_ppo,3,0.545,-11.912,12.264
original,return_mlp_ppo,3,0.55,-12.044,12.384
original,return_mlp_ppo,3,0.555,-12.164,12.5
original,return_mlp_ppo,3,0.56,-12.29,12.622
original,return_mlp_ppo,3,0.5650000000000001,-12.398,12.714
original,return_mlp_ppo,3,0.5700000000000001,-12.52,12.836
original,return_mlp_ppo,3,0.5750000000000001,-12.634,12.95
original,return_mlp_ppo,3,0.58,-12.744,13.064
original,return_mlp_ppo,3,0.585,-12.84,13.164
original,return_mlp_ppo,3,0.59,-12.928,13.256
original,return_mlp_ppo,3,0.595,-12.992,13.336
original,return_mlp_ppo,3,0.6,-13.104,13.448
original,return_mlp_ppo,3,0.605,-13.256,13.6
original,return_mlp_ppo,3,0.61,-13.344,13.688
original,return_mlp_ppo,3,0.615,-13.474,13.806
original,return_mlp_ppo,3,0.62,-13.626,13.962
original,return_mlp_ppo,3,0.625,-13.71,14.046
original,return_mlp_ppo,3,0.63,-13.798,14.142
original,return_mlp_ppo,3,0.635,-13.912,14.268
original,return_mlp_ppo,3,0.64,-14.02,14.372
original,return_mlp_ppo,3,0.645,-14.13,14.474
original,return_mlp_ppo,3,0.65,-14.264,14.608
original,return_mlp_ppo,3,0.655,-14.416,14.756
original,return_mlp_ppo,3,0.66,-14.566,14.902
original,return_mlp_ppo,3,0.665,-14.65,14.99
original,return_mlp_ppo,3,0.67,-14.73,15.066
original,return_mlp_ppo,3,0.675,-14.796,15.144
original,return_mlp_ppo,3,0.68,-14.874,15.234
original,return_mlp_ppo,3,0.685,-14.968,15.324
original,return_mlp_ppo,3,0.6900000000000001,-15.064,15.408
original,return_mlp_ppo,3,0.6950000000000001,-15.17,15.51
original,return_mlp_ppo,3,0.7000000000000001,-15.304,15.636
original,return_mlp_ppo,3,0.705,-15.412,15.74
original,return_mlp_ppo,3,0.71,-15.488,15.8
original,return_mlp_ppo,3,0.715,-15.6,15.924
original,return_mlp_ppo,3,0.72,-15.706,16.03
original,return_mlp_ppo,3,0.725,-15.8,16.132
original,return_mlp_ppo,3,0.73,-15.936,16.276
original,return_mlp_ppo,3,0.735,-16.05,16.386
original,return_mlp_ppo,3,0.74,-16.164,16.512
original,return_mlp_ppo,3,0.745,-16.26,16.612
original,return_mlp_ppo,3,0.75,-16.36,16.708
original,return_mlp_ppo,3,0.755,-16.492,16.84
original,return_mlp_ppo,3,0.76,-16.54,16.88
original,return_mlp_ppo,3,0.765,-16.64,16.976
original,return_mlp_ppo,3,0.77,-16.738,17.074
original,return_mlp_ppo,3,0.775,-16.828,17.168
original,return_mlp_ppo,3,0.78,-16.956,17.284
original,return_mlp_ppo,3,0.785,-17.056,17.38
original,return_mlp_ppo,3,0.79,-17.134,17.458
original,return_mlp_ppo,3,0.795,-17.228,17.552
original,return_mlp_ppo,3,0.8,-17.312,17.628
original,return_mlp_ppo,3,0.805,-17.426,17.734
original,return_mlp_ppo,3,0.81,-17.488,17.808
original,return_mlp_ppo,3,0.8150000000000001,-17.574,17.898
original,return_mlp_ppo,3,0.8200000000000001,-17.644,17.964
original,return_mlp_ppo,3,0.8250000000000001,-17.716,18.032
original,return_mlp_ppo,3,0.8300000000000001,-17.866,18.182
original,return_mlp_ppo,3,0.835,-17.956,18.272
original,return_mlp_ppo,3,0.84,-18.028,18.344
original,return_mlp_ppo,3,0.845,-18.096,18.412
original,return_mlp_ppo,3,0.85,-18.198,18.51
original,return_mlp_ppo,3,0.855,-18.27,18.582
original,return_mlp_ppo,3,0.86,-18.376,18.688
original,return_mlp_ppo,3,0.865,-18.506,18.81
original,return_mlp_ppo,3,0.87,-18.558,18.858
original,return_mlp_ppo,3,0.875,-18.63,18.93
original,return_mlp_ppo,3,0.88,-18.734,19.038
original,return_mlp_ppo,3,0.885,-18.848,19.136
original,return_mlp_ppo,3,0.89,-18.944,19.236
original,return_mlp_ppo,3,0.895,-19.04,19.32
original,return_mlp_ppo,3,0.9,-19.116,19.408
original,return_mlp_ppo,3,0.905,-19.168,19.468
original,return_mlp_ppo,3,0.91,-19.234,19.53
original,return_mlp_ppo,3,0.915,-19.274,19.574
original,return_mlp_ppo,3,0.92,-19.368,19.66
original,return_mlp_ppo,3,0.925,-19.408,19.708
original,return_mlp_ppo,3,0.93,-19.506,19.798
original,return_mlp_ppo,3,0.935,-19.59,19.882
original,return_mlp_ppo,3,0.9400000000000001,-19.662,19.966
original,return_mlp_ppo,3,0.9450000000000001,-19.734,20.042
original,return_mlp_ppo,3,0.9500000000000001,-19.822,20.142
original,return_mlp_ppo,3,0.9550000000000001,-19.914,20.242
original,return_mlp_ppo,3,0.96,-20.006,20.334
original,return_mlp_ppo,3,0.965,-20.09,20.418
original,return_mlp_ppo,3,0.97,-20.12,20.472
original,return_mlp_ppo,3,0.975,-20.198,20.55
original,return_mlp_ppo,3,0.98,-20.288,20.632
original,return_mlp_ppo,3,0.985,-20.356,20.708
original,return_mlp_ppo,3,0.99,-20.424,20.772
original,return_mlp_ppo,3,0.995,-20.512,20.872
original,return_mlp_ppo,3,1.0,-20.576,20.928
original,return_mlp_ppo,4,0.0,0.0,0.0
original,return_mlp_ppo,4,0.005,-0.048,0.208
original,return_mlp_ppo,4,0.01,-0.094,0.41
original,return_mlp_ppo,4,0.015,-0.182,0.606
original,return_mlp_ppo,4,0.02,-0.32,0.764
original,return_mlp_ppo,4,0.025,-0.392,0.892
original,return_mlp_ppo,4,0.03,-0.492,1.056
original,return_mlp_ppo,4,0.035,-0.59,1.186
original,return_mlp_ppo,4,0.04,-0.702,1.346
original,return_mlp_ppo,4,0.045,-0.818,1.486
original,return_mlp_ppo,4,0.05,-0.902,1.598
original,return_mlp_ppo,4,0.055,-1.012,1.728
original,return_mlp_ppo,4,0.06,-1.092,1.82
original,return_mlp_ppo,4,0.065,-1.196,1.92
original,return_mlp_ppo,4,0.07,-1.266,2.034
original,return_mlp_ppo,4,0.075,-1.366,2.138
original,return_mlp_ppo,4,0.08,-1.468,2.248
original,return_mlp_ppo,4,0.085,-1.59,2.362
original,return_mlp_ppo,4,0.09,-1.736,2.496
original,return_mlp_ppo,4,0.095,-1.812,2.608
original,return_mlp_ppo,4,0.1,-1.918,2.73
original,return_mlp_ppo,4,0.105,-1.982,2.83
original,return_mlp_ppo,4,0.11,-2.12,2.932
original,return_mlp_ppo,4,0.115,-2.21,3.022
original,return_mlp_ppo,4,0.12,-2.312,3.12
original,return_mlp_ppo,4,0.125,-2.436,3.232
original,return_mlp_ppo,4,0.13,-2.562,3.342
original,return_mlp_ppo,4,0.135,-2.664,3.46
original,return_mlp_ppo,4,0.14,-2.776,3.552
original,return_mlp_ppo,4,0.145,-2.912,3.688
original,return_mlp_ppo,4,0.15,-3.08,3.8
original,return_mlp_ppo,4,0.155,-3.172,3.924
original,return_mlp_ppo,4,0.16,-3.264,4.024
original,return_mlp_ppo,4,0.165,-3.398,4.15
original,return_mlp_ppo,4,0.17,-3.564,4.328
original,return_mlp_ppo,4,0.17500000000000002,-3.688,4.468
original,return_mlp_ppo,4,0.18,-3.812,4.576
original,return_mlp_ppo,4,0.185,-3.94,4.68
original,return_mlp_ppo,4,0.19,-4.028,4.792
original,return_mlp_ppo,4,0.195,-4.158,4.918
original,return_mlp_ppo,4,0.2,-4.252,5.016
original,return_mlp_ppo,4,0.20500000000000002,-4.378,5.146
original,return_mlp_ppo,4,0.21,-4.514,5.27
original,return_mlp_ppo,4,0.215,-4.632,5.388
original,return_mlp_ppo,4,0.22,-4.806,5.566
original,return_mlp_ppo,4,0.225,-4.884,5.644
original,return_mlp_ppo,4,0.23,-5.04,5.776
original,return_mlp_ppo,4,0.23500000000000001,-5.148,5.864
original,return_mlp_ppo,4,0.24,-5.3,6.02
original,return_mlp_ppo,4,0.245,-5.494,6.194
original,return_mlp_ppo,4,0.25,-5.616,6.296
original,return_mlp_ppo,4,0.255,-5.758,6.422
original,return_mlp_ppo,4,0.26,-5.866,6.538
original,return_mlp_ppo,4,0.265,-6.02,6.672
original,return_mlp_ppo,4,0.27,-6.198,6.83
original,return_mlp_ppo,4,0.275,-6.306,6.954
original,return_mlp_ppo,4,0.28,-6.48,7.128
original,return_mlp_ppo,4,0.28500000000000003,-6.606,7.274
original,return_mlp_ppo,4,0.29,-6.75,7.45
original,return_mlp_ppo,4,0.295,-6.964,7.624
original,return_mlp_ppo,4,0.3,-7.108,7.784
original,return_mlp_ppo,4,0.305,-7.224,7.9
original,return_mlp_ppo,4,0.31,-7.394,8.054
original,return_mlp_ppo,4,0.315,-7.506,8.158
original,return_mlp_ppo,4,0.32,-7.646,8.286
original,return_mlp_ppo,4,0.325,-7.818,8.446
original,return_mlp_ppo,4,0.33,-7.91,8.534
original,return_mlp_ppo,4,0.335,-8.03,8.646
original,return_mlp_ppo,4,0.34,-8.178,8.798
original,return_mlp_ppo,4,0.34500000000000003,-8.35,8.954
original,return_mlp_ppo,4,0.35000000000000003,-8.502,9.094
original,return_mlp_ppo,4,0.355,-8.68,9.272
original,return_mlp_ppo,4,0.36,-8.816,9.412
original,return_mlp_ppo,4,0.365,-8.958,9.562
original,return_mlp_ppo,4,0.37,-9.132,9.732
original,return_mlp_ppo,4,0.375,-9.296,9.888
original,return_mlp_ppo,4,0.38,-9.456,10.04
original,return_mlp_ppo,4,0.385,-9.612,10.184
original,return_mlp_ppo,4,0.39,-9.728,10.288
original,return_mlp_ppo,4,0.395,-9.874,10.446
original,return_mlp_ppo,4,0.4,-9.986,10.558
original,return_mlp_ppo,4,0.405,-10.132,10.704
original,return_mlp_ppo,4,0.41000000000000003,-10.282,10.85
original,return_mlp_ppo,4,0.41500000000000004,-10.398,10.954
original,return_mlp_ppo,4,0.42,-10.564,11.116
original,return_mlp_ppo,4,0.425,-10.73,11.266
original,return_mlp_ppo,4,0.43,-10.872,11.4
original,return_mlp_ppo,4,0.435,-11.034,11.546
original,return_mlp_ppo,4,0.44,-11.192,11.7
original,return_mlp_ppo,4,0.445,-11.34,11.844
original,return_mlp_ppo,4,0.45,-11.502,11.998
original,return_mlp_ppo,4,0.455,-11.648,12.152
original,return_mlp_ppo,4,0.46,-11.742,12.254
original,return_mlp_ppo,4,0.465,-11.916,12.424
original,return_mlp_ppo,4,0.47000000000000003,-12.096,12.604
original,return_mlp_ppo,4,0.47500000000000003,-12.244,12.768
original,return_mlp_ppo,4,0.48,-12.434,12.946
original,return_mlp_ppo,4,0.485,-12.584,13.096
original,return_mlp_ppo,4,0.49,-12.728,13.244
original,return_mlp_ppo,4,0.495,-12.864,13.38
original,return_mlp_ppo,4,0.5,-12.976,13.484
original,return_mlp_ppo,4,0.505,-13.106,13.614
original,return_mlp_ppo,4,0.51,-13.22,13.736
original,return_mlp_ppo,4,0.515,-13.354,13.878
original,return_mlp_ppo,4,0.52,-13.474,14.002
original,return_mlp_ppo,4,0.525,-13.63,14.166
original,return_mlp_ppo,4,0.53,-13.758,14.29
original,return_mlp_ppo,4,0.535,-13.93,14.462
original,return_mlp_ppo,4,0.54,-14.086,14.638
original,return_mlp_ppo,4,0.545,-14.236,14.796
original,return_mlp_ppo,4,0.55,-14.406,14.954
original,return_mlp_ppo,4,0.555,-14.576,15.128
original,return_mlp_ppo,4,0.56,-14.742,15.294
original,return_mlp_ppo,4,0.5650000000000001,-14.888,15.42
original,return_mlp_ppo,4,0.5700000000000001,-15.052,15.592
original,return_mlp_ppo,4,0.5750000000000001,-15.192,15.728
original,return_mlp_ppo,4,0.58,-15.346,15.874
original,return_mlp_ppo,4,0.585,-15.484,16.016
original,return_mlp_ppo,4,0.59,-15.622,16.15
original,return_mlp_ppo,4,0.595,-15.742,16.294
original,return_mlp_ppo,4,0.6,-15.898,16.454
original,return_mlp_ppo,4,0.605,-16.108,16.664
original,return_mlp_ppo,4,0.61,-16.238,16.79
original,return_mlp_ppo,4,0.615,-16.4,16.948
original,return_mlp_ppo,4,0.62,-16.566,17.13
original,return_mlp_ppo,4,0.625,-16.694,17.254
original,return_mlp_ppo,4,0.63,-16.84,17.4
original,return_mlp_ppo,4,0.635,-17.004,17.572
original,return_mlp_ppo,4,0.64,-17.154,17.718
original,return_mlp_ppo,4,0.645,-17.32,17.88
original,return_mlp_ppo,4,0.65,-17.508,18.068
original,return_mlp_ppo,4,0.655,-17.676,18.236
original,return_mlp_ppo,4,0.66,-17.876,18.424
original,return_mlp_ppo,4,0.665,-18.022,18.574
original,return_mlp_ppo,4,0.67,-18.146,18.698
original,return_mlp_ppo,4,0.675,-18.256,18.82
original,return_mlp_ppo,4,0.68,-18.356,18.936
original,return_mlp_ppo,4,0.685,-18.49,19.066
original,return_mlp_ppo,4,0.6900000000000001,-18.612,19.196
original,return_mlp_ppo,4,0.6950000000000001,-18.774,19.358
original,return_mlp_ppo,4,0.7000000000000001,-18.946,19.522
original,return_mlp_ppo,4,0.705,-19.106,19.67
original,return_mlp_ppo,4,0.71,-19.222,19.778
original,return_mlp_ppo,4,0.715,-19.368,19.928
original,return_mlp_ppo,4,0.72,-19.532,20.092
original,return_mlp_ppo,4,0.725,-19.678,20.242
original,return_mlp_ppo,4,0.73,-19.868,20.44
original,return_mlp_ppo,4,0.735,-20.034,20.602
original,return_mlp_ppo,4,0.74,-20.196,20.78
original,return_mlp_ppo,4,0.745,-20.348,20.932
original,return_mlp_ppo,4,0.75,-20.492,21.08
original,return_mlp_ppo,4,0.755,-20.664,21.284
original,return_mlp_ppo,4,0.76,-20.766,21.378
original,return_mlp_ppo,4,0.765,-20.892,21.52
original,return_mlp_ppo,4,0.77,-21.052,21.684
original,return_mlp_ppo,4,0.775,-21.194,21.826
original,return_mlp_ppo,4,0.78,-21.348,21.972
original,return_mlp_ppo,4,0.785,-21.502,22.13
original,return_mlp_ppo,4,0.79,-21.64,22.268
original,return_mlp_ppo,4,0.795,-21.792,22.428
original,return_mlp_ppo,4,0.8,-21.912,22.544
original,return_mlp_ppo,4,0.805,-22.084,22.704
original,return_mlp_ppo,4,0.81,-22.202,22.834
original,return_mlp_ppo,4,0.8150000000000001,-22.338,22.97
original,return_mlp_ppo,4,0.8200000000000001,-22.448,23.092
original,return_mlp_ppo,4,0.8250000000000001,-22.57,23.222
original,return_mlp_ppo,4,0.8300000000000001,-22.764,23.428
original,return_mlp_ppo,4,0.835,-22.906,23.562
original,return_mlp_ppo,4,0.84,-23.028,23.688
original,return_mlp_ppo,4,0.845,-23.162,23.826
original,return_mlp_ppo,4,0.85,-23.29,23.958
original,return_mlp_ppo,4,0.855,-23.406,24.074
original,return_mlp_ppo,4,0.86,-23.544,24.208
original,return_mlp_ppo,4,0.865,-23.714,24.382
original,return_mlp_ppo,4,0.87,-23.798,24.466
original,return_mlp_ppo,4,0.875,-23.91,24.582
original,return_mlp_ppo,4,0.88,-24.054,24.726
original,return_mlp_ppo,4,0.885,-24.214,24.874
original,return_mlp_ppo,4,0.89,-24.366,25.03
original,return_mlp_ppo,4,0.895,-24.516,25.176
original,return_mlp_ppo,4,0.9,-24.644,25.316
original,return_mlp_ppo,4,0.905,-24.754,25.438
original,return_mlp_ppo,4,0.91,-24.872,25.548
original,return_mlp_ppo,4,0.915,-24.98,25.66
original,return_mlp_ppo,4,0.92,-25.126,25.794
original,return_mlp_ppo,4,0.925,-25.226,25.89
original,return_mlp_ppo,4,0.93,-25.394,26.058
original,return_mlp_ppo,4,0.935,-25.514,26.182
original,return_mlp_ppo,4,0.9400000000000001,-25.642,26.31
original,return_mlp_ppo,4,0.9450000000000001,-25.764,26.444
original,return_mlp_ppo,4,0.9500000000000001,-25.902,26.582
original,return_mlp_ppo,4,0.9550000000000001,-26.044,26.732
original,return_mlp_ppo,4,0.96,-26.154,26.846
original,return_mlp_ppo,4,0.965,-26.282,26.982
original,return_mlp_ppo,4,0.97,-26.362,27.082
original,return_mlp_ppo,4,0.975,-26.49,27.21
original,return_mlp_ppo,4,0.98,-26.622,27.33
original,return_mlp_ppo,4,0.985,-26.744,27.452
original,return_mlp_ppo,4,0.99,-26.862,27.57
original,return_mlp_ppo,4,0.995,-27.002,27.71
original,return_mlp_ppo,4,1.0,-27.148,27.856
original,return_lstm_ppo,0,0.0,0.0,0.0
original,return_lstm_ppo,0,0.005,-0.056,0.16
original,return_lstm_ppo,0,0.01,-0.112,0.304
original,return_lstm_ppo,0,0.015,-0.212,0.472
original,return_lstm_ppo,0,0.02,-0.35,0.61
original,return_lstm_ppo,0,0.025,-0.442,0.746
original,return_lstm_ppo,0,0.03,-0.558,0.902
original,return_lstm_ppo,0,0.035,-0.682,1.038
original,return_lstm_ppo,0,0.04,-0.804,1.188
original,return_lstm_ppo,0,0.045,-0.934,1.314
original,return_lstm_ppo,0,0.05,-1.014,1.426
original,return_lstm_ppo,0,0.055,-1.138,1.55
original,return_lstm_ppo,0,0.06,-1.226,1.626
original,return_lstm_ppo,0,0.065,-1.34,1.724
original,return_lstm_ppo,0,0.07,-1.422,1.822
original,return_lstm_ppo,0,0.075,-1.538,1.926
original,return_lstm_ppo,0,0.08,-1.654,2.038
original,return_lstm_ppo,0,0.085,-1.772,2.136
original,return_lstm_ppo,0,0.09,-1.91,2.254
original,return_lstm_ppo,0,0.095,-2.02,2.368
original,return_lstm_ppo,0,0.1,-2.102,2.442
original,return_lstm_ppo,0,0.105,-2.19,2.534
original,return_lstm_ppo,0,0.11,-2.332,2.644
original,return_lstm_ppo,0,0.115,-2.434,2.738
original,return_lstm_ppo,0,0.12,-2.544,2.836
original,return_lstm_ppo,0,0.125,-2.678,2.962
original,return_lstm_ppo,0,0.13,-2.796,3.084
original,return_lstm_ppo,0,0.135,-2.88,3.176
original,return_lstm_ppo,0,0.14,-2.974,3.262
original,return_lstm_ppo,0,0.145,-3.106,3.402
original,return_lstm_ppo,0,0.15,-3.26,3.512
original,return_lstm_ppo,0,0.155,-3.354,3.602
original,return_lstm_ppo,0,0.16,-3.46,3.696
original,return_lstm_ppo,0,0.165,-3.588,3.804
original,return_lstm_ppo,0,0.17,-3.738,3.95
original,return_lstm_ppo,0,0.17500000000000002,-3.854,4.07
original,return_lstm_ppo,0,0.18,-3.962,4.178
original,return_lstm_ppo,0,0.185,-4.082,4.274
original,return_lstm_ppo,0,0.19,-4.164,4.356
original,return_lstm_ppo,0,0.195,-4.294,4.462
original,return_lstm_ppo,0,0.2,-4.37,4.542
original,return_lstm_ppo,0,0.20500000000000002,-4.504,4.66
original,return_lstm_ppo,0,0.21,-4.622,4.782
original,return_lstm_ppo,0,0.215,-4.732,4.888
original,return_lstm_ppo,0,0.22,-4.886,5.03
original,return_lstm_ppo,0,0.225,-4.954,5.102
original,return_lstm_ppo,0,0.23,-5.082,5.218
original,return_lstm_ppo,0,0.23500000000000001,-5.164,5.276
original,return_lstm_ppo,0,0.24,-5.292,5.404
original,return_lstm_ppo,0,0.245,-5.45,5.546
original,return_lstm_ppo,0,0.25,-5.534,5.622
original,return_lstm_ppo,0,0.255,-5.64,5.732
original,return_lstm_ppo,0,0.26,-5.734,5.826
original,return_lstm_ppo,0,0.265,-5.854,5.926
original,return_lstm_ppo,0,0.27,-5.97,6.042
original,return_lstm_ppo,0,0.275,-6.066,6.134
original,return_lstm_ppo,0,0.28,-6.206,6.274
original,return_lstm_ppo,0,0.28500000000000003,-6.302,6.366
original,return_lstm_ppo,0,0.29,-6.398,6.47
original,return_lstm_ppo,0,0.295,-6.552,6.624
original,return_lstm_ppo,0,0.3,-6.656,6.728
original,return_lstm_ppo,0,0.305,-6.748,6.824
original,return_lstm_ppo,0,0.31,-6.878,6.954
original,return_lstm_ppo,0,0.315,-6.976,7.048
original,return_lstm_ppo,0,0.32,-7.074,7.142
original,return_lstm_ppo,0,0.325,-7.196,7.252
original,return_lstm_ppo,0,0.33,-7.246,7.298
original,return_lstm_ppo,0,0.335,-7.346,7.394
original,return_lstm_ppo,0,0.34,-7.45,7.502
original,return_lstm_ppo,0,0.34500000000000003,-7.574,7.626
original,return_lstm_ppo,0,0.35000000000000003,-7.69,7.742
original,return_lstm_ppo,0,0.355,-7.824,7.876
original,return_lstm_ppo,0,0.36,-7.908,7.96
original,return_lstm_ppo,0,0.365,-8.002,8.058
original,return_lstm_ppo,0,0.37,-8.128,8.18
original,return_lstm_ppo,0,0.375,-8.238,8.29
original,return_lstm_ppo,0,0.38,-8.356,8.396
original,return_lstm_ppo,0,0.385,-8.478,8.51
original,return_lstm_ppo,0,0.39,-8.578,8.618
original,return_lstm_ppo,0,0.395,-8.674,8.714
original,return_lstm_ppo,0,0.4,-8.736,8.772
original,return_lstm_ppo,0,0.405,-8.866,8.91
original,return_lstm_ppo,0,0.41000000000000003,-8.982,9.018
original,return_lstm_ppo,0,0.41500000000000004,-9.058,9.094
original,return_lstm_ppo,0,0.42,-9.184,9.22
original,return_lstm_ppo,0,0.425,-9.308,9.344
original,return_lstm_ppo,0,0.43,-9.41,9.446
original,return_lstm_ppo,0,0.435,-9.522,9.558
original,return_lstm_ppo,0,0.44,-9.634,9.67
original,return_lstm_ppo,0,0.445,-9.732,9.768
original,return_lstm_ppo,0,0.45,-9.844,9.876
original,return_lstm_ppo,0,0.455,-9.93,9.962
original,return_lstm_ppo,0,0.46,-9.982,10.014
original,return_lstm_ppo,0,0.465,-10.106,10.138
original,return_lstm_ppo,0,0.47000000000000003,-10.222,10.254
original,return_lstm_ppo,0,0.47500000000000003,-10.334,10.37
original,return_lstm_ppo,0,0.48,-10.45,10.49
original,return_lstm_ppo,0,0.485,-10.568,10.604
original,return_lstm_ppo,0,0.49,-10.65,10.686
original,return_lstm_ppo,0,0.495,-10.738,10.782
original,return_lstm_ppo,0,0.5,-10.794,10.83
original,return_lstm_ppo,0,0.505,-10.862,10.898
original,return_lstm_ppo,0,0.51,-10.938,10.974
original,return_lstm_ppo,0,0.515,-11.012,11.048
original,return_lstm_ppo,0,0.52,-11.066,11.098
original,return_lstm_ppo,0,0.525,-11.152,11.184
original,return_lstm_ppo,0,0.53,-11.212,11.24
original,return_lstm_ppo,0,0.535,-11.324,11.356
original,return_lstm_ppo,0,0.54,-11.428,11.46
original,return_lstm_ppo,0,0.545,-11.51,11.554
original,return_lstm_ppo,0,0.55,-11.604,11.648
original,return_lstm_ppo,0,0.555,-11.71,11.754
original,return_lstm_ppo,0,0.56,-11.822,11.866
original,return_lstm_ppo,0,0.5650000000000001,-11.9,11.944
original,return_lstm_ppo,0,0.5700000000000001,-11.982,12.026
original,return_lstm_ppo,0,0.5750000000000001,-12.064,12.112
original,return_lstm_ppo,0,0.58,-12.16,12.204
original,return_lstm_ppo,0,0.585,-12.232,12.272
original,return_lstm_ppo,0,0.59,-12.286,12.33
original,return_lstm_ppo,0,0.595,-12.298,12.342
original,return_lstm_ppo,0,0.6,-12.384,12.428
original,return_lstm_ppo,0,0.605,-12.522,12.566
original,return_lstm_ppo,0,0.61,-12.598,12.642
original,return_lstm_ppo,0,0.615,-12.694,12.734
original,return_lstm_ppo,0,0.62,-12.806,12.846
original,return_lstm_ppo,0,0.625,-12.862,12.902
original,return_lstm_ppo,0,0.63,-12.934,12.974
original,return_lstm_ppo,0,0.635,-13.03,13.07
original,return_lstm_ppo,0,0.64,-13.116,13.156
original,return_lstm_ppo,0,0.645,-13.2,13.236
original,return_lstm_ppo,0,0.65,-13.322,13.362
original,return_lstm_ppo,0,0.655,-13.428,13.464
original,return_lstm_ppo,0,0.66,-13.538,13.57
original,return_lstm_ppo,0,0.665,-13.61,13.642
original,return_lstm_ppo,0,0.67,-13.668,13.7
original,return_lstm_ppo,0,0.675,-13.71,13.742
original,return_lstm_ppo,0,0.68,-13.766,13.798
original,return_lstm_ppo,0,0.685,-13.834,13.862
original,return_lstm_ppo,0,0.6900000000000001,-13.89,13.914
original,return_lstm_ppo,0,0.6950000000000001,-13.962,13.986
original,return_lstm_ppo,0,0.7000000000000001,-14.078,14.106
original,return_lstm_ppo,0,0.705,-14.152,14.18
original,return_lstm_ppo,0,0.71,-14.2,14.216
original,return_lstm_ppo,0,0.715,-14.286,14.306
original,return_lstm_ppo,0,0.72,-14.36,14.38
original,return_lstm_ppo,0,0.725,-14.41,14.43
original,return_lstm_ppo,0,0.73,-14.52,14.544
original,return_lstm_ppo,0,0.735,-14.592,14.616
original,return_lstm_ppo,0,0.74,-14.676,14.708
original,return_lstm_ppo,0,0.745,-14.75,14.782
original,return_lstm_ppo,0,0.75,-14.812,14.848
original,return_lstm_ppo,0,0.755,-14.904,14.936
original,return_lstm_ppo,0,0.76,-14.934,14.962
original,return_lstm_ppo,0,0.765,-15.008,15.036
original,return_lstm_ppo,0,0.77,-15.072,15.096
original,return_lstm_ppo,0,0.775,-15.136,15.16
original,return_lstm_ppo,0,0.78,-15.228,15.252
original,return_lstm_ppo,0,0.785,-15.3,15.328
original,return_lstm_ppo,0,0.79,-15.32,15.348
original,return_lstm_ppo,0,0.795,-15.388,15.416
original,return_lstm_ppo,0,0.8,-15.436,15.464
original,return_lstm_ppo,0,0.805,-15.504,15.532
original,return_lstm_ppo,0,0.81,-15.546,15.574
original,return_lstm_ppo,0,0.8150000000000001,-15.592,15.62
original,return_lstm_ppo,0,0.8200000000000001,-15.628,15.652
original,return_lstm_ppo,0,0.8250000000000001,-15.666,15.69
original,return_lstm_ppo,0,0.8300000000000001,-15.778,15.802
original,return_lstm_ppo,0,0.835,-15.842,15.862
original,return_lstm_ppo,0,0.84,-15.872,15.892
original,return_lstm_ppo,0,0.845,-15.916,15.936
original,return_lstm_ppo,0,0.85,-15.988,16.012
original,return_lstm_ppo,0,0.855,-16.036,16.06
original,return_lstm_ppo,0,0.86,-16.092,16.108
original,return_lstm_ppo,0,0.865,-16.186,16.202
original,return_lstm_ppo,0,0.87,-16.216,16.236
original,return_lstm_ppo,0,0.875,-16.256,16.276
original,return_lstm_ppo,0,0.88,-16.318,16.342
original,return_lstm_ppo,0,0.885,-16.402,16.422
original,return_lstm_ppo,0,0.89,-16.462,16.482
original,return_lstm_ppo,0,0.895,-16.522,16.542
original,return_lstm_ppo,0,0.9,-16.56,16.58
original,return_lstm_ppo,0,0.905,-16.566,16.586
original,return_lstm_ppo,0,0.91,-16.604,16.624
original,return_lstm_ppo,0,0.915,-16.62,16.64
original,return_lstm_ppo,0,0.92,-16.68,16.7
original,return_lstm_ppo,0,0.925,-16.698,16.718
original,return_lstm_ppo,0,0.93,-16.744,16.764
original,return_lstm_ppo,0,0.935,-16.79,16.814
original,return_lstm_ppo,0,0.9400000000000001,-16.836,16.864
original,return_lstm_ppo,0,0.9450000000000001,-16.866,16.898
original,return_lstm_ppo,0,0.9500000000000001,-16.904,16.936
original,return_lstm_ppo,0,0.9550000000000001,-16.96,16.992
original,return_lstm_ppo,0,0.96,-17.03,17.058
original,return_lstm_ppo,0,0.965,-17.066,17.09
original,return_lstm_ppo,0,0.97,-17.058,17.082
original,return_lstm_ppo,0,0.975,-17.118,17.142
original,return_lstm_ppo,0,0.98,-17.174,17.198
original,return_lstm_ppo,0,0.985,-17.198,17.222
original,return_lstm_ppo,0,0.99,-17.242,17.266
original,return_lstm_ppo,0,0.995,-17.302,17.322
original,return_lstm_ppo,0,1.0,-17.326,17.346
original,return_lstm_ppo,1,0.0,0.0,0.0
original,return_lstm_ppo,1,0.005,-0.004,0.144
original,return_lstm_ppo,1,0.01,0.002,0.282
original,return_lstm_ppo,1,0.015,-0.012,0.416
original,return_lstm_ppo,1,0.02,-0.078,0.53
original,return_lstm_ppo,1,0.025,-0.108,0.64
original,return_lstm_ppo,1,0.03,-0.15,0.774
original,return_lstm_ppo,1,0.035,-0.194,0.858
original,return_lstm_ppo,1,0.04,-0.238,0.958
original,return_lstm_ppo,1,0.045,-0.3,1.028
original,return_lstm_ppo,1,0.05,-0.318,1.118
original,return_lstm_ppo,1,0.055,-0.35,1.17
original,return_lstm_ppo,1,0.06,-0.374,1.214
original,return_lstm_ppo,1,0.065,-0.394,1.25
original,return_lstm_ppo,1,0.07,-0.412,1.312
original,return_lstm_ppo,1,0.075,-0.43,1.362
original,return_lstm_ppo,1,0.08,-0.462,1.402
original,return_lstm_ppo,1,0.085,-0.512,1.44
original,return_lstm_ppo,1,0.09,-0.55,1.47
original,return_lstm_ppo,1,0.095,-0.574,1.538
original,return_lstm_ppo,1,0.1,-0.6,1.588
original,return_lstm_ppo,1,0.105,-0.6,1.64
original,return_lstm_ppo,1,0.11,-0.648,1.66
original,return_lstm_ppo,1,0.115,-0.674,1.69
original,return_lstm_ppo,1,0.12,-0.688,1.716
original,return_lstm_ppo,1,0.125,-0.72,1.756
original,return_lstm_ppo,1,0.13,-0.752,1.808
original,return_lstm_ppo,1,0.135,-0.748,1.82
original,return_lstm_ppo,1,0.14,-0.772,1.872
original,return_lstm_ppo,1,0.145,-0.816,1.924
original,return_lstm_ppo,1,0.15,-0.892,1.944
original,return_lstm_ppo,1,0.155,-0.898,1.998
original,return_lstm_ppo,1,0.16,-0.884,1.996
original,return_lstm_ppo,1,0.165,-0.93,2.03
original,return_lstm_ppo,1,0.17,-1.006,2.122
original,return_lstm_ppo,1,0.17500000000000002,-1.038,2.194
original,return_lstm_ppo,1,0.18,-1.044,2.208
original,return_lstm_ppo,1,0.185,-1.068,2.224
original,return_lstm_ppo,1,0.19,-1.074,2.25
original,return_lstm_ppo,1,0.195,-1.122,2.298
original,return_lstm_ppo,1,0.2,-1.128,2.328
original,return_lstm_ppo,1,0.20500000000000002,-1.154,2.346
original,return_lstm_ppo,1,0.21,-1.18,2.408
original,return_lstm_ppo,1,0.215,-1.2,2.444
original,return_lstm_ppo,1,0.22,-1.258,2.502
original,return_lstm_ppo,1,0.225,-1.272,2.528
original,return_lstm_ppo,1,0.23,-1.3,2.56
original,return_lstm_ppo,1,0.23500000000000001,-1.316,2.576
original,return_lstm_ppo,1,0.24,-1.348,2.648
original,return_lstm_ppo,1,0.245,-1.406,2.698
original,return_lstm_ppo,1,0.25,-1.426,2.682
original,return_lstm_ppo,1,0.255,-1.462,2.71
original,return_lstm_ppo,1,0.26,-1.478,2.754
original,return_lstm_ppo,1,0.265,-1.512,2.788
original,return_lstm_ppo,1,0.27,-1.534,2.782
original,return_lstm_ppo,1,0.275,-1.542,2.802
original,return_lstm_ppo,1,0.28,-1.6,2.872
original,return_lstm_ppo,1,0.28500000000000003,-1.616,2.884
original,return_lstm_ppo,1,0.29,-1.612,2.936
original,return_lstm_ppo,1,0.295,-1.67,2.982
original,return_lstm_ppo,1,0.3,-1.688,3.02
original,return_lstm_ppo,1,0.305,-1.704,3.04
original,return_lstm_ppo,1,0.31,-1.742,3.05
original,return_lstm_ppo,1,0.315,-1.76,3.088
original,return_lstm_ppo,1,0.32,-1.778,3.106
original,return_lstm_ppo,1,0.325,-1.812,3.116
original,return_lstm_ppo,1,0.33,-1.798,3.118
original,return_lstm_ppo,1,0.335,-1.826,3.154
original,return_lstm_ppo,1,0.34,-1.858,3.17
original,return_lstm_ppo,1,0.34500000000000003,-1.89,3.218
original,return_lstm_ppo,1,0.35000000000000003,-1.914,3.25
original,return_lstm_ppo,1,0.355,-1.984,3.312
original,return_lstm_ppo,1,0.36,-2.012,3.312
original,return_lstm_ppo,1,0.365,-2.018,3.326
original,return_lstm_ppo,1,0.37,-2.046,3.342
original,return_lstm_ppo,1,0.375,-2.08,3.388
original,return_lstm_ppo,1,0.38,-2.102,3.426
original,return_lstm_ppo,1,0.385,-2.146,3.43
original,return_lstm_ppo,1,0.39,-2.164,3.44
original,return_lstm_ppo,1,0.395,-2.186,3.482
original,return_lstm_ppo,1,0.4,-2.194,3.49
original,return_lstm_ppo,1,0.405,-2.24,3.536
original,return_lstm_ppo,1,0.41000000000000003,-2.278,3.578
original,return_lstm_ppo,1,0.41500000000000004,-2.28,3.572
original,return_lstm_ppo,1,0.42,-2.32,3.572
original,return_lstm_ppo,1,0.425,-2.352,3.604
original,return_lstm_ppo,1,0.43,-2.368,3.636
original,return_lstm_ppo,1,0.435,-2.404,3.664
original,return_lstm_ppo,1,0.44,-2.444,3.688
original,return_lstm_ppo,1,0.445,-2.474,3.71
original,return_lstm_ppo,1,0.45,-2.516,3.748
original,return_lstm_ppo,1,0.455,-2.542,3.802
original,return_lstm_ppo,1,0.46,-2.528,3.816
original,return_lstm_ppo,1,0.465,-2.544,3.84
original,return_lstm_ppo,1,0.47000000000000003,-2.568,3.872
original,return_lstm_ppo,1,0.47500000000000003,-2.618,3.938
original,return_lstm_ppo,1,0.48,-2.648,3.972
original,return_lstm_ppo,1,0.485,-2.682,3.986
original,return_lstm_ppo,1,0.49,-2.676,3.996
original,return_lstm_ppo,1,0.495,-2.698,4.058
original,return_lstm_ppo,1,0.5,-2.678,4.078
original,return_lstm_ppo,1,0.505,-2.664,4.056
original,return_lstm_ppo,1,0.51,-2.692,4.08
original,return_lstm_ppo,1,0.515,-2.696,4.092
original,return_lstm_ppo,1,0.52,-2.668,4.076
original,return_lstm_ppo,1,0.525,-2.676,4.064
original,return_lstm_ppo,1,0.53,-2.684,4.092
original,return_lstm_ppo,1,0.535,-2.732,4.148
original,return_lstm_ppo,1,0.54,-2.756,4.188
original,return_lstm_ppo,1,0.545,-2.75,4.214
original,return_lstm_ppo,1,0.55,-2.78,4.248
original,return_lstm_ppo,1,0.555,-2.816,4.296
original,return_lstm_ppo,1,0.56,-2.882,4.342
original,return_lstm_ppo,1,0.5650000000000001,-2.922,4.374
original,return_lstm_ppo,1,0.5700000000000001,-2.938,4.39
original,return_lstm_ppo,1,0.5750000000000001,-2.952,4.42
original,return_lstm_ppo,1,0.58,-2.988,4.456
original,return_lstm_ppo,1,0.585,-2.988,4.464
original,return_lstm_ppo,1,0.59,-2.978,4.43
original,return_lstm_ppo,1,0.595,-2.94,4.428
original,return_lstm_ppo,1,0.6,-2.976,4.472
original,return_lstm_ppo,1,0.605,-3.034,4.522
original,return_lstm_ppo,1,0.61,-3.024,4.52
original,return_lstm_ppo,1,0.615,-3.036,4.532
original,return_lstm_ppo,1,0.62,-3.074,4.57
original,return_lstm_ppo,1,0.625,-3.06,4.596
original,return_lstm_ppo,1,0.63,-3.066,4.598
original,return_lstm_ppo,1,0.635,-3.086,4.63
original,return_lstm_ppo,1,0.64,-3.098,4.618
original,return_lstm_ppo,1,0.645,-3.122,4.642
original,return_lstm_ppo,1,0.65,-3.166,4.67
original,return_lstm_ppo,1,0.655,-3.194,4.714
original,return_lstm_ppo,1,0.66,-3.224,4.752
original,return_lstm_ppo,1,0.665,-3.228,4.776
original,return_lstm_ppo,1,0.67,-3.224,4.816
original,return_lstm_ppo,1,0.675,-3.2,4.828
original,return_lstm_ppo,1,0.68,-3.186,4.838
original,return_lstm_ppo,1,0.685,-3.186,4.838
original,return_lstm_ppo,1,0.6900000000000001,-3.18,4.836
original,return_lstm_ppo,1,0.6950000000000001,-3.208,4.864
original,return_lstm_ppo,1,0.7000000000000001,-3.23,4.878
original,return_lstm_ppo,1,0.705,-3.248,4.896
original,return_lstm_ppo,1,0.71,-3.27,4.91
original,return_lstm_ppo,1,0.715,-3.308,4.928
original,return_lstm_ppo,1,0.72,-3.318,4.974
original,return_lstm_ppo,1,0.725,-3.328,4.984
original,return_lstm_ppo,1,0.73,-3.362,5.046
original,return_lstm_ppo,1,0.735,-3.396,5.088
original,return_lstm_ppo,1,0.74,-3.414,5.122
original,return_lstm_ppo,1,0.745,-3.408,5.148
original,return_lstm_ppo,1,0.75,-3.414,5.166
original,return_lstm_ppo,1,0.755,-3.434,5.202
original,return_lstm_ppo,1,0.76,-3.408,5.208
original,return_lstm_ppo,1,0.765,-3.422,5.258
original,return_lstm_ppo,1,0.77,-3.432,5.28
original,return_lstm_ppo,1,0.775,-3.422,5.262
original,return_lstm_ppo,1,0.78,-3.44,5.268
original,return_lstm_ppo,1,0.785,-3.464,5.268
original,return_lstm_ppo,1,0.79,-3.458,5.286
original,return_lstm_ppo,1,0.795,-3.472,5.316
original,return_lstm_ppo,1,0.8,-3.46,5.292
original,return_lstm_ppo,1,0.805,-3.484,5.312
original,return_lstm_ppo,1,0.81,-3.468,5.324
original,return_lstm_ppo,1,0.8150000000000001,-3.452,5.336
original,return_lstm_ppo,1,0.8200000000000001,-3.41,5.314
original,return_lstm_ppo,1,0.8250000000000001,-3.398,5.302
original,return_lstm_ppo,1,0.8300000000000001,-3.462,5.338
original,return_lstm_ppo,1,0.835,-3.478,5.35
original,return_lstm_ppo,1,0.84,-3.47,5.362
original,return_lstm_ppo,1,0.845,-3.442,5.35
original,return_lstm_ppo,1,0.85,-3.458,5.366
original,return_lstm_ppo,1,0.855,-3.472,5.388
original,return_lstm_ppo,1,0.86,-3.49,5.406
original,return_lstm_ppo,1,0.865,-3.522,5.434
original,return_lstm_ppo,1,0.87,-3.516,5.448
original,return_lstm_ppo,1,0.875,-3.514,5.45
original,return_lstm_ppo,1,0.88,-3.502,5.438
original,return_lstm_ppo,1,0.885,-3.544,5.492
original,return_lstm_ppo,1,0.89,-3.552,5.516
original,return_lstm_ppo,1,0.895,-3.55,5.518
original,return_lstm_ppo,1,0.9,-3.52,5.524
original,return_lstm_ppo,1,0.905,-3.506,5.522
original,return_lstm_ppo,1,0.91,-3.492,5.552
original,return_lstm_ppo,1,0.915,-3.468,5.532
original,return_lstm_ppo,1,0.92,-3.49,5.598
original,return_lstm_ppo,1,0.925,-3.474,5.598
original,return_lstm_ppo,1,0.93,-3.458,5.614
original,return_lstm_ppo,1,0.935,-3.448,5.596
original,return_lstm_ppo,1,0.9400000000000001,-3.444,5.596
original,return_lstm_ppo,1,0.9450000000000001,-3.424,5.632
original,return_lstm_ppo,1,0.9500000000000001,-3.432,5.64
original,return_lstm_ppo,1,0.9550000000000001,-3.436,5.64
original,return_lstm_ppo,1,0.96,-3.446,5.646
original,return_lstm_ppo,1,0.965,-3.452,5.644
original,return_lstm_ppo,1,0.97,-3.422,5.634
original,return_lstm_ppo,1,0.975,-3.438,5.654
original,return_lstm_ppo,1,0.98,-3.46,5.708
original,return_lstm_ppo,1,0.985,-3.46,5.72
original,return_lstm_ppo,1,0.99,-3.468,5.724
original,return_lstm_ppo,1,0.995,-3.466,5.742
original,return_lstm_ppo,1,1.0,-3.466,5.73
original,return_lstm_ppo,2,0.0,0.0,0.0
original,return_lstm_ppo,2,0.005,0.038,0.194
original,return_lstm_ppo,2,0.01,0.09,0.386
original,return_lstm_ppo,2,0.015,0.092,0.528
original,return_lstm_ppo,2,0.02,0.056,0.648
original,return_lstm_ppo,2,0.025,0.058,0.758
original,return_lstm_ppo,2,0.03,0.064,0.892
original,return_lstm_ppo,2,0.035,0.034,0.966
original,return_lstm_ppo,2,0.04,0.036,1.08
original,return_lstm_ppo,2,0.045,0.026,1.142
original,return_lstm_ppo,2,0.05,0.034,1.234
original,return_lstm_ppo,2,0.055,0.006,1.298
original,return_lstm_ppo,2,0.06,0.014,1.346
original,return_lstm_ppo,2,0.065,0.024,1.412
original,return_lstm_ppo,2,0.07,0.038,1.49
original,return_lstm_ppo,2,0.075,0.054,1.534
original,return_lstm_ppo,2,0.08,0.052,1.58
original,return_lstm_ppo,2,0.085,0.03,1.618
original,return_lstm_ppo,2,0.09,0.008,1.66
original,return_lstm_ppo,2,0.095,0.02,1.736
original,return_lstm_ppo,2,0.1,0.016,1.788
original,return_lstm_ppo,2,0.105,0.062,1.854
original,return_lstm_ppo,2,0.11,0.048,1.9
original,return_lstm_ppo,2,0.115,0.05,1.934
original,return_lstm_ppo,2,0.12,0.068,1.944
original,return_lstm_ppo,2,0.125,0.07,1.978
original,return_lstm_ppo,2,0.13,0.052,2.036
original,return_lstm_ppo,2,0.135,0.084,2.076
original,return_lstm_ppo,2,0.14,0.072,2.12
original,return_lstm_ppo,2,0.145,0.054,2.15
original,return_lstm_ppo,2,0.15,-0.004,2.148
original,return_lstm_ppo,2,0.155,0.008,2.24
original,return_lstm_ppo,2,0.16,0.042,2.274
original,return_lstm_ppo,2,0.165,0.024,2.312
original,return_lstm_ppo,2,0.17,-0.014,2.39
original,return_lstm_ppo,2,0.17500000000000002,-0.008,2.456
original,return_lstm_ppo,2,0.18,-0.004,2.44
original,return_lstm_ppo,2,0.185,0.004,2.448
original,return_lstm_ppo,2,0.19,0.032,2.468
original,return_lstm_ppo,2,0.195,0.014,2.538
original,return_lstm_ppo,2,0.2,0.032,2.58
original,return_lstm_ppo,2,0.20500000000000002,0.056,2.604
original,return_lstm_ppo,2,0.21,0.054,2.65
original,return_lstm_ppo,2,0.215,0.046,2.694
original,return_lstm_ppo,2,0.22,0.034,2.798
original,return_lstm_ppo,2,0.225,0.056,2.848
original,return_lstm_ppo,2,0.23,0.044,2.86
original,return_lstm_ppo,2,0.23500000000000001,0.06,2.86
original,return_lstm_ppo,2,0.24,0.07,2.914
original,return_lstm_ppo,2,0.245,0.054,2.966
original,return_lstm_ppo,2,0.25,0.066,2.986
original,return_lstm_ppo,2,0.255,0.058,2.994
original,return_lstm_ppo,2,0.26,0.078,3.058
original,return_lstm_ppo,2,0.265,0.066,3.102
original,return_lstm_ppo,2,0.27,0.052,3.116
original,return_lstm_ppo,2,0.275,0.072,3.148
original,return_lstm_ppo,2,0.28,0.03,3.182
original,return_lstm_ppo,2,0.28500000000000003,0.052,3.232
original,return_lstm_ppo,2,0.29,0.098,3.266
original,return_lstm_ppo,2,0.295,0.064,3.28
original,return_lstm_ppo,2,0.3,0.09,3.334
original,return_lstm_ppo,2,0.305,0.096,3.38
original,return_lstm_ppo,2,0.31,0.094,3.39
original,return_lstm_ppo,2,0.315,0.114,3.422
original,return_lstm_ppo,2,0.32,0.12,3.444
original,return_lstm_ppo,2,0.325,0.116,3.452
original,return_lstm_ppo,2,0.33,0.15,3.458
original,return_lstm_ppo,2,0.335,0.148,3.468
original,return_lstm_ppo,2,0.34,0.142,3.474
original,return_lstm_ppo,2,0.34500000000000003,0.146,3.51
original,return_lstm_ppo,2,0.35000000000000003,0.146,3.51
original,return_lstm_ppo,2,0.355,0.116,3.552
original,return_lstm_ppo,2,0.36,0.13,3.574
original,return_lstm_ppo,2,0.365,0.148,3.584
original,return_lstm_ppo,2,0.37,0.132,3.612
original,return_lstm_ppo,2,0.375,0.12,3.656
original,return_lstm_ppo,2,0.38,0.118,3.714
original,return_lstm_ppo,2,0.385,0.104,3.744
original,return_lstm_ppo,2,0.39,0.106,3.742
original,return_lstm_ppo,2,0.395,0.116,3.836
original,return_lstm_ppo,2,0.4,0.156,3.848
original,return_lstm_ppo,2,0.405,0.136,3.852
original,return_lstm_ppo,2,0.41000000000000003,0.114,3.882
original,return_lstm_ppo,2,0.41500000000000004,0.142,3.898
original,return_lstm_ppo,2,0.42,0.132,3.872
original,return_lstm_ppo,2,0.425,0.128,3.9
original,return_lstm_ppo,2,0.43,0.166,3.95
original,return_lstm_ppo,2,0.435,0.166,3.982
original,return_lstm_ppo,2,0.44,0.156,3.996
original,return_lstm_ppo,2,0.445,0.172,4.06
original,return_lstm_ppo,2,0.45,0.152,4.096
original,return_lstm_ppo,2,0.455,0.154,4.15
original,return_lstm_ppo,2,0.46,0.19,4.178
original,return_lstm_ppo,2,0.465,0.202,4.214
original,return_lstm_ppo,2,0.47000000000000003,0.21,4.238
original,return_lstm_ppo,2,0.47500000000000003,0.2,4.3
original,return_lstm_ppo,2,0.48,0.186,4.334
original,return_lstm_ppo,2,0.485,0.178,4.33
original,return_lstm_ppo,2,0.49,0.214,4.374
original,return_lstm_ppo,2,0.495,0.222,4.422
original,return_lstm_ppo,2,0.5,0.268,4.488
original,return_lstm_ppo,2,0.505,0.31,4.478
original,return_lstm_ppo,2,0.51,0.294,4.49
original,return_lstm_ppo,2,0.515,0.32,4.524
original,return_lstm_ppo,2,0.52,0.378,4.546
original,return_lstm_ppo,2,0.525,0.416,4.568
original,return_lstm_ppo,2,0.53,0.442,4.606
original,return_lstm_ppo,2,0.535,0.432,4.656
original,return_lstm_ppo,2,0.54,0.44,4.692
original,return_lstm_ppo,2,0.545,0.486,4.726
original,return_lstm_ppo,2,0.55,0.47,4.758
original,return_lstm_ppo,2,0.555,0.466,4.782
original,return_lstm_ppo,2,0.56,0.426,4.822
original,return_lstm_ppo,2,0.5650000000000001,0.426,4.838
original,return_lstm_ppo,2,0.5700000000000001,0.448,4.868
original,return_lstm_ppo,2,0.5750000000000001,0.472,4.888
original,return_lstm_ppo,2,0.58,0.466,4.934
original,return_lstm_ppo,2,0.585,0.498,4.966
original,return_lstm_ppo,2,0.59,0.508,4.932
original,return_lstm_ppo,2,0.595,0.582,4.962
original,return_lstm_ppo,2,0.6,0.574,4.994
original,return_lstm_ppo,2,0.605,0.552,5.04
original,return_lstm_ppo,2,0.61,0.578,5.05
original,return_lstm_ppo,2,0.615,0.59,5.07
original,return_lstm_ppo,2,0.62,0.58,5.092
original,return_lstm_ppo,2,0.625,0.628,5.108
original,return_lstm_ppo,2,0.63,0.656,5.128
original,return_lstm_ppo,2,0.635,0.672,5.172
original,return_lstm_ppo,2,0.64,0.694,5.198
original,return_lstm_ppo,2,0.645,0.686,5.21
original,return_lstm_ppo,2,0.65,0.67,5.206
original,return_lstm_ppo,2,0.655,0.678,5.23
original,return_lstm_ppo,2,0.66,0.676,5.252
original,return_lstm_ppo,2,0.665,0.688,5.292
original,return_lstm_ppo,2,0.67,0.722,5.318
original,return_lstm_ppo,2,0.675,0.77,5.334
original,return_lstm_ppo,2,0.68,0.812,5.384
original,return_lstm_ppo,2,0.685,0.834,5.41
original,return_lstm_ppo,2,0.6900000000000001,0.87,5.434
original,return_lstm_ppo,2,0.6950000000000001,0.886,5.474
original,return_lstm_ppo,2,0.7000000000000001,0.89,5.446
original,return_lstm_ppo,2,0.705,0.904,5.448
original,return_lstm_ppo,2,0.71,0.908,5.48
original,return_lstm_ppo,2,0.715,0.904,5.46
original,return_lstm_ppo,2,0.72,0.92,5.476
original,return_lstm_ppo,2,0.725,0.944,5.496
original,return_lstm_ppo,2,0.73,0.952,5.504
original,return_lstm_ppo,2,0.735,0.942,5.522
original,return_lstm_ppo,2,0.74,0.964,5.556
original,return_lstm_ppo,2,0.745,0.99,5.614
original,return_lstm_ppo,2,0.75,1.018,5.642
original,return_lstm_ppo,2,0.755,1.038,5.674
original,return_lstm_ppo,2,0.76,1.092,5.704
original,return_lstm_ppo,2,0.765,1.104,5.748
original,return_lstm_ppo,2,0.77,1.138,5.762
original,return_lstm_ppo,2,0.775,1.172,5.78
original,return_lstm_ppo,2,0.78,1.174,5.802
original,return_lstm_ppo,2,0.785,1.192,5.824
original,return_lstm_ppo,2,0.79,1.236,5.848
original,return_lstm_ppo,2,0.795,1.254,5.87
original,return_lstm_ppo,2,0.8,1.292,5.876
original,return_lstm_ppo,2,0.805,1.312,5.876
original,return_lstm_ppo,2,0.81,1.352,5.896
original,return_lstm_ppo,2,0.8150000000000001,1.404,5.944
original,return_lstm_ppo,2,0.8200000000000001,1.478,5.974
original,return_lstm_ppo,2,0.8250000000000001,1.522,6.006
original,return_lstm_ppo,2,0.8300000000000001,1.504,6.024
original,return_lstm_ppo,2,0.835,1.512,6.048
original,return_lstm_ppo,2,0.84,1.55,6.09
original,return_lstm_ppo,2,0.845,1.6,6.124
original,return_lstm_ppo,2,0.85,1.636,6.152
original,return_lstm_ppo,2,0.855,1.672,6.204
original,return_lstm_ppo,2,0.86,1.69,6.202
original,return_lstm_ppo,2,0.865,1.7,6.208
original,return_lstm_ppo,2,0.87,1.726,6.238
original,return_lstm_ppo,2,0.875,1.76,6.232
original,return_lstm_ppo,2,0.88,1.802,6.23
original,return_lstm_ppo,2,0.885,1.796,6.228
original,return_lstm_ppo,2,0.89,1.804,6.26
original,return_lstm_ppo,2,0.895,1.836,6.308
original,return_lstm_ppo,2,0.9,1.9,6.356
original,return_lstm_ppo,2,0.905,1.942,6.378
original,return_lstm_ppo,2,0.91,1.982,6.41
original,return_lstm_ppo,2,0.915,2.03,6.474
original,return_lstm_ppo,2,0.92,2.06,6.496
original,return_lstm_ppo,2,0.925,2.106,6.534
original,return_lstm_ppo,2,0.93,2.152,6.588
original,return_lstm_ppo,2,0.935,2.168,6.616
original,return_lstm_ppo,2,0.9400000000000001,2.202,6.598
original,return_lstm_ppo,2,0.9450000000000001,2.25,6.626
original,return_lstm_ppo,2,0.9500000000000001,2.282,6.674
original,return_lstm_ppo,2,0.9550000000000001,2.302,6.686
original,return_lstm_ppo,2,0.96,2.322,6.722
original,return_lstm_ppo,2,0.965,2.346,6.702
original,return_lstm_ppo,2,0.97,2.414,6.754
original,return_lstm_ppo,2,0.975,2.432,6.772
original,return_lstm_ppo,2,0.98,2.452,6.792
original,return_lstm_ppo,2,0.985,2.486,6.802
original,return_lstm_ppo,2,0.99,2.498,6.802
original,return_lstm_ppo,2,0.995,2.538,6.826
original,return_lstm_ppo,2,1.0,2.568,6.86
original,return_lstm_ppo,3,0.0,0.0,0.0
original,return_lstm_ppo,3,0.005,-0.004,0.188
original,return_lstm_ppo,3,0.01,-0.01,0.37
original,return_lstm_ppo,3,0.015,-0.086,0.554
original,return_lstm_ppo,3,0.02,-0.198,0.694
original,return_lstm_ppo,3,0.025,-0.272,0.816
original,return_lstm_ppo,3,0.03,-0.356,0.96
original,return_lstm_ppo,3,0.035,-0.452,1.044
original,return_lstm_ppo,3,0.04,-0.534,1.182
original,return_lstm_ppo,3,0.045,-0.648,1.308
original,return_lstm_ppo,3,0.05,-0.716,1.416
original,return_lstm_ppo,3,0.055,-0.81,1.526
original,return_lstm_ppo,3,0.06,-0.882,1.598
original,return_lstm_ppo,3,0.065,-0.976,1.68
original,return_lstm_ppo,3,0.07,-1.038,1.77
original,return_lstm_ppo,3,0.075,-1.112,1.852
original,return_lstm_ppo,3,0.08,-1.2,1.968
original,return_lstm_ppo,3,0.085,-1.298,2.062
original,return_lstm_ppo,3,0.09,-1.416,2.148
original,return_lstm_ppo,3,0.095,-1.476,2.232
original,return_lstm_ppo,3,0.1,-1.532,2.304
original,return_lstm_ppo,3,0.105,-1.584,2.384
original,return_lstm_ppo,3,0.11,-1.692,2.452
original,return_lstm_ppo,3,0.115,-1.756,2.508
original,return_lstm_ppo,3,0.12,-1.838,2.574
original,return_lstm_ppo,3,0.125,-1.934,2.646
original,return_lstm_ppo,3,0.13,-2.024,2.72
original,return_lstm_ppo,3,0.135,-2.076,2.792
original,return_lstm_ppo,3,0.14,-2.148,2.856
original,return_lstm_ppo,3,0.145,-2.236,2.944
original,return_lstm_ppo,3,0.15,-2.372,3.008
original,return_lstm_ppo,3,0.155,-2.44,3.088
original,return_lstm_ppo,3,0.16,-2.492,3.128
original,return_lstm_ppo,3,0.165,-2.576,3.208
original,return_lstm_ppo,3,0.17,-2.686,3.334
original,return_lstm_ppo,3,0.17500000000000002,-2.758,3.426
original,return_lstm_ppo,3,0.18,-2.832,3.488
original,return_lstm_ppo,3,0.185,-2.92,3.56
original,return_lstm_ppo,3,0.19,-2.968,3.604
original,return_lstm_ppo,3,0.195,-3.052,3.672
original,return_lstm_ppo,3,0.2,-3.106,3.726
original,return_lstm_ppo,3,0.20500000000000002,-3.198,3.798
original,return_lstm_ppo,3,0.21,-3.29,3.882
original,return_lstm_ppo,3,0.215,-3.362,3.938
original,return_lstm_ppo,3,0.22,-3.458,4.026
original,return_lstm_ppo,3,0.225,-3.506,4.082
original,return_lstm_ppo,3,0.23,-3.6,4.152
original,return_lstm_ppo,3,0.23500000000000001,-3.644,4.18
original,return_lstm_ppo,3,0.24,-3.728,4.268
original,return_lstm_ppo,3,0.245,-3.828,4.348
original,return_lstm_ppo,3,0.25,-3.866,4.366
original,return_lstm_ppo,3,0.255,-3.936,4.436
original,return_lstm_ppo,3,0.26,-3.982,4.49
original,return_lstm_ppo,3,0.265,-4.078,4.562
original,return_lstm_ppo,3,0.27,-4.178,4.646
original,return_lstm_ppo,3,0.275,-4.23,4.698
original,return_lstm_ppo,3,0.28,-4.324,4.796
original,return_lstm_ppo,3,0.28500000000000003,-4.384,4.86
original,return_lstm_ppo,3,0.29,-4.428,4.936
original,return_lstm_ppo,3,0.295,-4.544,5.036
original,return_lstm_ppo,3,0.3,-4.604,5.108
original,return_lstm_ppo,3,0.305,-4.658,5.146
original,return_lstm_ppo,3,0.31,-4.74,5.212
original,return_lstm_ppo,3,0.315,-4.796,5.26
original,return_lstm_ppo,3,0.32,-4.862,5.302
original,return_lstm_ppo,3,0.325,-4.944,5.352
original,return_lstm_ppo,3,0.33,-4.954,5.366
original,return_lstm_ppo,3,0.335,-5.022,5.422
original,return_lstm_ppo,3,0.34,-5.094,5.486
original,return_lstm_ppo,3,0.34500000000000003,-5.182,5.574
original,return_lstm_ppo,3,0.35000000000000003,-5.25,5.638
original,return_lstm_ppo,3,0.355,-5.35,5.75
original,return_lstm_ppo,3,0.36,-5.406,5.806
original,return_lstm_ppo,3,0.365,-5.464,5.86
original,return_lstm_ppo,3,0.37,-5.542,5.926
original,return_lstm_ppo,3,0.375,-5.622,6.006
original,return_lstm_ppo,3,0.38,-5.702,6.062
original,return_lstm_ppo,3,0.385,-5.774,6.098
original,return_lstm_ppo,3,0.39,-5.842,6.138
original,return_lstm_ppo,3,0.395,-5.9,6.192
original,return_lstm_ppo,3,0.4,-5.92,6.216
original,return_lstm_ppo,3,0.405,-6.002,6.314
original,return_lstm_ppo,3,0.41000000000000003,-6.08,6.384
original,return_lstm_ppo,3,0.41500000000000004,-6.122,6.418
original,return_lstm_ppo,3,0.42,-6.2,6.468
original,return_lstm_ppo,3,0.425,-6.282,6.542
original,return_lstm_ppo,3,0.43,-6.322,6.582
original,return_lstm_ppo,3,0.435,-6.4,6.66
original,return_lstm_ppo,3,0.44,-6.472,6.732
original,return_lstm_ppo,3,0.445,-6.538,6.798
original,return_lstm_ppo,3,0.45,-6.602,6.85
original,return_lstm_ppo,3,0.455,-6.652,6.908
original,return_lstm_ppo,3,0.46,-6.674,6.926
original,return_lstm_ppo,3,0.465,-6.73,6.986
original,return_lstm_ppo,3,0.47000000000000003,-6.796,7.06
original,return_lstm_ppo,3,0.47500000000000003,-6.872,7.14
original,return_lstm_ppo,3,0.48,-6.944,7.216
original,return_lstm_ppo,3,0.485,-7.012,7.28
original,return_lstm_ppo,3,0.49,-7.046,7.31
original,return_lstm_ppo,3,0.495,-7.09,7.35
original,return_lstm_ppo,3,0.5,-7.112,7.368
original,return_lstm_ppo,3,0.505,-7.122,7.382
original,return_lstm_ppo,3,0.51,-7.172,7.432
original,return_lstm_ppo,3,0.515,-7.204,7.464
original,return_lstm_ppo,3,0.52,-7.206,7.462
original,return_lstm_ppo,3,0.525,-7.25,7.49
original,return_lstm_ppo,3,0.53,-7.29,7.546
original,return_lstm_ppo,3,0.535,-7.374,7.638
original,return_lstm_ppo,3,0.54,-7.442,7.714
original,return_lstm_ppo,3,0.545,-7.462,7.73
original,return_lstm_ppo,3,0.55,-7.528,7.8
original,return_lstm_ppo,3,0.555,-7.61,7.894
original,return_lstm_ppo,3,0.56,-7.69,7.962
original,return_lstm_ppo,3,0.5650000000000001,-7.756,8.016
original,return_lstm_ppo,3,0.5700000000000001,-7.812,8.072
original,return_lstm_ppo,3,0.5750000000000001,-7.842,8.114
original,return_lstm_ppo,3,0.58,-7.906,8.17
original,return_lstm_ppo,3,0.585,-7.94,8.212
original,return_lstm_ppo,3,0.59,-7.978,8.246
original,return_lstm_ppo,3,0.595,-7.97,8.242
original,return_lstm_ppo,3,0.6,-8.036,8.312
original,return_lstm_ppo,3,0.605,-8.12,8.396
original,return_lstm_ppo,3,0.61,-8.144,8.42
original,return_lstm_ppo,3,0.615,-8.188,8.46
original,return_lstm_ppo,3,0.62,-8.256,8.54
original,return_lstm_ppo,3,0.625,-8.276,8.572
original,return_lstm_ppo,3,0.63,-8.312,8.612
original,return_lstm_ppo,3,0.635,-8.356,8.664
original,return_lstm_ppo,3,0.64,-8.394,8.698
original,return_lstm_ppo,3,0.645,-8.444,8.74
original,return_lstm_ppo,3,0.65,-8.524,8.812
original,return_lstm_ppo,3,0.655,-8.586,8.862
original,return_lstm_ppo,3,0.66,-8.636,8.9
original,return_lstm_ppo,3,0.665,-8.668,8.944
original,return_lstm_ppo,3,0.67,-8.694,8.982
original,return_lstm_ppo,3,0.675,-8.7,8.992
original,return_lstm_ppo,3,0.68,-8.708,9.012
original,return_lstm_ppo,3,0.685,-8.746,9.042
original,return_lstm_ppo,3,0.6900000000000001,-8.752,9.06
original,return_lstm_ppo,3,0.6950000000000001,-8.792,9.104
original,return_lstm_ppo,3,0.7000000000000001,-8.852,9.152
original,return_lstm_ppo,3,0.705,-8.896,9.184
original,return_lstm_ppo,3,0.71,-8.934,9.198
original,return_lstm_ppo,3,0.715,-8.982,9.258
original,return_lstm_ppo,3,0.72,-9.014,9.29
original,return_lstm_ppo,3,0.725,-9.04,9.312
original,return_lstm_ppo,3,0.73,-9.102,9.378
original,return_lstm_ppo,3,0.735,-9.158,9.438
original,return_lstm_ppo,3,0.74,-9.204,9.488
original,return_lstm_ppo,3,0.745,-9.234,9.534
original,return_lstm_ppo,3,0.75,-9.26,9.568
original,return_lstm_ppo,3,0.755,-9.304,9.608
original,return_lstm_ppo,3,0.76,-9.304,9.596
original,return_lstm_ppo,3,0.765,-9.338,9.646
original,return_lstm_ppo,3,0.77,-9.364,9.68
original,return_lstm_ppo,3,0.775,-9.372,9.68
original,return_lstm_ppo,3,0.78,-9.42,9.728
original,return_lstm_ppo,3,0.785,-9.468,9.784
original,return_lstm_ppo,3,0.79,-9.47,9.798
original,return_lstm_ppo,3,0.795,-9.512,9.828
original,return_lstm_ppo,3,0.8,-9.508,9.824
original,return_lstm_ppo,3,0.805,-9.552,9.86
original,return_lstm_ppo,3,0.81,-9.57,9.886
original,return_lstm_ppo,3,0.8150000000000001,-9.568,9.884
original,return_lstm_ppo,3,0.8200000000000001,-9.55,9.874
original,return_lstm_ppo,3,0.8250000000000001,-9.558,9.89
original,return_lstm_ppo,3,0.8300000000000001,-9.622,9.954
original,return_lstm_ppo,3,0.835,-9.662,10.002
original,return_lstm_ppo,3,0.84,-9.67,10.018
original,return_lstm_ppo,3,0.845,-9.674,10.006
original,return_lstm_ppo,3,0.85,-9.698,10.026
original,return_lstm_ppo,3,0.855,-9.722,10.05
original,return_lstm_ppo,3,0.86,-9.762,10.082
original,return_lstm_ppo,3,0.865,-9.804,10.132
original,return_lstm_ppo,3,0.87,-9.81,10.142
original,return_lstm_ppo,3,0.875,-9.824,10.152
original,return_lstm_ppo,3,0.88,-9.838,10.166
original,return_lstm_ppo,3,0.885,-9.898,10.222
original,return_lstm_ppo,3,0.89,-9.932,10.252
original,return_lstm_ppo,3,0.895,-9.958,10.266
original,return_lstm_ppo,3,0.9,-9.958,10.286
original,return_lstm_ppo,3,0.905,-9.946,10.274
original,return_lstm_ppo,3,0.91,-9.946,10.278
original,return_lstm_ppo,3,0.915,-9.942,10.282
original,return_lstm_ppo,3,0.92,-9.974,10.318
original,return_lstm_ppo,3,0.925,-9.97,10.318
original,return_lstm_ppo,3,0.93,-9.974,10.318
original,return_lstm_ppo,3,0.935,-9.988,10.332
original,return_lstm_ppo,3,0.9400000000000001,-10.002,10.362
original,return_lstm_ppo,3,0.9450000000000001,-9.996,10.36
original,return_lstm_ppo,3,0.9500000000000001,-10.022,10.382
original,return_lstm_ppo,3,0.9550000000000001,-10.05,10.41
original,return_lstm_ppo,3,0.96,-10.072,10.436
original,return_lstm_ppo,3,0.965,-10.088,10.456
original,return_lstm_ppo,3,0.97,-10.068,10.44
original,return_lstm_ppo,3,0.975,-10.094,10.466
original,return_lstm_ppo,3,0.98,-10.128,10.512
original,return_lstm_ppo,3,0.985,-10.148,10.532
original,return_lstm_ppo,3,0.99,-10.174,10.55
original,return_lstm_ppo,3,0.995,-10.186,10.566
original,return_lstm_ppo,3,1.0,-10.206,10.578
original,return_lstm_ppo,4,0.0,0.0,0.0
original,return_lstm_ppo,4,0.005,-0.076,0.204
original,return_lstm_ppo,4,0.01,-0.156,0.408
original,return_lstm_ppo,4,0.015,-0.298,0.63
original,return_lstm_ppo,4,0.02,-0.508,0.82
original,return_lstm_ppo,4,0.025,-0.652,0.992
original,return_lstm_ppo,4,0.03,-0.82,1.18
original,return_lstm_ppo,4,0.035,-0.964,1.32
original,return_lstm_ppo,4,0.04,-1.136,1.508
original,return_lstm_ppo,4,0.045,-1.322,1.69
original,return_lstm_ppo,4,0.05,-1.468,1.824
original,return_lstm_ppo,4,0.055,-1.64,2.004
original,return_lstm_ppo,4,0.06,-1.784,2.128
original,return_lstm_ppo,4,0.065,-1.944,2.276
original,return_lstm_ppo,4,0.07,-2.076,2.424
original,return_lstm_ppo,4,0.075,-2.224,2.564
original,return_lstm_ppo,4,0.08,-2.398,2.718
original,return_lstm_ppo,4,0.085,-2.564,2.868
original,return_lstm_ppo,4,0.09,-2.762,3.07
original,return_lstm_ppo,4,0.095,-2.888,3.204
original,return_lstm_ppo,4,0.1,-3.034,3.342
original,return_lstm_ppo,4,0.105,-3.158,3.462
original,return_lstm_ppo,4,0.11,-3.332,3.612
original,return_lstm_ppo,4,0.115,-3.462,3.734
original,return_lstm_ppo,4,0.12,-3.608,3.864
original,return_lstm_ppo,4,0.125,-3.77,3.986
original,return_lstm_ppo,4,0.13,-3.918,4.134
original,return_lstm_ppo,4,0.135,-4.06,4.272
original,return_lstm_ppo,4,0.14,-4.184,4.372
original,return_lstm_ppo,4,0.145,-4.34,4.524
original,return_lstm_ppo,4,0.15,-4.548,4.704
original,return_lstm_ppo,4,0.155,-4.642,4.794
original,return_lstm_ppo,4,0.16,-4.75,4.918
original,return_lstm_ppo,4,0.165,-4.892,5.052
original,return_lstm_ppo,4,0.17,-5.076,5.228
original,return_lstm_ppo,4,0.17500000000000002,-5.216,5.372
original,return_lstm_ppo,4,0.18,-5.344,5.5
original,return_lstm_ppo,4,0.185,-5.486,5.626
original,return_lstm_ppo,4,0.19,-5.604,5.752
original,return_lstm_ppo,4,0.195,-5.746,5.894
original,return_lstm_ppo,4,0.2,-5.838,5.978
original,return_lstm_ppo,4,0.20500000000000002,-5.982,6.11
original,return_lstm_ppo,4,0.21,-6.124,6.244
original,return_lstm_ppo,4,0.215,-6.254,6.366
original,return_lstm_ppo,4,0.22,-6.422,6.526
original,return_lstm_ppo,4,0.225,-6.508,6.604
original,return_lstm_ppo,4,0.23,-6.656,6.744
original,return_lstm_ppo,4,0.23500000000000001,-6.744,6.816
original,return_lstm_ppo,4,0.24,-6.878,6.95
original,return_lstm_ppo,4,0.245,-7.064,7.136
original,return_lstm_ppo,4,0.25,-7.18,7.248
original,return_lstm_ppo,4,0.255,-7.324,7.384
original,return_lstm_ppo,4,0.26,-7.428,7.492
original,return_lstm_ppo,4,0.265,-7.582,7.638
original,return_lstm_ppo,4,0.27,-7.74,7.796
original,return_lstm_ppo,4,0.275,-7.862,7.918
original,return_lstm_ppo,4,0.28,-8.002,8.058
original,return_lstm_ppo,4,0.28500000000000003,-8.116,8.168
original,return_lstm_ppo,4,0.29,-8.2,8.272
original,return_lstm_ppo,4,0.295,-8.404,8.472
original,return_lstm_ppo,4,0.3,-8.49,8.562
original,return_lstm_ppo,4,0.305,-8.582,8.646
original,return_lstm_ppo,4,0.31,-8.722,8.774
original,return_lstm_ppo,4,0.315,-8.81,8.854
original,return_lstm_ppo,4,0.32,-8.91,8.942
original,return_lstm_ppo,4,0.325,-9.044,9.068
original,return_lstm_ppo,4,0.33,-9.106,9.126
original,return_lstm_ppo,4,0.335,-9.194,9.206
original,return_lstm_ppo,4,0.34,-9.306,9.326
original,return_lstm_ppo,4,0.34500000000000003,-9.436,9.456
original,return_lstm_ppo,4,0.35000000000000003,-9.55,9.57
original,return_lstm_ppo,4,0.355,-9.686,9.71
original,return_lstm_ppo,4,0.36,-9.768,9.792
original,return_lstm_ppo,4,0.365,-9.88,9.9
original,return_lstm_ppo,4,0.37,-10.008,10.024
original,return_lstm_ppo,4,0.375,-10.116,10.132
original,return_lstm_ppo,4,0.38,-10.234,10.25
original,return_lstm_ppo,4,0.385,-10.352,10.356
original,return_lstm_ppo,4,0.39,-10.446,10.45
original,return_lstm_ppo,4,0.395,-10.534,10.538
original,return_lstm_ppo,4,0.4,-10.574,10.578
original,return_lstm_ppo,4,0.405,-10.7,10.712
original,return_lstm_ppo,4,0.41000000000000003,-10.808,10.824
original,return_lstm_ppo,4,0.41500000000000004,-10.856,10.872
original,return_lstm_ppo,4,0.42,-10.968,10.984
original,return_lstm_ppo,4,0.425,-11.082,11.102
original,return_lstm_ppo,4,0.43,-11.154,11.166
original,return_lstm_ppo,4,0.435,-11.266,11.278
original,return_lstm_ppo,4,0.44,-11.364,11.376
original,return_lstm_ppo,4,0.445,-11.438,11.45
original,return_lstm_ppo,4,0.45,-11.546,11.558
original,return_lstm_ppo,4,0.455,-11.608,11.624
original,return_lstm_ppo,4,0.46,-11.642,11.654
original,return_lstm_ppo,4,0.465,-11.734,11.746
original,return_lstm_ppo,4,0.47000000000000003,-11.828,11.844
original,return_lstm_ppo,4,0.47500000000000003,-11.926,11.946
original,return_lstm_ppo,4,0.48,-12.052,12.072
original,return_lstm_ppo,4,0.485,-12.156,12.168
original,return_lstm_ppo,4,0.49,-12.21,12.23
original,return_lstm_ppo,4,0.495,-12.268,12.292
original,return_lstm_ppo,4,0.5,-12.326,12.35
original,return_lstm_ppo,4,0.505,-12.378,12.402
original,return_lstm_ppo,4,0.51,-12.43,12.454
original,return_lstm_ppo,4,0.515,-12.492,12.512
original,return_lstm_ppo,4,0.52,-12.522,12.542
original,return_lstm_ppo,4,0.525,-12.586,12.606
original,return_lstm_ppo,4,0.53,-12.61,12.622
original,return_lstm_ppo,4,0.535,-12.708,12.72
original,return_lstm_ppo,4,0.54,-12.794,12.806
original,return_lstm_ppo,4,0.545,-12.846,12.87
original,return_lstm_ppo,4,0.55,-12.92,12.944
original,return_lstm_ppo,4,0.555,-13.008,13.032
original,return_lstm_ppo,4,0.56,-13.1,13.12
original,return_lstm_ppo,4,0.5650000000000001,-13.166,13.186
original,return_lstm_ppo,4,0.5700000000000001,-13.24,13.26
original,return_lstm_ppo,4,0.5750000000000001,-13.31,13.33
original,return_lstm_ppo,4,0.58,-13.368,13.392
original,return_lstm_ppo,4,0.585,-13.418,13.43
original,return_lstm_ppo,4,0.59,-13.448,13.46
original,return_lstm_ppo,4,0.595,-13.43,13.446
original,return_lstm_ppo,4,0.6,-13.492,13.508
original,return_lstm_ppo,4,0.605,-13.594,13.61
original,return_lstm_ppo,4,0.61,-13.646,13.658
original,return_lstm_ppo,4,0.615,-13.696,13.708
original,return_lstm_ppo,4,0.62,-13.772,13.788
original,return_lstm_ppo,4,0.625,-13.788,13.804
original,return_lstm_ppo,4,0.63,-13.83,13.85
original,return_lstm_ppo,4,0.635,-13.904,13.936
original,return_lstm_ppo,4,0.64,-13.962,13.994
original,return_lstm_ppo,4,0.645,-14.018,14.046
original,return_lstm_ppo,4,0.65,-14.104,14.136
original,return_lstm_ppo,4,0.655,-14.162,14.194
original,return_lstm_ppo,4,0.66,-14.242,14.27
original,return_lstm_ppo,4,0.665,-14.298,14.33
original,return_lstm_ppo,4,0.67,-14.314,14.342
original,return_lstm_ppo,4,0.675,-14.316,14.344
original,return_lstm_ppo,4,0.68,-14.316,14.344
original,return_lstm_ppo,4,0.685,-14.346,14.374
original,return_lstm_ppo,4,0.6900000000000001,-14.366,14.39
original,return_lstm_ppo,4,0.6950000000000001,-14.4,14.424
original,return_lstm_ppo,4,0.7000000000000001,-14.46,14.484
original,return_lstm_ppo,4,0.705,-14.506,14.53
original,return_lstm_ppo,4,0.71,-14.522,14.538
original,return_lstm_ppo,4,0.715,-14.564,14.584
original,return_lstm_ppo,4,0.72,-14.6,14.62
original,return_lstm_ppo,4,0.725,-14.592,14.612
original,return_lstm_ppo,4,0.73,-14.65,14.67
original,return_lstm_ppo,4,0.735,-14.686,14.706
original,return_lstm_ppo,4,0.74,-14.74,14.764
original,return_lstm_ppo,4,0.745,-14.764,14.788
original,return_lstm_ppo,4,0.75,-14.798,14.826
original,return_lstm_ppo,4,0.755,-14.86,14.9
original,return_lstm_ppo,4,0.76,-14.846,14.89
original,return_lstm_ppo,4,0.765,-14.876,14.928
original,return_lstm_ppo,4,0.77,-14.892,14.948
original,return_lstm_ppo,4,0.775,-14.92,14.964
original,return_lstm_ppo,4,0.78,-14.972,15.016
original,return_lstm_ppo,4,0.785,-14.998,15.046
original,return_lstm_ppo,4,0.79,-14.986,15.042
original,return_lstm_ppo,4,0.795,-15.016,15.068
original,return_lstm_ppo,4,0.8,-14.992,15.04
original,return_lstm_ppo,4,0.805,-15.026,15.07
original,return_lstm_ppo,4,0.81,-15.018,15.062
original,return_lstm_ppo,4,0.8150000000000001,-15.024,15.068
original,return_lstm_ppo,4,0.8200000000000001,-14.986,15.034
original,return_lstm_ppo,4,0.8250000000000001,-14.96,15.008
original,return_lstm_ppo,4,0.8300000000000001,-15.026,15.078
original,return_lstm_ppo,4,0.835,-15.052,15.112
original,return_lstm_ppo,4,0.84,-15.04,15.104
original,return_lstm_ppo,4,0.845,-15.014,15.074
original,return_lstm_ppo,4,0.85,-15.026,15.086
original,return_lstm_ppo,4,0.855,-15.024,15.08
original,return_lstm_ppo,4,0.86,-15.022,15.07
original,return_lstm_ppo,4,0.865,-15.056,15.104
original,return_lstm_ppo,4,0.87,-15.04,15.092
original,return_lstm_ppo,4,0.875,-15.054,15.102
original,return_lstm_ppo,4,0.88,-15.048,15.096
original,return_lstm_ppo,4,0.885,-15.07,15.114
original,return_lstm_ppo,4,0.89,-15.082,15.126
original,return_lstm_ppo,4,0.895,-15.09,15.138
original,return_lstm_ppo,4,0.9,-15.07,15.122
original,return_lstm_ppo,4,0.905,-15.042,15.094
original,return_lstm_ppo,4,0.91,-15.026,15.078
original,return_lstm_ppo,4,0.915,-14.982,15.038
original,return_lstm_ppo,4,0.92,-14.98,15.032
original,return_lstm_ppo,4,0.925,-14.93,14.982
original,return_lstm_ppo,4,0.93,-14.91,14.962
original,return_lstm_ppo,4,0.935,-14.902,14.954
original,return_lstm_ppo,4,0.9400000000000001,-14.898,14.958
original,return_lstm_ppo,4,0.9450000000000001,-14.862,14.922
original,return_lstm_ppo,4,0.9500000000000001,-14.842,14.906
original,return_lstm_ppo,4,0.9550000000000001,-14.82,14.88
original,return_lstm_ppo,4,0.96,-14.826,14.886
original,return_lstm_ppo,4,0.965,-14.816,14.872
original,return_lstm_ppo,4,0.97,-14.756,14.82
original,return_lstm_ppo,4,0.975,-14.756,14.816
original,return_lstm_ppo,4,0.98,-14.752,14.812
original,return_lstm_ppo,4,0.985,-14.696,14.756
original,return_lstm_ppo,4,0.99,-14.68,14.74
original,return_lstm_ppo,4,0.995,-14.674,14.73
original,return_lstm_ppo,4,1.0,-14.64,14.7
high_penalty,hamilton_ppo,0,0.0,0.0,0.0
high_penalty,hamilton_ppo,0,0.005,0.144,0.3
high_penalty,hamilton_ppo,0,0.01,0.304,0.58
high_penalty,hamilton_ppo,0,0.015,0.39,0.758
high_penalty,hamilton_ppo,0,0.02,0.458,0.89
high_penalty,hamilton_ppo,0,0.025,0.574,1.062
high_penalty,hamilton_ppo,0,0.03,0.676,1.212
high_penalty,hamilton_ppo,0,0.035,0.744,1.328
high_penalty,hamilton_ppo,0,0.04,0.85,1.482
high_penalty,hamilton_ppo,0,0.045,0.942,1.598
high_penalty,hamilton_ppo,0,0.05,1.038,1.718
high_penalty,hamilton_ppo,0,0.055,1.112,1.784
high_penalty,hamilton_ppo,0,0.06,1.248,1.928
high_penalty,hamilton_ppo,0,0.065,1.38,2.068
high_penalty,hamilton_ppo,0,0.07,1.506,2.206
high_penalty,hamilton_ppo,0,0.075,1.602,2.334
high_penalty,hamilton_ppo,0,0.08,1.706,2.462
high_penalty,hamilton_ppo,0,0.085,1.774,2.534
high_penalty,hamilton_ppo,0,0.09,1.824,2.572
high_penalty,hamilton_ppo,0,0.095,1.918,2.686
high_penalty,hamilton_ppo,0,0.1,2.014,2.802
high_penalty,hamilton_ppo,0,0.105,2.122,2.91
high_penalty,hamilton_ppo,0,0.11,2.176,2.956
high_penalty,hamilton_ppo,0,0.115,2.258,3.05
high_penalty,hamilton_ppo,0,0.12,2.308,3.112
high_penalty,hamilton_ppo,0,0.125,2.374,3.154
high_penalty,hamilton_ppo,0,0.13,2.416,3.224
high_penalty,hamilton_ppo,0,0.135,2.536,3.308
high_penalty,hamilton_ppo,0,0.14,2.638,3.398
high_penalty,hamilton_ppo,0,0.145,2.718,3.466
high_penalty,hamilton_ppo,0,0.15,2.734,3.51
high_penalty,hamilton_ppo,0,0.155,2.812,3.608
high_penalty,hamilton_ppo,0,0.16,2.942,3.75
high_penalty,hamilton_ppo,0,0.165,3.032,3.864
high_penalty,hamilton_ppo,0,0.17,3.062,3.938
high_penalty,hamilton_ppo,0,0.17500000000000002,3.152,4.036
high_penalty,hamilton_ppo,0,0.18,3.226,4.082
high_penalty,hamilton_ppo,0,0.185,3.266,4.11
high_penalty,hamilton_ppo,0,0.19,3.376,4.22
high_penalty,hamilton_ppo,0,0.195,3.406,4.29
high_penalty,hamilton_ppo,0,0.2,3.482,4.338
high_penalty,hamilton_ppo,0,0.20500000000000002,3.558,4.418
high_penalty,hamilton_ppo,0,0.21,3.616,4.436
high_penalty,hamilton_ppo,0,0.215,3.704,4.508
high_penalty,hamilton_ppo,0,0.22,3.74,4.604
high_penalty,hamilton_ppo,0,0.225,3.81,4.686
high_penalty,hamilton_ppo,0,0.23,3.876,4.72
high_penalty,hamilton_ppo,0,0.23500000000000001,3.944,4.772
high_penalty,hamilton_ppo,0,0.24,4.012,4.848
high_penalty,hamilton_ppo,0,0.245,4.024,4.908
high_penalty,hamilton_ppo,0,0.25,4.094,4.982
high_penalty,hamilton_ppo,0,0.255,4.13,5.03
high_penalty,hamilton_ppo,0,0.26,4.22,5.12
high_penalty,hamilton_ppo,0,0.265,4.23,5.154
high_penalty,hamilton_ppo,0,0.27,4.264,5.184
high_penalty,hamilton_ppo,0,0.275,4.32,5.236
high_penalty,hamilton_ppo,0,0.28,4.314,5.27
high_penalty,hamilton_ppo,0,0.28500000000000003,4.374,5.326
high_penalty,hamilton_ppo,0,0.29,4.464,5.412
high_penalty,hamilton_ppo,0,0.295,4.456,5.424
high_penalty,hamilton_ppo,0,0.3,4.508,5.468
high_penalty,hamilton_ppo,0,0.305,4.57,5.55
high_penalty,hamilton_ppo,0,0.31,4.614,5.59
high_penalty,hamilton_ppo,0,0.315,4.658,5.658
high_penalty,hamilton_ppo,0,0.32,4.718,5.758
high_penalty,hamilton_ppo,0,0.325,4.734,5.774
high_penalty,hamilton_ppo,0,0.33,4.818,5.834
high_penalty,hamilton_ppo,0,0.335,4.874,5.894
high_penalty,hamilton_ppo,0,0.34,4.926,5.95
high_penalty,hamilton_ppo,0,0.34500000000000003,4.92,5.976
high_penalty,hamilton_ppo,0,0.35000000000000003,4.958,6.002
high_penalty,hamilton_ppo,0,0.355,4.95,6.05
high_penalty,hamilton_ppo,0,0.36,4.984,6.064
high_penalty,hamilton_ppo,0,0.365,5.03,6.11
high_penalty,hamilton_ppo,0,0.37,5.024,6.124
high_penalty,hamilton_ppo,0,0.375,5.032,6.16
high_penalty,hamilton_ppo,0,0.38,5.044,6.184
high_penalty,hamilton_ppo,0,0.385,5.06,6.204
high_penalty,hamilton_ppo,0,0.39,5.074,6.206
high_penalty,hamilton_ppo,0,0.395,5.104,6.276
high_penalty,hamilton_ppo,0,0.4,5.162,6.338
high_penalty,hamilton_ppo,0,0.405,5.154,6.342
high_penalty,hamilton_ppo,0,0.41000000000000003,5.154,6.314
high_penalty,hamilton_ppo,0,0.41500000000000004,5.204,6.376
high_penalty,hamilton_ppo,0,0.42,5.194,6.346
high_penalty,hamilton_ppo,0,0.425,5.176,6.344
high_penalty,hamilton_ppo,0,0.43,5.226,6.426
high_penalty,hamilton_ppo,0,0.435,5.232,6.468
high_penalty,hamilton_ppo,0,0.44,5.238,6.494
high_penalty,hamilton_ppo,0,0.445,5.238,6.498
high_penalty,hamilton_ppo,0,0.45,5.248,6.544
high_penalty,hamilton_ppo,0,0.455,5.278,6.614
high_penalty,hamilton_ppo,0,0.46,5.322,6.67
high_penalty,hamilton_ppo,0,0.465,5.338,6.714
high_penalty,hamilton_ppo,0,0.47000000000000003,5.354,6.754
high_penalty,hamilton_ppo,0,0.47500000000000003,5.34,6.76
high_penalty,hamilton_ppo,0,0.48,5.296,6.752
high_penalty,hamilton_ppo,0,0.485,5.298,6.774
high_penalty,hamilton_ppo,0,0.49,5.326,6.81
high_penalty,hamilton_ppo,0,0.495,5.334,6.846
high_penalty,hamilton_ppo,0,0.5,5.362,6.902
high_penalty,hamilton_ppo,0,0.505,5.382,6.902
high_penalty,hamilton_ppo,0,0.51,5.378,6.934
high_penalty,hamilton_ppo,0,0.515,5.404,6.956
high_penalty,hamilton_ppo,0,0.52,5.468,7.008
high_penalty,hamilton_ppo,0,0.525,5.472,7.048
high_penalty,hamilton_ppo,0,0.53,5.478,7.082
high_penalty,hamilton_ppo,0,0.535,5.434,7.07
high_penalty,hamilton_ppo,0,0.54,5.406,7.074
high_penalty,hamilton_ppo,0,0.545,5.404,7.08
high_penalty,hamilton_ppo,0,0.55,5.378,7.102
high_penalty,hamilton_ppo,0,0.555,5.35,7.102
high_penalty,hamilton_ppo,0,0.56,5.306,7.102
high_penalty,hamilton_ppo,0,0.5650000000000001,5.292,7.1
high_penalty,hamilton_ppo,0,0.5700000000000001,5.272,7.072
high_penalty,hamilton_ppo,0,0.5750000000000001,5.274,7.098
high_penalty,hamilton_ppo,0,0.58,5.242,7.102
high_penalty,hamilton_ppo,0,0.585,5.244,7.1
high_penalty,hamilton_ppo,0,0.59,5.24,7.088
high_penalty,hamilton_ppo,0,0.595,5.292,7.116
high_penalty,hamilton_ppo,0,0.6,5.266,7.122
high_penalty,hamilton_ppo,0,0.605,5.206,7.098
high_penalty,hamilton_ppo,0,0.61,5.2,7.104
high_penalty,hamilton_ppo,0,0.615,5.184,7.116
high_penalty,hamilton_ppo,0,0.62,5.136,7.1
high_penalty,hamilton_ppo,0,0.625,5.14,7.128
high_penalty,hamilton_ppo,0,0.63,5.13,7.134
high_penalty,hamilton_ppo,0,0.635,5.088,7.14
high_penalty,hamilton_ppo,0,0.64,5.06,7.128
high_penalty,hamilton_ppo,0,0.645,5.028,7.124
high_penalty,hamilton_ppo,0,0.65,4.948,7.076
high_penalty,hamilton_ppo,0,0.655,4.918,7.07
high_penalty,hamilton_ppo,0,0.66,4.884,7.064
high_penalty,hamilton_ppo,0,0.665,4.868,7.084
high_penalty,hamilton_ppo,0,0.67,4.87,7.118
high_penalty,hamilton_ppo,0,0.675,4.884,7.12
high_penalty,hamilton_ppo,0,0.68,4.882,7.138
high_penalty,hamilton_ppo,0,0.685,4.868,7.156
high_penalty,hamilton_ppo,0,0.6900000000000001,4.862,7.17
high_penalty,hamilton_ppo,0,0.6950000000000001,4.832,7.18
high_penalty,hamilton_ppo,0,0.7000000000000001,4.788,7.168
high_penalty,hamilton_ppo,0,0.705,4.752,7.188
high_penalty,hamilton_ppo,0,0.71,4.734,7.206
high_penalty,hamilton_ppo,0,0.715,4.688,7.2
high_penalty,hamilton_ppo,0,0.72,4.656,7.2
high_penalty,hamilton_ppo,0,0.725,4.62,7.204
high_penalty,hamilton_ppo,0,0.73,4.56,7.176
high_penalty,hamilton_ppo,0,0.735,4.508,7.18
high_penalty,hamilton_ppo,0,0.74,4.466,7.158
high_penalty,hamilton_ppo,0,0.745,4.448,7.172
high_penalty,hamilton_ppo,0,0.75,4.428,7.176
high_penalty,hamilton_ppo,0,0.755,4.38,7.136
high_penalty,hamilton_ppo,0,0.76,4.386,7.158
high_penalty,hamilton_ppo,0,0.765,4.342,7.146
high_penalty,hamilton_ppo,0,0.77,4.308,7.148
high_penalty,hamilton_ppo,0,0.775,4.302,7.174
high_penalty,hamilton_ppo,0,0.78,4.264,7.16
high_penalty,hamilton_ppo,0,0.785,4.212,7.144
high_penalty,hamilton_ppo,0,0.79,4.18,7.144
high_penalty,hamilton_ppo,0,0.795,4.136,7.144
high_penalty,hamilton_ppo,0,0.8,4.1,7.124
high_penalty,hamilton_ppo,0,0.805,4.028,7.076
high_penalty,hamilton_ppo,0,0.81,4.006,7.078
high_penalty,hamilton_ppo,0,0.8150000000000001,3.996,7.076
high_penalty,hamilton_ppo,0,0.8200000000000001,3.99,7.074
high_penalty,hamilton_ppo,0,0.8250000000000001,3.966,7.074
high_penalty,hamilton_ppo,0,0.8300000000000001,3.888,7.068
high_penalty,hamilton_ppo,0,0.835,3.832,7.04
high_penalty,hamilton_ppo,0,0.84,3.812,7.044
high_penalty,hamilton_ppo,0,0.845,3.798,7.03
high_penalty,hamilton_ppo,0,0.85,3.75,7.026
high_penalty,hamilton_ppo,0,0.855,3.72,7.04
high_penalty,hamilton_ppo,0,0.86,3.674,7.014
high_penalty,hamilton_ppo,0,0.865,3.62,7.012
high_penalty,hamilton_ppo,0,0.87,3.59,7.01
high_penalty,hamilton_ppo,0,0.875,3.55,6.982
high_penalty,hamilton_ppo,0,0.88,3.49,6.954
high_penalty,hamilton_ppo,0,0.885,3.414,6.922
high_penalty,hamilton_ppo,0,0.89,3.346,6.914
high_penalty,hamilton_ppo,0,0.895,3.296,6.908
high_penalty,hamilton_ppo,0,0.9,3.282,6.926
high_penalty,hamilton_ppo,0,0.905,3.242,6.914
high_penalty,hamilton_ppo,0,0.91,3.206,6.902
high_penalty,hamilton_ppo,0,0.915,3.182,6.898
high_penalty,hamilton_ppo,0,0.92,3.136,6.892
high_penalty,hamilton_ppo,0,0.925,3.098,6.882
high_penalty,hamilton_ppo,0,0.93,3.044,6.896
high_penalty,hamilton_ppo,0,0.935,2.992,6.912
high_penalty,hamilton_ppo,0,0.9400000000000001,2.944,6.908
high_penalty,hamilton_ppo,0,0.9450000000000001,2.912,6.924
high_penalty,hamilton_ppo,0,0.9500000000000001,2.868,6.924
high_penalty,hamilton_ppo,0,0.9550000000000001,2.8,6.924
high_penalty,hamilton_ppo,0,0.96,2.756,6.916
high_penalty,hamilton_ppo,0,0.965,2.696,6.896
high_penalty,hamilton_ppo,0,0.97,2.686,6.89
high_penalty,hamilton_ppo,0,0.975,2.632,6.892
high_penalty,hamilton_ppo,0,0.98,2.568,6.876
high_penalty,hamilton_ppo,0,0.985,2.498,6.866
high_penalty,hamilton_ppo,0,0.99,2.432,6.852
high_penalty,hamilton_ppo,0,0.995,2.37,6.834
high_penalty,hamilton_ppo,0,1.0,2.312,6.82
high_penalty,hamilton_ppo,1,0.0,0.0,0.0
high_penalty,hamilton_ppo,1,0.005,0.11,0.258
high_penalty,hamilton_ppo,1,0.01,0.234,0.486
high_penalty,hamilton_ppo,1,0.015,0.308,0.664
high_penalty,hamilton_ppo,1,0.02,0.36,0.796
high_penalty,hamilton_ppo,1,0.025,0.434,0.91
high_penalty,hamilton_ppo,1,0.03,0.504,1.028
high_penalty,hamilton_ppo,1,0.035,0.522,1.106
high_penalty,hamilton_ppo,1,0.04,0.574,1.178
high_penalty,hamilton_ppo,1,0.045,0.618,1.262
high_penalty,hamilton_ppo,1,0.05,0.682,1.358
high_penalty,hamilton_ppo,1,0.055,0.75,1.418
high_penalty,hamilton_ppo,1,0.06,0.828,1.484
high_penalty,hamilton_ppo,1,0.065,0.894,1.566
high_penalty,hamilton_ppo,1,0.07,0.96,1.636
high_penalty,hamilton_ppo,1,0.075,1.024,1.704
high_penalty,hamilton_ppo,1,0.08,1.07,1.742
high_penalty,hamilton_ppo,1,0.085,1.086,1.758
high_penalty,hamilton_ppo,1,0.09,1.096,1.76
high_penalty,hamilton_ppo,1,0.095,1.128,1.796
high_penalty,hamilton_ppo,1,0.1,1.168,1.86
high_penalty,hamilton_ppo,1,0.105,1.224,1.896
high_penalty,hamilton_ppo,1,0.11,1.248,1.908
high_penalty,hamilton_ppo,1,0.115,1.308,1.968
high_penalty,hamilton_ppo,1,0.12,1.324,1.968
high_penalty,hamilton_ppo,1,0.125,1.372,2.0
high_penalty,hamilton_ppo,1,0.13,1.38,2.02
high_penalty,hamilton_ppo,1,0.135,1.446,2.058
high_penalty,hamilton_ppo,1,0.14,1.478,2.078
high_penalty,hamilton_ppo,1,0.145,1.506,2.094
high_penalty,hamilton_ppo,1,0.15,1.47,2.082
high_penalty,hamilton_ppo,1,0.155,1.502,2.126
high_penalty,hamilton_ppo,1,0.16,1.586,2.182
high_penalty,hamilton_ppo,1,0.165,1.61,2.214
high_penalty,hamilton_ppo,1,0.17,1.598,2.226
high_penalty,hamilton_ppo,1,0.17500000000000002,1.62,2.26
high_penalty,hamilton_ppo,1,0.18,1.658,2.258
high_penalty,hamilton_ppo,1,0.185,1.662,2.23
high_penalty,hamilton_ppo,1,0.19,1.718,2.282
high_penalty,hamilton_ppo,1,0.195,1.708,2.304
high_penalty,hamilton_ppo,1,0.2,1.722,2.318
high_penalty,hamilton_ppo,1,0.20500000000000002,1.74,2.312
high_penalty,hamilton_ppo,1,0.21,1.774,2.322
high_penalty,hamilton_ppo,1,0.215,1.804,2.34
high_penalty,hamilton_ppo,1,0.22,1.806,2.378
high_penalty,hamilton_ppo,1,0.225,1.832,2.404
high_penalty,hamilton_ppo,1,0.23,1.844,2.4
high_penalty,hamilton_ppo,1,0.23500000000000001,1.864,2.408
high_penalty,hamilton_ppo,1,0.24,1.882,2.454
high_penalty,hamilton_ppo,1,0.245,1.872,2.444
high_penalty,hamilton_ppo,1,0.25,1.882,2.454
high_penalty,hamilton_ppo,1,0.255,1.876,2.472
high_penalty,hamilton_ppo,1,0.26,1.906,2.486
high_penalty,hamilton_ppo,1,0.265,1.91,2.478
high_penalty,hamilton_ppo,1,0.27,1.938,2.486
high_penalty,hamilton_ppo,1,0.275,1.974,2.518
high_penalty,hamilton_ppo,1,0.28,1.954,2.53
high_penalty,hamilton_ppo,1,0.28500000000000003,1.964,2.544
high_penalty,hamilton_ppo,1,0.29,2.01,2.558
high_penalty,hamilton_ppo,1,0.295,1.98,2.532
high_penalty,hamilton_ppo,1,0.3,2.008,2.548
high_penalty,hamilton_ppo,1,0.305,2.01,2.546
high_penalty,hamilton_ppo,1,0.31,2.014,2.526
high_penalty,hamilton_ppo,1,0.315,2.02,2.54
high_penalty,hamilton_ppo,1,0.32,2.04,2.592
high_penalty,hamilton_ppo,1,0.325,2.044,2.568
high_penalty,hamilton_ppo,1,0.33,2.084,2.572
high_penalty,hamilton_ppo,1,0.335,2.092,2.576
high_penalty,hamilton_ppo,1,0.34,2.088,2.564
high_penalty,hamilton_ppo,1,0.34500000000000003,2.078,2.566
high_penalty,hamilton_ppo,1,0.35000000000000003,2.102,2.578
high_penalty,hamilton_ppo,1,0.355,2.058,2.578
high_penalty,hamilton_ppo,1,0.36,2.062,2.578
high_penalty,hamilton_ppo,1,0.365,2.094,2.59
high_penalty,hamilton_ppo,1,0.37,2.078,2.598
high_penalty,hamilton_ppo,1,0.375,2.056,2.604
high_penalty,hamilton_ppo,1,0.38,2.044,2.6
high_penalty,hamilton_ppo,1,0.385,2.036,2.64
high_penalty,hamilton_ppo,1,0.39,2.052,2.632
high_penalty,hamilton_ppo,1,0.395,2.044,2.656
high_penalty,hamilton_ppo,1,0.4,2.066,2.678
high_penalty,hamilton_ppo,1,0.405,2.042,2.662
high_penalty,hamilton_ppo,1,0.41000000000000003,2.046,2.654
high_penalty,hamilton_ppo,1,0.41500000000000004,2.074,2.694
high_penalty,hamilton_ppo,1,0.42,2.08,2.672
high_penalty,hamilton_ppo,1,0.425,2.06,2.644
high_penalty,hamilton_ppo,1,0.43,2.074,2.67
high_penalty,hamilton_ppo,1,0.435,2.066,2.67
high_penalty,hamilton_ppo,1,0.44,2.064,2.676
high_penalty,hamilton_ppo,1,0.445,2.058,2.678
high_penalty,hamilton_ppo,1,0.45,2.044,2.668
high_penalty,hamilton_ppo,1,0.455,2.052,2.696
high_penalty,hamilton_ppo,1,0.46,2.086,2.718
high_penalty,hamilton_ppo,1,0.465,2.096,2.728
high_penalty,hamilton_ppo,1,0.47000000000000003,2.09,2.722
high_penalty,hamilton_ppo,1,0.47500000000000003,2.068,2.732
high_penalty,hamilton_ppo,1,0.48,2.036,2.712
high_penalty,hamilton_ppo,1,0.485,2.02,2.668
high_penalty,hamilton_ppo,1,0.49,2.066,2.714
high_penalty,hamilton_ppo,1,0.495,2.06,2.712
high_penalty,hamilton_ppo,1,0.5,2.088,2.732
high_penalty,hamilton_ppo,1,0.505,2.12,2.744
high_penalty,hamilton_ppo,1,0.51,2.1,2.748
high_penalty,hamilton_ppo,1,0.515,2.126,2.754
high_penalty,hamilton_ppo,1,0.52,2.174,2.77
high_penalty,hamilton_ppo,1,0.525,2.202,2.794
high_penalty,hamilton_ppo,1,0.53,2.202,2.794
high_penalty,hamilton_ppo,1,0.535,2.162,2.794
high_penalty,hamilton_ppo,1,0.54,2.138,2.766
high_penalty,hamilton_ppo,1,0.545,2.144,2.788
high_penalty,hamilton_ppo,1,0.55,2.114,2.766
high_penalty,hamilton_ppo,1,0.555,2.098,2.742
high_penalty,hamilton_ppo,1,0.56,2.062,2.734
high_penalty,hamilton_ppo,1,0.5650000000000001,2.058,2.734
high_penalty,hamilton_ppo,1,0.5700000000000001,2.062,2.73
high_penalty,hamilton_ppo,1,0.5750000000000001,2.078,2.742
high_penalty,hamilton_ppo,1,0.58,2.068,2.728
high_penalty,hamilton_ppo,1,0.585,2.082,2.706
high_penalty,hamilton_ppo,1,0.59,2.106,2.69
high_penalty,hamilton_ppo,1,0.595,2.15,2.71
high_penalty,hamilton_ppo,1,0.6,2.14,2.708
high_penalty,hamilton_ppo,1,0.605,2.108,2.7
high_penalty,hamilton_ppo,1,0.61,2.116,2.692
high_penalty,hamilton_ppo,1,0.615,2.104,2.672
high_penalty,hamilton_ppo,1,0.62,2.074,2.658
high_penalty,hamilton_ppo,1,0.625,2.098,2.682
high_penalty,hamilton_ppo,1,0.63,2.086,2.67
high_penalty,hamilton_ppo,1,0.635,2.054,2.646
high_penalty,hamilton_ppo,1,0.64,2.056,2.648
high_penalty,hamilton_ppo,1,0.645,2.03,2.618
high_penalty,hamilton_ppo,1,0.65,1.996,2.604
high_penalty,hamilton_ppo,1,0.655,1.994,2.614
high_penalty,hamilton_ppo,1,0.66,1.978,2.614
high_penalty,hamilton_ppo,1,0.665,2.002,2.662
high_penalty,hamilton_ppo,1,0.67,2.028,2.708
high_penalty,hamilton_ppo,1,0.675,2.05,2.702
high_penalty,hamilton_ppo,1,0.68,2.082,2.718
high_penalty,hamilton_ppo,1,0.685,2.098,2.722
high_penalty,hamilton_ppo,1,0.6900000000000001,2.102,2.742
high_penalty,hamilton_ppo,1,0.6950000000000001,2.084,2.752
high_penalty,hamilton_ppo,1,0.7000000000000001,2.072,2.724
high_penalty,hamilton_ppo,1,0.705,2.064,2.724
high_penalty,hamilton_ppo,1,0.71,2.038,2.702
high_penalty,hamilton_ppo,1,0.715,2.028,2.7
high_penalty,hamilton_ppo,1,0.72,2.034,2.706
high_penalty,hamilton_ppo,1,0.725,2.034,2.722
high_penalty,hamilton_ppo,1,0.73,2.03,2.71
high_penalty,hamilton_ppo,1,0.735,2.002,2.702
high_penalty,hamilton_ppo,1,0.74,2.016,2.716
high_penalty,hamilton_ppo,1,0.745,2.026,2.73
high_penalty,hamilton_ppo,1,0.75,2.016,2.712
high_penalty,hamilton_ppo,1,0.755,2.01,2.682
high_penalty,hamilton_ppo,1,0.76,2.046,2.69
high_penalty,hamilton_ppo,1,0.765,2.018,2.662
high_penalty,hamilton_ppo,1,0.77,2.012,2.64
high_penalty,hamilton_ppo,1,0.775,2.04,2.632
high_penalty,hamilton_ppo,1,0.78,2.024,2.62
high_penalty,hamilton_ppo,1,0.785,2.0,2.58
high_penalty,hamilton_ppo,1,0.79,2.006,2.61
high_penalty,hamilton_ppo,1,0.795,2.004,2.604
high_penalty,hamilton_ppo,1,0.8,2.032,2.604
high_penalty,hamilton_ppo,1,0.805,2.006,2.61
high_penalty,hamilton_ppo,1,0.81,2.01,2.61
high_penalty,hamilton_ppo,1,0.8150000000000001,2.024,2.636
high_penalty,hamilton_ppo,1,0.8200000000000001,2.078,2.682
high_penalty,hamilton_ppo,1,0.8250000000000001,2.09,2.686
high_penalty,hamilton_ppo,1,0.8300000000000001,2.05,2.674
high_penalty,hamilton_ppo,1,0.835,2.032,2.66
high_penalty,hamilton_ppo,1,0.84,2.05,2.678
high_penalty,hamilton_ppo,1,0.845,2.066,2.682
high_penalty,hamilton_ppo,1,0.85,2.07,2.686
high_penalty,hamilton_ppo,1,0.855,2.068,2.684
high_penalty,hamilton_ppo,1,0.86,2.066,2.662
high_penalty,hamilton_ppo,1,0.865,2.048,2.636
high_penalty,hamilton_ppo,1,0.87,2.056,2.64
high_penalty,hamilton_ppo,1,0.875,2.058,2.646
high_penalty,hamilton_ppo,1,0.88,2.078,2.638
high_penalty,hamilton_ppo,1,0.885,2.042,2.602
high_penalty,hamilton_ppo,1,0.89,2.032,2.624
high_penalty,hamilton_ppo,1,0.895,2.016,2.624
high_penalty,hamilton_ppo,1,0.9,2.034,2.618
high_penalty,hamilton_ppo,1,0.905,2.046,2.614
high_penalty,hamilton_ppo,1,0.91,2.048,2.62
high_penalty,hamilton_ppo,1,0.915,2.052,2.62
high_penalty,hamilton_ppo,1,0.92,2.038,2.602
high_penalty,hamilton_ppo,1,0.925,2.062,2.618
high_penalty,hamilton_ppo,1,0.93,2.078,2.65
high_penalty,hamilton_ppo,1,0.935,2.06,2.64
high_penalty,hamilton_ppo,1,0.9400000000000001,2.054,2.642
high_penalty,hamilton_ppo,1,0.9450000000000001,2.068,2.652
high_penalty,hamilton_ppo,1,0.9500000000000001,2.052,2.64
high_penalty,hamilton_ppo,1,0.9550000000000001,2.042,2.614
high_penalty,hamilton_ppo,1,0.96,2.052,2.612
high_penalty,hamilton_ppo,1,0.965,2.042,2.602
high_penalty,hamilton_ppo,1,0.97,2.062,2.622
high_penalty,hamilton_ppo,1,0.975,2.048,2.612
high_penalty,hamilton_ppo,1,0.98,2.044,2.624
high_penalty,hamilton_ppo,1,0.985,2.044,2.608
high_penalty,hamilton_ppo,1,0.99,2.034,2.594
high_penalty,hamilton_ppo,1,0.995,2.016,2.584
high_penalty,hamilton_ppo,1,1.0,1.988,2.572
high_penalty,hamilton_ppo,2,0.0,0.0,0.0
high_penalty,hamilton_ppo,2,0.005,0.064,0.12
high_penalty,hamilton_ppo,2,0.01,0.132,0.272
high_penalty,hamilton_ppo,2,0.015,0.182,0.398
high_penalty,hamilton_ppo,2,0.02,0.232,0.516
high_penalty,hamilton_ppo,2,0.025,0.27,0.614
high_penalty,hamilton_ppo,2,0.03,0.312,0.736
high_penalty,hamilton_ppo,2,0.035,0.336,0.792
high_penalty,hamilton_ppo,2,0.04,0.41,0.898
high_penalty,hamilton_ppo,2,0.045,0.45,0.966
high_penalty,hamilton_ppo,2,0.05,0.5,1.044
high_penalty,hamilton_ppo,2,0.055,0.562,1.122
high_penalty,hamilton_ppo,2,0.06,0.616,1.184
high_penalty,hamilton_ppo,2,0.065,0.674,1.222
high_penalty,hamilton_ppo,2,0.07,0.732,1.292
high_penalty,hamilton_ppo,2,0.075,0.784,1.364
high_penalty,hamilton_ppo,2,0.08,0.858,1.434
high_penalty,hamilton_ppo,2,0.085,0.874,1.474
high_penalty,hamilton_ppo,2,0.09,0.902,1.522
high_penalty,hamilton_ppo,2,0.095,0.952,1.568
high_penalty,hamilton_ppo,2,0.1,0.99,1.618
high_penalty,hamilton_ppo,2,0.105,1.076,1.688
high_penalty,hamilton_ppo,2,0.11,1.132,1.732
high_penalty,hamilton_ppo,2,0.115,1.188,1.784
high_penalty,hamilton_ppo,2,0.12,1.248,1.84
high_penalty,hamilton_ppo,2,0.125,1.29,1.898
high_penalty,hamilton_ppo,2,0.13,1.338,1.962
high_penalty,hamilton_ppo,2,0.135,1.414,2.034
high_penalty,hamilton_ppo,2,0.14,1.456,2.084
high_penalty,hamilton_ppo,2,0.145,1.494,2.122
high_penalty,hamilton_ppo,2,0.15,1.49,2.126
high_penalty,hamilton_ppo,2,0.155,1.548,2.188
high_penalty,hamilton_ppo,2,0.16,1.646,2.286
high_penalty,hamilton_ppo,2,0.165,1.692,2.328
high_penalty,hamilton_ppo,2,0.17,1.714,2.358
high_penalty,hamilton_ppo,2,0.17500000000000002,1.762,2.418
high_penalty,hamilton_ppo,2,0.18,1.828,2.48
high_penalty,hamilton_ppo,2,0.185,1.88,2.532
high_penalty,hamilton_ppo,2,0.19,1.942,2.586
high_penalty,hamilton_ppo,2,0.195,1.966,2.634
high_penalty,hamilton_ppo,2,0.2,2.022,2.674
high_penalty,hamilton_ppo,2,0.20500000000000002,2.074,2.706
high_penalty,hamilton_ppo,2,0.21,2.142,2.77
high_penalty,hamilton_ppo,2,0.215,2.186,2.822
high_penalty,hamilton_ppo,2,0.22,2.232,2.896
high_penalty,hamilton_ppo,2,0.225,2.282,2.958
high_penalty,hamilton_ppo,2,0.23,2.322,2.966
high_penalty,hamilton_ppo,2,0.23500000000000001,2.386,3.006
high_penalty,hamilton_ppo,2,0.24,2.442,3.062
high_penalty,hamilton_ppo,2,0.245,2.476,3.116
high_penalty,hamilton_ppo,2,0.25,2.53,3.154
high_penalty,hamilton_ppo,2,0.255,2.568,3.192
high_penalty,hamilton_ppo,2,0.26,2.622,3.23
high_penalty,hamilton_ppo,2,0.265,2.66,3.284
high_penalty,hamilton_ppo,2,0.27,2.708,3.296
high_penalty,hamilton_ppo,2,0.275,2.774,3.366
high_penalty,hamilton_ppo,2,0.28,2.794,3.39
high_penalty,hamilton_ppo,2,0.28500000000000003,2.852,3.432
high_penalty,hamilton_ppo,2,0.29,2.93,3.506
high_penalty,hamilton_ppo,2,0.295,2.942,3.542
high_penalty,hamilton_ppo,2,0.3,2.99,3.582
high_penalty,hamilton_ppo,2,0.305,3.044,3.652
high_penalty,hamilton_ppo,2,0.31,3.088,3.68
high_penalty,hamilton_ppo,2,0.315,3.134,3.73
high_penalty,hamilton_ppo,2,0.32,3.186,3.794
high_penalty,hamilton_ppo,2,0.325,3.224,3.816
high_penalty,hamilton_ppo,2,0.33,3.284,3.836
high_penalty,hamilton_ppo,2,0.335,3.326,3.874
high_penalty,hamilton_ppo,2,0.34,3.358,3.918
high_penalty,hamilton_ppo,2,0.34500000000000003,3.39,3.954
high_penalty,hamilton_ppo,2,0.35000000000000003,3.434,4.01
high_penalty,hamilton_ppo,2,0.355,3.444,4.044
high_penalty,hamilton_ppo,2,0.36,3.488,4.088
high_penalty,hamilton_ppo,2,0.365,3.546,4.138
high_penalty,hamilton_ppo,2,0.37,3.556,4.156
high_penalty,hamilton_ppo,2,0.375,3.584,4.212
high_penalty,hamilton_ppo,2,0.38,3.622,4.242
high_penalty,hamilton_ppo,2,0.385,3.646,4.29
high_penalty,hamilton_ppo,2,0.39,3.676,4.304
high_penalty,hamilton_ppo,2,0.395,3.72,4.372
high_penalty,hamilton_ppo,2,0.4,3.784,4.436
high_penalty,hamilton_ppo,2,0.405,3.786,4.426
high_penalty,hamilton_ppo,2,0.41000000000000003,3.802,4.43
high_penalty,hamilton_ppo,2,0.41500000000000004,3.876,4.504
high_penalty,hamilton_ppo,2,0.42,3.91,4.538
high_penalty,hamilton_ppo,2,0.425,3.932,4.572
high_penalty,hamilton_ppo,2,0.43,4.012,4.652
high_penalty,hamilton_ppo,2,0.435,4.048,4.724
high_penalty,hamilton_ppo,2,0.44,4.072,4.752
high_penalty,hamilton_ppo,2,0.445,4.106,4.794
high_penalty,hamilton_ppo,2,0.45,4.15,4.818
high_penalty,hamilton_ppo,2,0.455,4.192,4.892
high_penalty,hamilton_ppo,2,0.46,4.258,4.934
high_penalty,hamilton_ppo,2,0.465,4.306,4.978
high_penalty,hamilton_ppo,2,0.47000000000000003,4.354,5.018
high_penalty,hamilton_ppo,2,0.47500000000000003,4.356,5.048
high_penalty,hamilton_ppo,2,0.48,4.358,5.058
high_penalty,hamilton_ppo,2,0.485,4.374,5.07
high_penalty,hamilton_ppo,2,0.49,4.46,5.164
high_penalty,hamilton_ppo,2,0.495,4.492,5.22
high_penalty,hamilton_ppo,2,0.5,4.546,5.27
high_penalty,hamilton_ppo,2,0.505,4.598,5.302
high_penalty,hamilton_ppo,2,0.51,4.618,5.346
high_penalty,hamilton_ppo,2,0.515,4.668,5.376
high_penalty,hamilton_ppo,2,0.52,4.762,5.47
high_penalty,hamilton_ppo,2,0.525,4.812,5.516
high_penalty,hamilton_ppo,2,0.53,4.852,5.556
high_penalty,hamilton_ppo,2,0.535,4.866,5.606
high_penalty,hamilton_ppo,2,0.54,4.892,5.628
high_penalty,hamilton_ppo,2,0.545,4.934,5.67
high_penalty,hamilton_ppo,2,0.55,4.952,5.716
high_penalty,hamilton_ppo,2,0.555,4.972,5.744
high_penalty,hamilton_ppo,2,0.56,4.952,5.748
high_penalty,hamilton_ppo,2,0.5650000000000001,4.972,5.764
high_penalty,hamilton_ppo,2,0.5700000000000001,5.004,5.784
high_penalty,hamilton_ppo,2,0.5750000000000001,5.052,5.852
high_penalty,hamilton_ppo,2,0.58,5.066,5.878
high_penalty,hamilton_ppo,2,0.585,5.09,5.89
high_penalty,hamilton_ppo,2,0.59,5.148,5.936
high_penalty,hamilton_ppo,2,0.595,5.228,5.984
high_penalty,hamilton_ppo,2,0.6,5.242,5.998
high_penalty,hamilton_ppo,2,0.605,5.224,6.016
high_penalty,hamilton_ppo,2,0.61,5.27,6.046
high_penalty,hamilton_ppo,2,0.615,5.31,6.09
high_penalty,hamilton_ppo,2,0.62,5.318,6.106
high_penalty,hamilton_ppo,2,0.625,5.374,6.166
high_penalty,hamilton_ppo,2,0.63,5.412,6.208
high_penalty,hamilton_ppo,2,0.635,5.422,6.226
high_penalty,hamilton_ppo,2,0.64,5.438,6.234
high_penalty,hamilton_ppo,2,0.645,5.438,6.242
high_penalty,hamilton_ppo,2,0.65,5.408,6.24
high_penalty,hamilton_ppo,2,0.655,5.418,6.266
high_penalty,hamilton_ppo,2,0.66,5.434,6.294
high_penalty,hamilton_ppo,2,0.665,5.466,6.33
high_penalty,hamilton_ppo,2,0.67,5.506,6.37
high_penalty,hamilton_ppo,2,0.675,5.562,6.402
high_penalty,hamilton_ppo,2,0.68,5.61,6.446
high_penalty,hamilton_ppo,2,0.685,5.638,6.47
high_penalty,hamilton_ppo,2,0.6900000000000001,5.676,6.524
high_penalty,hamilton_ppo,2,0.6950000000000001,5.698,6.578
high_penalty,hamilton_ppo,2,0.7000000000000001,5.698,6.566
high_penalty,hamilton_ppo,2,0.705,5.718,6.602
high_penalty,hamilton_ppo,2,0.71,5.736,6.636
high_penalty,hamilton_ppo,2,0.715,5.73,6.646
high_penalty,hamilton_ppo,2,0.72,5.748,6.696
high_penalty,hamilton_ppo,2,0.725,5.786,6.734
high_penalty,hamilton_ppo,2,0.73,5.788,6.744
high_penalty,hamilton_ppo,2,0.735,5.794,6.77
high_penalty,hamilton_ppo,2,0.74,5.816,6.796
high_penalty,hamilton_ppo,2,0.745,5.846,6.83
high_penalty,hamilton_ppo,2,0.75,5.86,6.852
high_penalty,hamilton_ppo,2,0.755,5.864,6.844
high_penalty,hamilton_ppo,2,0.76,5.908,6.872
high_penalty,hamilton_ppo,2,0.765,5.91,6.874
high_penalty,hamilton_ppo,2,0.77,5.942,6.902
high_penalty,hamilton_ppo,2,0.775,5.974,6.942
high_penalty,hamilton_ppo,2,0.78,5.964,6.956
high_penalty,hamilton_ppo,2,0.785,5.974,6.934
high_penalty,hamilton_ppo,2,0.79,6.002,6.974
high_penalty,hamilton_ppo,2,0.795,6.0,6.98
high_penalty,hamilton_ppo,2,0.8,6.04,7.02
high_penalty,hamilton_ppo,2,0.805,6.014,6.99
high_penalty,hamilton_ppo,2,0.81,6.036,7.028
high_penalty,hamilton_ppo,2,0.8150000000000001,6.066,7.054
high_penalty,hamilton_ppo,2,0.8200000000000001,6.122,7.11
high_penalty,hamilton_ppo,2,0.8250000000000001,6.152,7.14
high_penalty,hamilton_ppo,2,0.8300000000000001,6.13,7.138
high_penalty,hamilton_ppo,2,0.835,6.116,7.136
high_penalty,hamilton_ppo,2,0.84,6.142,7.174
high_penalty,hamilton_ppo,2,0.845,6.202,7.21
high_penalty,hamilton_ppo,2,0.85,6.2,7.216
high_penalty,hamilton_ppo,2,0.855,6.23,7.286
high_penalty,hamilton_ppo,2,0.86,6.246,7.306
high_penalty,hamilton_ppo,2,0.865,6.23,7.306
high_penalty,hamilton_ppo,2,0.87,6.256,7.348
high_penalty,hamilton_ppo,2,0.875,6.262,7.342
high_penalty,hamilton_ppo,2,0.88,6.264,7.316
high_penalty,hamilton_ppo,2,0.885,6.232,7.296
high_penalty,hamilton_ppo,2,0.89,6.212,7.296
high_penalty,hamilton_ppo,2,0.895,6.214,7.31
high_penalty,hamilton_ppo,2,0.9,6.244,7.356
high_penalty,hamilton_ppo,2,0.905,6.26,7.372
high_penalty,hamilton_ppo,2,0.91,6.286,7.426
high_penalty,hamilton_ppo,2,0.915,6.344,7.472
high_penalty,hamilton_ppo,2,0.92,6.346,7.49
high_penalty,hamilton_ppo,2,0.925,6.39,7.53
high_penalty,hamilton_ppo,2,0.93,6.406,7.562
high_penalty,hamilton_ppo,2,0.935,6.414,7.578
high_penalty,hamilton_ppo,2,0.9400000000000001,6.42,7.58
high_penalty,hamilton_ppo,2,0.9450000000000001,6.44,7.612
high_penalty,hamilton_ppo,2,0.9500000000000001,6.444,7.644
high_penalty,hamilton_ppo,2,0.9550000000000001,6.444,7.628
high_penalty,hamilton_ppo,2,0.96,6.428,7.616
high_penalty,hamilton_ppo,2,0.965,6.434,7.63
high_penalty,hamilton_ppo,2,0.97,6.476,7.664
high_penalty,hamilton_ppo,2,0.975,6.462,7.658
high_penalty,hamilton_ppo,2,0.98,6.432,7.66
high_penalty,hamilton_ppo,2,0.985,6.424,7.66
high_penalty,hamilton_ppo,2,0.99,6.412,7.636
high_penalty,hamilton_ppo,2,0.995,6.39,7.634
high_penalty,hamilton_ppo,2,1.0,6.414,7.658
high_penalty,hamilton_ppo,3,0.0,0.0,0.0
high_penalty,hamilton_ppo,3,0.005,0.032,0.156
high_penalty,hamilton_ppo,3,0.01,0.08,0.312
high_penalty,hamilton_ppo,3,0.015,0.104,0.428
high_penalty,hamilton_ppo,3,0.02,0.104,0.56
high_penalty,hamilton_ppo,3,0.025,0.124,0.66
high_penalty,hamilton_ppo,3,0.03,0.168,0.772
high_penalty,hamilton_ppo,3,0.035,0.174,0.842
high_penalty,hamilton_ppo,3,0.04,0.19,0.93
high_penalty,hamilton_ppo,3,0.045,0.208,0.996
high_penalty,hamilton_ppo,3,0.05,0.232,1.076
high_penalty,hamilton_ppo,3,0.055,0.248,1.14
high_penalty,hamilton_ppo,3,0.06,0.278,1.206
high_penalty,hamilton_ppo,3,0.065,0.32,1.24
high_penalty,hamilton_ppo,3,0.07,0.348,1.292
high_penalty,hamilton_ppo,3,0.075,0.382,1.358
high_penalty,hamilton_ppo,3,0.08,0.412,1.432
high_penalty,hamilton_ppo,3,0.085,0.422,1.454
high_penalty,hamilton_ppo,3,0.09,0.426,1.466
high_penalty,hamilton_ppo,3,0.095,0.456,1.532
high_penalty,hamilton_ppo,3,0.1,0.476,1.596
high_penalty,hamilton_ppo,3,0.105,0.534,1.678
high_penalty,hamilton_ppo,3,0.11,0.548,1.696
high_penalty,hamilton_ppo,3,0.115,0.576,1.724
high_penalty,hamilton_ppo,3,0.12,0.62,1.776
high_penalty,hamilton_ppo,3,0.125,0.632,1.804
high_penalty,hamilton_ppo,3,0.13,0.654,1.858
high_penalty,hamilton_ppo,3,0.135,0.698,1.902
high_penalty,hamilton_ppo,3,0.14,0.734,1.95
high_penalty,hamilton_ppo,3,0.145,0.748,1.968
high_penalty,hamilton_ppo,3,0.15,0.72,1.976
high_penalty,hamilton_ppo,3,0.155,0.764,2.052
high_penalty,hamilton_ppo,3,0.16,0.84,2.108
high_penalty,hamilton_ppo,3,0.165,0.864,2.172
high_penalty,hamilton_ppo,3,0.17,0.84,2.224
high_penalty,hamilton_ppo,3,0.17500000000000002,0.882,2.306
high_penalty,hamilton_ppo,3,0.18,0.92,2.344
high_penalty,hamilton_ppo,3,0.185,0.948,2.376
high_penalty,hamilton_ppo,3,0.19,1.0,2.42
high_penalty,hamilton_ppo,3,0.195,1.006,2.474
high_penalty,hamilton_ppo,3,0.2,1.056,2.508
high_penalty,hamilton_ppo,3,0.20500000000000002,1.094,2.542
high_penalty,hamilton_ppo,3,0.21,1.128,2.56
high_penalty,hamilton_ppo,3,0.215,1.16,2.612
high_penalty,hamilton_ppo,3,0.22,1.182,2.69
high_penalty,hamilton_ppo,3,0.225,1.22,2.74
high_penalty,hamilton_ppo,3,0.23,1.24,2.744
high_penalty,hamilton_ppo,3,0.23500000000000001,1.274,2.758
high_penalty,hamilton_ppo,3,0.24,1.308,2.824
high_penalty,hamilton_ppo,3,0.245,1.322,2.894
high_penalty,hamilton_ppo,3,0.25,1.364,2.916
high_penalty,hamilton_ppo,3,0.255,1.382,2.966
high_penalty,hamilton_ppo,3,0.26,1.43,3.026
high_penalty,hamilton_ppo,3,0.265,1.442,3.03
high_penalty,hamilton_ppo,3,0.27,1.468,3.028
high_penalty,hamilton_ppo,3,0.275,1.5,3.076
high_penalty,hamilton_ppo,3,0.28,1.494,3.114
high_penalty,hamilton_ppo,3,0.28500000000000003,1.532,3.172
high_penalty,hamilton_ppo,3,0.29,1.596,3.236
high_penalty,hamilton_ppo,3,0.295,1.602,3.278
high_penalty,hamilton_ppo,3,0.3,1.646,3.334
high_penalty,hamilton_ppo,3,0.305,1.698,3.406
high_penalty,hamilton_ppo,3,0.31,1.736,3.42
high_penalty,hamilton_ppo,3,0.315,1.78,3.46
high_penalty,hamilton_ppo,3,0.32,1.798,3.462
high_penalty,hamilton_ppo,3,0.325,1.826,3.478
high_penalty,hamilton_ppo,3,0.33,1.882,3.514
high_penalty,hamilton_ppo,3,0.335,1.902,3.534
high_penalty,hamilton_ppo,3,0.34,1.926,3.554
high_penalty,hamilton_ppo,3,0.34500000000000003,1.934,3.562
high_penalty,hamilton_ppo,3,0.35000000000000003,1.966,3.602
high_penalty,hamilton_ppo,3,0.355,1.954,3.642
high_penalty,hamilton_ppo,3,0.36,1.984,3.672
high_penalty,hamilton_ppo,3,0.365,2.028,3.708
high_penalty,hamilton_ppo,3,0.37,2.036,3.752
high_penalty,hamilton_ppo,3,0.375,2.052,3.816
high_penalty,hamilton_ppo,3,0.38,2.082,3.874
high_penalty,hamilton_ppo,3,0.385,2.082,3.878
high_penalty,hamilton_ppo,3,0.39,2.094,3.87
high_penalty,hamilton_ppo,3,0.395,2.138,3.93
high_penalty,hamilton_ppo,3,0.4,2.192,3.98
high_penalty,hamilton_ppo,3,0.405,2.188,3.984
high_penalty,hamilton_ppo,3,0.41000000000000003,2.186,4.014
high_penalty,hamilton_ppo,3,0.41500000000000004,2.246,4.078
high_penalty,hamilton_ppo,3,0.42,2.254,4.07
high_penalty,hamilton_ppo,3,0.425,2.276,4.116
high_penalty,hamilton_ppo,3,0.43,2.332,4.172
high_penalty,hamilton_ppo,3,0.435,2.356,4.208
high_penalty,hamilton_ppo,3,0.44,2.358,4.226
high_penalty,hamilton_ppo,3,0.445,2.392,4.276
high_penalty,hamilton_ppo,3,0.45,2.406,4.29
high_penalty,hamilton_ppo,3,0.455,2.442,4.35
high_penalty,hamilton_ppo,3,0.46,2.508,4.384
high_penalty,hamilton_ppo,3,0.465,2.536,4.42
high_penalty,hamilton_ppo,3,0.47000000000000003,2.586,4.506
high_penalty,hamilton_ppo,3,0.47500000000000003,2.58,4.536
high_penalty,hamilton_ppo,3,0.48,2.574,4.602
high_penalty,hamilton_ppo,3,0.485,2.584,4.628
high_penalty,hamilton_ppo,3,0.49,2.646,4.682
high_penalty,hamilton_ppo,3,0.495,2.68,4.764
high_penalty,hamilton_ppo,3,0.5,2.734,4.838
high_penalty,hamilton_ppo,3,0.505,2.8,4.856
high_penalty,hamilton_ppo,3,0.51,2.804,4.888
high_penalty,hamilton_ppo,3,0.515,2.862,4.906
high_penalty,hamilton_ppo,3,0.52,2.952,4.96
high_penalty,hamilton_ppo,3,0.525,2.988,5.008
high_penalty,hamilton_ppo,3,0.53,3.044,5.076
high_penalty,hamilton_ppo,3,0.535,3.064,5.144
high_penalty,hamilton_ppo,3,0.54,3.08,5.144
high_penalty,hamilton_ppo,3,0.545,3.136,5.188
high_penalty,hamilton_ppo,3,0.55,3.15,5.25
high_penalty,hamilton_ppo,3,0.555,3.166,5.274
high_penalty,hamilton_ppo,3,0.56,3.142,5.298
high_penalty,hamilton_ppo,3,0.5650000000000001,3.156,5.324
high_penalty,hamilton_ppo,3,0.5700000000000001,3.182,5.386
high_penalty,hamilton_ppo,3,0.5750000000000001,3.224,5.42
high_penalty,hamilton_ppo,3,0.58,3.232,5.444
high_penalty,hamilton_ppo,3,0.585,3.28,5.476
high_penalty,hamilton_ppo,3,0.59,3.326,5.494
high_penalty,hamilton_ppo,3,0.595,3.408,5.564
high_penalty,hamilton_ppo,3,0.6,3.434,5.626
high_penalty,hamilton_ppo,3,0.605,3.42,5.644
high_penalty,hamilton_ppo,3,0.61,3.468,5.684
high_penalty,hamilton_ppo,3,0.615,3.51,5.734
high_penalty,hamilton_ppo,3,0.62,3.518,5.75
high_penalty,hamilton_ppo,3,0.625,3.58,5.82
high_penalty,hamilton_ppo,3,0.63,3.626,5.886
high_penalty,hamilton_ppo,3,0.635,3.682,5.962
high_penalty,hamilton_ppo,3,0.64,3.708,5.984
high_penalty,hamilton_ppo,3,0.645,3.722,6.03
high_penalty,hamilton_ppo,3,0.65,3.724,6.06
high_penalty,hamilton_ppo,3,0.655,3.748,6.108
high_penalty,hamilton_ppo,3,0.66,3.768,6.136
high_penalty,hamilton_ppo,3,0.665,3.802,6.19
high_penalty,hamilton_ppo,3,0.67,3.836,6.232
high_penalty,hamilton_ppo,3,0.675,3.904,6.292
high_penalty,hamilton_ppo,3,0.68,3.974,6.354
high_penalty,hamilton_ppo,3,0.685,4.016,6.396
high_penalty,hamilton_ppo,3,0.6900000000000001,4.078,6.446
high_penalty,hamilton_ppo,3,0.6950000000000001,4.102,6.498
high_penalty,hamilton_ppo,3,0.7000000000000001,4.114,6.506
high_penalty,hamilton_ppo,3,0.705,4.16,6.544
high_penalty,hamilton_ppo,3,0.71,4.198,6.606
high_penalty,hamilton_ppo,3,0.715,4.214,6.626
high_penalty,hamilton_ppo,3,0.72,4.244,6.668
high_penalty,hamilton_ppo,3,0.725,4.292,6.724
high_penalty,hamilton_ppo,3,0.73,4.296,6.748
high_penalty,hamilton_ppo,3,0.735,4.296,6.756
high_penalty,hamilton_ppo,3,0.74,4.326,6.802
high_penalty,hamilton_ppo,3,0.745,4.372,6.86
high_penalty,hamilton_ppo,3,0.75,4.4,6.916
high_penalty,hamilton_ppo,3,0.755,4.422,6.958
high_penalty,hamilton_ppo,3,0.76,4.488,7.02
high_penalty,hamilton_ppo,3,0.765,4.526,7.038
high_penalty,hamilton_ppo,3,0.77,4.568,7.08
high_penalty,hamilton_ppo,3,0.775,4.606,7.138
high_penalty,hamilton_ppo,3,0.78,4.62,7.16
high_penalty,hamilton_ppo,3,0.785,4.65,7.186
high_penalty,hamilton_ppo,3,0.79,4.716,7.244
high_penalty,hamilton_ppo,3,0.795,4.728,7.276
high_penalty,hamilton_ppo,3,0.8,4.788,7.372
high_penalty,hamilton_ppo,3,0.805,4.798,7.37
high_penalty,hamilton_ppo,3,0.81,4.852,7.436
high_penalty,hamilton_ppo,3,0.8150000000000001,4.912,7.492
high_penalty,hamilton_ppo,3,0.8200000000000001,5.008,7.584
high_penalty,hamilton_ppo,3,0.8250000000000001,5.072,7.656
high_penalty,hamilton_ppo,3,0.8300000000000001,5.062,7.694
high_penalty,hamilton_ppo,3,0.835,5.084,7.724
high_penalty,hamilton_ppo,3,0.84,5.13,7.774
high_penalty,hamilton_ppo,3,0.845,5.214,7.842
high_penalty,hamilton_ppo,3,0.85,5.24,7.908
high_penalty,hamilton_ppo,3,0.855,5.276,7.956
high_penalty,hamilton_ppo,3,0.86,5.304,8.0
high_penalty,hamilton_ppo,3,0.865,5.322,8.054
high_penalty,hamilton_ppo,3,0.87,5.39,8.122
high_penalty,hamilton_ppo,3,0.875,5.436,8.132
high_penalty,hamilton_ppo,3,0.88,5.478,8.15
high_penalty,hamilton_ppo,3,0.885,5.482,8.166
high_penalty,hamilton_ppo,3,0.89,5.494,8.198
high_penalty,hamilton_ppo,3,0.895,5.54,8.244
high_penalty,hamilton_ppo,3,0.9,5.608,8.3
high_penalty,hamilton_ppo,3,0.905,5.672,8.356
high_penalty,hamilton_ppo,3,0.91,5.742,8.43
high_penalty,hamilton_ppo,3,0.915,5.818,8.51
high_penalty,hamilton_ppo,3,0.92,5.844,8.556
high_penalty,hamilton_ppo,3,0.925,5.924,8.624
high_penalty,hamilton_ppo,3,0.93,5.988,8.708
high_penalty,hamilton_ppo,3,0.935,6.036,8.768
high_penalty,hamilton_ppo,3,0.9400000000000001,6.074,8.79
high_penalty,hamilton_ppo,3,0.9450000000000001,6.122,8.854
high_penalty,hamilton_ppo,3,0.9500000000000001,6.188,8.928
high_penalty,hamilton_ppo,3,0.9550000000000001,6.232,8.952
high_penalty,hamilton_ppo,3,0.96,6.254,9.01
high_penalty,hamilton_ppo,3,0.965,6.306,9.074
high_penalty,hamilton_ppo,3,0.97,6.398,9.162
high_penalty,hamilton_ppo,3,0.975,6.416,9.204
high_penalty,hamilton_ppo,3,0.98,6.45,9.254
high_penalty,hamilton_ppo,3,0.985,6.492,9.276
high_penalty,hamilton_ppo,3,0.99,6.51,9.294
high_penalty,hamilton_ppo,3,0.995,6.55,9.35
high_penalty,hamilton_ppo,3,1.0,6.618,9.402
high_penalty,hamilton_ppo,4,0.0,0.0,0.0
high_penalty,hamilton_ppo,4,0.005,0.008,0.188
high_penalty,hamilton_ppo,4,0.01,0.048,0.38
high_penalty,hamilton_ppo,4,0.015,0.036,0.544
high_penalty,hamilton_ppo,4,0.02,0.004,0.648
high_penalty,hamilton_ppo,4,0.025,-0.006,0.754
high_penalty,hamilton_ppo,4,0.03,-0.026,0.882
high_penalty,hamilton_ppo,4,0.035,-0.06,0.952
high_penalty,hamilton_ppo,4,0.04,-0.078,1.042
high_penalty,hamilton_ppo,4,0.045,-0.114,1.122
high_penalty,hamilton_ppo,4,0.05,-0.11,1.214
high_penalty,hamilton_ppo,4,0.055,-0.132,1.268
high_penalty,hamilton_ppo,4,0.06,-0.12,1.324
high_penalty,hamilton_ppo,4,0.065,-0.116,1.376
high_penalty,hamilton_ppo,4,0.07,-0.106,1.458
high_penalty,hamilton_ppo,4,0.075,-0.11,1.506
high_penalty,hamilton_ppo,4,0.08,-0.134,1.53
high_penalty,hamilton_ppo,4,0.085,-0.176,1.568
high_penalty,hamilton_ppo,4,0.09,-0.214,1.606
high_penalty,hamilton_ppo,4,0.095,-0.22,1.66
high_penalty,hamilton_ppo,4,0.1,-0.224,1.684
high_penalty,hamilton_ppo,4,0.105,-0.216,1.732
high_penalty,hamilton_ppo,4,0.11,-0.24,1.756
high_penalty,hamilton_ppo,4,0.115,-0.24,1.812
high_penalty,hamilton_ppo,4,0.12,-0.258,1.834
high_penalty,hamilton_ppo,4,0.125,-0.262,1.886
high_penalty,hamilton_ppo,4,0.13,-0.274,1.918
high_penalty,hamilton_ppo,4,0.135,-0.244,1.932
high_penalty,hamilton_ppo,4,0.14,-0.26,1.964
high_penalty,hamilton_ppo,4,0.145,-0.278,1.998
high_penalty,hamilton_ppo,4,0.15,-0.336,2.008
high_penalty,hamilton_ppo,4,0.155,-0.326,2.034
high_penalty,hamilton_ppo,4,0.16,-0.288,2.048
high_penalty,hamilton_ppo,4,0.165,-0.31,2.078
high_penalty,hamilton_ppo,4,0.17,-0.36,2.14
high_penalty,hamilton_ppo,4,0.17500000000000002,-0.378,2.206
high_penalty,hamilton_ppo,4,0.18,-0.374,2.218
high_penalty,hamilton_ppo,4,0.185,-0.4,2.212
high_penalty,hamilton_ppo,4,0.19,-0.378,2.226
high_penalty,hamilton_ppo,4,0.195,-0.416,2.268
high_penalty,hamilton_ppo,4,0.2,-0.406,2.278
high_penalty,hamilton_ppo,4,0.20500000000000002,-0.414,2.286
high_penalty,hamilton_ppo,4,0.21,-0.406,2.322
high_penalty,hamilton_ppo,4,0.215,-0.39,2.334
high_penalty,hamilton_ppo,4,0.22,-0.422,2.362
high_penalty,hamilton_ppo,4,0.225,-0.414,2.386
high_penalty,hamilton_ppo,4,0.23,-0.424,2.42
high_penalty,hamilton_ppo,4,0.23500000000000001,-0.424,2.42
high_penalty,hamilton_ppo,4,0.24,-0.434,2.47
high_penalty,hamilton_ppo,4,0.245,-0.476,2.52
high_penalty,hamilton_ppo,4,0.25,-0.486,2.506
high_penalty,hamilton_ppo,4,0.255,-0.508,2.532
high_penalty,hamilton_ppo,4,0.26,-0.5,2.548
high_penalty,hamilton_ppo,4,0.265,-0.524,2.568
high_penalty,hamilton_ppo,4,0.27,-0.526,2.534
high_penalty,hamilton_ppo,4,0.275,-0.51,2.542
high_penalty,hamilton_ppo,4,0.28,-0.566,2.602
high_penalty,hamilton_ppo,4,0.28500000000000003,-0.562,2.634
high_penalty,hamilton_ppo,4,0.29,-0.538,2.666
high_penalty,hamilton_ppo,4,0.295,-0.584,2.68
high_penalty,hamilton_ppo,4,0.3,-0.584,2.724
high_penalty,hamilton_ppo,4,0.305,-0.59,2.73
high_penalty,hamilton_ppo,4,0.31,-0.614,2.722
high_penalty,hamilton_ppo,4,0.315,-0.616,2.756
high_penalty,hamilton_ppo,4,0.32,-0.616,2.812
high_penalty,hamilton_ppo,4,0.325,-0.64,2.82
high_penalty,hamilton_ppo,4,0.33,-0.61,2.798
high_penalty,hamilton_ppo,4,0.335,-0.616,2.816
high_penalty,hamilton_ppo,4,0.34,-0.638,2.83
high_penalty,hamilton_ppo,4,0.34500000000000003,-0.662,2.866
high_penalty,hamilton_ppo,4,0.35000000000000003,-0.674,2.882
high_penalty,hamilton_ppo,4,0.355,-0.722,2.938
high_penalty,hamilton_ppo,4,0.36,-0.738,2.95
high_penalty,hamilton_ppo,4,0.365,-0.73,2.97
high_penalty,hamilton_ppo,4,0.37,-0.752,2.976
high_penalty,hamilton_ppo,4,0.375,-0.778,3.002
high_penalty,hamilton_ppo,4,0.38,-0.782,3.018
high_penalty,hamilton_ppo,4,0.385,-0.794,3.038
high_penalty,hamilton_ppo,4,0.39,-0.796,3.036
high_penalty,hamilton_ppo,4,0.395,-0.81,3.042
high_penalty,hamilton_ppo,4,0.4,-0.81,3.066
high_penalty,hamilton_ppo,4,0.405,-0.848,3.112
high_penalty,hamilton_ppo,4,0.41000000000000003,-0.854,3.114
high_penalty,hamilton_ppo,4,0.41500000000000004,-0.856,3.1
high_penalty,hamilton_ppo,4,0.42,-0.874,3.11
high_penalty,hamilton_ppo,4,0.425,-0.9,3.108
high_penalty,hamilton_ppo,4,0.43,-0.896,3.164
high_penalty,hamilton_ppo,4,0.435,-0.926,3.198
high_penalty,hamilton_ppo,4,0.44,-0.944,3.192
high_penalty,hamilton_ppo,4,0.445,-0.958,3.186
high_penalty,hamilton_ppo,4,0.45,-0.976,3.192
high_penalty,hamilton_ppo,4,0.455,-0.976,3.276
high_penalty,hamilton_ppo,4,0.46,-0.962,3.286
high_penalty,hamilton_ppo,4,0.465,-0.952,3.292
high_penalty,hamilton_ppo,4,0.47000000000000003,-0.966,3.322
high_penalty,hamilton_ppo,4,0.47500000000000003,-0.998,3.362
high_penalty,hamilton_ppo,4,0.48,-1.036,3.392
high_penalty,hamilton_ppo,4,0.485,-1.058,3.39
high_penalty,hamilton_ppo,4,0.49,-1.022,3.398
high_penalty,hamilton_ppo,4,0.495,-1.028,3.468
high_penalty,hamilton_ppo,4,0.5,-1.004,3.464
high_penalty,hamilton_ppo,4,0.505,-0.99,3.454
high_penalty,hamilton_ppo,4,0.51,-1.018,3.482
high_penalty,hamilton_ppo,4,0.515,-1.004,3.48
high_penalty,hamilton_ppo,4,0.52,-0.964,3.464
high_penalty,hamilton_ppo,4,0.525,-0.95,3.442
high_penalty,hamilton_ppo,4,0.53,-0.95,3.462
high_penalty,hamilton_ppo,4,0.535,-0.988,3.5
high_penalty,hamilton_ppo,4,0.54,-0.996,3.52
high_penalty,hamilton_ppo,4,0.545,-0.988,3.52
high_penalty,hamilton_ppo,4,0.55,-1.018,3.55
high_penalty,hamilton_ppo,4,0.555,-1.036,3.56
high_penalty,hamilton_ppo,4,0.56,-1.076,3.58
high_penalty,hamilton_ppo,4,0.5650000000000001,-1.096,3.58
high_penalty,hamilton_ppo,4,0.5700000000000001,-1.096,3.56
high_penalty,hamilton_ppo,4,0.5750000000000001,-1.096,3.576
high_penalty,hamilton_ppo,4,0.58,-1.112,3.6
high_penalty,hamilton_ppo,4,0.585,-1.104,3.588
high_penalty,hamilton_ppo,4,0.59,-1.088,3.56
high_penalty,hamilton_ppo,4,0.595,-1.042,3.562
high_penalty,hamilton_ppo,4,0.6,-1.056,3.604
high_penalty,hamilton_ppo,4,0.605,-1.096,3.628
high_penalty,hamilton_ppo,4,0.61,-1.082,3.65
high_penalty,hamilton_ppo,4,0.615,-1.098,3.654
high_penalty,hamilton_ppo,4,0.62,-1.108,3.664
high_penalty,hamilton_ppo,4,0.625,-1.082,3.67
high_penalty,hamilton_ppo,4,0.63,-1.092,3.668
high_penalty,hamilton_ppo,4,0.635,-1.102,3.682
high_penalty,hamilton_ppo,4,0.64,-1.102,3.678
high_penalty,hamilton_ppo,4,0.645,-1.14,3.692
high_penalty,hamilton_ppo,4,0.65,-1.178,3.694
high_penalty,hamilton_ppo,4,0.655,-1.184,3.724
high_penalty,hamilton_ppo,4,0.66,-1.21,3.75
high_penalty,hamilton_ppo,4,0.665,-1.194,3.77
high_penalty,hamilton_ppo,4,0.67,-1.176,3.8
high_penalty,hamilton_ppo,4,0.675,-1.162,3.794
high_penalty,hamilton_ppo,4,0.68,-1.136,3.82
high_penalty,hamilton_ppo,4,0.685,-1.132,3.812
high_penalty,hamilton_ppo,4,0.6900000000000001,-1.12,3.804
high_penalty,hamilton_ppo,4,0.6950000000000001,-1.138,3.83
high_penalty,hamilton_ppo,4,0.7000000000000001,-1.146,3.834
high_penalty,hamilton_ppo,4,0.705,-1.156,3.832
high_penalty,hamilton_ppo,4,0.71,-1.178,3.826
high_penalty,hamilton_ppo,4,0.715,-1.202,3.846
high_penalty,hamilton_ppo,4,0.72,-1.206,3.894
high_penalty,hamilton_ppo,4,0.725,-1.2,3.884
high_penalty,hamilton_ppo,4,0.73,-1.202,3.886
high_penalty,hamilton_ppo,4,0.735,-1.232,3.888
high_penalty,hamilton_ppo,4,0.74,-1.228,3.896
high_penalty,hamilton_ppo,4,0.745,-1.222,3.926
high_penalty,hamilton_ppo,4,0.75,-1.232,3.948
high_penalty,hamilton_ppo,4,0.755,-1.242,3.978
high_penalty,hamilton_ppo,4,0.76,-1.212,3.98
high_penalty,hamilton_ppo,4,0.765,-1.23,4.002
high_penalty,hamilton_ppo,4,0.77,-1.238,3.974
high_penalty,hamilton_ppo,4,0.775,-1.222,3.97
high_penalty,hamilton_ppo,4,0.78,-1.24,3.964
high_penalty,hamilton_ppo,4,0.785,-1.258,3.962
high_penalty,hamilton_ppo,4,0.79,-1.248,3.98
high_penalty,hamilton_ppo,4,0.795,-1.256,3.984
high_penalty,hamilton_ppo,4,0.8,-1.218,3.942
high_penalty,hamilton_ppo,4,0.805,-1.244,3.94
high_penalty,hamilton_ppo,4,0.81,-1.236,3.936
high_penalty,hamilton_ppo,4,0.8150000000000001,-1.218,3.95
high_penalty,hamilton_ppo,4,0.8200000000000001,-1.168,3.944
high_penalty,hamilton_ppo,4,0.8250000000000001,-1.146,3.934
high_penalty,hamilton_ppo,4,0.8300000000000001,-1.186,3.938
high_penalty,hamilton_ppo,4,0.835,-1.21,3.93
high_penalty,hamilton_ppo,4,0.84,-1.2,3.932
high_penalty,hamilton_ppo,4,0.845,-1.168,3.92
high_penalty,hamilton_ppo,4,0.85,-1.166,3.926
high_penalty,hamilton_ppo,4,0.855,-1.17,3.926
high_penalty,hamilton_ppo,4,0.86,-1.18,3.916
high_penalty,hamilton_ppo,4,0.865,-1.192,3.916
high_penalty,hamilton_ppo,4,0.87,-1.176,3.912
high_penalty,hamilton_ppo,4,0.875,-1.174,3.914
high_penalty,hamilton_ppo,4,0.88,-1.158,3.898
high_penalty,hamilton_ppo,4,0.885,-1.186,3.866
high_penalty,hamilton_ppo,4,0.89,-1.194,3.882
high_penalty,hamilton_ppo,4,0.895,-1.208,3.88
high_penalty,hamilton_ppo,4,0.9,-1.178,3.874
high_penalty,hamilton_ppo,4,0.905,-1.172,3.884
high_penalty,hamilton_ppo,4,0.91,-1.168,3.944
high_penalty,hamilton_ppo,4,0.915,-1.16,3.904
high_penalty,hamilton_ppo,4,0.92,-1.172,3.904
high_penalty,hamilton_ppo,4,0.925,-1.16,3.904
high_penalty,hamilton_ppo,4,0.93,-1.152,3.912
high_penalty,hamilton_ppo,4,0.935,-1.166,3.898
high_penalty,hamilton_ppo,4,0.9400000000000001,-1.164,3.892
high_penalty,hamilton_ppo,4,0.9450000000000001,-1.142,3.922
high_penalty,hamilton_ppo,4,0.9500000000000001,-1.148,3.932
high_penalty,hamilton_ppo,4,0.9550000000000001,-1.164,3.928
high_penalty,hamilton_ppo,4,0.96,-1.156,3.908
high_penalty,hamilton_ppo,4,0.965,-1.166,3.91
high_penalty,hamilton_ppo,4,0.97,-1.134,3.906
high_penalty,hamilton_ppo,4,0.975,-1.136,3.9
high_penalty,hamilton_ppo,4,0.98,-1.144,3.912
high_penalty,hamilton_ppo,4,0.985,-1.136,3.912
high_penalty,hamilton_ppo,4,0.99,-1.14,3.9
high_penalty,hamilton_ppo,4,0.995,-1.15,3.922
high_penalty,hamilton_ppo,4,1.0,-1.164,3.912
high_penalty,return_mlp_ppo,0,0.0,0.0,0.0
high_penalty,return_mlp_ppo,0,0.005,0.008,0.204
high_penalty,return_mlp_ppo,0,0.01,0.026,0.398
high_penalty,return_mlp_ppo,0,0.015,-0.008,0.532
high_penalty,return_mlp_ppo,0,0.02,-0.06,0.652
high_penalty,return_mlp_ppo,0,0.025,-0.08,0.764
high_penalty,return_mlp_ppo,0,0.03,-0.112,0.9
high_penalty,return_mlp_ppo,0,0.035,-0.162,0.954
high_penalty,return_mlp_ppo,0,0.04,-0.186,1.078
high_penalty,return_mlp_ppo,0,0.045,-0.23,1.15
high_penalty,return_mlp_ppo,0,0.05,-0.258,1.246
high_penalty,return_mlp_ppo,0,0.055,-0.294,1.298
high_penalty,return_mlp_ppo,0,0.06,-0.298,1.366
high_penalty,return_mlp_ppo,0,0.065,-0.336,1.44
high_penalty,return_mlp_ppo,0,0.07,-0.342,1.51
high_penalty,return_mlp_ppo,0,0.075,-0.346,1.578
high_penalty,return_mlp_ppo,0,0.08,-0.38,1.652
high_penalty,return_mlp_ppo,0,0.085,-0.422,1.706
high_penalty,return_mlp_ppo,0,0.09,-0.474,1.766
high_penalty,return_mlp_ppo,0,0.095,-0.498,1.838
high_penalty,return_mlp_ppo,0,0.1,-0.526,1.894
high_penalty,return_mlp_ppo,0,0.105,-0.53,1.938
high_penalty,return_mlp_ppo,0,0.11,-0.576,1.976
high_penalty,return_mlp_ppo,0,0.115,-0.608,2.008
high_penalty,return_mlp_ppo,0,0.12,-0.628,2.016
high_penalty,return_mlp_ppo,0,0.125,-0.654,2.074
high_penalty,return_mlp_ppo,0,0.13,-0.684,2.136
high_penalty,return_mlp_ppo,0,0.135,-0.692,2.172
high_penalty,return_mlp_ppo,0,0.14,-0.716,2.22
high_penalty,return_mlp_ppo,0,0.145,-0.774,2.286
high_penalty,return_mlp_ppo,0,0.15,-0.858,2.31
high_penalty,return_mlp_ppo,0,0.155,-0.87,2.386
high_penalty,return_mlp_ppo,0,0.16,-0.858,2.41
high_penalty,return_mlp_ppo,0,0.165,-0.892,2.444
high_penalty,return_mlp_ppo,0,0.17,-0.964,2.512
high_penalty,return_mlp_ppo,0,0.17500000000000002,-1.018,2.594
high_penalty,return_mlp_ppo,0,0.18,-1.036,2.608
high_penalty,return_mlp_ppo,0,0.185,-1.084,2.652
high_penalty,return_mlp_ppo,0,0.19,-1.092,2.692
high_penalty,return_mlp_ppo,0,0.195,-1.142,2.754
high_penalty,return_mlp_ppo,0,0.2,-1.146,2.818
high_penalty,return_mlp_ppo,0,0.20500000000000002,-1.174,2.846
high_penalty,return_mlp_ppo,0,0.21,-1.194,2.922
high_penalty,return_mlp_ppo,0,0.215,-1.22,2.984
high_penalty,return_mlp_ppo,0,0.22,-1.27,3.078
high_penalty,return_mlp_ppo,0,0.225,-1.28,3.116
high_penalty,return_mlp_ppo,0,0.23,-1.308,3.136
high_penalty,return_mlp_ppo,0,0.23500000000000001,-1.33,3.15
high_penalty,return_mlp_ppo,0,0.24,-1.374,3.198
high_penalty,return_mlp_ppo,0,0.245,-1.426,3.278
high_penalty,return_mlp_ppo,0,0.25,-1.45,3.31
high_penalty,return_mlp_ppo,0,0.255,-1.486,3.342
high_penalty,return_mlp_ppo,0,0.26,-1.51,3.386
high_penalty,return_mlp_ppo,0,0.265,-1.556,3.444
high_penalty,return_mlp_ppo,0,0.27,-1.604,3.488
high_penalty,return_mlp_ppo,0,0.275,-1.62,3.536
high_penalty,return_mlp_ppo,0,0.28,-1.676,3.612
high_penalty,return_mlp_ppo,0,0.28500000000000003,-1.702,3.626
high_penalty,return_mlp_ppo,0,0.29,-1.706,3.702
high_penalty,return_mlp_ppo,0,0.295,-1.768,3.748
high_penalty,return_mlp_ppo,0,0.3,-1.784,3.804
high_penalty,return_mlp_ppo,0,0.305,-1.804,3.844
high_penalty,return_mlp_ppo,0,0.31,-1.832,3.884
high_penalty,return_mlp_ppo,0,0.315,-1.858,3.922
high_penalty,return_mlp_ppo,0,0.32,-1.874,3.93
high_penalty,return_mlp_ppo,0,0.325,-1.922,3.99
high_penalty,return_mlp_ppo,0,0.33,-1.93,4.006
high_penalty,return_mlp_ppo,0,0.335,-1.974,4.042
high_penalty,return_mlp_ppo,0,0.34,-2.01,4.086
high_penalty,return_mlp_ppo,0,0.34500000000000003,-2.07,4.15
high_penalty,return_mlp_ppo,0,0.35000000000000003,-2.114,4.198
high_penalty,return_mlp_ppo,0,0.355,-2.196,4.272
high_penalty,return_mlp_ppo,0,0.36,-2.24,4.304
high_penalty,return_mlp_ppo,0,0.365,-2.268,4.34
high_penalty,return_mlp_ppo,0,0.37,-2.314,4.398
high_penalty,return_mlp_ppo,0,0.375,-2.368,4.448
high_penalty,return_mlp_ppo,0,0.38,-2.398,4.518
high_penalty,return_mlp_ppo,0,0.385,-2.458,4.582
high_penalty,return_mlp_ppo,0,0.39,-2.486,4.582
high_penalty,return_mlp_ppo,0,0.395,-2.522,4.67
high_penalty,return_mlp_ppo,0,0.4,-2.536,4.696
high_penalty,return_mlp_ppo,0,0.405,-2.61,4.762
high_penalty,return_mlp_ppo,0,0.41000000000000003,-2.672,4.816
high_penalty,return_mlp_ppo,0,0.41500000000000004,-2.698,4.85
high_penalty,return_mlp_ppo,0,0.42,-2.75,4.87
high_penalty,return_mlp_ppo,0,0.425,-2.792,4.92
high_penalty,return_mlp_ppo,0,0.43,-2.812,4.972
high_penalty,return_mlp_ppo,0,0.435,-2.874,5.014
high_penalty,return_mlp_ppo,0,0.44,-2.93,5.05
high_penalty,return_mlp_ppo,0,0.445,-2.962,5.086
high_penalty,return_mlp_ppo,0,0.45,-3.014,5.13
high_penalty,return_mlp_ppo,0,0.455,-3.046,5.19
high_penalty,return_mlp_ppo,0,0.46,-3.052,5.224
high_penalty,return_mlp_ppo,0,0.465,-3.108,5.276
high_penalty,return_mlp_ppo,0,0.47000000000000003,-3.148,5.328
high_penalty,return_mlp_ppo,0,0.47500000000000003,-3.22,5.4
high_penalty,return_mlp_ppo,0,0.48,-3.274,5.486
high_penalty,return_mlp_ppo,0,0.485,-3.32,5.512
high_penalty,return_mlp_ppo,0,0.49,-3.336,5.54
high_penalty,return_mlp_ppo,0,0.495,-3.37,5.626
high_penalty,return_mlp_ppo,0,0.5,-3.372,5.68
high_penalty,return_mlp_ppo,0,0.505,-3.38,5.668
high_penalty,return_mlp_ppo,0,0.51,-3.416,5.72
high_penalty,return_mlp_ppo,0,0.515,-3.436,5.752
high_penalty,return_mlp_ppo,0,0.52,-3.452,5.772
high_penalty,return_mlp_ppo,0,0.525,-3.478,5.81
high_penalty,return_mlp_ppo,0,0.53,-3.502,5.834
high_penalty,return_mlp_ppo,0,0.535,-3.548,5.892
high_penalty,return_mlp_ppo,0,0.54,-3.584,5.964
high_penalty,return_mlp_ppo,0,0.545,-3.582,6.01
high_penalty,return_mlp_ppo,0,0.55,-3.638,6.07
high_penalty,return_mlp_ppo,0,0.555,-3.678,6.122
high_penalty,return_mlp_ppo,0,0.56,-3.75,6.202
high_penalty,return_mlp_ppo,0,0.5650000000000001,-3.814,6.242
high_penalty,return_mlp_ppo,0,0.5700000000000001,-3.862,6.306
high_penalty,return_mlp_ppo,0,0.5750000000000001,-3.878,6.358
high_penalty,return_mlp_ppo,0,0.58,-3.93,6.41
high_penalty,return_mlp_ppo,0,0.585,-3.942,6.454
high_penalty,return_mlp_ppo,0,0.59,-3.968,6.456
high_penalty,return_mlp_ppo,0,0.595,-3.958,6.51
high_penalty,return_mlp_ppo,0,0.6,-4.02,6.592
high_penalty,return_mlp_ppo,0,0.605,-4.082,6.642
high_penalty,return_mlp_ppo,0,0.61,-4.088,6.664
high_penalty,return_mlp_ppo,0,0.615,-4.11,6.69
high_penalty,return_mlp_ppo,0,0.62,-4.172,6.752
high_penalty,return_mlp_ppo,0,0.625,-4.166,6.782
high_penalty,return_mlp_ppo,0,0.63,-4.19,6.822
high_penalty,return_mlp_ppo,0,0.635,-4.226,6.862
high_penalty,return_mlp_ppo,0,0.64,-4.244,6.884
high_penalty,return_mlp_ppo,0,0.645,-4.302,6.926
high_penalty,return_mlp_ppo,0,0.65,-4.362,6.99
high_penalty,return_mlp_ppo,0,0.655,-4.398,7.042
high_penalty,return_mlp_ppo,0,0.66,-4.456,7.108
high_penalty,return_mlp_ppo,0,0.665,-4.48,7.16
high_penalty,return_mlp_ppo,0,0.67,-4.494,7.222
high_penalty,return_mlp_ppo,0,0.675,-4.482,7.262
high_penalty,return_mlp_ppo,0,0.68,-4.494,7.298
high_penalty,return_mlp_ppo,0,0.685,-4.52,7.34
high_penalty,return_mlp_ppo,0,0.6900000000000001,-4.534,7.358
high_penalty,return_mlp_ppo,0,0.6950000000000001,-4.568,7.404
high_penalty,return_mlp_ppo,0,0.7000000000000001,-4.616,7.44
high_penalty,return_mlp_ppo,0,0.705,-4.656,7.5
high_penalty,return_mlp_ppo,0,0.71,-4.684,7.54
high_penalty,return_mlp_ppo,0,0.715,-4.736,7.58
high_penalty,return_mlp_ppo,0,0.72,-4.786,7.646
high_penalty,return_mlp_ppo,0,0.725,-4.81,7.678
high_penalty,return_mlp_ppo,0,0.73,-4.872,7.768
high_penalty,return_mlp_ppo,0,0.735,-4.92,7.808
high_penalty,return_mlp_ppo,0,0.74,-4.96,7.856
high_penalty,return_mlp_ppo,0,0.745,-4.996,7.92
high_penalty,return_mlp_ppo,0,0.75,-5.014,7.962
high_penalty,return_mlp_ppo,0,0.755,-5.052,8.036
high_penalty,return_mlp_ppo,0,0.76,-5.048,8.072
high_penalty,return_mlp_ppo,0,0.765,-5.074,8.122
high_penalty,return_mlp_ppo,0,0.77,-5.11,8.166
high_penalty,return_mlp_ppo,0,0.775,-5.122,8.206
high_penalty,return_mlp_ppo,0,0.78,-5.166,8.234
high_penalty,return_mlp_ppo,0,0.785,-5.21,8.278
high_penalty,return_mlp_ppo,0,0.79,-5.234,8.31
high_penalty,return_mlp_ppo,0,0.795,-5.276,8.36
high_penalty,return_mlp_ppo,0,0.8,-5.288,8.404
high_penalty,return_mlp_ppo,0,0.805,-5.328,8.432
high_penalty,return_mlp_ppo,0,0.81,-5.354,8.47
high_penalty,return_mlp_ppo,0,0.8150000000000001,-5.368,8.508
high_penalty,return_mlp_ppo,0,0.8200000000000001,-5.366,8.55
high_penalty,return_mlp_ppo,0,0.8250000000000001,-5.374,8.574
high_penalty,return_mlp_ppo,0,0.8300000000000001,-5.452,8.664
high_penalty,return_mlp_ppo,0,0.835,-5.492,8.696
high_penalty,return_mlp_ppo,0,0.84,-5.502,8.734
high_penalty,return_mlp_ppo,0,0.845,-5.49,8.75
high_penalty,return_mlp_ppo,0,0.85,-5.52,8.784
high_penalty,return_mlp_ppo,0,0.855,-5.548,8.828
high_penalty,return_mlp_ppo,0,0.86,-5.59,8.862
high_penalty,return_mlp_ppo,0,0.865,-5.63,8.918
high_penalty,return_mlp_ppo,0,0.87,-5.648,8.94
high_penalty,return_mlp_ppo,0,0.875,-5.666,8.982
high_penalty,return_mlp_ppo,0,0.88,-5.678,9.002
high_penalty,return_mlp_ppo,0,0.885,-5.748,9.064
high_penalty,return_mlp_ppo,0,0.89,-5.78,9.148
high_penalty,return_mlp_ppo,0,0.895,-5.81,9.162
high_penalty,return_mlp_ppo,0,0.9,-5.798,9.198
high_penalty,return_mlp_ppo,0,0.905,-5.812,9.236
high_penalty,return_mlp_ppo,0,0.91,-5.822,9.29
high_penalty,return_mlp_ppo,0,0.915,-5.838,9.306
high_penalty,return_mlp_ppo,0,0.92,-5.862,9.366
high_penalty,return_mlp_ppo,0,0.925,-5.864,9.396
high_penalty,return_mlp_ppo,0,0.93,-5.896,9.468
high_penalty,return_mlp_ppo,0,0.935,-5.926,9.502
high_penalty,return_mlp_ppo,0,0.9400000000000001,-5.944,9.556
high_penalty,return_mlp_ppo,0,0.9450000000000001,-5.958,9.61
high_penalty,return_mlp_ppo,0,0.9500000000000001,-5.994,9.674
high_penalty,return_mlp_ppo,0,0.9550000000000001,-6.032,9.724
high_penalty,return_mlp_ppo,0,0.96,-6.064,9.772
high_penalty,return_mlp_ppo,0,0.965,-6.088,9.8
high_penalty,return_mlp_ppo,0,0.97,-6.096,9.824
high_penalty,return_mlp_ppo,0,0.975,-6.124,9.848
high_penalty,return_mlp_ppo,0,0.98,-6.158,9.918
high_penalty,return_mlp_ppo,0,0.985,-6.184,9.968
high_penalty,return_mlp_ppo,0,0.99,-6.222,10.01
high_penalty,return_mlp_ppo,0,0.995,-6.252,10.08
high_penalty,return_mlp_ppo,0,1.0,-6.294,10.106
high_penalty,return_mlp_ppo,1,0.0,0.0,0.0
high_penalty,return_mlp_ppo,1,0.005,0.058,0.198
high_penalty,return_mlp_ppo,1,0.01,0.11,0.37
high_penalty,return_mlp_ppo,1,0.015,0.116,0.488
high_penalty,return_mlp_ppo,1,0.02,0.104,0.596
high_penalty,return_mlp_ppo,1,0.025,0.118,0.69
high_penalty,return_mlp_ppo,1,0.03,0.13,0.794
high_penalty,return_mlp_ppo,1,0.035,0.106,0.878
high_penalty,return_mlp_ppo,1,0.04,0.122,0.974
high_penalty,return_mlp_ppo,1,0.045,0.112,1.048
high_penalty,return_mlp_ppo,1,0.05,0.13,1.126
high_penalty,return_mlp_ppo,1,0.055,0.132,1.188
high_penalty,return_mlp_ppo,1,0.06,0.146,1.25
high_penalty,return_mlp_ppo,1,0.065,0.17,1.302
high_penalty,return_mlp_ppo,1,0.07,0.194,1.362
high_penalty,return_mlp_ppo,1,0.075,0.218,1.406
high_penalty,return_mlp_ppo,1,0.08,0.228,1.46
high_penalty,return_mlp_ppo,1,0.085,0.208,1.484
high_penalty,return_mlp_ppo,1,0.09,0.19,1.534
high_penalty,return_mlp_ppo,1,0.095,0.19,1.61
high_penalty,return_mlp_ppo,1,0.1,0.19,1.646
high_penalty,return_mlp_ppo,1,0.105,0.23,1.686
high_penalty,return_mlp_ppo,1,0.11,0.222,1.71
high_penalty,return_mlp_ppo,1,0.115,0.226,1.734
high_penalty,return_mlp_ppo,1,0.12,0.226,1.762
high_penalty,return_mlp_ppo,1,0.125,0.234,1.786
high_penalty,return_mlp_ppo,1,0.13,0.232,1.828
high_penalty,return_mlp_ppo,1,0.135,0.264,1.848
high_penalty,return_mlp_ppo,1,0.14,0.266,1.882
high_penalty,return_mlp_ppo,1,0.145,0.264,1.9
high_penalty,return_mlp_ppo,1,0.15,0.212,1.904
high_penalty,return_mlp_ppo,1,0.155,0.24,1.952
high_penalty,return_mlp_ppo,1,0.16,0.29,1.974
high_penalty,return_mlp_ppo,1,0.165,0.284,2.02
high_penalty,return_mlp_ppo,1,0.17,0.238,2.062
high_penalty,return_mlp_ppo,1,0.17500000000000002,0.242,2.126
high_penalty,return_mlp_ppo,1,0.18,0.26,2.14
high_penalty,return_mlp_ppo,1,0.185,0.25,2.114
high_penalty,return_mlp_ppo,1,0.19,0.282,2.15
high_penalty,return_mlp_ppo,1,0.195,0.252,2.184
high_penalty,return_mlp_ppo,1,0.2,0.288,2.204
high_penalty,return_mlp_ppo,1,0.20500000000000002,0.288,2.212
high_penalty,return_mlp_ppo,1,0.21,0.292,2.244
high_penalty,return_mlp_ppo,1,0.215,0.294,2.306
high_penalty,return_mlp_ppo,1,0.22,0.276,2.368
high_penalty,return_mlp_ppo,1,0.225,0.284,2.384
high_penalty,return_mlp_ppo,1,0.23,0.272,2.4
high_penalty,return_mlp_ppo,1,0.23500000000000001,0.286,2.418
high_penalty,return_mlp_ppo,1,0.24,0.274,2.458
high_penalty,return_mlp_ppo,1,0.245,0.248,2.504
high_penalty,return_mlp_ppo,1,0.25,0.252,2.508
high_penalty,return_mlp_ppo,1,0.255,0.232,2.5
high_penalty,return_mlp_ppo,1,0.26,0.252,2.532
high_penalty,return_mlp_ppo,1,0.265,0.238,2.546
high_penalty,return_mlp_ppo,1,0.27,0.238,2.562
high_penalty,return_mlp_ppo,1,0.275,0.256,2.588
high_penalty,return_mlp_ppo,1,0.28,0.228,2.62
high_penalty,return_mlp_ppo,1,0.28500000000000003,0.224,2.636
high_penalty,return_mlp_ppo,1,0.29,0.264,2.676
high_penalty,return_mlp_ppo,1,0.295,0.23,2.694
high_penalty,return_mlp_ppo,1,0.3,0.236,2.736
high_penalty,return_mlp_ppo,1,0.305,0.244,2.748
high_penalty,return_mlp_ppo,1,0.31,0.242,2.742
high_penalty,return_mlp_ppo,1,0.315,0.244,2.748
high_penalty,return_mlp_ppo,1,0.32,0.24,2.744
high_penalty,return_mlp_ppo,1,0.325,0.238,2.754
high_penalty,return_mlp_ppo,1,0.33,0.258,2.746
high_penalty,return_mlp_ppo,1,0.335,0.25,2.746
high_penalty,return_mlp_ppo,1,0.34,0.232,2.748
high_penalty,return_mlp_ppo,1,0.34500000000000003,0.216,2.788
high_penalty,return_mlp_ppo,1,0.35000000000000003,0.218,2.814
high_penalty,return_mlp_ppo,1,0.355,0.17,2.846
high_penalty,return_mlp_ppo,1,0.36,0.18,2.868
high_penalty,return_mlp_ppo,1,0.365,0.184,2.872
high_penalty,return_mlp_ppo,1,0.37,0.18,2.88
high_penalty,return_mlp_ppo,1,0.375,0.174,2.93
high_penalty,return_mlp_ppo,1,0.38,0.166,2.958
high_penalty,return_mlp_ppo,1,0.385,0.138,2.962
high_penalty,return_mlp_ppo,1,0.39,0.138,2.926
high_penalty,return_mlp_ppo,1,0.395,0.142,2.974
high_penalty,return_mlp_ppo,1,0.4,0.156,2.996
high_penalty,return_mlp_ppo,1,0.405,0.124,3.004
high_penalty,return_mlp_ppo,1,0.41000000000000003,0.106,3.014
high_penalty,return_mlp_ppo,1,0.41500000000000004,0.132,3.04
high_penalty,return_mlp_ppo,1,0.42,0.12,3.008
high_penalty,return_mlp_ppo,1,0.425,0.108,3.032
high_penalty,return_mlp_ppo,1,0.43,0.114,3.05
high_penalty,return_mlp_ppo,1,0.435,0.094,3.054
high_penalty,return_mlp_ppo,1,0.44,0.05,3.062
high_penalty,return_mlp_ppo,1,0.445,0.034,3.082
high_penalty,return_mlp_ppo,1,0.45,0.012,3.084
high_penalty,return_mlp_ppo,1,0.455,0.012,3.148
high_penalty,return_mlp_ppo,1,0.46,0.038,3.162
high_penalty,return_mlp_ppo,1,0.465,0.046,3.186
high_penalty,return_mlp_ppo,1,0.47000000000000003,0.04,3.192
high_penalty,return_mlp_ppo,1,0.47500000000000003,0.006,3.222
high_penalty,return_mlp_ppo,1,0.48,-0.028,3.244
high_penalty,return_mlp_ppo,1,0.485,-0.046,3.23
high_penalty,return_mlp_ppo,1,0.49,-0.026,3.226
high_penalty,return_mlp_ppo,1,0.495,-0.038,3.278
high_penalty,return_mlp_ppo,1,0.5,-0.014,3.306
high_penalty,return_mlp_ppo,1,0.505,-0.006,3.258
high_penalty,return_mlp_ppo,1,0.51,-0.022,3.31
high_penalty,return_mlp_ppo,1,0.515,-0.008,3.308
high_penalty,return_mlp_ppo,1,0.52,0.034,3.302
high_penalty,return_mlp_ppo,1,0.525,0.046,3.318
high_penalty,return_mlp_ppo,1,0.53,0.044,3.328
high_penalty,return_mlp_ppo,1,0.535,0.012,3.348
high_penalty,return_mlp_ppo,1,0.54,0.0,3.356
high_penalty,return_mlp_ppo,1,0.545,0.014,3.37
high_penalty,return_mlp_ppo,1,0.55,-0.006,3.39
high_penalty,return_mlp_ppo,1,0.555,-0.028,3.448
high_penalty,return_mlp_ppo,1,0.56,-0.084,3.448
high_penalty,return_mlp_ppo,1,0.5650000000000001,-0.116,3.464
high_penalty,return_mlp_ppo,1,0.5700000000000001,-0.13,3.474
high_penalty,return_mlp_ppo,1,0.5750000000000001,-0.146,3.478
high_penalty,return_mlp_ppo,1,0.58,-0.168,3.508
high_penalty,return_mlp_ppo,1,0.585,-0.162,3.506
high_penalty,return_mlp_ppo,1,0.59,-0.148,3.468
high_penalty,return_mlp_ppo,1,0.595,-0.094,3.47
high_penalty,return_mlp_ppo,1,0.6,-0.112,3.484
high_penalty,return_mlp_ppo,1,0.605,-0.156,3.508
high_penalty,return_mlp_ppo,1,0.61,-0.142,3.502
high_penalty,return_mlp_ppo,1,0.615,-0.15,3.506
high_penalty,return_mlp_ppo,1,0.62,-0.176,3.52
high_penalty,return_mlp_ppo,1,0.625,-0.146,3.514
high_penalty,return_mlp_ppo,1,0.63,-0.15,3.522
high_penalty,return_mlp_ppo,1,0.635,-0.158,3.55
high_penalty,return_mlp_ppo,1,0.64,-0.162,3.55
high_penalty,return_mlp_ppo,1,0.645,-0.182,3.566
high_penalty,return_mlp_ppo,1,0.65,-0.222,3.562
high_penalty,return_mlp_ppo,1,0.655,-0.238,3.578
high_penalty,return_mlp_ppo,1,0.66,-0.254,3.61
high_penalty,return_mlp_ppo,1,0.665,-0.252,3.636
high_penalty,return_mlp_ppo,1,0.67,-0.244,3.668
high_penalty,return_mlp_ppo,1,0.675,-0.214,3.678
high_penalty,return_mlp_ppo,1,0.68,-0.192,3.704
high_penalty,return_mlp_ppo,1,0.685,-0.18,3.716
high_penalty,return_mlp_ppo,1,0.6900000000000001,-0.176,3.72
high_penalty,return_mlp_ppo,1,0.6950000000000001,-0.202,3.734
high_penalty,return_mlp_ppo,1,0.7000000000000001,-0.216,3.724
high_penalty,return_mlp_ppo,1,0.705,-0.224,3.732
high_penalty,return_mlp_ppo,1,0.71,-0.246,3.742
high_penalty,return_mlp_ppo,1,0.715,-0.284,3.736
high_penalty,return_mlp_ppo,1,0.72,-0.29,3.77
high_penalty,return_mlp_ppo,1,0.725,-0.298,3.786
high_penalty,return_mlp_ppo,1,0.73,-0.308,3.796
high_penalty,return_mlp_ppo,1,0.735,-0.344,3.844
high_penalty,return_mlp_ppo,1,0.74,-0.354,3.858
high_penalty,return_mlp_ppo,1,0.745,-0.352,3.912
high_penalty,return_mlp_ppo,1,0.75,-0.37,3.926
high_penalty,return_mlp_ppo,1,0.755,-0.382,3.954
high_penalty,return_mlp_ppo,1,0.76,-0.36,3.98
high_penalty,return_mlp_ppo,1,0.765,-0.374,4.014
high_penalty,return_mlp_ppo,1,0.77,-0.372,4.016
high_penalty,return_mlp_ppo,1,0.775,-0.364,4.008
high_penalty,return_mlp_ppo,1,0.78,-0.384,3.984
high_penalty,return_mlp_ppo,1,0.785,-0.402,3.974
high_penalty,return_mlp_ppo,1,0.79,-0.394,3.998
high_penalty,return_mlp_ppo,1,0.795,-0.41,4.002
high_penalty,return_mlp_ppo,1,0.8,-0.394,4.002
high_penalty,return_mlp_ppo,1,0.805,-0.426,4.018
high_penalty,return_mlp_ppo,1,0.81,-0.41,3.998
high_penalty,return_mlp_ppo,1,0.8150000000000001,-0.4,4.008
high_penalty,return_mlp_ppo,1,0.8200000000000001,-0.37,4.01
high_penalty,return_mlp_ppo,1,0.8250000000000001,-0.358,4.034
high_penalty,return_mlp_ppo,1,0.8300000000000001,-0.436,4.052
high_penalty,return_mlp_ppo,1,0.835,-0.458,4.066
high_penalty,return_mlp_ppo,1,0.84,-0.458,4.066
high_penalty,return_mlp_ppo,1,0.845,-0.434,4.05
high_penalty,return_mlp_ppo,1,0.85,-0.448,4.072
high_penalty,return_mlp_ppo,1,0.855,-0.472,4.092
high_penalty,return_mlp_ppo,1,0.86,-0.496,4.08
high_penalty,return_mlp_ppo,1,0.865,-0.516,4.1
high_penalty,return_mlp_ppo,1,0.87,-0.514,4.106
high_penalty,return_mlp_ppo,1,0.875,-0.514,4.114
high_penalty,return_mlp_ppo,1,0.88,-0.506,4.098
high_penalty,return_mlp_ppo,1,0.885,-0.544,4.116
high_penalty,return_mlp_ppo,1,0.89,-0.57,4.146
high_penalty,return_mlp_ppo,1,0.895,-0.578,4.15
high_penalty,return_mlp_ppo,1,0.9,-0.56,4.176
high_penalty,return_mlp_ppo,1,0.905,-0.55,4.198
high_penalty,return_mlp_ppo,1,0.91,-0.552,4.22
high_penalty,return_mlp_ppo,1,0.915,-0.538,4.222
high_penalty,return_mlp_ppo,1,0.92,-0.56,4.256
high_penalty,return_mlp_ppo,1,0.925,-0.548,4.268
high_penalty,return_mlp_ppo,1,0.93,-0.548,4.268
high_penalty,return_mlp_ppo,1,0.935,-0.554,4.246
high_penalty,return_mlp_ppo,1,0.9400000000000001,-0.572,4.256
high_penalty,return_mlp_ppo,1,0.9450000000000001,-0.564,4.296
high_penalty,return_mlp_ppo,1,0.9500000000000001,-0.578,4.302
high_penalty,return_mlp_ppo,1,0.9550000000000001,-0.592,4.284
high_penalty,return_mlp_ppo,1,0.96,-0.6,4.284
high_penalty,return_mlp_ppo,1,0.965,-0.612,4.268
high_penalty,return_mlp_ppo,1,0.97,-0.588,4.276
high_penalty,return_mlp_ppo,1,0.975,-0.616,4.268
high_penalty,return_mlp_ppo,1,0.98,-0.648,4.296
high_penalty,return_mlp_ppo,1,0.985,-0.664,4.292
high_penalty,return_mlp_ppo,1,0.99,-0.688,4.304
high_penalty,return_mlp_ppo,1,0.995,-0.698,4.31
high_penalty,return_mlp_ppo,1,1.0,-0.708,4.3
high_penalty,return_mlp_ppo,2,0.0,0.0,0.0
high_penalty,return_mlp_ppo,2,0.005,0.05,0.142
high_penalty,return_mlp_ppo,2,0.01,0.102,0.282
high_penalty,return_mlp_ppo,2,0.015,0.16,0.396
high_penalty,return_mlp_ppo,2,0.02,0.2,0.512
high_penalty,return_mlp_ppo,2,0.025,0.244,0.58
high_penalty,return_mlp_ppo,2,0.03,0.304,0.704
high_penalty,return_mlp_ppo,2,0.035,0.328,0.776
high_penalty,return_mlp_ppo,2,0.04,0.404,0.876
high_penalty,return_mlp_ppo,2,0.045,0.444,0.944
high_penalty,return_mlp_ppo,2,0.05,0.504,1.016
high_penalty,return_mlp_ppo,2,0.055,0.564,1.116
high_penalty,return_mlp_ppo,2,0.06,0.616,1.188
high_penalty,return_mlp_ppo,2,0.065,0.686,1.238
high_penalty,return_mlp_ppo,2,0.07,0.742,1.334
high_penalty,return_mlp_ppo,2,0.075,0.79,1.382
high_penalty,return_mlp_ppo,2,0.08,0.856,1.452
high_penalty,return_mlp_ppo,2,0.085,0.876,1.492
high_penalty,return_mlp_ppo,2,0.09,0.908,1.524
high_penalty,return_mlp_ppo,2,0.095,0.964,1.592
high_penalty,return_mlp_ppo,2,0.1,0.996,1.66
high_penalty,return_mlp_ppo,2,0.105,1.074,1.718
high_penalty,return_mlp_ppo,2,0.11,1.148,1.78
high_penalty,return_mlp_ppo,2,0.115,1.192,1.836
high_penalty,return_mlp_ppo,2,0.12,1.25,1.91
high_penalty,return_mlp_ppo,2,0.125,1.286,1.946
high_penalty,return_mlp_ppo,2,0.13,1.334,2.01
high_penalty,return_mlp_ppo,2,0.135,1.42,2.072
high_penalty,return_mlp_ppo,2,0.14,1.47,2.138
high_penalty,return_mlp_ppo,2,0.145,1.506,2.174
high_penalty,return_mlp_ppo,2,0.15,1.514,2.198
high_penalty,return_mlp_ppo,2,0.155,1.586,2.258
high_penalty,return_mlp_ppo,2,0.16,1.676,2.348
high_penalty,return_mlp_ppo,2,0.165,1.724,2.396
high_penalty,return_mlp_ppo,2,0.17,1.71,2.414
high_penalty,return_mlp_ppo,2,0.17500000000000002,1.762,2.49
high_penalty,return_mlp_ppo,2,0.18,1.832,2.544
high_penalty,return_mlp_ppo,2,0.185,1.882,2.582
high_penalty,return_mlp_ppo,2,0.19,1.944,2.628
high_penalty,return_mlp_ppo,2,0.195,1.97,2.65
high_penalty,return_mlp_ppo,2,0.2,2.04,2.7
high_penalty,return_mlp_ppo,2,0.20500000000000002,2.1,2.736
high_penalty,return_mlp_ppo,2,0.21,2.152,2.78
high_penalty,return_mlp_ppo,2,0.215,2.196,2.84
high_penalty,return_mlp_ppo,2,0.22,2.242,2.914
high_penalty,return_mlp_ppo,2,0.225,2.278,2.97
high_penalty,return_mlp_ppo,2,0.23,2.318,2.998
high_penalty,return_mlp_ppo,2,0.23500000000000001,2.384,3.048
high_penalty,return_mlp_ppo,2,0.24,2.456,3.128
high_penalty,return_mlp_ppo,2,0.245,2.472,3.144
high_penalty,return_mlp_ppo,2,0.25,2.528,3.184
high_penalty,return_mlp_ppo,2,0.255,2.56,3.216
high_penalty,return_mlp_ppo,2,0.26,2.618,3.266
high_penalty,return_mlp_ppo,2,0.265,2.662,3.298
high_penalty,return_mlp_ppo,2,0.27,2.712,3.332
high_penalty,return_mlp_ppo,2,0.275,2.782,3.398
high_penalty,return_mlp_ppo,2,0.28,2.798,3.446
high_penalty,return_mlp_ppo,2,0.28500000000000003,2.834,3.49
high_penalty,return_mlp_ppo,2,0.29,2.914,3.554
high_penalty,return_mlp_ppo,2,0.295,2.95,3.614
high_penalty,return_mlp_ppo,2,0.3,3.002,3.662
high_penalty,return_mlp_ppo,2,0.305,3.046,3.714
high_penalty,return_mlp_ppo,2,0.31,3.11,3.754
high_penalty,return_mlp_ppo,2,0.315,3.156,3.808
high_penalty,return_mlp_ppo,2,0.32,3.204,3.86
high_penalty,return_mlp_ppo,2,0.325,3.262,3.914
high_penalty,return_mlp_ppo,2,0.33,3.338,3.958
high_penalty,return_mlp_ppo,2,0.335,3.374,3.978
high_penalty,return_mlp_ppo,2,0.34,3.422,4.022
high_penalty,return_mlp_ppo,2,0.34500000000000003,3.456,4.06
high_penalty,return_mlp_ppo,2,0.35000000000000003,3.506,4.118
high_penalty,return_mlp_ppo,2,0.355,3.526,4.15
high_penalty,return_mlp_ppo,2,0.36,3.57,4.206
high_penalty,return_mlp_ppo,2,0.365,3.64,4.272
high_penalty,return_mlp_ppo,2,0.37,3.686,4.306
high_penalty,return_mlp_ppo,2,0.375,3.718,4.35
high_penalty,return_mlp_ppo,2,0.38,3.764,4.4
high_penalty,return_mlp_ppo,2,0.385,3.798,4.442
high_penalty,return_mlp_ppo,2,0.39,3.84,4.452
high_penalty,return_mlp_ppo,2,0.395,3.902,4.526
high_penalty,return_mlp_ppo,2,0.4,3.962,4.614
high_penalty,return_mlp_ppo,2,0.405,3.98,4.604
high_penalty,return_mlp_ppo,2,0.41000000000000003,4.016,4.632
high_penalty,return_mlp_ppo,2,0.41500000000000004,4.094,4.706
high_penalty,return_mlp_ppo,2,0.42,4.14,4.744
high_penalty,return_mlp_ppo,2,0.425,4.172,4.772
high_penalty,return_mlp_ppo,2,0.43,4.236,4.844
high_penalty,return_mlp_ppo,2,0.435,4.268,4.892
high_penalty,return_mlp_ppo,2,0.44,4.28,4.912
high_penalty,return_mlp_ppo,2,0.445,4.32,4.956
high_penalty,return_mlp_ppo,2,0.45,4.34,4.976
high_penalty,return_mlp_ppo,2,0.455,4.404,5.064
high_penalty,return_mlp_ppo,2,0.46,4.464,5.092
high_penalty,return_mlp_ppo,2,0.465,4.508,5.14
high_penalty,return_mlp_ppo,2,0.47000000000000003,4.57,5.186
high_penalty,return_mlp_ppo,2,0.47500000000000003,4.57,5.206
high_penalty,return_mlp_ppo,2,0.48,4.592,5.236
high_penalty,return_mlp_ppo,2,0.485,4.602,5.242
high_penalty,return_mlp_ppo,2,0.49,4.684,5.3
high_penalty,return_mlp_ppo,2,0.495,4.718,5.35
high_penalty,return_mlp_ppo,2,0.5,4.776,5.424
high_penalty,return_mlp_ppo,2,0.505,4.844,5.464
high_penalty,return_mlp_ppo,2,0.51,4.87,5.51
high_penalty,return_mlp_ppo,2,0.515,4.932,5.572
high_penalty,return_mlp_ppo,2,0.52,5.018,5.666
high_penalty,return_mlp_ppo,2,0.525,5.078,5.734
high_penalty,return_mlp_ppo,2,0.53,5.138,5.79
high_penalty,return_mlp_ppo,2,0.535,5.164,5.84
high_penalty,return_mlp_ppo,2,0.54,5.206,5.866
high_penalty,return_mlp_ppo,2,0.545,5.258,5.918
high_penalty,return_mlp_ppo,2,0.55,5.286,5.946
high_penalty,return_mlp_ppo,2,0.555,5.324,5.992
high_penalty,return_mlp_ppo,2,0.56,5.328,6.012
high_penalty,return_mlp_ppo,2,0.5650000000000001,5.344,6.024
high_penalty,return_mlp_ppo,2,0.5700000000000001,5.372,6.048
high_penalty,return_mlp_ppo,2,0.5750000000000001,5.408,6.1
high_penalty,return_mlp_ppo,2,0.58,5.432,6.144
high_penalty,return_mlp_ppo,2,0.585,5.478,6.194
high_penalty,return_mlp_ppo,2,0.59,5.528,6.236
high_penalty,return_mlp_ppo,2,0.595,5.63,6.338
high_penalty,return_mlp_ppo,2,0.6,5.656,6.38
high_penalty,return_mlp_ppo,2,0.605,5.662,6.414
high_penalty,return_mlp_ppo,2,0.61,5.708,6.452
high_penalty,return_mlp_ppo,2,0.615,5.742,6.478
high_penalty,return_mlp_ppo,2,0.62,5.762,6.51
high_penalty,return_mlp_ppo,2,0.625,5.828,6.572
high_penalty,return_mlp_ppo,2,0.63,5.88,6.636
high_penalty,return_mlp_ppo,2,0.635,5.908,6.688
high_penalty,return_mlp_ppo,2,0.64,5.946,6.714
high_penalty,return_mlp_ppo,2,0.645,5.948,6.708
high_penalty,return_mlp_ppo,2,0.65,5.942,6.726
high_penalty,return_mlp_ppo,2,0.655,5.974,6.77
high_penalty,return_mlp_ppo,2,0.66,5.992,6.796
high_penalty,return_mlp_ppo,2,0.665,6.03,6.85
high_penalty,return_mlp_ppo,2,0.67,6.086,6.898
high_penalty,return_mlp_ppo,2,0.675,6.154,6.942
high_penalty,return_mlp_ppo,2,0.68,6.22,7.004
high_penalty,return_mlp_ppo,2,0.685,6.256,7.032
high_penalty,return_mlp_ppo,2,0.6900000000000001,6.29,7.082
high_penalty,return_mlp_ppo,2,0.6950000000000001,6.312,7.124
high_penalty,return_mlp_ppo,2,0.7000000000000001,6.334,7.134
high_penalty,return_mlp_ppo,2,0.705,6.374,7.178
high_penalty,return_mlp_ppo,2,0.71,6.392,7.192
high_penalty,return_mlp_ppo,2,0.715,6.386,7.19
high_penalty,return_mlp_ppo,2,0.72,6.418,7.25
high_penalty,return_mlp_ppo,2,0.725,6.446,7.258
high_penalty,return_mlp_ppo,2,0.73,6.484,7.292
high_penalty,return_mlp_ppo,2,0.735,6.486,7.314
high_penalty,return_mlp_ppo,2,0.74,6.524,7.352
high_penalty,return_mlp_ppo,2,0.745,6.564,7.408
high_penalty,return_mlp_ppo,2,0.75,6.588,7.432
high_penalty,return_mlp_ppo,2,0.755,6.626,7.474
high_penalty,return_mlp_ppo,2,0.76,6.696,7.532
high_penalty,return_mlp_ppo,2,0.765,6.728,7.56
high_penalty,return_mlp_ppo,2,0.77,6.76,7.588
high_penalty,return_mlp_ppo,2,0.775,6.812,7.652
high_penalty,return_mlp_ppo,2,0.78,6.824,7.656
high_penalty,return_mlp_ppo,2,0.785,6.852,7.668
high_penalty,return_mlp_ppo,2,0.79,6.898,7.726
high_penalty,return_mlp_ppo,2,0.795,6.926,7.746
high_penalty,return_mlp_ppo,2,0.8,6.974,7.798
high_penalty,return_mlp_ppo,2,0.805,6.994,7.81
high_penalty,return_mlp_ppo,2,0.81,7.042,7.878
high_penalty,return_mlp_ppo,2,0.8150000000000001,7.086,7.914
high_penalty,return_mlp_ppo,2,0.8200000000000001,7.166,7.986
high_penalty,return_mlp_ppo,2,0.8250000000000001,7.228,8.044
high_penalty,return_mlp_ppo,2,0.8300000000000001,7.19,8.054
high_penalty,return_mlp_ppo,2,0.835,7.19,8.062
high_penalty,return_mlp_ppo,2,0.84,7.214,8.086
high_penalty,return_mlp_ppo,2,0.845,7.264,8.12
high_penalty,return_mlp_ppo,2,0.85,7.296,8.156
high_penalty,return_mlp_ppo,2,0.855,7.316,8.188
high_penalty,return_mlp_ppo,2,0.86,7.326,8.21
high_penalty,return_mlp_ppo,2,0.865,7.336,8.216
high_penalty,return_mlp_ppo,2,0.87,7.372,8.252
high_penalty,return_mlp_ppo,2,0.875,7.414,8.298
high_penalty,return_mlp_ppo,2,0.88,7.454,8.33
high_penalty,return_mlp_ppo,2,0.885,7.444,8.336
high_penalty,return_mlp_ppo,2,0.89,7.446,8.35
high_penalty,return_mlp_ppo,2,0.895,7.474,8.386
high_penalty,return_mlp_ppo,2,0.9,7.532,8.452
high_penalty,return_mlp_ppo,2,0.905,7.564,8.48
high_penalty,return_mlp_ppo,2,0.91,7.588,8.524
high_penalty,return_mlp_ppo,2,0.915,7.642,8.578
high_penalty,return_mlp_ppo,2,0.92,7.656,8.576
high_penalty,return_mlp_ppo,2,0.925,7.704,8.624
high_penalty,return_mlp_ppo,2,0.93,7.744,8.668
high_penalty,return_mlp_ppo,2,0.935,7.76,8.688
high_penalty,return_mlp_ppo,2,0.9400000000000001,7.776,8.7
high_penalty,return_mlp_ppo,2,0.9450000000000001,7.82,8.736
high_penalty,return_mlp_ppo,2,0.9500000000000001,7.838,8.778
high_penalty,return_mlp_ppo,2,0.9550000000000001,7.86,8.796
high_penalty,return_mlp_ppo,2,0.96,7.882,8.838
high_penalty,return_mlp_ppo,2,0.965,7.902,8.834
high_penalty,return_mlp_ppo,2,0.97,7.968,8.884
high_penalty,return_mlp_ppo,2,0.975,7.966,8.902
high_penalty,return_mlp_ppo,2,0.98,7.968,8.94
high_penalty,return_mlp_ppo,2,0.985,7.984,8.956
high_penalty,return_mlp_ppo,2,0.99,7.992,8.948
high_penalty,return_mlp_ppo,2,0.995,8.01,8.962
high_penalty,return_mlp_ppo,2,1.0,8.044,9.0
high_penalty,return_mlp_ppo,3,0.0,0.0,0.0
high_penalty,return_mlp_ppo,3,0.005,0.11,0.222
high_penalty,return_mlp_ppo,3,0.01,0.222,0.426
high_penalty,return_mlp_ppo,3,0.015,0.276,0.552
high_penalty,return_mlp_ppo,3,0.02,0.316,0.684
high_penalty,return_mlp_ppo,3,0.025,0.382,0.786
high_penalty,return_mlp_ppo,3,0.03,0.452,0.896
high_penalty,return_mlp_ppo,3,0.035,0.492,0.968
high_penalty,return_mlp_ppo,3,0.04,0.58,1.092
high_penalty,return_mlp_ppo,3,0.045,0.632,1.168
high_penalty,return_mlp_ppo,3,0.05,0.7,1.252
high_penalty,return_mlp_ppo,3,0.055,0.766,1.334
high_penalty,return_mlp_ppo,3,0.06,0.832,1.424
high_penalty,return_mlp_ppo,3,0.065,0.914,1.482
high_penalty,return_mlp_ppo,3,0.07,0.982,1.558
high_penalty,return_mlp_ppo,3,0.075,1.058,1.63
high_penalty,return_mlp_ppo,3,0.08,1.144,1.732
high_penalty,return_mlp_ppo,3,0.085,1.178,1.746
high_penalty,return_mlp_ppo,3,0.09,1.218,1.786
high_penalty,return_mlp_ppo,3,0.095,1.264,1.876
high_penalty,return_mlp_ppo,3,0.1,1.306,1.93
high_penalty,return_mlp_ppo,3,0.105,1.394,2.01
high_penalty,return_mlp_ppo,3,0.11,1.454,2.05
high_penalty,return_mlp_ppo,3,0.115,1.508,2.108
high_penalty,return_mlp_ppo,3,0.12,1.57,2.142
high_penalty,return_mlp_ppo,3,0.125,1.618,2.206
high_penalty,return_mlp_ppo,3,0.13,1.672,2.26
high_penalty,return_mlp_ppo,3,0.135,1.746,2.322
high_penalty,return_mlp_ppo,3,0.14,1.798,2.39
high_penalty,return_mlp_ppo,3,0.145,1.84,2.432
high_penalty,return_mlp_ppo,3,0.15,1.846,2.446
high_penalty,return_mlp_ppo,3,0.155,1.914,2.534
high_penalty,return_mlp_ppo,3,0.16,2.024,2.632
high_penalty,return_mlp_ppo,3,0.165,2.08,2.708
high_penalty,return_mlp_ppo,3,0.17,2.088,2.732
high_penalty,return_mlp_ppo,3,0.17500000000000002,2.152,2.824
high_penalty,return_mlp_ppo,3,0.18,2.224,2.88
high_penalty,return_mlp_ppo,3,0.185,2.284,2.928
high_penalty,return_mlp_ppo,3,0.19,2.344,2.988
high_penalty,return_mlp_ppo,3,0.195,2.372,3.048
high_penalty,return_mlp_ppo,3,0.2,2.442,3.098
high_penalty,return_mlp_ppo,3,0.20500000000000002,2.51,3.146
high_penalty,return_mlp_ppo,3,0.21,2.558,3.182
high_penalty,return_mlp_ppo,3,0.215,2.6,3.228
high_penalty,return_mlp_ppo,3,0.22,2.644,3.272
high_penalty,return_mlp_ppo,3,0.225,2.676,3.308
high_penalty,return_mlp_ppo,3,0.23,2.726,3.338
high_penalty,return_mlp_ppo,3,0.23500000000000001,2.796,3.392
high_penalty,return_mlp_ppo,3,0.24,2.85,3.45
high_penalty,return_mlp_ppo,3,0.245,2.882,3.494
high_penalty,return_mlp_ppo,3,0.25,2.926,3.526
high_penalty,return_mlp_ppo,3,0.255,2.97,3.57
high_penalty,return_mlp_ppo,3,0.26,3.014,3.618
high_penalty,return_mlp_ppo,3,0.265,3.042,3.642
high_penalty,return_mlp_ppo,3,0.27,3.09,3.674
high_penalty,return_mlp_ppo,3,0.275,3.154,3.746
high_penalty,return_mlp_ppo,3,0.28,3.176,3.784
high_penalty,return_mlp_ppo,3,0.28500000000000003,3.22,3.84
high_penalty,return_mlp_ppo,3,0.29,3.296,3.904
high_penalty,return_mlp_ppo,3,0.295,3.32,3.948
high_penalty,return_mlp_ppo,3,0.3,3.362,3.982
high_penalty,return_mlp_ppo,3,0.305,3.404,4.04
high_penalty,return_mlp_ppo,3,0.31,3.46,4.052
high_penalty,return_mlp_ppo,3,0.315,3.5,4.076
high_penalty,return_mlp_ppo,3,0.32,3.558,4.138
high_penalty,return_mlp_ppo,3,0.325,3.62,4.196
high_penalty,return_mlp_ppo,3,0.33,3.68,4.24
high_penalty,return_mlp_ppo,3,0.335,3.716,4.268
high_penalty,return_mlp_ppo,3,0.34,3.754,4.318
high_penalty,return_mlp_ppo,3,0.34500000000000003,3.774,4.342
high_penalty,return_mlp_ppo,3,0.35000000000000003,3.814,4.374
high_penalty,return_mlp_ppo,3,0.355,3.812,4.384
high_penalty,return_mlp_ppo,3,0.36,3.858,4.442
high_penalty,return_mlp_ppo,3,0.365,3.91,4.494
high_penalty,return_mlp_ppo,3,0.37,3.94,4.54
high_penalty,return_mlp_ppo,3,0.375,3.97,4.59
high_penalty,return_mlp_ppo,3,0.38,4.006,4.634
high_penalty,return_mlp_ppo,3,0.385,4.024,4.672
high_penalty,return_mlp_ppo,3,0.39,4.066,4.69
high_penalty,return_mlp_ppo,3,0.395,4.098,4.742
high_penalty,return_mlp_ppo,3,0.4,4.138,4.802
high_penalty,return_mlp_ppo,3,0.405,4.156,4.824
high_penalty,return_mlp_ppo,3,0.41000000000000003,4.182,4.834
high_penalty,return_mlp_ppo,3,0.41500000000000004,4.23,4.882
high_penalty,return_mlp_ppo,3,0.42,4.276,4.924
high_penalty,return_mlp_ppo,3,0.425,4.302,4.986
high_penalty,return_mlp_ppo,3,0.43,4.346,5.026
high_penalty,return_mlp_ppo,3,0.435,4.374,5.066
high_penalty,return_mlp_ppo,3,0.44,4.38,5.08
high_penalty,return_mlp_ppo,3,0.445,4.432,5.14
high_penalty,return_mlp_ppo,3,0.45,4.446,5.146
high_penalty,return_mlp_ppo,3,0.455,4.496,5.208
high_penalty,return_mlp_ppo,3,0.46,4.542,5.23
high_penalty,return_mlp_ppo,3,0.465,4.574,5.262
high_penalty,return_mlp_ppo,3,0.47000000000000003,4.6,5.296
high_penalty,return_mlp_ppo,3,0.47500000000000003,4.592,5.3
high_penalty,return_mlp_ppo,3,0.48,4.608,5.336
high_penalty,return_mlp_ppo,3,0.485,4.614,5.342
high_penalty,return_mlp_ppo,3,0.49,4.664,5.392
high_penalty,return_mlp_ppo,3,0.495,4.684,5.42
high_penalty,return_mlp_ppo,3,0.5,4.738,5.498
high_penalty,return_mlp_ppo,3,0.505,4.792,5.516
high_penalty,return_mlp_ppo,3,0.51,4.81,5.558
high_penalty,return_mlp_ppo,3,0.515,4.856,5.572
high_penalty,return_mlp_ppo,3,0.52,4.912,5.632
high_penalty,return_mlp_ppo,3,0.525,4.956,5.676
high_penalty,return_mlp_ppo,3,0.53,4.992,5.72
high_penalty,return_mlp_ppo,3,0.535,5.0,5.744
high_penalty,return_mlp_ppo,3,0.54,5.02,5.748
high_penalty,return_mlp_ppo,3,0.545,5.054,5.79
high_penalty,return_mlp_ppo,3,0.55,5.062,5.802
high_penalty,return_mlp_ppo,3,0.555,5.094,5.838
high_penalty,return_mlp_ppo,3,0.56,5.088,5.848
high_penalty,return_mlp_ppo,3,0.5650000000000001,5.078,5.866
high_penalty,return_mlp_ppo,3,0.5700000000000001,5.104,5.9
high_penalty,return_mlp_ppo,3,0.5750000000000001,5.134,5.934
high_penalty,return_mlp_ppo,3,0.58,5.148,5.968
high_penalty,return_mlp_ppo,3,0.585,5.172,5.996
high_penalty,return_mlp_ppo,3,0.59,5.204,6.02
high_penalty,return_mlp_ppo,3,0.595,5.264,6.08
high_penalty,return_mlp_ppo,3,0.6,5.272,6.104
high_penalty,return_mlp_ppo,3,0.605,5.268,6.116
high_penalty,return_mlp_ppo,3,0.61,5.294,6.138
high_penalty,return_mlp_ppo,3,0.615,5.308,6.16
high_penalty,return_mlp_ppo,3,0.62,5.324,6.18
high_penalty,return_mlp_ppo,3,0.625,5.374,6.226
high_penalty,return_mlp_ppo,3,0.63,5.41,6.262
high_penalty,return_mlp_ppo,3,0.635,5.416,6.276
high_penalty,return_mlp_ppo,3,0.64,5.462,6.318
high_penalty,return_mlp_ppo,3,0.645,5.466,6.334
high_penalty,return_mlp_ppo,3,0.65,5.468,6.344
high_penalty,return_mlp_ppo,3,0.655,5.484,6.376
high_penalty,return_mlp_ppo,3,0.66,5.486,6.394
high_penalty,return_mlp_ppo,3,0.665,5.492,6.424
high_penalty,return_mlp_ppo,3,0.67,5.528,6.452
high_penalty,return_mlp_ppo,3,0.675,5.564,6.46
high_penalty,return_mlp_ppo,3,0.68,5.612,6.504
high_penalty,return_mlp_ppo,3,0.685,5.628,6.516
high_penalty,return_mlp_ppo,3,0.6900000000000001,5.65,6.562
high_penalty,return_mlp_ppo,3,0.6950000000000001,5.666,6.582
high_penalty,return_mlp_ppo,3,0.7000000000000001,5.672,6.584
high_penalty,return_mlp_ppo,3,0.705,5.684,6.608
high_penalty,return_mlp_ppo,3,0.71,5.678,6.618
high_penalty,return_mlp_ppo,3,0.715,5.672,6.628
high_penalty,return_mlp_ppo,3,0.72,5.68,6.664
high_penalty,return_mlp_ppo,3,0.725,5.694,6.666
high_penalty,return_mlp_ppo,3,0.73,5.698,6.698
high_penalty,return_mlp_ppo,3,0.735,5.684,6.696
high_penalty,return_mlp_ppo,3,0.74,5.712,6.724
high_penalty,return_mlp_ppo,3,0.745,5.73,6.75
high_penalty,return_mlp_ppo,3,0.75,5.734,6.766
high_penalty,return_mlp_ppo,3,0.755,5.746,6.79
high_penalty,return_mlp_ppo,3,0.76,5.804,6.832
high_penalty,return_mlp_ppo,3,0.765,5.806,6.834
high_penalty,return_mlp_ppo,3,0.77,5.834,6.85
high_penalty,return_mlp_ppo,3,0.775,5.85,6.874
high_penalty,return_mlp_ppo,3,0.78,5.858,6.898
high_penalty,return_mlp_ppo,3,0.785,5.872,6.92
high_penalty,return_mlp_ppo,3,0.79,5.886,6.934
high_penalty,return_mlp_ppo,3,0.795,5.9,6.948
high_penalty,return_mlp_ppo,3,0.8,5.934,6.978
high_penalty,return_mlp_ppo,3,0.805,5.954,6.994
high_penalty,return_mlp_ppo,3,0.81,5.972,7.024
high_penalty,return_mlp_ppo,3,0.8150000000000001,5.988,7.032
high_penalty,return_mlp_ppo,3,0.8200000000000001,6.038,7.07
high_penalty,return_mlp_ppo,3,0.8250000000000001,6.054,7.086
high_penalty,return_mlp_ppo,3,0.8300000000000001,6.038,7.118
high_penalty,return_mlp_ppo,3,0.835,6.028,7.116
high_penalty,return_mlp_ppo,3,0.84,6.056,7.152
high_penalty,return_mlp_ppo,3,0.845,6.086,7.166
high_penalty,return_mlp_ppo,3,0.85,6.106,7.194
high_penalty,return_mlp_ppo,3,0.855,6.112,7.212
high_penalty,return_mlp_ppo,3,0.86,6.12,7.216
high_penalty,return_mlp_ppo,3,0.865,6.126,7.218
high_penalty,return_mlp_ppo,3,0.87,6.146,7.242
high_penalty,return_mlp_ppo,3,0.875,6.17,7.262
high_penalty,return_mlp_ppo,3,0.88,6.18,7.28
high_penalty,return_mlp_ppo,3,0.885,6.172,7.28
high_penalty,return_mlp_ppo,3,0.89,6.162,7.294
high_penalty,return_mlp_ppo,3,0.895,6.174,7.302
high_penalty,return_mlp_ppo,3,0.9,6.208,7.344
high_penalty,return_mlp_ppo,3,0.905,6.21,7.342
high_penalty,return_mlp_ppo,3,0.91,6.22,7.36
high_penalty,return_mlp_ppo,3,0.915,6.244,7.372
high_penalty,return_mlp_ppo,3,0.92,6.24,7.372
high_penalty,return_mlp_ppo,3,0.925,6.27,7.414
high_penalty,return_mlp_ppo,3,0.93,6.286,7.422
high_penalty,return_mlp_ppo,3,0.935,6.272,7.424
high_penalty,return_mlp_ppo,3,0.9400000000000001,6.276,7.432
high_penalty,return_mlp_ppo,3,0.9450000000000001,6.3,7.444
high_penalty,return_mlp_ppo,3,0.9500000000000001,6.318,7.466
high_penalty,return_mlp_ppo,3,0.9550000000000001,6.324,7.468
high_penalty,return_mlp_ppo,3,0.96,6.326,7.482
high_penalty,return_mlp_ppo,3,0.965,6.318,7.47
high_penalty,return_mlp_ppo,3,0.97,6.338,7.498
high_penalty,return_mlp_ppo,3,0.975,6.346,7.514
high_penalty,return_mlp_ppo,3,0.98,6.36,7.556
high_penalty,return_mlp_ppo,3,0.985,6.364,7.552
high_penalty,return_mlp_ppo,3,0.99,6.364,7.548
high_penalty,return_mlp_ppo,3,0.995,6.372,7.564
high_penalty,return_mlp_ppo,3,1.0,6.352,7.552
high_penalty,return_mlp_ppo,4,0.0,0.0,0.0
high_penalty,return_mlp_ppo,4,0.005,-0.062,0.222
high_penalty,return_mlp_ppo,4,0.01,-0.114,0.438
high_penalty,return_mlp_ppo,4,0.015,-0.23,0.658
high_penalty,return_mlp_ppo,4,0.02,-0.356,0.792
high_penalty,return_mlp_ppo,4,0.025,-0.436,0.92
high_penalty,return_mlp_ppo,4,0.03,-0.528,1.068
high_penalty,return_mlp_ppo,4,0.035,-0.642,1.182
high_penalty,return_mlp_ppo,4,0.04,-0.742,1.378
high_penalty,return_mlp_ppo,4,0.045,-0.866,1.506
high_penalty,return_mlp_ppo,4,0.05,-0.954,1.61
high_penalty,return_mlp_ppo,4,0.055,-1.044,1.716
high_penalty,return_mlp_ppo,4,0.06,-1.112,1.788
high_penalty,return_mlp_ppo,4,0.065,-1.218,1.894
high_penalty,return_mlp_ppo,4,0.07,-1.288,1.976
high_penalty,return_mlp_ppo,4,0.075,-1.378,2.034
high_penalty,return_mlp_ppo,4,0.08,-1.476,2.152
high_penalty,return_mlp_ppo,4,0.085,-1.57,2.226
high_penalty,return_mlp_ppo,4,0.09,-1.702,2.378
high_penalty,return_mlp_ppo,4,0.095,-1.774,2.486
high_penalty,return_mlp_ppo,4,0.1,-1.848,2.584
high_penalty,return_mlp_ppo,4,0.105,-1.912,2.676
high_penalty,return_mlp_ppo,4,0.11,-2.026,2.762
high_penalty,return_mlp_ppo,4,0.115,-2.074,2.81
high_penalty,return_mlp_ppo,4,0.12,-2.158,2.878
high_penalty,return_mlp_ppo,4,0.125,-2.256,2.948
high_penalty,return_mlp_ppo,4,0.13,-2.348,3.052
high_penalty,return_mlp_ppo,4,0.135,-2.4,3.092
high_penalty,return_mlp_ppo,4,0.14,-2.454,3.154
high_penalty,return_mlp_ppo,4,0.145,-2.54,3.232
high_penalty,return_mlp_ppo,4,0.15,-2.68,3.32
high_penalty,return_mlp_ppo,4,0.155,-2.718,3.382
high_penalty,return_mlp_ppo,4,0.16,-2.766,3.43
high_penalty,return_mlp_ppo,4,0.165,-2.852,3.5
high_penalty,return_mlp_ppo,4,0.17,-2.978,3.638
high_penalty,return_mlp_ppo,4,0.17500000000000002,-3.056,3.744
high_penalty,return_mlp_ppo,4,0.18,-3.116,3.82
high_penalty,return_mlp_ppo,4,0.185,-3.196,3.884
high_penalty,return_mlp_ppo,4,0.19,-3.238,3.966
high_penalty,return_mlp_ppo,4,0.195,-3.344,4.052
high_penalty,return_mlp_ppo,4,0.2,-3.392,4.108
high_penalty,return_mlp_ppo,4,0.20500000000000002,-3.47,4.15
high_penalty,return_mlp_ppo,4,0.21,-3.55,4.222
high_penalty,return_mlp_ppo,4,0.215,-3.626,4.286
high_penalty,return_mlp_ppo,4,0.22,-3.718,4.382
high_penalty,return_mlp_ppo,4,0.225,-3.752,4.408
high_penalty,return_mlp_ppo,4,0.23,-3.834,4.49
high_penalty,return_mlp_ppo,4,0.23500000000000001,-3.88,4.532
high_penalty,return_mlp_ppo,4,0.24,-3.978,4.614
high_penalty,return_mlp_ppo,4,0.245,-4.072,4.684
high_penalty,return_mlp_ppo,4,0.25,-4.134,4.722
high_penalty,return_mlp_ppo,4,0.255,-4.224,4.776
high_penalty,return_mlp_ppo,4,0.26,-4.258,4.83
high_penalty,return_mlp_ppo,4,0.265,-4.338,4.846
high_penalty,return_mlp_ppo,4,0.27,-4.42,4.9
high_penalty,return_mlp_ppo,4,0.275,-4.47,4.93
high_penalty,return_mlp_ppo,4,0.28,-4.552,5.012
high_penalty,return_mlp_ppo,4,0.28500000000000003,-4.62,5.072
high_penalty,return_mlp_ppo,4,0.29,-4.654,5.118
high_penalty,return_mlp_ppo,4,0.295,-4.752,5.2
high_penalty,return_mlp_ppo,4,0.3,-4.806,5.282
high_penalty,return_mlp_ppo,4,0.305,-4.83,5.298
high_penalty,return_mlp_ppo,4,0.31,-4.904,5.364
high_penalty,return_mlp_ppo,4,0.315,-4.964,5.432
high_penalty,return_mlp_ppo,4,0.32,-5.028,5.504
high_penalty,return_mlp_ppo,4,0.325,-5.104,5.572
high_penalty,return_mlp_ppo,4,0.33,-5.12,5.6
high_penalty,return_mlp_ppo,4,0.335,-5.174,5.638
high_penalty,return_mlp_ppo,4,0.34,-5.224,5.688
high_penalty,return_mlp_ppo,4,0.34500000000000003,-5.306,5.758
high_penalty,return_mlp_ppo,4,0.35000000000000003,-5.37,5.798
high_penalty,return_mlp_ppo,4,0.355,-5.45,5.886
high_penalty,return_mlp_ppo,4,0.36,-5.486,5.942
high_penalty,return_mlp_ppo,4,0.365,-5.518,5.978
high_penalty,return_mlp_ppo,4,0.37,-5.586,6.054
high_penalty,return_mlp_ppo,4,0.375,-5.654,6.126
high_penalty,return_mlp_ppo,4,0.38,-5.716,6.18
high_penalty,return_mlp_ppo,4,0.385,-5.782,6.222
high_penalty,return_mlp_ppo,4,0.39,-5.828,6.264
high_penalty,return_mlp_ppo,4,0.395,-5.86,6.304
high_penalty,return_mlp_ppo,4,0.4,-5.882,6.322
high_penalty,return_mlp_ppo,4,0.405,-5.952,6.384
high_penalty,return_mlp_ppo,4,0.41000000000000003,-6.018,6.454
high_penalty,return_mlp_ppo,4,0.41500000000000004,-6.044,6.476
high_penalty,return_mlp_ppo,4,0.42,-6.106,6.514
high_penalty,return_mlp_ppo,4,0.425,-6.164,6.568
high_penalty,return_mlp_ppo,4,0.43,-6.196,6.592
high_penalty,return_mlp_ppo,4,0.435,-6.248,6.64
high_penalty,return_mlp_ppo,4,0.44,-6.31,6.686
high_penalty,return_mlp_ppo,4,0.445,-6.35,6.75
high_penalty,return_mlp_ppo,4,0.45,-6.418,6.814
high_penalty,return_mlp_ppo,4,0.455,-6.446,6.87
high_penalty,return_mlp_ppo,4,0.46,-6.458,6.89
high_penalty,return_mlp_ppo,4,0.465,-6.492,6.948
high_penalty,return_mlp_ppo,4,0.47000000000000003,-6.532,7.012
high_penalty,return_mlp_ppo,4,0.47500000000000003,-6.594,7.078
high_penalty,return_mlp_ppo,4,0.48,-6.658,7.142
high_penalty,return_mlp_ppo,4,0.485,-6.714,7.19
high_penalty,return_mlp_ppo,4,0.49,-6.722,7.202
high_penalty,return_mlp_ppo,4,0.495,-6.752,7.24
high_penalty,return_mlp_ppo,4,0.5,-6.758,7.254
high_penalty,return_mlp_ppo,4,0.505,-6.77,7.262
high_penalty,return_mlp_ppo,4,0.51,-6.792,7.292
high_penalty,return_mlp_ppo,4,0.515,-6.796,7.308
high_penalty,return_mlp_ppo,4,0.52,-6.79,7.306
high_penalty,return_mlp_ppo,4,0.525,-6.802,7.326
high_penalty,return_mlp_ppo,4,0.53,-6.812,7.344
high_penalty,return_mlp_ppo,4,0.535,-6.882,7.414
high_penalty,return_mlp_ppo,4,0.54,-6.916,7.436
high_penalty,return_mlp_ppo,4,0.545,-6.924,7.452
high_penalty,return_mlp_ppo,4,0.55,-6.964,7.508
high_penalty,return_mlp_ppo,4,0.555,-7.014,7.558
high_penalty,return_mlp_ppo,4,0.56,-7.076,7.604
high_penalty,return_mlp_ppo,4,0.5650000000000001,-7.11,7.618
high_penalty,return_mlp_ppo,4,0.5700000000000001,-7.166,7.658
high_penalty,return_mlp_ppo,4,0.5750000000000001,-7.184,7.696
high_penalty,return_mlp_ppo,4,0.58,-7.222,7.73
high_penalty,return_mlp_ppo,4,0.585,-7.234,7.75
high_penalty,return_mlp_ppo,4,0.59,-7.226,7.726
high_penalty,return_mlp_ppo,4,0.595,-7.194,7.722
high_penalty,return_mlp_ppo,4,0.6,-7.22,7.752
high_penalty,return_mlp_ppo,4,0.605,-7.28,7.804
high_penalty,return_mlp_ppo,4,0.61,-7.28,7.808
high_penalty,return_mlp_ppo,4,0.615,-7.292,7.812
high_penalty,return_mlp_ppo,4,0.62,-7.328,7.856
high_penalty,return_mlp_ppo,4,0.625,-7.312,7.848
high_penalty,return_mlp_ppo,4,0.63,-7.33,7.858
high_penalty,return_mlp_ppo,4,0.635,-7.348,7.88
high_penalty,return_mlp_ppo,4,0.64,-7.36,7.88
high_penalty,return_mlp_ppo,4,0.645,-7.388,7.904
high_penalty,return_mlp_ppo,4,0.65,-7.44,7.96
high_penalty,return_mlp_ppo,4,0.655,-7.466,8.002
high_penalty,return_mlp_ppo,4,0.66,-7.494,8.026
high_penalty,return_mlp_ppo,4,0.665,-7.498,8.054
high_penalty,return_mlp_ppo,4,0.67,-7.496,8.072
high_penalty,return_mlp_ppo,4,0.675,-7.48,8.06
high_penalty,return_mlp_ppo,4,0.68,-7.458,8.058
high_penalty,return_mlp_ppo,4,0.685,-7.46,8.056
high_penalty,return_mlp_ppo,4,0.6900000000000001,-7.44,8.056
high_penalty,return_mlp_ppo,4,0.6950000000000001,-7.468,8.1
high_penalty,return_mlp_ppo,4,0.7000000000000001,-7.506,8.118
high_penalty,return_mlp_ppo,4,0.705,-7.512,8.132
high_penalty,return_mlp_ppo,4,0.71,-7.522,8.138
high_penalty,return_mlp_ppo,4,0.715,-7.56,8.204
high_penalty,return_mlp_ppo,4,0.72,-7.578,8.214
high_penalty,return_mlp_ppo,4,0.725,-7.582,8.234
high_penalty,return_mlp_ppo,4,0.73,-7.606,8.266
high_penalty,return_mlp_ppo,4,0.735,-7.638,8.302
high_penalty,return_mlp_ppo,4,0.74,-7.654,8.31
high_penalty,return_mlp_ppo,4,0.745,-7.652,8.32
high_penalty,return_mlp_ppo,4,0.75,-7.662,8.338
high_penalty,return_mlp_ppo,4,0.755,-7.68,8.356
high_penalty,return_mlp_ppo,4,0.76,-7.648,8.344
high_penalty,return_mlp_ppo,4,0.765,-7.656,8.38
high_penalty,return_mlp_ppo,4,0.77,-7.656,8.376
high_penalty,return_mlp_ppo,4,0.775,-7.638,8.362
high_penalty,return_mlp_ppo,4,0.78,-7.654,8.366
high_penalty,return_mlp_ppo,4,0.785,-7.676,8.384
high_penalty,return_mlp_ppo,4,0.79,-7.672,8.408
high_penalty,return_mlp_ppo,4,0.795,-7.674,8.418
high_penalty,return_mlp_ppo,4,0.8,-7.642,8.382
high_penalty,return_mlp_ppo,4,0.805,-7.664,8.404
high_penalty,return_mlp_ppo,4,0.81,-7.642,8.386
high_penalty,return_mlp_ppo,4,0.8150000000000001,-7.622,8.37
high_penalty,return_mlp_ppo,4,0.8200000000000001,-7.568,8.336
high_penalty,return_mlp_ppo,4,0.8250000000000001,-7.548,8.308
high_penalty,return_mlp_ppo,4,0.8300000000000001,-7.606,8.358
high_penalty,return_mlp_ppo,4,0.835,-7.616,8.364
high_penalty,return_mlp_ppo,4,0.84,-7.596,8.352
high_penalty,return_mlp_ppo,4,0.845,-7.56,8.324
high_penalty,return_mlp_ppo,4,0.85,-7.55,8.322
high_penalty,return_mlp_ppo,4,0.855,-7.56,8.332
high_penalty,return_mlp_ppo,4,0.86,-7.558,8.326
high_penalty,return_mlp_ppo,4,0.865,-7.57,8.354
high_penalty,return_mlp_ppo,4,0.87,-7.558,8.338
high_penalty,return_mlp_ppo,4,0.875,-7.546,8.342
high_penalty,return_mlp_ppo,4,0.88,-7.522,8.314
high_penalty,return_mlp_ppo,4,0.885,-7.538,8.318
high_penalty,return_mlp_ppo,4,0.89,-7.536,8.312
high_penalty,return_mlp_ppo,4,0.895,-7.532,8.316
high_penalty,return_mlp_ppo,4,0.9,-7.474,8.29
high_penalty,return_mlp_ppo,4,0.905,-7.46,8.288
high_penalty,return_mlp_ppo,4,0.91,-7.436,8.3
high_penalty,return_mlp_ppo,4,0.915,-7.408,8.264
high_penalty,return_mlp_ppo,4,0.92,-7.422,8.278
high_penalty,return_mlp_ppo,4,0.925,-7.4,8.244
high_penalty,return_mlp_ppo,4,0.93,-7.388,8.224
high_penalty,return_mlp_ppo,4,0.935,-7.38,8.212
high_penalty,return_mlp_ppo,4,0.9400000000000001,-7.376,8.228
high_penalty,return_mlp_ppo,4,0.9450000000000001,-7.346,8.214
high_penalty,return_mlp_ppo,4,0.9500000000000001,-7.342,8.226
high_penalty,return_mlp_ppo,4,0.9550000000000001,-7.336,8.224
high_penalty,return_mlp_ppo,4,0.96,-7.33,8.218
high_penalty,return_mlp_ppo,4,0.965,-7.32,8.232
high_penalty,return_mlp_ppo,4,0.97,-7.284,8.22
high_penalty,return_mlp_ppo,4,0.975,-7.282,8.21
high_penalty,return_mlp_ppo,4,0.98,-7.288,8.24
high_penalty,return_mlp_ppo,4,0.985,-7.28,8.228
high_penalty,return_mlp_ppo,4,0.99,-7.276,8.212
high_penalty,return_mlp_ppo,4,0.995,-7.268,8.224
high_penalty,return_mlp_ppo,4,1.0,-7.26,8.24
high_penalty,return_lstm_ppo,0,0.0,0.0,0.0
high_penalty,return_lstm_ppo,0,0.005,0.0,0.18
high_penalty,return_lstm_ppo,0,0.01,0.024,0.352
high_penalty,return_lstm_ppo,0,0.015,0.024,0.488
high_penalty,return_lstm_ppo,0,0.02,-0.002,0.606
high_penalty,return_lstm_ppo,0,0.025,0.004,0.704
high_penalty,return_lstm_ppo,0,0.03,0.01,0.83
high_penalty,return_lstm_ppo,0,0.035,-0.01,0.89
high_penalty,return_lstm_ppo,0,0.04,-0.01,0.978
high_penalty,return_lstm_ppo,0,0.045,-0.03,1.05
high_penalty,return_lstm_ppo,0,0.05,-0.026,1.13
high_penalty,return_lstm_ppo,0,0.055,-0.03,1.178
high_penalty,return_lstm_ppo,0,0.06,-0.014,1.222
high_penalty,return_lstm_ppo,0,0.065,0.004,1.284
high_penalty,return_lstm_ppo,0,0.07,0.028,1.348
high_penalty,return_lstm_ppo,0,0.075,0.044,1.404
high_penalty,return_lstm_ppo,0,0.08,0.036,1.448
high_penalty,return_lstm_ppo,0,0.085,0.016,1.488
high_penalty,return_lstm_ppo,0,0.09,-0.004,1.504
high_penalty,return_lstm_ppo,0,0.095,0.006,1.558
high_penalty,return_lstm_ppo,0,0.1,0.006,1.606
high_penalty,return_lstm_ppo,0,0.105,0.04,1.652
high_penalty,return_lstm_ppo,0,0.11,0.032,1.66
high_penalty,return_lstm_ppo,0,0.115,0.034,1.666
high_penalty,return_lstm_ppo,0,0.12,0.038,1.682
high_penalty,return_lstm_ppo,0,0.125,0.03,1.718
high_penalty,return_lstm_ppo,0,0.13,0.02,1.76
high_penalty,return_lstm_ppo,0,0.135,0.05,1.774
high_penalty,return_lstm_ppo,0,0.14,0.056,1.804
high_penalty,return_lstm_ppo,0,0.145,0.04,1.824
high_penalty,return_lstm_ppo,0,0.15,-0.02,1.816
high_penalty,return_lstm_ppo,0,0.155,-0.01,1.882
high_penalty,return_lstm_ppo,0,0.16,0.036,1.904
high_penalty,return_lstm_ppo,0,0.165,0.024,1.944
high_penalty,return_lstm_ppo,0,0.17,-0.026,2.014
high_penalty,return_lstm_ppo,0,0.17500000000000002,-0.034,2.09
high_penalty,return_lstm_ppo,0,0.18,-0.024,2.1
high_penalty,return_lstm_ppo,0,0.185,-0.038,2.11
high_penalty,return_lstm_ppo,0,0.19,-0.028,2.14
high_penalty,return_lstm_ppo,0,0.195,-0.052,2.184
high_penalty,return_lstm_ppo,0,0.2,-0.028,2.196
high_penalty,return_lstm_ppo,0,0.20500000000000002,-0.026,2.214
high_penalty,return_lstm_ppo,0,0.21,-0.028,2.26
high_penalty,return_lstm_ppo,0,0.215,-0.024,2.304
high_penalty,return_lstm_ppo,0,0.22,-0.044,2.364
high_penalty,return_lstm_ppo,0,0.225,-0.04,2.412
high_penalty,return_lstm_ppo,0,0.23,-0.056,2.428
high_penalty,return_lstm_ppo,0,0.23500000000000001,-0.05,2.434
high_penalty,return_lstm_ppo,0,0.24,-0.054,2.474
high_penalty,return_lstm_ppo,0,0.245,-0.076,2.52
high_penalty,return_lstm_ppo,0,0.25,-0.082,2.538
high_penalty,return_lstm_ppo,0,0.255,-0.106,2.538
high_penalty,return_lstm_ppo,0,0.26,-0.092,2.588
high_penalty,return_lstm_ppo,0,0.265,-0.116,2.612
high_penalty,return_lstm_ppo,0,0.27,-0.118,2.606
high_penalty,return_lstm_ppo,0,0.275,-0.114,2.642
high_penalty,return_lstm_ppo,0,0.28,-0.16,2.7
high_penalty,return_lstm_ppo,0,0.28500000000000003,-0.16,2.696
high_penalty,return_lstm_ppo,0,0.29,-0.136,2.72
high_penalty,return_lstm_ppo,0,0.295,-0.18,2.728
high_penalty,return_lstm_ppo,0,0.3,-0.182,2.778
high_penalty,return_lstm_ppo,0,0.305,-0.188,2.8
high_penalty,return_lstm_ppo,0,0.31,-0.196,2.804
high_penalty,return_lstm_ppo,0,0.315,-0.204,2.816
high_penalty,return_lstm_ppo,0,0.32,-0.206,2.826
high_penalty,return_lstm_ppo,0,0.325,-0.234,2.814
high_penalty,return_lstm_ppo,0,0.33,-0.216,2.808
high_penalty,return_lstm_ppo,0,0.335,-0.23,2.822
high_penalty,return_lstm_ppo,0,0.34,-0.246,2.83
high_penalty,return_lstm_ppo,0,0.34500000000000003,-0.274,2.854
high_penalty,return_lstm_ppo,0,0.35000000000000003,-0.282,2.854
high_penalty,return_lstm_ppo,0,0.355,-0.332,2.904
high_penalty,return_lstm_ppo,0,0.36,-0.33,2.918
high_penalty,return_lstm_ppo,0,0.365,-0.34,2.936
high_penalty,return_lstm_ppo,0,0.37,-0.368,2.952
high_penalty,return_lstm_ppo,0,0.375,-0.39,3.002
high_penalty,return_lstm_ppo,0,0.38,-0.412,3.044
high_penalty,return_lstm_ppo,0,0.385,-0.442,3.074
high_penalty,return_lstm_ppo,0,0.39,-0.456,3.056
high_penalty,return_lstm_ppo,0,0.395,-0.468,3.136
high_penalty,return_lstm_ppo,0,0.4,-0.454,3.138
high_penalty,return_lstm_ppo,0,0.405,-0.496,3.164
high_penalty,return_lstm_ppo,0,0.41000000000000003,-0.526,3.186
high_penalty,return_lstm_ppo,0,0.41500000000000004,-0.494,3.186
high_penalty,return_lstm_ppo,0,0.42,-0.532,3.16
high_penalty,return_lstm_ppo,0,0.425,-0.554,3.17
high_penalty,return_lstm_ppo,0,0.43,-0.568,3.196
high_penalty,return_lstm_ppo,0,0.435,-0.608,3.22
high_penalty,return_lstm_ppo,0,0.44,-0.658,3.23
high_penalty,return_lstm_ppo,0,0.445,-0.682,3.258
high_penalty,return_lstm_ppo,0,0.45,-0.726,3.262
high_penalty,return_lstm_ppo,0,0.455,-0.728,3.344
high_penalty,return_lstm_ppo,0,0.46,-0.706,3.358
high_penalty,return_lstm_ppo,0,0.465,-0.708,3.376
high_penalty,return_lstm_ppo,0,0.47000000000000003,-0.724,3.408
high_penalty,return_lstm_ppo,0,0.47500000000000003,-0.772,3.44
high_penalty,return_lstm_ppo,0,0.48,-0.798,3.47
high_penalty,return_lstm_ppo,0,0.485,-0.838,3.482
high_penalty,return_lstm_ppo,0,0.49,-0.816,3.496
high_penalty,return_lstm_ppo,0,0.495,-0.838,3.582
high_penalty,return_lstm_ppo,0,0.5,-0.826,3.614
high_penalty,return_lstm_ppo,0,0.505,-0.824,3.576
high_penalty,return_lstm_ppo,0,0.51,-0.842,3.602
high_penalty,return_lstm_ppo,0,0.515,-0.848,3.612
high_penalty,return_lstm_ppo,0,0.52,-0.812,3.608
high_penalty,return_lstm_ppo,0,0.525,-0.824,3.608
high_penalty,return_lstm_ppo,0,0.53,-0.826,3.642
high_penalty,return_lstm_ppo,0,0.535,-0.874,3.682
high_penalty,return_lstm_ppo,0,0.54,-0.91,3.702
high_penalty,return_lstm_ppo,0,0.545,-0.916,3.708
high_penalty,return_lstm_ppo,0,0.55,-0.962,3.766
high_penalty,return_lstm_ppo,0,0.555,-0.998,3.81
high_penalty,return_lstm_ppo,0,0.56,-1.064,3.852
high_penalty,return_lstm_ppo,0,0.5650000000000001,-1.1,3.864
high_penalty,return_lstm_ppo,0,0.5700000000000001,-1.118,3.862
high_penalty,return_lstm_ppo,0,0.5750000000000001,-1.132,3.884
high_penalty,return_lstm_ppo,0,0.58,-1.178,3.91
high_penalty,return_lstm_ppo,0,0.585,-1.192,3.908
high_penalty,return_lstm_ppo,0,0.59,-1.194,3.87
high_penalty,return_lstm_ppo,0,0.595,-1.17,3.882
high_penalty,return_lstm_ppo,0,0.6,-1.202,3.942
high_penalty,return_lstm_ppo,0,0.605,-1.258,3.966
high_penalty,return_lstm_ppo,0,0.61,-1.25,3.942
high_penalty,return_lstm_ppo,0,0.615,-1.252,3.952
high_penalty,return_lstm_ppo,0,0.62,-1.304,3.964
high_penalty,return_lstm_ppo,0,0.625,-1.29,3.99
high_penalty,return_lstm_ppo,0,0.63,-1.296,3.992
high_penalty,return_lstm_ppo,0,0.635,-1.32,3.992
high_penalty,return_lstm_ppo,0,0.64,-1.342,3.982
high_penalty,return_lstm_ppo,0,0.645,-1.372,4.02
high_penalty,return_lstm_ppo,0,0.65,-1.442,4.03
high_penalty,return_lstm_ppo,0,0.655,-1.478,4.062
high_penalty,return_lstm_ppo,0,0.66,-1.512,4.1
high_penalty,return_lstm_ppo,0,0.665,-1.526,4.13
high_penalty,return_lstm_ppo,0,0.67,-1.536,4.164
high_penalty,return_lstm_ppo,0,0.675,-1.518,4.17
high_penalty,return_lstm_ppo,0,0.68,-1.498,4.182
high_penalty,return_lstm_ppo,0,0.685,-1.512,4.192
high_penalty,return_lstm_ppo,0,0.6900000000000001,-1.506,4.19
high_penalty,return_lstm_ppo,0,0.6950000000000001,-1.524,4.22
high_penalty,return_lstm_ppo,0,0.7000000000000001,-1.562,4.226
high_penalty,return_lstm_ppo,0,0.705,-1.59,4.238
high_penalty,return_lstm_ppo,0,0.71,-1.614,4.278
high_penalty,return_lstm_ppo,0,0.715,-1.656,4.284
high_penalty,return_lstm_ppo,0,0.72,-1.676,4.324
high_penalty,return_lstm_ppo,0,0.725,-1.696,4.348
high_penalty,return_lstm_ppo,0,0.73,-1.756,4.392
high_penalty,return_lstm_ppo,0,0.735,-1.802,4.422
high_penalty,return_lstm_ppo,0,0.74,-1.842,4.434
high_penalty,return_lstm_ppo,0,0.745,-1.856,4.464
high_penalty,return_lstm_ppo,0,0.75,-1.888,4.5
high_penalty,return_lstm_ppo,0,0.755,-1.922,4.554
high_penalty,return_lstm_ppo,0,0.76,-1.908,4.564
high_penalty,return_lstm_ppo,0,0.765,-1.942,4.614
high_penalty,return_lstm_ppo,0,0.77,-1.964,4.632
high_penalty,return_lstm_ppo,0,0.775,-1.97,4.634
high_penalty,return_lstm_ppo,0,0.78,-2.012,4.644
high_penalty,return_lstm_ppo,0,0.785,-2.046,4.634
high_penalty,return_lstm_ppo,0,0.79,-2.054,4.646
high_penalty,return_lstm_ppo,0,0.795,-2.092,4.676
high_penalty,return_lstm_ppo,0,0.8,-2.106,4.674
high_penalty,return_lstm_ppo,0,0.805,-2.156,4.708
high_penalty,return_lstm_ppo,0,0.81,-2.176,4.712
high_penalty,return_lstm_ppo,0,0.8150000000000001,-2.174,4.734
high_penalty,return_lstm_ppo,0,0.8200000000000001,-2.166,4.738
high_penalty,return_lstm_ppo,0,0.8250000000000001,-2.174,4.754
high_penalty,return_lstm_ppo,0,0.8300000000000001,-2.26,4.816
high_penalty,return_lstm_ppo,0,0.835,-2.296,4.816
high_penalty,return_lstm_ppo,0,0.84,-2.302,4.822
high_penalty,return_lstm_ppo,0,0.845,-2.292,4.832
high_penalty,return_lstm_ppo,0,0.85,-2.336,4.852
high_penalty,return_lstm_ppo,0,0.855,-2.366,4.882
high_penalty,return_lstm_ppo,0,0.86,-2.402,4.914
high_penalty,return_lstm_ppo,0,0.865,-2.446,4.934
high_penalty,return_lstm_ppo,0,0.87,-2.46,4.968
high_penalty,return_lstm_ppo,0,0.875,-2.48,4.992
high_penalty,return_lstm_ppo,0,0.88,-2.506,4.998
high_penalty,return_lstm_ppo,0,0.885,-2.558,5.03
high_penalty,return_lstm_ppo,0,0.89,-2.614,5.082
high_penalty,return_lstm_ppo,0,0.895,-2.646,5.082
high_penalty,return_lstm_ppo,0,0.9,-2.63,5.094
high_penalty,return_lstm_ppo,0,0.905,-2.638,5.098
high_penalty,return_lstm_ppo,0,0.91,-2.648,5.124
high_penalty,return_lstm_ppo,0,0.915,-2.646,5.086
high_penalty,return_lstm_ppo,0,0.92,-2.688,5.144
high_penalty,return_lstm_ppo,0,0.925,-2.7,5.128
high_penalty,return_lstm_ppo,0,0.93,-2.734,5.142
high_penalty,return_lstm_ppo,0,0.935,-2.756,5.144
high_penalty,return_lstm_ppo,0,0.9400000000000001,-2.782,5.19
high_penalty,return_lstm_ppo,0,0.9450000000000001,-2.8,5.224
high_penalty,return_lstm_ppo,0,0.9500000000000001,-2.838,5.254
high_penalty,return_lstm_ppo,0,0.9550000000000001,-2.886,5.294
high_penalty,return_lstm_ppo,0,0.96,-2.93,5.306
high_penalty,return_lstm_ppo,0,0.965,-2.962,5.31
high_penalty,return_lstm_ppo,0,0.97,-2.948,5.316
high_penalty,return_lstm_ppo,0,0.975,-2.998,5.35
high_penalty,return_lstm_ppo,0,0.98,-3.058,5.422
high_penalty,return_lstm_ppo,0,0.985,-3.096,5.42
high_penalty,return_lstm_ppo,0,0.99,-3.138,5.454
high_penalty,return_lstm_ppo,0,0.995,-3.184,5.48
high_penalty,return_lstm_ppo,0,1.0,-3.204,5.48
high_penalty,return_lstm_ppo,1,0.0,0.0,0.0
high_penalty,return_lstm_ppo,1,0.005,0.032,0.176
high_penalty,return_lstm_ppo,1,0.01,0.098,0.362
high_penalty,return_lstm_ppo,1,0.015,0.112,0.512
high_penalty,return_lstm_ppo,1,0.02,0.122,0.638
high_penalty,return_lstm_ppo,1,0.025,0.162,0.766
high_penalty,return_lstm_ppo,1,0.03,0.216,0.904
high_penalty,return_lstm_ppo,1,0.035,0.226,0.998
high_penalty,return_lstm_ppo,1,0.04,0.26,1.116
high_penalty,return_lstm_ppo,1,0.045,0.28,1.204
high_penalty,return_lstm_ppo,1,0.05,0.318,1.302
high_penalty,return_lstm_ppo,1,0.055,0.33,1.358
high_penalty,return_lstm_ppo,1,0.06,0.382,1.418
high_penalty,return_lstm_ppo,1,0.065,0.442,1.494
high_penalty,return_lstm_ppo,1,0.07,0.5,1.58
high_penalty,return_lstm_ppo,1,0.075,0.554,1.658
high_penalty,return_lstm_ppo,1,0.08,0.598,1.742
high_penalty,return_lstm_ppo,1,0.085,0.606,1.762
high_penalty,return_lstm_ppo,1,0.09,0.606,1.818
high_penalty,return_lstm_ppo,1,0.095,0.648,1.932
high_penalty,return_lstm_ppo,1,0.1,0.672,1.988
high_penalty,return_lstm_ppo,1,0.105,0.746,2.07
high_penalty,return_lstm_ppo,1,0.11,0.756,2.116
high_penalty,return_lstm_ppo,1,0.115,0.782,2.19
high_penalty,return_lstm_ppo,1,0.12,0.804,2.208
high_penalty,return_lstm_ppo,1,0.125,0.848,2.244
high_penalty,return_lstm_ppo,1,0.13,0.864,2.292
high_penalty,return_lstm_ppo,1,0.135,0.922,2.342
high_penalty,return_lstm_ppo,1,0.14,0.952,2.392
high_penalty,return_lstm_ppo,1,0.145,0.968,2.416
high_penalty,return_lstm_ppo,1,0.15,0.934,2.43
high_penalty,return_lstm_ppo,1,0.155,0.98,2.496
high_penalty,return_lstm_ppo,1,0.16,1.066,2.542
high_penalty,return_lstm_ppo,1,0.165,1.09,2.622
high_penalty,return_lstm_ppo,1,0.17,1.092,2.664
high_penalty,return_lstm_ppo,1,0.17500000000000002,1.142,2.746
high_penalty,return_lstm_ppo,1,0.18,1.178,2.774
high_penalty,return_lstm_ppo,1,0.185,1.206,2.77
high_penalty,return_lstm_ppo,1,0.19,1.27,2.842
high_penalty,return_lstm_ppo,1,0.195,1.268,2.884
high_penalty,return_lstm_ppo,1,0.2,1.324,2.924
high_penalty,return_lstm_ppo,1,0.20500000000000002,1.356,2.96
high_penalty,return_lstm_ppo,1,0.21,1.39,2.986
high_penalty,return_lstm_ppo,1,0.215,1.422,3.03
high_penalty,return_lstm_ppo,1,0.22,1.44,3.112
high_penalty,return_lstm_ppo,1,0.225,1.488,3.18
high_penalty,return_lstm_ppo,1,0.23,1.512,3.2
high_penalty,return_lstm_ppo,1,0.23500000000000001,1.55,3.222
high_penalty,return_lstm_ppo,1,0.24,1.576,3.268
high_penalty,return_lstm_ppo,1,0.245,1.582,3.326
high_penalty,return_lstm_ppo,1,0.25,1.624,3.364
high_penalty,return_lstm_ppo,1,0.255,1.644,3.4
high_penalty,return_lstm_ppo,1,0.26,1.678,3.446
high_penalty,return_lstm_ppo,1,0.265,1.676,3.468
high_penalty,return_lstm_ppo,1,0.27,1.696,3.472
high_penalty,return_lstm_ppo,1,0.275,1.736,3.496
high_penalty,return_lstm_ppo,1,0.28,1.722,3.538
high_penalty,return_lstm_ppo,1,0.28500000000000003,1.754,3.594
high_penalty,return_lstm_ppo,1,0.29,1.81,3.63
high_penalty,return_lstm_ppo,1,0.295,1.794,3.642
high_penalty,return_lstm_ppo,1,0.3,1.834,3.698
high_penalty,return_lstm_ppo,1,0.305,1.874,3.754
high_penalty,return_lstm_ppo,1,0.31,1.892,3.772
high_penalty,return_lstm_ppo,1,0.315,1.928,3.812
high_penalty,return_lstm_ppo,1,0.32,1.956,3.86
high_penalty,return_lstm_ppo,1,0.325,1.968,3.872
high_penalty,return_lstm_ppo,1,0.33,2.018,3.898
high_penalty,return_lstm_ppo,1,0.335,2.052,3.948
high_penalty,return_lstm_ppo,1,0.34,2.068,3.972
high_penalty,return_lstm_ppo,1,0.34500000000000003,2.076,3.996
high_penalty,return_lstm_ppo,1,0.35000000000000003,2.098,4.01
high_penalty,return_lstm_ppo,1,0.355,2.074,4.038
high_penalty,return_lstm_ppo,1,0.36,2.106,4.086
high_penalty,return_lstm_ppo,1,0.365,2.142,4.114
high_penalty,return_lstm_ppo,1,0.37,2.136,4.14
high_penalty,return_lstm_ppo,1,0.375,2.14,4.18
high_penalty,return_lstm_ppo,1,0.38,2.158,4.214
high_penalty,return_lstm_ppo,1,0.385,2.154,4.21
high_penalty,return_lstm_ppo,1,0.39,2.176,4.188
high_penalty,return_lstm_ppo,1,0.395,2.208,4.264
high_penalty,return_lstm_ppo,1,0.4,2.252,4.312
high_penalty,return_lstm_ppo,1,0.405,2.24,4.344
high_penalty,return_lstm_ppo,1,0.41000000000000003,2.24,4.36
high_penalty,return_lstm_ppo,1,0.41500000000000004,2.286,4.402
high_penalty,return_lstm_ppo,1,0.42,2.284,4.392
high_penalty,return_lstm_ppo,1,0.425,2.286,4.434
high_penalty,return_lstm_ppo,1,0.43,2.34,4.484
high_penalty,return_lstm_ppo,1,0.435,2.348,4.536
high_penalty,return_lstm_ppo,1,0.44,2.352,4.548
high_penalty,return_lstm_ppo,1,0.445,2.382,4.582
high_penalty,return_lstm_ppo,1,0.45,2.398,4.602
high_penalty,return_lstm_ppo,1,0.455,2.426,4.686
high_penalty,return_lstm_ppo,1,0.46,2.474,4.746
high_penalty,return_lstm_ppo,1,0.465,2.5,4.8
high_penalty,return_lstm_ppo,1,0.47000000000000003,2.536,4.8
high_penalty,return_lstm_ppo,1,0.47500000000000003,2.52,4.82
high_penalty,return_lstm_ppo,1,0.48,2.492,4.856
high_penalty,return_lstm_ppo,1,0.485,2.496,4.864
high_penalty,return_lstm_ppo,1,0.49,2.538,4.906
high_penalty,return_lstm_ppo,1,0.495,2.552,4.96
high_penalty,return_lstm_ppo,1,0.5,2.59,5.018
high_penalty,return_lstm_ppo,1,0.505,2.632,5.016
high_penalty,return_lstm_ppo,1,0.51,2.636,5.044
high_penalty,return_lstm_ppo,1,0.515,2.674,5.05
high_penalty,return_lstm_ppo,1,0.52,2.744,5.096
high_penalty,return_lstm_ppo,1,0.525,2.774,5.134
high_penalty,return_lstm_ppo,1,0.53,2.792,5.192
high_penalty,return_lstm_ppo,1,0.535,2.786,5.226
high_penalty,return_lstm_ppo,1,0.54,2.786,5.242
high_penalty,return_lstm_ppo,1,0.545,2.824,5.276
high_penalty,return_lstm_ppo,1,0.55,2.826,5.306
high_penalty,return_lstm_ppo,1,0.555,2.816,5.324
high_penalty,return_lstm_ppo,1,0.56,2.774,5.346
high_penalty,return_lstm_ppo,1,0.5650000000000001,2.776,5.38
high_penalty,return_lstm_ppo,1,0.5700000000000001,2.788,5.412
high_penalty,return_lstm_ppo,1,0.5750000000000001,2.818,5.45
high_penalty,return_lstm_ppo,1,0.58,2.81,5.486
high_penalty,return_lstm_ppo,1,0.585,2.826,5.498
high_penalty,return_lstm_ppo,1,0.59,2.85,5.498
high_penalty,return_lstm_ppo,1,0.595,2.916,5.544
high_penalty,return_lstm_ppo,1,0.6,2.928,5.588
high_penalty,return_lstm_ppo,1,0.605,2.906,5.618
high_penalty,return_lstm_ppo,1,0.61,2.942,5.642
high_penalty,return_lstm_ppo,1,0.615,2.962,5.662
high_penalty,return_lstm_ppo,1,0.62,2.948,5.672
high_penalty,return_lstm_ppo,1,0.625,2.988,5.708
high_penalty,return_lstm_ppo,1,0.63,3.01,5.73
high_penalty,return_lstm_ppo,1,0.635,3.026,5.75
high_penalty,return_lstm_ppo,1,0.64,3.04,5.748
high_penalty,return_lstm_ppo,1,0.645,3.03,5.774
high_penalty,return_lstm_ppo,1,0.65,3.006,5.762
high_penalty,return_lstm_ppo,1,0.655,3.002,5.778
high_penalty,return_lstm_ppo,1,0.66,2.992,5.812
high_penalty,return_lstm_ppo,1,0.665,2.998,5.846
high_penalty,return_lstm_ppo,1,0.67,3.018,5.866
high_penalty,return_lstm_ppo,1,0.675,3.058,5.898
high_penalty,return_lstm_ppo,1,0.68,3.086,5.934
high_penalty,return_lstm_ppo,1,0.685,3.11,5.99
high_penalty,return_lstm_ppo,1,0.6900000000000001,3.144,6.036
high_penalty,return_lstm_ppo,1,0.6950000000000001,3.152,6.076
high_penalty,return_lstm_ppo,1,0.7000000000000001,3.142,6.066
high_penalty,return_lstm_ppo,1,0.705,3.158,6.098
high_penalty,return_lstm_ppo,1,0.71,3.162,6.13
high_penalty,return_lstm_ppo,1,0.715,3.15,6.142
high_penalty,return_lstm_ppo,1,0.72,3.158,6.19
high_penalty,return_lstm_ppo,1,0.725,3.18,6.212
high_penalty,return_lstm_ppo,1,0.73,3.164,6.228
high_penalty,return_lstm_ppo,1,0.735,3.14,6.248
high_penalty,return_lstm_ppo,1,0.74,3.14,6.264
high_penalty,return_lstm_ppo,1,0.745,3.158,6.302
high_penalty,return_lstm_ppo,1,0.75,3.166,6.33
high_penalty,return_lstm_ppo,1,0.755,3.168,6.36
high_penalty,return_lstm_ppo,1,0.76,3.206,6.386
high_penalty,return_lstm_ppo,1,0.765,3.198,6.414
high_penalty,return_lstm_ppo,1,0.77,3.22,6.44
high_penalty,return_lstm_ppo,1,0.775,3.244,6.468
high_penalty,return_lstm_ppo,1,0.78,3.234,6.482
high_penalty,return_lstm_ppo,1,0.785,3.222,6.47
high_penalty,return_lstm_ppo,1,0.79,3.238,6.514
high_penalty,return_lstm_ppo,1,0.795,3.238,6.542
high_penalty,return_lstm_ppo,1,0.8,3.268,6.56
high_penalty,return_lstm_ppo,1,0.805,3.254,6.55
high_penalty,return_lstm_ppo,1,0.81,3.276,6.58
high_penalty,return_lstm_ppo,1,0.8150000000000001,3.312,6.608
high_penalty,return_lstm_ppo,1,0.8200000000000001,3.364,6.64
high_penalty,return_lstm_ppo,1,0.8250000000000001,3.388,6.684
high_penalty,return_lstm_ppo,1,0.8300000000000001,3.348,6.688
high_penalty,return_lstm_ppo,1,0.835,3.334,6.686
high_penalty,return_lstm_ppo,1,0.84,3.352,6.72
high_penalty,return_lstm_ppo,1,0.845,3.394,6.734
high_penalty,return_lstm_ppo,1,0.85,3.412,6.76
high_penalty,return_lstm_ppo,1,0.855,3.418,6.818
high_penalty,return_lstm_ppo,1,0.86,3.416,6.82
high_penalty,return_lstm_ppo,1,0.865,3.406,6.838
high_penalty,return_lstm_ppo,1,0.87,3.422,6.854
high_penalty,return_lstm_ppo,1,0.875,3.44,6.856
high_penalty,return_lstm_ppo,1,0.88,3.462,6.862
high_penalty,return_lstm_ppo,1,0.885,3.448,6.848
high_penalty,return_lstm_ppo,1,0.89,3.436,6.868
high_penalty,return_lstm_ppo,1,0.895,3.436,6.9
high_penalty,return_lstm_ppo,1,0.9,3.48,6.936
high_penalty,return_lstm_ppo,1,0.905,3.502,6.97
high_penalty,return_lstm_ppo,1,0.91,3.508,7.004
high_penalty,return_lstm_ppo,1,0.915,3.53,7.038
high_penalty,return_lstm_ppo,1,0.92,3.514,7.046
high_penalty,return_lstm_ppo,1,0.925,3.526,7.066
high_penalty,return_lstm_ppo,1,0.93,3.542,7.082
high_penalty,return_lstm_ppo,1,0.935,3.546,7.098
high_penalty,return_lstm_ppo,1,0.9400000000000001,3.546,7.122
high_penalty,return_lstm_ppo,1,0.9450000000000001,3.566,7.158
high_penalty,return_lstm_ppo,1,0.9500000000000001,3.576,7.176
high_penalty,return_lstm_ppo,1,0.9550000000000001,3.564,7.18
high_penalty,return_lstm_ppo,1,0.96,3.572,7.208
high_penalty,return_lstm_ppo,1,0.965,3.57,7.194
high_penalty,return_lstm_ppo,1,0.97,3.608,7.256
high_penalty,return_lstm_ppo,1,0.975,3.602,7.242
high_penalty,return_lstm_ppo,1,0.98,3.592,7.26
high_penalty,return_lstm_ppo,1,0.985,3.584,7.28
high_penalty,return_lstm_ppo,1,0.99,3.568,7.264
high_penalty,return_lstm_ppo,1,0.995,3.56,7.296
high_penalty,return_lstm_ppo,1,1.0,3.566,7.314
high_penalty,return_lstm_ppo,2,0.0,0.0,0.0
high_penalty,return_lstm_ppo,2,0.005,0.03,0.158
high_penalty,return_lstm_ppo,2,0.01,0.07,0.302
high_penalty,return_lstm_ppo,2,0.015,0.102,0.434
high_penalty,return_lstm_ppo,2,0.02,0.12,0.576
high_penalty,return_lstm_ppo,2,0.025,0.152,0.68
high_penalty,return_lstm_ppo,2,0.03,0.2,0.82
high_penalty,return_lstm_ppo,2,0.035,0.208,0.892
high_penalty,return_lstm_ppo,2,0.04,0.25,0.998
high_penalty,return_lstm_ppo,2,0.045,0.292,1.08
high_penalty,return_lstm_ppo,2,0.05,0.34,1.176
high_penalty,return_lstm_ppo,2,0.055,0.372,1.244
high_penalty,return_lstm_ppo,2,0.06,0.42,1.32
high_penalty,return_lstm_ppo,2,0.065,0.478,1.374
high_penalty,return_lstm_ppo,2,0.07,0.53,1.454
high_penalty,return_lstm_ppo,2,0.075,0.582,1.51
high_penalty,return_lstm_ppo,2,0.08,0.638,1.602
high_penalty,return_lstm_ppo,2,0.085,0.654,1.634
high_penalty,return_lstm_ppo,2,0.09,0.674,1.67
high_penalty,return_lstm_ppo,2,0.095,0.714,1.766
high_penalty,return_lstm_ppo,2,0.1,0.748,1.836
high_penalty,return_lstm_ppo,2,0.105,0.826,1.922
high_penalty,return_lstm_ppo,2,0.11,0.856,1.964
high_penalty,return_lstm_ppo,2,0.115,0.896,2.02
high_penalty,return_lstm_ppo,2,0.12,0.936,2.076
high_penalty,return_lstm_ppo,2,0.125,0.958,2.106
high_penalty,return_lstm_ppo,2,0.13,0.994,2.17
high_penalty,return_lstm_ppo,2,0.135,1.056,2.224
high_penalty,return_lstm_ppo,2,0.14,1.102,2.286
high_penalty,return_lstm_ppo,2,0.145,1.142,2.346
high_penalty,return_lstm_ppo,2,0.15,1.128,2.364
high_penalty,return_lstm_ppo,2,0.155,1.188,2.456
high_penalty,return_lstm_ppo,2,0.16,1.282,2.55
high_penalty,return_lstm_ppo,2,0.165,1.328,2.616
high_penalty,return_lstm_ppo,2,0.17,1.328,2.688
high_penalty,return_lstm_ppo,2,0.17500000000000002,1.384,2.78
high_penalty,return_lstm_ppo,2,0.18,1.44,2.804
high_penalty,return_lstm_ppo,2,0.185,1.48,2.836
high_penalty,return_lstm_ppo,2,0.19,1.558,2.902
high_penalty,return_lstm_ppo,2,0.195,1.576,2.98
high_penalty,return_lstm_ppo,2,0.2,1.626,3.018
high_penalty,return_lstm_ppo,2,0.20500000000000002,1.68,3.056
high_penalty,return_lstm_ppo,2,0.21,1.73,3.122
high_penalty,return_lstm_ppo,2,0.215,1.774,3.174
high_penalty,return_lstm_ppo,2,0.22,1.826,3.258
high_penalty,return_lstm_ppo,2,0.225,1.88,3.328
high_penalty,return_lstm_ppo,2,0.23,1.92,3.352
high_penalty,return_lstm_ppo,2,0.23500000000000001,1.966,3.394
high_penalty,return_lstm_ppo,2,0.24,2.024,3.468
high_penalty,return_lstm_ppo,2,0.245,2.056,3.56
high_penalty,return_lstm_ppo,2,0.25,2.106,3.606
high_penalty,return_lstm_ppo,2,0.255,2.15,3.662
high_penalty,return_lstm_ppo,2,0.26,2.208,3.724
high_penalty,return_lstm_ppo,2,0.265,2.23,3.782
high_penalty,return_lstm_ppo,2,0.27,2.268,3.832
high_penalty,return_lstm_ppo,2,0.275,2.324,3.916
high_penalty,return_lstm_ppo,2,0.28,2.326,3.962
high_penalty,return_lstm_ppo,2,0.28500000000000003,2.384,4.016
high_penalty,return_lstm_ppo,2,0.29,2.46,4.104
high_penalty,return_lstm_ppo,2,0.295,2.476,4.156
high_penalty,return_lstm_ppo,2,0.3,2.534,4.234
high_penalty,return_lstm_ppo,2,0.305,2.582,4.33
high_penalty,return_lstm_ppo,2,0.31,2.64,4.4
high_penalty,return_lstm_ppo,2,0.315,2.7,4.476
high_penalty,return_lstm_ppo,2,0.32,2.764,4.564
high_penalty,return_lstm_ppo,2,0.325,2.798,4.606
high_penalty,return_lstm_ppo,2,0.33,2.872,4.636
high_penalty,return_lstm_ppo,2,0.335,2.916,4.696
high_penalty,return_lstm_ppo,2,0.34,2.958,4.762
high_penalty,return_lstm_ppo,2,0.34500000000000003,2.984,4.82
high_penalty,return_lstm_ppo,2,0.35000000000000003,3.03,4.89
high_penalty,return_lstm_ppo,2,0.355,3.036,4.952
high_penalty,return_lstm_ppo,2,0.36,3.078,5.038
high_penalty,return_lstm_ppo,2,0.365,3.132,5.112
high_penalty,return_lstm_ppo,2,0.37,3.146,5.162
high_penalty,return_lstm_ppo,2,0.375,3.172,5.236
high_penalty,return_lstm_ppo,2,0.38,3.218,5.306
high_penalty,return_lstm_ppo,2,0.385,3.234,5.35
high_penalty,return_lstm_ppo,2,0.39,3.286,5.39
high_penalty,return_lstm_ppo,2,0.395,3.342,5.478
high_penalty,return_lstm_ppo,2,0.4,3.398,5.554
high_penalty,return_lstm_ppo,2,0.405,3.402,5.57
high_penalty,return_lstm_ppo,2,0.41000000000000003,3.426,5.614
high_penalty,return_lstm_ppo,2,0.41500000000000004,3.494,5.686
high_penalty,return_lstm_ppo,2,0.42,3.526,5.702
high_penalty,return_lstm_ppo,2,0.425,3.554,5.774
high_penalty,return_lstm_ppo,2,0.43,3.65,5.882
high_penalty,return_lstm_ppo,2,0.435,3.684,5.944
high_penalty,return_lstm_ppo,2,0.44,3.696,5.972
high_penalty,return_lstm_ppo,2,0.445,3.732,6.036
high_penalty,return_lstm_ppo,2,0.45,3.752,6.088
high_penalty,return_lstm_ppo,2,0.455,3.796,6.184
high_penalty,return_lstm_ppo,2,0.46,3.854,6.242
high_penalty,return_lstm_ppo,2,0.465,3.896,6.308
high_penalty,return_lstm_ppo,2,0.47000000000000003,3.938,6.374
high_penalty,return_lstm_ppo,2,0.47500000000000003,3.944,6.412
high_penalty,return_lstm_ppo,2,0.48,3.938,6.474
high_penalty,return_lstm_ppo,2,0.485,3.972,6.528
high_penalty,return_lstm_ppo,2,0.49,4.048,6.628
high_penalty,return_lstm_ppo,2,0.495,4.088,6.72
high_penalty,return_lstm_ppo,2,0.5,4.142,6.818
high_penalty,return_lstm_ppo,2,0.505,4.204,6.876
high_penalty,return_lstm_ppo,2,0.51,4.216,6.928
high_penalty,return_lstm_ppo,2,0.515,4.296,6.996
high_penalty,return_lstm_ppo,2,0.52,4.402,7.102
high_penalty,return_lstm_ppo,2,0.525,4.448,7.172
high_penalty,return_lstm_ppo,2,0.53,4.498,7.238
high_penalty,return_lstm_ppo,2,0.535,4.522,7.318
high_penalty,return_lstm_ppo,2,0.54,4.554,7.386
high_penalty,return_lstm_ppo,2,0.545,4.608,7.472
high_penalty,return_lstm_ppo,2,0.55,4.646,7.554
high_penalty,return_lstm_ppo,2,0.555,4.664,7.624
high_penalty,return_lstm_ppo,2,0.56,4.65,7.67
high_penalty,return_lstm_ppo,2,0.5650000000000001,4.672,7.72
high_penalty,return_lstm_ppo,2,0.5700000000000001,4.708,7.812
high_penalty,return_lstm_ppo,2,0.5750000000000001,4.76,7.892
high_penalty,return_lstm_ppo,2,0.58,4.786,7.962
high_penalty,return_lstm_ppo,2,0.585,4.836,8.02
high_penalty,return_lstm_ppo,2,0.59,4.876,8.084
high_penalty,return_lstm_ppo,2,0.595,4.962,8.182
high_penalty,return_lstm_ppo,2,0.6,4.99,8.234
high_penalty,return_lstm_ppo,2,0.605,4.998,8.282
high_penalty,return_lstm_ppo,2,0.61,5.036,8.344
high_penalty,return_lstm_ppo,2,0.615,5.074,8.418
high_penalty,return_lstm_ppo,2,0.62,5.076,8.44
high_penalty,return_lstm_ppo,2,0.625,5.142,8.526
high_penalty,return_lstm_ppo,2,0.63,5.182,8.582
high_penalty,return_lstm_ppo,2,0.635,5.234,8.674
high_penalty,return_lstm_ppo,2,0.64,5.256,8.728
high_penalty,return_lstm_ppo,2,0.645,5.268,8.788
high_penalty,return_lstm_ppo,2,0.65,5.258,8.822
high_penalty,return_lstm_ppo,2,0.655,5.298,8.898
high_penalty,return_lstm_ppo,2,0.66,5.312,8.976
high_penalty,return_lstm_ppo,2,0.665,5.354,9.046
high_penalty,return_lstm_ppo,2,0.67,5.402,9.13
high_penalty,return_lstm_ppo,2,0.675,5.464,9.2
high_penalty,return_lstm_ppo,2,0.68,5.518,9.266
high_penalty,return_lstm_ppo,2,0.685,5.56,9.348
high_penalty,return_lstm_ppo,2,0.6900000000000001,5.61,9.414
high_penalty,return_lstm_ppo,2,0.6950000000000001,5.638,9.47
high_penalty,return_lstm_ppo,2,0.7000000000000001,5.63,9.514
high_penalty,return_lstm_ppo,2,0.705,5.652,9.592
high_penalty,return_lstm_ppo,2,0.71,5.682,9.666
high_penalty,return_lstm_ppo,2,0.715,5.704,9.712
high_penalty,return_lstm_ppo,2,0.72,5.726,9.778
high_penalty,return_lstm_ppo,2,0.725,5.762,9.842
high_penalty,return_lstm_ppo,2,0.73,5.754,9.89
high_penalty,return_lstm_ppo,2,0.735,5.752,9.968
high_penalty,return_lstm_ppo,2,0.74,5.768,10.044
high_penalty,return_lstm_ppo,2,0.745,5.8,10.132
high_penalty,return_lstm_ppo,2,0.75,5.834,10.206
high_penalty,return_lstm_ppo,2,0.755,5.84,10.284
high_penalty,return_lstm_ppo,2,0.76,5.906,10.366
high_penalty,return_lstm_ppo,2,0.765,5.918,10.414
high_penalty,return_lstm_ppo,2,0.77,5.958,10.478
high_penalty,return_lstm_ppo,2,0.775,5.99,10.57
high_penalty,return_lstm_ppo,2,0.78,5.99,10.614
high_penalty,return_lstm_ppo,2,0.785,5.988,10.628
high_penalty,return_lstm_ppo,2,0.79,6.034,10.73
high_penalty,return_lstm_ppo,2,0.795,6.03,10.774
high_penalty,return_lstm_ppo,2,0.8,6.066,10.846
high_penalty,return_lstm_ppo,2,0.805,6.054,10.87
high_penalty,return_lstm_ppo,2,0.81,6.088,10.948
high_penalty,return_lstm_ppo,2,0.8150000000000001,6.142,11.022
high_penalty,return_lstm_ppo,2,0.8200000000000001,6.21,11.114
high_penalty,return_lstm_ppo,2,0.8250000000000001,6.262,11.198
high_penalty,return_lstm_ppo,2,0.8300000000000001,6.232,11.26
high_penalty,return_lstm_ppo,2,0.835,6.246,11.298
high_penalty,return_lstm_ppo,2,0.84,6.286,11.394
high_penalty,return_lstm_ppo,2,0.845,6.348,11.488
high_penalty,return_lstm_ppo,2,0.85,6.36,11.556
high_penalty,return_lstm_ppo,2,0.855,6.384,11.628
high_penalty,return_lstm_ppo,2,0.86,6.392,11.692
high_penalty,return_lstm_ppo,2,0.865,6.4,11.76
high_penalty,return_lstm_ppo,2,0.87,6.454,11.838
high_penalty,return_lstm_ppo,2,0.875,6.482,11.878
high_penalty,return_lstm_ppo,2,0.88,6.508,11.932
high_penalty,return_lstm_ppo,2,0.885,6.478,11.962
high_penalty,return_lstm_ppo,2,0.89,6.466,12.002
high_penalty,return_lstm_ppo,2,0.895,6.482,12.062
high_penalty,return_lstm_ppo,2,0.9,6.508,12.128
high_penalty,return_lstm_ppo,2,0.905,6.536,12.184
high_penalty,return_lstm_ppo,2,0.91,6.588,12.288
high_penalty,return_lstm_ppo,2,0.915,6.636,12.364
high_penalty,return_lstm_ppo,2,0.92,6.642,12.43
high_penalty,return_lstm_ppo,2,0.925,6.696,12.512
high_penalty,return_lstm_ppo,2,0.93,6.714,12.638
high_penalty,return_lstm_ppo,2,0.935,6.72,12.732
high_penalty,return_lstm_ppo,2,0.9400000000000001,6.716,12.768
high_penalty,return_lstm_ppo,2,0.9450000000000001,6.748,12.852
high_penalty,return_lstm_ppo,2,0.9500000000000001,6.778,12.946
high_penalty,return_lstm_ppo,2,0.9550000000000001,6.78,13.032
high_penalty,return_lstm_ppo,2,0.96,6.788,13.096
high_penalty,return_lstm_ppo,2,0.965,6.804,13.144
high_penalty,return_lstm_ppo,2,0.97,6.854,13.234
high_penalty,return_lstm_ppo,2,0.975,6.862,13.278
high_penalty,return_lstm_ppo,2,0.98,6.864,13.376
high_penalty,return_lstm_ppo,2,0.985,6.864,13.424
high_penalty,return_lstm_ppo,2,0.99,6.842,13.45
high_penalty,return_lstm_ppo,2,0.995,6.834,13.506
high_penalty,return_lstm_ppo,2,1.0,6.854,13.574
high_penalty,return_lstm_ppo,3,0.0,0.0,0.0
high_penalty,return_lstm_ppo,3,0.005,0.018,0.178
high_penalty,return_lstm_ppo,3,0.01,0.042,0.346
high_penalty,return_lstm_ppo,3,0.015,0.024,0.496
high_penalty,return_lstm_ppo,3,0.02,-0.018,0.626
high_penalty,return_lstm_ppo,3,0.025,-0.026,0.738
high_penalty,return_lstm_ppo,3,0.03,-0.026,0.882
high_penalty,return_lstm_ppo,3,0.035,-0.07,0.958
high_penalty,return_lstm_ppo,3,0.04,-0.094,1.066
high_penalty,return_lstm_ppo,3,0.045,-0.124,1.156
high_penalty,return_lstm_ppo,3,0.05,-0.144,1.244
high_penalty,return_lstm_ppo,3,0.055,-0.172,1.292
high_penalty,return_lstm_ppo,3,0.06,-0.18,1.348
high_penalty,return_lstm_ppo,3,0.065,-0.182,1.426
high_penalty,return_lstm_ppo,3,0.07,-0.176,1.512
high_penalty,return_lstm_ppo,3,0.075,-0.168,1.56
high_penalty,return_lstm_ppo,3,0.08,-0.19,1.626
high_penalty,return_lstm_ppo,3,0.085,-0.22,1.68
high_penalty,return_lstm_ppo,3,0.09,-0.266,1.73
high_penalty,return_lstm_ppo,3,0.095,-0.274,1.822
high_penalty,return_lstm_ppo,3,0.1,-0.288,1.876
high_penalty,return_lstm_ppo,3,0.105,-0.264,1.932
high_penalty,return_lstm_ppo,3,0.11,-0.3,1.96
high_penalty,return_lstm_ppo,3,0.115,-0.326,1.986
high_penalty,return_lstm_ppo,3,0.12,-0.35,2.002
high_penalty,return_lstm_ppo,3,0.125,-0.372,2.044
high_penalty,return_lstm_ppo,3,0.13,-0.402,2.09
high_penalty,return_lstm_ppo,3,0.135,-0.39,2.122
high_penalty,return_lstm_ppo,3,0.14,-0.406,2.17
high_penalty,return_lstm_ppo,3,0.145,-0.44,2.204
high_penalty,return_lstm_ppo,3,0.15,-0.516,2.204
high_penalty,return_lstm_ppo,3,0.155,-0.53,2.278
high_penalty,return_lstm_ppo,3,0.16,-0.514,2.31
high_penalty,return_lstm_ppo,3,0.165,-0.542,2.346
high_penalty,return_lstm_ppo,3,0.17,-0.6,2.436
high_penalty,return_lstm_ppo,3,0.17500000000000002,-0.632,2.508
high_penalty,return_lstm_ppo,3,0.18,-0.638,2.514
high_penalty,return_lstm_ppo,3,0.185,-0.682,2.534
high_penalty,return_lstm_ppo,3,0.19,-0.682,2.578
high_penalty,return_lstm_ppo,3,0.195,-0.724,2.64
high_penalty,return_lstm_ppo,3,0.2,-0.73,2.698
high_penalty,return_lstm_ppo,3,0.20500000000000002,-0.748,2.744
high_penalty,return_lstm_ppo,3,0.21,-0.76,2.804
high_penalty,return_lstm_ppo,3,0.215,-0.774,2.854
high_penalty,return_lstm_ppo,3,0.22,-0.814,2.918
high_penalty,return_lstm_ppo,3,0.225,-0.81,2.95
high_penalty,return_lstm_ppo,3,0.23,-0.836,2.972
high_penalty,return_lstm_ppo,3,0.23500000000000001,-0.84,2.996
high_penalty,return_lstm_ppo,3,0.24,-0.866,3.046
high_penalty,return_lstm_ppo,3,0.245,-0.906,3.11
high_penalty,return_lstm_ppo,3,0.25,-0.914,3.138
high_penalty,return_lstm_ppo,3,0.255,-0.942,3.174
high_penalty,return_lstm_ppo,3,0.26,-0.95,3.226
high_penalty,return_lstm_ppo,3,0.265,-0.98,3.276
high_penalty,return_lstm_ppo,3,0.27,-1.02,3.308
high_penalty,return_lstm_ppo,3,0.275,-1.018,3.346
high_penalty,return_lstm_ppo,3,0.28,-1.07,3.398
high_penalty,return_lstm_ppo,3,0.28500000000000003,-1.082,3.426
high_penalty,return_lstm_ppo,3,0.29,-1.06,3.476
high_penalty,return_lstm_ppo,3,0.295,-1.112,3.508
high_penalty,return_lstm_ppo,3,0.3,-1.114,3.546
high_penalty,return_lstm_ppo,3,0.305,-1.12,3.568
high_penalty,return_lstm_ppo,3,0.31,-1.148,3.588
high_penalty,return_lstm_ppo,3,0.315,-1.168,3.636
high_penalty,return_lstm_ppo,3,0.32,-1.188,3.656
high_penalty,return_lstm_ppo,3,0.325,-1.22,3.688
high_penalty,return_lstm_ppo,3,0.33,-1.21,3.726
high_penalty,return_lstm_ppo,3,0.335,-1.238,3.758
high_penalty,return_lstm_ppo,3,0.34,-1.268,3.788
high_penalty,return_lstm_ppo,3,0.34500000000000003,-1.304,3.836
high_penalty,return_lstm_ppo,3,0.35000000000000003,-1.332,3.856
high_penalty,return_lstm_ppo,3,0.355,-1.388,3.928
high_penalty,return_lstm_ppo,3,0.36,-1.416,3.956
high_penalty,return_lstm_ppo,3,0.365,-1.428,3.976
high_penalty,return_lstm_ppo,3,0.37,-1.456,4.008
high_penalty,return_lstm_ppo,3,0.375,-1.5,4.044
high_penalty,return_lstm_ppo,3,0.38,-1.526,4.114
high_penalty,return_lstm_ppo,3,0.385,-1.57,4.166
high_penalty,return_lstm_ppo,3,0.39,-1.588,4.172
high_penalty,return_lstm_ppo,3,0.395,-1.608,4.248
high_penalty,return_lstm_ppo,3,0.4,-1.598,4.266
high_penalty,return_lstm_ppo,3,0.405,-1.656,4.288
high_penalty,return_lstm_ppo,3,0.41000000000000003,-1.7,4.316
high_penalty,return_lstm_ppo,3,0.41500000000000004,-1.696,4.328
high_penalty,return_lstm_ppo,3,0.42,-1.748,4.324
high_penalty,return_lstm_ppo,3,0.425,-1.776,4.364
high_penalty,return_lstm_ppo,3,0.43,-1.778,4.45
high_penalty,return_lstm_ppo,3,0.435,-1.806,4.474
high_penalty,return_lstm_ppo,3,0.44,-1.854,4.526
high_penalty,return_lstm_ppo,3,0.445,-1.878,4.562
high_penalty,return_lstm_ppo,3,0.45,-1.918,4.594
high_penalty,return_lstm_ppo,3,0.455,-1.938,4.678
high_penalty,return_lstm_ppo,3,0.46,-1.922,4.69
high_penalty,return_lstm_ppo,3,0.465,-1.952,4.728
high_penalty,return_lstm_ppo,3,0.47000000000000003,-1.974,4.786
high_penalty,return_lstm_ppo,3,0.47500000000000003,-2.024,4.872
high_penalty,return_lstm_ppo,3,0.48,-2.058,4.922
high_penalty,return_lstm_ppo,3,0.485,-2.094,4.938
high_penalty,return_lstm_ppo,3,0.49,-2.076,4.968
high_penalty,return_lstm_ppo,3,0.495,-2.1,5.064
high_penalty,return_lstm_ppo,3,0.5,-2.088,5.112
high_penalty,return_lstm_ppo,3,0.505,-2.092,5.084
high_penalty,return_lstm_ppo,3,0.51,-2.118,5.138
high_penalty,return_lstm_ppo,3,0.515,-2.13,5.166
high_penalty,return_lstm_ppo,3,0.52,-2.122,5.166
high_penalty,return_lstm_ppo,3,0.525,-2.138,5.178
high_penalty,return_lstm_ppo,3,0.53,-2.146,5.206
high_penalty,return_lstm_ppo,3,0.535,-2.186,5.262
high_penalty,return_lstm_ppo,3,0.54,-2.212,5.308
high_penalty,return_lstm_ppo,3,0.545,-2.206,5.33
high_penalty,return_lstm_ppo,3,0.55,-2.25,5.386
high_penalty,return_lstm_ppo,3,0.555,-2.294,5.438
high_penalty,return_lstm_ppo,3,0.56,-2.36,5.496
high_penalty,return_lstm_ppo,3,0.5650000000000001,-2.408,5.54
high_penalty,return_lstm_ppo,3,0.5700000000000001,-2.448,5.588
high_penalty,return_lstm_ppo,3,0.5750000000000001,-2.458,5.626
high_penalty,return_lstm_ppo,3,0.58,-2.496,5.684
high_penalty,return_lstm_ppo,3,0.585,-2.506,5.706
high_penalty,return_lstm_ppo,3,0.59,-2.506,5.67
high_penalty,return_lstm_ppo,3,0.595,-2.48,5.708
high_penalty,return_lstm_ppo,3,0.6,-2.526,5.774
high_penalty,return_lstm_ppo,3,0.605,-2.588,5.824
high_penalty,return_lstm_ppo,3,0.61,-2.576,5.844
high_penalty,return_lstm_ppo,3,0.615,-2.588,5.86
high_penalty,return_lstm_ppo,3,0.62,-2.64,5.912
high_penalty,return_lstm_ppo,3,0.625,-2.638,5.954
high_penalty,return_lstm_ppo,3,0.63,-2.652,5.996
high_penalty,return_lstm_ppo,3,0.635,-2.674,6.022
high_penalty,return_lstm_ppo,3,0.64,-2.694,6.042
high_penalty,return_lstm_ppo,3,0.645,-2.74,6.084
high_penalty,return_lstm_ppo,3,0.65,-2.792,6.12
high_penalty,return_lstm_ppo,3,0.655,-2.822,6.178
high_penalty,return_lstm_ppo,3,0.66,-2.864,6.236
high_penalty,return_lstm_ppo,3,0.665,-2.882,6.294
high_penalty,return_lstm_ppo,3,0.67,-2.892,6.336
high_penalty,return_lstm_ppo,3,0.675,-2.872,6.372
high_penalty,return_lstm_ppo,3,0.68,-2.87,6.39
high_penalty,return_lstm_ppo,3,0.685,-2.88,6.42
high_penalty,return_lstm_ppo,3,0.6900000000000001,-2.874,6.446
high_penalty,return_lstm_ppo,3,0.6950000000000001,-2.9,6.496
high_penalty,return_lstm_ppo,3,0.7000000000000001,-2.95,6.534
high_penalty,return_lstm_ppo,3,0.705,-2.978,6.578
high_penalty,return_lstm_ppo,3,0.71,-3.0,6.608
high_penalty,return_lstm_ppo,3,0.715,-3.04,6.636
high_penalty,return_lstm_ppo,3,0.72,-3.064,6.684
high_penalty,return_lstm_ppo,3,0.725,-3.08,6.692
high_penalty,return_lstm_ppo,3,0.73,-3.13,6.762
high_penalty,return_lstm_ppo,3,0.735,-3.178,6.818
high_penalty,return_lstm_ppo,3,0.74,-3.202,6.858
high_penalty,return_lstm_ppo,3,0.745,-3.218,6.91
high_penalty,return_lstm_ppo,3,0.75,-3.226,6.934
high_penalty,return_lstm_ppo,3,0.755,-3.26,6.992
high_penalty,return_lstm_ppo,3,0.76,-3.242,7.034
high_penalty,return_lstm_ppo,3,0.765,-3.264,7.1
high_penalty,return_lstm_ppo,3,0.77,-3.292,7.152
high_penalty,return_lstm_ppo,3,0.775,-3.288,7.188
high_penalty,return_lstm_ppo,3,0.78,-3.324,7.212
high_penalty,return_lstm_ppo,3,0.785,-3.356,7.216
high_penalty,return_lstm_ppo,3,0.79,-3.366,7.226
high_penalty,return_lstm_ppo,3,0.795,-3.4,7.272
high_penalty,return_lstm_ppo,3,0.8,-3.402,7.294
high_penalty,return_lstm_ppo,3,0.805,-3.442,7.314
high_penalty,return_lstm_ppo,3,0.81,-3.45,7.354
high_penalty,return_lstm_ppo,3,0.8150000000000001,-3.438,7.394
high_penalty,return_lstm_ppo,3,0.8200000000000001,-3.42,7.42
high_penalty,return_lstm_ppo,3,0.8250000000000001,-3.42,7.452
high_penalty,return_lstm_ppo,3,0.8300000000000001,-3.498,7.526
high_penalty,return_lstm_ppo,3,0.835,-3.52,7.54
high_penalty,return_lstm_ppo,3,0.84,-3.526,7.566
high_penalty,return_lstm_ppo,3,0.845,-3.5,7.604
high_penalty,return_lstm_ppo,3,0.85,-3.526,7.63
high_penalty,return_lstm_ppo,3,0.855,-3.54,7.652
high_penalty,return_lstm_ppo,3,0.86,-3.572,7.696
high_penalty,return_lstm_ppo,3,0.865,-3.612,7.744
high_penalty,return_lstm_ppo,3,0.87,-3.618,7.778
high_penalty,return_lstm_ppo,3,0.875,-3.622,7.822
high_penalty,return_lstm_ppo,3,0.88,-3.626,7.846
high_penalty,return_lstm_ppo,3,0.885,-3.696,7.888
high_penalty,return_lstm_ppo,3,0.89,-3.73,7.942
high_penalty,return_lstm_ppo,3,0.895,-3.744,7.968
high_penalty,return_lstm_ppo,3,0.9,-3.712,7.992
high_penalty,return_lstm_ppo,3,0.905,-3.71,8.026
high_penalty,return_lstm_ppo,3,0.91,-3.716,8.068
high_penalty,return_lstm_ppo,3,0.915,-3.712,8.072
high_penalty,return_lstm_ppo,3,0.92,-3.742,8.126
high_penalty,return_lstm_ppo,3,0.925,-3.74,8.12
high_penalty,return_lstm_ppo,3,0.93,-3.754,8.186
high_penalty,return_lstm_ppo,3,0.935,-3.766,8.194
high_penalty,return_lstm_ppo,3,0.9400000000000001,-3.772,8.22
high_penalty,return_lstm_ppo,3,0.9450000000000001,-3.778,8.258
high_penalty,return_lstm_ppo,3,0.9500000000000001,-3.798,8.314
high_penalty,return_lstm_ppo,3,0.9550000000000001,-3.828,8.36
high_penalty,return_lstm_ppo,3,0.96,-3.852,8.412
high_penalty,return_lstm_ppo,3,0.965,-3.872,8.44
high_penalty,return_lstm_ppo,3,0.97,-3.85,8.45
high_penalty,return_lstm_ppo,3,0.975,-3.876,8.496
high_penalty,return_lstm_ppo,3,0.98,-3.91,8.562
high_penalty,return_lstm_ppo,3,0.985,-3.93,8.59
high_penalty,return_lstm_ppo,3,0.99,-3.956,8.62
high_penalty,return_lstm_ppo,3,0.995,-3.982,8.67
high_penalty,return_lstm_ppo,3,1.0,-4.002,8.694
high_penalty,return_lstm_ppo,4,0.0,0.0,0.0
high_penalty,return_lstm_ppo,4,0.005,-0.006,0.13
high_penalty,return_lstm_ppo,4,0.01,-0.014,0.246
high_penalty,return_lstm_ppo,4,0.015,-0.018,0.354
high_penalty,return_lstm_ppo,4,0.02,-0.08,0.472
high_penalty,return_lstm_ppo,4,0.025,-0.106,0.578
high_penalty,return_lstm_ppo,4,0.03,-0.126,0.686
high_penalty,return_lstm_ppo,4,0.035,-0.158,0.754
high_penalty,return_lstm_ppo,4,0.04,-0.182,0.842
high_penalty,return_lstm_ppo,4,0.045,-0.214,0.89
high_penalty,return_lstm_ppo,4,0.05,-0.22,0.952
high_penalty,return_lstm_ppo,4,0.055,-0.246,1.01
high_penalty,return_lstm_ppo,4,0.06,-0.26,1.068
high_penalty,return_lstm_ppo,4,0.065,-0.264,1.072
high_penalty,return_lstm_ppo,4,0.07,-0.276,1.12
high_penalty,return_lstm_ppo,4,0.075,-0.286,1.15
high_penalty,return_lstm_ppo,4,0.08,-0.324,1.188
high_penalty,return_lstm_ppo,4,0.085,-0.354,1.206
high_penalty,return_lstm_ppo,4,0.09,-0.37,1.226
high_penalty,return_lstm_ppo,4,0.095,-0.394,1.262
high_penalty,return_lstm_ppo,4,0.1,-0.412,1.296
high_penalty,return_lstm_ppo,4,0.105,-0.402,1.346
high_penalty,return_lstm_ppo,4,0.11,-0.43,1.366
high_penalty,return_lstm_ppo,4,0.115,-0.446,1.382
high_penalty,return_lstm_ppo,4,0.12,-0.45,1.406
high_penalty,return_lstm_ppo,4,0.125,-0.472,1.432
high_penalty,return_lstm_ppo,4,0.13,-0.488,1.476
high_penalty,return_lstm_ppo,4,0.135,-0.486,1.486
high_penalty,return_lstm_ppo,4,0.14,-0.502,1.522
high_penalty,return_lstm_ppo,4,0.145,-0.526,1.558
high_penalty,return_lstm_ppo,4,0.15,-0.586,1.582
high_penalty,return_lstm_ppo,4,0.155,-0.586,1.626
high_penalty,return_lstm_ppo,4,0.16,-0.562,1.626
high_penalty,return_lstm_ppo,4,0.165,-0.598,1.638
high_penalty,return_lstm_ppo,4,0.17,-0.668,1.684
high_penalty,return_lstm_ppo,4,0.17500000000000002,-0.682,1.726
high_penalty,return_lstm_ppo,4,0.18,-0.676,1.748
high_penalty,return_lstm_ppo,4,0.185,-0.692,1.772
high_penalty,return_lstm_ppo,4,0.19,-0.684,1.784
high_penalty,return_lstm_ppo,4,0.195,-0.718,1.842
high_penalty,return_lstm_ppo,4,0.2,-0.708,1.84
high_penalty,return_lstm_ppo,4,0.20500000000000002,-0.718,1.85
high_penalty,return_lstm_ppo,4,0.21,-0.722,1.894
high_penalty,return_lstm_ppo,4,0.215,-0.722,1.926
high_penalty,return_lstm_ppo,4,0.22,-0.75,1.954
high_penalty,return_lstm_ppo,4,0.225,-0.752,1.98
high_penalty,return_lstm_ppo,4,0.23,-0.77,1.978
high_penalty,return_lstm_ppo,4,0.23500000000000001,-0.77,1.978
high_penalty,return_lstm_ppo,4,0.24,-0.774,2.018
high_penalty,return_lstm_ppo,4,0.245,-0.812,2.04
high_penalty,return_lstm_ppo,4,0.25,-0.812,2.02
high_penalty,return_lstm_ppo,4,0.255,-0.824,2.056
high_penalty,return_lstm_ppo,4,0.26,-0.82,2.092
high_penalty,return_lstm_ppo,4,0.265,-0.828,2.1
high_penalty,return_lstm_ppo,4,0.27,-0.824,2.096
high_penalty,return_lstm_ppo,4,0.275,-0.816,2.112
high_penalty,return_lstm_ppo,4,0.28,-0.856,2.152
high_penalty,return_lstm_ppo,4,0.28500000000000003,-0.866,2.146
high_penalty,return_lstm_ppo,4,0.29,-0.852,2.192
high_penalty,return_lstm_ppo,4,0.295,-0.874,2.226
high_penalty,return_lstm_ppo,4,0.3,-0.876,2.24
high_penalty,return_lstm_ppo,4,0.305,-0.878,2.238
high_penalty,return_lstm_ppo,4,0.31,-0.876,2.236
high_penalty,return_lstm_ppo,4,0.315,-0.888,2.256
high_penalty,return_lstm_ppo,4,0.32,-0.892,2.264
high_penalty,return_lstm_ppo,4,0.325,-0.902,2.274
high_penalty,return_lstm_ppo,4,0.33,-0.868,2.252
high_penalty,return_lstm_ppo,4,0.335,-0.88,2.264
high_penalty,return_lstm_ppo,4,0.34,-0.896,2.26
high_penalty,return_lstm_ppo,4,0.34500000000000003,-0.918,2.29
high_penalty,return_lstm_ppo,4,0.35000000000000003,-0.922,2.29
high_penalty,return_lstm_ppo,4,0.355,-0.976,2.332
high_penalty,return_lstm_ppo,4,0.36,-0.978,2.346
high_penalty,return_lstm_ppo,4,0.365,-0.976,2.34
high_penalty,return_lstm_ppo,4,0.37,-0.994,2.35
high_penalty,return_lstm_ppo,4,0.375,-1.008,2.392
high_penalty,return_lstm_ppo,4,0.38,-1.008,2.4
high_penalty,return_lstm_ppo,4,0.385,-1.03,2.414
high_penalty,return_lstm_ppo,4,0.39,-1.028,2.4
high_penalty,return_lstm_ppo,4,0.395,-1.032,2.428
high_penalty,return_lstm_ppo,4,0.4,-1.018,2.422
high_penalty,return_lstm_ppo,4,0.405,-1.052,2.448
high_penalty,return_lstm_ppo,4,0.41000000000000003,-1.074,2.45
high_penalty,return_lstm_ppo,4,0.41500000000000004,-1.054,2.422
high_penalty,return_lstm_ppo,4,0.42,-1.062,2.398
high_penalty,return_lstm_ppo,4,0.425,-1.074,2.422
high_penalty,return_lstm_ppo,4,0.43,-1.076,2.424
high_penalty,return_lstm_ppo,4,0.435,-1.094,2.45
high_penalty,return_lstm_ppo,4,0.44,-1.124,2.464
high_penalty,return_lstm_ppo,4,0.445,-1.134,2.47
high_penalty,return_lstm_ppo,4,0.45,-1.152,2.488
high_penalty,return_lstm_ppo,4,0.455,-1.154,2.51
high_penalty,return_lstm_ppo,4,0.46,-1.134,2.514
high_penalty,return_lstm_ppo,4,0.465,-1.128,2.544
high_penalty,return_lstm_ppo,4,0.47000000000000003,-1.146,2.546
high_penalty,return_lstm_ppo,4,0.47500000000000003,-1.184,2.588
high_penalty,return_lstm_ppo,4,0.48,-1.218,2.618
high_penalty,return_lstm_ppo,4,0.485,-1.24,2.628
high_penalty,return_lstm_ppo,4,0.49,-1.202,2.618
high_penalty,return_lstm_ppo,4,0.495,-1.212,2.672
high_penalty,return_lstm_ppo,4,0.5,-1.188,2.696
high_penalty,return_lstm_ppo,4,0.505,-1.152,2.664
high_penalty,return_lstm_ppo,4,0.51,-1.168,2.668
high_penalty,return_lstm_ppo,4,0.515,-1.16,2.664
high_penalty,return_lstm_ppo,4,0.52,-1.112,2.612
high_penalty,return_lstm_ppo,4,0.525,-1.098,2.614
high_penalty,return_lstm_ppo,4,0.53,-1.09,2.634
high_penalty,return_lstm_ppo,4,0.535,-1.118,2.694
high_penalty,return_lstm_ppo,4,0.54,-1.124,2.7
high_penalty,return_lstm_ppo,4,0.545,-1.112,2.72
high_penalty,return_lstm_ppo,4,0.55,-1.136,2.74
high_penalty,return_lstm_ppo,4,0.555,-1.156,2.744
high_penalty,return_lstm_ppo,4,0.56,-1.206,2.774
high_penalty,return_lstm_ppo,4,0.5650000000000001,-1.228,2.788
high_penalty,return_lstm_ppo,4,0.5700000000000001,-1.222,2.802
high_penalty,return_lstm_ppo,4,0.5750000000000001,-1.22,2.816
high_penalty,return_lstm_ppo,4,0.58,-1.238,2.85
high_penalty,return_lstm_ppo,4,0.585,-1.224,2.868
high_penalty,return_lstm_ppo,4,0.59,-1.19,2.81
high_penalty,return_lstm_ppo,4,0.595,-1.132,2.816
high_penalty,return_lstm_ppo,4,0.6,-1.144,2.844
high_penalty,return_lstm_ppo,4,0.605,-1.17,2.866
high_penalty,return_lstm_ppo,4,0.61,-1.152,2.844
high_penalty,return_lstm_ppo,4,0.615,-1.144,2.824
high_penalty,return_lstm_ppo,4,0.62,-1.152,2.82
high_penalty,return_lstm_ppo,4,0.625,-1.118,2.818
high_penalty,return_lstm_ppo,4,0.63,-1.106,2.806
high_penalty,return_lstm_ppo,4,0.635,-1.112,2.8
high_penalty,return_lstm_ppo,4,0.64,-1.1,2.796
high_penalty,return_lstm_ppo,4,0.645,-1.118,2.802
high_penalty,return_lstm_ppo,4,0.65,-1.148,2.812
high_penalty,return_lstm_ppo,4,0.655,-1.152,2.82
high_penalty,return_lstm_ppo,4,0.66,-1.16,2.848
high_penalty,return_lstm_ppo,4,0.665,-1.146,2.866
high_penalty,return_lstm_ppo,4,0.67,-1.118,2.882
high_penalty,return_lstm_ppo,4,0.675,-1.084,2.872
high_penalty,return_lstm_ppo,4,0.68,-1.046,2.894
high_penalty,return_lstm_ppo,4,0.685,-1.022,2.906
high_penalty,return_lstm_ppo,4,0.6900000000000001,-0.994,2.898
high_penalty,return_lstm_ppo,4,0.6950000000000001,-0.998,2.918
high_penalty,return_lstm_ppo,4,0.7000000000000001,-0.992,2.888
high_penalty,return_lstm_ppo,4,0.705,-0.986,2.89
high_penalty,return_lstm_ppo,4,0.71,-0.998,2.898
high_penalty,return_lstm_ppo,4,0.715,-1.016,2.9
high_penalty,return_lstm_ppo,4,0.72,-1.018,2.938
high_penalty,return_lstm_ppo,4,0.725,-1.002,2.926
high_penalty,return_lstm_ppo,4,0.73,-1.008,2.948
high_penalty,return_lstm_ppo,4,0.735,-1.028,2.944
high_penalty,return_lstm_ppo,4,0.74,-1.02,2.96
high_penalty,return_lstm_ppo,4,0.745,-0.984,2.996
high_penalty,return_lstm_ppo,4,0.75,-0.978,3.026
high_penalty,return_lstm_ppo,4,0.755,-0.982,3.03
high_penalty,return_lstm_ppo,4,0.76,-0.928,3.02
high_penalty,return_lstm_ppo,4,0.765,-0.938,3.042
high_penalty,return_lstm_ppo,4,0.77,-0.924,3.032
high_penalty,return_lstm_ppo,4,0.775,-0.89,3.022
high_penalty,return_lstm_ppo,4,0.78,-0.882,2.986
high_penalty,return_lstm_ppo,4,0.785,-0.88,2.96
high_penalty,return_lstm_ppo,4,0.79,-0.85,2.974
high_penalty,return_lstm_ppo,4,0.795,-0.844,2.976
high_penalty,return_lstm_ppo,4,0.8,-0.822,2.974
high_penalty,return_lstm_ppo,4,0.805,-0.838,2.986
high_penalty,return_lstm_ppo,4,0.81,-0.792,2.972
high_penalty,return_lstm_ppo,4,0.8150000000000001,-0.762,2.99
high_penalty,return_lstm_ppo,4,0.8200000000000001,-0.692,2.972
high_penalty,return_lstm_ppo,4,0.8250000000000001,-0.652,3.012
high_penalty,return_lstm_ppo,4,0.8300000000000001,-0.698,3.038
high_penalty,return_lstm_ppo,4,0.835,-0.708,3.044
high_penalty,return_lstm_ppo,4,0.84,-0.682,3.058
high_penalty,return_lstm_ppo,4,0.845,-0.64,3.048
high_penalty,return_lstm_ppo,4,0.85,-0.634,3.07
high_penalty,return_lstm_ppo,4,0.855,-0.632,3.092
high_penalty,return_lstm_ppo,4,0.86,-0.628,3.084
high_penalty,return_lstm_ppo,4,0.865,-0.638,3.09
high_penalty,return_lstm_ppo,4,0.87,-0.618,3.102
high_penalty,return_lstm_ppo,4,0.875,-0.598,3.114
high_penalty,return_lstm_ppo,4,0.88,-0.566,3.098
high_penalty,return_lstm_ppo,4,0.885,-0.572,3.072
high_penalty,return_lstm_ppo,4,0.89,-0.566,3.09
high_penalty,return_lstm_ppo,4,0.895,-0.546,3.11
high_penalty,return_lstm_ppo,4,0.9,-0.502,3.134
high_penalty,return_lstm_ppo,4,0.905,-0.472,3.116
high_penalty,return_lstm_ppo,4,0.91,-0.458,3.154
high_penalty,return_lstm_ppo,4,0.915,-0.416,3.132
high_penalty,return_lstm_ppo,4,0.92,-0.402,3.13
high_penalty,return_lstm_ppo,4,0.925,-0.362,3.098
high_penalty,return_lstm_ppo,4,0.93,-0.326,3.09
high_penalty,return_lstm_ppo,4,0.935,-0.302,3.086
high_penalty,return_lstm_ppo,4,0.9400000000000001,-0.284,3.064
high_penalty,return_lstm_ppo,4,0.9450000000000001,-0.248,3.092
high_penalty,return_lstm_ppo,4,0.9500000000000001,-0.238,3.078
high_penalty,return_lstm_ppo,4,0.9550000000000001,-0.226,3.046
high_penalty,return_lstm_ppo,4,0.96,-0.216,3.036
high_penalty,return_lstm_ppo,4,0.965,-0.198,3.034
high_penalty,return_lstm_ppo,4,0.97,-0.144,3.024
high_penalty,return_lstm_ppo,4,0.975,-0.144,3.004
high_penalty,return_lstm_ppo,4,0.98,-0.14,3.028
high_penalty,return_lstm_ppo,4,0.985,-0.12,3.0
high_penalty,return_lstm_ppo,4,0.99,-0.118,2.986
high_penalty,return_lstm_ppo,4,0.995,-0.116,2.996
high_penalty,return_lstm_ppo,4,1.0,-0.098,2.97
