n_updates,num_timesteps,policy_loss,value_loss,entropy_loss,approx_kl,clip_fraction,explained_variance,log_std_mean,advantage_mean,advantage_std,advantage_min,advantage_max,return_mean,return_std,actor_grad_norm_mean,critic_grad_norm_mean,actor_param_update_norm,critic_param_update_norm,frac_sampled_action_clipped,frac_sampled_action_near_bound,log_std_bid,log_std_ask,action_std_bid,action_std_ask,learning_rate,total_loss
10,4000,-0.0030686460672295635,58.416795349121095,0.1703093333542347,0.004463511519134045,0.02087500006891787,0.0015736818313598633,0.22128239274024963,2.921236753463745,7.400665283203125,-46.1751594543457,45.65830612182617,2.9340479373931885,7.406495094299316,0.6612671080328554,5.015064535928627,0.08935795724391937,1.6165165901184082,0.0,0.00025,-1.5024734735488892,-1.51419198513031,0.22257892787456512,0.21998585760593414,0.0003,28.99432945251465
20,8000,-0.002154256967478432,49.079105911254885,0.18485470339655877,0.005589678883552551,0.03452499992214143,0.0154496431350708,0.21978557109832764,1.7065815925598145,7.001952648162842,-47.31988525390625,33.785396575927734,4.181734085083008,7.056676387786865,0.630899579523214,3.365691468766973,0.13190720975399017,1.4153763055801392,0.0,0.00025,-1.5008573532104492,-1.5295543670654297,0.2229389250278473,0.2166321724653244,0.0003,22.400184631347656
30,12000,-0.0006569250708696917,80.78736938476563,0.19895801573991775,0.0029807330574840307,0.004099999936297536,0.036056578159332275,0.21787886321544647,1.9508659839630127,9.0009765625,-50.55666732788086,45.25718307495117,6.187994003295898,9.16777229309082,0.6587337346123822,5.605304067745712,0.08858125656843185,1.330743432044983,0.0,0.0,-1.5094714164733887,-1.5383694171905518,0.22102676331996918,0.21473094820976257,0.0003,46.00679397583008
40,16000,-0.0009149554969484619,54.91414627075196,0.21087492644786834,0.0030065521132200956,0.0106749999942258,0.1271071434020996,0.21780723333358765,1.8573987483978271,7.447014331817627,-49.3391227722168,40.022300720214844,7.909817218780518,7.970796585083008,0.6099478965434499,6.4334122875723825,0.09661173075437546,1.235048770904541,0.000125,0.0005,-1.5110477209091187,-1.5374157428741455,0.22067862749099731,0.21493585407733917,0.0003,22.650279998779297
50,20000,-0.001843442641340518,79.59029144287109,0.21289046436548234,0.0031881399918347597,0.013449999932199717,0.07347124814987183,0.21696200966835022,2.7362208366394043,8.862954139709473,-35.38294982910156,73.68406677246094,10.403264045715332,9.20765495300293,0.6368431289342058,9.951886931483076,0.0813818946480751,0.8859948515892029,0.0,0.0,-1.5192270278930664,-1.5369172096252441,0.2188810259103775,0.21504302322864532,0.0003,45.48329162597656
60,24000,-0.0009118916796211129,55.12671287536621,0.2196635191142559,0.003118098247796297,0.008625000044703483,0.15680384635925293,0.21654056012630463,2.2484750747680664,7.356661796569824,-31.831682205200195,55.87091827392578,12.784143447875977,8.01154899597168,0.6096923276650932,8.19742786607325,0.07368826866149902,0.6509987711906433,0.0,0.0,-1.5232534408569336,-1.536746859550476,0.21800146996974945,0.2150796502828598,0.0003,20.304494857788086
70,28000,-0.0009356141049858735,65.30206958770752,0.21935625329613687,0.0032318965531885624,0.011999999955296516,0.19960945844650269,0.21704672276973724,0.13974767923355103,8.226568222045898,-44.59929275512695,28.06903839111328,12.789752006530762,9.195338249206543,0.5538961090209679,6.273490699608114,0.09060455858707428,0.9046640396118164,0.0,0.0,-1.523639440536499,-1.531661868095398,0.217917338013649,0.2161761075258255,0.0003,34.47604751586914
80,32000,-0.002082742480038724,39.52059505462646,0.22510261371731757,0.004345218650996685,0.01944999983534217,0.3780081868171692,0.2151268720626831,0.1383022516965866,6.410525321960449,-30.64582633972168,27.46745491027832,12.946175575256348,8.128329277038574,0.6331778251500357,5.189670596760609,0.11638978123664856,0.7607214450836182,0.0,0.0,-1.5352282524108887,-1.5378280878067017,0.21540652215480804,0.21484720706939697,0.0003,20.862539291381836
90,36000,-0.00242525511769345,77.4665663909912,0.23649727940559387,0.003890585619956255,0.022900000009685756,0.31362003087997437,0.21486464142799377,0.6449615359306335,8.85029125213623,-57.09455490112305,49.273109436035156,13.430335998535156,10.682558059692383,0.5946379073452652,7.2573154111854885,0.09233978390693665,0.5536724328994751,0.0,0.0,-1.54056978225708,-1.534932255744934,0.21425896883010864,0.2154702991247177,0.0003,32.38239669799805
100,40000,-0.0007049349400243976,51.25882736206054,0.24290102511644363,0.0031387978233397007,0.011875000004656612,0.4542430639266968,0.2137598991394043,0.1734090894460678,7.211981773376465,-39.192447662353516,40.64580535888672,13.956021308898926,9.76236343383789,0.6350624583597603,5.978094694690451,0.09211964160203934,0.45822155475616455,0.0,0.0,-1.5507550239562988,-1.5351098775863647,0.21208778023719788,0.21543201804161072,0.0003,27.129262924194336
110,44000,-0.00011920551962684822,49.343897399902346,0.25076576083898544,0.0023062112741172314,0.012349999989382923,0.42626190185546875,0.2131238579750061,0.6996880173683167,7.038946151733398,-45.32029724121094,66.95140838623047,14.681923866271973,9.292890548706055,0.6441003717769469,5.4714746537156795,0.054738227277994156,0.5423505306243896,0.0,0.0,-1.5540802478790283,-1.537750005722046,0.21138371527194977,0.21486398577690125,0.0003,31.72926902770996
120,48000,-0.0012676863810393124,60.895595970153806,0.2571874251961708,0.002484526252374053,0.009199999999254941,0.40630102157592773,0.21224276721477509,0.7578656077384949,7.872498512268066,-42.99406433105469,47.55029296875,15.195663452148438,10.217142105102539,0.5756473609592412,8.146736266167101,0.05279640853404999,0.6621034145355225,0.0,0.0,-1.5609886646270752,-1.5391793251037598,0.20992840826511383,0.21455711126327515,0.0003,31.12998390197754
130,52000,-0.0009197092544920448,60.5159810256958,0.26763900369405746,0.0023865574039518833,0.007924999995157122,0.5196319222450256,0.2109013795852661,-0.10831327736377716,7.9657440185546875,-37.3810920715332,36.444114685058594,15.23476791381836,11.493155479431152,0.5960115455029256,10.033757497790761,0.08038255572319031,0.6698284149169922,0.0,0.0,-1.5668596029281616,-1.5459786653518677,0.208699569106102,0.21310321986675262,0.0003,35.276390075683594
140,56000,-0.0025149085556280593,70.66370052337646,0.27128529459238054,0.005163858179003,0.030725000090897084,0.5589419007301331,0.2119213342666626,1.4245507717132568,8.428576469421387,-74.68167114257812,38.89420700073242,15.931584358215332,12.691306114196777,0.5905455267935534,11.628062954758427,0.10792525112628937,0.6098818182945251,0.0,0.00025,-1.5664528608322144,-1.53684663772583,0.20878446102142334,0.21505819261074066,0.0003,33.40788650512695
150,60000,-0.0011680265578732363,44.13209674835205,0.2671207559108734,0.002611813135445118,0.007424999955110252,0.661801278591156,0.21114011108875275,1.9996367692947388,6.597184658050537,-25.742992401123047,51.15242004394531,18.415246963500977,11.344167709350586,0.5592111613823145,11.529337601857305,0.11246337741613388,0.41862958669662476,0.0,0.0,-1.5664849281311035,-1.5441069602966309,0.2087777554988861,0.213502436876297,0.0003,20.586772918701172
160,64000,-0.0017936768032126604,61.95192607879639,0.2776568430662155,0.003090122016146779,0.011349999965168535,0.6292637586593628,0.20993950963020325,0.82972651720047,8.063227653503418,-50.130638122558594,37.347496032714844,19.506750106811523,13.242694854736328,0.5421155259835728,12.823002222006746,0.09238843619823456,0.567935585975647,0.0,0.0,-1.5741312503814697,-1.5479122400283813,0.2071874588727951,0.2126915454864502,0.0003,35.33826446533203
170,68000,-0.0021205114026015526,92.13868000030517,0.2854074388742447,0.0035169075708836317,0.019299999987706543,0.5882140398025513,0.20981286466121674,0.9072632789611816,9.637889862060547,-57.913909912109375,93.70392608642578,19.798828125,15.01917839050293,0.5819984312208496,14.47524800126881,0.07639188319444656,0.5421831607818604,0.0,0.0,-1.5780444145202637,-1.545302152633667,0.2063782811164856,0.2132474184036255,0.0003,36.04994583129883
180,72000,-0.0006162785758051536,58.94078227996826,0.28683298707008364,0.002737639006227255,0.006049999934621155,0.7255252003669739,0.20929114520549774,-0.15547886490821838,7.946225166320801,-49.728363037109375,45.48185729980469,18.9433536529541,15.16734790802002,0.5453421845746181,15.030587174832146,0.0578761026263237,0.7579131126403809,0.0,0.0,-1.5844640731811523,-1.5440031290054321,0.20505765080451965,0.21352462470531464,0.0003,29.746679306030273
190,76000,-0.0005218059793485752,43.26193592071533,0.28842707455158234,0.0019498176407068968,0.004274999997578561,0.7765343189239502,0.20988598465919495,-0.35184934735298157,6.961659908294678,-43.34150314331055,23.693126678466797,18.741180419921875,14.726764678955078,0.5280080564585602,12.859490763427534,0.062153276056051254,0.9403654932975769,0.0,0.0,-1.5828347206115723,-1.5400055646896362,0.2053920477628708,0.2143799215555191,0.0003,22.903705596923828
200,80000,-0.0008453591648458314,80.92385814666748,0.2839843586087227,0.00410201633349061,0.014524999903514982,0.6076853275299072,0.21012598276138306,0.023172913119196892,9.319781303405762,-45.62140655517578,54.90034484863281,17.841445922851562,14.87950325012207,0.5723054890330868,15.83392164040438,0.051962755620479584,1.1012227535247803,0.0,0.0,-1.5821555852890015,-1.5384186506271362,0.20553156733512878,0.21472036838531494,0.0003,40.65361404418945
210,84000,-0.0020967780782590118,93.23271251678467,0.2824207437038422,0.0021150766406208277,0.0072999999905005095,0.5534743666648865,0.2100275456905365,1.7571367025375366,9.958420753479004,-50.552650451660156,88.14646911621094,20.15061378479004,14.902779579162598,0.5498689333933524,19.450109678880658,0.07121121138334274,0.976620078086853,0.0,0.0,-1.5834887027740479,-1.5380604267120361,0.20525774359703064,0.21479730308055878,0.0003,51.36747741699219
220,88000,-0.001876933512270984,62.15708530426026,0.28620178043842315,0.0026515666395425797,0.010049999980255962,0.6834229230880737,0.20932188630104065,1.449924349784851,7.970041751861572,-33.642234802246094,44.50616455078125,19.489757537841797,14.165140151977539,0.5720905539634595,12.63377981893423,0.08468513190746307,1.077006220817566,0.0,0.0,-1.5855973958969116,-1.5426284074783325,0.20482538640499115,0.21381835639476776,0.0003,24.292070388793945
230,92000,-0.0024204539835262027,34.43940147399903,0.2958205854892731,0.004954115021973848,0.03022499998565763,0.787866473197937,0.20812654495239258,-0.05656389519572258,6.013639450073242,-33.59522247314453,30.44731903076172,19.98257064819336,13.056680679321289,0.5775715654275922,8.088952751126106,0.09454935044050217,0.6635250449180603,0.0,0.0,-1.594225287437439,-1.5455842018127441,0.20306579768657684,0.2131872922182083,0.0003,16.399505615234375
240,96000,-0.0020886898480886895,106.19566688537597,0.309640488922596,0.0036650709807872772,0.023525000060908498,0.5270217657089233,0.20627982914447784,0.4604063630104065,10.375588417053223,-33.70504379272461,111.81610107421875,20.706331253051758,15.086627960205078,0.5658752780085777,11.736231799784871,0.11940737068653107,0.8891643285751343,0.0,0.0,-1.6035171747207642,-1.5541356801986694,0.20118767023086548,0.2113719880580902,0.0003,46.72843551635742
250,100000,-0.0019684065865159892,70.94846851348876,0.3227163130044937,0.003156812861561775,0.016100000026635825,0.5800039172172546,0.20548582077026367,0.09881127625703812,8.646259307861328,-43.672645568847656,43.92774963378906,18.618398666381836,13.341529846191406,0.6412183425670237,9.940816979539727,0.09775286912918091,1.191992163658142,0.000125,0.00025,-1.6105320453643799,-1.5549955368041992,0.19978128373622894,0.211190328001976,0.0003,36.20077133178711
260,104000,-0.0016228946129907861,72.26218173980713,0.33102647185325623,0.003320148913189769,0.020624999855645,0.6190170645713806,0.20506015419960022,0.46519044041633606,8.581393241882324,-54.32622528076172,75.04962158203125,19.005422592163086,13.902887344360352,0.6687372881120739,8.2360287534681,0.07953206449747086,0.9964399933815002,0.0,0.0,-1.6196420192718506,-1.5504581928253174,0.19796954095363617,0.21215073764324188,0.0003,38.011478424072266
270,108000,-0.0019380147134750558,133.6220302581787,0.3327703094482422,0.004278129898011684,0.037599999941885474,0.43472546339035034,0.20486432313919067,-2.2397961616516113,11.768329620361328,-57.77723693847656,67.85096740722656,16.124727249145508,15.65255069732666,0.6610976484589398,20.655052654201963,0.0698634460568428,0.7439988851547241,0.00025,0.0005,-1.6213496923446655,-1.5507121086120605,0.19763177633285522,0.21209688484668732,0.0003,77.6900405883789
280,112000,-0.0016398693159897437,46.48077682495117,0.339001182615757,0.001925567165017128,0.026375000118277966,0.7386274337768555,0.20370686054229736,-0.3659968972206116,6.850208282470703,-46.295631408691406,28.725130081176758,17.894878387451172,13.399044036865234,0.6362096059030891,8.506334548320062,0.06593170017004013,0.5586240887641907,0.0,0.0,-1.6253474950790405,-1.5579349994659424,0.19684326648712158,0.21057046949863434,0.0003,22.866628646850586
290,116000,-0.000462897668138611,49.846762313842774,0.3438783857226372,0.0021706861443817616,0.006174999973736704,0.7109420299530029,0.20426666736602783,-0.47216716408729553,7.399994373321533,-31.7587890625,44.685203552246094,17.273935317993164,13.76381778717041,0.5836931568197867,12.434591978515984,0.06758211553096771,1.0352647304534912,0.0,0.0,-1.628013253211975,-1.5501594543457031,0.19631920754909515,0.2122141271829605,0.0003,21.389324188232422
300,120000,-0.00237069717411432,133.4669825744629,0.3397257876396179,0.0026125446893274784,0.016200000029057263,0.4433809518814087,0.20415076613426208,1.1373517513275146,11.984417915344238,-68.46037292480469,62.02404022216797,17.004161834716797,16.06341552734375,0.6588521063443125,19.644821081218936,0.06666520982980728,1.4128148555755615,0.0,0.0,-1.6220494508743286,-1.556807518005371,0.1974935382604599,0.21080799400806427,0.0003,55.90378952026367
310,124000,-0.0018277341646755296,169.1375262451172,0.34071842789649964,0.002783177886158228,0.015974999964237215,0.39432841539382935,0.20418696105480194,-0.371564120054245,13.172452926635742,-82.40702819824219,60.482940673828125,18.19331169128418,16.92575454711914,0.5901525645429138,15.05444494662958,0.08369266986846924,1.3020659685134888,0.0,0.0,-1.621744990348816,-1.5567493438720703,0.19755367934703827,0.210820272564888,0.0003,79.07819366455078
320,128000,-0.00036273163343012447,25.15061336517334,0.3386416634917259,0.0027068057097494602,0.014174999995157122,0.7856181263923645,0.2046680450439453,-0.6216346025466919,5.0389404296875,-30.638736724853516,21.631528854370117,17.057363510131836,10.882912635803223,0.5970060109184858,5.50768477315183,0.10599412769079208,0.6229615211486816,0.0,0.0,-1.6220680475234985,-1.5518946647644043,0.19748985767364502,0.2118462175130844,0.0003,14.060431480407715
330,132000,-0.003017620205633467,121.03370140075684,0.3401293867826462,0.00533320102840662,0.026624999912455677,0.4453463554382324,0.20352894067764282,-0.6027660965919495,11.010900497436523,-57.355430603027344,46.523258209228516,17.803617477416992,14.78467845916748,0.5986457320933668,12.15683179544678,0.09455857425928116,0.4204149544239044,0.0,0.0,-1.6315373182296753,-1.5538647174835205,0.19562861323356628,0.21142926812171936,0.0003,58.844932556152344
340,136000,-0.0027888563044689363,94.8163758468628,0.34996333479881286,0.004081886727362871,0.03187500013038516,0.5405257344245911,0.20312990248203278,-0.3700582981109619,9.82149887084961,-70.89110565185547,53.39799118041992,16.283384323120117,14.489293098449707,0.6124986758303055,12.78032305876658,0.08869718015193939,0.7342546582221985,0.0,0.0,-1.638161063194275,-1.551533579826355,0.19433708488941193,0.21192272007465363,0.0003,58.3121337890625
350,140000,-0.0019441990895240435,148.31981330871582,0.3547673603892326,0.0023092387709766626,0.012699999953620136,0.4017038941383362,0.2025136947631836,0.5592431426048279,12.241168022155762,-78.52732849121094,127.97184753417969,17.06895637512207,15.825766563415527,0.6312151198898162,11.83791555160245,0.07052043825387955,1.0383185148239136,0.0,0.0,-1.6406515836715698,-1.5550743341445923,0.1938536912202835,0.21117369830608368,0.0003,85.84281158447266
360,144000,-0.0012153524425530104,55.510270652771,0.36370850205421446,0.0026934128254652023,0.015474999994039536,0.6753548383712769,0.2011069655418396,0.04967482015490532,7.504515171051025,-41.43384552001953,39.212432861328125,17.608219146728516,13.17098331451416,0.5524033266213604,9.310564983586513,0.08107186108827591,0.5861862897872925,0.0,0.0,-1.6497248411178589,-1.5601184368133545,0.19210274517536163,0.21011118590831757,0.0003,29.401012420654297
370,148000,-0.003950977828731083,45.019635372161865,0.3796146604418755,0.0057917204685509205,0.04567499997094274,0.6773614883422852,0.19939780235290527,1.6098188161849976,6.833178520202637,-27.969282150268555,43.6295280456543,18.449966430664062,12.029973983764648,0.5617428264140348,11.257773801009487,0.12540706992149353,0.8613185286521912,0.0,0.0,-1.6682204008102417,-1.5596328973770142,0.18858236074447632,0.21021324396133423,0.0003,23.950252532958984
380,152000,-0.0010166318942254281,84.4173044204712,0.39827065765857694,0.0033306144177913666,0.017250000066123903,0.5755857229232788,0.19741691648960114,0.7099055051803589,9.389636993408203,-114.23171997070312,47.87853240966797,18.961772918701172,14.412981033325195,0.6783557200796566,10.552430657491502,0.11560362577438354,1.1748507022857666,0.0,0.0,-1.6755667924880981,-1.5719890594482422,0.18720203638076782,0.20763176679611206,0.0003,31.10776138305664
390,156000,-0.0019525840650586356,56.4567219543457,0.4147377836704254,0.003965039737522602,0.019525000108405948,0.6818757653236389,0.19633658230304718,-1.0509952306747437,7.660640239715576,-40.4899787902832,31.554309844970703,18.35527801513672,13.582093238830566,0.6114937326351424,11.99676833682001,0.09185782819986343,0.6958651542663574,0.0,0.0,-1.6826335191726685,-1.576054573059082,0.1858838051557541,0.20678935945034027,0.0003,24.4625186920166
400,160000,-0.0025582771956414964,34.7417230796814,0.42260773688554765,0.0028592925518751144,0.019074999927543104,0.7920629978179932,0.19588035345077515,-0.12181288748979568,5.94244384765625,-38.26279067993164,39.586483001708984,17.928531646728516,13.031643867492676,0.5512222970358908,6.880931335281998,0.13071031868457794,0.5671809315681458,0.0,0.0,-1.674526333808899,-1.5878536701202393,0.18739692866802216,0.20436377823352814,0.0003,19.16170883178711
410,164000,-0.0009851791062246784,104.83431106567383,0.42438212722539903,0.0036876804661005735,0.01585000001359731,0.5278316736221313,0.1957641839981079,-2.410888910293579,10.326019287109375,-93.49700164794922,46.511985778808594,15.676939010620117,15.027422904968262,0.5928526891179073,24.23261629376126,0.06532052159309387,0.5629518628120422,0.0,0.0,-1.6697511672973633,-1.5933951139450073,0.18829390406608582,0.20323443412780762,0.0003,36.555023193359375
420,168000,-0.0015028738781104024,39.97455074310303,0.4373266875743866,0.0032608062028884888,0.01839999997988343,0.7639966607093811,0.19319593906402588,0.8182330131530762,6.358577251434326,-33.64894104003906,34.191654205322266,16.66172218322754,13.088830947875977,0.5744323388787339,8.196767179225905,0.12166312336921692,0.6599107980728149,0.0,0.0,-1.683569073677063,-1.606034278869629,0.18570996820926666,0.2006818950176239,0.0003,21.331279754638672
430,172000,-0.0018755724903718107,49.40134799957276,0.45618409901857376,0.0039737531915307045,0.025800000014714896,0.7204526662826538,0.1924304962158203,-0.2222796380519867,7.119997978210449,-36.629302978515625,34.75154113769531,16.531803131103516,13.466421127319336,0.5359926794631876,9.167555609579274,0.1090148389339447,0.7178330421447754,0.0,0.0,-1.6877912282943726,-1.6097707748413086,0.18492752313613892,0.19993342459201813,0.0003,21.94656753540039
440,176000,-0.0027579109637048526,68.11694400787354,0.45557507783174517,0.004814984742552042,0.032849999978207055,0.6393731832504272,0.19328543543815613,0.791695773601532,8.355362892150879,-40.705482482910156,51.59989547729492,17.791399002075195,13.913497924804688,0.6608082139639536,11.516482825606259,0.09121869504451752,0.654155433177948,0.0,0.0,-1.6852704286575317,-1.6035722494125366,0.1853943020105362,0.20117658376693726,0.0003,31.705360412597656
450,180000,-0.0021066379879277532,56.24232601165772,0.4486768451333046,0.004089769907295704,0.036675000176765025,0.7040412425994873,0.19372788071632385,-0.35620832443237305,7.643574237823486,-38.43973922729492,43.394744873046875,17.324207305908203,14.05014705657959,0.5977230591878704,8.899123698329925,0.06635139137506485,1.0562851428985596,0.0,0.0,-1.6834185123443604,-1.6008855104446411,0.1857379525899887,0.201717808842659,0.0003,25.02310562133789
460,184000,-0.0025372410160969584,66.42534278869628,0.44861546367406846,0.004562924616038799,0.032949999957345426,0.6004438400268555,0.19295698404312134,1.1504409313201904,8.329764366149902,-35.92852783203125,38.48533630371094,17.913658142089844,13.177826881408691,0.5791173517984738,11.202247335390577,0.10754212737083435,1.0071429014205933,0.0,0.0,-1.6852067708969116,-1.6069016456604004,0.18540608882904053,0.20050787925720215,0.0003,35.992149353027344
470,188000,-0.0007152090908828512,45.76196109771728,0.45959852039814,0.002866678638383746,0.009925000001676381,0.6988893151283264,0.19188648462295532,-0.37065884470939636,6.8002190589904785,-40.74834442138672,26.82677459716797,17.592668533325195,12.392524719238281,0.5808304332890625,8.42997885388172,0.09818241745233536,0.4697289764881134,0.0,0.0,-1.6894739866256714,-1.6136651039123535,0.18461661040782928,0.19915634393692017,0.0003,25.446226119995117
480,192000,-0.0015057143296857234,145.83237201690673,0.46525557577610016,0.0036212652921676636,0.013200000044889748,0.382770836353302,0.19181279838085175,1.240102767944336,12.324394226074219,-35.92528533935547,161.74075317382812,18.847272872924805,15.687088966369629,0.6209019035254975,21.683116413747886,0.09485950320959091,0.911054790019989,0.0,0.0,-1.6857620477676392,-1.6178611516952515,0.18530315160751343,0.19832241535186768,0.0003,92.00242614746094
490,196000,-0.0009121201462676254,97.18523571014404,0.4665684878826141,0.0038925751578062773,0.018075000024400652,0.5627695322036743,0.1916693150997162,0.3828701376914978,9.97541618347168,-71.59805297851562,49.83562469482422,18.656532287597656,15.086060523986816,0.5980884513296456,11.314735997446313,0.08575747907161713,0.9447848796844482,0.0,0.0,-1.6855205297470093,-1.6195353269577026,0.18534792959690094,0.19799068570137024,0.0003,59.420284271240234
500,200000,-0.002102281911362667,55.44358749389649,0.472046862244606,0.005482894368469715,0.03915000014938414,0.6771644949913025,0.19063442945480347,-0.21308007836341858,7.671615123748779,-34.16462326049805,40.5929069519043,19.157073974609375,13.50193977355957,0.6334785313050151,10.550636469951929,0.0938275158405304,0.9964916110038757,0.0,0.0,-1.6872801780700684,-1.6283823251724243,0.18502207100391388,0.19624677300453186,0.0003,29.491344451904297
510,204000,-0.0010274564109557537,63.5396293258667,0.48044787168502806,0.004360630642622709,0.01779999999795109,0.6616905927658081,0.19047103822231293,-0.5079261064529419,8.002324104309082,-37.045101165771484,66.05306243896484,18.552215576171875,13.758119583129883,0.6852423916875107,10.20685292855313,0.08961837738752365,0.5188891887664795,0.0,0.0,-1.6927604675292969,-1.6249008178710938,0.18401087820529938,0.19693119823932648,0.0003,30.119674682617188
520,208000,-0.0009337833785037209,79.43312423706055,0.4773794007301331,0.0034257497172802687,0.014775000051595271,0.5934243202209473,0.19087618589401245,-0.6185734272003174,9.000872611999512,-40.89109802246094,41.57910919189453,18.04368782043457,14.116072654724121,0.595153600173978,11.609794116656024,0.08598212152719498,0.7299837470054626,0.0,0.0,-1.6882959604263306,-1.624967098236084,0.18483421206474304,0.19691815972328186,0.0003,42.606563568115234
530,212000,-0.0014690057927555244,99.99760959625245,0.4702885887026787,0.004838676191866398,0.025875000027008356,0.5748363733291626,0.19178465008735657,0.06122369319200516,10.11227798461914,-88.42158508300781,42.37367248535156,17.40846061706543,15.508541107177734,0.5463007549395764,13.90922763187092,0.11318933218717575,0.6927199363708496,0.0,0.0,-1.6803475618362427,-1.623232126235962,0.18630920350551605,0.19726009666919708,0.0003,49.313385009765625
540,216000,-0.0032248748444100796,67.8384091949463,0.4640060332417488,0.0038769529201090336,0.032225000006146726,0.6678383350372314,0.19188570976257324,-0.568041205406189,8.45534896850586,-59.103187561035156,64.37983703613281,17.445022583007812,14.670899391174316,0.5556772465974006,13.359664229510715,0.09614551067352295,0.8652074337005615,0.0,0.0,-1.6787198781967163,-1.6237462759017944,0.18661269545555115,0.19715870916843414,0.0003,37.75087356567383
550,220000,-0.0015627939342011809,69.46068740844727,0.46927903801202775,0.004687489941716194,0.015024999962188304,0.6402032375335693,0.19078631699085236,-1.3257948160171509,8.438907623291016,-56.506675720214844,36.24580764770508,16.8486328125,14.068817138671875,0.6244492810037557,14.342504763796594,0.08363618701696396,0.7577036023139954,0.0,0.0,-1.6848076581954956,-1.6291686296463013,0.18548010289669037,0.19609253108501434,0.0003,27.52861213684082
560,224000,-0.002293987620613187,69.38249858856202,0.4820006275177002,0.003349148202687502,0.016875,0.6610352993011475,0.18957269191741943,0.9046086668968201,8.447171211242676,-46.26664733886719,44.03022766113281,17.042678833007812,14.50888442993164,0.5906587977746283,12.720017642381208,0.09150952100753784,0.660490095615387,0.0,0.0,-1.6866092681884766,-1.6399016380310059,0.1851462423801422,0.19399912655353546,0.0003,30.238574981689453
570,228000,-0.0013747324688900332,38.42935554504395,0.4909155279397964,0.0026903573889285326,0.016974999960511925,0.7754380702972412,0.18890424072742462,1.283261775970459,6.245598316192627,-40.98817443847656,33.45332336425781,19.163936614990234,13.179713249206543,0.5645353021043603,9.688482488597167,0.11664624512195587,0.6300356984138489,0.0,0.0,-1.6886943578720093,-1.6448169946670532,0.18476058542728424,0.1930478811264038,0.0003,19.745641708374023
580,232000,-0.002347631606723004,64.89083763122558,0.501506125330925,0.005920572206377983,0.02612500000279397,0.6809325814247131,0.18772950768470764,0.6067981123924255,8.242491722106934,-46.1662712097168,62.774261474609375,18.191648483276367,14.592082023620605,0.5664493626156539,12.54110491619846,0.07822563499212265,0.8642440438270569,0.0,0.0,-1.6934165954589844,-1.652508020401001,0.18389014899730682,0.19156885147094727,0.0003,21.57737922668457
590,236000,-0.0033157213304366453,34.21626434326172,0.5086921262741089,0.005098301917314529,0.04669999997597188,0.8230360746383667,0.18774250149726868,0.16134123504161835,5.911823272705078,-45.67752456665039,26.89144515991211,18.715553283691406,14.053324699401855,0.5067551351148487,7.649187438621877,0.0923566073179245,0.6174907088279724,0.0,0.0,-1.6992237567901611,-1.6468303203582764,0.18282538652420044,0.19265961647033691,0.0003,18.831350326538086
600,240000,-0.001200794790698274,126.84036315917969,0.5069502520561219,0.0026607553008943796,0.007474999967962503,0.5537256002426147,0.18789401650428772,-0.18314038217067719,11.42661190032959,-86.71353149414062,64.2850112915039,18.90184783935547,17.1047420501709,0.5941263457016658,17.020345931828352,0.07968088239431381,0.6986739039421082,0.0,0.0,-1.695556402206421,-1.6487458944320679,0.1834970861673355,0.19229091703891754,0.0003,40.75672912597656
610,244000,-0.001904145039986176,110.26339294433593,0.5091184383630752,0.003435687394812703,0.01740000009536743,0.6267075538635254,0.1873074620962143,-0.8955032825469971,10.591695785522461,-91.69548797607422,61.1807861328125,17.28986167907715,17.33568000793457,0.5577929642002801,11.838519020867972,0.10374211519956589,0.7499913573265076,0.0,0.0,-1.6975098848342896,-1.6529932022094727,0.18313899636268616,0.19147592782974243,0.0003,43.666316986083984
620,248000,-0.0010176050121190182,67.78855922698975,0.5135951972007752,0.0010479234624654055,0.021475000027567148,0.6886491179466248,0.18719089031219482,-0.18223907053470612,8.51218032836914,-44.55278015136719,40.63580322265625,14.507734298706055,15.255125045776367,0.5890990857254352,14.513890916041698,0.04861357435584068,0.8447554111480713,0.0,0.0,-1.6932390928268433,-1.6583184003829956,0.18392279744148254,0.1904589831829071,0.0003,34.48974609375
630,252000,-0.001182863028113843,211.57164611816407,0.5124831598997116,0.0037819587159901857,0.008049999978393316,0.3590254783630371,0.1876021921634674,-2.5033421516418457,14.974929809570312,-94.8270263671875,60.19715118408203,16.174596786499023,18.70442771911621,0.6394121611865433,40.34223161017629,0.07180025428533554,0.9627427458763123,0.0,0.0,-1.6887198686599731,-1.6583735942840576,0.18475587666034698,0.19044846296310425,0.0003,102.96913146972656
640,256000,-0.0006917801404215406,92.02592502593994,0.5025935345888137,0.0020835823379456997,0.0062499999208375815,0.5623623132705688,0.18877798318862915,-0.11651168763637543,9.721145629882812,-74.93099212646484,47.25398254394531,16.68531036376953,14.694679260253906,0.642003213797517,14.067009860677134,0.07348933070898056,0.6515946388244629,0.0,0.0,-1.6791380643844604,-1.6553703546524048,0.18653467297554016,0.19102129340171814,0.0003,41.74387741088867
650,260000,-0.0014324759118695507,81.56298320770264,0.4928830009698868,0.0019049302209168673,0.015475000003352762,0.5475451350212097,0.18948188424110413,0.5559560060501099,9.124226570129395,-52.33339309692383,62.520545959472656,16.658552169799805,13.564645767211914,0.5843288031883568,10.586058839960678,0.05874868482351303,0.654199481010437,0.0,0.0,-1.6866405010223389,-1.640808343887329,0.1851404458284378,0.19382329285144806,0.0003,37.00432205200195
660,264000,-0.001276823704098935,97.57749233245849,0.49614436745643614,0.0030487249605357647,0.012524999976158142,0.4771859049797058,0.18780355155467987,-1.0854606628417969,9.99215316772461,-44.248985290527344,77.25372314453125,15.631675720214844,13.819281578063965,0.5550719001838165,13.51689872106888,0.06594417244195938,0.9248190522193909,0.0,0.0,-1.697291374206543,-1.648032784461975,0.18317902088165283,0.1924280822277069,0.0003,41.40283203125
670,268000,-0.0013294767528132078,86.0133267211914,0.5064806824922562,0.00392983527854085,0.033175000082701446,0.4479528069496155,0.1880437433719635,0.28538286685943604,9.46757698059082,-48.89625930786133,80.3076400756836,16.07489776611328,12.742384910583496,0.6251448085845458,10.675638542570054,0.07600835710763931,1.0237021446228027,0.0,0.0,-1.6955771446228027,-1.6471699476242065,0.18349328637123108,0.19259418547153473,0.0003,58.889041900634766
680,272000,-0.0010367729932899206,175.20806610107422,0.5041672801971435,0.004564743489027023,0.017624999969266354,0.22047603130340576,0.18820899724960327,0.2155875265598297,13.466336250305176,-74.94464874267578,73.47413635253906,16.6722469329834,15.252278327941895,0.6286711993839528,16.203637845958234,0.08928903192281723,1.0078035593032837,0.0,0.0,-1.6963340044021606,-1.6447360515594482,0.1833544671535492,0.19306351244449615,0.0003,69.99752044677734
690,276000,-0.0017062193392790449,82.14639530181884,0.5078160905838013,0.003171127289533615,0.022099999939091505,0.46085238456726074,0.18708503246307373,-1.18270742893219,9.149386405944824,-60.46495819091797,35.677974700927734,14.60405445098877,12.460576057434082,0.6255176567503916,9.054878784801907,0.1072976291179657,0.851085901260376,0.0,0.0,-1.7030211687088013,-1.6500639915466309,0.18213242292404175,0.19203761219978333,0.0003,35.45847702026367
700,280000,-0.004729964358906726,80.104289894104,0.5211745768785476,0.007731092162430286,0.052349999989382924,0.4380093216896057,0.186109721660614,0.5146352648735046,9.041911125183105,-50.79533386230469,52.95661163330078,15.175277709960938,12.0613431930542,0.6400613066035512,8.874442680874315,0.12305828183889389,0.7300851941108704,0.0,0.0,-1.6997218132019043,-1.663444995880127,0.18273435533046722,0.1894850730895996,0.0003,45.454071044921875
710,284000,-0.004426202562984329,67.62021865844727,0.5302709782123566,0.00534428795799613,0.04404999990481883,0.46907347440719604,0.18518617749214172,0.2159649133682251,8.314253807067871,-51.70840835571289,45.1795539855957,15.64919376373291,11.410536766052246,0.5740725498627921,8.43880658582436,0.1301988810300827,1.0073903799057007,0.0,0.0,-1.7055131196975708,-1.6676326990127563,0.1816791445016861,0.18869322538375854,0.0003,33.677391052246094
720,288000,-0.002368150400382003,60.634464263916016,0.5407153671979904,0.004512670449912548,0.03579999994020909,0.5204374194145203,0.1840345710515976,-0.3541961908340454,7.874032497406006,-50.36215591430664,36.83424377441406,14.878422737121582,11.370368003845215,0.6475851392622219,9.02905999659505,0.06408733874559402,1.0991965532302856,0.0,0.0,-1.7104085683822632,-1.6751652956008911,0.18079189956188202,0.18727721273899078,0.0003,25.124183654785156
730,292000,-0.0006604686329330445,55.7552303314209,0.5522939032316208,0.004032447934150696,0.018724999949336053,0.5283055901527405,0.18313932418823242,0.7789432406425476,7.624023914337158,-40.05582809448242,49.19635772705078,15.989048957824707,11.100790023803711,0.6476529694891443,9.084278152855703,0.08129014074802399,1.2477507591247559,0.0,0.0,-1.7159403562545776,-1.679409384727478,0.1797945648431778,0.18648406863212585,0.0003,30.059728622436523
740,296000,-0.000920589484229275,129.79131874084473,0.5554441267251968,0.004193733911961317,0.018774999952875078,0.4041453003883362,0.1837402880191803,-1.855110764503479,11.541604995727539,-82.90937805175781,49.669837951660156,14.006742477416992,14.951888084411621,0.6167614202561036,16.580409891315085,0.07388953864574432,0.7746148705482483,0.0,0.0,-1.7102545499801636,-1.6784621477127075,0.18081976473331451,0.18666082620620728,0.0003,80.31208038330078
750,300000,-0.0009659312716576097,103.78004722595215,0.553582261800766,0.002431900007650256,0.01505000002682209,0.5092111825942993,0.18297898769378662,-1.0538246631622314,10.392441749572754,-69.3584213256836,63.1927490234375,13.562658309936523,14.8344087600708,0.6633657162133573,17.439248535434526,0.08381383866071701,0.9212368726730347,0.0,0.0,-1.7113142013549805,-1.6856187582015991,0.18062824010849,0.18532970547676086,0.0003,47.421424865722656
760,304000,-0.004888232023453112,58.25540943145752,0.5647457641363144,0.006701301783323288,0.07327500017359853,0.5411148071289062,0.18192638456821442,0.6446145176887512,7.836599349975586,-56.694766998291016,36.84052658081055,14.61831283569336,11.568462371826172,0.5703323833247135,9.484846158233417,0.10408756881952286,1.072194218635559,0.0,0.0,-1.7220704555511475,-1.6865512132644653,0.17869578301906586,0.18515698611736298,0.0003,34.98836898803711
770,308000,-0.0007336363133657864,193.6265584564209,0.5706795632839203,0.001607022830285132,0.011899999999441207,0.3757978677749634,0.18203070759773254,-1.49014151096344,13.919872283935547,-73.75808715820312,139.25755310058594,13.098816871643066,17.618650436401367,0.7961874508740153,19.23929641867987,0.053778961300849915,0.5573458075523376,0.0,0.0,-1.7106810808181763,-1.696528673171997,0.18074263632297516,0.18331877887248993,0.0003,103.58634185791016
780,312000,-0.002389107843000966,40.627242946624754,0.5700918316841126,0.0038476816844195127,0.041024999963119625,0.6382474899291992,0.1819358468055725,1.1018341779708862,6.4586381912231445,-44.127838134765625,49.87370300292969,13.829756736755371,10.738289833068848,0.5939348103882095,8.191369752443018,0.0934692770242691,0.8036684989929199,0.0,0.0,-1.7104777097702026,-1.6977649927139282,0.18077939748764038,0.18309228122234344,0.0003,21.65023422241211
790,316000,-0.001448987313976975,97.59444225311279,0.5706416350603104,0.004342668689787388,0.020175000089220702,0.35055261850357056,0.1817394345998764,0.3058410584926605,10.037030220031738,-67.4912109375,54.674217224121094,14.681368827819824,12.45469856262207,0.6175873207464697,10.685464740522427,0.0628158375620842,0.7029673457145691,0.0,0.0,-1.7081798315048218,-1.702191710472107,0.18119528889656067,0.18228356540203094,0.0003,52.5948371887207
800,320000,-0.002139081623875425,151.73132247924804,0.5735488462448121,0.005031372420489788,0.03535000008530915,0.27608948945999146,0.18162252008914948,0.28276658058166504,12.364563941955566,-93.19393920898438,62.79181671142578,14.081276893615723,14.532366752624512,0.6216041777106905,11.505684806621257,0.08339017629623413,0.4717901051044464,0.0,0.0,-1.699646234512329,-1.7120418548583984,0.18274815380573273,0.18049685657024384,0.0003,68.92123413085938
810,324000,-0.0023339842828467195,256.2715007019043,0.571595333814621,0.004810864105820656,0.017949999910779297,0.24474763870239258,0.18213501572608948,-2.1788458824157715,16.41649055480957,-148.25889587402344,53.672325134277344,11.981156349182129,18.890100479125977,0.6150918426812804,35.4132715633548,0.08347710967063904,1.2942413091659546,0.0,0.0,-1.69600248336792,-1.710060954093933,0.1834152787923813,0.18085476756095886,0.0003,137.31077575683594
820,328000,-0.0005548345026487312,137.33786766052245,0.5692662334442139,0.0027270629070699215,0.0019249999662861229,0.15331965684890747,0.18170517683029175,0.7587562799453735,12.225857734680176,-58.284996032714844,59.94449234008789,12.359501838684082,13.286775588989258,0.6403339925847713,23.86363342741298,0.06349392235279083,1.3321226835250854,0.0,0.0,-1.6964317560195923,-1.7143884897232056,0.183336541056633,0.1800737977027893,0.0003,71.7371826171875
830,332000,-0.0017363089347235316,96.65588081359863,0.5773624449968338,0.0028608893044292927,0.009975000019185245,0.28518253564834595,0.18069469928741455,2.8392772674560547,9.839865684509277,-71.5020751953125,67.07174682617188,15.783219337463379,11.638354301452637,0.5706394456812647,16.337024814317484,0.07042772322893143,1.00275456905365,0.0,0.0,-1.708884835243225,-1.7130123376846313,0.1810675859451294,0.18032178282737732,0.0003,54.56639862060547
840,336000,-0.0038701564897688544,61.4087463760376,0.5900922268629074,0.005893871188163757,0.046625000000931324,0.4300711154937744,0.17991143465042114,0.5882999300956726,7.987212657928467,-41.916778564453125,45.8878173828125,16.314220428466797,10.579981803894043,0.631827172028385,10.461993056620086,0.12436803430318832,0.7607038617134094,0.0,0.0,-1.7162550687789917,-1.7143269777297974,0.17973798513412476,0.18008486926555634,0.0003,38.38106918334961
850,340000,-0.001261026434510133,87.53997722625732,0.5906810307502747,0.0033797617070376873,0.02704999998677522,0.3603947162628174,0.18046677112579346,0.8168820142745972,9.57053279876709,-63.0915641784668,65.77983093261719,16.793371200561523,11.966856956481934,0.6019810520337932,12.060926578040778,0.060928236693143845,0.9936735033988953,0.0,0.0,-1.7140204906463623,-1.710399866104126,0.18014007806777954,0.18079346418380737,0.0003,39.10043716430664
860,344000,-0.0012313535315363034,77.49914356231689,0.5858064210414886,0.0036255891900509596,0.02357500001322478,0.4400866627693176,0.18028828501701355,0.6669521331787109,8.927199363708496,-44.738895416259766,47.52833557128906,17.597095489501953,11.93039608001709,0.5944352053290323,8.452753548298714,0.0983039140701294,1.1610908508300781,0.0,0.0,-1.725657343864441,-1.7008923292160034,0.17805597186088562,0.18252058327198029,0.0003,42.27763748168945
870,348000,-0.00043204109783618884,69.25645122528076,0.5874127602577209,0.0039033181965351105,0.00782499996945262,0.48396211862564087,0.18062734603881836,0.11041925102472305,8.587043762207031,-38.24730682373047,53.287559509277344,18.769495010375977,11.953715324401855,0.5750239355898837,13.837601821238781,0.06131618469953537,0.7468991875648499,0.0,0.0,-1.7279317378997803,-1.6949782371520996,0.17765145003795624,0.1836032271385193,0.0003,36.611793518066406
880,352000,-0.0023012783797137716,65.38884719848633,0.5797022700309753,0.0031667344737797976,0.026125000091269612,0.593994677066803,0.18159127235412598,-0.6797611117362976,8.220324516296387,-37.827613830566406,32.35287857055664,17.540958404541016,12.900992393493652,0.5862623992579924,11.538569212278707,0.06946252286434174,0.6760004162788391,0.0,0.0,-1.7284327745437622,-1.6840533018112183,0.17756246030330658,0.18562006950378418,0.0003,29.02967071533203
890,356000,-0.003123589642503428,58.54999145507813,0.5747041922807693,0.004751789849251509,0.04567500034812838,0.6623259782791138,0.18152038753032684,1.8951462507247925,7.735983371734619,-44.12532424926758,66.88360595703125,19.28914451599121,13.31271743774414,0.6114473336607952,12.647561003856703,0.09221473336219788,1.1093343496322632,0.0,0.0,-1.7347679138183594,-1.6787899732589722,0.17644116282463074,0.18659962713718414,0.0003,28.277170181274414
900,360000,-0.0016262092013304941,77.18511573791504,0.5774646836519242,0.004766096826642752,0.022925000158138573,0.5884526968002319,0.1808549016714096,0.5782228112220764,9.107133865356445,-37.157081604003906,53.667030334472656,20.196470260620117,14.196192741394043,0.6256382391647675,17.91899481728702,0.1005491390824318,1.0820037126541138,0.0,0.0,-1.7396981716156006,-1.6812753677368164,0.17557339370250702,0.1861364245414734,0.0003,47.30781555175781
910,364000,-0.0018077970419180932,63.4692183303833,0.5833961313962936,0.0041515035554766655,0.023299999935552478,0.673172116279602,0.1809510886669159,0.5946934223175049,8.014810562133789,-42.52954864501953,58.5118293762207,20.262035369873047,14.019539833068848,0.6233473126161715,9.978670134005135,0.06547527015209198,1.0190954208374023,0.0,0.0,-1.7385406494140625,-1.6813344955444336,0.17577673494815826,0.18612541258335114,0.0003,34.40068435668945
920,368000,-0.0013482766203334906,170.97868591308594,0.5771167075634003,0.004205717705190182,0.016725000054575504,0.4732407331466675,0.18167676031589508,0.7945917844772339,13.141053199768066,-90.33529663085938,82.94935607910156,20.920093536376953,18.10606575012207,0.6620567827475022,22.724620797840085,0.08163756132125854,0.7802443504333496,0.0,0.0,-1.7322826385498047,-1.6794670820236206,0.17688018083572388,0.1864733099937439,0.0003,83.24671173095703
930,372000,-0.0014872214858270994,150.13245429992676,0.5718679869174957,0.0027447661850601435,0.012025000024586917,0.5417476892471313,0.18204273283481598,-1.6866905689239502,12.442927360534668,-76.26854705810547,53.924644470214844,19.50014305114746,18.381046295166016,0.6813196473706405,23.451961832838222,0.08112090080976486,1.1316215991973877,0.0,0.0,-1.728191614151001,-1.679430365562439,0.1776052862405777,0.18648016452789307,0.0003,80.52489471435547
940,376000,-0.0024554612440942057,119.30024871826171,0.5690839213132858,0.003965970128774643,0.024375000083819032,0.5941818952560425,0.18213938176631927,-0.3452827036380768,11.037923812866211,-63.25764465332031,71.82292938232422,18.046499252319336,17.32693099975586,0.6270107422001463,14.385499054269198,0.0717073604464531,1.121406078338623,0.0,0.0,-1.7271406650543213,-1.679395318031311,0.17779205739498138,0.18648669123649597,0.0003,63.429412841796875
950,380000,-0.0015826218255606372,185.0489306640625,0.567711769938469,0.0033182043116539717,0.011024999944493175,0.4951632022857666,0.18225647509098053,-0.6491597890853882,13.976957321166992,-66.75970458984375,70.25186157226562,19.520862579345703,19.671483993530273,0.668963167852122,30.707601672733066,0.07391783595085144,1.0622042417526245,0.0,0.0,-1.7281948328018188,-1.6771374940872192,0.17760471999645233,0.18690823018550873,0.0003,86.85971069335938
960,384000,-0.0024153846725799666,188.00315650939942,0.5671822094917297,0.0048355464823544025,0.02627500019967556,0.4274592399597168,0.18236351013183594,-1.1803256273269653,14.445115089416504,-143.87168884277344,82.4400863647461,17.545734405517578,19.09052276611328,0.6754653752872366,48.92864366602302,0.0643598884344101,1.184078574180603,0.0,0.0,-1.727175235748291,-1.6769616603851318,0.17778590321540833,0.18694110214710236,0.0003,79.90050506591797
970,388000,-0.00183540037752973,110.92402648925781,0.5691538059711456,0.004385783802717924,0.02827500007580966,0.6458641290664673,0.18176543712615967,1.278322458267212,10.648051261901855,-48.0414924621582,70.5284194946289,17.60751724243164,17.893083572387695,0.683839380847136,17.0504212412071,0.062132276594638824,1.060610055923462,0.0,0.0,-1.7344874143600464,-1.676431655883789,0.1764906346797943,0.18704020977020264,0.0003,63.74611282348633
980,392000,-0.0010235268222255377,95.47205841064454,0.5738046026229858,0.0029284628108143806,0.02390000009443611,0.6145151853561401,0.18174147605895996,0.47381702065467834,10.106486320495605,-52.03553009033203,78.82361602783203,17.871295928955078,16.277833938598633,0.6549936640357575,18.99216384953148,0.08038138598203659,0.8540382385253906,0.0,0.0,-1.7373274564743042,-1.674014687538147,0.17599010467529297,0.18749281764030457,0.0003,43.38798904418945
990,396000,-0.0014088289706545786,73.09027683258057,0.5723781037330627,0.002456572139635682,0.026024999991059304,0.5862850546836853,0.18191412091255188,1.9498870372772217,8.795351028442383,-31.66830825805664,66.5948486328125,20.03160858154297,13.674220085144043,0.5987082843819543,18.212484455730763,0.0754312053322792,0.8568506240844727,0.0,0.0,-1.735252022743225,-1.6741230487823486,0.1763557493686676,0.18747250735759735,0.0003,40.522708892822266
1000,400000,-0.0020478867726807957,356.7474153137207,0.5708594530820846,0.0038157321978360415,0.019574999972246588,0.2956409454345703,0.18193653225898743,-0.2271391600370407,19.141815185546875,-205.653076171875,115.73445129394531,17.88981056213379,22.807939529418945,0.7276209217208173,33.97673665727906,0.07308302819728851,1.21314537525177,0.0,0.0,-1.7330272197723389,-1.6759809255599976,0.17674854397773743,0.18712452054023743,0.0003,183.40489196777344
1010,404000,-1.435514512850844e-05,160.02434844970702,0.5729390144348144,0.002791739534586668,0.002849999973550439,0.54502272605896,0.18137282133102417,-4.04660701751709,12.663328170776367,-80.1644287109375,110.85810852050781,15.124963760375977,18.773836135864258,0.6685637700722392,27.510863995387002,0.049427639693021774,1.1106133460998535,0.0,0.0,-1.7356300354003906,-1.679556965827942,0.17628909647464752,0.186456561088562,0.0003,54.71726608276367
1020,408000,-0.002151935084510477,102.4957682800293,0.5810452508926391,0.00872665736824274,0.042475000210106376,0.6300646066665649,0.180697500705719,-1.1773720979690552,10.380837440490723,-69.30552673339844,69.57542419433594,13.515954971313477,17.067480087280273,0.6697829220489774,18.060142199359685,0.09214002639055252,1.368699073791504,0.0,0.00025,-1.739811897277832,-1.6828606128692627,0.17555341124534607,0.18584159016609192,0.0003,53.47457504272461
1030,412000,-0.0013280303342820864,161.77539604187012,0.5859053057432174,0.003871354041621089,0.0322749999538064,0.5020756721496582,0.18044717609882355,-0.9164049625396729,12.855603218078613,-82.92744445800781,62.259117126464844,13.861875534057617,18.21842384338379,0.6024113044614787,16.487344826046844,0.0657331570982933,0.9094836711883545,0.0,0.0,-1.7412290573120117,-1.6842178106307983,0.1753048151731491,0.18558953702449799,0.0003,69.20256805419922
1040,416000,-0.0019880799386395686,64.72388446807861,0.5904640328884124,0.005773461889475584,0.035775000066496435,0.6975698471069336,0.17984718084335327,-0.9402129054069519,8.208857536315918,-59.179664611816406,40.11830139160156,12.470663070678711,14.926919937133789,0.6222635424907608,12.564352994618128,0.08325880765914917,1.1132259368896484,0.0,0.0,-1.7444652318954468,-1.6876375675201416,0.17473840713500977,0.18495595455169678,0.0003,39.9815559387207
1050,420000,-0.003781222987758519,193.88896644592285,0.5908263915777207,0.006162040866911411,0.053774999659508466,0.4561750292778015,0.18046239018440247,-1.2642414569854736,14.070066452026367,-148.9550323486328,97.94453430175781,11.726597785949707,19.079483032226562,0.6199674486674877,20.53204596975643,0.11491041630506516,1.3737279176712036,0.0,0.0,-1.7413259744644165,-1.6839622259140015,0.17528782784938812,0.185636967420578,0.0003,83.7370376586914
1060,424000,-0.0031994254320306934,88.82158855438233,0.5924235981702805,0.0034122909419238567,0.02149999993853271,0.40976226329803467,0.179146409034729,1.5035566091537476,9.937580108642578,-44.53402328491211,66.38484191894531,12.559223175048828,12.93502140045166,0.6042224474224416,19.583901625836006,0.07372165471315384,1.202370285987854,0.0,0.0,-1.7511301040649414,-1.6889402866363525,0.173577681183815,0.1847151517868042,0.0003,43.48098373413086
1070,428000,-0.001058943536396688,165.38399642944336,0.6025026017427444,0.005166871473193169,0.032650000075809656,0.25491201877593994,0.1791955977678299,0.9378076195716858,13.141757011413574,-84.9044189453125,138.03182983398438,12.726483345031738,15.224732398986816,0.7021716160750714,16.044257302779787,0.07903546094894409,0.924428403377533,0.0,0.0,-1.7488560676574707,-1.6905484199523926,0.17397283017635345,0.18441835045814514,0.0003,84.3480224609375
1080,432000,-0.0024810386138102336,90.55177013397217,0.6014867830276489,0.006073518190532923,0.05297500002663583,0.4286007285118103,0.17929194867610931,-0.6324417591094971,9.762677192687988,-85.7545394897461,51.177364349365234,12.246708869934082,12.915139198303223,0.7039303137917456,10.358480349089785,0.1192694678902626,1.459240198135376,0.0,0.0,-1.7434271574020386,-1.694647192955017,0.17491990327835083,0.183664008975029,0.0003,44.0723876953125
1090,436000,-0.0019506787209200383,132.35238746643066,0.5994186294078827,0.0031003851909190416,0.027799999956041575,0.435107946395874,0.17940270900726318,-1.6396042108535767,12.319037437438965,-111.86135864257812,57.93694305419922,10.819870948791504,16.39056968688965,0.717195042461706,28.753106848786743,0.06522487848997116,1.8884588479995728,0.0,0.0,-1.74598228931427,-1.6910172700881958,0.17447352409362793,0.18433190882205963,0.0003,61.049041748046875
1100,440000,-0.0022307575982980763,243.21012557983397,0.5998320466279984,0.0038065225817263126,0.017399999988265337,0.26005643606185913,0.17915105819702148,1.9150160551071167,16.14707374572754,-49.14237976074219,125.33639526367188,7.430261135101318,18.77130699157715,0.6608779325232663,37.340282237139775,0.041090819984674454,1.5481135845184326,0.0,0.0,-1.7496954202651978,-1.6902400255203247,0.17382687330245972,0.18447524309158325,0.0003,106.43184661865234
1110,444000,-0.002664287557207716,119.4311385345459,0.6055979597568512,0.003984461538493633,0.03109999998472631,0.3964173197746277,0.17845484614372253,0.22764892876148224,11.221606254577637,-88.32486724853516,54.023738861083984,11.68562126159668,14.44397258758545,0.6891210046740093,17.14427236233104,0.08183379471302032,1.1878899335861206,0.0,0.0,-1.7558608055114746,-1.6919978857040405,0.17275847494602203,0.18415124714374542,0.0003,45.740318298339844
1120,448000,-0.0019808147862604517,188.37848945617677,0.6131371241807938,0.0052830674685537815,0.02242500001564622,0.39866822957992554,0.17792364954948425,0.7266548871994019,13.858101844787598,-112.4163818359375,75.38310241699219,10.751951217651367,17.87091064453125,0.672934554884058,23.627907522718946,0.059775032103061676,0.6296210289001465,0.0,0.0,-1.7595701217651367,-1.6942964792251587,0.17211884260177612,0.18372842669487,0.0003,90.54295349121094
1130,452000,-0.001471569104875745,147.01829956054686,0.6146979939937591,0.004069357179105282,0.020000000088475644,0.1640026569366455,0.17823393642902374,0.9636698961257935,12.601457595825195,-59.09204864501953,124.95404052734375,13.187512397766113,13.782193183898926,0.704015754045444,28.26885345777194,0.05252726376056671,0.9179747104644775,0.0,0.0,-1.763070821762085,-1.6876670122146606,0.17151735723018646,0.18495051562786102,0.0003,56.59168243408203
1140,456000,-0.00042802787394393804,88.45952991485596,0.6111382079124451,0.0025404496118426323,0.02669999999459833,0.2574974298477173,0.1782761812210083,0.9468886852264404,9.487565994262695,-55.335227966308594,70.01396942138672,15.53481674194336,11.010468482971191,0.6294239439515866,8.659532362320709,0.1251358687877655,0.97700035572052,0.0,0.0,-1.7605977058410645,-1.6895081996917725,0.1719420701265335,0.1846103072166443,0.0003,48.10236740112305
1150,460000,-0.002328022718089775,176.15747314453125,0.6123319852352143,0.004234793595969677,0.029125000005587934,0.2589982748031616,0.17803236842155457,1.4614418745040894,13.372102737426758,-55.78119659423828,83.96987915039062,16.106029510498047,15.534242630004883,0.7151241034932397,15.352905265822992,0.06863366812467575,0.8981730937957764,0.0,0.0,-1.764668345451355,-1.6883665323257446,0.1712435632944107,0.18482115864753723,0.0003,92.894775390625
1160,464000,-0.0021762242238001052,129.55636863708497,0.617743369936943,0.0035149543546140194,0.025824999902397394,0.39604008197784424,0.17750237882137299,-0.9594296813011169,11.760062217712402,-96.93378448486328,52.392333984375,13.273974418640137,15.132322311401367,0.7546773886666865,21.062190570888255,0.05318991839885712,1.0459522008895874,0.0,0.0,-1.7706475257873535,-1.6885783672332764,0.17022274434566498,0.1847820281982422,0.0003,59.699798583984375
1170,468000,-0.002202500433960812,62.868926200866696,0.6362283444404602,0.0041392045095562935,0.023674999992363156,0.6239438056945801,0.17441526055335999,0.8905400037765503,8.127178192138672,-44.043922424316406,74.3310546875,15.241646766662598,13.25297737121582,0.67709204696069,12.27669903464946,0.0742369145154953,0.773278534412384,0.0,0.0,-1.787298560142517,-1.706947684288025,0.16741181910037994,0.18141868710517883,0.0003,25.27692985534668
1180,472000,-0.0004835425754805289,80.4814469909668,0.6547958832979203,0.0035837977193295956,0.02754999994300306,0.358256459236145,0.17509368062019348,0.7891302704811096,9.264729499816895,-64.01466369628906,45.64216232299805,17.044050216674805,11.565169334411621,0.6560326403598299,13.376356153849734,0.06669262051582336,0.7269189357757568,0.0,0.0,-1.7817050218582153,-1.704647421836853,0.16835086047649384,0.18183648586273193,0.0003,31.22730827331543
1190,476000,-0.000764777628290183,115.30319869995117,0.6523220330476761,0.003114106832072139,0.019099999940954147,0.3892778754234314,0.17398835718631744,2.372206211090088,10.785516738891602,-53.346561431884766,62.84754943847656,18.088546752929688,13.80127239227295,0.6739517171688699,17.64085770107008,0.053802892565727234,0.7467959523200989,0.0,0.0,-1.7895276546478271,-1.7096027135849,0.16703905165195465,0.18093766272068024,0.0003,45.532073974609375
1200,480000,-0.0024022886422040736,114.6020376586914,0.6665325009822846,0.00463764276355505,0.03147500000428408,0.37986916303634644,0.17314165830612183,0.7643871307373047,10.82507610321045,-64.790283203125,60.79682922363281,18.664159774780273,13.746408462524414,0.7553373095686802,13.234452020425207,0.07405631989240646,1.0045889616012573,0.0,0.0,-1.7981606721878052,-1.7110272645950317,0.16560322046279907,0.1806800812482834,0.0003,71.1781005859375
1210,484000,-0.00192483907825153,105.80530448913574,0.6745291823148727,0.004595509264618158,0.029825000101700427,0.4667399525642395,0.17240877449512482,-1.6207724809646606,10.572254180908203,-90.288330078125,54.73487091064453,17.659605026245117,14.47765064239502,0.7424413613240582,19.70105780288913,0.06815750896930695,1.2148096561431885,0.0,0.0,-1.8051317930221558,-1.7127739191055298,0.16445277631282806,0.18036477267742157,0.0003,44.82308578491211
1220,488000,-0.001986736474872577,117.16229507446289,0.6904812777042388,0.002672632923349738,0.030499999946914613,0.43595296144485474,0.17063841223716736,-0.10250720381736755,10.858329772949219,-66.23380279541016,55.60686111450195,19.509309768676758,14.457904815673828,0.722060015617257,10.820463438940893,0.09032326936721802,0.7591642141342163,0.0,0.0,-1.8220961093902588,-1.7170768976211548,0.1616864800453186,0.17959032952785492,0.0003,53.062774658203125
1230,492000,-0.0024368665195714147,88.24518051147462,0.6982164537906647,0.0028286222368478775,0.022050000014714896,0.46405577659606934,0.17141976952552795,1.6526120901107788,9.60781192779541,-52.069950103759766,57.45183563232422,21.547321319580078,13.123952865600586,0.7124865619103125,15.769053257800657,0.07062311470508575,1.329541802406311,0.0,0.0,-1.8266957998275757,-1.7043254375457764,0.16094449162483215,0.18189503252506256,0.0003,31.611177444458008
1240,496000,-0.0006482408789434446,151.23564414978028,0.6969032669067383,0.004256852436810732,0.010325000039301813,0.4274022579193115,0.17062878608703613,-1.0329865217208862,12.513800621032715,-98.65531158447266,69.97113800048828,21.409523010253906,16.53729248046875,0.7147444611153613,20.46070343435374,0.05986926704645157,0.8001693487167358,0.0,0.0,-1.8291791677474976,-1.7108490467071533,0.16054528951644897,0.1807122826576233,0.0003,86.70948791503906
1250,500000,-0.0008884114207292448,124.13427017211914,0.7061485278606415,0.0028725704178214073,0.02394999999087304,0.5016694068908691,0.16999158263206482,0.44966036081314087,11.238635063171387,-96.46391296386719,70.64339447021484,19.635046005249023,15.920430183410645,0.8252037336049628,13.45311099235009,0.0651923269033432,0.8543683290481567,0.0,0.0,-1.8322491645812988,-1.7151875495910645,0.16005316376686096,0.1799299716949463,0.0003,63.96087646484375
1260,504000,-0.0030731833966419764,114.04666625976563,0.722207846045494,0.004836839623749256,0.041524999947287144,0.5576730966567993,0.16754150390625,0.4618059992790222,10.875178337097168,-66.98774719238281,70.60065460205078,20.878562927246094,16.351768493652344,0.7423038643030057,13.77090885098693,0.08138750493526459,1.4515659809112549,0.0,0.0,-1.8394333124160767,-1.736274242401123,0.1589074432849884,0.1761755645275116,0.0003,54.406497955322266
1270,508000,-0.001913325595712374,115.49584785461425,0.7380837434530259,0.003393936902284622,0.027599999979138375,0.5632412433624268,0.16763852536678314,-2.883011817932129,10.836708068847656,-87.01332092285156,76.42314910888672,18.6701602935791,16.397459030151367,0.7673778261946922,22.150618671838114,0.07098599523305893,1.0342810153961182,0.0,0.0,-1.835324764251709,-1.7388898134231567,0.15956167876720428,0.1757153570652008,0.0003,61.50371551513672
1280,512000,-0.0016570291414500372,71.72351879119873,0.7337434768676758,0.005287982523441315,0.03814999991562217,0.5820586681365967,0.168171688914299,0.3218305706977844,8.728654861450195,-35.458499908447266,66.90478515625,19.30811309814453,13.501738548278809,0.6993462461473403,11.726019358372897,0.07495954632759094,0.9351562857627869,0.0,0.0,-1.8342297077178955,-1.7338290214538574,0.1597364991903305,0.17660686373710632,0.0003,29.74530601501465
1290,516000,-0.0015999793365403115,134.42403343200684,0.7367523801326752,0.005315016023814678,0.01942499986384064,0.5171297788619995,0.16680556535720825,-0.8099784255027771,11.817338943481445,-69.02762603759766,65.39281463623047,19.058202743530273,17.006088256835938,0.7402052969438203,19.263931455314104,0.07972177863121033,0.7887334227561951,0.0,0.0,-1.8447322845458984,-1.739868402481079,0.15806762874126434,0.17554350197315216,0.0003,54.98907470703125
1300,520000,-0.004372645450278653,121.3657911682129,0.7538824599981307,0.004714149981737137,0.04964999992866069,0.5733442306518555,0.16580531001091003,-0.5977979302406311,11.091950416564941,-71.95834350585938,64.03710174560547,17.439199447631836,16.981229782104492,0.7251139416603669,13.966715321908922,0.049990419298410416,0.5940682888031006,0.0,0.0,-1.8526201248168945,-1.744199275970459,0.1568257212638855,0.17478488385677338,0.0003,79.37996673583984
1310,524000,-0.001802903858863285,123.84781196594238,0.7613508266210556,0.0024133860133588314,0.03634999972302467,0.5789058804512024,0.16539475321769714,-1.8972597122192383,11.18730640411377,-99.29444122314453,73.57444763183594,15.807720184326172,17.239948272705078,0.8340113661861084,18.36565983897234,0.046314433217048645,0.6280298233032227,0.0,0.0,-1.852445363998413,-1.7490657567977905,0.15685313940048218,0.1739363670349121,0.0003,53.66581726074219
1320,528000,-0.0008505819550930038,170.99897727966308,0.7663225704431533,0.004349931608885527,0.028999999975785614,0.49527817964553833,0.164859801530838,-1.1533817052841187,13.09521198272705,-82.47175598144531,75.21263885498047,16.83686065673828,18.43259620666504,0.8028234405888454,21.27884127599415,0.06976766139268875,0.4923100471496582,0.0,0.0,-1.8607516288757324,-1.7477582693099976,0.15555566549301147,0.17416393756866455,0.0003,99.38933563232422
1330,532000,-0.0008456109354462571,169.38097358703612,0.7743292993307114,0.002347796456888318,0.00942499992903322,0.2902476191520691,0.16436225175857544,1.0045273303985596,13.430657386779785,-61.731834411621094,81.6654281616211,16.267927169799805,15.942039489746094,0.748886648024284,23.18775489326418,0.048569194972515106,1.1314817667007446,0.0,0.0,-1.8663007020950317,-1.7485296726226807,0.15469487011432648,0.1740296334028244,0.0003,83.2156982421875
1340,536000,-0.0010913586743949112,126.41817283630371,0.7762923842668533,0.003054586239159107,0.017949999901466073,0.47599029541015625,0.1644594818353653,-1.1326333284378052,11.272177696228027,-67.0696792602539,63.37248992919922,13.664470672607422,15.571776390075684,0.7533065570166394,11.844718933897022,0.05823366716504097,0.45443347096443176,0.0,0.0,-1.86781644821167,-1.7460689544677734,0.1544605791568756,0.17445839941501617,0.0003,57.863399505615234
1350,540000,-0.00010508990277157792,118.52737190246582,0.7811428219079971,0.005274205468595028,0.01982499996200204,0.4688073396682739,0.16345052421092987,1.2052301168441772,10.941688537597656,-63.96976089477539,69.56646728515625,15.613398551940918,15.012682914733887,0.7279929740324911,11.22050956087145,0.04961090534925461,0.5895275473594666,0.0,0.0,-1.8734477758407593,-1.752685785293579,0.15359319746494293,0.17330783605575562,0.0003,52.513309478759766
1360,544000,-0.001398038844109033,202.90634422302247,0.7944234770536422,0.004388435278087854,0.017574999877251685,0.17843097448349,0.16247963905334473,1.8334447145462036,14.532163619995117,-60.195430755615234,93.7828598022461,17.11825180053711,16.032758712768555,0.7146951596660517,24.783177283681457,0.0752449780702591,0.8938627243041992,0.0,0.0,-1.8810547590255737,-1.7571837902069092,0.1524292528629303,0.17253006994724274,0.0003,89.98301696777344
1370,548000,-0.0019621561823412793,88.94861591339111,0.7945485138893127,0.0040063452906906605,0.03692500000353902,0.4706922769546509,0.1635541170835495,-0.9470505714416504,9.484249114990234,-48.41554641723633,49.84360885620117,15.8955078125,13.036134719848633,0.715243730959558,9.987703432140723,0.062367696315050125,0.44345220923423767,0.0,0.0,-1.8688453435897827,-1.7555826902389526,0.1543017327785492,0.1728065311908722,0.0003,49.46232986450195
1380,552000,-0.0011525420147751042,108.69133781433105,0.7893752199411392,0.004350178875029087,0.020824999986216425,0.3854227066040039,0.1625625640153885,-1.190887689590454,10.504936218261719,-82.13536834716797,72.77655029296875,15.254302024841309,13.400012016296387,0.7540487087663101,11.906504620906155,0.08983123302459717,0.7155603170394897,0.0,0.0,-1.8624368906021118,-1.7729490995407104,0.15529373288154602,0.16983139514923096,0.0003,59.18491744995117
1390,556000,-0.0029115584536397376,93.90617294311524,0.7999294400215149,0.0049604433588683605,0.036124999946914614,0.41977888345718384,0.1620643138885498,0.10402248799800873,9.784628868103027,-51.19903564453125,94.17364501953125,15.145777702331543,12.845398902893066,0.7414430369016871,10.399292672944553,0.098555788397789,0.9889548420906067,0.0,0.0,-1.8682090044021606,-1.7735540866851807,0.15439994633197784,0.16972868144512177,0.0003,50.58902359008789
1400,560000,-0.0010467601965304318,78.06742588043213,0.809739156961441,0.0036066598258912563,0.01732499998062849,0.44642311334609985,0.1610216200351715,-0.2586576044559479,8.999537467956543,-62.70614242553711,61.301025390625,14.404552459716797,12.095705032348633,0.7003757213768182,9.756181900682702,0.07160042971372604,0.8939871788024902,0.0,0.0,-1.8664813041687012,-1.7875107526779175,0.154666930437088,0.1673762947320938,0.0003,31.237876892089844
1410,564000,-0.0005332405776905946,75.00608753204345,0.8232855331897736,0.0024249297566711903,0.027024999991990626,0.47759461402893066,0.15983706712722778,1.7536743879318237,8.672048568725586,-47.08295440673828,61.79998779296875,16.36467933654785,11.998249053955078,0.737142298365614,11.968475154447178,0.06118001043796539,0.8292866349220276,0.0,0.0,-1.8688100576400757,-1.7995883226394653,0.15430717170238495,0.16536696255207062,0.0003,41.5539436340332
1420,568000,-0.0006300747048138877,137.6249343109131,0.8357722103595734,0.0055079092271625996,0.017524999976158143,0.29697084426879883,0.1591128408908844,0.984470546245575,11.782588958740234,-79.29656219482422,87.27765655517578,17.020227432250977,14.052515029907227,0.7688751286302146,12.214803963820403,0.05522199347615242,0.5922162532806396,0.0,0.0,-1.8703243732452393,-1.806962490081787,0.15407367050647736,0.16415199637413025,0.0003,87.39875793457031
1430,572000,-0.0017269003068056898,64.70813480377197,0.8446925753355026,0.004455666057765484,0.04267500014975667,0.5337605476379395,0.15813282132148743,-0.32554537057876587,8.156989097595215,-57.34871292114258,31.617427825927734,16.694320678710938,11.94607925415039,0.6583363106695073,8.002676756099728,0.08135706931352615,0.7360954284667969,0.0,0.0,-1.8766323328018188,-1.8130191564559937,0.15310484170913696,0.1631607711315155,0.0003,32.805110931396484
1440,576000,-0.0039994585959124375,96.69368698120117,0.8511513847112656,0.005973094142973423,0.04615000000689179,0.4488082528114319,0.15811482071876526,-0.2774198055267334,10.108891487121582,-71.0534896850586,49.41512680053711,16.798070907592773,13.616083145141602,0.704358948687511,15.503463059594514,0.09581609070301056,0.8006265163421631,0.0,0.0,-1.8744103908538818,-1.8153295516967773,0.15344540774822235,0.16278426349163055,0.0003,44.768959045410156
1450,580000,-0.0004977545674671991,169.49084732055664,0.8563678532838821,0.002254053484648466,0.007349999914877117,0.37411773204803467,0.15721407532691956,-0.6613021492958069,13.22087287902832,-77.51139831542969,57.47882843017578,16.395614624023438,16.711437225341797,0.7406562383953608,18.59203441145745,0.06689869612455368,0.6944661140441895,0.0,0.0,-1.8816226720809937,-1.8196316957473755,0.15234270691871643,0.1620854288339615,0.0003,87.12446594238281
1460,584000,-0.0010515347116539487,72.5421770477295,0.8636127161979675,0.0025040488690137863,0.022774999979883432,0.630711555480957,0.15740713477134705,0.5749990344047546,8.656509399414062,-47.04393768310547,53.6787109375,16.661977767944336,14.244916915893555,0.7056709333841955,9.458441536203912,0.06916039437055588,1.0864102840423584,0.0,0.0,-1.8892277479171753,-1.810173511505127,0.15118852257728577,0.16362574696540833,0.0003,37.87464141845703
1470,588000,-0.0006378824693558372,108.05439094543458,0.864304610490799,0.004265359602868557,0.013175000040791928,0.5650963187217712,0.15681278705596924,-1.4286363124847412,10.545490264892578,-60.64213562011719,53.988075256347656,15.12686538696289,15.990800857543945,0.8058495429228367,18.19270027697696,0.04777601361274719,0.7150185108184814,0.0,0.0,-1.8934812545776367,-1.8135219812393188,0.15054680407047272,0.16307877004146576,0.0003,55.160064697265625
1480,592000,-0.0010864763304103775,90.5483553314209,0.8713063794374466,0.0030304293613880873,0.022299999915994705,0.5151772499084473,0.15644791722297668,0.003546234220266342,9.76206111907959,-59.42741775512695,59.500606536865234,15.027909278869629,14.020065307617188,0.7510579927134561,12.370509736450911,0.06257819384336472,0.8592769503593445,0.0,0.0,-1.8976805210113525,-1.8141283988952637,0.14991594851016998,0.16297991573810577,0.0003,39.974605560302734
1490,596000,-0.0010756424864121073,141.64884353637694,0.8839725881814957,0.006164332386106253,0.03934999990742653,0.4037637710571289,0.15490266680717468,0.32598888874053955,11.934886932373047,-76.80032348632812,86.13914489746094,14.770689010620117,15.456428527832031,0.7745695365386308,9.428744521383674,0.10402311384677887,0.6262144446372986,0.0,0.0,-1.9066321849822998,-1.8249518871307373,0.148579940199852,0.16122540831565857,0.0003,78.8664321899414
1500,600000,-0.0010294988794179538,135.94855072021485,0.8988121694326401,0.00376242958009243,0.015799999968148768,0.38814717531204224,0.15389102697372437,-2.635434150695801,11.751923561096191,-71.66268157958984,65.79177856445312,12.535470962524414,15.023996353149414,0.7990650290300607,21.65166909763293,0.08685360103845596,0.6813043355941772,0.0,0.0,-1.9175772666931152,-1.8274729251861572,0.14696258306503296,0.16081945598125458,0.0003,55.93045425415039
1510,604000,-0.0009777917486717325,62.16745719909668,0.9077146935462952,0.006455053575336933,0.028649999904446305,0.5348431468009949,0.15395048260688782,1.6863460540771484,7.993119716644287,-43.53014373779297,50.43650817871094,14.394149780273438,11.71970272064209,0.7488964236738826,12.062881606436274,0.0806543380022049,0.7883044481277466,0.0,0.0,-1.917088508605957,-1.82718026638031,0.1470344215631485,0.16086652874946594,0.0003,31.85329818725586
1520,608000,0.00010370245512749455,87.13074550628662,0.9076911956071854,0.003376667620614171,0.0089499999769032,0.42293548583984375,0.15373706817626953,2.823787212371826,9.421184539794922,-37.53992462158203,49.07366943359375,17.1743221282959,12.402046203613281,0.6799190130093116,17.836938008602278,0.06160980835556984,0.96463942527771,0.0,0.0,-1.9173283576965332,-1.8296172618865967,0.14699916541576385,0.1604749858379364,0.0003,51.55849075317383
1530,612000,-0.0013626056652283314,175.45520057678223,0.9040000319480896,0.0022474571596831083,0.008174999947659672,0.28958165645599365,0.1546187847852707,-1.2283210754394531,13.410589218139648,-107.7093276977539,65.96379089355469,16.62180519104004,15.910754203796387,0.7811781955398941,18.947981048731524,0.057665981352329254,0.7684857249259949,0.0,0.0,-1.9097574949264526,-1.8255980014801025,0.14811629056930542,0.16112126410007477,0.0003,98.11334228515625
1540,616000,-0.003226781653296167,75.52222816467285,0.8898301070928574,0.005739477463066578,0.04237499997485429,0.4838511347770691,0.1555265188217163,0.29773813486099243,8.738895416259766,-52.47978973388672,68.90043640136719,17.16196632385254,12.16379451751709,0.7095210786071026,8.857749575250294,0.10455843061208725,0.71202152967453,0.0,0.0,-1.902745246887207,-1.8208106756210327,0.1491585671901703,0.16189447045326233,0.0003,35.59394454956055
1550,620000,-0.001514263760515311,91.78320854187012,0.8832504969835281,0.004999847617000341,0.026200000117532908,0.43691354990005493,0.1559934765100479,-0.6846135258674622,9.64012622833252,-43.216976165771484,51.08494567871094,15.984210968017578,12.846806526184082,0.7857259391917043,9.172094967225823,0.09011264145374298,0.8843562602996826,0.0,0.0,-1.8942004442214966,-1.8229506015777588,0.1504385769367218,0.16154839098453522,0.0003,46.33474349975586
1560,624000,-0.002424236102218855,75.39783203125,0.8763392525911331,0.0036256075836718082,0.043749999962747095,0.503747820854187,0.1565750688314438,-1.0948466062545776,8.774484634399414,-57.719444274902344,35.85829544067383,15.423745155334473,12.455764770507812,0.7369729681676014,11.794755485834749,0.08128425478935242,0.7871144413948059,0.0,0.0,-1.889452338218689,-1.8201862573623657,0.15115457773208618,0.16199557483196259,0.0003,41.457305908203125
1570,628000,-0.0020339429395360644,81.93214496612549,0.879062882065773,0.0039528366178274155,0.04145000006537884,0.4226170778274536,0.15519796311855316,0.09607677906751633,9.171662330627441,-49.26097869873047,66.96533203125,15.827163696289062,12.070244789123535,0.7292598573282237,7.852335067001553,0.051755402237176895,1.198303461074829,0.0,0.0,-1.9028397798538208,-1.824790358543396,0.1491444855928421,0.16125145554542542,0.0003,43.68177032470703
1580,632000,-0.00022040044745153865,137.48805335998534,0.8973819917440414,0.0047750575467944145,0.0236999998614192,0.29639774560928345,0.15396752953529358,1.0422773361206055,11.759941101074219,-91.012939453125,58.911842346191406,16.61899757385254,14.019791603088379,0.786121988308199,8.794322760793913,0.07301470637321472,0.4899371862411499,0.0,0.0,-1.9076005220413208,-1.8357181549072266,0.14843614399433136,0.1594989150762558,0.0003,66.37461853027344
1590,636000,-0.00045784908537025435,117.47908782958984,0.9113377290964126,0.0030856721568852663,0.007174999909475446,0.30370986461639404,0.1529073864221573,-1.5312329530715942,10.982987403869629,-78.18541717529297,43.99710464477539,15.188579559326172,13.162105560302734,0.7919019302473171,13.842084442604405,0.04871557280421257,0.8690707683563232,0.0,0.0,-1.9164159297943115,-1.840856671333313,0.14713335037231445,0.15868143737316132,0.0003,63.824249267578125
1600,640000,-0.002041236334724097,175.87913497924805,0.9193886178731918,0.006455906666815281,0.04387499992735684,0.2599540948867798,0.15306150913238525,0.9752282500267029,13.34811782836914,-81.3121337890625,69.35722351074219,15.153852462768555,15.516390800476074,0.7752800380144587,11.801927676592111,0.08434459567070007,0.8247073292732239,0.0,0.0,-1.9137969017028809,-1.841346025466919,0.14751921594142914,0.15860380232334137,0.0003,83.49496459960938
1610,644000,-0.0014255411848556855,157.29000503540038,0.9195799136161804,0.0036615892313420773,0.02512499999254942,0.313484251499176,0.1526075154542923,0.42094630002975464,12.570388793945312,-73.72090148925781,81.11764526367188,16.302019119262695,15.1713228225708,0.7613789465602463,8.799650137172987,0.0700998529791832,0.6617206931114197,0.0,0.0,-1.9139775037765503,-1.8469183444976807,0.14749257266521454,0.15772245824337006,0.0003,102.8036880493164
1620,648000,-0.001405062239868129,211.36179527282715,0.9235102158784866,0.007835520431399345,0.052550000133924184,0.16843104362487793,0.15270540118217468,1.1429578065872192,14.689080238342285,-50.8928337097168,132.71192932128906,17.611051559448242,16.108142852783203,0.7525306456461628,16.171922926819448,0.08863140642642975,0.804038941860199,0.0,0.0,-1.9094536304473877,-1.849921703338623,0.14816130697727203,0.15724948048591614,0.0003,115.24512481689453
1630,652000,-0.0020636399735885825,132.9938508605957,0.9203031378984451,0.004465518053621054,0.0304500000923872,0.21880221366882324,0.15269532799720764,0.9826627969741821,11.631731986999512,-60.23746109008789,92.67037963867188,18.548004150390625,13.160242080688477,0.7154139574793694,11.41004770961895,0.07440174371004105,1.1135692596435547,0.0,0.0,-1.9076060056686401,-1.851793885231018,0.1484353095293045,0.15695536136627197,0.0003,87.09131622314453
1640,656000,-0.0017377118518470524,209.43014739990235,0.9237202334403992,0.005250639282166958,0.032125000115484,0.2235548496246338,0.15239787101745605,0.7614331245422363,14.82175064086914,-89.66767883300781,89.36285400390625,19.5704288482666,16.820701599121094,0.787299554345531,19.041717665250754,0.06726028770208359,1.9758074283599854,0.0,0.0,-1.9133776426315308,-1.8501429557800293,0.1475810706615448,0.1572147011756897,0.0003,103.33917999267578
1650,660000,-0.0019131739167336259,300.2830206298828,0.9264696437120438,0.003127217758446932,0.018449999894946813,0.23454827070236206,0.1522039771080017,-0.9280811548233032,17.42400360107422,-121.752685546875,96.64110565185547,19.226734161376953,19.915401458740234,0.7771170650790582,22.512365056796256,0.07545734196901321,0.7731470465660095,0.0,0.0,-1.9140055179595947,-1.8520220518112183,0.14748844504356384,0.15691953897476196,0.0003,143.02618408203125
1660,664000,-0.0018218107837696174,185.12592727661132,0.9266988831758499,0.004171938635408878,0.023225000039674343,0.4694688320159912,0.1523609161376953,0.3292516767978668,14.0936918258667,-75.30042266845703,76.80683898925781,19.295679092407227,19.3494815826416,0.6868218410895811,24.93759902810164,0.054631996899843216,1.61053466796875,0.0,0.0,-1.9124424457550049,-1.8514924049377441,0.147719144821167,0.15700267255306244,0.0003,94.13131713867188
1670,668000,-0.002154783108920668,136.09381492614747,0.9280837619304657,0.0034872260875999928,0.024699999964796007,0.6113994121551514,0.15199227631092072,-0.8924319744110107,11.864025115966797,-76.40601348876953,38.285377502441406,18.39617919921875,19.03182029724121,0.7470379352601095,21.855360412146375,0.06225516274571419,1.7546347379684448,0.0,0.0,-1.9172884225845337,-1.851639986038208,0.14700505137443542,0.1569795161485672,0.0003,72.09395599365234
1680,672000,-0.0022446097469581263,352.94743606567386,0.9341601055860519,0.0033851214684545994,0.015025000078603626,0.3749721050262451,0.15142440795898438,-0.6817481517791748,19.025442123413086,-93.682373046875,117.94874572753906,18.44489860534668,24.06495475769043,0.8850653160326941,39.40779790341085,0.06543971598148346,1.343370795249939,0.0,0.0,-1.9231773614883423,-1.8533776998519897,0.1461418718099594,0.15670695900917053,0.0003,162.9621124267578
1690,676000,-0.0018309604720343486,193.29943969726563,0.9394491916894913,0.004154422786086798,0.0174500000057742,0.4984782934188843,0.15129053592681885,-0.4497902989387512,14.051602363586426,-72.95542907714844,86.15071105957031,17.83019256591797,19.841796875,0.771603675975017,21.40948361993604,0.06155773997306824,0.9632814526557922,0.0,0.0,-1.927617073059082,-1.850958228111267,0.1454944908618927,0.157086580991745,0.0003,82.3968276977539
1700,680000,-0.0008224443523180547,185.953095703125,0.9409117954969406,0.003417408559471369,0.008274999931454658,0.511693000793457,0.15118399262428284,-3.6244137287139893,13.978662490844727,-103.08956909179688,48.45481491088867,13.384011268615723,20.004104614257812,0.7465915288173073,38.870838726868534,0.046169575303792953,1.7859150171279907,0.0,0.0,-1.9287948608398438,-1.851224422454834,0.14532321691513062,0.15704476833343506,0.0003,99.5441665649414
1710,684000,-0.002045168818658567,243.73499420166016,0.9401957339048386,0.004914904944598675,0.03617499992251396,0.42294609546661377,0.151479110121727,-1.0121210813522339,15.842440605163574,-115.46183776855469,53.92692184448242,13.264411926269531,20.855178833007812,0.7353600663758805,23.78983327466283,0.05439634621143341,1.0250298976898193,0.0,0.0,-1.931762456893921,-1.8447450399398804,0.144892618060112,0.15806561708450317,0.0003,110.294189453125
1720,688000,-0.0023846189724572486,130.44190124511718,0.9418820250034332,0.006144464947283268,0.04374999988824129,0.49791473150253296,0.1508435606956482,1.4964470863342285,11.615382194519043,-62.422489166259766,55.98225402832031,13.54236125946045,16.392484664916992,0.7720248921757531,16.26251603921852,0.09404636919498444,0.8666378259658813,0.0,0.0,-1.934921145439148,-1.8499091863632202,0.14443565905094147,0.15725144743919373,0.0003,75.10496520996094
1730,692000,-0.0028371400409669145,109.93025489807128,0.9508790463209152,0.005855385214090347,0.041500000171363356,0.3753392696380615,0.15032094717025757,-0.09803527593612671,10.937549591064453,-67.22541046142578,72.47713470458984,13.82064437866211,13.838784217834473,0.7582575572883385,16.895984081932603,0.09169671684503555,1.1335488557815552,0.0,0.0,-1.9343385696411133,-1.857116937637329,0.14451982080936432,0.156122088432312,0.0003,53.736595153808594
1740,696000,-0.0032494966019556235,86.45568672180175,0.957708705663681,0.0038956988137215376,0.03877499997150153,0.4859788417816162,0.14959409832954407,0.693449079990387,9.41482162475586,-49.25704574584961,60.96550750732422,14.307071685791016,13.131719589233398,0.7360213625696354,9.60110713505354,0.08713092654943466,0.9244441986083984,0.0,0.0,-1.9218387603759766,-1.8782944679260254,0.14633764326572418,0.15285058319568634,0.0003,46.48973083496094
1750,700000,-0.0028590967765798323,68.73063201904297,0.9707210355997086,0.004514059517532587,0.03832500010263175,0.5617601275444031,0.14844559133052826,0.13752570748329163,8.390748977661133,-56.638301849365234,35.54792022705078,15.17929458618164,12.674907684326172,0.7418216359111568,7.585897615380089,0.11405861377716064,0.771253228187561,0.0,0.0,-1.9269943237304688,-1.8884506225585938,0.14558511972427368,0.15130604803562164,0.0003,33.39088821411133
1760,704000,-0.0012482617031477283,241.73573974609374,0.9801023608446121,0.004238950554281473,0.02712499993853271,0.3537248373031616,0.1480853259563446,-3.3302574157714844,15.691951751708984,-86.31002807617188,101.74661254882812,11.441165924072266,19.519479751586914,0.853425890536759,27.60174413700234,0.06831572949886322,1.0198111534118652,0.0,0.0,-1.92843496799469,-1.8918333053588867,0.1453755497932434,0.1507951021194458,0.0003,127.8274917602539
1770,708000,-0.0023960492086094742,175.88507797241212,0.9903595119714736,0.0051836734637618065,0.03345000026281923,0.2888794541358948,0.14660052955150604,1.6339659690856934,13.474104881286621,-57.67577362060547,104.39752960205078,13.003918647766113,15.978217124938965,0.7864169905775656,14.91352240259668,0.08042347431182861,1.0079001188278198,0.0,0.0,-1.9378045797348022,-1.9025931358337402,0.14401978254318237,0.14918126165866852,0.0003,95.74172973632812
1780,712000,-0.0021231135385045485,90.73992797851562,0.9992301255464554,0.004029254429042339,0.03900000004563481,0.4882591962814331,0.1471690833568573,-0.1582919955253601,9.589861869812012,-74.68383026123047,48.02745819091797,13.180055618286133,13.405632972717285,0.7629600079207344,8.777633262998801,0.05919039621949196,0.6254271268844604,0.0,0.0,-1.9323445558547974,-1.900259017944336,0.14480829238891602,0.14952988922595978,0.0003,48.997066497802734
1790,716000,-0.0021958044194281667,314.6690701293945,0.9960077041387558,0.0032335848081856966,0.025175000089220703,0.2728115916252136,0.14697220921516418,-1.4485673904418945,17.80716323852539,-165.5642547607422,94.47421264648438,11.159314155578613,20.881959915161133,0.767109986128573,13.343023941223072,0.07716278731822968,0.6920656561851501,0.0,0.0,-1.9284993410110474,-1.9066435098648071,0.14536617696285248,0.14857825636863708,0.0003,184.78330993652344
1800,720000,-0.002038211208239229,239.51365463256835,0.9996104162931442,0.004579947330057621,0.03465000002179295,0.2886326313018799,0.14664635062217712,1.9272676706314087,15.583553314208984,-85.25642395019531,96.98582458496094,14.022485733032227,18.476491928100586,0.7725110609795233,15.040581907629214,0.05927544832229614,1.934471845626831,0.0,0.0,-1.9297970533370972,-1.9097660779953003,0.1451776623725891,0.14811503887176514,0.0003,102.23751068115234
1810,724000,-0.003945938915767329,162.6847046661377,1.0059292995929718,0.006478455848991871,0.06299999982118606,0.377791166305542,0.1460561752319336,0.6900026202201843,12.831295013427734,-74.33377075195312,55.96012878417969,14.057413101196289,16.266809463500977,0.7735166047465397,10.437495771463,0.07983874529600143,1.0685648918151855,0.0,0.0,-1.9327116012573242,-1.9148956537246704,0.14475513994693756,0.14735721051692963,0.0003,76.63118743896484
1820,728000,-0.001536228879606636,147.22772087097167,1.0010076725482941,0.004299660213291645,0.02964999970048666,0.3986818790435791,0.14750221371650696,1.0367000102996826,12.254390716552734,-84.15824127197266,83.0074234008789,15.805645942687988,15.803001403808594,0.7551685084874228,11.109147618977447,0.08142105489969254,1.325608253479004,0.0,0.0,-1.9230679273605347,-1.904839277267456,0.1461578756570816,0.1488465517759323,0.0003,77.29097747802734
1830,732000,-0.0016092347565809196,113.28965606689454,0.9917910093069077,0.0028728735633194447,0.03532499989960343,0.3988335132598877,0.14716282486915588,0.841630756855011,10.729302406311035,-67.11454010009766,47.125125885009766,14.925121307373047,13.838024139404297,0.7357607580063452,8.070637230895265,0.05744815245270729,0.7833375334739685,0.0,0.0,-1.9262007474899292,-1.9063293933868408,0.14570070803165436,0.14862492680549622,0.0003,52.162986755371094
1840,736000,-0.0021307468311366384,80.6919139099121,1.0032264542579652,0.004753446206450462,0.04532500002067536,0.45261937379837036,0.14600104093551636,-0.5666968822479248,9.039353370666504,-55.47252655029297,48.34267044067383,13.3919038772583,12.217789649963379,0.7642411673607907,6.982258531059517,0.10116441547870636,0.9132742285728455,0.0,0.0,-1.941760540008545,-1.9068275690078735,0.14345116913318634,0.14855089783668518,0.0003,32.69016647338867
1850,740000,-0.0019142454006578192,138.10830574035646,1.0156553745269776,0.004745776765048504,0.030949999843724072,0.2830227017402649,0.14539465308189392,0.7142557501792908,11.871247291564941,-58.88887405395508,72.73914337158203,15.430386543273926,14.01986026763916,0.7377393258526446,11.25721474008547,0.08378160744905472,0.8212794065475464,0.0,0.0,-1.950911045074463,-1.9061957597732544,0.14214451611042023,0.14864479005336761,0.0003,55.74956130981445
1860,744000,-0.0017625249770404472,92.5078956604004,1.0158929657936095,0.0035424220841377974,0.02520000000949949,0.40126335620880127,0.1455979347229004,0.7242358922958374,9.650789260864258,-60.240318298339844,50.91680908203125,16.779071807861328,12.47225284576416,0.7496756598712124,7.441804215630119,0.08474745601415634,0.6250667572021484,0.0,0.0,-1.9487007856369019,-1.9055768251419067,0.14245903491973877,0.14873681962490082,0.0003,41.71813201904297
1870,748000,-0.00038343912710843143,97.92461158752441,1.0148414814472198,0.0019577378407120705,0.008774999952875078,0.364265501499176,0.1458297073841095,-1.779237985610962,10.471992492675781,-57.68376922607422,68.66432189941406,15.427312850952148,13.133831977844238,0.7663249131013038,24.82410182285736,0.0413331463932991,1.6384735107421875,0.0,0.0,-1.9450346231460571,-1.9059782028198242,0.14298225939273834,0.14867714047431946,0.0003,36.962276458740234
1880,752000,-0.001658898398264319,107.37237342834473,1.0149856638908386,0.004553396254777908,0.02852500005159527,0.3639051914215088,0.1454690843820572,0.8248502016067505,10.443974494934082,-39.951351165771484,61.56878662109375,15.32516860961914,13.09498119354248,0.7538981962110975,10.950233458967706,0.06363731622695923,1.0938011407852173,0.0,0.0,-1.941474199295044,-1.914293885231018,0.14349225163459778,0.1474459171295166,0.0003,51.803035736083984
1890,756000,-0.0013542476672999371,82.60375537872315,1.014265478849411,0.0030711120925843716,0.015824999972246588,0.49870139360427856,0.14605958759784698,-0.5775576233863831,9.544638633728027,-51.746299743652344,83.16607666015625,15.496070861816406,13.48066234588623,0.8076232532723141,14.759127883974791,0.08561347424983978,1.679000735282898,0.0,0.0,-1.9328842163085938,-1.9146798849105835,0.14473015069961548,0.1473890244960785,0.0003,41.81534194946289
1900,760000,-0.0010598390990300645,124.55117950439453,1.0107724368572235,0.0033167502842843533,0.020000000004656612,0.3659318685531616,0.14580637216567993,0.6451221704483032,11.456803321838379,-54.804359436035156,77.65756225585938,16.002593994140625,14.387836456298828,0.8009018717512753,16.374500389723035,0.05371546745300293,1.375383973121643,0.0,0.0,-1.9346579313278198,-1.9163771867752075,0.14447368681430817,0.1471390575170517,0.0003,59.821502685546875
1910,764000,-0.0013138653728805361,113.10501167297363,1.0204982221126557,0.004555786494165659,0.028850000076927243,0.3786223530769348,0.14473982155323029,0.40050792694091797,10.7920503616333,-64.76290130615234,59.2804069519043,16.78791046142578,13.690714836120605,0.7093846366742315,10.742968522292845,0.06868237257003784,1.0544284582138062,0.0,0.0,-1.945377230644226,-1.9204134941101074,0.14293329417705536,0.1465463489294052,0.0003,51.529842376708984
1920,768000,-0.00080266438917588,130.53650413513185,1.0259669530391693,0.0017373207956552505,0.010299999970011414,0.3793686032295227,0.1450476348400116,0.10741449147462845,11.638557434082031,-58.071441650390625,62.32835388183594,17.19481086730957,14.773460388183594,0.7187507164648117,13.415327285309631,0.07286632061004639,0.8414087295532227,0.0,0.0,-1.9486663341522217,-1.9130370616912842,0.14246393740177155,0.14763134717941284,0.0003,69.48448181152344
1930,772000,-0.0013834423894273672,85.0623314666748,1.026635581254959,0.0038939162623137236,0.02017500003334135,0.45586079359054565,0.14445140957832336,-0.18705341219902039,9.354280471801758,-57.279048919677734,42.834747314453125,16.755874633789062,12.68105411529541,0.6753356038100035,8.52900486855061,0.07361597567796707,0.8797745704650879,0.0,0.0,-1.9575591087341309,-1.9125709533691406,0.1412026733160019,0.14770016074180603,0.0003,54.641143798828125
1940,776000,-0.0019262782477031148,76.4588137435913,1.0298268842697142,0.0029415967874228954,0.019499999978579582,0.5125440359115601,0.14497092366218567,1.1764798164367676,8.885007858276367,-43.04649353027344,73.20933532714844,18.161500930786133,12.725947380065918,0.7643137879955261,12.512189478344913,0.08403809368610382,0.8493929505348206,0.0,0.0,-1.9524235725402832,-1.9104605913162231,0.14192968606948853,0.1480122059583664,0.0003,48.006290435791016
1950,780000,-0.0011795381893862221,81.19208595275879,1.0259680461883545,0.004321387968957424,0.023700000080280007,0.5380740165710449,0.1447196900844574,0.03840158134698868,9.092382431030273,-47.249969482421875,46.14926528930664,18.524507522583008,13.378008842468262,0.7899562666636791,10.288619796582502,0.07032305002212524,0.7416731119155884,0.0,0.0,-1.955803394317627,-1.9106199741363525,0.14145079255104065,0.14798860251903534,0.0003,33.35422134399414
1960,784000,-0.0025133110332884834,86.73798580169678,1.0352534127235413,0.006180305499583483,0.049624999989755454,0.5540736317634583,0.14363348484039307,-0.5104287266731262,9.417213439941406,-50.81031036376953,61.49331283569336,17.03609848022461,14.102328300476074,0.7208550750287928,10.269265323615393,0.08684519678354263,0.6951013803482056,0.0,0.0,-1.9620035886764526,-1.9194303750991821,0.14057648181915283,0.1466904878616333,0.0003,42.10830307006836
1970,788000,-0.0031995243604673275,122.410581741333,1.0427530777454377,0.004658220801502466,0.03412500006146729,0.4365007281303406,0.1437806934118271,1.5469833612442017,11.17086124420166,-48.16367721557617,74.9524917602539,20.752378463745117,14.881269454956055,0.8357456764242162,16.010297692292735,0.05020233243703842,0.9466767907142639,0.0,0.0,-1.9569810628890991,-1.9222526550292969,0.1412843018770218,0.14627708494663239,0.0003,60.5124397277832
1980,792000,-0.0015213683733388272,117.22429054260255,1.047274830341339,0.003874193411320448,0.02002500002272427,0.39023756980895996,0.1428121030330658,1.0542094707489014,10.945366859436035,-78.03971862792969,71.12535095214844,18.290203094482422,14.016837120056152,0.7435179865307745,10.55334385730848,0.08647015690803528,1.0300800800323486,0.0,0.0,-1.9642858505249023,-1.928485631942749,0.14025601744651794,0.14536817371845245,0.0003,64.91732025146484
1990,796000,-0.0018930817873610063,202.7555467224121,1.058931086063385,0.0023401116486638784,0.010099999960511924,0.4298743009567261,0.14223149418830872,3.3033833503723145,14.268144607543945,-104.72461700439453,100.72174072265625,24.341033935546875,18.896535873413086,0.8522828880260412,28.91603977184164,0.05053770914673805,1.314146637916565,0.0,0.0,-1.970605731010437,-1.9303969144821167,0.13937240839004517,0.14509059488773346,0.0003,85.1568832397461
2000,800000,-0.0031201183929806574,142.37300468444823,1.0622535157203674,0.005266610998660326,0.038300000093877316,0.5316179990768433,0.14235450327396393,-0.7633287310600281,12.197257041931152,-85.15469360351562,55.765228271484375,22.67829704284668,17.82223129272461,0.7947655561370242,25.545593540664385,0.08635539561510086,0.7631130814552307,0.0,0.0,-1.9692070484161377,-1.9300459623336792,0.13956747949123383,0.14514152705669403,0.0003,56.50979995727539
2010,804000,-0.0009607073400260569,155.84142921447753,1.0613212776184082,0.002783563919365406,0.016524999919347465,0.5535280704498291,0.1423066407442093,0.8203568458557129,12.982636451721191,-93.57894897460938,88.98584747314453,23.59090232849121,19.4296875,0.7843998219544385,29.09118293861786,0.0448358878493309,1.173363208770752,0.0,0.0,-1.9713424444198608,-1.9286552667617798,0.13926976919174194,0.14534351229667664,0.0003,88.97628784179688
2020,808000,-0.0024078666767367364,94.71056884765625,1.0656662833690644,0.004017157480120659,0.025625000027939677,0.6555904150009155,0.1417853832244873,0.8404507040977478,9.785547256469727,-42.37147521972656,83.19175720214844,26.92329216003418,16.67429542541504,0.8254120356926891,12.274920246564978,0.06790485233068466,0.9311967492103577,0.0,0.0,-1.9797427654266357,-1.9278128147125244,0.13810475170612335,0.14546601474285126,0.0003,56.439544677734375
2030,812000,0.00021255043931305728,155.10647270202637,1.0697419667243957,0.0026858425699174404,0.012099999976344407,0.5496609210968018,0.1419275999069214,-0.4431459903717041,12.810830116271973,-73.59153747558594,119.16328430175781,26.51067543029785,19.09006690979004,0.9019691809659623,30.69980068177465,0.053345996886491776,0.7428380250930786,0.0,0.0,-1.9799635410308838,-1.9256501197814941,0.13807427883148193,0.14578095078468323,0.0003,50.69741439819336
2040,816000,-0.002483998138039167,106.72761360168457,1.0730150139331818,0.0027084138710051775,0.031900000032037495,0.6230952739715576,0.14107507467269897,1.014588475227356,10.355122566223145,-58.59021759033203,72.62762451171875,24.110137939453125,16.867061614990234,0.745481445163824,14.71217537059884,0.06505270302295685,0.5668521523475647,0.0,0.0,-1.994039535522461,-1.9241091012954712,0.13614435493946075,0.1460057646036148,0.0003,59.919525146484375
2050,820000,-0.0011976533642160093,112.86364654541016,1.0806255280971526,0.004711727611720562,0.02554999993182719,0.6564891338348389,0.14099335670471191,0.964195728302002,10.786060333251953,-35.89312744140625,96.92056274414062,26.347673416137695,18.403169631958008,0.8629907289226126,17.962129894362143,0.049266714602708817,0.872277021408081,0.0,0.0,-1.9940502643585205,-1.9252188205718994,0.13614289462566376,0.14584383368492126,0.0003,48.7502555847168
2060,824000,-0.0018279087136339545,126.65231620788575,1.081404092311859,0.0037692240439355373,0.014624999910593033,0.44774043560028076,0.14081335067749023,-0.870608389377594,11.601924896240234,-68.9010009765625,53.03144836425781,24.32056427001953,15.611995697021484,0.8384593574192363,25.302113407388916,0.08113815635442734,0.7768892049789429,0.0,0.0,-1.9984296560287476,-1.9236094951629639,0.13554798066616058,0.14607873558998108,0.0003,64.20850372314453
2070,828000,-0.0015258666920657583,180.234868850708,1.0850103247165679,0.0040672882460057735,0.023350000116042793,0.47507429122924805,0.14072680473327637,1.9130544662475586,13.738045692443848,-61.5432243347168,96.12252044677734,29.797618865966797,18.961645126342773,0.9874062885425654,34.28344819349673,0.06235388293862343,0.8742702007293701,0.0,0.0,-2.000040054321289,-1.923301339149475,0.13532985746860504,0.1461237668991089,0.0003,98.12577056884766
2080,832000,-0.0002146295117861996,206.3060011291504,1.085984367132187,0.00223889690823853,0.003324999967589974,0.5159591436386108,0.14063653349876404,-1.7377487421035767,14.8216552734375,-116.90088653564453,74.03702545166016,30.63680648803711,21.30373191833496,0.8286125791583967,39.65028762960322,0.058575235307216644,1.057343602180481,0.0,0.0,-1.998003363609314,-1.926430106163025,0.13560576736927032,0.14566729962825775,0.0003,90.99217987060547
2090,836000,-0.001676048728112074,141.8519374847412,1.0901098680496215,0.0031696557998657227,0.024249999881722033,0.628402054309845,0.1399874985218048,-1.0827553272247314,12.108835220336914,-68.65794372558594,69.404052734375,25.95659828186035,19.863954544067383,0.8298160510415669,24.75945159171741,0.07538169622421265,1.0027341842651367,0.0,0.0,-2.002232074737549,-1.9314254522323608,0.13503354787826538,0.14494144916534424,0.0003,65.08155822753906
2100,840000,-0.0011747361623070907,163.50520584106445,1.0984068489074708,0.0020428462885320187,0.020699999830685555,0.6007891893386841,0.13953742384910583,0.3422693610191345,12.98425006866455,-71.03659057617188,92.73164367675781,26.805429458618164,20.55018424987793,0.9383406399762139,26.765994218441538,0.033872995525598526,0.9673430323600769,0.0,0.0,-2.0025100708007812,-1.937394618988037,0.13499601185321808,0.1440788358449936,0.0003,67.45833587646484
2110,844000,-0.0011662302193115436,360.740369720459,1.1027111101150513,0.002659934340044856,0.011149999974295497,0.4605258107185364,0.13942286372184753,-3.3116862773895264,19.724563598632812,-202.98611450195312,53.11962890625,24.69188690185547,26.854808807373047,0.9365221179410693,91.27940344913877,0.04948845133185387,1.1739697456359863,0.0,0.0,-2.0019688606262207,-1.939494252204895,0.1350691020488739,0.14377665519714355,0.0003,174.3958282470703
2120,848000,-0.0008597172048248459,181.4918243408203,1.102163405418396,0.0032947298604995012,0.014775000032968819,0.5960479974746704,0.1396147608757019,0.4868658483028412,13.804083824157715,-86.72442626953125,122.23089599609375,26.584129333496094,21.71914291381836,0.9402591302469843,32.14812274542489,0.08844229578971863,1.0781776905059814,0.0,0.0,-1.9995301961898804,-1.9391186237335205,0.13539887964725494,0.14383067190647125,0.0003,69.4288101196289
2130,852000,-0.001722274354187574,175.13211219787598,1.1003551065921784,0.0024280499201267958,0.03597499985713512,0.6325076222419739,0.13975682854652405,-1.3993885517120361,13.356125831604004,-178.54360961914062,58.040611267089844,24.059581756591797,22.032123565673828,0.9309751536929716,32.70927094277752,0.05850575864315033,0.8077852725982666,0.0,0.00025,-2.001169443130493,-1.935607671737671,0.1351771056652069,0.14433653652668,0.0003,104.79304504394531
2140,856000,-0.001647413317766766,309.67165802001955,1.0982059240341187,0.00348794087767601,0.025249999933876097,0.47814488410949707,0.13972730934619904,-1.6400314569473267,17.876575469970703,-142.4845733642578,77.77445983886719,21.647233963012695,24.746246337890625,1.0256001737512637,51.413747894640984,0.052471864968538284,0.6669560074806213,0.0,0.0,-2.000730514526367,-1.9364280700683594,0.135236456990242,0.14421816170215607,0.0003,152.84056091308594
2150,860000,-0.0040881035650265395,111.96469993591309,1.101920267343521,0.005311872810125351,0.04657500001136214,0.7042741775512695,0.13929513096809387,-2.291081428527832,10.714990615844727,-60.58638000488281,50.568084716796875,18.06947135925293,19.703672409057617,0.7845750929708645,25.682844842064004,0.05450321361422539,0.666164755821228,0.0,0.0,-2.0091919898986816,-1.9345223903656006,0.13409698009490967,0.14449326694011688,0.0003,56.22880172729492
2160,864000,-0.0007272117200365713,293.20978530883787,1.1043105983734132,0.005202127154916525,0.03312500009778887,0.48673516511917114,0.13963794708251953,1.6504101753234863,17.20779800415039,-92.98929595947266,125.69514465332031,21.763656616210938,24.018980026245117,1.0052878730454118,26.899131212004985,0.057386625558137894,0.9555665254592896,0.0,0.0,-2.005093574523926,-1.933588981628418,0.1346476972103119,0.14462819695472717,0.0003,127.57734680175781
2170,868000,-0.0012852646953426293,238.6298567199707,1.1011676394939423,0.004034436773508787,0.018199999942444266,0.4719427227973938,0.1394384354352951,-1.5819097757339478,15.671873092651367,-68.09152221679688,67.35094451904297,20.186206817626953,21.56653594970703,0.954311296130531,31.400895235896986,0.09431968629360199,0.8453119993209839,0.0,0.0,-2.0057191848754883,-1.9357681274414062,0.13456349074840546,0.14431338012218475,0.0003,122.16873931884766
2180,872000,4.362694424489666e-05,76.8616493988037,1.1077992844581603,0.004077859688550234,0.04737499989103526,0.7054163813591003,0.1385425478219986,-1.4272964000701904,8.875097274780273,-39.19074249267578,48.97789764404297,17.393796920776367,16.3519229888916,0.9999752410214044,14.733753446494323,0.0790061205625534,0.8301552534103394,0.0,0.0,-2.01288104057312,-1.9415464401245117,0.13360320031642914,0.14348189532756805,0.0003,33.948028564453125
2190,876000,-0.0005982389954035172,108.0542862701416,1.1155424690246583,0.004324730020016432,0.03007500005885959,0.44692450761795044,0.13841688632965088,0.06375018507242203,10.77599048614502,-44.52714538574219,68.63628387451172,17.236719131469727,14.489886283874512,1.0165370370804983,18.814032234351572,0.07733707129955292,0.7855334281921387,0.0,0.0,-2.0051839351654053,-1.950533151626587,0.13463552296161652,0.14219824969768524,0.0003,41.33116149902344
2200,880000,-0.0023974533230368246,129.48089904785155,1.1227528190612792,0.00692517776042223,0.05982499956153333,0.48383671045303345,0.1377280354499817,-0.9608701467514038,11.453145980834961,-124.35671997070312,59.49000549316406,16.290931701660156,15.94157600402832,0.9201969861638821,12.729729739898495,0.08711831271648407,0.9230344295501709,0.0,0.0,-2.0051910877227783,-1.9602620601654053,0.1346345692873001,0.14082151651382446,0.0003,43.45914840698242
2210,884000,-0.002597814700882015,303.9122782897949,1.1309418308734893,0.00846178736537695,0.060474999751895665,0.26148557662963867,0.137274831533432,1.0105177164077759,17.544353485107422,-110.50786590576172,116.74446105957031,17.55516815185547,20.41539764404297,0.9476459496173868,21.211008887858476,0.059359241276979446,1.0273442268371582,0.0,0.0,-2.0124828815460205,-1.9597529172897339,0.13365641236305237,0.14089323580265045,0.0003,118.60334014892578
2220,888000,-0.0022866517017653674,108.80334243774413,1.1343542802333832,0.005061641335487366,0.05447499992791563,0.5529985427856445,0.1372411847114563,-0.7360893487930298,10.592317581176758,-65.52887725830078,53.53894805908203,17.235063552856445,15.842966079711914,0.8951406436115481,13.953343858923777,0.07517259567975998,0.9583507180213928,0.0,0.0,-2.010277271270752,-1.962328314781189,0.13395152986049652,0.14053083956241608,0.0003,49.2598762512207
2230,892000,-0.0014597199026407993,155.04079803466797,1.1346205484867096,0.003134641330689192,0.035500000235624614,0.42950379848480225,0.1372494399547577,0.015224914997816086,12.531908988952637,-97.44943237304688,91.16071319580078,17.208738327026367,16.591699600219727,0.7978261052786144,14.596951944108524,0.0479380264878273,0.8788161873817444,0.0,0.0,-2.0168609619140625,-1.955976128578186,0.13307254016399384,0.14142635464668274,0.0003,75.90865325927734
2240,896000,-0.0007437776879931323,105.32280982971191,1.135549911260605,0.004529113415628672,0.025350000043399632,0.5258259773254395,0.1371692419052124,0.32194316387176514,10.379316329956055,-77.77484893798828,56.817100524902344,16.911956787109375,15.073006629943848,0.7800413988432924,10.093156151233353,0.0780913457274437,0.9190787076950073,0.0,0.0,-2.021721601486206,-1.9525537490844727,0.13242727518081665,0.14191120862960815,0.0003,46.40959548950195
2250,900000,-0.00172682363779459,265.5418812561035,1.1351442587375642,0.005047808401286602,0.033525000042282045,0.33633339405059814,0.13724246621131897,-1.271165132522583,16.34001350402832,-121.52279663085938,108.48108673095703,15.652853965759277,20.05752944946289,0.9113039185353732,18.05034768486839,0.06300905346870422,0.6620349884033203,0.0,0.0,-2.0178253650665283,-1.9551682472229004,0.132944256067276,0.14154066145420074,0.0003,118.99867248535156
2260,904000,-0.0018892690659704314,184.17766876220702,1.1386098408699035,0.0037673984188586473,0.022724999971687795,0.4781947135925293,0.13670596480369568,-1.0776560306549072,13.906750679016113,-75.38105010986328,56.78521728515625,14.817974090576172,19.25180435180664,0.9083910972435789,21.094337860121783,0.05811283364892006,1.0972559452056885,0.0,0.0,-2.020782947540283,-1.9599868059158325,0.1325516551733017,0.14086027443408966,0.0003,90.90729522705078
2270,908000,-0.0010392023209949918,164.29124046325683,1.1407970666885376,0.003373717190697789,0.01897499998100102,0.5328501462936401,0.13696272671222687,-0.11745385825634003,13.082551002502441,-87.06904602050781,89.512451171875,15.438987731933594,19.140989303588867,0.9113709436892508,25.326082381869504,0.06637334078550339,1.1520799398422241,0.0,0.0,-2.0198075771331787,-1.9572631120681763,0.1326809972524643,0.14124445617198944,0.0003,75.8867416381836
2280,912000,-0.0014595759407762677,128.49167678833007,1.1463510012626648,0.0036323885433375835,0.012899999995715917,0.647493839263916,0.13587071001529694,-0.755050778388977,11.609245300292969,-72.61625671386719,58.822444915771484,14.893560409545898,19.55332374572754,0.832645473321965,25.804510672600898,0.06691880524158478,1.1894443035125732,0.0,0.0,-2.033846378326416,-1.959633231163025,0.13083133101463318,0.1409101039171219,0.0003,57.6002311706543
2290,916000,-0.00040392091230496697,83.56614734649658,1.1572709155082703,0.002243342809379101,0.02127500002272427,0.6958571672439575,0.13558630645275116,0.5955782532691956,9.293697357177734,-39.25973892211914,62.80158615112305,14.498546600341797,16.8519344329834,0.853096807137398,14.733871336534605,0.08098993450403214,1.196547031402588,0.0,0.0,-2.0335257053375244,-1.9639770984649658,0.13087329268455505,0.14029932022094727,0.0003,41.700592041015625
2300,920000,-0.001479842737440773,152.30001655578613,1.1643853747844697,0.003644075244665146,0.02612499987706542,0.5631607174873352,0.13472771644592285,-1.5795204639434814,12.411273002624512,-83.21292114257812,59.63218688964844,12.73367977142334,18.77826690673828,0.9066906458032187,21.845474203385674,0.06691058725118637,0.7687095999717712,0.0,0.0,-2.0444252490997314,-1.9661065340042114,0.12945456802845,0.14000087976455688,0.0003,75.1570053100586
2310,924000,-0.0012623384264938053,166.0475291442871,1.1722183978557588,0.0022477880120277405,0.014399999938905238,0.5442906618118286,0.1348254382610321,-1.7488771677017212,13.299919128417969,-88.88639068603516,71.03462982177734,11.287942886352539,19.70176124572754,0.8077549721601254,39.69032750653341,0.035400714725255966,1.0644105672836304,0.0,0.0,-2.0430116653442383,-1.9660186767578125,0.1296376883983612,0.140013188123703,0.0003,55.73081588745117
2320,928000,-0.0019238222415591721,180.2851542663574,1.1702205765247344,0.0029676880221813917,0.03547499985899776,0.5938224792480469,0.13487814366817474,-0.3504657447338104,13.548954963684082,-73.03813934326172,78.24279022216797,9.19054889678955,21.259246826171875,1.0010600228560467,34.712430601317344,0.04082329943776131,0.7904825806617737,0.0,0.0,-2.039536476135254,-1.9684921503067017,0.13008899986743927,0.13966728746891022,0.0003,101.99127197265625
2330,932000,-0.0018110143526108046,167.706762008667,1.165893670320511,0.0049816397950053215,0.041924999943003055,0.5469891428947449,0.13547949492931366,0.7361617684364319,13.144837379455566,-53.411441802978516,64.16438293457031,11.383394241333008,19.529939651489258,0.9305920418404017,30.537704027969415,0.057711899280548096,0.7654175162315369,0.0,0.0,-2.031437873840332,-1.9674553871154785,0.13114681839942932,0.139812171459198,0.0003,77.83126831054688
2340,936000,-0.0028791985433585052,164.5988126373291,1.159947601556778,0.006805452052503824,0.05482499985024333,0.34461432695388794,0.13552258908748627,1.8762333393096924,13.364779472351074,-58.77934265136719,108.87921905517578,12.289844512939453,16.508716583251953,0.852441585663569,30.11012881633691,0.044887203723192215,1.0510212182998657,0.0,0.0,-2.0321617126464844,-1.9661610126495361,0.1310519278049469,0.13999325037002563,0.0003,78.01313018798828
2350,940000,-0.0014812550172039708,147.48386505126953,1.162401751279831,0.0065656439401209354,0.05559999992605299,0.36823511123657227,0.1352183222770691,1.0407315492630005,12.291062355041504,-53.67149353027344,75.8671875,13.952187538146973,15.463638305664062,0.9700269067426945,17.06562241987113,0.05768977478146553,0.7788747549057007,0.0,0.0,-2.0312211513519287,-1.9714024066925049,0.131175234913826,0.1392614245414734,0.0003,70.34679412841797
2360,944000,-0.0021822518895467514,203.15715744018556,1.17034477353096,0.0050213513895869255,0.03265000000130385,0.29226189851760864,0.13426893949508667,-1.9505512714385986,14.4508695602417,-71.1866226196289,65.50019836425781,11.846738815307617,17.177410125732422,0.885946841530223,22.477650856014684,0.07448814809322357,1.0994303226470947,0.0,0.0,-2.0287599563598633,-1.987486720085144,0.13149848580360413,0.1370394080877304,0.0003,118.39119720458984
2370,948000,-0.0008627119830372986,230.3164990234375,1.176168714761734,0.0024854890070855618,0.017874999968335033,0.1961613893508911,0.13470333814620972,-1.0635573863983154,15.546492576599121,-102.23904418945312,92.21619415283203,11.080300331115723,17.339956283569336,0.9025217242339835,26.325855163402913,0.032382089644670486,0.8244471549987793,0.0,0.0,-2.0216562747955322,-1.9879878759384155,0.13243593275547028,0.13697075843811035,0.0003,96.5382308959961
2380,952000,-0.0015909506907977632,138.5414203643799,1.1705338513851167,0.004163593985140324,0.0358249998325482,0.15672606229782104,0.1348186731338501,1.809199333190918,12.020556449890137,-47.80952072143555,69.50242614746094,12.930949211120605,13.090017318725586,0.8992139085313419,15.484215053859359,0.08181270956993103,0.7727515697479248,0.0,0.0,-2.017064094543457,-1.990757942199707,0.133045494556427,0.1365918517112732,0.0003,59.135108947753906
2390,956000,-0.0023968464053468795,139.2734246826172,1.1705120778083802,0.004799400456249714,0.03707499994896352,0.1311016082763672,0.1344444751739502,1.969042181968689,11.849344253540039,-58.952030181884766,73.88719940185547,14.759979248046875,12.711881637573242,0.8481920963988944,12.215967664000384,0.09424393624067307,0.6696596741676331,0.0,0.0,-2.0204427242279053,-1.9929542541503906,0.13259676098823547,0.13629217445850372,0.0003,68.64788055419922
2400,960000,-0.002636566557242439,192.07101150512696,1.1812988674640656,0.004664117004722357,0.0475749999564141,0.1480976939201355,0.13387984037399292,-0.4558195173740387,13.970274925231934,-97.55980682373047,70.60043334960938,14.015946388244629,15.135963439941406,0.9887022623401984,12.881754338750413,0.06443846970796585,0.6985686421394348,0.0,0.0,-2.0201008319854736,-2.0016098022460938,0.13264209032058716,0.13511759042739868,0.0003,96.0569839477539
2410,964000,-0.0004662263611140638,158.93928146362305,1.2005897951126099,0.003367283847182989,0.02032500008121133,0.1590498685836792,0.1314479112625122,1.1920385360717773,12.66141414642334,-70.26061248779297,85.43809509277344,15.014909744262695,13.806928634643555,0.9528983054978829,11.669155122533219,0.06327672302722931,0.6283822059631348,0.0,0.0,-2.0352041721343994,-2.0231213569641113,0.13065381348133087,0.13224205374717712,0.0003,76.96369934082031
2420,968000,-0.0045784958252392234,165.56853172302246,1.2257734787464143,0.0057607414200901985,0.054549999767914414,0.12915092706680298,0.1308700144290924,2.1338703632354736,12.8856201171875,-59.649234771728516,87.56712341308594,17.523109436035156,13.808098793029785,0.895432318175539,13.688226233968171,0.05549538508057594,0.6461079120635986,0.0,0.0,-2.0343663692474365,-2.032735586166382,0.13076330721378326,0.13097672164440155,0.0003,90.41168212890625
2430,972000,-0.0005713031742721774,175.84156478881835,1.2321797692775727,0.0049173664301633835,0.037175000151619314,0.15373295545578003,0.1306891292333603,0.07940148562192917,13.402356147766113,-77.12052917480469,55.942501068115234,17.580976486206055,14.56892204284668,0.9068376132376557,11.62034195638332,0.07966405153274536,0.7664050459861755,0.0,0.0,-2.035295009613037,-2.0345728397369385,0.13064193725585938,0.1307363212108612,0.0003,91.7355728149414
2440,976000,-0.00036301849606054756,173.8760607147217,1.235662474632263,0.0021809027530252934,0.0202999999653548,0.2935258746147156,0.13018903136253357,-2.3536393642425537,13.328326225280762,-76.46342468261719,74.21852111816406,14.551780700683594,15.8572359085083,0.9477825123560184,16.04893341951662,0.056740425527095795,1.1370600461959839,0.0,0.0,-2.040337085723877,-2.037200927734375,0.12998488545417786,0.13039317727088928,0.0003,87.65996551513672
2450,980000,-0.0032993414679942344,196.02696571350097,1.2504753851890564,0.00652289018034935,0.05157500012777746,0.10801577568054199,0.12842175364494324,2.141479015350342,14.344812393188477,-57.678466796875,112.90232849121094,17.318599700927734,15.188549041748047,0.8997743836841207,19.50489918865504,0.07763105630874634,1.3925827741622925,0.0,0.0,-2.056382179260254,-2.04850435256958,0.12791591882705688,0.1289275884628296,0.0003,92.10643768310547
2460,984000,-0.003390554732072637,152.61137245178222,1.2778655505180359,0.0038311625830829144,0.043849999820813536,0.3451775908470154,0.1270611584186554,-1.638579249382019,12.508448600769043,-63.482261657714844,67.77749633789062,14.615463256835938,15.457586288452148,0.8825525015159763,12.897142764066214,0.07352795451879501,0.8168937563896179,0.0,0.0,-2.0670127868652344,-2.059176206588745,0.12656329572200775,0.12755900621414185,0.0003,70.54801177978516
2470,988000,-0.0029232296106212717,265.66151596069335,1.2924876892566681,0.0034528463147580624,0.045699999895878134,0.1720675230026245,0.126550555229187,1.0247244834899902,16.401533126831055,-102.14450073242188,86.74018859863281,15.459933280944824,18.025487899780273,0.9340063954479283,16.26751733815334,0.06416049599647522,0.7112155556678772,0.0,0.0,-2.073875904083252,-2.060396194458008,0.12569764256477356,0.12740348279476166,0.0003,99.66766357421875
2480,992000,-0.0028421652499557304,228.77533676147462,1.2973757600784301,0.007136291358619928,0.05440000027883798,0.2167356014251709,0.12644299864768982,-2.271254539489746,15.208769798278809,-84.34173583984375,81.25690460205078,15.177298545837402,17.18461799621582,0.9734487381164822,20.110441103622637,0.0696093961596489,0.7477662563323975,0.0,0.0,-2.0712761878967285,-2.064661979675293,0.12602485716342926,0.12686116993427277,0.0003,112.41492462158203
2490,996000,-0.0004790336324251143,222.62444839477538,1.2994174563884735,0.004701416473835707,0.011924999952316283,0.3452245593070984,0.12613849341869354,-3.0839264392852783,15.281253814697266,-100.28880310058594,47.561973571777344,9.132851600646973,18.884817123413086,0.9955210383722101,30.441689884356716,0.045669473707675934,1.3957728147506714,0.0,0.0,-2.0757741928100586,-2.065004348754883,0.12545925378799438,0.1268177330493927,0.0003,92.24972534179688
2500,1000000,-0.0033028635835536946,202.97226318359375,1.305576241016388,0.007090677972882986,0.05239999993704259,0.3443620800971985,0.1258333921432495,1.4029755592346191,14.413118362426758,-83.51762390136719,78.4196548461914,9.758166313171387,17.800243377685547,0.9448220639720936,23.953414707725937,0.07133767008781433,0.7871947288513184,0.0,0.0,-2.0763285160064697,-2.069277048110962,0.12538973987102509,0.12627704441547394,0.0003,107.76315307617188
