n_updates,num_timesteps,policy_loss,value_loss,entropy_loss,approx_kl,clip_fraction,explained_variance,log_std_mean,advantage_mean,advantage_std,advantage_min,advantage_max,return_mean,return_std,actor_grad_norm_mean,critic_grad_norm_mean,actor_param_update_norm,critic_param_update_norm,frac_sampled_action_clipped,frac_sampled_action_near_bound,log_std_bid,log_std_ask,action_std_bid,action_std_ask,learning_rate,total_loss
10,4000,-0.0033739642096974444,119.45644180297852,0.1626170401275158,0.00475803017616272,0.04965000012423843,-0.0005459785461425781,0.22275060415267944,3.194200277328491,10.703720092773438,-47.06184387207031,72.40444946289062,3.1989216804504395,10.700799942016602,0.6914228039937054,5.991424350922492,0.11283435672521591,1.5704200267791748,0.0,0.0,-1.4973605871200562,-1.5060633420944214,0.22371986508369446,0.22178132832050323,0.0003,55.61583709716797
20,8000,-0.0015353618046261542,55.58882457733154,0.17011505827307702,0.0032887165434658527,0.01742500006221235,-0.0011823177337646484,0.22160786390304565,1.47930908203125,7.4667816162109375,-38.49188232421875,43.659339904785156,3.9979567527770996,7.462371826171875,0.5770665877751427,3.067400064435502,0.11275753378868103,1.4417322874069214,0.0,0.0,-1.4983826875686646,-1.5153813362121582,0.22349132597446442,0.2197243720293045,0.0003,23.79294204711914
30,12000,-0.003288354933515074,48.671891326904294,0.17528440818190574,0.004667984787374735,0.024475000114180148,0.05268371105194092,0.2218400537967682,2.1152453422546387,6.9594011306762695,-59.910545349121094,33.290313720703125,6.040407657623291,7.150301456451416,0.5884231511627163,5.634547160822328,0.12798704206943512,1.3223780393600464,0.0,0.0,-1.501624345779419,-1.5099903345108032,0.22276800870895386,0.22091209888458252,0.0003,19.35731315612793
40,16000,-0.002706605712944292,42.8115412902832,0.18206868767738343,0.004263508133590221,0.02532499993685633,0.09797012805938721,0.219476118683815,1.6690245866775513,6.54275369644165,-36.40247344970703,27.054676055908203,7.953042507171631,6.888903617858887,0.5914549230732093,4.801418059703682,0.12741652131080627,1.089304804801941,0.0,0.0,-1.513218641281128,-1.5198159217834473,0.2202000916004181,0.21875214576721191,0.0003,21.576770782470703
50,20000,-0.001325506574411879,72.78225460052491,0.19987101197242738,0.003467052010819316,0.015199999958276748,0.08520287275314331,0.2181512415409088,2.8408265113830566,8.42825698852539,-32.83183288574219,73.90864562988281,10.449673652648926,8.812017440795898,0.5908757644861771,9.380734317811179,0.12811346352100372,0.849249005317688,0.0,0.0,-1.5251983404159546,-1.5199419260025024,0.21757790446281433,0.2187245786190033,0.0003,38.25791931152344
60,24000,-0.000926152183821074,49.13001564025879,0.20808255508542062,0.002447396283969283,0.00879999994765967,0.1652577519416809,0.21791136264801025,2.2686526775360107,6.941016674041748,-24.34285545349121,52.53102493286133,12.716812133789062,7.597082614898682,0.5885246331388774,8.43286197615107,0.0642206147313118,0.8093711137771606,0.0,0.0,-1.5285800695419312,-1.5187777280807495,0.21684333682060242,0.2189793735742569,0.0003,25.281490325927734
70,28000,-0.0006676133803681294,53.36703357696533,0.206201454102993,0.0028032781556248665,0.007674999921582639,0.19661861658096313,0.2187497615814209,0.464263379573822,7.403613090515137,-38.57184982299805,32.989192962646484,13.160674095153809,8.260052680969238,0.5571685238894548,5.008291511760057,0.07212219387292862,0.8623809218406677,0.0,0.0,-1.5268365144729614,-1.5128660202026367,0.21722175180912018,0.22027775645256042,0.0003,25.229265213012695
80,32000,-0.0016407132517269928,40.85755237579346,0.20574044331908226,0.0035559118259698153,0.011374999908730388,0.3623806834220886,0.2174765169620514,0.2067410796880722,6.499904632568359,-30.736125946044922,27.265384674072266,13.04190731048584,8.140034675598145,0.5268962971969139,4.7473101809566485,0.11098389327526093,0.7494670152664185,0.0,0.0,-1.5344493389129639,-1.5169559717178345,0.21557435393333435,0.21937866508960724,0.0003,23.740978240966797
90,36000,-0.0023716615384603303,68.0222968673706,0.21686159059405327,0.002795375417917967,0.017950000008568168,0.3419361114501953,0.21672582626342773,0.6114333271980286,8.315939903259277,-57.2393684387207,38.108245849609375,13.433984756469727,10.251261711120605,0.6122337010339096,7.223462162508379,0.0797504186630249,0.6779380440711975,0.0,0.0,-1.5409044027328491,-1.5174771547317505,0.21418730914592743,0.21926435828208923,0.0003,29.576030731201172
100,40000,-0.0009370211445704624,43.447751960754395,0.22404280722141265,0.004214812535792589,0.0165499999653548,0.49319690465927124,0.21596956253051758,0.31417760252952576,6.624449729919434,-34.54824447631836,33.93046569824219,13.865335464477539,9.305295944213867,0.5530274133899685,4.814310564800271,0.12618760764598846,0.3629283905029297,0.0,0.0,-1.5525277853012085,-1.5130964517593384,0.21171212196350098,0.22022700309753418,0.0003,17.90108871459961
110,44000,-0.0008243115328106753,49.07000438690186,0.2308751994371414,0.003356901928782463,0.019025000012479722,0.4437621235847473,0.21521583199501038,0.47814539074897766,7.016366004943848,-41.23291778564453,62.63691711425781,14.17495059967041,9.40766716003418,0.6221760180590151,5.129789566865871,0.08137106895446777,0.5121898651123047,0.0,0.0,-1.5549724102020264,-1.5176043510437012,0.2111952006816864,0.21923647820949554,0.0003,29.805139541625977
120,48000,-0.0009508966468278235,59.51162288665771,0.23843939423561097,0.002376922871917486,0.007949999999254942,0.3859202265739441,0.2143181413412094,0.9599894285202026,7.895481586456299,-39.16801834106445,60.8956413269043,14.989903450012207,10.075490951538086,0.6164122346387569,8.462606556834704,0.07803932577371597,1.0769685506820679,0.0,0.0,-1.5621201992034912,-1.5189335346221924,0.20969100296497345,0.21894526481628418,0.0003,31.427255630493164
130,52000,-0.0009677854709207168,54.42047046661377,0.24829626560211182,0.003231943119317293,0.009274999941699207,0.539207935333252,0.21301999688148499,-0.437049001455307,7.587100982666016,-36.16569519042969,34.632476806640625,14.827652931213379,11.17695140838623,0.5989094343368948,9.969032688344234,0.10480908304452896,0.6211279630661011,0.0,0.0,-1.5692038536071777,-1.5240445137023926,0.20821087062358856,0.21782909333705902,0.0003,26.116172790527344
140,56000,-0.002183895438486072,64.2811610031128,0.2517992979288101,0.0038990124594420195,0.02295000000856817,0.5836937427520752,0.21410857141017914,1.5856469869613647,8.045446395874023,-70.98028564453125,33.898956298828125,15.5995512008667,12.469346046447754,0.5222714294828069,11.362591205988345,0.10799563676118851,0.7088879942893982,0.0,0.00025,-1.5672428607940674,-1.5159586668014526,0.20861957967281342,0.21959756314754486,0.0003,33.7805290222168
150,60000,-0.0011683229218474621,38.174030990600585,0.24554122760891914,0.0030966021586209536,0.006800000001676381,0.6792556047439575,0.21382498741149902,1.7193485498428345,6.180059432983398,-27.933208465576172,52.271427154541016,18.06062126159668,10.912220001220703,0.5783539202749584,9.317545781405501,0.13000339269638062,0.53472501039505,0.0,0.0,-1.5636616945266724,-1.5219676494598389,0.2093680202960968,0.21828198432922363,0.0003,19.16750717163086
160,64000,-0.0017157382423767587,50.76865455627441,0.253237662166357,0.003615799592807889,0.011775000006891786,0.6633216738700867,0.21243593096733093,0.8857415914535522,7.278273582458496,-43.146575927734375,37.28728485107422,19.127849578857422,12.543559074401855,0.5350743189993706,11.701515041780322,0.08657445013523102,0.5449063181877136,0.0,0.0,-1.5715996026992798,-1.5271245241165161,0.20771265029907227,0.2171592116355896,0.0003,27.383020401000977
170,68000,-0.0018769097556498293,71.17511852264404,0.26305336624383924,0.0037381774745881557,0.013300000019371509,0.6347355246543884,0.2120831310749054,1.0599710941314697,8.463723182678223,-48.81142807006836,86.52545166015625,19.52301788330078,14.004181861877441,0.5463914602876936,13.069273820459149,0.10196562856435776,0.5703864097595215,0.0,0.0,-1.5769953727722168,-1.525228500366211,0.20659489929676056,0.21757133305072784,0.0003,33.647499084472656
180,72000,-0.0006090163587632102,59.70874908447266,0.2656549972295761,0.0027270130813121796,0.010524999969638883,0.715327799320221,0.21168509125709534,0.2516462206840515,7.969537734985352,-49.796417236328125,58.93974304199219,18.917741775512695,14.936903953552246,0.58733226332018,13.072882241309392,0.06502610445022583,0.7998507618904114,0.0,0.0,-1.5822935104370117,-1.5238707065582275,0.20550322532653809,0.2178669422864914,0.0003,23.513790130615234
190,76000,-0.00037233430134292256,52.18532810211182,0.26596267491579056,0.0011561834253370762,0.00042499999050050975,0.7449982166290283,0.21243131160736084,-0.5812009572982788,7.674654483795166,-45.8043327331543,30.984024047851562,18.266246795654297,15.198026657104492,0.5401892753664932,18.11308013171522,0.0706426203250885,0.9360539317131042,0.0,0.0,-1.579551339149475,-1.5196197032928467,0.2060675323009491,0.2187950760126114,0.0003,21.063796997070312
200,80000,-0.0006574504728043351,85.75051582336425,0.25936576396226885,0.002913494361564517,0.00887499997857958,0.6161074042320251,0.21277529001235962,-0.3635716736316681,9.52226734161377,-48.976505279541016,55.429595947265625,16.94346046447754,15.36864185333252,0.5389962813737936,14.235460762971515,0.054566606879234314,1.1343733072280884,0.0,0.0,-1.5783257484436035,-1.5176323652267456,0.20632025599479675,0.21923032402992249,0.0003,40.90309143066406
210,84000,-0.0020783002038457176,77.78368015289307,0.2579407584667206,0.0019130498403683305,0.01087499993853271,0.6039415001869202,0.21247056126594543,1.5419468879699707,9.05282211303711,-50.361053466796875,88.65325927734375,19.131488800048828,14.38481616973877,0.5609841870000062,17.038296359820627,0.05806908383965492,0.9271872043609619,0.0,0.0,-1.5817136764526367,-1.5172293186187744,0.20562243461608887,0.2193187177181244,0.0003,48.112545013427734
220,88000,-0.002024161864833971,55.466565742492676,0.26341199040412905,0.002363122534006834,0.012624999992549419,0.7012171745300293,0.21189838647842407,1.3962746858596802,7.508790969848633,-33.74032974243164,41.438655853271484,18.969446182250977,13.737009048461914,0.5359603893376921,12.417069603876252,0.06722104549407959,0.9965565204620361,0.0,0.0,-1.5841317176818848,-1.520187258720398,0.2051258236169815,0.21867093443870544,0.0003,24.393531799316406
230,92000,-0.0023827063027521953,32.37369806289673,0.2736311566829681,0.005222592502832413,0.028925000037997962,0.7921733856201172,0.21033631265163422,0.16435934603214264,5.820918083190918,-33.65891647338867,30.20989990234375,19.507457733154297,12.768529891967773,0.5342139283186575,6.864260722171855,0.08087223023176193,0.663912832736969,0.0,0.0,-1.5952486991882324,-1.524111270904541,0.2028580754995346,0.21781453490257263,0.0003,14.850242614746094
240,96000,-0.002125565808149985,106.443980178833,0.2886868977546692,0.004020942375063896,0.025025000004097818,0.505049467086792,0.20875254273414612,0.4670987129211426,10.39138412475586,-30.532012939453125,121.80044555664062,20.045705795288086,14.770407676696777,0.5621602408788873,11.262188718772606,0.09372829645872116,0.9183868765830994,0.0,0.0,-1.6037726402282715,-1.5307708978652954,0.2011362761259079,0.21636879444122314,0.0003,46.37083053588867
250,100000,-0.0023481603599137093,51.516305122375485,0.30097493588924407,0.003015038790181279,0.019625000040978193,0.6472306251525879,0.20756101608276367,-0.006432204972952604,7.361610412597656,-43.29907989501953,44.2525634765625,18.59866714477539,12.394453048706055,0.5519664088029428,8.420195368207988,0.12020814418792725,1.1389809846878052,0.0,0.00025,-1.6143577098846436,-1.5319974422454834,0.1990184485912323,0.21610356867313385,0.0003,24.728944778442383
260,104000,-0.0017603015216242036,68.44415447235107,0.3106727734208107,0.0029532634653151035,0.019924999875947834,0.6212944388389587,0.20728108286857605,0.40502965450286865,8.366063117980957,-54.10948181152344,79.6953353881836,18.700895309448242,13.594720840454102,0.6059532494008854,7.458183178155459,0.09402763098478317,1.2009084224700928,0.0,0.0,-1.623425006866455,-1.5262917280197144,0.1972220540046692,0.2173401266336441,0.0003,27.64928436279297
270,108000,-0.0025813536903671695,122.02045265197754,0.31425307482481,0.0038577187806367874,0.022249999940395355,0.46365803480148315,0.20659935474395752,-2.2146503925323486,11.187346458435059,-57.94240951538086,62.56907653808594,15.394170761108398,15.27587890625,0.582869097532174,17.845452602154293,0.08342783153057098,0.7429499626159668,0.00025,0.0005,-1.6294655799865723,-1.5271005630493164,0.19603431224822998,0.21716439723968506,0.0003,57.24271774291992
280,112000,-0.0020269846670649704,33.62806484222412,0.32332955360412596,0.003902639728039503,0.034400000059977176,0.7825520038604736,0.20570555329322815,-0.5492402911186218,5.839845180511475,-30.373699188232422,19.839033126831055,17.2177677154541,12.523439407348633,0.6028329556200785,6.104865149108337,0.09990184009075165,0.8154584765434265,0.0,0.0,-1.6367292404174805,-1.5288004875183105,0.19461554288864136,0.21679556369781494,0.0003,14.965749740600586
290,116000,-0.0009815092229429822,36.92752103805542,0.3242129164934158,0.002305639209225774,0.008324999967589975,0.7609527707099915,0.20626960694789886,-0.42830437421798706,6.283845901489258,-26.66847038269043,45.19804382324219,16.897130966186523,12.85238265991211,0.5642131658357148,9.238631449886748,0.10231199860572815,0.8467010855674744,0.0,0.0,-1.637285828590393,-1.5231136083602905,0.19450725615024567,0.21803197264671326,0.0003,17.056299209594727
300,120000,-0.002424089068325701,124.56975654602051,0.3223701286315918,0.0031423098407685757,0.015474999933503568,0.44895535707473755,0.2059977650642395,1.125935435295105,11.595145225524902,-63.425357818603516,62.10405349731445,16.642887115478516,15.620063781738281,0.6225522071392843,18.953442563172448,0.07734259963035583,1.4133000373840332,0.0,0.0,-1.632095456123352,-1.5302752256393433,0.19551944732666016,0.21647608280181885,0.0003,55.0933952331543
310,124000,-0.0014413270663164468,144.05115844726564,0.3246305966377258,0.003601131262257695,0.01477499993517995,0.4214246869087219,0.20600560307502747,-0.15196841955184937,12.177045822143555,-69.35633850097656,52.81843566894531,18.345003128051758,16.00891876220703,0.5670860477291858,14.013260700058904,0.09670905768871307,1.2700169086456299,0.0,0.0,-1.6322249174118042,-1.530085802078247,0.195494145154953,0.21651707589626312,0.0003,88.02764129638672
320,128000,-0.00030386931065731206,26.049910182952882,0.31849346935749057,0.003238359000533819,0.013274999973364175,0.7750234007835388,0.20689281821250916,-0.6474049687385559,5.12345027923584,-30.740236282348633,21.23080825805664,17.107986450195312,10.801743507385254,0.5320306161613128,5.96281759785722,0.11871702969074249,0.5311784148216248,0.0,0.0,-1.6288059949874878,-1.5249956846237183,0.19616365432739258,0.21762199699878693,0.0003,13.025094032287598
330,132000,-0.0027668925697318623,111.9158511352539,0.3214114621281624,0.0035872168373316526,0.022275000140070916,0.4672347903251648,0.20579135417938232,-0.6138013601303101,10.596856117248535,-57.52499008178711,41.54425048828125,17.602352142333984,14.518077850341797,0.6036649765190455,11.529993529368749,0.08417852222919464,0.5036096572875977,0.0,0.0,-1.6381049156188965,-1.526776909828186,0.19434799253940582,0.21723471581935883,0.0003,58.21747970581055
340,136000,-0.0033158733904474504,91.79223220825196,0.3287011507153511,0.00361136207357049,0.031450000056065616,0.552222490310669,0.20557332038879395,-0.30905240774154663,9.695084571838379,-71.23623657226562,53.56070327758789,16.076475143432617,14.488401412963867,0.5919130650838024,12.491345926186744,0.0820779874920845,0.8402475714683533,0.0,0.0,-1.6411807537078857,-1.5260369777679443,0.19375114142894745,0.21739549934864044,0.0003,33.2791862487793
350,140000,-0.0016864984985091702,108.30787654876708,0.3317003411054611,0.0018932170933112502,0.011825000015087427,0.47718745470046997,0.2049466073513031,0.6348182559013367,10.466391563415527,-61.71588134765625,105.49657440185547,16.863054275512695,14.475179672241211,0.652358405948104,10.422628817725794,0.07657551020383835,1.0652495622634888,0.0,0.0,-1.643203616142273,-1.530009388923645,0.1933595985174179,0.21653364598751068,0.0003,50.49029541015625
360,144000,-0.0014485661828876851,44.63535324096679,0.3423349118232727,0.0028199537191540003,0.01822499990928918,0.709760308265686,0.20351570844650269,0.14124169945716858,6.742076396942139,-32.14887237548828,38.54548645019531,17.641468048095703,12.514551162719727,0.5188137671361016,8.496238846849135,0.09546905010938644,0.6283349990844727,0.0,0.0,-1.6520638465881348,-1.5353630781173706,0.19165393710136414,0.21537747979164124,0.0003,22.207765579223633
370,148000,-0.004619548531847979,39.99348125457764,0.3579527631402016,0.006995738483965397,0.052824999978765844,0.7040556073188782,0.20186863839626312,1.370888113975525,6.425421237945557,-28.181320190429688,40.913658142089844,18.210739135742188,11.811267852783203,0.532906220181827,9.293612205212407,0.15008841454982758,0.8816357254981995,0.0,0.0,-1.6690740585327148,-1.5356494188308716,0.18842144310474396,0.2153158187866211,0.0003,20.145444869995117
380,152000,-0.0010628212826661175,81.66678100585938,0.3759342265129089,0.004770322702825069,0.015574999959208071,0.5844531655311584,0.19983163475990295,0.6107454299926758,9.269525527954102,-114.31656646728516,47.80357360839844,18.65013313293457,14.379623413085938,0.6345332501255689,10.881307515477788,0.12692052125930786,1.3452565670013428,0.0,0.0,-1.6784642934799194,-1.5464496612548828,0.18666039407253265,0.21300286054611206,0.0003,29.2117919921875
390,156000,-0.001983101469765103,52.91864906311035,0.3933152413368225,0.003120529931038618,0.021575000025331973,0.6957720518112183,0.19836898148059845,-0.8854899406433105,7.427225112915039,-44.87907791137695,25.150415420532227,18.193653106689453,13.4656400680542,0.5536788923263469,11.518300585610403,0.09134260565042496,0.8054342865943909,0.0,0.0,-1.6886756420135498,-1.551292061805725,0.1847640424966812,0.2119739055633545,0.0003,24.985628128051758
400,160000,-0.002288698651819141,31.158418827056884,0.40227497190237044,0.0034562144428491592,0.0131999999191612,0.8123174905776978,0.19827470183372498,-0.19848711788654327,5.647266864776611,-38.36385726928711,39.442527770996094,17.524887084960938,13.03546142578125,0.5221924496799392,7.0355471122082465,0.1398000568151474,0.5551080703735352,0.0,0.0,-1.6801373958587646,-1.5596908330917358,0.18634836375713348,0.21020106971263885,0.0003,14.653552055358887
410,164000,-0.0008953339896223045,88.74873443603515,0.4012811177968979,0.0024809278547763824,0.01820000009145588,0.5663399696350098,0.19826015830039978,-2.0084545612335205,9.525481224060059,-84.49449157714844,46.53725051879883,15.660694122314453,14.46479320526123,0.5253309898703027,17.78981928918914,0.06243026256561279,0.6692424416542053,0.0,0.0,-1.6735306978225708,-1.5657238960266113,0.18758359551429749,0.2089366912841797,0.0003,37.07191467285156
420,168000,-0.002165351837018714,34.6960231590271,0.41370936125516894,0.0037159337662160397,0.02277500008698553,0.795250654220581,0.19565078616142273,0.42966532707214355,5.936920642852783,-38.32886505126953,28.348363876342773,15.98311710357666,13.120488166809082,0.5831394450647429,7.106989843755588,0.10061589628458023,0.5117121934890747,0.0,0.0,-1.687155842781067,-1.5786348581314087,0.185045063495636,0.20625647902488708,0.0003,15.188135147094727
430,172000,-0.0020370024173636913,63.06321384429932,0.43159441620111466,0.0039039074908941984,0.02672500003129244,0.6745811700820923,0.19514700770378113,0.0043744430877268314,7.989050388336182,-45.518348693847656,41.54308319091797,16.19640350341797,14.00469970703125,0.5438317744881767,10.569604240394456,0.09326639026403427,0.6223880052566528,0.0,0.0,-1.691504716873169,-1.5796270370483398,0.18424208462238312,0.20605193078517914,0.0003,25.831058502197266
440,176000,-0.002370442805327908,42.47456884384155,0.4283555090427399,0.007504599634557962,0.0425750001007691,0.7462261915206909,0.1959858238697052,0.8060418367385864,6.603606700897217,-27.764938354492188,43.17036437988281,17.092763900756836,13.108644485473633,0.5958271060214368,9.953651832009905,0.11350284516811371,0.5902746319770813,0.0,0.0,-1.6854994297027588,-1.5768747329711914,0.18535183370113373,0.20661982893943787,0.0003,24.38101577758789
450,180000,-0.0022127616294019426,56.958619384765626,0.421122068464756,0.005529289599508047,0.04302500001620501,0.704016923904419,0.19682730734348297,-0.446682870388031,7.6934709548950195,-43.19830322265625,49.94609069824219,16.78919219970703,14.14128589630127,0.5667710213272759,10.076428998520402,0.08051297813653946,0.9119001030921936,0.0,0.0,-1.680864930152893,-1.5729045867919922,0.18621285259723663,0.2074417620897293,0.0003,29.600868225097656
460,184000,-0.002703862413964817,68.5074834060669,0.41703924655914304,0.004090305417776108,0.028499999810010196,0.5804142355918884,0.19612877070903778,1.3662596940994263,8.4779052734375,-37.61289978027344,52.44660186767578,17.616966247558594,13.088149070739746,0.5233389737615954,12.344122117746517,0.11200407147407532,1.0173876285552979,0.0,0.0,-1.6798782348632812,-1.580554723739624,0.18639667332172394,0.20586086809635162,0.0003,28.332250595092773
470,188000,-0.0008380759603329358,43.04619758605957,0.4268529358506203,0.0033742350060492754,0.026825000075623395,0.7098619937896729,0.1953216791152954,-0.3148452639579773,6.591980934143066,-40.6889533996582,26.79550552368164,17.235034942626953,12.238089561462402,0.617164406527943,7.922755374436068,0.10565949231386185,0.37620988488197327,0.0,0.0,-1.6835997104644775,-1.5850424766540527,0.1857042759656906,0.2049390971660614,0.0003,26.638324737548828
480,192000,-0.0010005769541487108,168.22567115783693,0.4317314398288727,0.0025476564187556505,0.008224999974481761,0.34289872646331787,0.19513356685638428,1.0792227983474731,13.240741729736328,-37.65986633300781,179.02114868164062,18.423276901245117,16.334135055541992,0.5667736493243539,20.76153908359907,0.06666340678930283,0.9533678293228149,0.0,0.0,-1.6802091598510742,-1.5899680852890015,0.1863349825143814,0.20393212139606476,0.0003,91.76351928710938
490,196000,-0.0007884597740925514,69.55681381225585,0.43371357649564746,0.0033432147465646267,0.02814999995753169,0.6119006872177124,0.19492298364639282,0.5101335644721985,8.405726432800293,-43.56065368652344,45.13291931152344,18.42028045654297,13.492853164672852,0.6235775683687781,10.098338210364528,0.09330929070711136,0.7198234796524048,0.0,0.0,-1.679114818572998,-1.5930383205413818,0.18653902411460876,0.20330695807933807,0.0003,30.639616012573242
500,200000,-0.0017871045307063472,65.3716480255127,0.4392263209819794,0.003883515251800418,0.030650000064633788,0.5989803075790405,0.19361695647239685,0.05245620757341385,8.26648998260498,-38.013362884521484,41.247188568115234,19.01814842224121,13.053841590881348,0.6021680331184421,10.929684714697958,0.08901941031217575,0.8908296823501587,0.0,0.0,-1.6802598237991333,-1.6049065589904785,0.1863255500793457,0.2009083330631256,0.0003,26.44261932373047
510,204000,-0.0016967782785766738,53.56707223892212,0.4462243962287903,0.004401909187436104,0.018024999969638883,0.660994827747345,0.1939309537410736,-0.4115738570690155,7.347394943237305,-34.41168975830078,57.238399505615234,18.198219299316406,12.619153022766113,0.6475231463897941,8.734075947038765,0.10961756110191345,0.5041882991790771,0.0,0.0,-1.6826938390731812,-1.5995404720306396,0.18587259948253632,0.2019893229007721,0.0003,22.864879608154297
520,208000,-0.0010536511489648514,76.1707572555542,0.43993977665901185,0.0038778861053287983,0.016799999931827188,0.5643954277038574,0.19445249438285828,-0.5768994092941284,8.831377029418945,-47.34358215332031,42.17742919921875,18.33635711669922,13.380804061889648,0.5619073026319646,11.208864324246989,0.10700267553329468,0.6802806854248047,0.0,0.0,-1.6794548034667969,-1.5973641872406006,0.18647560477256775,0.20242939889431,0.0003,35.712467193603516
530,212000,-0.0012621265805195492,75.72356018066407,0.43500853568315506,0.003842574078589678,0.024025000035762786,0.5970451831817627,0.19515486061573029,0.12071966379880905,8.86066722869873,-57.76657485961914,38.08681869506836,17.963459014892578,13.958483695983887,0.5297716108281745,12.562433885985602,0.09943899512290955,0.6798405051231384,0.0,0.0,-1.6718864440917969,-1.5974231958389282,0.18789228796958923,0.20241741836071014,0.0003,36.11530303955078
540,216000,-0.0033921813578228475,70.4744548034668,0.4295041382312775,0.005878017749637365,0.03909999980125576,0.6324060559272766,0.1951693594455719,-0.6872190833091736,8.62539005279541,-62.80205535888672,56.296138763427734,17.960216522216797,14.226385116577148,0.6000397868680113,12.579011542261794,0.11035255342721939,0.9002789855003357,0.0,0.0,-1.671012043952942,-1.5980921983718872,0.18805664777755737,0.20228205621242523,0.0003,28.811126708984375
550,220000,-0.0017015061995902237,65.50140434265137,0.4382071086764336,0.0032281349413096905,0.010849999934434891,0.6505919694900513,0.1933252066373825,-1.2550297975540161,8.164674758911133,-54.600624084472656,46.994300842285156,16.93777084350586,13.812504768371582,0.6020767261300325,10.85471908599942,0.11910225450992584,0.8218284249305725,0.0,0.0,-1.6812362670898438,-1.606907606124878,0.18614371120929718,0.20050670206546783,0.0003,33.973453521728516
560,224000,-0.0028358379488570805,56.122021179199216,0.4606032732129097,0.003523752558976412,0.029899999969638883,0.7208364605903625,0.19145414233207703,0.736494243144989,7.542208671569824,-44.47281265258789,33.14179611206055,17.093486785888672,14.274771690368652,0.566884651859803,11.99203751403991,0.09895950555801392,0.45809799432754517,0.0,0.0,-1.688311219215393,-1.6191000938415527,0.1848313808441162,0.19807687401771545,0.0003,26.192359924316406
570,228000,-0.0015328346012240246,35.24883924484253,0.47296098589897156,0.0035453245509415865,0.02377500001806766,0.7942165732383728,0.19078373908996582,0.7664787769317627,6.0296735763549805,-53.944862365722656,30.020505905151367,18.782581329345703,13.291946411132812,0.6012100113047385,7.813754943222741,0.12648949027061462,0.7687689065933228,0.0,0.0,-1.6878924369812012,-1.6262857913970947,0.18490882217884064,0.1966586410999298,0.0003,19.502641677856445
580,232000,-0.0016443948800180764,63.458870067596436,0.4822362381219864,0.003124420763924718,0.013700000001117587,0.6950558423995972,0.18955010175704956,0.6056608557701111,8.139451026916504,-48.43147659301758,62.299217224121094,18.04901123046875,14.739574432373047,0.5383767091684871,12.435553369598322,0.08773453533649445,0.8900277614593506,0.0,0.0,-1.6900073289871216,-1.6369013786315918,0.18451815843582153,0.1945820301771164,0.0003,34.071537017822266
590,236000,-0.0031602531163378435,33.90869535446167,0.490333781838417,0.006896776147186756,0.04892500003799796,0.8220285773277283,0.1894896924495697,0.07718231528997421,5.875754356384277,-45.359466552734375,26.64766502380371,18.395061492919922,13.92799186706543,0.5340040669407479,7.688741852802731,0.11741634458303452,0.5757839679718018,0.0,0.00025,-1.696688175201416,-1.6312243938446045,0.1832895278930664,0.1956898272037506,0.0003,16.72377586364746
600,240000,-0.001571879767676001,92.30023063659668,0.4881027516722679,0.003073337022215128,0.011399999908171594,0.6261183023452759,0.189748615026474,-0.6970437169075012,9.805171012878418,-82.45687103271484,44.155704498291016,17.546859741210938,16.03570556640625,0.561939518336057,15.372286598451328,0.08300747722387314,0.7816632390022278,0.0,0.0,-1.6915349960327148,-1.6334195137023926,0.18423651158809662,0.19526073336601257,0.0003,54.21003723144531
610,244000,-0.0017494395499284999,94.30275779724121,0.4893150180578232,0.0032956909853965044,0.014875000007450581,0.6584649085998535,0.18930906057357788,-0.9493927955627441,9.802915573120117,-84.50106048583984,46.18389129638672,15.908388137817383,16.774036407470703,0.5479603413295489,12.404042365274936,0.08677460998296738,0.6663520336151123,0.0,0.0,-1.6914209127426147,-1.6380400657653809,0.18425752222537994,0.19436059892177582,0.0003,39.556514739990234
620,248000,-0.0009444655123952561,64.8076388168335,0.49271739602088926,0.0015619028126820922,0.02350000014528632,0.6924684047698975,0.18907316029071808,-0.22304026782512665,8.340804100036621,-45.51874542236328,36.95798110961914,13.418825149536133,15.04052734375,0.5205625484207159,12.727929296308476,0.03894319757819176,0.8207605481147766,0.0,0.0,-1.6883561611175537,-1.643391728401184,0.18482308089733124,0.19332320988178253,0.0003,32.933677673339844
630,252000,-0.001863327229034617,168.6811486053467,0.4914518302679062,0.005228578113019466,0.019674999946728347,0.38740241527557373,0.18968582153320312,-1.6765553951263428,13.312934875488281,-76.52027893066406,68.04336547851562,15.255294799804688,17.009288787841797,0.5994233280442173,23.828202295141455,0.11281955242156982,1.1306177377700806,0.0,0.0,-1.682364583015442,-1.6427990198135376,0.18593378365039825,0.1934378445148468,0.0003,73.11666107177734
640,256000,-0.0009187047829269424,53.26050750732422,0.4808290281891823,0.0023374438751488924,0.010774999880231917,0.664940595626831,0.19071564078330994,-0.07713469117879868,7.419257164001465,-50.586830139160156,38.542137145996094,15.582509994506836,12.817387580871582,0.5680720362375644,9.03553007847701,0.08392340689897537,0.6478248238563538,0.0,0.0,-1.6704673767089844,-1.643655776977539,0.18815909326076508,0.1932721734046936,0.0003,25.17493438720703
650,260000,-0.001386406787695158,53.59517585754394,0.4750671887397766,0.0032439250499010086,0.012174999904818833,0.6172709465026855,0.19073277711868286,1.1279089450836182,7.426843166351318,-34.65901184082031,49.485355377197266,16.181148529052734,12.004899978637695,0.5790059574246632,7.8550338863617375,0.09118855744600296,0.7098865509033203,0.0,0.0,-1.67933988571167,-1.6349172592163086,0.1864970326423645,0.19496850669384003,0.0003,26.80105209350586
660,264000,-0.0015287504557540154,73.98462574005127,0.4857277426123619,0.0042466046288609505,0.021674999957904218,0.5044390559196472,0.1889163702726364,-0.6178532838821411,8.676555633544922,-37.434505462646484,70.55235290527344,15.434751510620117,12.325339317321777,0.5253820104663945,9.403605820000038,0.05979139357805252,0.7172000408172607,0.0,0.0,-1.6896865367889404,-1.6437427997589111,0.18457737565040588,0.19325536489486694,0.0003,33.71658706665039
670,268000,-0.0010829321628101774,46.36516345977783,0.4924821072816849,0.004226289223879576,0.02067500002682209,0.5880500078201294,0.18944427371025085,0.11159277707338333,6.900512218475342,-34.7877311706543,50.81621170043945,15.844301223754883,10.751252174377441,0.5808546235519367,6.935329418347695,0.0646849125623703,0.6657755970954895,0.0,0.0,-1.6878305673599243,-1.6400606632232666,0.1849202662706375,0.1939682811498642,0.0003,22.32257652282715
680,272000,-0.0011370044418348613,129.28483604431153,0.4895228001475334,0.0038303930778056383,0.01812500007916242,0.2600734233856201,0.18945176899433136,0.590965211391449,11.583671569824219,-63.37984848022461,56.544952392578125,16.849708557128906,13.466413497924805,0.5840438664202021,13.592924149692719,0.07020065933465958,1.048186182975769,0.0,0.0,-1.6897927522659302,-1.6381163597106934,0.18455776572227478,0.19434575736522675,0.0003,70.26319885253906
690,276000,-0.0016732549263520902,65.75768367767334,0.4959123894572258,0.004859237000346184,0.023624999951571225,0.502448320388794,0.18827222287654877,-1.2868303060531616,8.197914123535156,-63.822776794433594,26.158733367919922,14.817801475524902,11.622091293334961,0.5599913747259108,7.432687919914757,0.10128571093082428,0.8557161092758179,0.0,0.0,-1.6974461078643799,-1.6430269479751587,0.18315066397190094,0.1933937668800354,0.0003,27.857763290405273
700,280000,-0.004679135001614485,60.92598526000977,0.5095136731863021,0.006170612759888172,0.055549999964423474,0.5107947587966919,0.18689307570457458,0.5291296243667603,7.88369607925415,-44.11445617675781,33.2658805847168,15.349974632263184,11.271568298339844,0.5975164110252459,7.588991084686454,0.10246959328651428,0.686245322227478,0.0,0.0,-1.6977243423461914,-1.6571248769760132,0.18309971690177917,0.19068643450737,0.0003,31.048566818237305
710,284000,-0.004873565404720468,59.95986793518066,0.5230690568685532,0.006807367317378521,0.05975000024307519,0.4801620841026306,0.18562492728233337,0.4583297371864319,7.821893215179443,-43.54253005981445,33.37308120727539,15.912425994873047,10.848705291748047,0.5751510199455865,6.764784982487493,0.1248249039053917,1.0997737646102905,0.0,0.0,-1.7063573598861694,-1.662184715270996,0.1815258264541626,0.18972402811050415,0.0003,25.6219482421875
720,288000,-0.0022080721390768288,43.69122917175293,0.5352016913890839,0.004023691639304161,0.035999999959021804,0.5826953649520874,0.18459419906139374,-0.26415038108825684,6.708877086639404,-42.16300964355469,27.4820613861084,15.200404167175293,10.38539981842041,0.5819866676584033,7.685408323263057,0.05725603923201561,1.1812429428100586,0.0,0.0,-1.7095892429351807,-1.66999351978302,0.18094009160995483,0.18824829161167145,0.0003,22.58817481994629
730,292000,-0.0015422133281419548,33.45990121841431,0.5502216964960098,0.0052015106193721294,0.019824999952688813,0.6339308023452759,0.18293917179107666,0.6152852773666382,5.908342361450195,-30.537784576416016,33.31443405151367,16.505754470825195,9.765265464782715,0.5991603357152395,6.663932346764288,0.09664241969585419,1.078097939491272,0.0,0.0,-1.7155969142913818,-1.6818902492523193,0.1798563152551651,0.18602201342582703,0.0003,17.10300064086914
740,296000,-0.0011322935074480477,104.39930419921875,0.5565588396787643,0.003220380051061511,0.01704999992158264,0.43165135383605957,0.1837848275899887,-1.6068847179412842,10.378761291503906,-73.88602447509766,48.21654510498047,14.846696853637695,13.766962051391602,0.608285699863631,13.803504555748145,0.06328225880861282,0.8522741198539734,0.0,0.0,-1.707241177558899,-1.6809114217758179,0.1813654601573944,0.18620418012142181,0.0003,60.68758010864258
750,300000,-0.00041892489570242384,59.18214462280273,0.5542134988307953,0.0019784686155617237,0.016000000019557772,0.6161868572235107,0.1826557219028473,-0.19975748658180237,7.776979446411133,-38.54086685180664,48.55825424194336,15.02401065826416,12.553101539611816,0.6258717437950776,9.282090349900995,0.045378100126981735,0.6745940446853638,0.0,0.0,-1.7104400396347046,-1.6899691820144653,0.18078620731830597,0.18452519178390503,0.0003,30.053720474243164
760,304000,-0.0037666011796507527,59.07974380493164,0.5705995953083038,0.006679011974483728,0.05874999988824129,0.5284742116928101,0.1810000240802765,0.8795607089996338,7.826550483703613,-57.07197952270508,36.67048645019531,15.713004112243652,11.397711753845215,0.6003786110195287,8.559356180225016,0.07602192461490631,0.9649734497070312,0.0,0.0,-1.7242220640182495,-1.6945146322250366,0.17831170558929443,0.18368835747241974,0.0003,30.953092575073242
770,308000,-0.0008912748437789553,108.83223449707032,0.5820601803064346,0.0019638100638985634,0.009299999941140414,0.4636828303337097,0.18079541623592377,-1.2373276948928833,10.445503234863281,-58.487308502197266,92.44315338134766,14.747946739196777,14.263250350952148,0.6413228474483031,14.117593346055084,0.049490027129650116,0.5362114310264587,0.0,0.0,-1.7164937257766724,-1.7043216228485107,0.17969509959220886,0.18189573287963867,0.0003,46.161922454833984
780,312000,-0.0035032068471593457,39.753966636657715,0.5875157278776169,0.004995749332010746,0.03919999985955656,0.6436411142349243,0.17979320883750916,0.9975343942642212,6.343088150024414,-50.28725051879883,32.43710708618164,15.443994522094727,10.625685691833496,0.5806653365091915,7.999883160477865,0.08686870336532593,0.7222808003425598,0.0,0.0,-1.7259353399276733,-1.7060593366622925,0.17800647020339966,0.18157993257045746,0.0003,18.860807418823242
790,316000,-0.002375098363132566,79.59776557922363,0.5956127381324768,0.0022156410850584507,0.01532499992288649,0.397063672542572,0.17942455410957336,0.4410722553730011,9.038331985473633,-56.478485107421875,46.12207794189453,16.599212646484375,11.639988899230957,0.5875337772756284,9.454045633948667,0.06612898409366608,0.5985987186431885,0.0,0.0,-1.7247557640075684,-1.7112904787063599,0.17821656167507172,0.18063253164291382,0.0003,43.70832061767578
800,320000,-0.0018987773220942473,75.1501150894165,0.5996087145805359,0.004016614984720945,0.03255000004079193,0.45123738050460815,0.1792929321527481,0.11764862388372421,8.732495307922363,-64.40209197998047,46.55329895019531,15.64380168914795,11.788162231445312,0.6176615675909889,9.500363889347305,0.07063569128513336,0.5283939838409424,0.0,0.0,-1.7177484035491943,-1.7197211980819702,0.1794697791337967,0.17911607027053833,0.0003,47.146697998046875
810,324000,-0.0032759138023640767,147.07867378234863,0.5951532191038131,0.003113775048404932,0.02712500003166497,0.34188491106033325,0.18019269406795502,-1.6835569143295288,12.439775466918945,-104.79017639160156,43.82429885864258,14.141108512878418,15.33421802520752,0.6265391951576494,21.348606515116117,0.06419278681278229,1.6760705709457397,0.0,0.0,-1.7111201286315918,-1.716343641281128,0.1806633025407791,0.17972207069396973,0.0003,61.77680206298828
820,328000,-0.000614903951486121,89.60935821533204,0.5899062263965607,0.004093479365110397,0.01139999993145466,0.3603774309158325,0.17999917268753052,0.10495561361312866,9.722301483154297,-58.339149475097656,46.99073791503906,13.717042922973633,12.156462669372559,0.6063551158958143,12.88929664308166,0.07045639306306839,1.4237797260284424,0.0,0.0,-1.7090094089508057,-1.7206302881240845,0.1810450404882431,0.17895331978797913,0.0003,56.7083854675293
830,332000,-0.001243879637507792,78.72735179901123,0.5961822891235351,0.003787080990150571,0.013699999991804362,0.36190491914749146,0.1788770854473114,2.1775238513946533,8.958075523376465,-46.36835479736328,67.16423034667969,16.260557174682617,11.214296340942383,0.5709596243518501,13.223410376685697,0.10270759463310242,0.7737476229667664,0.0,0.0,-1.7204043865203857,-1.7217086553573608,0.17899374663829803,0.17876043915748596,0.0003,46.73103713989258
840,336000,-0.0033445327408087922,60.185523681640625,0.6094766175746917,0.002671640831977129,0.02214999996125698,0.4527473449707031,0.1779954731464386,0.36587849259376526,7.964273452758789,-47.061431884765625,46.91929626464844,16.619590759277344,10.765947341918945,0.6393062760448338,9.850178338235162,0.06739320605993271,0.8878624439239502,0.0,0.0,-1.7282565832138062,-1.7237428426742554,0.17759373784065247,0.17839717864990234,0.0003,23.493959426879883
850,340000,-0.0010219795654207698,66.65114475250245,0.6135151594877243,0.005747565068304539,0.030549999843351543,0.4459238052368164,0.1782095730304718,0.5757796764373779,8.323100090026855,-55.351226806640625,44.49827575683594,16.779664993286133,11.181509017944336,0.6050929929241387,10.236078856212123,0.0656476616859436,0.8643360733985901,0.0,0.0,-1.7263591289520264,-1.7232333421707153,0.1779310405254364,0.178488090634346,0.0003,30.186975479125977
860,344000,-0.0013150284203316965,124.20101486206055,0.6096773046255112,0.0032695767004042864,0.04187499991152435,0.3105391263961792,0.178411602973938,0.31122222542762756,11.236125946044922,-70.60586547851562,56.66877746582031,17.025819778442383,13.531993865966797,0.642339560825779,9.932917171758234,0.08571657538414001,1.0097705125808716,0.0,0.0,-1.7339918613433838,-1.7134376764297485,0.1765781193971634,0.18024510145187378,0.0003,64.05121612548828
870,348000,-0.00020165255375759417,52.97199058532715,0.6093781495094299,0.002163518453016877,0.010325000020675362,0.5244542956352234,0.17837096750736237,0.3829551935195923,7.4135565757751465,-27.522293090820312,48.11274719238281,18.272371292114258,10.750545501708984,0.5878518459172145,7.417121059604196,0.054226867854595184,0.7666722536087036,0.0,0.0,-1.7416702508926392,-1.7064199447631836,0.17522747814655304,0.1815144419670105,0.0003,23.47795867919922
880,352000,-0.0018931004292375285,72.48270027160645,0.6080224972963333,0.0040323915891349316,0.024549999982118608,0.5611050128936768,0.17897672951221466,-1.4363164901733398,8.745184898376465,-44.51398468017578,44.358184814453125,16.39617919921875,13.200448989868164,0.5953222111630058,14.46128838752133,0.07095221430063248,0.662468671798706,0.0,0.0,-1.744565486907959,-1.6969990730285645,0.1747208833694458,0.18323256075382233,0.0003,44.534820556640625
890,356000,-0.001852739668858696,97.92667167663575,0.6049184197187424,0.00430475827306509,0.024875000016763807,0.5639158487319946,0.1784769892692566,1.033193826675415,9.985888481140137,-41.26203918457031,77.45458984375,16.784358978271484,15.121732711791992,0.6530494663959137,12.599330133517016,0.07740068435668945,0.7867403030395508,0.0,0.0,-1.7523301839828491,-1.6950801610946655,0.17336949706077576,0.18358451128005981,0.0003,40.50358963012695
900,360000,-0.0018679995312297249,88.8046199798584,0.6135895854234695,0.003730344120413065,0.02574999994598329,0.6044511795043945,0.1776503324508667,-0.5312122702598572,9.636504173278809,-43.56575393676758,46.66682815551758,16.81243133544922,15.322141647338867,0.6750911285460062,13.820545500943906,0.07956606149673462,0.9304525256156921,0.0,0.0,-1.7595471143722534,-1.6972975730895996,0.1721227914094925,0.1831778734922409,0.0003,45.93157196044922
910,364000,-0.0022842222299339497,43.72534858703613,0.6129024738073349,0.00560764828696847,0.0439500000840053,0.7455203533172607,0.17877277731895447,0.2541438341140747,6.6704864501953125,-40.88990783691406,38.01676559448242,16.697343826293945,13.223031044006348,0.6139373009073652,7.903120809335952,0.0799439325928688,0.676199197769165,0.0,0.0,-1.754146933555603,-1.6901558637619019,0.17305481433868408,0.18449075520038605,0.0003,21.655696868896484
920,368000,-0.002696251986449341,104.33684638977051,0.6044463282823562,0.005235363729298115,0.028750000051222743,0.5606775283813477,0.17904825508594513,0.7531579732894897,10.270641326904297,-60.68302917480469,63.17176818847656,17.394973754882812,15.495508193969727,0.6788295469379144,12.785420147321823,0.08554808050394058,0.7548096179962158,0.0,0.0,-1.748306155204773,-1.6926674842834473,0.17406854033470154,0.18402796983718872,0.0003,45.374595642089844
930,372000,-0.0015621021709535166,122.46625297546387,0.6016830623149871,0.0029741867911070585,0.012175000016577541,0.5562608242034912,0.17928630113601685,-2.25524640083313,11.30605697631836,-62.429176330566406,63.34632110595703,15.416838645935059,16.972557067871094,0.6808360264205691,21.116255206160062,0.06940639764070511,1.1320383548736572,0.0,0.0,-1.7456774711608887,-1.6925702095031738,0.17452672123908997,0.18404586613178253,0.0003,73.24237060546875
940,376000,-0.002519395052746036,129.34555778503417,0.5972318196296692,0.005608361214399338,0.038850000076927245,0.5524500608444214,0.17992378771305084,-0.6582825779914856,11.422393798828125,-62.63560104370117,72.06539154052734,14.166789054870605,17.07404327392578,0.658323219046049,13.4791597841542,0.06440086662769318,0.8185546398162842,0.0,0.0,-1.7417153120040894,-1.6894123554229736,0.1752195954322815,0.184627965092659,0.0003,69.32618713378906
950,380000,-0.0013852654155216458,173.2299073791504,0.592541384100914,0.004441076889634132,0.014300000029616058,0.34109264612197876,0.17995309829711914,0.625217080116272,13.647310256958008,-48.321449279785156,79.37973022460938,15.975123405456543,16.812599182128906,0.6859054871785504,25.192582528164877,0.05895952135324478,1.0574206113815308,0.0,0.0,-1.7461670637130737,-1.6848896741867065,0.17444129288196564,0.18546488881111145,0.0003,74.07233428955078
960,384000,-0.002468040875933366,140.72071403503418,0.5915776747465133,0.005026050843298435,0.04030000018887222,0.38913100957870483,0.18036463856697083,-0.46095141768455505,12.33746337890625,-99.12396240234375,63.88118362426758,15.476570129394531,15.785263061523438,0.6742475279451586,24.09557345756771,0.047179076820611954,1.3730003833770752,0.0,0.0,-1.7440134286880493,-1.6824822425842285,0.17481738328933716,0.18591190874576569,0.0003,65.4510726928711
970,388000,-0.000982162096874526,81.53246147155761,0.5917285847663879,0.004985863342881203,0.02862500004004687,0.5795222520828247,0.17958271503448486,1.6602158546447754,9.137139320373535,-47.9708251953125,70.93833923339844,16.05591583251953,14.090900421142578,0.6706805946205654,12.945398792549492,0.06389123946428299,0.9637240171432495,0.0,0.0,-1.752068281173706,-1.6833508014678955,0.1734149008989334,0.18575051426887512,0.0003,40.79977798461914
980,392000,-0.0019942083372137855,88.54700115203858,0.5997545778751373,0.0030587774235755205,0.02249999995343387,0.489218533039093,0.17927959561347961,0.7526063323020935,9.512728691101074,-70.39786529541016,56.46369934082031,17.913433074951172,13.310290336608887,0.6102435045930176,10.59177200682066,0.06664146482944489,0.8728939890861511,0.0,0.0,-1.7572269439697266,-1.681812047958374,0.1725226193666458,0.18603655695915222,0.0003,33.01747131347656
990,396000,-0.001533220404443183,111.91691078186035,0.6004479092359543,0.0062577975913882256,0.03417499994393438,0.35209178924560547,0.17942626774311066,2.4765708446502686,10.812164306640625,-36.75879669189453,70.35797119140625,20.122310638427734,13.432469367980957,0.6589187101648174,19.42518634874489,0.10976842045783997,0.878812313079834,0.0,0.0,-1.7559454441070557,-1.6814243793487549,0.17274384200572968,0.18610869348049164,0.0003,59.789642333984375
1000,400000,-0.0015301694379937535,242.6045213317871,0.5971079152822495,0.004375074058771133,0.02752500019967556,0.29002225399017334,0.17991214990615845,-0.9140732288360596,15.709811210632324,-164.1503448486328,102.68669891357422,17.141082763671875,18.644407272338867,0.8465003151293482,19.377772095034203,0.07596950232982635,1.36367928981781,0.0,0.0,-1.7525068521499634,-1.6794021129608154,0.1733388602733612,0.1864854395389557,0.0003,91.20823669433594
1010,404000,0.00022171016145075662,182.61115814208983,0.5945191633701324,0.002328951610252261,0.0027749999705702065,0.4509183168411255,0.1796557754278183,-3.480323314666748,13.582125663757324,-81.13880157470703,76.41600036621094,14.669639587402344,18.329442977905273,0.696456172574508,25.540901195774136,0.03638329729437828,1.2096350193023682,0.0,0.0,-1.7535594701766968,-1.6811753511428833,0.1731564998626709,0.1861550509929657,0.0003,75.38824462890625
1020,408000,-0.0018529892890739585,78.45228191375732,0.6006192594766617,0.004746914841234684,0.04067500011529773,0.6369615793228149,0.1787567436695099,-0.590279221534729,8.987327575683594,-46.577754974365234,54.55705261230469,14.377387046813965,14.916065216064453,0.720809450687949,11.215176214021614,0.09288997203111649,1.3721402883529663,0.0,0.00025,-1.7628551721572876,-1.6822283267974854,0.1715543419122696,0.185959130525589,0.0003,37.9946174621582
1030,412000,-0.0016941967725586427,216.51301315307617,0.6099337792396545,0.0047288998030126095,0.04140000000596047,0.37157517671585083,0.17834389209747314,0.23397931456565857,14.921801567077637,-56.62425994873047,107.5596923828125,15.482938766479492,18.8232479095459,0.610734772098738,20.92795453314941,0.074242502450943,0.8671135902404785,0.0,0.0,-1.7682521343231201,-1.6817032098770142,0.17063097655773163,0.18605680763721466,0.0003,83.72496795654297
1040,416000,-0.002595691049709421,80.77531986236572,0.6167990952730179,0.004106455948203802,0.030799999930895865,0.6283461451530457,0.1772821843624115,-0.311062216758728,9.099635124206543,-59.058868408203125,40.714664459228516,13.834640502929688,14.926385879516602,0.682768014079758,13.349021736359035,0.08688749372959137,0.9555760622024536,0.0,0.0,-1.7738468647003174,-1.6880193948745728,0.16967900097370148,0.18488535284996033,0.0003,44.166343688964844
1050,420000,-0.0058814076343740454,148.82174911499024,0.6229011631011963,0.006379279308021069,0.06475000020582229,0.47015947103500366,0.1774924397468567,-0.36156997084617615,12.368456840515137,-67.62405395507812,60.80716323852539,14.08119010925293,16.9919376373291,0.6797760802752667,15.935513920294785,0.11334095895290375,0.9388712048530579,0.0,0.0,-1.7755720615386963,-1.6841702461242676,0.16938653588294983,0.18559835851192474,0.0003,77.5530776977539
1060,424000,-0.002939509273150911,95.83873920440674,0.6298628997802734,0.004252901766449213,0.02747499989811331,0.4779701232910156,0.17581120133399963,1.2446058988571167,9.952428817749023,-51.89842224121094,81.554443359375,14.72546100616455,13.774676322937012,0.6578987468397802,13.659610460449924,0.0648239403963089,0.9201281070709229,0.0,0.0,-1.7910640239715576,-1.6882659196853638,0.16678261756896973,0.18483975529670715,0.0003,41.485877990722656
1070,428000,-0.0013692685313399133,165.42215171813965,0.6430459570884705,0.004606299102306366,0.0408250000141561,0.3009166121482849,0.1757117509841919,-0.2862604558467865,13.176227569580078,-95.02054595947266,148.83360290527344,13.988001823425293,15.758925437927246,0.680686184413809,19.70734760745178,0.06784461438655853,1.0448130369186401,0.0,0.0,-1.7903157472610474,-1.690018892288208,0.16690745949745178,0.184516042470932,0.0003,52.7426872253418
1080,432000,-0.0023817615269579617,81.68447776794433,0.6395127826929092,0.003956598695367575,0.045474999980069694,0.528775691986084,0.17617617547512054,-0.6778824329376221,9.105265617370605,-71.77745819091797,47.494049072265625,13.181072235107422,13.264130592346191,0.7123830961959203,8.467388269545134,0.0869443267583847,0.9574653506278992,0.0,0.0,-1.7821661233901978,-1.692389726638794,0.16827324032783508,0.1840790957212448,0.0003,34.98021697998047
1090,436000,-0.001240018952148967,98.13790092468261,0.6413082873821259,0.004780447110533714,0.039374999925494196,0.5062168836593628,0.1752670705318451,-0.3954768776893616,10.08364486694336,-85.88184356689453,54.608795166015625,13.758176803588867,14.3499174118042,0.7330096737251739,11.80112493109732,0.0674242302775383,1.2812138795852661,0.0,0.0,-1.7935879230499268,-1.6918854713439941,0.1663621962070465,0.18417194485664368,0.0003,58.38637161254883
1100,440000,-0.0015522891674598239,114.56321586608887,0.6507107537984848,0.0052040861919522285,0.02235000021290034,0.36158889532089233,0.17462293803691864,2.174309492111206,11.100358963012695,-42.529380798339844,83.19111633300781,12.186236381530762,13.892704010009766,0.8568324000513082,19.11358855901924,0.03715017810463905,1.4176017045974731,0.0,0.0,-1.7956454753875732,-1.6970369815826416,0.1660202443599701,0.183225616812706,0.0003,68.09256744384766
1110,444000,-0.0034456710339611173,154.41589675903322,0.6583395844697952,0.004093762952834368,0.033600000021979215,0.3073325753211975,0.17400461435317993,0.21697771549224854,12.721434593200684,-77.19818115234375,59.69130325317383,15.171326637268066,15.285290718078613,0.7823433094545823,15.941277909116105,0.06053832918405533,1.1353957653045654,0.0,0.0,-1.7971370220184326,-1.7024503946304321,0.16577282547950745,0.1822364330291748,0.0003,70.89073181152344
1120,448000,-0.00205236962242779,159.2300718688965,0.6636421167850495,0.005262774880975485,0.03340000013820827,0.4249362349510193,0.17344726622104645,-0.6473239660263062,12.911348342895508,-77.43875122070312,69.47076416015625,13.944218635559082,17.026039123535156,0.7761431073384122,17.599236178234236,0.049825042486190796,1.0607751607894897,0.0,0.0,-1.800050973892212,-1.7059264183044434,0.1652904599905014,0.1816040575504303,0.0003,71.07643127441406
1130,452000,-0.0014548776451418232,161.39894691467285,0.6682763409614563,0.0029378512408584356,0.019674999942071735,0.2291756272315979,0.17352262139320374,0.5380916595458984,13.146933555603027,-71.23552703857422,109.56939697265625,15.513978004455566,14.974308013916016,0.7634717876645495,21.00748417421496,0.034103263169527054,1.780490756034851,0.0,0.0,-1.800911784172058,-1.7043145895004272,0.16514822840690613,0.18189701437950134,0.0003,61.51554489135742
1140,456000,-0.0004621347049923319,182.3999331665039,0.6652782821655273,0.0035372022539377213,0.0105999999307096,0.2286425232887268,0.17380845546722412,0.09207034111022949,13.5796537399292,-69.51983642578125,89.28297424316406,16.407245635986328,15.461828231811523,0.6369421973457274,15.266697914861085,0.08648943901062012,1.1567212343215942,0.0,0.0,-1.7995529174804688,-1.7024081945419312,0.1653728187084198,0.18224412202835083,0.0003,94.9317626953125
1150,460000,-0.0019022423628338814,186.25286010742187,0.6667224884033203,0.005000333767384291,0.032849999903701244,0.2934591770172119,0.17321240901947021,1.5673848390579224,13.687115669250488,-64.45126342773438,89.47694396972656,16.81871223449707,16.28333282470703,0.7232514429942698,16.29448553966312,0.06658808141946793,0.868482232093811,0.0,0.0,-1.8022345304489136,-1.7065279483795166,0.16492994129657745,0.1814948469400406,0.0003,113.63031768798828
1160,464000,-0.0009391959796572369,173.75718788146972,0.6756580066680908,0.0037283115088939667,0.026875,0.36703282594680786,0.1723778247833252,-1.888121485710144,13.312126159667969,-105.24372863769531,51.55347442626953,12.711000442504883,16.732345581054688,0.8489000946188713,17.0024487120082,0.05891210585832596,1.0840755701065063,0.0,0.0,-1.8076564073562622,-1.710819959640503,0.16403812170028687,0.18071754276752472,0.0003,90.13606262207031
1170,468000,-0.0017218530435304258,82.27376888275147,0.692810782790184,0.0021681715734302998,0.0201500000199303,0.519500732421875,0.1699761301279068,1.1644853353500366,9.103662490844727,-70.79373168945312,94.55342864990234,15.855103492736816,13.13317584991455,0.7288217819079211,12.112483176280456,0.05507877096533775,0.6220101118087769,0.0,0.0,-1.8177865743637085,-1.7284045219421387,0.1623847782611847,0.1775674968957901,0.0003,37.94588851928711
1180,472000,-0.0005341613783675747,154.34080520629882,0.7054872858524323,0.0062599191442132,0.031975000011734665,0.2843933701515198,0.170750692486763,-0.9079672694206238,12.566096305847168,-86.43132019042969,52.889305114746094,16.66398048400879,14.854677200317383,0.6983850641364113,15.886370567400524,0.06535336375236511,0.7845647931098938,0.0,0.0,-1.8107116222381592,-1.7261757850646973,0.16353771090507507,0.17796367406845093,0.0003,87.30810546875
1190,476000,-0.0012580998759134676,93.02447319030762,0.7015572285652161,0.0032336991280317307,0.02182499992195517,0.421142578125,0.1704079955816269,1.5680876970291138,9.68566608428955,-50.827354431152344,85.27262115478516,17.503055572509766,12.730447769165039,0.7329693933990498,13.156871098812898,0.07338288426399231,0.568594217300415,0.0,0.0,-1.8183062076568604,-1.7230794429779053,0.16230042278766632,0.17851556837558746,0.0003,40.52532196044922
1200,480000,-0.0037913848251337166,156.0463868713379,0.7111159861087799,0.005179581232368946,0.05942499973811209,0.28389686346054077,0.16882529854774475,0.7465540170669556,12.585939407348633,-68.66380310058594,81.60069274902344,18.506731033325195,14.87297534942627,0.7519472514547385,12.084648646799923,0.06431976705789566,1.2000651359558105,0.0,0.0,-1.8277428150177002,-1.7323145866394043,0.1607760637998581,0.1768745481967926,0.0003,62.2237434387207
1210,484000,-0.0020220839000246993,115.04605522155762,0.7249456328153611,0.003360796021297574,0.04044999999925494,0.4593181014060974,0.16869941353797913,-1.3772921562194824,10.877294540405273,-53.08972930908203,55.570411682128906,16.917449951171875,14.79278564453125,0.755694163845578,13.632029134384473,0.08532902598381042,0.9920061230659485,0.0,0.0,-1.8284751176834106,-1.7330729961395264,0.16065837442874908,0.17674045264720917,0.0003,49.1475830078125
1220,488000,-0.0011886007861568926,233.1207568359375,0.7267838501930237,0.0027707316912710667,0.015300000002607703,0.24585449695587158,0.16827352344989777,-0.21460875868797302,15.34445571899414,-108.72816467285156,69.01506805419922,18.191890716552734,17.66948699951172,0.6863414126465754,18.538512700617265,0.06438110768795013,0.9169100522994995,0.0,0.0,-1.8366307020187378,-1.730512261390686,0.15935342013835907,0.17719361186027527,0.0003,135.5651397705078
1230,492000,-0.0007281953583255075,175.87917266845704,0.7204449844360351,0.002759519498795271,0.015174999944865703,0.36268705129623413,0.16987943649291992,0.9526496529579163,13.368582725524902,-55.95738220214844,75.36529541015625,19.04657554626465,16.745920181274414,0.7836277077728139,19.559410404905442,0.06461818516254425,0.9757508039474487,0.0,0.0,-1.8338764905929565,-1.7149876356124878,0.1597929298877716,0.17996594309806824,0.0003,100.34642791748047
1240,496000,-0.0005192876518427502,246.13856582641603,0.7148182106018066,0.0024804805871099234,0.012024999954737723,0.3637232184410095,0.16909867525100708,-0.5038442611694336,15.945162773132324,-110.4565658569336,101.2269287109375,19.39594268798828,19.989683151245117,0.7331898836311787,22.48776558236775,0.04649358615279198,1.6961541175842285,0.0,0.0,-1.8393499851226807,-1.718825101852417,0.15892069041728973,0.17927666008472443,0.0003,138.82493591308594
1250,500000,-0.0013849284114039583,112.13078918457032,0.7216428512334824,0.004932250827550888,0.039875000230967995,0.5844434499740601,0.16880062222480774,0.5023111701011658,10.61457347869873,-59.67926788330078,53.22554016113281,17.112585067749023,16.465974807739258,0.7815436980442165,15.509386481483693,0.08271565288305283,0.6174038648605347,0.0,0.0,-1.8382080793380737,-1.7231724262237549,0.15910227596759796,0.1784989833831787,0.0003,52.36564636230469
1260,504000,-0.0016043615381433486,136.15163635253907,0.7263851183652877,0.002835183637216687,0.021649999907240272,0.5636240243911743,0.16819721460342407,0.8099228739738464,11.80606746673584,-83.67411804199219,82.2293472290039,19.321258544921875,17.8720703125,0.7861724318164341,19.469954977762495,0.0508822426199913,1.224892020225525,0.0,0.0,-1.8358033895492554,-1.7321193218231201,0.159485325217247,0.17690905928611755,0.0003,74.8711166381836
1270,508000,-0.0024282032883184003,263.18924758911135,0.7302248710393906,0.00528485793620348,0.03002499969676137,0.397050678730011,0.16827033460140228,-3.738467216491699,16.27138900756836,-107.98114013671875,130.43850708007812,16.384361267089844,20.954833984375,0.7338743729454821,38.622923557881705,0.050853829830884933,0.790448009967804,0.0,0.00025,-1.8320491313934326,-1.7346867322921753,0.16008520126342773,0.17645546793937683,0.0003,126.11701202392578
1280,512000,-0.001302909510620749,98.08430282592774,0.728765521645546,0.0023314249701797962,0.02720000011846423,0.5099315047264099,0.16834595799446106,-0.004179168492555618,10.229043960571289,-54.658111572265625,62.948631286621094,15.229978561401367,14.611899375915527,0.7711699245175567,17.752289770935054,0.06786386668682098,1.0162246227264404,0.0,0.0,-1.8333631753921509,-1.732640266418457,0.15987497568130493,0.1768169403076172,0.0003,53.02696990966797
1290,516000,-0.001384891350628088,242.68693740844728,0.7334318351745606,0.004970751237124205,0.020024999896995722,0.3873545527458191,0.16722601652145386,-0.8509050607681274,15.759236335754395,-96.52277374267578,76.01998901367188,15.367295265197754,20.134023666381836,0.7737949725309373,22.754382083942723,0.07809694856405258,0.9734310507774353,0.0,0.0,-1.8402353525161743,-1.7391366958618164,0.1587800532579422,0.1756720095872879,0.0003,137.48318481445312
1300,520000,-0.002207988010832018,216.60517974853516,0.7466047102212906,0.004361501429229975,0.03669999997131526,0.38261324167251587,0.16636918485164642,0.7504823207855225,14.807711601257324,-84.44307708740234,97.21540832519531,15.451065063476562,18.845569610595703,0.7316828016480595,17.448185134302904,0.053827203810214996,0.6322453618049622,0.0,0.0,-1.8458369970321655,-1.7438539266586304,0.157893106341362,0.17484524846076965,0.0003,114.19283294677734
1310,524000,-0.0012731643237173574,264.7516062927246,0.7549269068241119,0.002161156153306365,0.019175000027753412,0.38016730546951294,0.16583594679832458,-2.014951467514038,16.358259201049805,-116.54933166503906,89.05584716796875,14.075510025024414,20.777812957763672,0.7449703532961671,25.153504376482353,0.03693874552845955,0.7052948474884033,0.0,0.0,-1.8463985919952393,-1.7494621276855469,0.157804474234581,0.17386743426322937,0.0003,138.9713897705078
1320,528000,-0.00048650699135569295,297.4602267456055,0.7614432799816132,0.0031603507231920958,0.01662500006146729,0.36219435930252075,0.16533935070037842,-1.4968018531799316,17.27242660522461,-108.2452392578125,92.98894500732422,14.08707046508789,21.627643585205078,0.7830915837923252,25.7777212797634,0.06567803025245667,0.44770777225494385,0.0,0.0,-1.855190396308899,-1.747232437133789,0.1564231663942337,0.17425554990768433,0.0003,134.26087951660156
1330,532000,-0.0006863889820164282,341.7179823303223,0.7657508653402328,0.0027031470090150833,0.009449999965727329,0.14521610736846924,0.16516956686973572,1.3154133558273315,18.90594482421875,-86.85710144042969,138.87368774414062,14.855852127075195,20.448911666870117,0.8338417489674625,30.045504884934743,0.04076660796999931,1.4041035175323486,0.0,0.0,-1.858636736869812,-1.7460933923721313,0.1558849960565567,0.17445413768291473,0.0003,162.2999267578125
1340,536000,-0.0008242750100718688,246.93111862182616,0.7682172656059265,0.003436366794630885,0.03185000006575137,0.25537312030792236,0.16508403420448303,-1.277141809463501,15.74094009399414,-96.08195495605469,81.83203125,12.68064022064209,18.241533279418945,0.8045343926199615,17.82343589328336,0.054080914705991745,0.48763254284858704,0.0,0.0,-1.8602231740951538,-1.7456576824188232,0.15563789010047913,0.17453016340732574,0.0003,118.91959381103516
1350,540000,-6.38080288292242e-05,208.97957717895508,0.7729807430505753,0.003387198317795992,0.021749999965541066,0.269838809967041,0.16419854760169983,0.9282071590423584,14.538370132446289,-77.31645965576172,76.52387237548828,14.26784610748291,17.013996124267578,0.7765736327165405,15.181640378400852,0.06838399916887283,0.7129384279251099,0.0,0.0,-1.868011474609375,-1.7488915920257568,0.15443043410778046,0.1739666759967804,0.0003,125.48950958251953
1360,544000,-0.0002609427039937584,287.69674224853514,0.7831733244657516,0.004699960350990295,0.021024999930523335,0.11005175113677979,0.163479745388031,2.212980031967163,17.187355041503906,-79.01644897460938,110.83335876464844,16.170795440673828,18.21908950805664,0.7915094515374288,23.80678992559696,0.08188596367835999,0.9977807998657227,0.0,0.0,-1.8732088804244995,-1.7525602579116821,0.15362989902496338,0.17332960665225983,0.0003,120.1229476928711
1370,548000,-0.0025388899452285863,237.3057421875,0.7874828320741654,0.007714180741459131,0.05030000024009496,0.1973036527633667,0.16355973482131958,-1.0325759649276733,15.472884178161621,-72.3865966796875,86.25532531738281,14.98819637298584,17.270132064819336,0.7400999002060916,15.28102395626927,0.06239337846636772,0.6147918105125427,0.0,0.0,-1.8705936670303345,-1.7539591789245605,0.15403218567371368,0.17308731377124786,0.0003,112.52974700927734
1380,552000,-0.0027444514926646658,183.66829696655273,0.7959484606981277,0.004562028683722019,0.04369999992195517,0.20020925998687744,0.1618771255016327,0.8952504396438599,13.653403282165527,-82.67073059082031,90.8868408203125,16.223901748657227,15.266965866088867,0.7510274576965393,14.089764435192267,0.09536521881818771,0.9307336807250977,0.0,0.0,-1.8690669536590576,-1.7749807834625244,0.15426753461360931,0.16948670148849487,0.0003,97.17953491210938
1390,556000,-0.0013461214713781366,137.4149382019043,0.8055522114038467,0.007883780635893345,0.06692500019911676,0.2655840516090393,0.16204309463500977,-1.0816481113433838,11.777918815612793,-72.93206024169922,97.84584045410156,14.773253440856934,13.743505477905273,0.8362071679065716,11.994531400945299,0.08536537736654282,0.8724554181098938,0.0,0.0,-1.8737255334854126,-1.7688109874725342,0.15355053544044495,0.1705356389284134,0.0003,87.56842803955078
1400,560000,-0.0006342871694578211,156.89933448791504,0.8062646842002869,0.00407546479254961,0.028775000027380884,0.27864354848861694,0.1616310477256775,-1.1348017454147339,12.603357315063477,-74.15292358398438,61.44965744018555,13.678997993469238,14.839226722717285,0.6742960940962223,13.784673371248822,0.06651883572340012,0.7492799758911133,0.0,0.0,-1.8727754354476929,-1.7745153903961182,0.15369650721549988,0.1695656031370163,0.0003,70.9774169921875
1410,564000,-0.0005784978494339122,135.83148040771485,0.8203073543310165,0.0032733038533478975,0.02079999992158264,0.3612523674964905,0.16000089049339294,1.7501413822174072,11.703441619873047,-76.53923034667969,73.502685546875,15.581697463989258,14.643636703491211,0.7761247598867367,16.10052328109514,0.062345895916223526,0.877468466758728,0.0,0.0,-1.881454348564148,-1.7859755754470825,0.15236833691596985,0.16763344407081604,0.0003,66.8465805053711
1420,568000,-0.0006968196701731344,217.45206008911134,0.8345882564783096,0.0050037214532494545,0.026800000136718155,0.19173455238342285,0.15912547707557678,1.1654787063598633,14.820694923400879,-99.13343811035156,91.80764770507812,16.616209030151367,16.48509979248047,0.7019157510462917,16.222025537673392,0.04078378528356552,0.7120369672775269,0.0,0.0,-1.8857841491699219,-1.7925142049789429,0.15171004831790924,0.16654092073440552,0.0003,130.93988037109375
1430,572000,-0.001100535794493408,150.86082962036133,0.8460583037137985,0.0045503308065235615,0.02847499999217689,0.34616267681121826,0.1581622064113617,-0.39969658851623535,12.421019554138184,-72.74205780029297,47.81731033325195,16.363059997558594,15.361103057861328,0.7442392638050999,13.858628656825594,0.06555146723985672,0.7982547283172607,0.0,0.0,-1.8911253213882446,-1.7992525100708008,0.1509018987417221,0.1654224991798401,0.0003,71.64469146728516
1440,576000,-0.0029008571645477766,195.10479446411134,0.8516079080104828,0.0046837227419018745,0.04174999990966171,0.2692633867263794,0.15824490785598755,-0.7030189037322998,14.094260215759277,-74.82728576660156,56.34328079223633,16.071653366088867,16.487768173217773,0.7735631145971797,17.247901707170797,0.07202467322349548,0.9466445446014404,0.0,0.0,-1.8866413831710815,-1.8023568391799927,0.1515800505876541,0.16490976512432098,0.0003,77.64555358886719
1450,580000,-0.00048820010810600277,228.26053909301757,0.8576717603206635,0.00430833175778389,0.015574999903328716,0.2767813801765442,0.15713593363761902,-0.7663935422897339,15.198838233947754,-87.453857421875,57.224884033203125,14.956177711486816,17.872100830078125,0.7304744475752727,20.936925675931075,0.07768753170967102,0.6827850937843323,0.0,0.0,-1.8964483737945557,-1.806846022605896,0.15010076761245728,0.16417111456394196,0.0003,128.36883544921875
1460,584000,-0.00034101154717864013,141.14961013793945,0.8658706939220429,0.0021823467686772346,0.01540000013075769,0.4479711055755615,0.1571914255619049,0.8107142448425293,11.97390365600586,-60.685340881347656,77.53436279296875,15.893306732177734,16.11591148376465,0.762642539729664,13.69602196260586,0.04881471395492554,0.8493925929069519,0.0,0.0,-1.9030686616897583,-1.8001595735549927,0.149110347032547,0.165272518992424,0.0003,42.5430908203125
1470,588000,-0.0009676475480577196,180.31396697998048,0.8671003454923629,0.0029709713999181986,0.023349999911151827,0.45693594217300415,0.1567206084728241,-2.3854336738586426,13.582560539245605,-82.76151275634766,60.603431701660156,13.432819366455078,18.431306838989258,0.7078171490966146,26.17438939782463,0.03800157085061073,0.7829028964042664,0.0,0.0,-1.9073933362960815,-1.8019654750823975,0.14846688508987427,0.16497431695461273,0.0003,80.40192413330078
1480,592000,-0.0009606006884510853,152.20937454223633,0.8710604178905487,0.004186822567135096,0.027924999776296318,0.409709632396698,0.15670070052146912,-0.2774309813976288,12.5933256149292,-81.92365264892578,67.84346008300781,13.57278823852539,16.391080856323242,0.7340561607425926,15.962819740866165,0.06650340557098389,1.0898135900497437,0.0,0.0,-1.9090580940246582,-1.800710678100586,0.14821992814540863,0.1651814579963684,0.0003,67.54915618896484
1490,596000,-0.0010657307775912984,222.05482650756835,0.8782755726575852,0.004058618098497391,0.027225000029429795,0.3063053488731384,0.1553727239370346,0.3467542231082916,14.968100547790527,-99.97965240478516,101.83540344238281,12.982826232910156,17.971424102783203,0.752766414433647,13.081138153487052,0.08640817552804947,0.6533324718475342,0.0,0.0,-1.9169615507125854,-1.8097665309906006,0.1470530927181244,0.16369235515594482,0.0003,109.58030700683594
1500,600000,-0.0009155722018578682,206.59624633789062,0.8935282218456269,0.005053555127233267,0.02039999982342124,0.30105870962142944,0.15449582040309906,-2.365297794342041,14.43995475769043,-70.73188781738281,92.26211547851562,11.017318725585938,17.272113800048828,0.7040496849401476,22.175421307076018,0.08154653012752533,0.7294031977653503,0.0,0.0,-1.9245071411132812,-1.8137353658676147,0.1459476798772812,0.16304397583007812,0.0003,86.6353988647461
1510,604000,-0.0012972430903319054,143.9479573059082,0.9032321745157241,0.003146827919408679,0.02550000010058284,0.32060903310775757,0.1540905237197876,2.5480260848999023,12.100091934204102,-45.48711395263672,97.94762420654297,13.718847274780273,14.680091857910156,0.6944184876614092,20.42132120131608,0.0714268684387207,0.9895970225334167,0.0,0.0,-1.9275909662246704,-1.8159531354904175,0.14549829065799713,0.16268278658390045,0.0003,68.04322052001953
1520,608000,-0.0010309584094648017,165.4632308959961,0.9066434574127197,0.0026739861350506544,0.009800000018440187,0.3035252094268799,0.15394574403762817,2.8616151809692383,13.109888076782227,-42.518619537353516,80.54832458496094,16.37061882019043,15.708918571472168,0.70801634667983,25.745193886762653,0.05248664319515228,1.25372314453125,0.0,0.0,-1.9289724826812744,-1.8164986371994019,0.14529742300510406,0.1625940501689911,0.0003,75.87480926513672
1530,612000,-0.0013508821468101817,275.6615447998047,0.9041383469104767,0.002300932304933667,0.01504999992903322,0.16676121950149536,0.15459665656089783,-0.8397811055183411,16.702058792114258,-126.40554809570312,76.78863525390625,16.528745651245117,18.29722785949707,0.8092228251815837,21.63113457145216,0.06318360567092896,0.7829582691192627,0.0,0.0,-1.9231059551239014,-1.8137537240982056,0.1461523324251175,0.16304096579551697,0.0003,123.68228149414062
1540,616000,-0.0028115243572141503,113.35673881530762,0.8885665744543075,0.005042334087193012,0.04489999982062727,0.39416956901550293,0.1562376767396927,0.33519071340560913,10.669082641601562,-60.405208587646484,74.78154754638672,16.189517974853516,13.70728874206543,0.7563579115052262,10.450055516055345,0.08218500763177872,0.5914276838302612,0.0,0.0,-1.920479655265808,-1.7961368560791016,0.14653664827346802,0.16593869030475616,0.0003,56.48925018310547
1550,620000,-0.0008217538848868556,125.81249443054199,0.8717843556404113,0.004157417453825474,0.03487500014714897,0.36599481105804443,0.15703195333480835,-0.4264601469039917,11.2506103515625,-65.43270111083984,49.97983932495117,15.401333808898926,14.129593849182129,0.7892020910204773,10.950475811427532,0.07131499797105789,0.6911287307739258,0.0,0.0,-1.9070334434509277,-1.798520803451538,0.1485203206539154,0.1655435711145401,0.0003,69.99676513671875
1560,624000,-0.004021814056639412,132.79345764160155,0.8616593098640442,0.006332786288112402,0.049325000001117586,0.3287510275840759,0.15809035301208496,-0.2521592378616333,11.618826866149902,-66.94709777832031,42.36211395263672,16.150362014770508,14.18144416809082,0.6721659501272386,12.711046342856859,0.08871618658304214,0.926167905330658,0.0,0.0,-1.8960955142974854,-1.795605182647705,0.1501537412405014,0.16602694988250732,0.0003,65.63655090332031
1570,628000,-0.002305417861233763,92.08525104522705,0.8627399659156799,0.00372275710105896,0.044000000152736904,0.3745952248573303,0.15645503997802734,1.0745457410812378,9.667927742004395,-52.5908317565918,65.84439086914062,16.994155883789062,12.225110054016113,0.7204060466868912,10.030946836760826,0.08547361940145493,1.0012741088867188,0.0,0.0,-1.9068117141723633,-1.805715560913086,0.148553267121315,0.16435681283473969,0.0003,36.20882034301758
1580,632000,-0.00022239559909213114,221.4725535583496,0.880473861694336,0.0061312485486269,0.02787500014528632,0.2292097806930542,0.15554842352867126,1.2966378927230835,14.880245208740234,-92.94912719726562,67.18170166015625,18.506500244140625,16.948917388916016,0.7127219107733572,13.965088191427032,0.052603743970394135,0.3894532322883606,0.0,0.0,-1.9054851531982422,-1.8180230855941772,0.1487504541873932,0.16234637796878815,0.0003,112.54231262207031
1590,636000,-0.000781266067103934,154.5223117828369,0.8901038944721222,0.0030686466488987207,0.012500000027939677,0.2604628801345825,0.1547875851392746,-1.7930669784545898,12.622339248657227,-102.62214660644531,53.79010772705078,16.373567581176758,14.677762031555176,0.7314775933622326,17.040895691322024,0.04117758199572563,1.3624054193496704,0.0,0.0,-1.9115626811981201,-1.8218516111373901,0.1478491723537445,0.16172602772712708,0.0003,84.0321273803711
1600,640000,-0.0028106865332581956,232.87987854003907,0.8947847259044647,0.00530569301918149,0.04452500017825514,0.26391488313674927,0.1549886167049408,0.7287392616271973,15.362457275390625,-98.04423522949219,79.95977020263672,15.659945487976074,17.905921936035156,0.7112288210236117,15.43417010076595,0.08387765288352966,1.1967283487319946,0.0,0.0,-1.9091371297836304,-1.821585774421692,0.14820821583271027,0.16176901757717133,0.0003,107.49699401855469
1610,644000,-0.0015243862322662594,242.88388229370116,0.8921136629581451,0.003464513923972845,0.023874999950639905,0.2925264835357666,0.15470203757286072,0.3695041835308075,15.629752159118652,-102.18830108642578,82.95127868652344,16.407024383544922,18.58219337463379,0.6779519392901292,13.508456258261026,0.0729973241686821,0.7537086009979248,0.0,0.0,-1.9092355966567993,-1.8250446319580078,0.1481936275959015,0.16121044754981995,0.0003,119.77896881103516
1620,648000,-0.0013127162634176792,274.1810122680664,0.8956269764900208,0.005088948179036379,0.04359999991953373,0.18395739793777466,0.15499408543109894,1.372246265411377,16.769010543823242,-59.56880569458008,151.69801330566406,18.085773468017578,18.56312370300293,0.7193477591449081,21.693531270869567,0.05269823595881462,1.0337400436401367,0.0,0.0,-1.9039560556411743,-1.8262882232666016,0.1489780843257904,0.16101008653640747,0.0003,111.24696350097656
1630,652000,-0.0011272435714676243,191.50667221069335,0.8913039809465408,0.0034308445174247026,0.036075000069104135,0.19865739345550537,0.1549590528011322,1.5704855918884277,13.934976577758789,-66.61820983886719,98.95172882080078,19.961179733276367,15.566720962524414,0.7229110356454759,17.24296987253926,0.06322825700044632,0.8703463077545166,0.0,0.0,-1.9005790948867798,-1.829859733581543,0.14948202669620514,0.16043606400489807,0.0003,92.83708190917969
1640,656000,-0.001438026377404462,249.06502716064452,0.8957454186677932,0.00350005691871047,0.02195000009611249,0.21889495849609375,0.1544465571641922,0.8428841233253479,15.965705871582031,-111.05414581298828,97.64266967773438,21.294748306274414,18.064809799194336,0.6692364425090819,23.328114071223823,0.05181098356842995,1.3643797636032104,0.0,0.0,-1.906186580657959,-1.8310391902923584,0.14864616096019745,0.16024695336818695,0.0003,160.87619018554688
1650,660000,-0.0024003242763035804,382.0491789245605,0.9009544330835343,0.004873347468674183,0.0343500000378117,0.20454245805740356,0.15420183539390564,-1.2560824155807495,19.62593650817871,-146.32879638671875,90.63081359863281,20.002294540405273,22.00502586364746,0.643396913702564,29.27040176748119,0.08776470273733139,0.7341273427009583,0.0,0.0,-1.9075626134872437,-1.8328194618225098,0.14844176173210144,0.15996192395687103,0.0003,172.32806396484375
1660,664000,-0.002168059420598727,269.7381721496582,0.9011860293149948,0.004368602763861418,0.02355000005569309,0.39277416467666626,0.15437141060829163,0.8970028162002563,16.86309242248535,-82.08773803710938,103.0947265625,20.8153133392334,21.640239715576172,0.6753899988233633,34.584099157666095,0.060216136276721954,1.6322647333145142,0.0,0.0,-1.9068766832351685,-1.8313372135162354,0.1485436111688614,0.16019921004772186,0.0003,130.26687622070312
1670,668000,-0.0018607143805798821,205.6247723388672,0.9005175095796585,0.0034088226966559887,0.023700000047683717,0.5018338561058044,0.15428973734378815,-0.877784013748169,14.399083137512207,-89.78282165527344,65.55522918701172,19.830026626586914,20.40082550048828,0.7058933040155978,27.10014727765919,0.05168133229017258,0.6854154467582703,0.0,0.0,-1.9094135761260986,-1.8300083875656128,0.14816725254058838,0.16041222214698792,0.0003,110.81753540039062
1680,672000,-0.002195048357329501,462.04620239257815,0.9036369675397873,0.004152858629822731,0.019524999959394336,0.2918819785118103,0.15392160415649414,-0.7261674404144287,21.65851402282715,-107.70978546142578,129.21963500976562,19.959510803222656,25.738061904907227,0.6742385964572314,40.672772281235865,0.051478561013936996,1.3199087381362915,0.0,0.0,-1.9127751588821411,-1.831499695777893,0.14767000079154968,0.1601731777191162,0.0003,245.7544403076172
1690,676000,-0.0014874638445326127,204.5957536315918,0.905695413351059,0.007073535118252039,0.02810000000987202,0.4556429386138916,0.15388628840446472,-0.6785436272621155,14.38822078704834,-74.27192687988281,85.6226806640625,18.401273727416992,19.501373291015625,0.7042673751532957,22.61194919828968,0.08232326805591583,0.6864377856254578,0.0,0.0,-1.9187264442443848,-1.8264826536178589,0.14679379761219025,0.1609787940979004,0.0003,103.36106872558594
1700,680000,-0.0005749548258398152,254.06065124511719,0.9064497995376587,0.003037817310541868,0.007574999914504587,0.3950766324996948,0.15406829118728638,-3.170518159866333,16.20588493347168,-113.41806030273438,59.79855728149414,14.956679344177246,20.836393356323242,0.6962829769892314,40.891564690606614,0.04692699760198593,1.051255464553833,0.0,0.0,-1.9179446697235107,-1.824935793876648,0.14690861105918884,0.1612280011177063,0.0003,132.22323608398438
1710,684000,-0.002314504019597923,311.05119384765624,0.9030556231737137,0.004043020773679018,0.03915000003296882,0.3210621476173401,0.15439675748348236,-0.8896442651748657,17.80483055114746,-120.38383483886719,71.04244995117188,14.111624717712402,21.608409881591797,0.6434948958394568,26.27481428706187,0.049930375069379807,0.8823344111442566,0.0,0.0,-1.921282410621643,-1.8178502321243286,0.14641907811164856,0.16237443685531616,0.0003,132.6300811767578
1720,688000,-0.0021592141541026642,209.01375442504883,0.9057018983364106,0.004430231638252735,0.030599999940022826,0.3347262740135193,0.15343880653381348,1.4087175130844116,14.607888221740723,-64.01490783691406,57.842918395996094,14.412209510803223,17.909656524658203,0.7376441121044699,18.833610030852082,0.07038513571023941,0.7852727770805359,0.0,0.0,-1.9286975860595703,-1.8230007886886597,0.14533735811710358,0.16154026985168457,0.0003,93.4961929321289
1730,692000,-0.002805702585896146,177.17998725891113,0.9172862458229065,0.0044645881280303,0.03632500012870878,0.2637975215911865,0.1530383676290512,-0.1637164056301117,13.581607818603516,-80.74810028076172,75.84542083740234,14.579673767089844,15.828965187072754,0.6701680064747798,16.622802232458753,0.08482051640748978,1.0496327877044678,0.0,0.0,-1.9292312860488892,-1.827488660812378,0.145259827375412,0.16081693768501282,0.0003,106.70081329345703
1740,696000,-0.0028566635930242245,132.0884928894043,0.9245172625780106,0.004866643808782101,0.04590000007301569,0.35896164178848267,0.15183408558368683,0.42882588505744934,11.618143081665039,-55.79539489746094,60.11984634399414,15.16222095489502,14.51091194152832,0.7440893855715539,12.724796912168934,0.10065948963165283,0.8847541809082031,0.0,0.0,-1.926358699798584,-1.8452204465866089,0.14567770063877106,0.1579904854297638,0.0003,76.43912506103516
1750,700000,-0.0033791535079155423,103.92100776672363,0.9370765054225921,0.006161856465041637,0.0563250003894791,0.4301491975784302,0.15148746967315674,-0.262906014919281,10.339861869812012,-61.257972717285156,46.577030181884766,15.433740615844727,13.697274208068848,0.7045932889142855,9.600024818867057,0.1116873249411583,1.11615788936615,0.0,0.0,-1.9287745952606201,-1.8473857641220093,0.145326167345047,0.15764875710010529,0.0003,57.32162094116211
1760,704000,-0.0011510278048695887,378.50965789794924,0.9401739305257797,0.004620051011443138,0.017325000022538006,0.2584630846977234,0.1511184424161911,-4.306392669677734,19.634159088134766,-94.03913879394531,118.37471008300781,10.729104042053223,22.800580978393555,0.685958882824519,41.15629163793019,0.060559459030628204,0.9709243178367615,0.0,0.0,-1.9295991659164429,-1.8513152599334717,0.14520639181137085,0.15703050792217255,0.0003,167.71144104003906
1770,708000,-0.002211024473335419,221.7597978210449,0.9500138503313065,0.004256904125213623,0.026224999944679438,0.2673277258872986,0.14971965551376343,1.6729662418365479,15.066898345947266,-63.58574676513672,104.2916030883789,12.698515892028809,17.60228157043457,0.7222643079801443,18.6620318433785,0.07159759104251862,0.8719326257705688,0.0,0.0,-1.9360610246658325,-1.8632456064224243,0.144271120429039,0.15516820549964905,0.0003,92.15693664550781
1780,712000,-0.0016442720568578828,147.88121398925782,0.9643224602937699,0.004064944572746754,0.034199999999254944,0.4004879593849182,0.14951202273368835,-0.35900622606277466,12.22271728515625,-89.30624389648438,55.04859924316406,12.573752403259277,15.785881042480469,0.7057610693967524,11.037879006277294,0.04371648654341698,0.8017222881317139,0.0,0.0,-1.939659595489502,-1.8625820875167847,0.14375287294387817,0.15527118742465973,0.0003,71.15715789794922
1790,716000,-0.0020766200899327947,484.6417074584961,0.9638661748170853,0.004337473306804895,0.01580000001937151,0.21415889263153076,0.14948612451553345,-2.9595937728881836,22.1007022857666,-182.76303100585938,114.30001831054688,8.56889820098877,24.93094253540039,0.6545531449134887,28.267828984704867,0.06776081025600433,0.6744090914726257,0.0,0.0,-1.9372960329055786,-1.8651098012924194,0.14409303665161133,0.15487919747829437,0.0003,262.2156982421875
1800,720000,-0.0023965887495025484,297.6144877624512,0.9659146344661713,0.00479179248213768,0.03355000005103648,0.27939414978027344,0.1491619050502777,0.8755057454109192,17.351102828979492,-108.98423767089844,104.00321960449219,10.639257431030273,20.43987274169922,0.7019835395731708,17.931281902547074,0.07026614248752594,1.1232260465621948,0.0,0.0,-1.9380404949188232,-1.868610143661499,0.1439858227968216,0.1543380171060562,0.0003,182.78536987304688
1810,724000,-0.0033192480520345315,208.54324127197265,0.9690661948919296,0.004678690806031227,0.04830000026617199,0.2616713047027588,0.14908857643604279,1.8489772081375122,14.517855644226074,-70.33464050292969,56.732139587402344,11.530267715454102,16.895753860473633,0.6572022379719393,16.115014704926605,0.058372609317302704,0.8996233344078064,0.0,0.0,-1.9374353885650635,-1.8701263666152954,0.1440729796886444,0.15410418808460236,0.0003,112.27610778808594
1820,728000,-0.0011959627838848963,178.34538024902344,0.9618800890445709,0.00560015207156539,0.04295000008773059,0.2829342484474182,0.1503521203994751,0.6798175573348999,13.478273391723633,-95.58056640625,73.0946273803711,12.324049949645996,15.916764259338379,0.7387258865616892,10.200702356450808,0.07822830229997635,0.9504778385162354,0.0,0.0,-1.929814338684082,-1.8609225749969482,0.14517515897750854,0.15552906692028046,0.0003,103.66792297363281
1830,732000,-0.0010690377810999062,236.99828399658202,0.9581328743696212,0.0045038918033242226,0.034150000107474626,0.19876891374588013,0.14946240186691284,0.23777727782726288,15.471721649169922,-102.79960632324219,56.493011474609375,12.021147727966309,17.284616470336914,0.7107049942711101,10.297464266397885,0.05765242502093315,0.9765822291374207,0.0,0.0,-1.9420711994171143,-1.860992670059204,0.14340662956237793,0.15551817417144775,0.0003,133.79019165039062
1840,736000,-0.002229948903020702,116.9798592376709,0.9744614970684051,0.004051129333674908,0.045424999836832285,0.3459733724594116,0.14826279878616333,-0.8340654969215393,10.847823143005371,-59.16999053955078,52.249935150146484,11.270109176635742,13.413585662841797,0.7008998121812234,8.708802884582028,0.08640790730714798,0.7063104510307312,0.0,0.0,-1.9576295614242554,-1.862184762954712,0.1411927193403244,0.15533289313316345,0.0003,57.257076263427734
1850,740000,-0.002025994213343072,172.03285942077636,0.9845772957801819,0.004743929021060467,0.043974999864585695,0.21774834394454956,0.1481136977672577,0.7119239568710327,13.18470287322998,-63.25788879394531,78.11353302001953,13.00082778930664,14.907235145568848,0.7355731402228496,10.26639032778026,0.08063874393701553,0.8066524267196655,0.0,0.0,-1.966706395149231,-1.8559110164642334,0.13991694152355194,0.15631048381328583,0.0003,70.22225952148438
1860,744000,-0.0021405934368474845,112.5604907989502,0.9792160648107529,0.004474158398807049,0.035350000131875274,0.3111589550971985,0.14854148030281067,0.6708039045333862,10.644357681274414,-64.47268676757812,55.717559814453125,14.669388771057129,12.825077056884766,0.658710434677435,8.065890805684166,0.09886447340250015,0.6233807802200317,0.0,0.0,-1.9584320783615112,-1.8578767776489258,0.14107945561408997,0.15600350499153137,0.0003,69.61444854736328
1870,748000,-0.00016962825212067046,91.33684204101563,0.9759780824184418,0.0013248149771243334,0.009600000008940696,0.29675477743148804,0.1488800197839737,-0.5334532856941223,10.004636764526367,-46.274635314941406,69.22927856445312,14.570189476013184,11.930206298828125,0.6973978794874002,12.940256024452946,0.04685939475893974,1.4132496118545532,0.0,0.0,-1.953215479850769,-1.8582665920257568,0.14181733131408691,0.15594270825386047,0.0003,48.74544906616211
1880,752000,-0.001109263971437029,141.7904323577881,0.9751063197851181,0.0025641205720603466,0.02174999998882413,0.2386094331741333,0.14845776557922363,0.9467153549194336,11.93443489074707,-47.00403594970703,74.49266815185547,15.050738334655762,13.677227973937988,0.7214139564073284,9.698219466397147,0.07687627524137497,0.4496840834617615,0.0,0.0,-1.9496444463729858,-1.8669732809066772,0.14232467114925385,0.15459087491035461,0.0003,71.28721618652344
1890,756000,-0.0012771889090996402,103.78314147949219,0.9714028257131576,0.003181765554472804,0.020449999952688813,0.27560484409332275,0.1499231904745102,0.6647037267684937,10.436674118041992,-41.856529235839844,102.49842071533203,16.644739151000977,12.262368202209473,0.734794398211729,11.034675682368043,0.07750076055526733,0.9597398638725281,0.0,0.0,-1.9402761459350586,-1.8567326068878174,0.14366427063941956,0.15618209540843964,0.0003,49.609893798828125
1900,760000,-0.0006703382446716199,181.05427871704103,0.9611477959156036,0.0019065687665715814,0.01897500002756715,0.1732507348060608,0.14920246601104736,0.5585315227508545,13.604935646057129,-72.16372680664062,90.67471313476562,16.841289520263672,14.962687492370605,0.6630453232853145,12.988429217279036,0.05773814767599106,0.7803727388381958,0.0,0.0,-1.9439842700958252,-1.8625742197036743,0.1431325227022171,0.15527240931987762,0.0003,102.7802505493164
1910,764000,-0.0012507969464000811,177.8094789123535,0.9766641360521316,0.0024402707349509,0.030350000131875277,0.2625546455383301,0.14795798063278198,-0.4941178262233734,13.508731842041016,-77.17062377929688,66.28456115722656,16.325265884399414,15.730758666992188,0.6966997707558882,12.183876515159747,0.04279515519738197,0.9079563021659851,0.0,0.0,-1.9516067504882812,-1.8716453313827515,0.14204566180706024,0.15387026965618134,0.0003,73.89009857177734
1920,768000,-0.0008995322072390999,144.25325500488282,0.9817096555233001,0.0021489085629582405,0.015749999945983292,0.349640429019928,0.1487729251384735,0.7196458578109741,12.076739311218262,-64.14486694335938,66.1253662109375,17.31979751586914,14.975210189819336,0.6961819468114244,11.835502975624708,0.05999487638473511,0.7034516930580139,0.0,0.0,-1.9540486335754395,-1.8588829040527344,0.14169922471046448,0.15584662556648254,0.0003,77.74444580078125
1930,772000,-0.0020393480260790975,147.74093070983886,0.9800769072771073,0.004369144327938557,0.026275000059977172,0.34383654594421387,0.14768409729003906,-1.600950837135315,12.203836441040039,-81.19964599609375,49.60038757324219,15.262007713317871,15.065735816955566,0.6923781074835318,13.399537357179309,0.08916407078504562,0.5156877636909485,0.0,0.0,-1.9662903547286987,-1.861797571182251,0.1399751454591751,0.15539304912090302,0.0003,79.2034912109375
1940,776000,-0.0017195638866083752,113.34460693359375,0.9865854549407959,0.004232550971210003,0.03125000022351742,0.4088634252548218,0.1482209861278534,0.30384349822998047,10.667593002319336,-67.38421630859375,47.94204330444336,15.767607688903809,13.874666213989258,0.7313977287111624,7.920897203494075,0.08013365417718887,0.5893764495849609,0.0,0.0,-1.964656949043274,-1.856374979019165,0.14020396769046783,0.15623797476291656,0.0003,44.73223114013672
1950,780000,-0.0013660757578210902,121.34096405029297,0.9870831441879272,0.0035355971194803715,0.03195000005885959,0.4475547671318054,0.14751100540161133,-1.1644047498703003,11.136401176452637,-52.6805534362793,67.46778106689453,14.237150192260742,14.983051300048828,0.7077476659725201,12.652680897004643,0.09386506676673889,0.542310357093811,0.0,0.0,-1.9643131494522095,-1.8658162355422974,0.14025217294692993,0.15476982295513153,0.0003,51.25920867919922
1960,784000,-0.001843496572506047,144.73188903808594,1.003212221264839,0.0055229817517101765,0.03147499992977828,0.45589739084243774,0.14559894800186157,-0.5587998032569885,12.089579582214355,-85.56071472167969,52.070274353027344,13.213688850402832,16.389692306518555,0.731140496883567,10.015339792996965,0.0867827832698822,0.6861382722854614,0.0,0.0,-1.969158411026001,-1.8863539695739746,0.13957427442073822,0.15162362158298492,0.0003,70.26142883300781
1970,788000,-0.0035343533497012693,111.54557579040528,1.0183143317699432,0.00425774697214365,0.036924999984912575,0.4150466322898865,0.14553743600845337,0.5424908399581909,10.743890762329102,-58.34735107421875,62.394142150878906,14.976480484008789,14.047561645507812,0.7750022410555849,10.34031096718548,0.07645933330059052,0.9695441126823425,0.0,0.0,-1.9610586166381836,-1.8946864604949951,0.14070938527584076,0.15036547183990479,0.0003,58.16785430908203
1980,792000,-0.0012849822190850312,129.69364326477051,1.023496502637863,0.004208752419799566,0.03465000012889505,0.36413538455963135,0.14454135298728943,0.2831781208515167,11.457433700561523,-77.87889099121094,69.25543212890625,14.262524604797363,14.368288040161133,0.7187867164419549,9.365837408559273,0.09558559209108353,0.7305440902709961,0.0,0.0,-1.9699262380599976,-1.8996860980987549,0.13946714997291565,0.1496155858039856,0.0003,62.11162567138672
1990,796000,-0.002201561791810671,151.15509353637697,1.0329918837547303,0.005523470230400562,0.03797500013373792,0.32066071033477783,0.1444453001022339,2.5546514987945557,12.321685791015625,-63.280147552490234,87.4006576538086,16.979141235351562,14.949503898620605,0.8336751254728202,18.280641065565906,0.06965690851211548,0.8148660659790039,0.0,0.0,-1.9752296209335327,-1.8960462808609009,0.13872945308685303,0.15016114711761475,0.0003,70.31327056884766
2000,800000,-0.0007718499508802789,164.80499504089354,1.0330439579486848,0.004121084697544575,0.021024999939836562,0.35774439573287964,0.14442229270935059,-1.5887211561203003,13.151467323303223,-98.5898666381836,61.12949752807617,15.204468727111816,16.41044044494629,0.7197052428947273,21.116170914395692,0.07484021782875061,0.8431466221809387,0.0,0.0,-1.9736697673797607,-1.897796392440796,0.13894601166248322,0.14989857375621796,0.0003,93.48970794677734
2010,804000,-0.0005349564636941118,219.6964373779297,1.0303145253658295,0.0038019628264009953,0.03092499988153577,0.33773744106292725,0.14499393105506897,-0.14338739216327667,14.970442771911621,-141.0513153076172,83.60672760009766,15.9950590133667,18.395835876464844,0.7633664796019616,13.825249403799166,0.06530670821666718,0.6981515884399414,0.0,0.0,-1.9732989072799683,-1.8905396461486816,0.13899755477905273,0.1509903073310852,0.0003,94.39378356933594
2020,808000,-0.0013500864918431076,74.29795513153076,1.0288113248348236,0.006459742784500122,0.034700000090524555,0.5677250623703003,0.1442432403564453,0.9907605648040771,8.696167945861816,-37.316802978515625,59.793460845947266,18.69964599609375,13.226590156555176,0.9202541181214735,8.869793875230338,0.10473573207855225,1.0809131860733032,0.0,0.0,-1.9796133041381836,-1.8946971893310547,0.13812264800071716,0.15036386251449585,0.0003,30.53354263305664
2030,812000,-0.001061233479747896,143.1342793273926,1.038062834739685,0.004574752412736416,0.03947500012814999,0.3937527537345886,0.1441604495048523,0.8291632533073425,12.10290241241455,-58.12747573852539,92.73831939697266,19.851390838623047,15.544066429138184,0.8636982130928408,13.073821130351988,0.07750967144966125,0.9475110769271851,0.0,0.0,-1.9861444234848022,-1.889830470085144,0.137223482131958,0.15109741687774658,0.0003,45.43349075317383
2040,816000,-0.0015221992692808239,168.97721466064453,1.0438741064071655,0.004391388036310673,0.02965000024996698,0.2661091685295105,0.14339467883110046,1.5231297016143799,13.037437438964844,-64.68965911865234,94.14375305175781,19.296003341674805,15.218663215637207,0.7294699176709443,11.721233006172032,0.06120159476995468,0.6875969767570496,0.0,0.0,-1.9959652423858643,-1.8910921812057495,0.1358824372291565,0.15090689063072205,0.0003,91.3777084350586
2050,820000,-0.0016940513109304444,161.18039962768555,1.0512169790267945,0.002880640560761094,0.02222499992698431,0.2979300022125244,0.14298129081726074,2.4623875617980957,12.740320205688477,-42.31201934814453,70.12448120117188,22.678293228149414,15.205130577087402,0.8155261206593015,18.386390494360686,0.050534818321466446,0.9351171851158142,0.0,0.0,-1.9990514516830444,-1.8937996625900269,0.13546371459960938,0.1504988819360733,0.0003,65.68394470214844
2060,824000,-0.001557431413925947,188.16233543395995,1.0547660517692565,0.00403068121522665,0.030499999835155903,0.17346882820129395,0.14300116896629333,0.6867135167121887,13.780756950378418,-101.61557006835938,93.512451171875,21.601219177246094,15.15805435180664,0.6906269485772775,11.598770679064819,0.06411110609769821,0.7670011520385742,0.0,0.0,-1.992454171180725,-1.8995095491409302,0.13636036217212677,0.1496419906616211,0.0003,78.41951751708984
2070,828000,-0.0013462113654350105,100.40685245513916,1.0478077566623687,0.0036114950198680162,0.03052500004414469,0.3530648946762085,0.14400094747543335,0.39585080742836,10.088183403015137,-77.46072387695312,70.76022338867188,22.628326416015625,12.54245662689209,0.7080932617976632,10.77905077417153,0.07782039791345596,0.6672338247299194,0.0,0.0,-1.98881995677948,-1.8895151615142822,0.1368568241596222,0.1511450856924057,0.0003,56.00101852416992
2080,832000,-0.0012861552800836763,113.10566078186035,1.0397942554950714,0.00565273966640234,0.036425000210292637,0.4644697308540344,0.1440776288509369,-0.03362950310111046,10.884533882141113,-75.10262298583984,49.10832214355469,23.333200454711914,14.87366008758545,0.772861138194266,13.348536129115452,0.066565603017807,1.0301518440246582,0.0,0.0,-1.9846984148025513,-1.8922439813613892,0.13742205500602722,0.15073318779468536,0.0003,63.08835983276367
2090,836000,-0.0027771950082940756,146.15128974914552,1.040080153942108,0.00502533745020628,0.033750000195577744,0.4205600619316101,0.14386337995529175,-0.3035126328468323,12.395550727844238,-92.88880157470703,59.811458587646484,22.595468521118164,16.284019470214844,0.7498323349453264,17.91967423715369,0.09353959560394287,1.1933165788650513,0.0,0.0,-1.9862515926361084,-1.8936727046966553,0.13720877468585968,0.15051798522472382,0.0003,56.71963882446289
2100,840000,-0.0007733313485092453,167.15443641662597,1.040905146598816,0.003576257498934865,0.021250000069849194,0.4329976439476013,0.14396245777606964,1.5227855443954468,13.013949394226074,-80.04959106445312,86.30300903320312,23.550058364868164,17.282901763916016,0.7464904479304848,14.549681975671167,0.05946649610996246,0.9737511277198792,0.0,0.0,-1.985303282737732,-1.893221139907837,0.13733895123004913,0.15058597922325134,0.0003,81.07945251464844
2110,844000,-0.001486146303492566,213.61301391601563,1.041058280467987,0.004583312198519707,0.0164749999018386,0.39967894554138184,0.14385774731636047,-2.8193392753601074,15.332127571105957,-137.20132446289062,38.1058349609375,22.403343200683594,19.78839874267578,1.0016594900693325,53.60101011798863,0.05233687162399292,1.207483172416687,0.0,0.0,-1.9841272830963135,-1.8956880569458008,0.1375005692243576,0.15021495521068573,0.0003,81.28622436523438
2120,848000,-0.0006223222041444387,96.01045021057129,1.0407013261318208,0.004204156342893839,0.02572499987669289,0.5952353477478027,0.1439065933227539,1.0466444492340088,9.909153938293457,-42.60575866699219,92.99664306640625,24.09431266784668,15.575258255004883,0.9170096619250565,15.439713806346322,0.08692806959152222,1.081720232963562,0.0,0.0,-1.9785947799682617,-1.9001259803771973,0.13826338946819305,0.14954978227615356,0.0003,37.20933532714844
2130,852000,-0.0006763074528833401,91.72825622558594,1.0403621864318848,0.0031547374092042446,0.017849999968893825,0.6065218448638916,0.14395847916603088,-0.486115425825119,9.759217262268066,-138.6626739501953,47.29433822631836,22.95692253112793,15.558032035827637,0.8140136286339572,15.97785860708916,0.05940474942326546,0.5666736364364624,0.0,0.0,-1.97983980178833,-1.8982833623886108,0.13809135556221008,0.1498255878686905,0.0003,30.73480224609375
2140,856000,-0.0021472849968835386,89.7374435043335,1.042106169462204,0.0050301565788686275,0.03644999991171062,0.630649209022522,0.14347222447395325,0.43350768089294434,9.50096607208252,-60.96376419067383,63.35599136352539,22.394886016845703,15.633213996887207,0.767724572848781,10.492407207434253,0.08269236981868744,0.41901975870132446,0.0,0.0,-1.9781090021133423,-1.906403660774231,0.13833056390285492,0.14861389994621277,0.0003,54.1878776550293
2150,860000,-0.000751939651660769,84.93455760955811,1.0538812482357025,0.003233476774767041,0.02272499999497086,0.6158839464187622,0.14242485165596008,-0.46521076560020447,9.257901191711426,-74.1757583618164,30.125797271728516,21.896883010864258,14.937616348266602,0.7102453690040549,9.765452847406126,0.07803889364004135,0.6852484345436096,0.0,0.0,-1.9814611673355103,-1.9174447059631348,0.13786764442920685,0.1469820737838745,0.0003,39.42787551879883
2160,864000,-0.0011391124399822772,79.10119422912598,1.0556710612773896,0.00601271353662014,0.02909999984782189,0.6604893803596497,0.14345884323120117,-0.5329877734184265,9.065183639526367,-40.258995056152344,55.57533645629883,21.916501998901367,15.557862281799316,0.8560107958689926,11.97384756786226,0.06840170174837112,0.8949292302131653,0.0,0.0,-1.9756083488464355,-1.9089176654815674,0.13867692649364471,0.14824075996875763,0.0003,37.080081939697266
2170,868000,-0.0028038616673635277,102.78131195068359,1.047056405544281,0.004920142237097025,0.03492500002495944,0.5949387550354004,0.1432950794696808,-0.646831214427948,10.28803539276123,-50.88481903076172,54.5589485168457,21.544334411621094,16.164865493774414,0.8915966421566217,12.827067436219904,0.09506795555353165,1.1697771549224854,0.0,0.0,-1.9783108234405518,-1.908602237701416,0.13830265402793884,0.14828751981258392,0.0003,49.771915435791016
2180,872000,-0.00038814112076360983,138.5462232208252,1.0509605944156646,0.002026933478191495,0.008374999989755452,0.46018165349960327,0.1428530216217041,-0.8588571548461914,12.111926078796387,-81.78974151611328,89.56135559082031,20.029224395751953,16.485015869140625,0.7053348320841707,16.012258800680016,0.056863587349653244,1.3405466079711914,0.0,0.0,-1.9795637130737305,-1.9134082794189453,0.13812948763370514,0.14757654070854187,0.0003,55.522674560546875
2190,876000,-0.001962555341353438,126.38354454040527,1.0538378024101258,0.004363618325442076,0.03084999986924231,0.4564482569694519,0.14303186535835266,0.4124351739883423,11.343833923339844,-90.97653198242188,94.51007080078125,20.751876831054688,15.38648509979248,0.7379121889767675,9.798718297473705,0.08334512263536453,0.9185845851898193,0.0,0.0,-1.9721194505691528,-1.917988657951355,0.1391616016626358,0.14690212905406952,0.0003,69.31583404541016
2200,880000,-0.0025293634182613546,83.89491264343262,1.0538859748840332,0.004338049795478582,0.035224999994970856,0.5927116870880127,0.14257586002349854,-0.777894139289856,9.322931289672852,-63.544403076171875,47.60744094848633,20.534223556518555,14.608362197875977,0.8486041464722628,11.834962798999213,0.09235775470733643,0.8291794061660767,0.0,0.0,-1.971201777458191,-1.9250919818878174,0.13928936421871185,0.14586234092712402,0.0003,46.16868591308594
2210,884000,-0.0014957623084366745,148.15341583251953,1.0612767589092256,0.007333918008953333,0.04525000013411045,0.4525100588798523,0.14209046959877014,0.6354858875274658,12.35562515258789,-82.653076171875,64.04004669189453,21.30142593383789,16.698469161987305,0.9579037705081079,17.582771581795065,0.06156336888670921,0.8418785929679871,0.0,0.0,-1.9801995754241943,-1.923195481300354,0.138041689991951,0.1461392343044281,0.0003,68.0030288696289
2220,888000,-0.0029971729997305373,107.73444107055664,1.0667887020111084,0.003507856745272875,0.05149999981746078,0.5850648880004883,0.1419406533241272,-0.4796407222747803,10.600739479064941,-77.33307647705078,51.655731201171875,21.11960792541504,16.456825256347656,0.8170381056091813,12.701963952551589,0.08853201568126678,1.1883865594863892,0.0,0.0,-1.9825855493545532,-1.922994613647461,0.13771271705627441,0.14616858959197998,0.0003,47.577659606933594
2230,892000,-0.0021516021566993972,112.43888122558593,1.0697286319732666,0.006019493564963341,0.04030000004451722,0.5606575012207031,0.1416158676147461,-0.8655002117156982,10.805635452270508,-76.06581115722656,62.53349304199219,20.114761352539062,16.30229377746582,0.8629538072083618,13.305858252390472,0.05365130305290222,1.699977993965149,0.0,0.0,-1.9884223937988281,-1.9219558238983154,0.13691124320030212,0.14632050693035126,0.0003,50.81901168823242
2240,896000,-0.0001216462569649579,126.46789909362793,1.074481693506241,0.0025715953670442104,0.014325000010430813,0.5142679214477539,0.14141994714736938,2.3460888862609863,11.357165336608887,-65.19046020507812,54.2054443359375,22.416364669799805,16.295644760131836,0.6937324176425299,17.15586834186541,0.03767646104097366,0.9574272632598877,0.0,0.0,-1.9920240640640259,-1.9212701320648193,0.13641901314258575,0.14642086625099182,0.0003,75.35546112060547
2250,900000,-0.002464565370436329,81.89893970489501,1.0752346646785735,0.004220020491629839,0.03259999997913837,0.6694834232330322,0.14144617319107056,-0.5064248442649841,9.142885208129883,-45.88868713378906,63.157989501953125,20.583391189575195,15.903277397155762,0.8973259422651629,10.104897451566641,0.08399905264377594,1.2548737525939941,0.0,0.0,-1.9889228343963623,-1.9238088130950928,0.136842742562294,0.1460496336221695,0.0003,40.64929962158203
2260,904000,-0.002008270618139796,131.81509788513185,1.0829849791526795,0.0044888220727443695,0.02832499981857836,0.5770975947380066,0.14017730951309204,-1.382032036781311,11.594903945922852,-100.60920715332031,50.36548614501953,19.758140563964844,17.82982635498047,0.7663205969029268,14.143083410957413,0.0779496431350708,1.059455156326294,0.0,0.0,-1.9927109479904175,-1.9377387762069702,0.13632534444332123,0.14402925968170166,0.0003,85.34130096435547
2270,908000,-0.0019976343939895756,77.74529850006104,1.0993180751800538,0.004175606183707714,0.027124999915249647,0.7260462045669556,0.13918986916542053,-1.6100008487701416,9.024343490600586,-63.022254943847656,49.26091384887695,18.784955978393555,17.241575241088867,0.8495053136871077,16.010560472590335,0.07912707328796387,0.9808843731880188,0.0,0.0,-2.0009348392486572,-1.9437161684036255,0.1352088302373886,0.14317090809345245,0.0003,39.369022369384766
2280,912000,-0.0018929034809560985,60.85153705596924,1.117792271375656,0.005648362450301647,0.03710000005550682,0.7886078357696533,0.13757537305355072,-0.7667593955993652,7.897438049316406,-58.29874801635742,33.63981628417969,17.58428955078125,17.176780700683594,0.9071930599223866,11.192723570611502,0.0767572820186615,0.989606499671936,0.0,0.0,-2.0214014053344727,-1.9471434354782104,0.13246969878673553,0.1426810622215271,0.0003,34.15437316894531
2290,916000,-0.0017865469326332573,28.89044200897217,1.1375368738174438,0.00419009430333972,0.04297500004991889,0.8711770176887512,0.1368999034166336,0.2509292662143707,5.575571060180664,-33.33566665649414,41.86798858642578,18.350120544433594,15.534335136413574,0.771632920824497,7.744350581586267,0.07875997573137283,1.0618261098861694,0.0,0.0,-2.029555082321167,-1.9490742683410645,0.13139396905899048,0.14240585267543793,0.0003,11.192177772521973
2300,920000,-0.001258148046664429,129.50487457275392,1.1456657814979554,0.0044013941660523415,0.03175000006332993,0.6235606670379639,0.13615086674690247,-1.1325352191925049,11.482104301452637,-82.48677062988281,68.34497833251953,16.269865036010742,18.714317321777344,0.8241449234798389,13.405898358606269,0.08943713456392288,0.8813430666923523,0.0,0.0,-2.038560152053833,-1.9513251781463623,0.1302160620689392,0.14208567142486572,0.0003,81.06080627441406
2310,924000,-0.0012649570952246458,92.58579650878906,1.1478901779651642,0.003975431434810162,0.017575000026263297,0.6897741556167603,0.1369743049144745,-2.286362648010254,9.867297172546387,-71.39879608154297,49.38396453857422,14.752490043640137,17.715736389160156,0.7782374730462247,22.30288784390835,0.09980830550193787,1.1187307834625244,0.0,0.0,-2.0325558185577393,-1.9452719688415527,0.13100028038024902,0.14294832944869995,0.0003,45.66366958618164
2320,928000,-0.0015035609258011462,58.05337677001953,1.1407791423797606,0.003005262464284897,0.026950000086799264,0.7699514031410217,0.13668495416641235,0.10403130203485489,7.694042682647705,-51.948028564453125,43.18708038330078,14.226630210876465,16.041494369506836,0.8182116032775245,8.77487331089599,0.06394564360380173,0.8930720090866089,0.0,0.0,-2.034548759460449,-1.9474984407424927,0.1307394653558731,0.1426304280757904,0.0003,25.59091567993164
2330,932000,-0.000941048389393837,95.15373790740966,1.139330893754959,0.0028890701942145824,0.011049999948590994,0.622556209564209,0.13742688298225403,-0.0159057155251503,10.020694732666016,-64.00215148925781,64.18258666992188,14.965256690979004,16.310665130615234,0.7652501661681415,14.472204388633381,0.07352855056524277,0.9073142409324646,0.0,0.0,-2.028461456298828,-1.942703127861023,0.13153775036334991,0.14331601560115814,0.0003,37.35673904418945
2340,936000,-0.003216388872411331,183.5620864868164,1.1304710268974305,0.0057401773519814014,0.04242500009480864,0.3666810393333435,0.1377604752779007,0.6272380948066711,13.811695098876953,-71.1784439086914,76.90613555908203,14.099897384643555,17.355443954467773,0.7508041063038349,17.733758358127,0.0635986253619194,0.9601574540138245,0.0,0.0,-2.026294231414795,-1.9400426149368286,0.1318231225013733,0.1436978280544281,0.0003,99.63127899169922
2350,940000,-0.003190035180392443,116.04931282043457,1.1316767203807832,0.005838413722813129,0.06189999991562217,0.3855683207511902,0.13711510598659515,0.8745279312133789,11.090746879577637,-60.1227912902832,63.85382080078125,15.38549518585205,14.148942947387695,0.841325646225212,13.330176570074896,0.06946348398923874,1.3196665048599243,0.0,0.0,-2.0258641242980957,-1.9494638442993164,0.13187982141971588,0.14235037565231323,0.0003,47.231842041015625
2360,944000,-0.002149116378335747,82.36448764801025,1.1411849665641784,0.006329730153083801,0.04075000009033829,0.46791893243789673,0.13649243116378784,-1.5112581253051758,9.126806259155273,-55.45402145385742,48.7242317199707,13.62663459777832,12.512093544006348,0.8775185512651902,11.390397519802217,0.08300696313381195,0.7241672873497009,0.0,0.0,-2.023707389831543,-1.960270643234253,0.13216455280780792,0.14082029461860657,0.0003,35.56767654418945
2370,948000,-0.001208896742985237,205.31907356262207,1.1423573076725007,0.0021237903274595737,0.015399999963119627,0.12919962406158447,0.1370893120765686,-0.08264195173978806,14.629118919372559,-84.82067108154297,116.90474700927734,14.375372886657715,15.676852226257324,0.8254918917931379,16.999941324109205,0.050237078219652176,1.1043181419372559,0.0,0.0,-2.0170319080352783,-1.9580821990966797,0.13304978609085083,0.14112882316112518,0.0003,95.33392333984375
2380,952000,-0.0010592283124104184,53.32820587158203,1.137575511932373,0.005395924206823111,0.02594999975990504,0.39685630798339844,0.13677585124969482,0.15848109126091003,7.441558837890625,-28.491586685180664,45.97110366821289,14.610925674438477,9.581941604614258,0.8553912876929652,6.634762548493545,0.04840358719229698,0.7799106240272522,0.0,0.0,-2.013883352279663,-1.9655249118804932,0.1334693729877472,0.14008232951164246,0.0003,32.61363983154297
2390,956000,-0.004154073975168284,132.46440933227538,1.1412823486328125,0.006790114101022482,0.05115000034682453,0.1310061812400818,0.13689365983009338,2.259720802307129,11.571752548217773,-55.97880935668945,76.64537048339844,17.062227249145508,12.41340160369873,0.805586170122223,11.494480215589542,0.09318558126688004,0.9156450033187866,0.0,0.0,-2.0074303150177,-1.97002112865448,0.13433343172073364,0.13945390284061432,0.0003,70.5763168334961
2400,960000,-0.0027979057837466837,156.8401155090332,1.1436587131023408,0.006111740134656429,0.042124999882653356,0.18831735849380493,0.1362404227256775,-1.0598245859146118,12.722739219665527,-96.48265075683594,44.849281311035156,15.97830867767334,14.121716499328613,1.0168523800645226,10.41714597546713,0.06682237237691879,1.4001543521881104,0.0,0.0,-2.010547637939453,-1.976412057876587,0.13391532003879547,0.13856551051139832,0.0003,72.4084243774414
2410,964000,-0.00040167946402361874,98.9839888381958,1.1586356794834136,0.0035530352033674717,0.027425000020302834,0.22036319971084595,0.1347998082637787,1.60630202293396,10.049698829650879,-64.67013549804688,79.0097427368164,17.457008361816406,11.381692886352539,1.006998346069187,11.382600696930218,0.05965180695056915,0.9374879002571106,0.0,0.0,-2.020538330078125,-1.9876608848571777,0.1325840801000595,0.13701553642749786,0.0003,35.801605224609375
2420,968000,-0.0028421055498321834,164.92586517333984,1.174695248603821,0.005152761470526457,0.03622500009369105,0.16384410858154297,0.13422057032585144,1.8308485746383667,12.923331260681152,-61.55753707885742,80.09151458740234,19.334060668945312,14.132885932922363,0.8615500266462084,12.654868782885536,0.05232593044638634,1.0762550830841064,0.0,0.0,-2.0210108757019043,-1.9956908226013184,0.13252143561840057,0.1359197199344635,0.0003,76.12198638916016
2430,972000,-0.0011869876353113806,201.26312530517578,1.1818928146362304,0.003753518685698509,0.027449999861419203,0.1281275749206543,0.13374067842960358,-0.45361438393592834,14.404598236083984,-83.21037292480469,74.01747131347656,18.905672073364258,15.426758766174316,0.8136411285201597,13.72115048540612,0.06831538677215576,1.0002249479293823,0.0,0.0,-2.0256247520446777,-1.9982675313949585,0.13191141188144684,0.13556994497776031,0.0003,64.53630065917969
2440,976000,-0.00048043202611152135,160.78866249084473,1.1875707054138183,0.0023864752147346735,0.0085249999538064,0.37360745668411255,0.13358932733535767,-2.54805326461792,12.999195098876953,-100.45884704589844,58.63175964355469,15.587763786315918,16.424537658691406,1.029411132894536,17.94580957051019,0.06696715950965881,2.403642177581787,0.0,0.0,-2.027008533477783,-1.9991552829742432,0.13172899186611176,0.13544964790344238,0.0003,59.60074996948242
2450,980000,-0.0029202799769176657,190.46960136413574,1.1958818542957306,0.005368572194129229,0.03387499988079071,0.12173312902450562,0.1323784440755844,1.7646604776382446,14.140511512756348,-57.348899841308594,111.13414764404297,18.46417999267578,15.088701248168945,0.8735151113056696,17.539237582321842,0.06487099826335907,1.5728566646575928,0.0,0.0,-2.036736488342285,-2.0076558589935303,0.13045375049114227,0.13430313766002655,0.0003,94.13633728027344
2460,984000,-0.0033343032206204983,101.98534492492676,1.215833773612976,0.003976451698690653,0.04557499996386469,0.4253416657447815,0.13129132986068726,-0.7591637969017029,10.176105499267578,-54.69347381591797,75.15687561035156,17.29140853881836,13.423839569091797,0.7472549412080309,8.84525468108157,0.04775414243340492,0.7439360618591309,0.0,0.0,-2.048694610595703,-2.0123095512390137,0.12890306115150452,0.1336795687675476,0.0003,59.57608413696289
2470,988000,-0.004706110671198256,219.52275314331055,1.2236058020591736,0.005602219142019749,0.060499999774619936,0.2022334337234497,0.13112066686153412,0.2700798511505127,14.947871208190918,-127.15591430664062,78.64321899414062,17.316898345947266,16.735605239868164,0.8981561099765485,13.839627750304947,0.05377689376473427,0.8630620837211609,0.0,0.0,-2.056398630142212,-2.007474184036255,0.12791380286216736,0.13432753086090088,0.0003,88.21305847167969
2480,992000,-0.002250911539154914,175.81479049682616,1.226025904417038,0.006120656151324511,0.04244999995455146,0.24932795763015747,0.13099762797355652,-1.9362568855285645,13.341429710388184,-83.67383575439453,73.45453643798828,16.392730712890625,15.398458480834961,0.8378699841657001,15.798080788550749,0.09749813377857208,0.862835705280304,0.0,0.0,-2.055393695831299,-2.010267496109009,0.12804241478443146,0.13395284116268158,0.0003,71.62860107421875
2490,996000,-0.00010104954805138177,188.2175791168213,1.230311951637268,0.002187346341088414,0.006224999921396374,0.3890817165374756,0.13064993917942047,-2.252607583999634,14.027594566345215,-87.55931091308594,38.85725021362305,11.637350082397461,17.946990966796875,0.9862640595407592,20.98154328924937,0.054496947675943375,1.8405297994613647,0.0,0.0,-2.0600852966308594,-2.0109848976135254,0.1274431049823761,0.13385678827762604,0.0003,65.10791778564453
2500,1000000,-0.0024318576455872962,155.15004051208496,1.2337932181358338,0.004277100786566734,0.04667499983217567,0.4553180932998657,0.13056683540344238,0.9032606482505798,12.60333251953125,-84.2681655883789,60.37614440917969,12.07468318939209,17.077091217041016,0.9582095533951047,17.566250817052765,0.07002212107181549,1.1576316356658936,0.0,0.0,-2.0612690448760986,-2.0111000537872314,0.12729233503341675,0.1338413506746292,0.0003,82.59856414794922
