episode,policy,raw_pnl,running_inventory_penalty,terminal_inventory_penalty,full_objective,mean_absolute_inventory,terminal_absolute_inventory,total_fills,spread_revenue,adverse_selection_loss,steps_taken,env_reward_sum,reconciliation_abs_diff
0,oracle,-65.87829655434587,0.3914574999999895,0.1,-66.36975405434585,5.19475,10.0,46.0,48.10858816833301,14.049117625401813,4000,-66.36975405434495,8.952838470577262e-13
0,belief,-67.23093623128182,0.3914924999999895,0.1,-67.7224287312818,5.19525,10.0,44.0,46.755715315976715,14.049117625401813,4000,-67.72242873128076,1.0373923942097463e-12
0,randomised,-82.89922764395169,0.4700424999999805,0.1,-83.46927014395166,5.65775,10.0,46.0,48.166897268118475,14.049117625401813,4000,-83.46927014394826,3.396394276933279e-12
0,naive,-150.84408626207596,1.4056899999999837,0.324,-152.57377626207597,9.3985,18.0,58.0,53.16666666666663,29.708708678862514,4000,-152.5737762620755,4.547473508864641e-13
1,oracle,9.290805463562236,0.07868499999999759,0.004,9.208120463562238,2.1605,2.0,76.0,63.72256053396987,10.19896440563386,4000,9.208120463562096,1.4210854715202004e-13
1,belief,11.25648924578394,0.0610425000000003,0.004,11.191446745783939,1.85125,2.0,74.0,62.0261096809969,9.30888806057908,4000,11.191446745783647,2.913225216616411e-13
1,randomised,11.613584947622002,0.0610425000000003,0.004,11.548542447622001,1.85125,2.0,74.0,62.383205387119844,9.30888806057908,4000,11.548542447620985,1.0160761121369433e-12
1,naive,6.947607520445899,0.07632249999999872,0.036000000000000004,6.835285020445901,2.01475,6.0,66.0,60.49999999999994,12.772638688314318,4000,6.835285020444946,9.547918011776346e-13
2,oracle,43.87677608480442,0.2005899999999961,0.081,43.59518608480442,3.0935,9.0,53.0,54.58197033246832,17.735688672355355,4000,43.59518608480397,4.476419235288631e-13
2,belief,44.188864400942634,0.2005899999999961,0.081,43.90727440094263,3.0935,9.0,53.0,54.894058652351504,17.735688672355355,4000,43.907274400942185,4.476419235288631e-13
2,randomised,44.3846956101404,0.15620749999999853,0.064,44.1644881101404,2.86075,8.0,54.0,55.69711709335426,18.195415652915386,4000,44.1644881101378,2.5934809855243657e-12
2,naive,43.606706873164285,0.10734999999999387,0.009000000000000001,43.49035687316429,2.698,3.0,61.0,55.91666666666662,25.179877988938788,4000,43.490356873163975,3.126388037344441e-13
3,oracle,9.776744217660962,0.0642600000000022,0.009000000000000001,9.703484217660959,2.1355,3.0,57.0,55.547639793524475,24.00749309316879,4000,9.703484217661156,1.971756091734278e-13
3,belief,9.651378385653402,0.0642600000000022,0.009000000000000001,9.578118385653399,2.1355,3.0,57.0,55.42227396001253,24.00749309316879,4000,9.578118385653633,2.3447910280083306e-13
3,randomised,9.776744217660962,0.0642600000000022,0.009000000000000001,9.703484217660959,2.1355,3.0,57.0,55.547639793524475,24.00749309316879,4000,9.703484217661156,1.971756091734278e-13
3,naive,10.012913203534396,0.06550750000000431,0.0,9.947405703534391,1.93925,0.0,68.0,62.33333333333327,31.593112109491187,4000,9.947405703534589,1.971756091734278e-13
4,oracle,6.1431334294712485,0.06308250000000075,0.004,6.076050929471248,2.06425,2.0,72.0,67.55690793116106,20.32003878659444,4000,6.076050929469754,1.4939161019356106e-12
4,belief,6.775847658942297,0.06308250000000075,0.004,6.708765158942296,2.06425,2.0,72.0,68.18962216822426,20.32003878659444,4000,6.708765158940834,1.4619416788264061e-12
4,randomised,10.887177048815914,0.06770999999999788,0.004,10.815467048815917,2.0815,2.0,72.0,68.0572685284574,20.63903593815224,4000,10.815467048815671,2.4513724383723456e-13
4,naive,-7.0422106901608,0.5172549999999919,0.1,-7.659465690160792,6.2015,10.0,78.0,71.49999999999997,26.68819203118741,4000,-7.659465690159843,9.485745522397337e-13
5,oracle,69.52449744501223,0.2045449999999895,0.036000000000000004,69.28395244501223,3.928,6.0,70.0,62.31931417844093,16.072541842462396,4000,69.28395244501064,1.5916157281026244e-12
5,belief,68.85786344001485,0.21022749999999257,0.049,68.59863594001486,3.74775,7.0,69.0,62.77883617416984,16.480515104204258,4000,68.59863594001293,1.9326762412674725e-12
5,randomised,66.5471882521772,0.1900849999999922,0.036000000000000004,66.3211032521772,3.5745,6.0,70.0,62.824965731099624,16.183554392810453,4000,66.32110325217516,2.0321522242738865e-12
5,naive,46.548144500458235,0.062172500000005695,0.001,46.484972000458235,2.09475,1.0,67.0,61.416666666666615,22.987675323476346,4000,46.48497200045715,1.0871303857129533e-12
6,oracle,40.650893070082304,0.2602599999999937,0.025,40.36563307008231,4.685,5.0,61.0,62.39037421447952,26.153838183256337,4000,40.365633070081074,1.2363443602225743e-12
6,belief,44.11609492543937,0.319820000000005,0.036000000000000004,43.76027492543936,5.1595,6.0,62.0,63.297907448398746,26.447548176295843,4000,43.76027492543851,8.526512829121202e-13
6,randomised,40.650893070082304,0.2602599999999937,0.025,40.36563307008231,4.685,5.0,61.0,62.39037421447952,26.153838183256337,4000,40.365633070081074,1.2363443602225743e-12
6,naive,36.72541040445071,0.5101424999999817,0.081,36.13426790445073,6.44225,9.0,67.0,61.41666666666661,33.965256470738815,4000,36.134267904450475,2.5579538487363607e-13
7,oracle,74.26386033783348,0.03474249999999895,0.009000000000000001,74.22011783783348,1.36875,3.0,43.0,44.70040567311257,15.791633558866115,4000,74.22011783783262,8.668621376273222e-13
7,belief,75.15577609062308,0.034592499999998964,0.004,75.11718359062307,1.36575,2.0,44.0,45.968922570434636,16.167858941344388,4000,75.1171835906222,8.668621376273222e-13
7,randomised,74.2702960406429,0.03474249999999895,0.009000000000000001,74.22655354064291,1.36875,3.0,43.0,44.70684137599932,15.791633558866115,4000,74.22655354064206,8.526512829121202e-13
7,naive,52.48813431492724,0.05436250000000229,0.001,52.432771814927236,1.87925,1.0,61.0,55.91666666666662,26.746369222135208,4000,52.43277181492577,1.4637180356658064e-12
8,oracle,43.14397103379679,0.37327499999999786,0.064,42.70669603379679,5.2935,8.0,86.0,86.12125568175648,26.390753595292182,4000,42.706696033797215,4.263256414560601e-13
8,belief,42.982270784238494,0.2792925000000048,0.049,42.65397828423849,4.54725,7.0,85.0,85.0721403589274,26.390753595292182,4000,42.65397828423907,5.755396159656812e-13
8,randomised,42.66385316810147,0.37327499999999786,0.064,42.22657816810147,5.2935,8.0,86.0,85.64113781030036,26.390753595292182,4000,42.226578168101895,4.263256414560601e-13
8,naive,44.71722700905093,0.10417750000000082,0.064,44.54904950905093,2.32825,8.0,84.0,77.0,32.12308991201414,4000,44.54904950904956,1.3713474800169934e-12
9,oracle,69.14907389894032,0.026519999999999416,0.004,69.1185538989403,1.256,2.0,60.0,57.509499616828656,14.24118917226781,4000,69.11855389893819,2.1174173525650986e-12
9,belief,68.85892839607644,0.026519999999999416,0.004,68.82840839607643,1.256,2.0,60.0,57.21935411048313,14.24118917226781,4000,68.82840839607431,2.1174173525650986e-12
9,randomised,76.23738036399007,0.031054999999999267,0.004,76.20232536399007,1.363,2.0,62.0,58.34458547865397,14.78074922083762,4000,76.2023253639885,1.5631940186722204e-12
9,naive,24.96057621262993,0.09940999999999585,0.001,24.860166212629935,2.627,1.0,67.0,61.41666666666661,20.788012728800737,4000,24.860166212629636,2.984279490192421e-13
10,oracle,111.20386729546959,0.3071174999999977,0.009000000000000001,110.88774979546959,4.55575,3.0,53.0,56.09456666873626,20.879118602907887,4000,110.88774979546982,2.2737367544323206e-13
10,belief,111.14400483128827,0.3071174999999977,0.009000000000000001,110.82788733128827,4.55575,3.0,53.0,56.03470420383727,20.879118602907887,4000,110.8278873312885,2.2737367544323206e-13
10,randomised,101.8059920268858,0.2281274999999991,0.004,101.5738645268858,3.86825,2.0,54.0,56.69181329402043,21.5204475899507,4000,101.57386452688756,1.7621459846850485e-12
10,naive,130.5527735805266,0.4012299999999999,0.016,130.13554358052662,5.447,4.0,64.0,58.666666666666615,26.529952341554814,4000,130.1355435805252,1.4210854715202004e-12
11,oracle,50.81060512269244,0.14042499999999955,0.049,50.62118012269244,3.098,7.0,87.0,71.1817996390742,10.656294903278033,4000,50.62118012269181,6.252776074688882e-13
11,belief,50.868786933476144,0.14042499999999955,0.049,50.679361933476144,3.098,7.0,87.0,71.23998145055577,10.656294903278033,4000,50.67936193347552,6.252776074688882e-13
11,randomised,53.785879155232124,0.1119474999999986,0.036000000000000004,53.63793165523212,2.80825,6.0,86.0,70.9753720312108,10.656294903278033,4000,53.63793165523056,1.5631940186722204e-12
11,naive,20.906018972758602,0.6007024999999915,0.256,20.049316472758612,6.69325,16.0,78.0,71.49999999999997,15.589376099554425,4000,20.049316472759372,7.602807272633072e-13
12,oracle,67.71081075662045,0.05695500000000225,0.025,67.62885575662044,1.983,5.0,69.0,65.5655082121471,14.486893692553233,4000,67.62885575661913,1.3073986337985843e-12
12,belief,67.69359125934176,0.05695500000000225,0.025,67.61163625934175,1.983,5.0,69.0,65.54828871466181,14.486893692553233,4000,67.61163625934044,1.3073986337985843e-12
12,randomised,67.71081075662045,0.05695500000000225,0.025,67.62885575662044,1.983,5.0,69.0,65.5655082121471,14.486893692553233,4000,67.62885575661913,1.3073986337985843e-12
12,naive,76.08862305284491,0.024797499999999306,0.001,76.0628255528449,1.22825,1.0,75.0,68.74999999999997,20.30791018103894,4000,76.06282555284507,1.7053025658242404e-13
13,oracle,48.91624627895226,0.3518349999999913,0.036000000000000004,48.52841127895226,4.441,6.0,76.0,71.50195861452335,22.320560529250457,4000,48.5284112789521,1.6342482922482304e-13
13,belief,46.379562740238725,0.31802249999999405,0.049,46.012540240238735,4.27875,7.0,73.0,69.59608184110738,22.320560529250457,4000,46.01254024023786,8.739675649849232e-13
13,randomised,43.08114151811071,0.3961774999999877,0.049,42.63596401811073,4.83725,7.0,75.0,70.88116786476603,23.965243486867635,4000,42.63596401810999,7.389644451905042e-13
13,naive,45.130889473155094,0.3934949999999909,0.081,44.656394473155096,4.888,9.0,87.0,79.75000000000001,36.2315427634652,4000,44.65639447315446,6.394884621840902e-13
14,oracle,27.896474248070945,0.2447799999999936,0.064,27.58769424807095,4.183,8.0,64.0,62.46242287682198,22.61884577410541,4000,27.587694248070385,5.648814749292796e-13
14,belief,21.22058373579057,0.41665750000000257,0.1,20.703926235790565,5.72725,10.0,66.0,63.57480601337383,22.962543612778436,4000,20.70392623579139,8.242295734817162e-13
14,randomised,20.496043208212086,0.4014475000000018,0.1,19.99459570821208,5.49725,10.0,64.0,62.61308440890432,22.831507032017736,4000,19.994595708212852,7.709388682997087e-13
14,naive,34.39270606892546,0.4051200000000003,0.1,33.88758606892546,5.275,10.0,76.0,69.66666666666664,34.09388423351416,4000,33.88758606892571,2.4868995751603507e-13
15,oracle,38.617115945987166,0.05053750000000058,0.025,38.54157844598717,1.89825,5.0,61.0,58.72706181448036,14.171859273833634,4000,38.541578445987085,8.526512829121202e-14
15,belief,38.43926546919556,0.05053750000000058,0.025,38.363727969195565,1.89825,5.0,61.0,58.54921133555483,14.171859273833634,4000,38.36372796919548,8.526512829121202e-14
15,randomised,39.279571344850865,0.06465750000000002,0.036000000000000004,39.17891384485086,2.12175,6.0,62.0,59.41672289803191,15.468753976464718,4000,39.178913844851316,4.547473508864641e-13
15,naive,32.87484982234173,0.30012249999999796,0.1,32.47472732234173,4.92125,10.0,64.0,58.666666666666615,17.78879310697637,4000,32.474727322341586,1.4210854715202004e-13
16,oracle,76.27136319352303,0.1479599999999975,0.081,76.04240319352303,2.839,9.0,85.0,75.36665085420971,15.213883696677291,4000,76.04240319352117,1.8616219676914625e-12
16,belief,71.28354221598136,0.12440500000000006,0.064,71.09513721598137,2.693,8.0,84.0,74.50752479192604,15.213883696677291,4000,71.09513721598141,4.263256414560601e-14
16,randomised,76.27136319352303,0.1479599999999975,0.081,76.04240319352303,2.839,9.0,85.0,75.36665085420971,15.213883696677291,4000,76.04240319352117,1.8616219676914625e-12
16,naive,48.11403716699783,0.14852250000000605,0.009000000000000001,47.956514666997826,3.22475,3.0,81.0,74.24999999999999,20.80800021913384,4000,47.95651466699841,5.826450433232822e-13
17,oracle,38.97132189430852,0.06429499999999838,0.004,38.90302689430852,2.047,2.0,74.0,56.89094540900819,8.252479796682326,4000,38.903026894306855,1.6626700016786344e-12
17,belief,39.12727372382682,0.06429499999999838,0.004,39.05897872382682,2.047,2.0,74.0,57.046897240397726,8.252479796682326,4000,39.058978723825156,1.6626700016786344e-12
17,randomised,38.47053965658688,0.06429499999999838,0.004,38.40224465658688,2.047,2.0,74.0,56.39016316527753,8.252479796682326,4000,38.40224465658522,1.6626700016786344e-12
17,naive,47.075850182307704,0.15153999999999668,0.009000000000000001,46.91531018230771,3.4145,3.0,63.0,57.74999999999995,10.661839618500103,4000,46.915310182307486,2.2026824808563106e-13
18,oracle,62.1739056339764,0.105664999999997,0.025,62.04324063397641,2.458,5.0,59.0,57.93479324538227,22.079161811586623,4000,62.0432406339776,1.1866063687193673e-12
18,belief,64.1552237773966,0.13556749999999365,0.025,63.99465627739661,2.71125,5.0,57.0,56.03136205745895,22.079161811586623,4000,63.994656277396906,2.984279490192421e-13
18,randomised,59.24618225844347,0.13603249999999362,0.025,59.08514975844348,2.77225,5.0,59.0,57.45896832798392,22.52671304315661,4000,59.08514975844381,3.339550858072471e-13
18,naive,66.44627200892705,0.10558999999999852,0.009000000000000001,66.33168200892706,2.5765,3.0,67.0,61.41666666666661,29.481716572515595,4000,66.33168200892618,8.810729923425242e-13
19,oracle,49.10660097491717,0.018164999999999727,0.004,49.08443597491718,1.1665,2.0,60.0,60.514163812749864,21.697819836803276,4000,49.084435974914534,2.6432189770275727e-12
19,belief,49.44180344573364,0.020850000000000115,0.001,49.41995344573364,1.1905,1.0,59.0,59.806170184427664,21.697819836803276,4000,49.419953445731586,2.0534685063466895e-12
19,randomised,52.691127102946,0.018632500000000017,0.001,52.671494602946,1.08025,1.0,61.0,61.17889154981874,22.081689678858005,4000,52.67149460294439,1.6058265828178264e-12
19,naive,54.66230470984874,0.30956999999999235,0.064,54.28873470984875,5.252,8.0,72.0,65.99999999999994,31.30618248583545,4000,54.28873470984818,5.684341886080801e-13
20,oracle,52.84548860210816,0.19249249999999776,0.049,52.60399610210816,3.59975,7.0,79.0,65.35967953019691,13.925169616077287,4000,52.603996102108006,1.5631940186722204e-13
20,belief,53.65750631111621,0.19249249999999776,0.049,53.41601381111621,3.59975,7.0,79.0,66.17169724894835,13.925169616077287,4000,53.416013811116024,1.8474111129762605e-13
20,randomised,52.694710441202005,0.1946949999999975,0.064,52.43601544120201,3.6145,8.0,78.0,65.20837832199469,13.925169616077287,4000,52.436015441201945,6.394884621840902e-14
20,naive,55.435812710528694,0.14173750000000182,0.049,55.24507521052869,3.12125,7.0,63.0,57.74999999999995,15.11622857278207,4000,55.245075210528384,3.055333763768431e-13
21,oracle,23.95089656054614,0.04128750000000063,0.009000000000000001,23.90060906054614,1.56075,3.0,69.0,61.53656930750531,15.329754174550178,4000,23.900609060546227,8.526512829121202e-14
21,belief,25.40484906288458,0.03396249999999997,0.009000000000000001,25.361886562884578,1.37925,3.0,69.0,62.25217789040102,15.417506433768715,4000,25.361886562884724,1.4566126083082054e-13
21,randomised,24.527872310162422,0.0350849999999998,0.016,24.476787310162425,1.398,4.0,68.0,61.37488754799775,15.417506433768715,4000,24.476787310162607,1.8118839761882555e-13
21,naive,53.384129256849704,0.13911749999999842,0.001,53.24401175684971,2.90225,1.0,73.0,66.91666666666661,21.351915991300107,4000,53.244011756848714,9.947598300641403e-13
22,oracle,51.972027550743604,0.04301750000000491,0.009000000000000001,51.9200100507436,1.44075,3.0,49.0,57.19314341872863,21.77215194136874,4000,51.920010050741865,1.7337242752546445e-12
22,belief,41.216585241444136,0.04451250000000592,0.016,41.156072741444135,1.55525,4.0,50.0,58.11269961983607,23.26522747106955,4000,41.15607274144255,1.5845103007450234e-12
22,randomised,51.972027550743604,0.04301750000000491,0.009000000000000001,51.9200100507436,1.44075,3.0,49.0,57.19314341872863,21.77215194136874,4000,51.920010050741865,1.7337242752546445e-12
22,naive,58.58075288455859,0.07735750000000167,0.016,58.48739538455859,2.37325,4.0,76.0,69.66666666666663,35.33251093389108,4000,58.487395384557516,1.0729195309977513e-12
23,oracle,56.486290347877286,0.062114999999999886,0.016,56.40817534787729,2.0315,4.0,68.0,58.39983006879522,12.793733243017163,4000,56.408175347877524,2.3447910280083306e-13
23,belief,56.3736532938546,0.062114999999999886,0.016,56.295538293854605,2.0315,4.0,68.0,58.28719301342069,12.793733243017163,4000,56.29553829385484,2.3447910280083306e-13
23,randomised,56.486290347877286,0.062114999999999886,0.016,56.40817534787729,2.0315,4.0,68.0,58.39983006879522,12.793733243017163,4000,56.408175347877524,2.3447910280083306e-13
23,naive,53.94171852326622,0.10092249999999824,0.025,53.81579602326622,2.59925,5.0,67.0,61.4166666666666,16.05019727476574,4000,53.81579602326742,1.1937117960769683e-12
24,oracle,92.2329801346497,0.3550475000000097,0.001,91.87693263464968,4.45525,1.0,81.0,69.57447988935998,18.063759893793364,4000,91.87693263465412,4.447997525858227e-12
24,belief,93.42524213632576,0.36373250000000723,0.0,93.06150963632575,4.68325,0.0,80.0,68.91515391121405,18.063759893793364,4000,93.0615096363291,3.353761712787673e-12
24,randomised,90.7973870441826,0.35780750000000966,0.0,90.43957954418259,4.52975,0.0,82.0,69.74235856534247,18.460983486151004,4000,90.43957954418802,5.4285465012071654e-12
24,naive,97.63028145306782,0.4145349999999935,0.025,97.19074645306783,5.871,5.0,85.0,77.91666666666667,26.222014068995083,4000,97.19074645306756,2.7000623958883807e-13
25,oracle,24.951151759113998,0.09332999999999796,0.016,24.841821759114,2.57,4.0,52.0,48.252516428769,14.024149024631692,4000,24.84182175911557,1.5702994460298214e-12
25,belief,25.450709852775844,0.09332999999999796,0.016,25.341379852775848,2.57,4.0,52.0,48.752074528425176,14.024149024631692,4000,25.341379852777468,1.6200374375330284e-12
25,randomised,26.174895900964827,0.08571999999999821,0.016,26.07317590096483,2.4245,4.0,52.0,48.25401486745581,13.438983770014346,4000,26.073175900966394,1.5631940186722204e-12
25,naive,34.13526464855008,0.027397499999999145,0.001,34.10686714855008,1.15275,1.0,57.0,52.249999999999964,19.698995373072897,4000,34.10686714854935,7.318590178329032e-13
26,oracle,51.12993382621886,0.0891924999999967,0.009000000000000001,51.031741326218864,2.62275,3.0,65.0,67.89118436119479,26.100301115693288,4000,51.031741326218935,7.105427357601002e-14
26,belief,51.52525461958237,0.0891924999999967,0.009000000000000001,51.427062119582374,2.62275,3.0,65.0,68.28650515930163,26.100301115693288,4000,51.427062119582445,7.105427357601002e-14
26,randomised,52.125771700073074,0.06111000000000295,0.004,52.06066170007307,2.153,2.0,64.0,67.68807277334581,26.100301115693288,4000,52.06066170007244,6.323830348264892e-13
26,naive,64.52288343243441,0.13027249999999932,0.016,64.3766109324344,3.16175,4.0,82.0,75.16666666666666,34.09814884305369,4000,64.37661093243548,1.0800249583553523e-12
27,oracle,-24.926869891518436,0.344029999999995,0.1,-25.370899891518434,4.755,10.0,68.0,66.20939792258524,15.750319264432713,4000,-25.370899891518587,1.5276668818842154e-13
27,belief,-24.966823341067766,0.344029999999995,0.1,-25.410853341067764,4.755,10.0,68.0,66.16944447255611,15.750319264432713,4000,-25.410853341067916,1.5276668818842154e-13
27,randomised,-24.926869891518436,0.344029999999995,0.1,-25.370899891518434,4.755,10.0,68.0,66.20939792258524,15.750319264432713,4000,-25.370899891518587,1.5276668818842154e-13
27,naive,-7.136550385723012,0.3834124999999883,0.14400000000000002,-7.663962885723,5.26225,12.0,78.0,71.49999999999997,22.59136920154564,4000,-7.663962885723708,7.078782005009998e-13
28,oracle,50.219806757971185,0.04715750000000483,0.004,50.16864925797118,1.85475,2.0,72.0,69.02597865148768,18.825651655707954,4000,50.16864925796989,1.2931877790833823e-12
28,belief,50.56754739866534,0.055297500000004364,0.009000000000000001,50.50324989866534,2.02425,3.0,71.0,69.50638625273379,18.825651655707954,4000,50.503249898664365,9.734435479913373e-13
28,randomised,50.43689377765139,0.055297500000004364,0.009000000000000001,50.37259627765139,2.02425,3.0,71.0,69.37573263015193,18.825651655707954,4000,50.372596277650416,9.734435479913373e-13
28,naive,36.08705711563084,0.2695524999999904,0.009000000000000001,35.80850461563085,4.34525,3.0,77.0,70.5833333333333,28.631845819940487,4000,35.80850461563191,1.0587086762825493e-12
29,oracle,41.235454016309006,0.020854999999999266,0.0,41.21459901630901,1.1715,0.0,52.0,54.69481725406474,18.57868156028862,4000,41.21459901630832,6.892264536872972e-13
29,belief,41.229339167591235,0.020854999999999266,0.0,41.20848416759124,1.1715,0.0,52.0,54.688702405273574,18.57868156028862,4000,41.20848416759055,6.892264536872972e-13
29,randomised,41.235454016309006,0.020854999999999266,0.0,41.21459901630901,1.1715,0.0,52.0,54.69481725406474,18.57868156028862,4000,41.21459901630832,6.892264536872972e-13
29,naive,38.13452383549797,0.025999999999999045,0.0,38.10852383549798,1.206,0.0,58.0,53.16666666666663,26.354763578767876,4000,38.10852383549535,2.6290081223123707e-12
30,oracle,33.92769541109317,0.17234249999999604,0.064,33.69135291109317,3.66925,8.0,70.0,55.371441263506554,6.392404144404297,4000,33.6913529110937,5.329070518200751e-13
30,belief,32.207627963448886,0.17542499999999583,0.064,31.96820296344889,3.6935,8.0,68.0,53.65106992578065,6.392404144404297,4000,31.96820296344943,5.400124791776761e-13
30,randomised,32.095530256971415,0.17542499999999583,0.064,31.856105256971418,3.6935,8.0,68.0,53.53897221795808,6.392404144404297,4000,31.85610525697196,5.435651928564766e-13
30,naive,30.61389604104454,0.1504449999999953,0.036000000000000004,30.427451041044545,3.148,6.0,62.0,56.833333333333286,13.564717962948446,4000,30.427451041044307,2.3803181647963356e-13
31,oracle,-6.160944349628323,0.21845250000000457,0.009000000000000001,-6.388396849628328,4.38625,3.0,55.0,50.79477687690378,13.7383934687345,4000,-6.3883968496285775,2.495781359357352e-13
31,belief,-7.118205640239239,0.24646000000000506,0.009000000000000001,-7.373665640239245,4.76,3.0,57.0,53.328945562974134,14.15396021700781,4000,-7.373665640239537,2.922107000813412e-13
31,randomised,-7.796549288539552,0.24646000000000506,0.009000000000000001,-8.052009288539557,4.76,3.0,57.0,52.650601906534106,14.15396021700781,4000,-8.05200928853981,2.540190280342358e-13
31,naive,65.2525127735538,0.10531749999999486,0.016,65.1311952735538,2.95575,4.0,64.0,58.666666666666615,22.699662728044057,4000,65.13119527355425,4.547473508864641e-13
32,oracle,73.55580129799841,0.11615999999999425,0.025,73.41464129799841,2.847,5.0,63.0,55.556883076391344,11.146260046432596,4000,73.41464129799772,6.963318810448982e-13
32,belief,79.76188326546679,0.13559249999999368,0.025,79.6012907654668,3.00725,5.0,63.0,54.58293407357742,10.995178843308853,4000,79.60129076546603,7.673861546209082e-13
32,randomised,79.7581194573595,0.13559249999999368,0.025,79.5975269573595,3.00725,5.0,63.0,54.579170265424864,10.995178843308853,4000,79.59752695735874,7.673861546209082e-13
32,naive,100.22453285916106,0.2551399999999952,0.049,99.92039285916105,4.0795,7.0,69.0,63.249999999999936,18.266614027289627,4000,99.9203928591619,8.384404281969182e-13
33,oracle,38.517588038968285,0.02214500000000099,0.004,38.491443038968285,1.183,2.0,50.0,47.350995434351795,14.55263246100891,4000,38.49144303896664,1.6413537196058314e-12
33,belief,33.69891117135006,0.018882500000000253,0.004,33.67602867135006,1.10275,2.0,52.0,50.21747205325231,15.758434255578736,4000,33.67602867134858,1.4779288903810084e-12
33,randomised,39.51631547781332,0.02214500000000099,0.004,39.49017047781332,1.183,2.0,50.0,48.349722885180846,14.55263246100891,4000,39.49017047781168,1.6413537196058314e-12
33,naive,7.325748273247655,0.2199124999999961,0.064,7.041835773247659,4.08625,8.0,64.0,58.666666666666615,23.292531692191286,4000,7.041835773250137,2.4780177909633494e-12
34,oracle,63.87883053030737,0.1568149999999962,0.1,63.62201553030737,3.2685,10.0,86.0,83.55404561237344,22.590954658075482,4000,63.62201553030658,7.958078640513122e-13
34,belief,57.867625986533085,0.19175499999999512,0.121,57.55487098653309,3.75,11.0,85.0,83.3421042653136,22.590954658075482,4000,57.55487098653303,5.684341886080802e-14
34,randomised,57.952814526300244,0.19175499999999512,0.121,57.64005952630025,3.75,11.0,85.0,83.42729280610277,22.590954658075482,4000,57.64005952630019,5.684341886080802e-14
34,naive,78.37199251732045,0.18444750000000093,0.121,78.06654501732045,3.23925,11.0,97.0,88.91666666666673,31.43823199289135,4000,78.06654501732028,1.7053025658242404e-13
35,oracle,74.3037702773632,0.043372500000002055,0.0,74.2603977773632,1.75275,0.0,64.0,65.68699555732728,25.758651714042713,4000,74.26039777736311,8.526512829121202e-14
35,belief,74.78641327995808,0.043372500000002055,0.0,74.74304077995808,1.75275,0.0,64.0,66.16963856571346,25.758651714042713,4000,74.743040779958,8.526512829121202e-14
35,randomised,74.30524355637017,0.043372500000002055,0.0,74.26187105637017,1.75275,0.0,64.0,65.68846883635196,25.758651714042713,4000,74.26187105637008,8.526512829121202e-14
35,naive,92.02174304431915,0.07667749999999997,0.001,91.94406554431914,2.29375,1.0,77.0,70.58333333333331,31.938849338671368,4000,91.94406554432257,3.424815986363683e-12
36,oracle,70.54610499429288,0.14064249999999437,0.025,70.38046249429287,3.05125,5.0,61.0,65.26685173102311,23.019924085988265,4000,70.38046249429335,4.831690603168681e-13
36,belief,73.15671903188598,0.14566999999999605,0.025,72.98604903188598,3.1605,5.0,59.0,63.65165357648128,23.019924085988265,4000,72.98604903188628,2.984279490192421e-13
36,randomised,70.3154836464285,0.14651499999999645,0.025,70.1439686464285,3.0475,5.0,61.0,64.25927316421865,24.551262986679745,4000,70.14396864642859,8.526512829121202e-14
36,naive,36.6010698888158,0.4321100000000018,0.14400000000000002,36.0249598888158,5.411,12.0,74.0,67.83333333333329,29.46417566880595,4000,36.024959888814244,1.5560885913146194e-12
37,oracle,70.38086112089255,0.031910000000000424,0.004,70.34495112089255,1.315,2.0,68.0,71.86991186525839,29.445508348560935,4000,70.34495112089223,3.126388037344441e-13
37,belief,71.19714900504414,0.031910000000000424,0.004,71.16123900504414,1.315,2.0,68.0,72.68619975920474,29.445508348560935,4000,71.16123900504391,2.2737367544323206e-13
37,randomised,70.88086449007217,0.031910000000000424,0.004,70.84495449007217,1.315,2.0,68.0,72.36991524043765,29.445508348560935,4000,70.84495449007186,3.126388037344441e-13
37,naive,21.851066272890705,0.06482000000000143,0.025,21.761246272890705,2.1715,5.0,85.0,77.91666666666669,41.361728347836745,4000,21.761246272889938,7.673861546209082e-13
38,oracle,116.94827070639917,0.5121324999999896,0.169,116.26713820639918,6.22975,13.0,69.0,67.0496390719086,19.09293731101934,4000,116.26713820640055,1.3642420526593924e-12
38,belief,107.99629356322725,0.38431749999999104,0.121,107.49097606322727,5.48275,11.0,69.0,66.34189568262482,19.708959343181665,4000,107.49097606322717,9.947598300641403e-14
38,randomised,108.54717916773757,0.38431749999999104,0.121,108.04186166773758,5.48275,11.0,69.0,66.89278129374513,19.708959343181665,4000,108.04186166773748,9.947598300641403e-14
38,naive,94.21248198142086,0.20476000000000447,0.064,93.94372198142086,3.9975,8.0,72.0,65.99999999999994,23.725416504956684,4000,93.9437219814216,7.389644451905042e-13
39,oracle,29.321339578193033,0.1844449999999978,0.049,29.087894578193037,3.7065,7.0,51.0,48.70542574464367,13.596382350100791,4000,29.087894578194007,9.698908343125368e-13
39,belief,29.6419521750139,0.1844449999999978,0.049,29.408507175013902,3.7065,7.0,51.0,49.026038345311555,13.596382350100791,4000,29.40850717501491,1.0089706847793423e-12
39,randomised,29.82505201098172,0.1844449999999978,0.049,29.591607010981726,3.7065,7.0,51.0,49.20913818347646,13.596382350100791,4000,29.59160701098269,9.627854069549358e-13
39,naive,38.907995949661654,0.08187999999999868,0.009000000000000001,38.817115949661655,2.4075,3.0,55.0,50.41666666666663,19.001345452830016,4000,38.817115949661236,4.192202140984591e-13
40,oracle,60.958703272203024,0.11430250000000014,0.009000000000000001,60.83540077220302,2.70175,3.0,73.0,56.73956212748646,11.478109911543584,4000,60.83540077220239,6.323830348264892e-13
40,belief,55.298355650317774,0.09627999999999709,0.016,55.186075650317775,2.5245,4.0,70.0,55.16921428891541,11.478109911543584,4000,55.186075650317505,2.7000623958883807e-13
40,randomised,54.863468742187706,0.09753999999999695,0.016,54.74992874218771,2.5425,4.0,70.0,54.73711554845084,11.478109911543584,4000,54.74992874218745,2.6290081223123707e-13
40,naive,67.22792989317867,0.16915749999999782,0.025,67.03377239317867,3.52225,5.0,59.0,54.08333333333329,15.252077745971345,4000,67.03377239317946,7.958078640513122e-13
41,oracle,39.058515537082684,0.08953499999999832,0.004,38.96498053708269,2.5435,2.0,66.0,59.059166484784576,17.70251320465804,4000,38.96498053708339,7.034373084024992e-13
41,belief,38.74510720080664,0.0350025000000018,0.0,38.71010470080664,1.54575,0.0,66.0,59.46802104443937,18.944890030161698,4000,38.710104700805566,1.0729195309977513e-12
41,randomised,40.55577871046009,0.08980499999999833,0.004,40.46197371046009,2.554,2.0,68.0,59.883695839446915,19.124025584998012,4000,40.46197371046055,4.547473508864641e-13
41,naive,24.03691415446525,0.34730499999999753,0.009000000000000001,23.68060915446525,5.2725,3.0,69.0,63.249999999999936,23.442187418205055,4000,23.680609154464744,5.080380560684716e-13
42,oracle,66.38330949947326,0.06858999999999918,0.004,66.31071949947325,2.202,2.0,52.0,54.72723695197625,21.060229639891645,4000,66.31071949947301,2.4158453015843406e-13
42,belief,66.60386738951493,0.06858999999999918,0.004,66.53127738951493,2.202,2.0,52.0,54.9477948446646,21.060229639891645,4000,66.5312773895147,2.2737367544323206e-13
42,randomised,81.04001956077158,0.06815249999999928,0.004,80.96786706077158,2.11675,2.0,54.0,57.059347195043635,21.9771672191137,4000,80.96786706077245,8.668621376273222e-13
42,naive,42.21513954708382,0.07873000000000172,0.025,42.111409547083824,2.244,5.0,73.0,66.91666666666663,31.709277879277487,4000,42.11140954708369,1.3500311979441904e-13
43,oracle,18.36387023294685,0.25335499999999955,0.081,18.029515232946853,4.556,9.0,67.0,64.8910227728469,17.406041984168407,4000,18.02951523294659,2.6290081223123707e-13
43,belief,20.816699226278388,0.17674499999999402,0.049,20.590954226278395,3.774,7.0,65.0,64.45638107709361,17.406041984168407,4000,20.590954226278086,3.090860900556436e-13
43,randomised,20.347540825460328,0.17674499999999402,0.049,20.121795825460335,3.774,7.0,65.0,63.987222670645984,17.406041984168407,4000,20.121795825460215,1.2079226507921703e-13
43,naive,21.245392618531696,0.4666099999999809,0.121,20.657782618531716,6.1295,11.0,79.0,72.41666666666666,32.18195224785579,4000,20.657782618530963,7.531752999057062e-13
44,oracle,63.933025220689814,0.11418999999999783,0.004,63.814835220689815,2.859,2.0,68.0,72.4341342111107,27.33304417771364,4000,63.81483522069069,8.739675649849232e-13
44,belief,63.669306863122415,0.12088999999999768,0.009000000000000001,63.53941686312242,2.962,3.0,65.0,70.87367291842183,27.33304417771364,4000,63.53941686312409,1.6697754290362354e-12
44,randomised,63.73982341211109,0.12088999999999768,0.009000000000000001,63.6099334121111,2.962,3.0,65.0,70.94418946825675,27.33304417771364,4000,63.60993341211277,1.6697754290362354e-12
44,naive,76.00454904301867,0.04673249999999982,0.004,75.95381654301866,1.69725,2.0,82.0,75.16666666666666,41.11690382859006,4000,75.95381654301752,1.1368683772161603e-12
45,oracle,-35.21371658063924,0.5941650000000087,0.036000000000000004,-35.843881580639255,7.1175,6.0,70.0,60.03681351494831,13.342418688217382,4000,-35.84388158064004,7.815970093361102e-13
45,belief,-25.55661575527091,0.526432500000005,0.025,-26.108048255270916,6.65225,5.0,71.0,60.70049927502079,13.344593596669892,4000,-26.108048255271417,5.009326287108706e-13
45,randomised,-25.12541330356879,0.526432500000005,0.025,-25.676845803568796,6.65225,5.0,71.0,61.13170173189775,13.344593596669892,4000,-25.67684580356934,5.435651928564766e-13
45,naive,-14.580614175878736,0.2752299999999937,0.036000000000000004,-14.89184417587873,4.5955,6.0,60.0,54.999999999999964,16.1587193050987,4000,-14.891844175878626,1.0302869668521453e-13
46,oracle,24.706126296786238,0.19089000000000012,0.081,24.43423629678624,2.9185,9.0,45.0,49.757537491800136,20.37132303747131,4000,24.434236296786217,2.1316282072803006e-14
46,belief,24.62559819924695,0.19089000000000012,0.081,24.353708199246952,2.9185,9.0,45.0,49.67700939329457,20.37132303747131,4000,24.35370819924696,7.105427357601002e-15
46,randomised,24.706126296786238,0.19089000000000012,0.081,24.43423629678624,2.9185,9.0,45.0,49.757537491800136,20.37132303747131,4000,24.434236296786217,2.1316282072803006e-14
46,naive,36.082704246279945,0.34570250000000113,0.169,35.56800174627995,3.54675,13.0,59.0,54.08333333333329,26.82798420604192,4000,35.56800174628031,3.623767952376511e-13
47,oracle,78.3691945915325,0.5607725000000006,0.081,77.7274220915325,7.13025,9.0,53.0,56.77258552079784,19.288383868241507,4000,77.7274220915311,1.4068746168049984e-12
47,belief,79.0177986017485,0.5607725000000006,0.081,78.3760261017485,7.13025,9.0,53.0,57.4211895387968,19.288383868241507,4000,78.37602610174706,1.4352963262354024e-12
47,randomised,78.8629814762005,0.4690000000000019,0.081,78.31298147620049,6.441,9.0,51.0,54.905518685219995,19.174832803400193,4000,78.31298147619843,2.0605739337042905e-12
47,naive,88.91613634553164,0.4462249999999975,0.049,88.42091134553164,6.249,7.0,73.0,66.91666666666661,26.677316405885808,4000,88.42091134553162,1.4210854715202004e-14
48,oracle,28.705574560560024,0.038292499999998765,0.009000000000000001,28.658282060560026,1.56125,3.0,59.0,54.36645335244041,14.26373536406981,4000,28.65828206055963,3.979039320256561e-13
48,belief,28.764169222200564,0.038292499999998765,0.009000000000000001,28.716876722200567,1.56125,3.0,59.0,54.42504801478419,14.26373536406981,4000,28.71687672220017,3.979039320256561e-13
48,randomised,26.973966296559894,0.03705500000000101,0.004,26.93291129655989,1.4685,2.0,60.0,55.025184276541,14.79788476806348,4000,26.932911296559546,3.446132268436486e-13
48,naive,49.203873453772985,0.34222750000000046,0.121,48.74064595377298,5.05925,11.0,67.0,61.41666666666661,24.039538208450633,4000,48.74064595377311,1.2789769243681803e-13
49,oracle,18.139893227562652,0.4416050000000066,0.121,17.577288227562647,4.912,11.0,51.0,52.9948822759069,20.759630702847936,4000,17.57728822756307,4.227729277772596e-13
49,belief,21.989880055558615,0.35563749999999317,0.1,21.53424255555862,4.32625,10.0,52.0,54.080009827121415,20.899350666606196,4000,21.534242555558915,2.948752353404416e-13
49,randomised,21.48573040393012,0.35563749999999317,0.1,21.030092903930125,4.32625,10.0,52.0,53.57586016944327,20.899350666606196,4000,21.03009290393041,2.8421709430404007e-13
49,naive,4.21739139040028,1.6974674999999517,0.484,2.0359238904003285,10.60875,22.0,68.0,62.33333333333327,30.92169021054023,4000,2.0359238904002788,4.973799150320701e-14
50,oracle,58.14061052227498,0.16316250000000887,0.036000000000000004,57.941448022274976,3.49625,6.0,68.0,65.47892221148872,24.218911172037412,4000,57.941448022275154,1.7763568394002505e-13
50,belief,53.24288521665403,0.0646950000000002,0.016,53.16219021665403,2.061,4.0,66.0,63.88964716793223,24.218911172037412,4000,53.16219021665376,2.7000623958883807e-13
50,randomised,54.16150509757887,0.10276249999999475,0.025,54.03374259757887,2.63725,5.0,67.0,64.7639697780063,24.218911172037412,4000,54.03374259757841,4.618527782440651e-13
50,naive,74.14257499743962,0.3630474999999995,0.009000000000000001,73.77052749743963,5.24325,3.0,73.0,66.91666666666661,31.500957807162113,4000,73.77052749743734,2.2879476091475226e-12
51,oracle,54.850814735435605,0.04178250000000103,0.0,54.8090322354356,1.62025,0.0,60.0,56.530060938902324,20.932380716195777,4000,54.809032235435026,5.755396159656812e-13
51,belief,54.33593030938218,0.04178250000000103,0.0,54.294147809382174,1.62025,0.0,60.0,56.015176506671004,20.932380716195777,4000,54.29414780938159,5.826450433232822e-13
51,randomised,53.85386215388415,0.04178250000000103,0.0,53.81207965388415,1.62025,0.0,60.0,55.533108345388314,20.932380716195777,4000,53.81207965388357,5.755396159656812e-13
51,naive,64.73334844965603,0.07537749999999792,0.009000000000000001,64.64897094965603,2.31275,3.0,69.0,63.249999999999936,27.842126072197512,4000,64.6489709496561,7.105427357601002e-14
52,oracle,20.555369652804586,0.08709999999999653,0.025,20.44326965280459,2.2425,5.0,69.0,73.08484536915351,29.999112985067534,4000,20.443269652804656,6.394884621840902e-14
52,belief,20.435254045901786,0.08709999999999653,0.025,20.32315404590179,2.2425,5.0,69.0,72.96472976080952,29.999112985067534,4000,20.323154045901855,6.394884621840902e-14
52,randomised,20.555369652804586,0.08709999999999653,0.025,20.44326965280459,2.2425,5.0,69.0,73.08484536915351,29.999112985067534,4000,20.443269652804656,6.394884621840902e-14
52,naive,6.397144869066494,0.11535249999999765,0.016,6.265792369066497,2.50825,4.0,78.0,71.49999999999997,36.890365407179196,4000,6.265792369066279,2.1760371282653068e-13
53,oracle,80.38730848815034,0.06800250000000208,0.001,80.31830598815033,1.98425,1.0,71.0,59.36662816662453,12.51191039718472,4000,80.31830598815019,1.4210854715202004e-13
53,belief,84.96229987654127,0.06075500000000404,0.0,84.90154487654127,1.959,0.0,70.0,58.8280682529327,12.51191039718472,4000,84.90154487654239,1.1226575225009583e-12
53,randomised,84.8336801236787,0.06075500000000404,0.0,84.7729251236787,1.959,0.0,70.0,58.699448498526785,12.51191039718472,4000,84.77292512367983,1.1226575225009583e-12
53,naive,57.96752180033846,0.12851499999999152,0.004,57.83500680033847,2.84,2.0,60.0,54.99999999999996,15.012723788860159,4000,57.83500680033811,3.623767952376511e-13
54,oracle,88.78066146890788,0.10533249999999995,0.004,88.67132896890787,2.36175,2.0,64.0,61.747148140796575,17.90358445343501,4000,88.6713289689142,6.323830348264892e-12
54,belief,89.02338569069325,0.10286500000000198,0.001,88.91952069069323,2.277,1.0,65.0,62.394538844244906,18.047671413637563,4000,88.91952069070253,9.29389898374211e-12
54,randomised,88.52347056826095,0.10286500000000198,0.001,88.41960556826093,2.277,1.0,65.0,61.894623715813786,18.047671413637563,4000,88.41960556827021,9.279688129026908e-12
54,naive,62.712347530753135,0.09957499999999325,0.004,62.60877253075314,2.718,2.0,68.0,62.33333333333327,27.728250208095943,4000,62.608772530751715,1.4281908988778014e-12
55,oracle,53.35320747355709,0.04876500000000416,0.004,53.30044247355709,1.811,2.0,64.0,52.18393739523147,9.828265709227026,4000,53.3004424735555,1.5916157281026244e-12
55,belief,45.189850531788466,0.046870000000002326,0.016,45.12698053178846,1.6965,4.0,62.0,51.38117242547334,9.828265709227026,4000,45.12698053178794,5.186961971048731e-13
55,randomised,43.33287857153522,0.05664250000000279,0.016,43.26023607153522,1.93375,4.0,62.0,50.88651364432093,9.828265709227026,4000,43.26023607153476,4.547473508864641e-13
55,naive,42.48291548357474,0.03675500000000176,0.016,42.430160483574745,1.5395,4.0,64.0,58.666666666666615,14.881180032419767,4000,42.43016048357328,1.4637180356658064e-12
56,oracle,90.81400708717057,0.10822000000000039,0.0,90.70578708717056,2.6195,0.0,44.0,45.3883299483249,16.966332080306834,4000,90.70578708717466,4.092726157978177e-12
56,belief,80.62012352463483,0.0973325000000003,0.001,80.52179102463482,2.41625,1.0,45.0,46.43267666116836,17.35394719715816,4000,80.52179102463862,3.794298208958935e-12
56,randomised,90.81400708717057,0.10822000000000039,0.0,90.70578708717056,2.6195,0.0,44.0,45.3883299483249,16.966332080306834,4000,90.70578708717466,4.092726157978177e-12
56,naive,77.07942720868186,0.13122749999999864,0.009000000000000001,76.93919970868187,3.00375,3.0,59.0,54.08333333333329,29.58891734714914,4000,76.93919970868185,1.4210854715202004e-14
57,oracle,1.9717390234460481,0.21002499999999769,0.049,1.7127140234460505,3.6705,7.0,67.0,69.89901057696362,22.038920434954417,4000,1.7127140234464424,3.9190872769268026e-13
57,belief,-1.3934468322819384,0.23408249999999653,0.049,-1.6765293322819348,3.89775,7.0,67.0,70.60160320312201,22.337281691015516,4000,-1.6765293322819035,3.1308289294429414e-14
57,randomised,-1.5822739874819263,0.23408249999999653,0.049,-1.8653564874819226,3.89775,7.0,67.0,70.41277604565634,22.337281691015516,4000,-1.8653564874817172,2.0539125955565396e-13
57,naive,-5.7463598769746795,0.18415499999999946,0.064,-5.994514876974679,3.6725,8.0,80.0,73.33333333333331,28.222510332584147,4000,-5.994514876974453,2.2648549702353193e-13
58,oracle,17.659306493066424,0.05134500000000063,0.016,17.591961493066425,1.7965,4.0,52.0,58.71846054509994,25.36699034155574,4000,17.591961493066364,6.039613253960852e-14
58,belief,17.53394096451575,0.05134500000000063,0.016,17.46659596451575,1.7965,4.0,52.0,58.59309501504486,25.36699034155574,4000,17.46659596451569,6.039613253960852e-14
58,randomised,17.659306493066424,0.05134500000000063,0.016,17.591961493066425,1.7965,4.0,52.0,58.71846054509994,25.36699034155574,4000,17.591961493066364,6.039613253960852e-14
58,naive,-44.55048674618445,0.3198449999999984,0.121,-44.99133174618445,4.297,11.0,69.0,63.249999999999936,35.39988235148972,4000,-44.99133174618476,3.126388037344441e-13
59,oracle,115.51502080905789,0.11341499999999816,0.064,115.33760580905789,2.489,8.0,88.0,80.33418440388171,22.27810545814732,4000,115.33760580905773,1.5631940186722204e-13
59,belief,115.48590702496381,0.11341499999999816,0.064,115.30849202496381,2.489,8.0,88.0,80.30507061943793,22.27810545814732,4000,115.30849202496366,1.5631940186722204e-13
59,randomised,114.86293296795043,0.08986999999999945,0.049,114.72406296795042,2.315,7.0,87.0,79.12855639750889,22.27810545814732,4000,114.72406296795133,9.094947017729282e-13
59,naive,55.954455078978526,0.42479749999999666,0.196,55.33365757897853,4.95375,14.0,80.0,73.33333333333333,27.176297866529286,4000,55.33365757897822,3.126388037344441e-13
60,oracle,35.760266437296195,0.8361850000000004,0.049,34.875081437296195,8.272,7.0,85.0,72.27825681093796,17.08890171213919,4000,34.87508143729635,1.5631940186722204e-13
60,belief,37.24293396675796,0.8980125000000049,0.064,36.28092146675795,8.54875,8.0,84.0,72.2523708201906,17.08890171213919,4000,36.28092146675859,6.394884621840902e-13
60,randomised,36.66756060319574,0.8980125000000049,0.064,35.70554810319573,8.54875,8.0,84.0,71.67699744972424,17.08890171213919,4000,35.7055481031964,6.679101716144942e-13
60,naive,11.349545878432309,3.3531024999999945,0.4,7.596443378432314,16.48825,20.0,80.0,73.33333333333331,22.184517592376643,4000,7.596443378432161,1.5276668818842154e-13
61,oracle,-22.617615810354664,0.05883500000000117,0.049,-22.725450810354666,1.83,7.0,57.0,60.092128536668255,23.48047006916757,4000,-22.725450810354566,9.947598300641403e-14
61,belief,-26.589499268191048,0.07128500000000114,0.064,-26.724784268191048,2.0015,8.0,56.0,59.40071735376132,23.48047006916757,4000,-26.72478426819129,2.4158453015843406e-13
61,randomised,-26.53756474869556,0.07128500000000114,0.064,-26.67284974869556,2.0015,8.0,56.0,59.452651873879915,23.48047006916757,4000,-26.6728497486958,2.4158453015843406e-13
61,naive,25.713257758858163,0.05079499999999991,0.049,25.613462758858162,1.6385,7.0,65.0,59.58333333333328,33.68940839193895,4000,25.613462758857366,7.958078640513122e-13
62,oracle,-61.44804209853169,1.5156599999999898,0.441,-63.40470209853168,9.7275,21.0,67.0,68.76723096276748,23.897777793520635,4000,-63.40470209853142,2.5579538487363607e-13
62,belief,-59.82169645330032,1.3322599999999916,0.4,-61.55395645330031,9.0345,20.0,66.0,67.84018512127652,23.897777793520635,4000,-61.55395645329942,8.881784197001252e-13
62,randomised,-59.72673679636523,1.3322599999999916,0.4,-61.45899679636522,9.0345,20.0,66.0,67.93514477935145,23.897777793520635,4000,-61.45899679636433,8.881784197001252e-13
62,naive,-53.13237760391348,0.9438099999999817,0.361,-54.437187603913465,7.628,19.0,79.0,72.41666666666664,38.81993155022828,4000,-54.43718760391407,6.039613253960852e-13
63,oracle,53.52979460901702,0.06688250000000005,0.025,53.43791210901702,2.01425,5.0,77.0,68.91068543209727,12.058245327932518,4000,53.43791210901558,1.4424017535930034e-12
63,belief,49.36518652398604,0.07843499999999869,0.025,49.26175152398604,2.188,5.0,77.0,69.3151980251634,12.432669360863493,4000,49.26175152398583,2.1316282072803006e-13
63,randomised,53.774621553403904,0.06730250000000013,0.025,53.68231905340391,2.02225,5.0,77.0,69.40716313125392,12.296470436321256,4000,53.68231905340267,1.2363443602225743e-12
63,naive,29.274390755294803,0.213445000000001,0.1,28.9609457552948,3.554,10.0,86.0,78.83333333333336,21.83125771262808,4000,28.96094575529334,1.4601653219870059e-12
64,oracle,37.49504816570922,0.033645000000000286,0.0,37.46140316570922,1.518,0.0,70.0,61.20804283679469,13.562176291736545,4000,37.46140316570798,1.2434497875801753e-12
64,belief,41.8940085777586,0.03799250000000063,0.001,41.8550160777586,1.67275,1.0,71.0,63.04538460978732,13.764718357991471,4000,41.85501607775604,2.5579538487363607e-12
64,randomised,37.52489653835431,0.0316249999999996,0.001,37.492271538354316,1.471,1.0,71.0,62.37387135179619,13.613298112429739,4000,37.492271538353,1.3145040611561853e-12
64,naive,51.09421825499044,0.035069999999999525,0.016,51.04314825499044,1.444,4.0,76.0,69.66666666666664,22.581272833048978,4000,51.04314825498923,1.2150280781497713e-12
65,oracle,86.96314830049471,0.49851499999999277,0.081,86.38363330049471,5.7145,9.0,65.0,60.61234137902239,15.59662288991897,4000,86.38363330049357,1.1368683772161603e-12
65,belief,79.75767848052203,0.39588999999999813,0.064,79.29778848052204,4.9275,8.0,64.0,60.36746749850223,15.59662288991897,4000,79.29778848052285,8.100187187665142e-13
65,randomised,87.8129912834944,0.49324499999999916,0.081,87.2387462834944,5.564,9.0,65.0,60.608280349171864,15.609587430272226,4000,87.23874628349411,2.8421709430404007e-13
65,naive,43.29225613510039,0.13238499999999986,0.049,43.11087113510039,2.9425,7.0,69.0,63.249999999999936,23.299107090909747,4000,43.110871135099565,8.242295734817162e-13
66,oracle,79.48452702761529,0.24571999999999575,0.1,79.1388070276153,4.2375,10.0,60.0,61.3004781276072,15.406773281173761,4000,79.13880702761553,2.2737367544323206e-13
66,belief,81.89994261700497,0.22747249999999528,0.081,81.59147011700497,4.13075,9.0,61.0,62.11093798834219,15.862129143898432,4000,81.59147011700556,5.826450433232822e-13
66,randomised,81.22268755764082,0.18297750000000063,0.081,80.95871005764081,3.63625,9.0,61.0,61.90488632910226,16.269712361462737,4000,80.95871005764145,6.394884621840902e-13
66,naive,42.556672990736104,0.15512250000000183,0.009000000000000001,42.3925504907361,3.49775,3.0,75.0,68.74999999999996,27.641008793822174,4000,42.39255049073637,2.7000623958883807e-13
67,oracle,70.9259522641922,0.1096424999999991,0.001,70.81530976419221,2.62975,1.0,83.0,65.4024093105047,7.374811117059188,4000,70.81530976419326,1.0516032489249483e-12
67,belief,76.16448819891434,0.08512749999999673,0.004,76.07536069891434,2.44125,2.0,82.0,64.78547470608045,7.374811117059188,4000,76.07536069891465,3.126388037344441e-13
67,randomised,76.0958475953604,0.08512749999999673,0.004,76.0067200953604,2.44125,2.0,82.0,64.71683410170287,7.374811117059188,4000,76.00672009536072,3.268496584496461e-13
67,naive,65.23712413581322,0.09728249999999813,0.001,65.13884163581322,2.65275,1.0,81.0,74.24999999999999,16.864719293978922,4000,65.13884163581517,1.9468870959826745e-12
68,oracle,9.652463455416864,0.11208249999999823,0.016,9.524380955416866,2.81525,4.0,68.0,64.44062691907212,20.08118400074456,4000,9.52438095541812,1.2541079286165768e-12
68,belief,14.51973124560186,0.1031999999999979,0.009000000000000001,14.407531245601863,2.573,3.0,69.0,65.14925952655938,20.35237925891728,4000,14.407531245603305,1.4424017535930034e-12
68,randomised,14.461855941722547,0.1031999999999979,0.009000000000000001,14.349655941722549,2.573,3.0,69.0,65.09138422198578,20.35237925891728,4000,14.349655941723992,1.4424017535930034e-12
68,naive,15.488764175728818,0.19411249999999952,0.001,15.29365167572882,3.38325,1.0,69.0,63.249999999999936,24.396306568819966,4000,15.293651675728524,2.948752353404416e-13
69,oracle,57.51033239051003,0.20195750000000215,0.049,57.25937489051003,3.95025,7.0,77.0,60.50464109639125,9.48153032227517,4000,57.25937489051035,3.197442310920451e-13
69,belief,57.67396710527339,0.20195750000000215,0.049,57.42300960527339,3.95025,7.0,77.0,60.66827581311808,9.48153032227517,4000,57.42300960527371,3.197442310920451e-13
69,randomised,57.51033239051003,0.20195750000000215,0.049,57.25937489051003,3.95025,7.0,77.0,60.50464109639125,9.48153032227517,4000,57.25937489051035,3.197442310920451e-13
69,naive,61.861433957343365,0.06194250000000636,0.016,61.78349145734336,1.87575,4.0,60.0,54.99999999999996,13.350704170480386,4000,61.78349145734073,2.6290081223123707e-12
70,oracle,12.793900207372417,0.10919249999999714,0.016,12.66870770737242,2.88575,4.0,72.0,73.58977803272975,24.204551884397986,4000,12.66870770737321,7.904787935331115e-13
70,belief,16.858970919721344,0.10567499999999669,0.009000000000000001,16.744295919721345,2.831,3.0,71.0,73.35384229257086,24.204551884397986,4000,16.744295919721967,6.217248937900877e-13
70,randomised,16.715914725091352,0.10131499999999419,0.009000000000000001,16.60559972509136,2.655,3.0,73.0,74.73381964071365,24.299217477758972,4000,16.60559972509161,2.5224267119483557e-13
70,naive,198.54778537729385,1.07064999999998,0.225,197.25213537729388,8.948,15.0,97.0,88.91666666666673,47.58446589866874,4000,197.2521353772934,4.831690603168681e-13
71,oracle,47.389676777066796,0.08887999999999854,0.004,47.2967967770668,2.1975,2.0,56.0,51.355414263860176,15.781788308320213,4000,47.29679677706534,1.4637180356658064e-12
71,belief,57.10459727682941,0.05906500000000356,0.001,57.04453227682941,1.8055,1.0,57.0,52.8022125025118,16.098440977852174,4000,57.0445322768279,1.5063505998114124e-12
71,randomised,49.214460341275725,0.06298250000000316,0.004,49.14747784127572,1.91025,2.0,56.0,51.34784851141756,16.098440977852174,4000,49.14747784127434,1.3855583347321954e-12
71,naive,6.103312533199755,0.19455749999999725,0.025,5.8837550331997575,3.72275,5.0,69.0,63.249999999999936,26.848407955501337,4000,5.883755033200393,6.359357485052897e-13
72,oracle,34.46415246339929,0.10278499999999527,0.0,34.36136746339929,2.893,0.0,84.0,70.0593731088515,12.21589396935039,4000,34.361367463398885,4.050093593832571e-13
72,belief,30.20607381654314,0.1765550000000002,0.001,30.028518816543137,3.9595,1.0,85.0,71.87423073780471,14.07653706741005,4000,30.028518816543205,6.750155989720952e-14
72,randomised,23.89603514350496,0.14569249999999825,0.0,23.75034264350496,3.46625,0.0,84.0,70.56894928489169,13.907696383246725,4000,23.75034264350491,4.973799150320701e-14
72,naive,86.13622839691243,0.11407249999999673,0.016,86.00615589691243,2.83825,4.0,74.0,67.8333333333333,17.10328019802918,4000,86.0061558969131,6.679101716144942e-13
73,oracle,41.66441175805903,0.31682499999999697,0.256,41.09158675805904,4.5705,16.0,76.0,66.685167895514,11.500756996345098,4000,41.0915867580595,4.618527782440651e-13
73,belief,41.57437189811526,0.3610025000000018,0.289,40.92436939811525,4.79775,17.0,75.0,66.59346179987142,11.500756996345098,4000,40.924369398115516,2.6290081223123707e-13
73,randomised,41.07168309945496,0.3610025000000018,0.289,40.42168059945495,4.79775,17.0,75.0,66.0907729951793,11.500756996345098,4000,40.42168059945517,2.2026824808563106e-13
73,naive,11.21985047146785,0.13934249999999915,0.025,11.05550797146785,3.21425,5.0,71.0,65.08333333333327,20.78309046102698,4000,11.055507971468469,6.181721801112872e-13
74,oracle,105.81670363009562,0.3196100000000008,0.009000000000000001,105.48809363009562,4.8035,3.0,61.0,61.751105122555174,22.672349238043097,4000,105.48809363009723,1.6058265828178264e-12
74,belief,105.82396316018406,0.3196100000000008,0.009000000000000001,105.49535316018407,4.8035,3.0,61.0,61.75836465273047,22.672349238043097,4000,105.49535316018567,1.6058265828178264e-12
74,randomised,116.19899217445582,0.31411000000000333,0.004,115.88088217445582,4.629,2.0,62.0,62.40769366631343,22.7053155366913,4000,115.88088217445865,2.8279600883251987e-12
74,naive,120.23453331612092,0.41244999999999093,0.025,119.79708331612092,5.68,5.0,75.0,68.74999999999997,33.81274876808793,4000,119.79708331611975,1.1652900866465643e-12
75,oracle,-14.543891684494156,0.12856249999999741,0.081,-14.753454184494153,2.69275,9.0,55.0,53.35180917064708,13.757863492098773,4000,-14.753454184493597,5.559996907322784e-13
75,belief,-14.796012080496553,0.12856249999999741,0.081,-15.00557458049655,2.69275,9.0,55.0,53.09968877161965,13.757863492098773,4000,-15.005574580495994,5.559996907322784e-13
75,randomised,-14.543891684494156,0.12856249999999741,0.081,-14.753454184494153,2.69275,9.0,55.0,53.35180917064708,13.757863492098773,4000,-14.753454184493597,5.559996907322784e-13
75,naive,32.50036569466272,0.09007250000000128,0.049,32.36129319466272,2.51975,7.0,61.0,55.91666666666662,21.07086484101386,4000,32.361293194660824,1.8971491044794675e-12
76,oracle,6.342267804982612,0.2997500000000021,0.025,6.017517804982609,4.6495,5.0,57.0,59.70033993671985,21.47297883944997,4000,6.017517804981481,1.127986593019159e-12
76,belief,4.7049064723534,0.30740500000000687,0.036000000000000004,4.361501472353393,4.734,6.0,58.0,60.722304632124384,22.04969016860243,4000,4.361501472352295,1.098676705169055e-12
76,randomised,15.664135866369918,0.2189050000000041,0.016,15.429230866369913,3.951,4.0,58.0,60.30856477540829,21.753443288851255,4000,15.429230866370073,1.5987211554602254e-13
76,naive,-9.689715483764758,0.5981374999999874,0.121,-10.408852983764746,6.78025,11.0,73.0,66.9166666666666,30.730731623105562,4000,-10.408852983765,2.540190280342358e-13
77,oracle,25.859114242833073,0.03554750000000129,0.001,25.82256674283307,1.53025,1.0,57.0,61.028194895685004,25.346976113758735,4000,25.822566742832727,3.446132268436486e-13
77,belief,35.45569076643142,0.027294999999999365,0.0,35.428395766431414,1.2085,0.0,58.0,62.677561180249334,25.362474497406385,4000,35.42839576643131,1.0658141036401503e-13
77,randomised,22.7476415690238,0.03975000000000242,0.0,22.707891569023797,1.592,0.0,56.0,59.35881995368567,23.814943101510885,4000,22.707891569023147,6.501466032204917e-13
77,naive,102.6510775573625,0.11551499999999976,0.025,102.51056255736249,2.4915,5.0,85.0,77.91666666666666,37.72292932939999,4000,102.51056255736292,4.263256414560601e-13
78,oracle,101.49238680689746,0.4494924999999942,0.196,100.84689430689747,5.36725,14.0,90.0,69.5408781620073,9.39585829479658,4000,100.84689430689961,2.1458390619955026e-12
78,belief,106.52081067848576,0.5235025000000028,0.196,105.80130817848575,5.71225,14.0,88.0,69.02046742651898,9.39585829479658,4000,105.80130817848453,1.2221335055073723e-12
78,randomised,101.28031057393741,0.434427499999988,0.169,100.67688307393743,5.30275,13.0,89.0,69.3282313685534,9.39585829479658,4000,100.67688307393912,1.6910917111090384e-12
78,naive,115.41842980951833,0.8094624999999922,0.289,114.31996730951833,6.84625,17.0,67.0,61.41666666666661,10.259286325633482,4000,114.31996730951465,3.680611371237319e-12
79,oracle,40.86378181378913,0.02435250000000002,0.004,40.835429313789135,1.15325,2.0,50.0,49.855615152502686,14.109374010730864,4000,40.835429313788126,1.0089706847793423e-12
79,belief,40.85361999304908,0.02435250000000002,0.004,40.82526749304908,1.15325,2.0,50.0,49.84545333164071,14.109374010730864,4000,40.825267493048074,1.0089706847793423e-12
79,randomised,40.86378181378913,0.02435250000000002,0.004,40.835429313789135,1.15325,2.0,50.0,49.855615152502686,14.109374010730864,4000,40.835429313788126,1.0089706847793423e-12
79,naive,40.438630143176425,0.06891499999999938,0.004,40.36571514317643,2.256,2.0,66.0,60.49999999999994,23.971411563726484,4000,40.36571514317569,7.389644451905042e-13
80,oracle,53.08558831328975,0.1773699999999923,0.016,52.89221831328976,3.307,4.0,60.0,54.63647862057097,14.765510716633091,4000,52.89221831328894,8.171241461241152e-13
80,belief,53.19489966470081,0.1773699999999923,0.016,53.001529664700826,3.307,4.0,60.0,54.745789973293846,14.765510716633091,4000,53.00152966470001,8.171241461241152e-13
80,randomised,53.08558831328975,0.1773699999999923,0.016,52.89221831328976,3.307,4.0,60.0,54.63647862057097,14.765510716633091,4000,52.89221831328894,8.171241461241152e-13
80,naive,31.99933571613957,0.17923750000000413,0.004,31.816098216139565,3.21425,2.0,62.0,56.833333333333286,21.367457843216986,4000,31.816098216138176,1.3891110484109959e-12
81,oracle,-41.34255201635234,0.35980250000000313,0.001,-41.70335451635234,4.84925,1.0,55.0,55.384611395909126,22.326715782681617,4000,-41.703354516352576,2.3447910280083306e-13
81,belief,-40.81727480412249,0.3582124999999998,0.004,-41.17948730412249,4.75425,2.0,56.0,55.8700399668065,24.094215210647164,4000,-41.17948730412213,3.623767952376511e-13
81,randomised,-45.676331409194745,0.44462750000000023,0.009000000000000001,-46.12995890919475,5.41175,3.0,57.0,56.75814863764487,24.429312712619968,4000,-46.12995890919427,4.760636329592671e-13
81,naive,-45.58104971180478,0.6071774999999834,0.121,-46.30922721180477,7.22725,11.0,71.0,65.08333333333329,36.15786519728194,4000,-46.30922721180416,6.039613253960852e-13
82,oracle,-19.515680129774623,0.11153749999999509,0.001,-19.628217629774618,2.82075,1.0,53.0,55.37831674973204,23.852860193972507,4000,-19.628217629774444,1.7408297026122455e-13
82,belief,-20.83464873860376,0.15714000000000472,0.004,-20.995788738603768,3.368,2.0,54.0,55.363821822112676,24.117647005438677,4000,-20.995788738604727,9.592326932761353e-13
82,randomised,-21.138503256722572,0.15714000000000472,0.004,-21.29964325672258,3.368,2.0,54.0,55.05996730034793,24.117647005438677,4000,-21.299643256723538,9.592326932761353e-13
82,naive,-33.10383751244706,0.44019749999999525,0.049,-33.593035012447054,5.74825,7.0,75.0,68.74999999999996,42.680577933065116,4000,-33.593035012446116,9.379164112033322e-13
83,oracle,1.3007028069729927,0.10804999999999887,0.001,1.191652806972994,2.7485,1.0,53.0,55.403785830909115,15.84993748509623,4000,1.1916528069729313,6.261657858885883e-14
83,belief,19.214227541719836,0.05451250000000045,0.001,19.158715041719834,1.83825,1.0,53.0,55.662266335283796,15.949839140035422,4000,19.15871504171944,3.943512183468556e-13
83,randomised,18.92177381423022,0.05451250000000045,0.001,18.86626131423022,1.83825,1.0,53.0,55.36981260428509,15.949839140035422,4000,18.866261314229863,3.552713678800501e-13
83,naive,-110.84546238613461,1.2080274999999974,0.225,-112.27848988613461,9.39075,15.0,67.0,61.41666666666661,29.283741231079745,4000,-112.27848988613499,3.836930773104541e-13
84,oracle,47.99684889109156,0.19763500000000556,0.004,47.79521389109156,3.658,2.0,56.0,50.434090980929604,12.28597428100275,4000,47.79521389108957,1.9895196601282805e-12
84,belief,48.27624707838069,0.19763500000000556,0.004,48.07461207838069,3.658,2.0,56.0,50.71348917157058,12.28597428100275,4000,48.0746120783787,1.9895196601282805e-12
84,randomised,48.48848440869986,0.19763500000000556,0.004,48.28684940869986,3.658,2.0,56.0,50.92572650443699,12.28597428100275,4000,48.286849408697876,1.9824142327706795e-12
84,naive,45.398025928897,0.05808750000000318,0.004,45.335938428896995,1.99525,2.0,64.0,58.666666666666615,20.246608086067443,4000,45.3359384288951,1.8971491044794675e-12
85,oracle,51.47061993443626,0.05253000000000555,0.004,51.414089934436255,1.982,2.0,52.0,60.19077287452473,20.642119021929478,4000,51.41408993443446,1.7976731214730535e-12
85,belief,55.863551202710994,0.05866750000000371,0.009000000000000001,55.79588370271099,2.02075,3.0,53.0,60.86620479308966,20.791996425411366,4000,55.79588370271057,4.192202140984591e-13
85,randomised,50.47065209800584,0.05253000000000555,0.004,50.41412209800584,1.982,2.0,52.0,59.19080502609553,20.642119021929478,4000,50.41412209800399,1.8474111129762605e-12
85,naive,-63.15216284885173,0.3377399999999955,0.081,-63.57090284885173,4.926,9.0,71.0,65.08333333333327,26.788082570671435,4000,-63.570902848853564,1.8332002582610585e-12
86,oracle,35.74972524549611,0.058397500000002135,0.016,35.675327745496105,2.02825,4.0,62.0,60.88398568005605,15.054962421936473,4000,35.675327745496034,7.105427357601002e-14
86,belief,29.876880829191805,0.07030250000000186,0.025,29.781578329191806,2.26325,5.0,61.0,60.11749804936084,15.330491010845998,4000,29.781578329192268,4.618527782440651e-13
86,randomised,33.92493886372159,0.05765500000000218,0.016,33.85128386372159,2.0035,4.0,60.0,59.05832076665546,15.054962421936473,4000,33.85128386372152,7.105427357601002e-14
86,naive,-37.146386895716205,0.09762250000000067,0.049,-37.293009395716204,2.48925,7.0,67.0,61.41666666666661,23.386678536034704,4000,-37.29300939571633,1.2789769243681803e-13
87,oracle,66.95715553480409,0.42188499999999907,0.169,66.36627053480409,4.848,13.0,69.0,62.551784082014265,17.233901257396017,4000,66.36627053480473,6.394884621840902e-13
87,belief,69.17289651967167,0.509262500000006,0.225,68.43863401967167,5.33775,15.0,69.0,62.82694838562053,17.578110987964475,4000,68.43863401967168,1.4210854715202004e-14
87,randomised,69.02568074719875,0.509262500000006,0.225,68.29141824719875,5.33775,15.0,69.0,62.6797326113812,17.578110987964475,4000,68.29141824719876,1.4210854715202004e-14
87,naive,93.8709918950965,0.9949199999999997,0.361,92.5150718950965,8.771,19.0,77.0,70.5833333333333,22.019675795200126,4000,92.51507189509691,4.121147867408581e-13
88,oracle,-19.3298517324115,0.29353999999999375,0.049,-19.67239173241149,4.3955,7.0,57.0,63.277385909577184,26.358685410055273,4000,-19.672391732411224,2.6645352591003757e-13
88,belief,-19.57170060507997,0.29353999999999375,0.049,-19.91424060507996,4.3955,7.0,57.0,63.03553703400705,26.358685410055273,4000,-19.91424060507973,2.3092638912203256e-13
88,randomised,-20.339211857410646,0.29353999999999375,0.049,-20.68175185741064,4.3955,7.0,57.0,62.26802577246647,26.358685410055273,4000,-20.681751857410557,8.171241461241152e-14
88,naive,-68.57907675269689,0.9995650000000024,0.196,-69.7746417526969,8.377,14.0,76.0,69.66666666666663,37.947647413376366,4000,-69.77464175269628,6.110667527536862e-13
89,oracle,51.67050733385099,0.8339024999999941,0.14400000000000002,50.692604833851,8.55275,12.0,62.0,58.057687714719826,13.427107823808312,4000,50.692604833850325,6.750155989720952e-13
89,belief,49.60172653655468,0.6728699999999779,0.121,48.8078565365547,7.5725,11.0,61.0,57.82098585027757,13.427107823808312,4000,48.80785653655503,3.268496584496461e-13
89,randomised,52.17903891036667,0.8339024999999941,0.14400000000000002,51.20113641036668,8.55275,12.0,62.0,58.566219297337504,13.427107823808312,4000,51.201136410365955,7.247535904753022e-13
89,naive,6.983572517336029,0.19593999999999975,0.049,6.738632517336029,3.639,7.0,73.0,66.91666666666661,23.74432743263403,4000,6.738632517335957,7.194245199571014e-14
90,oracle,27.749342846282104,0.09892499999999557,0.016,27.634417846282112,2.4875,4.0,62.0,56.4258460359221,13.857641374255453,4000,27.634417846283025,9.130474154517287e-13
90,belief,18.543398830180536,0.11593999999999556,0.009000000000000001,18.41845883018054,2.782,3.0,61.0,55.71333358547714,13.857641374255453,4000,18.418458830181294,7.531752999057062e-13
90,randomised,18.58841895354294,0.11593999999999556,0.009000000000000001,18.463478953542946,2.782,3.0,61.0,55.75835370937956,13.857641374255453,4000,18.463478953543706,7.602807272633072e-13
90,naive,31.597699072348533,0.036105000000001816,0.001,31.56059407234853,1.4795,1.0,65.0,59.58333333333328,21.57736502604789,4000,31.560594072348394,1.3500311979441904e-13
91,oracle,44.00962397428664,0.03566500000000216,0.001,43.97295897428664,1.5725,1.0,67.0,72.69855404511578,22.307832641231105,4000,43.97295897428422,2.4229507289419416e-12
91,belief,25.562549805035502,0.047582500000001984,0.004,25.5109673050355,1.74175,2.0,68.0,73.18335840750332,22.656446876511584,4000,25.510967305035308,1.9184653865522705e-13
91,randomised,25.75897457315827,0.047582500000001984,0.004,25.707392073158267,1.74175,2.0,68.0,73.37978317798311,22.656446876511584,4000,25.707392073158076,1.9184653865522705e-13
91,naive,-107.11431377259976,0.44460749999999655,0.036000000000000004,-107.59492127259976,5.95275,6.0,86.0,78.83333333333334,33.03621272876863,4000,-107.59492127259877,9.947598300641403e-13
92,oracle,79.39327143356843,0.12585499999999478,0.009000000000000001,79.25841643356843,2.95,3.0,75.0,64.07273855590499,15.242206966957601,4000,79.25841643356901,5.826450433232822e-13
92,belief,76.45154074486936,0.09702999999999676,0.004,76.35051074486935,2.494,2.0,74.0,63.66603203938244,15.242206966957601,4000,76.35051074486998,6.252776074688882e-13
92,randomised,73.78468840061325,0.11057999999999467,0.004,73.67010840061324,2.7705,2.0,76.0,64.22439418037723,15.664633421988986,4000,73.67010840061295,2.984279490192421e-13
92,naive,73.53093001168446,0.17949000000000098,0.004,73.34744001168445,3.7405,2.0,86.0,78.83333333333334,25.107680066230447,4000,73.34744001168424,2.1316282072803006e-13
93,oracle,52.55036254517819,0.04950249999999994,0.016,52.48486004517819,1.72075,4.0,68.0,61.89571796009485,13.13275520704064,4000,52.48486004517644,1.7479351299698465e-12
93,belief,51.71897140515176,0.06660999999999975,0.025,51.62736140515177,1.9245,5.0,67.0,61.5552958398108,13.13275520704064,4000,51.62736140515021,1.5560885913146194e-12
93,randomised,51.91868186046156,0.06660999999999975,0.025,51.827071860461565,1.9245,5.0,67.0,61.7550062975169,13.13275520704064,4000,51.82707186046001,1.5560885913146194e-12
93,naive,66.71337223788612,0.06087250000000268,0.009000000000000001,66.64349973788612,2.07275,3.0,73.0,66.91666666666663,19.278796994832366,4000,66.64349973788535,7.673861546209082e-13
94,oracle,68.74933112215365,0.12025749999999348,0.016,68.61307362215365,3.09875,4.0,74.0,63.4275054342903,16.83295288006791,4000,68.61307362215476,1.1084466677857563e-12
94,belief,67.75065005175901,0.11716499999999347,0.016,67.617485051759,3.0645,4.0,74.0,64.21423812780665,17.428433413270977,4000,67.61748505176011,1.1084466677857563e-12
94,randomised,67.32276471892447,0.12235499999999314,0.025,67.17540971892447,3.1355,5.0,73.0,63.79065785825249,17.428433413270977,4000,67.17540971892596,1.4921397450962104e-12
94,naive,34.34459735795511,0.062002500000002306,0.004,34.278594857955106,1.98375,2.0,76.0,69.66666666666664,24.823127085464606,4000,34.278594857954545,5.613287612504791e-13
95,oracle,-4.060784358099681,0.1529624999999982,0.064,-4.27774685809968,2.51675,8.0,56.0,58.03611418566608,22.328962133323618,4000,-4.277746858100125,4.4497738826976274e-13
95,belief,-4.066410813282118,0.1529624999999982,0.064,-4.283373313282117,2.51675,8.0,56.0,58.03048773041611,22.328962133323618,4000,-4.283373313282562,4.4497738826976274e-13
95,randomised,2.4540857141435026,0.12622249999999788,0.049,2.278863214143505,2.35025,7.0,57.0,58.161976176438294,22.55563929291605,4000,2.2788632141431506,3.5438318946034997e-13
95,naive,-17.082331748569914,0.124229999999996,0.025,-17.23156174856991,2.8525,5.0,69.0,63.24999999999994,33.465869265880876,4000,-17.231561748570147,2.3803181647963356e-13
96,oracle,75.92657135925612,0.06005000000000165,0.009000000000000001,75.85752135925611,2.1355,3.0,57.0,61.53747099807827,25.10318052250345,4000,75.85752135925536,7.531752999057062e-13
96,belief,76.07196399611462,0.06005000000000165,0.009000000000000001,76.00291399611461,2.1355,3.0,57.0,61.682863636681205,25.10318052250345,4000,76.00291399611386,7.531752999057062e-13
96,randomised,75.42241302562815,0.06005000000000165,0.009000000000000001,75.35336302562814,2.1355,3.0,57.0,61.033312658400796,25.10318052250345,4000,75.35336302562739,7.531752999057062e-13
96,naive,71.2729028523409,0.03536750000000062,0.009000000000000001,71.2285353523409,1.49375,3.0,83.0,76.08333333333333,36.934448454054504,4000,71.2285353523394,1.4921397450962104e-12
97,oracle,175.64330277891258,0.5530799999999996,0.256,174.8342227789126,5.811,16.0,66.0,58.189649205193504,10.612466556066344,4000,174.83422277891154,1.0516032489249483e-12
97,belief,175.78610677308075,0.5530799999999996,0.256,174.97702677308075,5.811,16.0,66.0,58.332453201075744,10.612466556066344,4000,174.9770267730797,1.0516032489249483e-12
97,randomised,168.44919150206988,0.4719525000000029,0.225,167.75223900206987,5.41575,15.0,67.0,58.76131083451857,11.361055974832627,4000,167.7522390020687,1.1652900866465643e-12
97,naive,149.44694856012143,0.1778599999999993,0.169,149.1000885601214,3.1495,13.0,73.0,66.91666666666661,19.312019049257653,4000,149.10008856012345,2.0463630789890885e-12
98,oracle,1.3689852528600568,0.1450999999999986,0.036000000000000004,1.187885252860058,2.9905,6.0,52.0,60.8259106306623,27.6222795832068,4000,1.1878852528603878,3.297362383136715e-13
98,belief,0.6891770267326365,0.1450999999999986,0.036000000000000004,0.5080770267326379,2.9905,6.0,52.0,60.14610239637744,27.6222795832068,4000,0.5080770267329571,3.191891195797325e-13
98,randomised,0.3764331579704958,0.1450999999999986,0.036000000000000004,0.19533315797049722,2.9905,6.0,52.0,59.833358523862806,27.6222795832068,4000,0.19533315797076095,2.6373347949970594e-13
98,naive,-0.023163023077813705,0.15041499999999697,0.036000000000000004,-0.20957802307781068,2.9015,6.0,68.0,62.33333333333328,39.13760312306151,4000,-0.209578023077846,3.533284775869561e-14
99,oracle,35.04126243615224,0.1149450000000007,0.049,34.87731743615224,2.509,7.0,79.0,65.78020648587929,10.701608110510346,4000,34.877317436152275,3.552713678800501e-14
99,belief,34.829831419036395,0.1149450000000007,0.049,34.6658864190364,2.509,7.0,79.0,65.56877546622624,10.701608110510346,4000,34.66588641903646,6.394884621840902e-14
99,randomised,34.89712456015013,0.1108249999999986,0.049,34.737299560150134,2.3755,7.0,79.0,64.77263936169741,11.255674872980167,4000,34.737299560149964,1.7053025658242404e-13
99,naive,49.38381537767526,0.17072000000000517,0.001,49.21209537767526,3.4545,1.0,81.0,74.24999999999997,23.685577721210155,4000,49.21209537767369,1.5702994460298214e-12
100,oracle,38.06318090025587,0.04231749999999906,0.004,38.01686340025588,1.72275,2.0,54.0,59.03174887027721,30.668511394645712,4000,38.016863400255346,5.329070518200751e-13
100,belief,37.67354511234532,0.04231749999999906,0.004,37.62722761234533,1.72275,2.0,54.0,58.64211307769126,30.668511394645712,4000,37.6272276123448,5.329070518200751e-13
100,randomised,37.56266554905136,0.04231749999999906,0.004,37.516348049051366,1.72275,2.0,54.0,58.53123351306681,30.668511394645712,4000,37.51634804905083,5.329070518200751e-13
100,naive,81.39279302495146,0.14151249999999496,0.009000000000000001,81.24228052495147,3.03125,3.0,71.0,65.08333333333327,41.66402174971726,4000,81.24228052495467,3.197442310920451e-12
101,oracle,80.95145787002716,0.06219250000000248,0.004,80.88526537002714,1.94625,2.0,98.0,89.40290667237754,23.07302309078676,4000,80.88526537002716,1.4210854715202004e-14
101,belief,81.1669379922981,0.06219250000000248,0.004,81.10074549229809,1.94625,2.0,98.0,89.61838679723378,23.07302309078676,4000,81.1007454922981,1.4210854715202004e-14
101,randomised,80.95145787002716,0.06219250000000248,0.004,80.88526537002714,1.94625,2.0,98.0,89.40290667237754,23.07302309078676,4000,80.88526537002716,1.4210854715202004e-14
101,naive,74.92430125751946,0.03467250000000018,0.009000000000000001,74.88062875751946,1.40475,3.0,101.0,92.58333333333341,28.93923187353485,4000,74.88062875751858,8.810729923425242e-13
102,oracle,13.402152167305474,0.197624999999996,0.025,13.179527167305476,3.324,5.0,61.0,60.853843318871775,25.16737606640911,4000,13.179527167305164,3.126388037344441e-13
102,belief,13.853095159230463,0.197624999999996,0.025,13.630470159230466,3.324,5.0,61.0,61.30478631620761,25.16737606640911,4000,13.63047015923016,3.055333763768431e-13
102,randomised,13.903844059872824,0.197624999999996,0.025,13.681219059872827,3.324,5.0,61.0,61.35553521745906,25.16737606640911,4000,13.681219059872522,3.055333763768431e-13
102,naive,1.4830165859593762,0.9389299999999834,0.225,0.3190865859593929,7.0975,15.0,75.0,68.74999999999996,35.95611774191611,4000,0.3190865859595354,1.4249712521063884e-13
103,oracle,37.28591908359441,0.06245000000000186,0.001,37.22246908359441,1.991,1.0,79.0,62.202322459751265,7.142709118830888,4000,37.22246908359378,6.323830348264892e-13
103,belief,38.92645826023477,0.06404750000000142,0.001,38.86141076023477,1.96525,1.0,77.0,61.179437342313406,7.142709118830888,4000,38.86141076023443,3.410605131648481e-13
103,randomised,38.61722817415519,0.06404750000000142,0.001,38.55218067415519,1.96525,1.0,77.0,60.870207252523265,7.142709118830888,4000,38.55218067415482,3.694822225952521e-13
103,naive,49.082475016856165,0.13746249999999957,0.016,48.92901251685617,2.95775,4.0,74.0,67.8333333333333,15.13376766832244,4000,48.92901251685705,8.810729923425242e-13
104,oracle,29.181838909922817,0.1546249999999989,0.064,28.963213909922818,3.2155,8.0,78.0,68.6924644791598,16.610952802311864,4000,28.963213909923013,1.9539925233402755e-13
104,belief,29.211723082570302,0.1546249999999989,0.064,28.993098082570302,3.2155,8.0,78.0,68.7223486521657,16.610952802311864,4000,28.993098082570498,1.9539925233402755e-13
104,randomised,29.181838909922817,0.1546249999999989,0.064,28.963213909922818,3.2155,8.0,78.0,68.6924644791598,16.610952802311864,4000,28.963213909923013,1.9539925233402755e-13
104,naive,25.126777082622993,0.12935250000000068,0.064,24.933424582622994,2.86325,8.0,82.0,75.16666666666666,25.272006877140857,4000,24.93342458262322,2.2737367544323206e-13
105,oracle,60.025307388854685,0.01978000000000002,0.016,59.98952738885469,1.031,4.0,52.0,50.70618642138126,15.520804814222648,4000,59.98952738885202,2.6716406864579767e-12
105,belief,59.99327361905483,0.01978000000000002,0.016,59.95749361905484,1.031,4.0,52.0,50.674152651197055,15.520804814222648,4000,59.957493619052165,2.6716406864579767e-12
105,randomised,60.025307388854685,0.01978000000000002,0.016,59.98952738885469,1.031,4.0,52.0,50.70618642138126,15.520804814222648,4000,59.98952738885202,2.6716406864579767e-12
105,naive,72.80258486088121,0.2581049999999937,0.1,72.44447986088122,4.1615,10.0,66.0,60.499999999999936,25.45061596058623,4000,72.44447986087927,1.9468870959826745e-12
106,oracle,80.58239895402443,0.0846924999999968,0.004,80.49370645402442,2.46125,2.0,74.0,66.8938167512322,14.403304712520521,4000,80.49370645402492,4.973799150320701e-13
106,belief,80.2703923140065,0.0846924999999968,0.004,80.18169981400649,2.46125,2.0,74.0,66.5818101074704,14.403304712520521,4000,80.18169981400699,4.973799150320701e-13
106,randomised,79.58206446426695,0.0846924999999968,0.004,79.49337196426694,2.46125,2.0,74.0,65.89348224947148,14.403304712520521,4000,79.49337196426744,4.973799150320701e-13
106,naive,93.54241566342102,0.22842250000001252,0.016,93.29799316342101,4.37525,4.0,74.0,67.83333333333329,20.89009538331512,4000,93.29799316342353,2.5153212845907547e-12
107,oracle,11.848112286907195,0.10556249999999917,0.001,11.741549786907196,2.46225,1.0,63.0,57.573125652644585,18.09489740905152,4000,11.74154978690744,2.433608869978343e-13
107,belief,11.346843613573938,0.12146499999999807,0.0,11.22537861357394,2.611,0.0,64.0,59.45792766282311,18.38187348761696,4000,11.225378613574104,1.652011860642233e-13
107,randomised,11.837398511737234,0.10556249999999917,0.001,11.730836011737235,2.46225,1.0,63.0,57.56241187734633,18.09489740905152,4000,11.730836011737479,2.433608869978343e-13
107,naive,18.21667828872978,0.21474750000000195,0.036000000000000004,17.96593078872978,3.55725,6.0,70.0,64.1666666666666,23.130843182048924,4000,17.965930788729423,3.552713678800501e-13
108,oracle,69.65010017353904,0.1789749999999961,0.064,69.40712517353906,3.086,8.0,40.0,46.8871910285419,21.355472415037077,4000,69.40712517353957,5.115907697472721e-13
108,belief,69.57781524962957,0.1789749999999961,0.064,69.33484024962958,3.086,8.0,40.0,46.81490610376534,21.355472415037077,4000,69.33484024963009,5.115907697472721e-13
108,randomised,75.31724072194993,0.23496000000000006,0.081,75.00128072194993,3.7455,9.0,41.0,47.62058375239509,22.762953834328307,4000,75.00128072194963,2.984279490192421e-13
108,naive,34.46866063129501,0.10455749999999765,0.001,34.36310313129501,2.45425,1.0,59.0,54.08333333333329,27.821246409810215,4000,34.363103131294416,5.968558980384842e-13
109,oracle,54.831591874931064,0.41963249999998614,0.064,54.34795937493108,5.36075,8.0,84.0,66.84113349426231,9.025493666029496,4000,54.347959374930184,8.952838470577262e-13
109,belief,54.69299270136048,0.41963249999998614,0.064,54.2093602013605,5.36075,8.0,84.0,66.7025343190284,9.025493666029496,4000,54.2093602013596,8.952838470577262e-13
109,randomised,56.992799174727224,0.495144999999989,0.064,56.43365417472724,5.961,8.0,86.0,68.7038606624559,9.611954501906558,4000,56.433654174727266,2.842170943040401e-14
109,naive,49.49985757578668,0.07235000000000169,0.009000000000000001,49.41850757578668,2.274,3.0,67.0,61.41666666666661,10.800581411936475,4000,49.418507575785924,7.531752999057062e-13
110,oracle,96.05798146608481,0.17527500000000149,0.064,95.81870646608482,3.3015,8.0,50.0,56.52397275642843,23.189162298580264,4000,95.81870646608428,5.400124791776761e-13
110,belief,89.19124057785746,0.20703000000000235,0.081,88.90321057785745,3.462,9.0,51.0,57.84809964069523,23.554701729438904,4000,88.90321057785701,4.405364961712621e-13
110,randomised,90.65154849775865,0.21345500000000187,0.081,90.35709349775865,3.6,9.0,51.0,57.24532385885211,23.221551423245558,4000,90.35709349775945,7.958078640513122e-13
110,naive,110.72805081118611,0.17322749999999842,0.064,110.49082331118612,3.30625,8.0,66.0,60.49999999999994,31.72324479068993,4000,110.490823311189,2.8848035071860068e-12
111,oracle,17.784738394839906,0.2870724999999952,0.049,17.448665894839912,4.63425,7.0,45.0,46.771260128918776,11.576398981134696,4000,17.448665894839706,2.0605739337042905e-13
111,belief,17.674276299191547,0.2870724999999952,0.049,17.338203799191554,4.63425,7.0,45.0,46.660798031945056,11.576398981134696,4000,17.338203799191355,1.9895196601282805e-13
111,randomised,16.884688646259065,0.3694174999999887,0.064,16.451271146259074,5.20925,8.0,46.0,47.00181925217139,12.040568798263,4000,16.451271146258208,8.668621376273222e-13
111,naive,14.84316295186909,0.5823375000000124,0.081,14.179825451869078,6.60875,9.0,63.0,57.74999999999994,25.716875705315722,4000,14.179825451868824,2.540190280342358e-13
112,oracle,-168.28894363166296,0.8042624999999931,0.169,-169.26220613166296,8.27775,13.0,57.0,61.76187262715519,19.47311640797191,4000,-169.26220613166913,6.16751094639767e-12
112,belief,-167.25072546595834,0.8042624999999931,0.169,-168.22398796595834,8.27775,13.0,57.0,62.80009080531822,19.47311640797191,4000,-168.22398796596457,6.224354365258478e-12
112,randomised,-157.87773850652968,0.7553549999999971,0.14400000000000002,-158.7770935065297,8.0675,12.0,58.0,63.37890700417684,20.132296150933634,4000,-158.7770935065313,1.5916157281026244e-12
112,naive,-214.31248630388973,1.0886249999999817,0.289,-215.6901113038897,9.468,17.0,69.0,63.24999999999994,26.865817657296788,4000,-215.69011130389256,2.8705926524708048e-12
113,oracle,32.14385432122636,0.10675499999999782,0.001,32.03609932122636,2.8225,1.0,69.0,57.55218793256347,12.69049448777768,4000,32.036099321227184,8.242295734817162e-13
113,belief,32.19906209865509,0.10675499999999782,0.001,32.09130709865509,2.8225,1.0,69.0,57.60739571065473,12.69049448777768,4000,32.09130709865592,8.242295734817162e-13
113,randomised,32.14385432122636,0.10675499999999782,0.001,32.03609932122636,2.8225,1.0,69.0,57.55218793256347,12.69049448777768,4000,32.036099321227184,8.242295734817162e-13
113,naive,39.2392776247909,0.11004749999999856,0.004,39.1252301247909,2.90225,2.0,64.0,58.666666666666615,15.744572845680203,4000,39.12523012479124,3.339550858072471e-13
114,oracle,44.58243708472287,0.08050250000000359,0.025,44.47693458472287,2.33925,5.0,65.0,69.4399581563333,20.557631906704287,4000,44.47693458472113,1.7408297026122455e-12
114,belief,44.507965014701426,0.08050250000000359,0.025,44.402462514701426,2.33925,5.0,65.0,69.36548608541825,20.557631906704287,4000,44.402462514699685,1.7408297026122455e-12
114,randomised,44.58243708472287,0.08050250000000359,0.025,44.47693458472287,2.33925,5.0,65.0,69.4399581563333,20.557631906704287,4000,44.47693458472113,1.7408297026122455e-12
114,naive,50.53996145576437,0.14511249999999992,0.0,50.39484895576437,3.34925,0.0,78.0,71.49999999999997,28.964315113387674,4000,50.39484895576352,8.455458555545192e-13
115,oracle,50.87332630970968,0.11324749999999625,0.016,50.74407880970969,2.83475,4.0,52.0,58.26091780440322,28.549269166169882,4000,50.74407880971152,1.8260948309034575e-12
115,belief,50.149924061156526,0.15745750000000147,0.025,49.96746656115653,3.32525,5.0,51.0,57.33446392348604,28.549269166169882,4000,49.96746656115665,1.2079226507921703e-13
115,randomised,50.31992814264879,0.21126999999999932,0.036000000000000004,50.07265814264879,3.81,6.0,52.0,57.86109852316137,29.297798328425888,4000,50.07265814264693,1.8616219676914625e-12
115,naive,58.17755174722299,0.39332499999999065,0.1,57.684226747223,5.4215,10.0,72.0,65.99999999999996,36.94266336795535,4000,57.684226747222176,8.242295734817162e-13
116,oracle,86.35770426860608,0.24878999999999726,0.036000000000000004,86.07291426860608,4.0005,6.0,62.0,54.07187444856211,12.180345699716069,4000,86.07291426860533,7.531752999057062e-13
116,belief,85.20046871200361,0.24831249999999724,0.036000000000000004,84.91615621200361,3.98675,6.0,60.0,52.91220250534469,12.180345699716069,4000,84.91615621200283,7.815970093361102e-13
116,randomised,81.1000851910328,0.1869424999999996,0.025,80.8881426910328,3.54875,5.0,61.0,53.83637264611812,12.180345699716069,4000,80.88814269103145,1.3500311979441904e-12
116,naive,48.20008247942215,0.051667500000002115,0.0,48.14841497942215,1.92725,0.0,58.0,53.16666666666663,19.709462246726865,4000,48.148414979421275,8.739675649849232e-13
117,oracle,52.60765594899107,0.021537499999999092,0.001,52.58511844899107,1.16075,1.0,77.0,66.84058214786606,11.725875167025315,4000,52.58511844898931,1.7550405573274475e-12
117,belief,47.25366868202434,0.015585000000000578,0.001,47.23708368202434,0.891,1.0,75.0,65.69324022766045,11.725875167025315,4000,47.237083682023076,1.2647660696529783e-12
117,randomised,52.54113048569536,0.038380000000000865,0.004,52.49875048569536,1.6365,2.0,78.0,67.52109509707039,11.813094454943124,4000,52.498750485693606,1.7550405573274475e-12
117,naive,64.15543053317356,0.21582250000000294,0.004,63.93560803317356,3.94825,2.0,78.0,71.49999999999997,18.965586596547187,4000,63.93560803317118,2.3803181647963356e-12
118,oracle,60.017502963531896,0.040485000000002096,0.001,59.976017963531895,1.5565,1.0,53.0,55.84536581049392,19.62618666046111,4000,59.97601796352969,2.2026824808563106e-12
118,belief,60.19237389663677,0.032894999999999015,0.0,60.15947889663677,1.4155,0.0,52.0,55.020451641223616,19.62618666046111,4000,60.159478896634866,1.9042545318370685e-12
118,randomised,60.348295249760795,0.032894999999999015,0.0,60.3154002497608,1.4155,0.0,52.0,55.17637299621866,19.62618666046111,4000,60.315400249758895,1.9042545318370685e-12
118,naive,49.45665917236667,0.09825249999999719,0.004,49.35440667236668,2.49575,2.0,70.0,64.1666666666666,29.561912284030477,4000,49.354406672366586,9.237055564881302e-14
119,oracle,42.99485456639394,0.18484250000000063,0.025,42.78501206639394,3.65325,5.0,57.0,57.687837002291744,19.27810346183336,4000,42.78501206639427,3.339550858072471e-13
119,belief,44.75228982365343,0.21350999999999876,0.036000000000000004,44.50277982365343,3.8555,6.0,56.0,56.24197568546805,19.27810346183336,4000,44.50277982365344,1.4210854715202004e-14
119,randomised,41.664202249469895,0.22861250000000138,0.036000000000000004,41.39958974946989,4.17225,6.0,58.0,57.40463975943433,19.31546639766234,4000,41.3995897494699,7.105427357601002e-15
119,naive,41.781509126283595,0.22921249999999935,0.009000000000000001,41.54329662628359,4.03925,3.0,75.0,68.74999999999996,27.272337696222007,4000,41.5432966262841,5.115907697472721e-13
120,oracle,38.48660752207286,0.1749425000000021,0.025,38.28666502207286,3.84275,5.0,61.0,63.3102824686456,19.996217079647014,4000,38.28666502207425,1.3926637620897964e-12
120,belief,34.20423996031707,0.20954999999999935,0.036000000000000004,33.958689960317066,4.16,6.0,62.0,64.2037506066558,21.01755241120653,4000,33.958689960318075,1.0089706847793423e-12
120,randomised,34.01732382649868,0.20954999999999935,0.036000000000000004,33.77177382649868,4.16,6.0,62.0,64.01683447059418,21.01755241120653,4000,33.77177382649969,1.0089706847793423e-12
120,naive,56.35787330760331,0.21809999999999957,0.049,56.090773307603314,3.9145,7.0,83.0,76.08333333333333,33.11910774256107,4000,56.090773307602575,7.389644451905042e-13
121,oracle,11.56455397732769,0.13939499999999957,0.0,11.42515897732769,3.3095,0.0,74.0,65.89002650096909,14.151102409125542,4000,11.425158977328374,6.838973831690964e-13
121,belief,11.37954125915995,0.13939499999999957,0.0,11.24014625915995,3.3095,0.0,74.0,65.70501378058138,14.151102409125542,4000,11.240146259160632,6.821210263296962e-13
121,randomised,11.06962131989188,0.13939499999999957,0.0,10.93022631989188,3.3095,0.0,74.0,65.39509383759449,14.151102409125542,4000,10.930226319892562,6.821210263296962e-13
121,naive,40.81803338763993,0.044565000000001805,0.004,40.76946838763993,1.698,2.0,78.0,71.49999999999997,23.57030936473034,4000,40.769468387639435,4.973799150320701e-13
122,oracle,19.265493752230668,0.7928799999999715,0.121,18.351613752230698,8.398,11.0,69.0,55.97938961758095,8.420366777364626,4000,18.35161375223038,3.161915174132446e-13
122,belief,19.836728319114627,0.7928799999999715,0.121,18.922848319114657,8.398,11.0,69.0,56.55062419131989,8.420366777364626,4000,18.92284831911434,3.161915174132446e-13
122,randomised,19.75255080382999,0.7928799999999715,0.121,18.83867080383002,8.398,11.0,69.0,56.46644667502456,8.420366777364626,4000,18.838670803829704,3.161915174132446e-13
122,naive,10.478799408016812,0.9667949999999907,0.14400000000000002,9.368004408016821,9.3485,12.0,66.0,60.49999999999994,13.574040883972085,4000,9.368004408016814,7.105427357601002e-15
123,oracle,52.137045790012095,0.04273000000000108,0.0,52.0943157900121,1.5415,0.0,88.0,77.17859702176285,18.753835620062592,4000,52.094315790010654,1.4424017535930034e-12
123,belief,52.72731645304478,0.04273000000000108,0.0,52.68458645304478,1.5415,0.0,88.0,77.76886769187824,18.753835620062592,4000,52.68458645304334,1.4424017535930034e-12
123,randomised,53.13890668774279,0.04273000000000108,0.0,53.09617668774279,1.5415,0.0,88.0,78.18045793151516,18.753835620062592,4000,53.09617668774124,1.5489831639570184e-12
123,naive,-13.67934758988099,0.25982249999999596,0.025,-13.964170089880987,4.32925,5.0,85.0,77.91666666666667,27.94521490697106,4000,-13.96417008988117,1.829647544582258e-13
124,oracle,34.33615795305499,0.08541999999999579,0.0,34.250737953054994,2.426,0.0,60.0,59.57325305095473,19.457903688961085,4000,34.250737953055236,2.4158453015843406e-13
124,belief,34.607790680264614,0.08541999999999579,0.0,34.522370680264615,2.426,0.0,60.0,59.84488578142358,19.457903688961085,4000,34.52237068026488,2.6290081223123707e-13
124,randomised,34.83179963072618,0.08541999999999579,0.0,34.74637963072618,2.426,0.0,60.0,60.06889473457315,19.457903688961085,4000,34.746379630726445,2.6290081223123707e-13
124,naive,6.917951927341562,0.3031024999999949,0.016,6.598849427341567,4.68675,4.0,74.0,67.83333333333329,31.09053328130315,4000,6.598849427341591,2.398081733190338e-14
125,oracle,106.87288541965722,0.10354499999999596,0.009000000000000001,106.76034041965723,2.5475,3.0,87.0,79.08194279244083,29.602885100287043,4000,106.76034041965677,4.547473508864641e-13
125,belief,104.35948975102662,0.09897749999999599,0.009000000000000001,104.25151225102663,2.32425,3.0,87.0,79.32942034554961,30.324457690783387,4000,104.25151225102621,4.121147867408581e-13
125,randomised,106.87288541965722,0.10354499999999596,0.009000000000000001,106.76034041965723,2.5475,3.0,87.0,79.08194279244083,29.602885100287043,4000,106.76034041965677,4.547473508864641e-13
125,naive,48.70981275595638,0.0872974999999981,0.001,48.62151525595638,2.59975,1.0,83.0,76.08333333333333,38.07290814789136,4000,48.62151525595669,3.055333763768431e-13
126,oracle,-41.08164184243486,0.19597749999999828,0.025,-41.30261934243486,3.80675,5.0,79.0,62.35048747099291,14.287827771113749,4000,-41.302619342433864,9.947598300641403e-13
126,belief,-40.06629516916934,0.19597749999999828,0.025,-40.28727266916933,3.80675,5.0,79.0,63.36583415644154,14.287827771113749,4000,-40.28727266916834,9.947598300641403e-13
126,randomised,-40.08784219819057,0.19597749999999828,0.025,-40.30881969819057,3.80675,5.0,79.0,63.344287127161984,14.287827771113749,4000,-40.30881969818959,9.805489753489383e-13
126,naive,-37.2292162945954,0.18642750000000516,0.016,-37.43164379459541,3.72125,4.0,72.0,65.99999999999994,17.93345966728563,4000,-37.43164379459372,1.6910917111090384e-12
127,oracle,156.80207166943933,0.2662950000000021,0.036000000000000004,156.4997766694393,4.0105,6.0,68.0,63.53767397716576,13.928146687223702,4000,156.49977666943715,2.1600499167107046e-12
127,belief,156.59934481115164,0.28251750000000314,0.025,156.29182731115162,4.11175,5.0,69.0,63.62550376331098,14.464869093796477,4000,156.2918273111494,2.2168933355715126e-12
127,randomised,157.0233478611466,0.2636600000000017,0.025,156.73468786114657,3.9795,5.0,69.0,64.19241454844644,14.643858054598608,4000,156.7346878611445,2.0747847884194925e-12
127,naive,76.32135708221577,0.07966250000000323,0.004,76.23769458221577,2.31775,2.0,76.0,69.66666666666663,19.361787801336874,4000,76.23769458221642,6.536993168992922e-13
128,oracle,34.99848916549843,0.1874724999999974,0.009000000000000001,34.80201666549843,3.42525,3.0,71.0,62.472283074687226,12.574102992168536,4000,34.80201666549856,1.3500311979441904e-13
128,belief,33.3418851726405,0.17059250000000056,0.004,33.16729267264051,3.29225,2.0,70.0,61.8981624887609,12.574102992168536,4000,33.16729267264041,9.947598300641403e-14
128,randomised,33.46475011342183,0.16829249999999898,0.001,33.29545761342183,3.24875,1.0,71.0,62.44709508074148,12.870622330320984,4000,33.295457613421654,1.7763568394002505e-13
128,naive,16.11237334121728,0.41861500000000124,0.009000000000000001,15.684758341217277,5.5735,3.0,79.0,72.41666666666664,23.1577766777186,4000,15.684758341217353,7.638334409421077e-14
129,oracle,11.403953844478224,0.11694249999999945,0.049,11.238011344478226,2.47425,7.0,65.0,57.475482026273305,14.689196262161085,4000,11.238011344478501,2.753353101070388e-13
129,belief,6.114359316464174,0.1265624999999995,0.049,5.9387968164641745,2.57875,7.0,61.0,54.7380348434355,14.689196262161085,4000,5.938796816464689,5.142553050063725e-13
129,randomised,5.817213143434515,0.15430499999999664,0.064,5.598908143434518,2.816,8.0,64.0,56.85429270239302,14.689196262161085,4000,5.598908143434691,1.723066134218243e-13
129,naive,34.07563675334859,0.03516499999999943,0.009000000000000001,34.03147175334859,1.663,3.0,69.0,63.249999999999936,23.05286391083665,4000,34.03147175334762,9.734435479913373e-13
130,oracle,48.3988599050132,0.053667500000003115,0.0,48.345192405013194,1.65375,0.0,58.0,57.18133649157112,18.934058230108498,4000,48.34519240501263,5.613287612504791e-13
130,belief,50.72440799367803,0.04469000000000452,0.001,50.67871799367803,1.748,1.0,57.0,57.05282209805928,18.934058230108498,4000,50.67871799367537,2.6574298317427747e-12
130,randomised,50.19717975646614,0.04469000000000452,0.001,50.15148975646614,1.748,1.0,57.0,56.52559385452118,18.934058230108498,4000,50.151489756463484,2.6574298317427747e-12
130,naive,49.23843605576329,0.08603499999999775,0.004,49.148401055763294,2.5115,2.0,68.0,62.33333333333327,25.496619400623604,4000,49.148401055763706,4.121147867408581e-13
131,oracle,-24.70005531890672,0.38505249999999736,0.025,-25.110107818906716,5.36175,5.0,61.0,61.48433813116693,25.84092809657737,4000,-25.110107818907093,3.765876499528531e-13
131,belief,-25.59527144654089,0.38295749999999756,0.025,-26.003228946540887,5.30875,5.0,59.0,60.587015260062785,25.84092809657737,4000,-26.00322894654092,3.197442310920451e-14
131,randomised,-0.7320987280255622,0.2394250000000028,0.016,-0.987523728025565,4.0515,4.0,62.0,63.03381804371483,28.250492343940465,4000,-0.9875237280254879,7.704947790898586e-14
131,naive,-51.06468168263814,1.003504999999984,0.121,-52.18918668263812,8.483,11.0,73.0,66.91666666666661,34.3326068944654,4000,-52.189186682637114,1.0089706847793423e-12
132,oracle,109.88191615870272,0.7622275000000139,0.025,109.09468865870271,7.97125,5.0,111.0,85.33848139068074,12.142536965276408,4000,109.0946886587019,8.100187187665142e-13
132,belief,110.5282610136095,0.7622275000000139,0.025,109.74103351360948,7.97125,5.0,111.0,85.98482625334312,12.142536965276408,4000,109.74103351360867,8.100187187665142e-13
132,randomised,110.36028444675247,0.7622275000000139,0.025,109.57305694675246,7.97125,5.0,111.0,85.81684968447055,12.142536965276408,4000,109.57305694675165,8.100187187665142e-13
132,naive,131.18575084211898,3.540132499999868,0.729,126.91661834211911,16.97025,27.0,99.0,90.75000000000007,18.514631739682788,4000,126.91661834211952,4.121147867408581e-13
133,oracle,44.9081551936971,0.13706499999999777,0.049,44.7220901936971,3.1145,7.0,57.0,59.158405792676284,21.563634997746675,4000,44.722090193697106,7.105427357601002e-15
133,belief,40.9970974009907,0.10927749999999452,0.036000000000000004,40.8518199009907,2.78425,6.0,58.0,60.2903830489813,22.92960738644008,4000,40.85181990099028,4.192202140984591e-13
133,randomised,49.3704548679807,0.17279499999999492,0.064,49.133659867980704,3.4625,8.0,56.0,58.540186364658254,21.048171597963837,4000,49.13365986798098,2.7711166694643907e-13
133,naive,58.09541799070837,0.10934749999999759,0.016,57.97007049070837,2.83725,4.0,68.0,62.33333333333328,33.79661201112981,4000,57.97007049070853,1.5631940186722204e-13
134,oracle,30.39617133220179,0.24984000000000037,0.016,30.13033133220179,3.7225,4.0,72.0,62.72012601345207,15.227975764304407,4000,30.130331332202044,2.5224267119483557e-13
134,belief,30.037539078349084,0.20891749999999834,0.009000000000000001,29.819621578349086,3.42575,3.0,73.0,63.7968529740291,15.507772443874668,4000,29.8196215783497,6.146194664324867e-13
134,randomised,32.85468280119801,0.2491100000000003,0.016,32.58957280119801,3.7005,4.0,74.0,64.05630025220488,15.25230904455023,4000,32.58957280119811,9.947598300641403e-14
134,naive,53.53008246998934,0.07787999999999999,0.025,53.42720246998934,2.1525,5.0,81.0,74.24999999999999,24.3800225299422,4000,53.427202469988664,6.750155989720952e-13
135,oracle,74.15796110222527,0.11028499999999908,0.049,73.99867610222526,2.228,7.0,81.0,71.1514389496039,16.42819194646768,4000,73.99867610222333,1.9326762412674725e-12
135,belief,67.86786728984282,0.13167999999999777,0.036000000000000004,67.70018728984282,2.6595,6.0,80.0,70.64190021173863,18.559053655447748,4000,67.70018728983936,3.453237695794087e-12
135,randomised,67.70772847707497,0.13167999999999777,0.036000000000000004,67.54004847707496,2.6595,6.0,80.0,70.48176139704921,18.559053655447748,4000,67.54004847707151,3.453237695794087e-12
135,naive,55.58013466957016,0.3488849999999997,0.1,55.13124966957015,4.589,10.0,78.0,71.49999999999997,23.02363507483191,4000,55.13124966956778,2.3732127374387346e-12
136,oracle,54.27426767472025,0.31807999999999265,0.1,53.85618767472025,4.8115,10.0,70.0,60.03376284993389,14.102703012420601,4000,53.856187674720765,5.115907697472721e-13
136,belief,53.33940443360393,0.27280249999999356,0.064,53.00260193360394,4.52225,8.0,70.0,60.05647716815176,14.242979158525067,4000,53.00260193360389,4.973799150320701e-14
136,randomised,53.96818597998697,0.28940749999999144,0.081,53.59777847998698,4.61575,9.0,71.0,60.655092318285945,14.405330441171461,4000,53.59777847998697,7.105427357601002e-15
136,naive,93.73629030361477,0.44958249999999206,0.001,93.28570780361477,5.52425,1.0,73.0,66.91666666666661,21.864176036517815,4000,93.28570780361909,4.320099833421409e-12
137,oracle,46.95113476280426,0.07004999999999874,0.016,46.86508476280426,2.004,4.0,74.0,67.39135938177225,14.099233194991509,4000,46.86508476280218,2.0818902157770935e-12
137,belief,46.90389823896834,0.07004999999999874,0.016,46.81784823896834,2.004,4.0,74.0,67.34412285736946,14.099233194991509,4000,46.817848238966256,2.0818902157770935e-12
137,randomised,46.95113476280426,0.07004999999999874,0.016,46.86508476280426,2.004,4.0,74.0,67.39135938177225,14.099233194991509,4000,46.86508476280218,2.0818902157770935e-12
137,naive,19.026225388639205,0.4845474999999956,0.036000000000000004,18.50567788863921,5.42225,6.0,68.0,62.33333333333327,19.11678437634234,4000,18.505677888640307,1.0977885267493548e-12
138,oracle,29.729434954094017,0.1348124999999971,0.025,29.569622454094024,3.09275,5.0,75.0,69.1175319630067,22.35844722057054,4000,29.569622454094798,7.744915819785092e-13
138,belief,29.66789465496072,0.1348124999999971,0.025,29.508082154960725,3.09275,5.0,75.0,69.0559916631349,22.35844722057054,4000,29.5080821549615,7.744915819785092e-13
138,randomised,29.729434954094017,0.1348124999999971,0.025,29.569622454094024,3.09275,5.0,75.0,69.1175319630067,22.35844722057054,4000,29.569622454094798,7.744915819785092e-13
138,naive,6.649911531315411,0.4999250000000035,0.1,6.049986531315407,5.74,10.0,74.0,67.83333333333329,29.371926669922587,4000,6.0499865313151835,2.2382096176443156e-13
139,oracle,66.56568462984167,0.04825000000000342,0.0,66.51743462984166,1.7435,0.0,58.0,59.18723604441284,19.554766179722108,4000,66.51743462984118,4.831690603168681e-13
139,belief,66.55021198277537,0.04825000000000342,0.0,66.50196198277536,1.7435,0.0,58.0,59.171763397160674,19.554766179722108,4000,66.50196198277487,4.831690603168681e-13
139,randomised,66.56568462984167,0.04825000000000342,0.0,66.51743462984166,1.7435,0.0,58.0,59.18723604441284,19.554766179722108,4000,66.51743462984118,4.831690603168681e-13
139,naive,14.704205551270888,0.23719749999999715,0.064,14.403008051270891,4.35975,8.0,76.0,69.66666666666663,33.20309632745223,4000,14.403008051270895,3.552713678800501e-15
140,oracle,57.10014509777784,0.12965500000000024,0.049,56.92149009777784,2.8345,7.0,61.0,59.31341400431561,19.555469346365097,4000,56.921490097777614,2.2737367544323206e-13
140,belief,57.12863555947115,0.12965500000000024,0.049,56.94998055947115,2.8345,7.0,61.0,59.34190446635086,19.555469346365097,4000,56.94998055947092,2.2737367544323206e-13
140,randomised,57.10014509777784,0.12965500000000024,0.049,56.92149009777784,2.8345,7.0,61.0,59.31341400431561,19.555469346365097,4000,56.921490097777614,2.2737367544323206e-13
140,naive,47.29734443364379,0.04188249999999869,0.016,47.23946193364379,1.64575,4.0,60.0,54.99999999999996,22.31745145272625,4000,47.239461933642204,1.5845103007450234e-12
141,oracle,67.9845584360836,0.21981750000000025,0.064,67.7007409360836,4.04475,8.0,70.0,63.77232629664685,20.266924434055433,4000,67.70074093608282,7.815970093361102e-13
141,belief,69.03511607793303,0.18848249999999853,0.064,68.78263357793304,3.75025,8.0,70.0,64.21224668245374,21.882738000907494,4000,68.78263357793237,6.679101716144942e-13
141,randomised,68.60967096811294,0.18848249999999853,0.064,68.35718846811295,3.75025,8.0,70.0,63.786801567528585,21.882738000907494,4000,68.35718846811228,6.679101716144942e-13
141,naive,65.79113880311252,0.62846749999999,0.14400000000000002,65.01867130311253,7.46075,12.0,76.0,69.66666666666663,28.74545617933106,4000,65.01867130311054,1.9895196601282805e-12
142,oracle,53.557169138601466,0.23202000000000358,0.169,53.156149138601464,3.6815,13.0,69.0,64.83086262623945,18.66422782873891,4000,53.156149138600206,1.2576606422953773e-12
142,belief,56.74070088024018,0.31491749999999463,0.196,56.22978338024019,4.65625,14.0,66.0,63.41242196353485,18.66422782873891,4000,56.229783380239525,6.679101716144942e-13
142,randomised,50.89008435551955,0.29128499999999724,0.196,50.402799355519555,4.2555,14.0,68.0,64.72315907176127,18.66422782873891,4000,50.40279935552003,4.760636329592671e-13
142,naive,48.742165029764806,0.10112999999999783,0.081,48.560035029764805,2.1835,9.0,71.0,65.08333333333327,24.738785981899852,4000,48.56003502976379,1.0160761121369433e-12
143,oracle,6.1428058172219835,0.1338075000000016,0.016,5.992998317221982,3.00675,4.0,48.0,46.545540765815076,17.484279450645698,4000,5.99299831722224,2.575717417130363e-13
143,belief,6.1668329491776035,0.1338075000000016,0.016,6.017025449177602,3.00675,4.0,48.0,46.56956789805902,17.484279450645698,4000,6.01702544917786,2.575717417130363e-13
143,randomised,6.1428058172219835,0.1338075000000016,0.016,5.992998317221982,3.00675,4.0,48.0,46.545540765815076,17.484279450645698,4000,5.99299831722224,2.575717417130363e-13
143,naive,-1.1102315825284563,0.187607499999996,0.025,-1.3228390825284522,3.30475,5.0,53.0,48.58333333333331,21.893804714688375,4000,-1.3228390825285385,8.637535131583718e-14
144,oracle,23.868043024077906,0.13578749999999687,0.064,23.66825552407791,2.75225,8.0,64.0,59.3402966719392,15.045440926513653,4000,23.66825552407812,2.0961010704922955e-13
144,belief,24.44348550144514,0.14824999999999647,0.081,24.214235501445142,2.8295,9.0,63.0,58.17037441023355,15.045440926513653,4000,24.21423550144518,3.907985046680551e-14
144,randomised,15.541974326206969,0.14579499999999826,0.064,15.33217932620697,2.987,8.0,66.0,60.18243823219598,15.18200476541081,4000,15.332179326207,2.842170943040401e-14
144,naive,-34.10842763222195,0.21878000000000072,0.025,-34.35220763222195,4.03,5.0,67.0,61.41666666666661,26.554302381006046,4000,-34.35220763222124,7.105427357601002e-13
145,oracle,36.95679237095855,0.045672500000001344,0.001,36.91011987095855,1.70475,1.0,67.0,64.19589037816084,14.845396060293881,4000,36.9101198709575,1.0516032489249483e-12
145,belief,36.852385705959065,0.045672500000001344,0.001,36.805713205959066,1.70475,1.0,67.0,64.09148371190837,14.845396060293881,4000,36.805713205958014,1.0516032489249483e-12
145,randomised,31.371042191769646,0.054785000000002256,0.004,31.312257191769643,1.861,2.0,66.0,63.036692072366144,14.360860220409355,4000,31.312257191769213,4.298783551348606e-13
145,naive,90.60383831772822,0.3310950000000024,0.1,90.17274331772822,5.212,10.0,76.0,69.66666666666663,25.554590428196843,4000,90.17274331773118,2.9558577807620168e-12
146,oracle,20.872104280385088,0.19438500000000908,0.016,20.661719280385082,3.867,4.0,54.0,63.140171943148594,22.2865708285057,4000,20.661719280384272,8.100187187665142e-13
146,belief,20.751569484041966,0.19438500000000908,0.016,20.54118448404196,3.867,4.0,54.0,63.019637145359376,22.2865708285057,4000,20.54118448404115,8.100187187665142e-13
146,randomised,22.56545047922691,0.21406750000000063,0.025,22.32638297922691,4.11675,5.0,55.0,63.329611739651,22.427766482995047,4000,22.326382979226654,2.5579538487363607e-13
146,naive,-18.193243217706595,0.8584775000000054,0.121,-19.1727207177066,8.50675,11.0,81.0,74.24999999999999,46.621441645834906,4000,-19.172720717706493,1.0658141036401503e-13
147,oracle,1.1190467911849282,0.22098499999999277,0.1,0.7980617911849355,4.091,10.0,70.0,66.43543836094254,17.94292857202721,4000,0.7980617911841689,7.666089985036706e-13
147,belief,-1.823797019658059,0.27109249999999674,0.121,-2.215889519658056,4.55425,11.0,69.0,65.8128525064191,17.94292857202721,4000,-2.2158895196579236,1.3233858453531866e-13
147,randomised,0.6147125601819425,0.22051249999999267,0.1,0.2942000601819499,4.08425,10.0,70.0,65.93364820024199,17.94292857202721,4000,0.29420006018114175,8.081313396246514e-13
147,naive,3.3421280815496175,0.44825749999998926,0.196,2.697870581549628,5.83325,14.0,74.0,67.8333333333333,28.178761458845646,4000,2.6978705815491564,4.716227408607665e-13
148,oracle,-50.22734567179464,0.849327499999997,0.196,-51.27267317179463,7.65475,14.0,84.0,70.34923442835104,12.863952940761234,4000,-51.272673171794615,1.4210854715202004e-14
148,belief,-50.167571034047796,0.8382899999999965,0.169,-51.17486103404779,7.6245,13.0,83.0,69.93558700157843,15.908864866939485,4000,-51.17486103404746,3.268496584496461e-13
148,randomised,-50.1796543334051,0.8538949999999961,0.196,-51.22954933340509,7.677,14.0,84.0,70.33469398933217,15.908864866939485,4000,-51.22954933340498,1.0658141036401503e-13
148,naive,-121.64654200890755,2.536657499999987,0.4,-124.58319950890754,13.76375,20.0,86.0,78.83333333333334,21.81205576894714,4000,-124.58319950891165,4.106937012693379e-12
149,oracle,35.66535668718848,0.03107000000000026,0.009000000000000001,35.62528668718848,1.511,3.0,47.0,44.3668411000633,10.5847758815472,4000,35.625286687188506,2.842170943040401e-14
149,belief,33.280697106677295,0.019362499999999415,0.001,33.2603346066773,1.14025,1.0,49.0,46.36209883154844,11.540661600969727,4000,33.260334606676494,8.029132914089132e-13
149,randomised,30.790181168781615,0.035972500000001864,0.001,30.75320866878161,1.53075,1.0,49.0,45.68483468035856,11.517624551066383,4000,30.753208668781177,4.334310688136611e-13
149,naive,41.6670136803686,0.19836000000001136,0.016,41.45265368036859,4.2135,4.0,54.0,49.49999999999997,19.994623001895903,4000,41.45265368036986,1.2718714970105793e-12
150,oracle,-16.496974108594756,0.21452500000000013,0.001,-16.71249910859476,4.226,1.0,85.0,72.80749645121129,13.839519159587468,4000,-16.712499108594795,3.552713678800501e-14
150,belief,-15.711868542115155,0.21452500000000013,0.001,-15.927393542115155,4.226,1.0,85.0,73.5926020271113,13.839519159587468,4000,-15.927393542115196,4.085620730620576e-14
150,randomised,-16.659096947414568,0.21727500000000027,0.0,-16.87637194741457,4.2185,0.0,84.0,72.6453853067114,13.839519159587468,4000,-16.876371947414423,1.4566126083082054e-13
150,naive,-60.02348079669457,0.41065249999999415,0.025,-60.45913329669457,6.11325,5.0,79.0,72.41666666666666,20.48385716589385,4000,-60.45913329669437,1.9895196601282805e-13
151,oracle,107.81397196875561,0.12381999999999882,0.0,107.69015196875561,2.921,0.0,76.0,62.21827235302508,14.939841132958577,4000,107.69015196875776,2.1458390619955026e-12
151,belief,102.93002191960107,0.0992174999999935,0.004,102.82680441960107,2.78775,2.0,76.0,62.40325939607495,16.078170143554395,4000,102.82680441960085,2.2737367544323206e-13
151,randomised,93.64202679193062,0.08926249999999812,0.009000000000000001,93.54376429193061,2.67375,3.0,75.0,61.56598275888749,16.078170143554395,4000,93.54376429193339,2.7711166694643907e-12
151,naive,115.95548718985256,0.2649875000000063,0.009000000000000001,115.68149968985256,4.47375,3.0,75.0,68.74999999999996,27.06130405995244,4000,115.681499689853,4.405364961712621e-13
152,oracle,61.62881485950129,0.40461499999999534,0.064,61.1601998595013,5.9955,8.0,54.0,51.280585297224945,13.522040782019545,4000,61.16019985950186,5.613287612504791e-13
152,belief,58.66195024534022,0.3040949999999938,0.049,58.308855245340226,5.1925,7.0,53.0,50.46854654085497,13.522040782019545,4000,58.30885524533857,1.6555645743210334e-12
152,randomised,58.741661886872976,0.3040949999999938,0.049,58.38856688687298,5.1925,7.0,53.0,50.54825818334397,13.522040782019545,4000,58.388566886871324,1.6555645743210334e-12
152,naive,26.40839363405746,0.06855000000000185,0.036000000000000004,26.303843634057458,2.2135,6.0,64.0,58.666666666666615,28.411150234929593,4000,26.303843634054267,3.19033688356285e-12
153,oracle,45.237115083246465,0.08891749999999991,0.001,45.14719758324647,2.41475,1.0,69.0,57.544457688788505,9.114961934225882,4000,45.14719758324605,4.192202140984591e-13
153,belief,45.80122689395341,0.08891749999999991,0.001,45.711309393953414,2.41475,1.0,69.0,58.108569506264246,9.114961934225882,4000,45.711309393952995,4.192202140984591e-13
153,randomised,45.52838754389768,0.08039999999999997,0.004,45.443987543897684,2.2735,2.0,70.0,58.709186464701574,9.357517991512275,4000,45.44398754389693,7.531752999057062e-13
153,naive,51.016573651078545,0.05139500000000332,0.009000000000000001,50.95617865107854,1.7585,3.0,63.0,57.74999999999995,14.981736412703032,4000,50.956178651076016,2.5224267119483557e-12
154,oracle,24.920652344131327,0.12429999999999762,0.064,24.73235234413133,2.602,8.0,56.0,61.52547997808674,19.118332498009668,4000,24.73235234413214,8.100187187665142e-13
154,belief,25.452364458682155,0.12429999999999762,0.064,25.264064458682157,2.602,8.0,56.0,62.057192099017776,19.118332498009668,4000,25.264064458682967,8.100187187665142e-13
154,randomised,25.930553380967808,0.12429999999999762,0.064,25.74225338096781,2.602,8.0,56.0,62.53538102704127,19.118332498009668,4000,25.74225338096862,8.100187187665142e-13
154,naive,41.3025065554541,0.09840249999999798,0.064,41.1401040554541,2.36625,8.0,76.0,69.66666666666663,29.384039145961125,4000,41.14010405545315,9.521272659185342e-13
155,oracle,32.36268717323088,0.03467499999999918,0.004,32.324012173230884,1.4735,2.0,52.0,58.20953681212318,30.586505842013167,4000,32.32401217323019,6.963318810448982e-13
155,belief,32.2892872929275,0.03467499999999918,0.004,32.2506122929275,1.4735,2.0,52.0,58.136136930939,30.586505842013167,4000,32.2506122929268,6.963318810448982e-13
155,randomised,32.36268717323088,0.03467499999999918,0.004,32.324012173230884,1.4735,2.0,52.0,58.20953681212318,30.586505842013167,4000,32.32401217323019,6.963318810448982e-13
155,naive,31.880262118536848,0.11419499999999462,0.016,31.750067118536855,2.728,4.0,76.0,69.66666666666663,44.72244782952479,4000,31.750067118537853,9.983125437429408e-13
156,oracle,97.19458208974346,0.10845249999999709,0.0,97.08612958974346,2.95875,0.0,74.0,65.87351461834378,18.00634208022253,4000,97.08612958974375,2.8421709430404007e-13
156,belief,91.36182837235161,0.08718500000000069,0.001,91.2736433723516,2.5125,1.0,73.0,65.12552839998703,18.512334101116117,4000,91.27364337235062,9.805489753489383e-13
156,randomised,96.39875373564645,0.09658249999999742,0.001,96.30117123564645,2.74525,1.0,75.0,66.03599296543507,18.123430345958507,4000,96.30117123564588,5.684341886080801e-13
156,naive,108.4093827865222,0.306219999999996,0.016,108.0871627865222,5.1675,4.0,72.0,65.99999999999994,21.725722481876204,4000,108.08716278652392,1.7195134205394424e-12
157,oracle,93.2914346582732,0.12166749999999717,0.009000000000000001,93.1607671582732,2.87875,3.0,55.0,56.76386682611732,24.90312947102382,4000,93.16076715827397,7.673861546209082e-13
157,belief,84.2448657007719,0.0816449999999974,0.004,84.1592207007719,2.3395,2.0,54.0,55.9869583841681,24.90312947102382,4000,84.1592207007721,1.9895196601282805e-13
157,randomised,92.79332409420027,0.12166749999999717,0.009000000000000001,92.66265659420027,2.87875,3.0,55.0,56.26575625606758,24.90312947102382,4000,92.66265659420104,7.673861546209082e-13
157,naive,15.015857957281867,0.05721750000000034,0.025,14.933640457281866,2.00325,5.0,69.0,63.249999999999936,36.63549070498314,4000,14.93364045728159,2.753353101070388e-13
158,oracle,10.408866090759048,0.12916249999999566,0.0,10.279703590759052,2.79075,0.0,54.0,61.069831783045046,29.05343936511665,4000,10.27970359075901,4.263256414560601e-14
158,belief,10.616218061393425,0.12916249999999566,0.0,10.48705556139343,2.79075,0.0,54.0,61.27718375616746,29.05343936511665,4000,10.48705556139338,4.973799150320701e-14
158,randomised,10.91179571637862,0.12916249999999566,0.0,10.782633216378624,2.79075,0.0,54.0,61.57276141469938,29.05343936511665,4000,10.782633216378581,4.263256414560601e-14
158,naive,48.319251423625815,0.19718750000000537,0.001,48.12106392362581,3.39875,1.0,73.0,66.91666666666663,36.317832363042136,4000,48.12106392362399,1.8189894035458565e-12
159,oracle,48.06659325186388,0.14643999999999685,0.064,47.85615325186388,3.1075,8.0,78.0,63.187886232945175,10.49506082601962,4000,47.85615325186454,6.608047442568932e-13
159,belief,49.638725691449395,0.14445999999999679,0.064,49.4302656914494,3.0475,8.0,80.0,65.3135075194585,12.311073349654308,4000,49.43026569144991,5.115907697472721e-13
159,randomised,49.348893921003764,0.14445999999999679,0.064,49.14043392100377,3.0475,8.0,80.0,65.02367574553513,12.311073349654308,4000,49.14043392100428,5.115907697472721e-13
159,naive,61.29030822640493,0.0593199999999998,0.036000000000000004,61.19498822640493,1.823,6.0,72.0,65.99999999999994,15.98070649867098,4000,61.194988226404334,5.968558980384842e-13
160,oracle,45.24065042163791,0.025504999999999542,0.001,45.21414542163791,1.319,1.0,55.0,60.19382523396767,35.81861469235821,4000,45.21414542163688,1.0302869668521453e-12
160,belief,45.206396073476895,0.025504999999999542,0.001,45.179891073476895,1.319,1.0,55.0,60.15957088539574,35.81861469235821,4000,45.179891073475865,1.0302869668521453e-12
160,randomised,45.24065042163791,0.025504999999999542,0.001,45.21414542163791,1.319,1.0,55.0,60.19382523396767,35.81861469235821,4000,45.21414542163688,1.0302869668521453e-12
160,naive,39.50502887828755,0.021105000000000356,0.0,39.48392387828755,1.151,0.0,70.0,64.1666666666666,43.63625356174359,4000,39.48392387828662,9.308109838457312e-13
161,oracle,-30.65647554721295,0.8561250000000056,0.14400000000000002,-31.656600547212953,7.635,12.0,74.0,66.18247242758314,11.541446586834542,4000,-31.65660054721289,6.394884621840902e-14
161,belief,-30.747665846954078,0.8560375000000056,0.14400000000000002,-31.747703346954083,7.63525,12.0,72.0,64.66945345304971,11.541446586834542,4000,-31.747703346954097,1.4210854715202004e-14
161,randomised,-29.872972443468598,0.8601900000000057,0.14400000000000002,-30.877162443468603,7.7155,12.0,76.0,67.51160585032405,13.300350604385368,4000,-30.877162443468272,3.304023721284466e-13
161,naive,15.724068442270777,0.3676199999999896,0.064,15.292448442270787,5.0985,8.0,76.0,69.66666666666663,21.421820348134403,4000,15.29244844227022,5.666578317686799e-13
162,oracle,-24.434277867715537,0.41354999999999076,0.121,-24.968827867715525,4.947,11.0,55.0,57.12990085151236,21.443449951878232,4000,-24.96882786771619,6.643574579356937e-13
162,belief,-31.035608680573205,0.42676999999999116,0.121,-31.583378680573194,5.317,11.0,53.0,55.26151875702078,21.144425202516636,4000,-31.58337868057321,1.7763568394002505e-14
162,randomised,-29.509750871871347,0.368574999999985,0.1,-29.978325871871334,5.019,10.0,52.0,54.55697622079106,21.144425202516636,4000,-29.97832587187212,7.851497230149107e-13
162,naive,-52.37600758502549,0.9548899999999854,0.361,-53.69189758502547,7.3265,19.0,69.0,63.249999999999936,27.085096337330167,4000,-53.69189758502494,5.329070518200751e-13
163,oracle,35.396649842155114,0.025487499999999646,0.001,35.37016234215512,1.38425,1.0,43.0,49.18271759339678,17.376008510745315,4000,35.37016234215471,4.121147867408581e-13
163,belief,35.798307499247855,0.025487499999999646,0.001,35.77181999924786,1.38425,1.0,43.0,49.58437525530907,17.376008510745315,4000,35.77181999924744,4.192202140984591e-13
163,randomised,34.73311219384294,0.025494999999999646,0.004,34.703617193842945,1.3845,2.0,42.0,48.51905819475187,17.376008510745315,4000,34.70361719384253,4.121147867408581e-13
163,naive,51.42555231699038,0.04076749999999918,0.009000000000000001,51.375784816990375,1.62175,3.0,77.0,70.5833333333333,36.52023004013113,4000,51.37578481698992,4.547473508864641e-13
164,oracle,22.265121026754713,0.030689999999998916,0.0,22.234431026754713,1.302,0.0,70.0,62.66969043033815,18.753215402093616,4000,22.23443102675434,3.730349362740526e-13
164,belief,22.29469076150177,0.030689999999998916,0.0,22.26400076150177,1.302,0.0,70.0,62.699260165440194,18.753215402093616,4000,22.264000761501396,3.730349362740526e-13
164,randomised,22.75721648646922,0.030689999999998916,0.0,22.72652648646922,1.302,0.0,70.0,63.161785895957394,18.753215402093616,4000,22.72652648646895,2.7000623958883807e-13
164,naive,-30.57664504733077,0.16421499999999792,0.025,-30.76586004733077,3.535,5.0,67.0,61.41666666666661,22.418731380382223,4000,-30.765860047329358,1.4104273304837989e-12
165,oracle,5.056408611342476,0.26060750000000354,0.064,4.731801111342473,4.73975,8.0,66.0,64.19392932637594,19.39000848651797,4000,4.731801111343665,1.191935439237568e-12
165,belief,11.722764258585926,0.17618249999999416,0.049,11.497581758585932,3.80925,7.0,65.0,63.52076963508607,19.39000848651797,4000,11.49758175858637,4.3876013933186186e-13
165,randomised,11.680818928393705,0.17618249999999416,0.049,11.455636428393712,3.80925,7.0,65.0,63.47882430439044,19.39000848651797,4000,11.45563642839415,4.3876013933186186e-13
165,naive,28.510334750476886,0.21223999999999643,0.1,28.198094750476887,3.8175,10.0,72.0,65.99999999999994,27.093893047179346,4000,28.19809475047702,1.3145040611561853e-13
166,oracle,50.67569169933316,0.1827400000000013,0.001,50.49195169933316,3.6655,1.0,57.0,59.63285551334856,20.14173824722708,4000,50.49195169933306,9.947598300641403e-14
166,belief,50.52654770535196,0.1827400000000013,0.001,50.34280770535196,3.6655,1.0,57.0,59.483711517577994,20.14173824722708,4000,50.34280770535186,9.947598300641403e-14
166,randomised,50.67569169933316,0.1827400000000013,0.001,50.49195169933316,3.6655,1.0,57.0,59.63285551334856,20.14173824722708,4000,50.49195169933306,9.947598300641403e-14
166,naive,73.12152483746308,0.3272099999999933,0.036000000000000004,72.75831483746309,4.7215,6.0,72.0,65.99999999999994,29.35367313984589,4000,72.75831483746269,3.979039320256561e-13
167,oracle,47.80450614988409,0.038175000000001694,0.001,47.76533114988409,1.717,1.0,87.0,64.01628751334087,6.784690380161798,4000,47.76533114988261,1.4779288903810084e-12
167,belief,46.73950248799446,0.03976750000000208,0.009000000000000001,46.69073498799445,1.78925,3.0,85.0,62.944445779490316,6.784690380161798,4000,46.690734987992734,1.7195134205394424e-12
167,randomised,47.80450614988409,0.038175000000001694,0.001,47.76533114988409,1.717,1.0,87.0,64.01628751334087,6.784690380161798,4000,47.76533114988261,1.4779288903810084e-12
167,naive,27.408385919137586,0.030167500000000066,0.001,27.377218419137584,1.38525,1.0,59.0,54.08333333333329,11.480291162217993,4000,27.377218419136753,8.313350008393172e-13
168,oracle,28.37121131560707,0.2050050000000146,0.025,28.141206315607057,4.099,5.0,63.0,56.59170157196854,11.645876155161426,4000,28.141206315608333,1.2754242106893798e-12
168,belief,28.449172423232824,0.2050050000000146,0.025,28.21916742323281,4.099,5.0,63.0,56.66966268052944,11.645876155161426,4000,28.219167423234087,1.2754242106893798e-12
168,randomised,28.37121131560707,0.2050050000000146,0.025,28.141206315607057,4.099,5.0,63.0,56.59170157196854,11.645876155161426,4000,28.141206315608333,1.2754242106893798e-12
168,naive,40.4991326528002,0.2038100000000051,0.009000000000000001,40.286322652800195,3.382,3.0,73.0,66.9166666666666,17.61915971925894,4000,40.28632265279971,4.831690603168681e-13
169,oracle,68.38809624492626,0.13643749999999957,0.036000000000000004,68.21565874492626,2.84325,6.0,70.0,71.32433263251103,28.240395170757473,4000,68.21565874492414,2.1174173525650986e-12
169,belief,68.48827032051537,0.13643749999999957,0.036000000000000004,68.31583282051537,2.84325,6.0,70.0,71.42450670930198,28.240395170757473,4000,68.31583282051325,2.1174173525650986e-12
169,randomised,67.88906364655429,0.13643749999999957,0.036000000000000004,67.71662614655429,2.84325,6.0,70.0,70.82530002815103,28.240395170757473,4000,67.71662614655226,2.0321522242738865e-12
169,naive,24.87801869533257,0.44984749999998463,0.081,24.34717119533259,5.94675,9.0,77.0,70.58333333333331,31.777351716702164,4000,24.347171195332027,5.613287612504791e-13
170,oracle,17.634143783436514,0.35349249999998567,0.016,17.264651283436528,5.21225,4.0,74.0,62.440603841981755,13.614572803458136,4000,17.264651283436137,3.907985046680551e-13
170,belief,17.74461847630357,0.35349249999998567,0.016,17.375125976303586,5.21225,4.0,74.0,62.55107853617456,13.614572803458136,4000,17.375125976303192,3.943512183468556e-13
170,randomised,22.90967527830088,0.26134250000000486,0.009000000000000001,22.639332778300876,4.34625,3.0,73.0,62.24186214544469,13.614572803458136,4000,22.63933277830044,4.369837824924616e-13
170,naive,18.514305513670365,0.46085749999999187,0.049,18.004448013670373,6.24725,7.0,75.0,68.74999999999996,23.336709387164085,4000,18.00444801366954,8.348877145181177e-13
171,oracle,107.65605975536914,0.3134624999999928,0.1,107.24259725536916,4.94875,10.0,80.0,68.65844638867935,13.187305889492796,4000,107.24259725537057,1.4068746168049984e-12
171,belief,91.73984595097659,0.1570874999999986,0.064,91.51875845097659,3.07725,8.0,80.0,68.84734909638266,13.573549115642752,4000,91.51875845097535,1.2363443602225743e-12
171,randomised,99.99418027540219,0.2248775000000007,0.081,99.68830277540218,3.90875,9.0,81.0,69.75305913403774,13.573549115642752,4000,99.6883027753999,2.2737367544323206e-12
171,naive,116.15111800272928,0.37416499999998853,0.1,115.67695300272929,5.561,10.0,76.0,69.66666666666663,19.58771654122078,4000,115.67695300273347,4.177991286269389e-12
172,oracle,91.46578620204679,0.07799999999999822,0.004,91.38378620204678,2.0395,2.0,62.0,57.84512075328673,13.160345785519004,4000,91.3837862020496,2.8279600883251987e-12
172,belief,91.57494297331604,0.07799999999999822,0.004,91.49294297331603,2.0395,2.0,62.0,57.95427752586562,13.160345785519004,4000,91.49294297331886,2.8279600883251987e-12
172,randomised,91.46578620204679,0.07799999999999822,0.004,91.38378620204678,2.0395,2.0,62.0,57.84512075328673,13.160345785519004,4000,91.3837862020496,2.8279600883251987e-12
172,naive,115.67641761211468,0.24862749999999706,0.016,115.41179011211467,4.28125,4.0,64.0,58.666666666666615,16.251919823748576,4000,115.41179011211125,3.424815986363683e-12
173,oracle,14.924591728675324,0.05722000000000073,0.004,14.863371728675324,1.977,2.0,74.0,70.38228017510123,19.94678737726646,4000,14.863371728674887,4.369837824924616e-13
173,belief,14.857905947380345,0.05722000000000073,0.004,14.796685947380345,1.977,2.0,74.0,70.3155943930061,19.94678737726646,4000,14.796685947379911,4.334310688136611e-13
173,randomised,14.924591728675324,0.05722000000000073,0.004,14.863371728675324,1.977,2.0,74.0,70.38228017510123,19.94678737726646,4000,14.863371728674887,4.369837824924616e-13
173,naive,52.71258145832006,0.04496500000000273,0.001,52.66661645832006,1.785,1.0,73.0,66.91666666666663,26.240933584254133,4000,52.666616458318224,1.8332002582610585e-12
174,oracle,-105.93778291847002,0.7537675000000325,0.121,-106.81255041847005,7.64025,11.0,63.0,66.62201774753896,26.95855713166856,4000,-106.81255041847062,5.684341886080801e-13
174,belief,-101.04021717184935,0.7250850000000242,0.1,-101.86530217184936,7.465,10.0,62.0,66.87966073860574,26.95855713166856,4000,-101.86530217184917,1.9895196601282805e-13
174,randomised,-101.52798797464857,0.7057175000000294,0.1,-102.3337054746486,7.33725,10.0,62.0,66.39120478133181,26.95855713166856,4000,-102.3337054746481,4.973799150320701e-13
174,naive,-199.79018968640776,1.5486550000000308,0.256,-201.59484468640778,11.3775,16.0,74.0,67.83333333333329,31.356646278353022,4000,-201.59484468641756,9.777068044058979e-12
175,oracle,103.67915740208697,0.32430749999998865,0.004,103.35084990208698,4.79175,2.0,58.0,53.884897540508405,14.247777767741455,4000,103.35084990208901,2.0321522242738865e-12
175,belief,103.6883812529256,0.32430749999998865,0.004,103.3600737529256,4.79175,2.0,58.0,53.894121391457844,14.247777767741455,4000,103.36007375292762,2.0179413695586845e-12
175,randomised,103.67915740208697,0.32430749999998865,0.004,103.35084990208698,4.79175,2.0,58.0,53.884897540508405,14.247777767741455,4000,103.35084990208901,2.0321522242738865e-12
175,naive,143.0353000780483,0.8008000000000137,0.064,142.1705000780483,7.6665,8.0,64.0,58.666666666666615,20.241185919283424,4000,142.17050007804872,4.263256414560601e-13
176,oracle,-3.0515807252720037,0.852100000000014,0.016,-3.9196807252720176,8.249,4.0,76.0,63.17037507902473,9.650943083320081,4000,-3.919680725271402,6.155076448521868e-13
176,belief,-2.615174117213769,0.852100000000014,0.016,-3.483274117213783,8.249,4.0,76.0,63.60678169232008,9.650943083320081,4000,-3.483274117213225,5.577760475716786e-13
176,randomised,-10.627260987873171,0.964677500000023,0.025,-11.616938487873195,8.81675,5.0,77.0,64.88940976165328,10.284835784082293,4000,-11.616938487872842,3.5349501104064984e-13
176,naive,-104.6158749776173,2.2155199999999624,0.324,-107.15539497761726,12.9845,18.0,74.0,67.83333333333329,13.928162281826788,4000,-107.15539497761706,1.9895196601282805e-13
177,oracle,-15.238766738467575,0.5298874999999869,0.14400000000000002,-15.912654238467562,6.33225,12.0,50.0,54.39002703941435,16.884624962015994,4000,-15.912654238468159,5.968558980384842e-13
177,belief,-15.209705662589386,0.5298874999999869,0.14400000000000002,-15.883593162589372,6.33225,12.0,50.0,54.41908811564149,16.884624962015994,4000,-15.883593162589955,5.826450433232822e-13
177,randomised,-14.743352617361552,0.5298874999999869,0.14400000000000002,-15.417240117361539,6.33225,12.0,50.0,54.88544116646489,16.884624962015994,4000,-15.417240117362136,5.968558980384842e-13
177,naive,0.4526866802088989,0.7595575000000035,0.169,-0.4758708197911047,7.48925,13.0,73.0,66.91666666666661,31.154508314409856,4000,-0.4758708197908209,2.8377300509419e-13
178,oracle,72.65332553184146,0.5241649999999815,0.004,72.12516053184147,6.398,2.0,48.0,54.84849998947677,22.259511184185943,4000,72.12516053184109,3.836930773104541e-13
178,belief,65.83407101992793,0.3922324999999961,0.0,65.44183851992794,5.35425,0.0,48.0,54.4304138852273,22.559046408004747,4000,65.44183851992784,9.947598300641403e-14
178,randomised,68.86103033117178,0.4579350000000046,0.001,68.40209533117176,5.8835,1.0,49.0,54.468549726053,22.559046408004747,4000,68.40209533117329,1.5205614545266144e-12
178,naive,59.37210505605704,0.1602800000000037,0.0,59.21182505605704,3.282,0.0,66.0,60.499999999999936,32.419685691957014,4000,59.21182505605513,1.9042545318370685e-12
179,oracle,40.77971217006859,0.08916499999999944,0.049,40.64154717006859,2.121,7.0,69.0,63.635656466072454,22.549576927643034,4000,40.64154717006833,2.6290081223123707e-13
179,belief,42.120781283490714,0.0939999999999998,0.049,41.977781283490714,2.2665,7.0,71.0,65.80962503391024,24.083349488686924,4000,41.97778128349069,2.1316282072803006e-14
179,randomised,41.77354284555361,0.0939999999999998,0.049,41.630542845553606,2.2665,7.0,71.0,65.46238659180624,24.083349488686924,4000,41.630542845553585,2.1316282072803006e-14
179,naive,96.15829808935132,0.33867249999999993,0.169,95.65062558935132,4.82475,13.0,81.0,74.24999999999999,30.56387883198941,4000,95.65062558935111,2.1316282072803006e-13
180,oracle,85.58156020055213,0.2078350000000018,0.004,85.36972520055212,4.118,2.0,62.0,62.98753515367492,22.365282214790895,4000,85.36972520055215,2.842170943040401e-14
180,belief,96.03320863016455,0.2684949999999988,0.009000000000000001,95.75571363016455,4.628,3.0,63.0,63.80380786721046,22.389855989257782,4000,95.75571363016464,8.526512829121202e-14
180,randomised,94.00849804199134,0.25956999999999847,0.009000000000000001,93.73992804199135,4.5595,3.0,63.0,63.69113695362361,22.72414466488548,4000,93.7399280419914,5.684341886080802e-14
180,naive,128.60511768160268,1.1684424999999967,0.1,127.33667518160269,9.68875,10.0,76.0,69.66666666666663,32.90865791741197,4000,127.33667518160301,3.268496584496461e-13
181,oracle,125.71137082998871,0.30329499999999515,0.025,125.38307582998871,4.7065,5.0,81.0,65.03783890788048,10.987898362338067,4000,125.38307582999003,1.3216094885137863e-12
181,belief,133.8406809712867,0.397087499999988,0.036000000000000004,133.4075934712867,5.66425,6.0,80.0,64.14908743872893,10.987898362338067,4000,133.40759347128397,2.7284841053187847e-12
181,randomised,133.2895538143897,0.3692924999999912,0.036000000000000004,132.8842613143897,5.47075,6.0,82.0,65.25541954958344,11.080636428512028,4000,132.88426131438715,2.5579538487363607e-12
181,naive,114.20655336717925,0.2130225000000041,0.016,113.97753086717924,3.87925,4.0,68.0,62.33333333333328,13.95069127865143,4000,113.97753086718389,4.646949491871055e-12
182,oracle,21.37686462051488,0.545039999999998,0.196,20.63582462051488,5.6685,14.0,58.0,63.331950922198715,19.51468390554643,4000,20.635824620515162,2.8066438062523957e-13
182,belief,21.722051110837356,0.545039999999998,0.196,20.981011110837358,5.6685,14.0,58.0,63.67713741666313,19.51468390554643,4000,20.98101111083764,2.8066438062523957e-13
182,randomised,16.179428690871646,0.6583074999999972,0.225,15.296121190871649,6.29075,15.0,59.0,64.11177256978542,20.108917420393283,4000,15.29612119087086,7.887024366937112e-13
182,naive,13.696434394842754,0.6578400000000015,0.324,12.714594394842752,6.4185,18.0,76.0,69.66666666666663,31.146823071367752,4000,12.714594394841923,8.29558643999917e-13
183,oracle,20.908420044967215,0.053230000000003455,0.001,20.85419004496721,1.5225,1.0,43.0,42.70914999855753,16.64991943323118,4000,20.854190044966703,5.080380560684716e-13
183,belief,20.913768841707977,0.053230000000003455,0.001,20.859538841707973,1.5225,1.0,43.0,42.71449879536261,16.64991943323118,4000,20.859538841707465,5.080380560684716e-13
183,randomised,20.908420044967215,0.053230000000003455,0.001,20.85419004496721,1.5225,1.0,43.0,42.70914999855753,16.64991943323118,4000,20.854190044966703,5.080380560684716e-13
183,naive,50.321315971367255,0.09098499999999475,0.016,50.21433097136726,2.697,4.0,68.0,62.33333333333328,29.62337592726913,4000,50.21433097136756,2.984279490192421e-13
184,oracle,56.22032445704356,0.2039674999999982,0.001,56.015356957043565,3.28625,1.0,77.0,68.88513010253068,18.926427748057495,4000,56.01535695704158,1.9824142327706795e-12
184,belief,56.751497199278646,0.15723749999999717,0.004,56.590259699278654,2.94825,2.0,76.0,69.69948227115,20.030281271749242,4000,56.59025969927722,1.4352963262354024e-12
184,randomised,59.175384582364714,0.21254000000000076,0.001,58.96184458236471,3.4595,1.0,77.0,70.8812734150772,20.030281271749242,4000,58.9618445823628,1.9113599591946695e-12
184,naive,60.36867079766661,0.07773499999999829,0.001,60.289935797666615,2.11,1.0,77.0,70.5833333333333,26.19258862243125,4000,60.289935797666196,4.192202140984591e-13
185,oracle,139.34016627246706,0.17133250000000538,0.001,139.16783377246705,3.28675,1.0,47.0,49.36603325306354,15.745392472540319,4000,139.16783377247012,3.069544618483633e-12
185,belief,128.07323333552137,0.15646749999999757,0.0,127.91676583552137,2.85825,0.0,48.0,50.43302557677083,17.339494903424047,4000,127.91676583552552,4.149569576838985e-12
185,randomised,135.20813284787954,0.16238749999999974,0.0,135.04574534787955,2.98675,0.0,48.0,50.0255508193041,16.11232571537936,4000,135.04574534788375,4.206412995699793e-12
185,naive,77.6342280593426,0.07374500000000266,0.025,77.5354830593426,2.291,5.0,63.0,57.74999999999995,23.95258386280616,4000,77.53548305934494,2.3447910280083306e-12
186,oracle,99.52734278167532,0.2571824999999976,0.049,99.22116028167531,4.22775,7.0,59.0,69.08768749215866,29.276952999330454,4000,99.22116028167484,4.689582056016661e-13
186,belief,99.39789609555339,0.2571824999999976,0.049,99.09171359555339,4.22775,7.0,59.0,68.95824080448368,29.276952999330454,4000,99.09171359555292,4.689582056016661e-13
186,randomised,99.52734278167532,0.2571824999999976,0.049,99.22116028167531,4.22775,7.0,59.0,69.08768749215866,29.276952999330454,4000,99.22116028167484,4.689582056016661e-13
186,naive,126.60299524313075,0.2807599999999979,0.1,126.22223524313075,4.0415,10.0,80.0,73.33333333333331,42.10772694544345,4000,126.22223524313056,1.9895196601282805e-13
187,oracle,37.907321800403224,0.03185000000000023,0.004,37.87147180040323,1.458,2.0,58.0,53.19583429797089,13.409962142702877,4000,37.871471800400975,2.2524204723595176e-12
187,belief,38.58988207378033,0.02514499999999976,0.001,38.56373707378033,1.306,1.0,57.0,52.588568846959895,13.409962142702877,4000,38.56373707377884,1.4921397450962104e-12
187,randomised,38.12950841297409,0.030037499999999218,0.001,38.09847091297409,1.43525,1.0,59.0,54.35760199467935,13.769365132138173,4000,38.09847091297289,1.2008172234345693e-12
187,naive,24.997602802987842,0.023147499999999092,0.001,24.97345530298784,1.17175,1.0,55.0,50.416666666666636,20.09395358583942,4000,24.973455302987087,7.531752999057062e-13
188,oracle,67.35053095664932,0.19659250000001713,0.004,67.1499384566493,4.14275,2.0,44.0,48.001243157044755,14.026237597081524,4000,67.14993845665033,1.0373923942097463e-12
188,belief,67.26058335262931,0.19659250000001713,0.004,67.05999085262928,4.14275,2.0,44.0,47.9112955519456,14.026237597081524,4000,67.05999085263032,1.0373923942097463e-12
188,randomised,67.35053095664932,0.19659250000001713,0.004,67.1499384566493,4.14275,2.0,44.0,48.001243157044755,14.026237597081524,4000,67.14993845665033,1.0373923942097463e-12
188,naive,51.61089213042891,0.13016499999999537,0.004,51.47672713042891,3.1665,2.0,58.0,53.16666666666662,24.674015909570027,4000,51.47672713042841,5.044853423896711e-13
189,oracle,-6.9321282590643705,0.2132849999999957,0.064,-7.209413259064366,3.9465,8.0,66.0,67.2656917284986,19.12196355013556,4000,-7.2094132590645295,1.6342482922482304e-13
189,belief,-17.498839676758053,0.28465249999999637,0.081,-17.86449217675805,4.62875,9.0,65.0,66.72789852665784,19.12196355013556,4000,-17.864492176757633,4.156675004196586e-13
189,randomised,-17.07673323570907,0.28465249999999637,0.081,-17.442385735709067,4.62875,9.0,65.0,67.1500049727715,19.12196355013556,4000,-17.44238573570862,4.476419235288631e-13
189,naive,-88.06542691321579,0.8924974999999891,0.289,-89.24692441321578,8.02075,17.0,83.0,76.08333333333334,34.91065016913856,4000,-89.24692441321557,2.1316282072803006e-13
190,oracle,80.68063501107952,0.17345749999999552,0.036000000000000004,80.47117751107952,3.72675,6.0,68.0,63.994960485904535,16.989337947782996,4000,80.47117751108088,1.3642420526593924e-12
190,belief,79.67686774516244,0.1703899999999968,0.036000000000000004,79.47047774516244,3.6805,6.0,66.0,62.989375980091985,16.989337947782996,4000,79.47047774516375,1.3073986337985843e-12
190,randomised,80.33884862753632,0.1703899999999968,0.036000000000000004,80.13245862753632,3.6805,6.0,66.0,63.65135687040931,16.989337947782996,4000,80.13245862753763,1.3073986337985843e-12
190,naive,50.95460418519163,0.29829750000000776,0.001,50.65530668519162,3.96925,1.0,83.0,76.08333333333333,29.497806837216707,4000,50.65530668519058,1.0373923942097463e-12
191,oracle,64.04118407132603,0.03420250000000013,0.009000000000000001,63.99798157132602,1.40575,3.0,73.0,62.71207081301064,13.723662484982443,4000,63.99798157132416,1.8616219676914625e-12
191,belief,66.38554342348255,0.04049000000000247,0.009000000000000001,66.33605342348254,1.4985,3.0,75.0,64.47457940477426,13.917929872658847,4000,66.33605342348058,1.9610979506978765e-12
191,randomised,67.31805576992849,0.03912500000000219,0.009000000000000001,67.2699307699285,1.479,3.0,75.0,64.5403071333949,14.002348410409445,4000,67.26993076992639,2.1032064978498966e-12
191,naive,95.19045071728722,0.32665749999999794,0.001,94.86279321728722,5.06025,1.0,83.0,76.08333333333334,21.101248973126406,4000,94.8627932172893,2.0747847884194925e-12
192,oracle,48.269984543474834,0.1278349999999951,0.004,48.13814954347484,3.0845,2.0,68.0,54.376360095782864,6.180328239825962,4000,48.1381495434752,3.623767952376511e-13
192,belief,49.42186239478171,0.13768499999999728,0.001,49.28317739478172,3.1975,1.0,67.0,53.75334234039197,6.180328239825962,4000,49.28317739478263,9.166001291305292e-13
192,randomised,49.98979265028504,0.10804499999999431,0.004,49.877747650285045,2.893,2.0,68.0,54.37134365514817,6.180328239825962,4000,49.87774765028572,6.750155989720952e-13
192,naive,16.241545617218662,0.2685699999999906,0.1,15.872975617218673,4.4245,10.0,56.0,51.3333333333333,7.568950990724826,4000,15.872975617219932,1.2594369991347776e-12
193,oracle,45.962661707013865,0.038187500000000145,0.009000000000000001,45.915474207013865,1.51525,3.0,87.0,68.04594244352555,8.821251405976621,4000,45.91547420701301,8.526512829121202e-13
193,belief,45.8260118080741,0.038187500000000145,0.009000000000000001,45.7788243080741,1.51525,3.0,87.0,67.90929254294605,8.821251405976621,4000,45.778824308073226,8.739675649849232e-13
193,randomised,45.46252278227547,0.038187500000000145,0.009000000000000001,45.41533528227547,1.51525,3.0,87.0,67.54580351278581,8.821251405976621,4000,45.41533528227462,8.526512829121202e-13
193,naive,37.00683111431374,0.06316750000000089,0.049,36.89466361431374,1.86275,7.0,85.0,77.91666666666669,12.984280310077507,4000,36.8946636143126,1.1439738045737613e-12
194,oracle,36.43385654876447,0.04863000000000489,0.001,36.38422654876447,1.788,1.0,61.0,59.69346793716928,19.50912803905925,4000,36.38422654876378,6.892264536872972e-13
194,belief,36.46790437527079,0.04863000000000489,0.001,36.41827437527079,1.788,1.0,61.0,59.72751576408413,19.50912803905925,4000,36.4182743752701,6.892264536872972e-13
194,randomised,36.43385654876447,0.04863000000000489,0.001,36.38422654876447,1.788,1.0,61.0,59.69346793716928,19.50912803905925,4000,36.38422654876378,6.892264536872972e-13
194,naive,29.706858905800374,0.038522499999999425,0.009000000000000001,29.659336405800374,1.52425,3.0,75.0,68.74999999999996,30.040759278259433,4000,29.65933640580013,2.4513724383723456e-13
195,oracle,45.53673335669578,0.5054574999999953,0.025,45.00627585669578,6.21575,5.0,65.0,62.74648411696354,18.83680662495653,4000,45.006275856694685,1.0942358130705543e-12
195,belief,44.95685941219267,0.5404100000000023,0.049,44.36744941219267,6.4345,7.0,63.0,61.41051721082025,18.83680662495653,4000,44.367449412191256,1.4139800441625994e-12
195,randomised,45.013634432651315,0.5404100000000023,0.049,44.424224432651314,6.4345,7.0,63.0,61.46729223196082,18.83680662495653,4000,44.424224432649886,1.4281908988778014e-12
195,naive,65.47025492373245,1.415789999999972,0.289,63.76546492373248,9.808,17.0,77.0,70.5833333333333,26.88120985733204,4000,63.76546492373187,6.110667527536862e-13
196,oracle,66.00435915407459,0.08792749999999576,0.004,65.9124316540746,2.41125,2.0,58.0,59.72505500467341,28.38893186299721,4000,65.91243165407298,1.6200374375330284e-12
196,belief,65.82676129874693,0.08792749999999576,0.004,65.73483379874693,2.41125,2.0,58.0,59.54745714721437,28.38893186299721,4000,65.73483379874531,1.6200374375330284e-12
196,randomised,66.00435915407459,0.08792749999999576,0.004,65.9124316540746,2.41125,2.0,58.0,59.72505500467341,28.38893186299721,4000,65.91243165407298,1.6200374375330284e-12
196,naive,51.10375598259924,0.05810750000000258,0.009000000000000001,51.03664848259923,1.71675,3.0,65.0,59.58333333333328,32.9246373196439,4000,51.03664848259818,1.0516032489249483e-12
197,oracle,94.88007714406422,0.07116999999999885,0.004,94.80490714406422,2.2975,2.0,50.0,57.39159679403773,27.426472510302503,4000,94.80490714406481,5.968558980384842e-13
197,belief,94.62344538793386,0.07116999999999885,0.004,94.54827538793386,2.2975,2.0,50.0,57.13496503482799,27.426472510302503,4000,94.54827538793445,5.968558980384842e-13
197,randomised,94.88007714406422,0.07116999999999885,0.004,94.80490714406422,2.2975,2.0,50.0,57.39159679403773,27.426472510302503,4000,94.80490714406481,5.968558980384842e-13
197,naive,15.71024449697029,0.20896499999999585,0.081,15.420279496970295,4.0005,9.0,75.0,68.74999999999996,41.85369503859267,4000,15.420279496970476,1.8118839761882555e-13
198,oracle,64.78067599596989,0.28031999999999924,0.064,64.43635599596989,3.756,8.0,72.0,69.30206041624061,23.150177972744043,4000,64.43635599597043,5.400124791776761e-13
198,belief,65.49151845903975,0.28031999999999924,0.064,65.14719845903976,3.756,8.0,72.0,70.01290288784017,23.150177972744043,4000,65.14719845904034,5.826450433232822e-13
198,randomised,65.2795856993489,0.28031999999999924,0.064,64.9352656993489,3.756,8.0,72.0,69.80097012560628,23.150177972744043,4000,64.9352656993495,5.968558980384842e-13
198,naive,24.65599450705463,0.7736875000000009,0.14400000000000002,23.73830700705463,6.85225,12.0,80.0,73.33333333333331,30.740544084179348,4000,23.73830700705515,5.186961971048731e-13
199,oracle,54.51828017804064,0.05199500000000599,0.004,54.46228517804064,1.87,2.0,68.0,68.3515727998403,18.311977122642553,4000,54.46228517803851,2.1245227799226996e-12
199,belief,54.60191901980687,0.05199500000000599,0.004,54.54592401980687,1.87,2.0,68.0,68.43521164261017,18.311977122642553,4000,54.545924019804744,2.1245227799226996e-12
199,randomised,54.51828017804064,0.05199500000000599,0.004,54.46228517804064,1.87,2.0,68.0,68.3515727998403,18.311977122642553,4000,54.46228517803851,2.1245227799226996e-12
199,naive,59.67590450991804,0.13065249999999673,0.0,59.545252009918045,3.20275,0.0,76.0,69.66666666666663,27.483185211884518,4000,59.54525200991711,9.379164112033322e-13
200,oracle,75.89365480496366,0.18513249999999806,0.016,75.69252230496366,3.87525,4.0,66.0,62.1171995074574,14.627040961949287,4000,75.69252230496616,2.5011104298755527e-12
200,belief,65.01380777983024,0.12434249999999526,0.009000000000000001,64.88046527983025,3.23675,3.0,67.0,62.2510471282063,16.369881736632724,4000,64.88046527983172,1.4779288903810084e-12
200,randomised,75.40392749383676,0.18513249999999806,0.016,75.20279499383676,3.87525,4.0,66.0,61.62747219045421,14.627040961949287,4000,75.20279499383926,2.5011104298755527e-12
200,naive,55.37690994172715,0.19785500000000625,0.016,55.16305494172715,4.053,4.0,72.0,65.99999999999994,23.200387034828882,4000,55.16305494172851,1.3642420526593924e-12
201,oracle,119.85561928137031,0.7786950000000125,0.049,119.02792428137029,8.063,7.0,75.0,71.02467604946679,18.617336559873294,4000,119.02792428137163,1.3358203432289883e-12
201,belief,119.59640705661707,0.7786950000000125,0.049,118.76871205661705,8.063,7.0,75.0,70.7654638216019,18.617336559873294,4000,118.76871205661833,1.2789769243681803e-12
201,randomised,125.82237961948033,0.9029674999999944,0.064,124.85541211948035,8.65275,8.0,76.0,71.781788511729,19.01341704388516,4000,124.85541211948534,4.988010005035903e-12
201,naive,168.0138544176557,2.0221174999999807,0.225,165.76673691765572,13.05375,15.0,77.0,70.5833333333333,27.962665747827078,4000,165.7667369176552,5.115907697472721e-13
202,oracle,26.548502675058728,0.1393849999999983,0.036000000000000004,26.37311767505873,2.851,6.0,62.0,66.4908473938019,29.402060095716987,4000,26.373117675057685,1.0444978215673473e-12
202,belief,25.400038525423383,0.15698999999999808,0.049,25.194048525423387,2.958,7.0,61.0,65.33862385505424,29.402060095716987,4000,25.194048525422307,1.0800249583553523e-12
202,randomised,25.411873118239555,0.15698999999999808,0.049,25.20588311823956,2.958,7.0,61.0,65.35045844801287,29.402060095716987,4000,25.20588311823848,1.0800249583553523e-12
202,naive,14.502766093359753,0.10494999999999874,0.036000000000000004,14.361816093359755,2.3725,6.0,68.0,62.33333333333327,32.96718644440052,4000,14.361816093359442,3.126388037344441e-13
203,oracle,62.680012861685654,0.03169499999999989,0.001,62.64731786168566,1.48,1.0,63.0,59.51700527758825,16.195657656153305,4000,62.647317861682865,2.7924329515371937e-12
203,belief,70.06023201674967,0.04917750000000193,0.004,70.00705451674966,1.89375,2.0,64.0,60.22112376846701,16.571664668511897,4000,70.00705451674747,2.1884716261411086e-12
203,randomised,62.67630672234405,0.02805249999999963,0.001,62.64725422234405,1.37375,1.0,63.0,59.516654633248415,16.571664668511897,4000,62.6472542223412,2.8492763703980017e-12
203,naive,36.80861662437532,0.040812500000002944,0.001,36.76680412437532,1.52525,1.0,65.0,59.58333333333328,21.634013488344145,4000,36.76680412437528,4.263256414560601e-14
204,oracle,-44.86240930627207,0.24961499999999662,0.064,-45.17602430627207,4.3205,8.0,74.0,56.55472454493693,11.27747780456473,4000,-45.17602430627243,3.623767952376511e-13
204,belief,-48.73640445999342,0.29822750000000064,0.081,-49.11563195999343,4.77225,9.0,73.0,56.13561035160917,11.27747780456473,4000,-49.11563195999383,3.979039320256561e-13
204,randomised,-45.36315617947628,0.24961499999999662,0.064,-45.676771179476276,4.3205,8.0,74.0,56.05397766572419,11.27747780456473,4000,-45.67677117947664,3.623767952376511e-13
204,naive,-131.09923801289574,1.1590499999999866,0.361,-132.6192880128957,9.584,19.0,61.0,55.91666666666662,14.115288486789723,4000,-132.61928801289602,3.126388037344441e-13
205,oracle,29.35039562965386,0.05460500000000023,0.025,29.270790629653863,1.7805,5.0,53.0,49.40389614859764,12.409123580335025,4000,29.270790629654368,5.044853423896711e-13
205,belief,27.815891415057763,0.058285000000000024,0.025,27.732606415057763,1.8945,5.0,55.0,51.06312253614974,14.065817907801444,4000,27.73260641505828,5.186961971048731e-13
205,randomised,27.49360213973779,0.058285000000000024,0.025,27.41031713973779,1.8945,5.0,55.0,50.74083325696257,14.065817907801444,4000,27.410317139738307,5.186961971048731e-13
205,naive,43.20208811372538,0.20864249999999587,0.064,42.929445613725385,3.77875,8.0,58.0,53.16666666666663,19.826304022100004,4000,42.92944561372613,7.460698725481052e-13
206,oracle,59.94307641727812,0.2599775000000092,0.025,59.65809891727811,4.79975,5.0,75.0,70.68860418533899,20.02810554285425,4000,59.65809891727897,8.597567102697212e-13
206,belief,63.02581669053325,0.28617249999999567,0.036000000000000004,62.703644190533254,5.06425,6.0,74.0,70.31531659762472,20.02810554285425,4000,62.70364419053362,3.694822225952521e-13
206,randomised,59.94307641727812,0.2599775000000092,0.025,59.65809891727811,4.79975,5.0,75.0,70.68860418533899,20.02810554285425,4000,59.65809891727897,8.597567102697212e-13
206,naive,64.56486597626747,0.3831675000000036,0.064,64.11769847626748,5.70525,8.0,84.0,77.00000000000001,29.381594418188293,4000,64.11769847626681,6.679101716144942e-13
207,oracle,36.06241517252522,0.12980500000000167,0.025,35.90761017252522,3.055,5.0,51.0,57.61767876157915,21.165897064644565,4000,35.90761017252613,9.094947017729282e-13
207,belief,35.73287157129312,0.12980500000000167,0.025,35.578066571293114,3.055,5.0,51.0,57.28813515639305,21.165897064644565,4000,35.57806657129402,9.094947017729282e-13
207,randomised,37.439456630932,0.12943500000000166,0.025,37.285021630932,3.0485,5.0,53.0,58.45219666380933,22.663978780324985,4000,37.28502163093282,8.171241461241152e-13
207,naive,71.77725816652628,0.112299999999997,0.004,71.66095816652629,2.608,2.0,68.0,62.33333333333327,26.47856778024776,4000,71.66095816652644,1.5631940186722204e-13
208,oracle,28.33993169754808,0.14323999999999318,0.025,28.17169169754809,3.453,5.0,57.0,53.613576882116185,14.435392018353602,4000,28.17169169755042,2.327027459614328e-12
208,belief,28.20924226555178,0.14323999999999318,0.025,28.04100226555179,3.453,5.0,57.0,53.482887448551885,14.435392018353602,4000,28.041002265554116,2.327027459614328e-12
208,randomised,28.33993169754808,0.14323999999999318,0.025,28.17169169754809,3.453,5.0,57.0,53.613576882116185,14.435392018353602,4000,28.17169169755042,2.327027459614328e-12
208,naive,-52.3682289481535,0.7390550000000019,0.196,-53.3032839481535,7.442,14.0,66.0,60.49999999999994,20.4472708637807,4000,-53.30328394815324,2.5579538487363607e-13
209,oracle,58.39213154666547,0.0401875000000004,0.0,58.351944046665466,1.58525,0.0,60.0,61.52562287224985,25.508731801265878,4000,58.351944046663995,1.4708234630234074e-12
209,belief,58.25211225309519,0.04135500000000052,0.0,58.21075725309519,1.6445,0.0,60.0,61.38191820905261,25.508731801265878,4000,58.21075725309371,1.4779288903810084e-12
209,randomised,58.39213154666547,0.0401875000000004,0.0,58.351944046665466,1.58525,0.0,60.0,61.52562287224985,25.508731801265878,4000,58.351944046663995,1.4708234630234074e-12
209,naive,36.82815970375418,0.04514249999999951,0.036000000000000004,36.74701720375418,1.50125,6.0,80.0,73.33333333333331,36.47571838071943,4000,36.747017203753416,7.673861546209082e-13
210,oracle,57.49398746912482,0.3847199999999883,0.064,57.04526746912483,5.434,8.0,74.0,73.65728023558155,24.570328733600007,4000,57.04526746912581,9.805489753489383e-13
210,belief,57.432624517462614,0.3847199999999883,0.064,56.983904517462626,5.434,8.0,74.0,73.59591728318388,24.570328733600007,4000,56.98390451746361,9.805489753489383e-13
210,randomised,57.49398746912482,0.3847199999999883,0.064,57.04526746912483,5.434,8.0,74.0,73.65728023558155,24.570328733600007,4000,57.04526746912581,9.805489753489383e-13
210,naive,45.77808507791144,0.5117349999999907,0.049,45.217350077911455,6.376,7.0,85.0,77.91666666666667,35.51966718318155,4000,45.21735007791339,1.9326762412674725e-12
211,oracle,63.84687484998342,0.03886000000000238,0.001,63.807014849983425,1.703,1.0,43.0,42.17763410534297,12.630078471489588,4000,63.80701484998167,1.7550405573274475e-12
211,belief,83.40215581237055,0.07922250000000024,0.009000000000000001,83.31393331237055,2.52025,3.0,43.0,43.11836862722995,14.767656267280229,4000,83.31393331237032,2.2737367544323206e-13
211,randomised,79.57699672295179,0.05170000000000414,0.0,79.52529672295178,1.9025,0.0,44.0,43.354233311232036,14.914139123552781,4000,79.52529672295408,2.3021584638627246e-12
211,naive,52.54464350808553,0.03999749999999948,0.025,52.47964600808553,1.48575,5.0,55.0,50.416666666666636,18.735639203631955,4000,52.479646008084174,1.3571366253017914e-12
212,oracle,87.82725843729577,0.11644749999999925,0.064,87.64681093729578,2.74925,8.0,60.0,58.150017738071675,20.463848650327737,4000,87.64681093729581,2.842170943040401e-14
212,belief,94.40275672122698,0.16991749999999908,0.081,94.15183922122698,3.41425,9.0,61.0,59.628127461294724,20.46884380950617,4000,94.15183922122796,9.805489753489383e-13
212,randomised,87.33165019192847,0.11644749999999925,0.064,87.15120269192849,2.74925,8.0,60.0,57.65440948675751,20.463848650327737,4000,87.15120269192855,5.684341886080802e-14
212,naive,85.56163435980375,0.13077999999999718,0.049,85.38185435980374,3.0045,7.0,71.0,65.08333333333327,28.542526388842035,4000,85.38185435980373,1.4210854715202004e-14
213,oracle,90.54444080296844,1.7854549999999774,0.484,88.27498580296847,10.69,22.0,72.0,56.81756827631674,6.445268571659108,4000,88.27498580296789,5.826450433232822e-13
213,belief,85.97593391326109,1.5216399999999723,0.4,84.0542939132611,9.7975,20.0,72.0,56.68578945527451,6.755007897567315,4000,84.05429391326028,8.242295734817162e-13
213,randomised,90.56481286751841,1.8108899999999812,0.484,88.26992286751843,10.7455,22.0,72.0,56.8371922873902,6.755007897567315,4000,88.26992286751796,4.689582056016661e-13
213,naive,70.26945618380955,1.379392499999985,0.484,68.40606368380958,9.85275,22.0,70.0,64.1666666666666,12.071255534968888,4000,68.40606368381192,2.3447910280083306e-12
214,oracle,-65.57761362545693,0.24214749999999588,0.1,-65.91976112545693,4.05975,10.0,50.0,56.132254495389425,22.038065797228434,4000,-65.91976112545709,1.5631940186722204e-13
214,belief,-58.73616774239224,0.21795249999999514,0.081,-59.03512024239224,3.89975,9.0,51.0,56.595905250410425,22.255114042739052,4000,-59.03512024239253,2.913225216616411e-13
214,randomised,-68.05696344476951,0.2459499999999966,0.081,-68.3839134447695,4.24,9.0,51.0,55.765264959171446,22.158564530334523,4000,-68.38391344476891,5.968558980384842e-13
214,naive,-89.02863854834231,0.3341849999999913,0.1,-89.4628235483423,4.9475,10.0,80.0,73.33333333333331,34.61205810508192,4000,-89.46282354834308,7.815970093361102e-13
215,oracle,81.74425793901463,0.14054999999999712,0.016,81.58770793901463,3.092,4.0,74.0,66.9478783338132,17.030320851310893,4000,81.58770793901708,2.4442670110147446e-12
215,belief,72.36938883898631,0.1141499999999924,0.025,72.23023883898631,2.708,5.0,73.0,66.91334290824288,18.138020395742508,4000,72.23023883898719,8.810729923425242e-13
215,randomised,82.25351378402473,0.14054999999999712,0.016,82.09696378402474,3.092,4.0,74.0,67.45713418493382,17.030320851310893,4000,82.09696378402718,2.4442670110147446e-12
215,naive,69.04752206752732,0.11275749999999897,0.016,68.91876456752732,2.72225,4.0,76.0,69.66666666666664,24.451114482696294,4000,68.91876456752824,9.237055564881302e-13
216,oracle,69.0263061598043,0.035347500000002384,0.001,68.9899586598043,1.35325,1.0,59.0,56.8501627026669,14.707826881609424,4000,68.98995865980476,4.547473508864641e-13
216,belief,69.03353854517542,0.035347500000002384,0.001,68.99719104517541,1.35325,1.0,59.0,56.857395088124825,14.707826881609424,4000,68.99719104517585,4.405364961712621e-13
216,randomised,69.0263061598043,0.035347500000002384,0.001,68.9899586598043,1.35325,1.0,59.0,56.8501627026669,14.707826881609424,4000,68.98995865980476,4.547473508864641e-13
216,naive,65.63076743903659,0.03334750000000053,0.0,65.59741993903658,1.48175,0.0,64.0,58.666666666666615,20.11931081667764,4000,65.5974199390371,5.115907697472721e-13
217,oracle,57.02649564126796,0.2854224999999982,0.064,56.67707314126796,4.81525,8.0,70.0,66.34888424813985,13.620359918088177,4000,56.67707314126767,2.913225216616411e-13
217,belief,57.07111595716549,0.43701499999999943,0.081,56.55310095716548,6.111,9.0,71.0,68.05692152873226,13.99956798107646,4000,56.55310095716255,2.9345414986892138e-12
217,randomised,57.02649564126796,0.2854224999999982,0.064,56.67707314126796,4.81525,8.0,70.0,66.34888424813985,13.620359918088177,4000,56.67707314126767,2.913225216616411e-13
217,naive,65.73781027732895,0.1114774999999999,0.009000000000000001,65.61733277732894,2.67725,3.0,83.0,76.08333333333333,21.31810624337361,4000,65.61733277732934,3.979039320256561e-13
218,oracle,56.54037239712852,0.16110000000000632,0.009000000000000001,56.37027239712852,3.2555,3.0,73.0,68.2947955126145,19.008347511344663,4000,56.37027239712881,2.913225216616411e-13
218,belief,57.068432682476725,0.16110000000000632,0.009000000000000001,56.89833268247672,3.2555,3.0,73.0,68.82285580429891,19.008347511344663,4000,56.89833268247701,2.913225216616411e-13
218,randomised,57.03593378577932,0.16110000000000632,0.009000000000000001,56.865833785779316,3.2555,3.0,73.0,68.7903569072116,19.008347511344663,4000,56.86583378577961,2.913225216616411e-13
218,naive,57.35901340547957,0.5953700000000115,0.064,56.69964340547956,6.756,8.0,80.0,73.33333333333331,26.06385610781117,4000,56.699643405478696,8.668621376273222e-13
219,oracle,-4.320603265830869,0.5750924999999879,0.361,-5.256695765830856,6.50275,19.0,79.0,66.95696744680681,18.765046809135683,4000,-5.256695765830938,8.171241461241152e-14
219,belief,-3.8047154746318483,0.5750924999999879,0.361,-4.740807974631836,6.50275,19.0,79.0,67.47285524419607,18.765046809135683,4000,-4.740807974631932,9.592326932761353e-14
219,randomised,-3.8202766368594894,0.5750924999999879,0.361,-4.756369136859477,6.50275,19.0,79.0,67.45729408178167,18.765046809135683,4000,-4.756369136859559,8.171241461241152e-14
219,naive,0.681502859733655,0.5711974999999943,0.361,-0.25069464026633925,6.49075,19.0,79.0,72.41666666666663,27.793795340846202,4000,-0.25069464026623745,1.0180745135812685e-13
220,oracle,40.702399279979375,0.15367749999999525,0.016,40.53272177997938,3.30975,4.0,62.0,62.48777680674378,21.053918643883637,4000,40.532721779979504,1.2079226507921703e-13
220,belief,40.89654164735333,0.18072999999999434,0.025,40.690811647353335,3.5275,5.0,61.0,62.28644465321413,21.663457646273176,4000,40.69081164735308,2.5579538487363607e-13
220,randomised,39.36849863562412,0.15360249999999526,0.016,39.198896135624125,3.30825,4.0,60.0,61.15443294549293,21.053918643883637,4000,39.19889613562419,6.394884621840902e-14
220,naive,16.63791500984553,0.1477024999999991,0.036000000000000004,16.45421250984553,2.82675,6.0,78.0,71.49999999999997,32.729450107587716,4000,16.454212509844965,5.648814749292796e-13
221,oracle,75.55233971029952,0.13734499999999875,0.064,75.35099471029953,3.1535,8.0,72.0,53.673321102040184,4.461327858767773,4000,75.35099471030027,7.389644451905042e-13
221,belief,73.28163085845142,0.13270999999999517,0.049,73.09992085845143,3.2155,7.0,71.0,53.35991854775988,4.461327858767773,4000,73.09992085845177,3.410605131648481e-13
221,randomised,73.38968255935424,0.13270999999999517,0.049,73.20797255935425,3.2155,7.0,71.0,53.46797024995903,4.461327858767773,4000,73.20797255935459,3.410605131648481e-13
221,naive,82.80709186433944,0.1665124999999975,0.016,82.62457936433944,3.68775,4.0,68.0,62.33333333333327,9.742345224300024,4000,82.6245793643416,2.1600499167107046e-12
222,oracle,0.20873819674199012,0.3095174999999897,0.001,-0.10177930325799955,4.88075,1.0,67.0,59.29427386460429,12.326398804472866,4000,-0.10177930325831783,3.1827318558441675e-13
222,belief,-0.027033820385213403,0.3095174999999897,0.001,-0.3375513203852031,4.88075,1.0,67.0,59.05850184464809,12.326398804472866,4000,-0.3375513203855234,3.2029934260435766e-13
222,randomised,6.719608679282388,0.2648325000000116,0.0,6.454776179282376,4.36275,0.0,66.0,58.09909650994824,12.326398804472866,4000,6.454776179282585,2.0872192862952943e-13
222,naive,3.2154177998231717,0.20183749999999273,0.036000000000000004,2.977580299823179,3.65175,6.0,76.0,69.66666666666663,21.839203085504725,4000,2.9775802998240724,8.93507490218326e-13
223,oracle,58.90924681021113,0.1784199999999971,0.049,58.681826810211135,3.574,7.0,77.0,63.47488577190947,13.282217419017133,4000,58.68182681021053,6.039613253960852e-13
223,belief,56.87302975012358,0.1758099999999971,0.049,56.64821975012358,3.52,7.0,77.0,63.936943847789586,14.598193164766169,4000,56.64821975012313,4.476419235288631e-13
223,randomised,60.53534102092624,0.1760174999999971,0.049,60.31032352092624,3.52875,7.0,77.0,63.465689275991906,13.610911270381777,4000,60.3103235209255,7.389644451905042e-13
223,naive,60.56096672928828,0.12653749999999428,0.016,60.418429229288286,3.09075,4.0,64.0,58.66666666666661,18.70249309656343,4000,60.4184292292881,1.8474111129762605e-13
224,oracle,41.38277060404897,0.12318749999999583,0.004,41.25558310404898,2.94475,2.0,68.0,61.42052594947323,18.561945715084093,4000,41.255583104049656,6.750155989720952e-13
224,belief,40.70371206096918,0.09616499999999752,0.001,40.606547060969184,2.608,1.0,67.0,60.71761238442698,18.561945715084093,4000,40.60654706096979,6.039613253960852e-13
224,randomised,40.883450719424445,0.12318749999999583,0.004,40.756263219424454,2.94475,2.0,68.0,60.92120605885727,18.561945715084093,4000,40.75626321942513,6.750155989720952e-13
224,naive,-22.363773106657277,0.5484999999999784,0.081,-22.993273106657256,6.8555,9.0,69.0,63.249999999999936,27.30368838200437,4000,-22.99327310665658,6.750155989720952e-13
225,oracle,-46.13075306357143,0.5474049999999888,0.064,-46.742158063571424,6.2185,8.0,72.0,56.44701882368486,11.105263863611913,4000,-46.742158063571516,9.237055564881302e-14
225,belief,-44.67627422612361,0.603642499999988,0.081,-45.3609167261236,6.51025,9.0,73.0,57.65370991168164,11.248867688010165,4000,-45.3609167261231,4.973799150320701e-13
225,randomised,-45.149420285863926,0.603642499999988,0.081,-45.834062785863914,6.51025,9.0,73.0,57.18056384626321,11.248867688010165,4000,-45.83406278586346,4.547473508864641e-13
225,naive,-4.292826173534536,0.37746999999999886,0.064,-4.734296173534535,5.1255,8.0,66.0,60.49999999999994,13.787745632093582,4000,-4.734296173534485,4.973799150320701e-14
226,oracle,76.68108650820454,0.11640750000000297,0.036000000000000004,76.52867900820453,2.87775,6.0,56.0,61.441824683106056,25.52707021981095,4000,76.52867900820388,6.536993168992922e-13
226,belief,76.8757074403776,0.11640750000000297,0.036000000000000004,76.72329994037759,2.87775,6.0,56.0,61.636445617614655,25.52707021981095,4000,76.72329994037693,6.536993168992922e-13
226,randomised,84.15506642415426,0.10889749999999905,0.049,83.99716892415425,2.30825,7.0,57.0,62.12950589656589,26.43079956941177,4000,83.99716892415353,7.247535904753022e-13
226,naive,75.75627956046316,0.087,0.0,75.66927956046315,2.6195,0.0,82.0,75.16666666666666,40.62347865665412,4000,75.66927956046348,3.268496584496461e-13
227,oracle,120.98119193209092,0.10005499999999867,0.001,120.88013693209092,2.6595,1.0,59.0,65.88710320195986,27.566741343563987,4000,120.88013693209398,3.055333763768431e-12
227,belief,133.55656180637084,0.13385499999999642,0.001,133.42170680637085,3.045,1.0,59.0,65.9886640315246,27.574980592518727,4000,133.42170680636937,1.4779288903810084e-12
227,randomised,131.74930052384852,0.11888999999999848,0.001,131.62941052384852,2.821,1.0,59.0,65.89422820147176,27.827870090761564,4000,131.6294105238489,3.694822225952521e-13
227,naive,139.03230027719212,0.12456249999999315,0.049,138.85873777719212,3.02875,7.0,71.0,65.08333333333327,31.98528166453372,4000,138.8587377771909,1.2221335055073723e-12
228,oracle,38.31495393502391,0.04453500000000124,0.004,38.26641893502391,1.7605,2.0,56.0,64.8626082698497,23.08333293923355,4000,38.26641893502107,2.8350655156827997e-12
228,belief,14.612576691917809,0.06076000000000207,0.009000000000000001,14.542816691917807,2.1505,3.0,59.0,66.9617976060571,25.841804387665658,4000,14.542816691917748,5.861977570020827e-14
228,randomised,40.81579666313644,0.04803750000000088,0.009000000000000001,40.75875916313644,1.83225,3.0,59.0,66.37082314298769,25.110151061822965,4000,40.758759163133966,2.4726887204451486e-12
228,naive,-14.087422193837199,0.1835925000000035,0.016,-14.287014693837202,3.73375,4.0,76.0,69.66666666666663,33.075425871273865,4000,-14.287014693836595,6.075140390748857e-13
229,oracle,32.121239801399526,0.08512749999999467,0.0,32.036112301399534,2.54725,0.0,56.0,49.880882031316744,13.58093452247777,4000,32.03611230140015,6.181721801112872e-13
229,belief,31.90520240972711,0.09609499999999202,0.001,31.808107409727118,2.813,1.0,55.0,49.66290147898788,13.58093452247777,4000,31.8081074097283,1.1830536550405668e-12
229,randomised,31.46654289915648,0.09609499999999202,0.001,31.369447899156487,2.813,1.0,55.0,49.22424196315377,13.58093452247777,4000,31.36944789915767,1.1830536550405668e-12
229,naive,49.85849372812193,0.1482774999999941,0.001,49.70921622812194,2.75925,1.0,57.0,52.249999999999964,24.307885354547576,4000,49.70921622812129,6.465938895416912e-13
230,oracle,29.151946197160044,0.07182500000000029,0.025,29.055121197160044,2.126,5.0,61.0,56.736565429005054,18.638271891226342,4000,29.055121197159227,8.171241461241152e-13
230,belief,29.34559267877131,0.07182500000000029,0.025,29.248767678771312,2.126,5.0,61.0,56.93021191293979,18.638271891226342,4000,29.248767678770502,8.100187187665142e-13
230,randomised,29.151946197160044,0.07182500000000029,0.025,29.055121197160044,2.126,5.0,61.0,56.736565429005054,18.638271891226342,4000,29.055121197159227,8.171241461241152e-13
230,naive,29.597026503964344,0.370832499999992,0.14400000000000002,29.082194003964354,4.87925,12.0,70.0,64.1666666666666,23.98989144833464,4000,29.082194003965483,1.1297629498585593e-12
231,oracle,-0.400100775456508,0.13650500000000043,0.049,-0.5856057754565085,2.7675,7.0,57.0,55.65303242749564,14.62282886797987,4000,-0.5856057754569137,4.0523140398818214e-13
231,belief,-0.3749780351023446,0.13650500000000043,0.049,-0.5604830351023451,2.7675,7.0,57.0,55.6781551681515,14.62282886797987,4000,-0.5604830351028143,4.691802502065912e-13
231,randomised,-0.400100775456508,0.13650500000000043,0.049,-0.5856057754565085,2.7675,7.0,57.0,55.65303242749564,14.62282886797987,4000,-0.5856057754569137,4.0523140398818214e-13
231,naive,59.635897602641094,0.03746000000000122,0.0,59.59843760264109,1.5635,0.0,70.0,64.1666666666666,22.625179813807808,4000,59.59843760264085,2.4158453015843406e-13
232,oracle,56.913872782952254,0.06197750000000461,0.001,56.85089528295225,1.84725,1.0,85.0,69.21824568867983,14.012228555054069,4000,56.85089528295025,2.0037305148434825e-12
232,belief,56.98298455608092,0.06197750000000461,0.001,56.92000705608092,1.84725,1.0,85.0,69.28735746263813,14.012228555054069,4000,56.920007056078916,2.0037305148434825e-12
232,randomised,56.913872782952254,0.06197750000000461,0.001,56.85089528295225,1.84725,1.0,85.0,69.21824568867983,14.012228555054069,4000,56.85089528295025,2.0037305148434825e-12
232,naive,59.496623844816924,0.12918499999999292,0.004,59.36343884481693,2.9605,2.0,84.0,77.00000000000001,22.67774903453336,4000,59.36343884481624,6.963318810448982e-13
233,oracle,53.94301443040251,0.16031749999999986,0.064,53.718696930402515,3.11575,8.0,78.0,67.15711885428611,13.46074835295714,4000,53.718696930400675,1.8403056856186595e-12
233,belief,54.39093210968019,0.1606100000000003,0.064,54.166322109680195,3.154,8.0,78.0,67.601811698604,13.46074835295714,4000,54.16632210967827,1.9255708139098715e-12
233,randomised,53.945047188365265,0.1606800000000001,0.064,53.720367188365266,3.141,8.0,78.0,67.15726349680462,13.46074835295714,4000,53.72036718836332,1.9468870959826745e-12
233,naive,74.2873288484236,0.3169950000000006,0.001,73.96933384842359,4.801,1.0,71.0,65.08333333333327,21.22456898200797,4000,73.96933384842276,8.242295734817162e-13
234,oracle,110.00732390672285,0.054290000000000296,0.001,109.95203390672285,1.8015,1.0,59.0,61.36513718600208,20.153409057259825,4000,109.95203390672371,8.668621376273222e-13
234,belief,108.68091507921844,0.04216250000000053,0.0,108.63875257921843,1.63875,0.0,60.0,62.756753780013575,21.135224578639008,4000,108.6387525792202,1.7621459846850485e-12
234,randomised,99.59076004287036,0.0528125000000026,0.0,99.53794754287036,1.90325,0.0,56.0,58.850710947972864,20.07800984783335,4000,99.53794754287196,1.6058265828178264e-12
234,naive,53.52669706972188,0.07026250000000023,0.025,53.43143456972188,1.99675,5.0,77.0,70.5833333333333,31.422369950712653,4000,53.4314345697213,5.826450433232822e-13
235,oracle,8.820595744184743,0.21126499999999745,0.1,8.509330744184746,3.268,10.0,66.0,61.27438609256861,21.822284033030318,4000,8.509330744182297,2.4495960815329454e-12
235,belief,4.523436408879206,0.2639649999999968,0.121,4.138471408879209,3.6145,11.0,67.0,62.45773178555478,22.111105186393836,4000,4.138471408877769,1.439737218333903e-12
235,randomised,8.582242362330135,0.31281749999999686,0.121,8.148424862330137,4.17525,11.0,65.0,60.20651207276815,22.111105186393836,4000,8.148424862329536,6.004086117172847e-13
235,naive,3.0692623831048422,0.3026549999999977,0.1,2.6666073831048442,4.209,10.0,80.0,73.33333333333331,29.68889491211255,4000,2.66660738310453,3.1441516057384433e-13
236,oracle,245.35981869132348,0.30066999999999455,0.009000000000000001,245.0501486913235,4.6755,3.0,77.0,66.07407652365727,17.882674673576158,4000,245.05014869132194,1.5631940186722204e-12
236,belief,245.874189530366,0.30066999999999455,0.009000000000000001,245.56451953036603,4.6755,3.0,77.0,66.58844736887193,17.882674673576158,4000,245.56451953036446,1.5631940186722204e-12
236,randomised,245.86155361940502,0.30066999999999455,0.009000000000000001,245.55188361940503,4.6755,3.0,77.0,66.57581145775936,17.882674673576158,4000,245.55188361940347,1.5631940186722204e-12
236,naive,270.19205334953926,0.43703499999999523,0.036000000000000004,269.7190183495393,5.8685,6.0,66.0,60.49999999999994,25.45315515686233,4000,269.71901834954554,6.252776074688882e-12
237,oracle,-14.29043792910386,0.2202725000000025,0.064,-14.574710429103861,4.12525,8.0,62.0,57.05364790427303,18.993315166592033,4000,-14.574710429104424,5.631051180898794e-13
237,belief,-8.234570923320689,0.17767000000000244,0.049,-8.461240923320691,3.79,7.0,61.0,56.26003093462574,18.993315166592033,4000,-8.461240923320204,4.867217739956686e-13
237,randomised,-7.657472026278128,0.17767000000000244,0.049,-7.884142026278131,3.79,7.0,61.0,56.83712983859303,18.993315166592033,4000,-7.884142026277651,4.805045250577678e-13
237,naive,-10.10220986909735,0.5722574999999768,0.1,-10.774467369097326,7.14175,10.0,64.0,58.66666666666662,27.550241789361966,4000,-10.774467369097701,3.7481129311345285e-13
238,oracle,94.78497720556732,0.3361399999999913,0.036000000000000004,94.41283720556733,4.6885,6.0,58.0,62.454628718100324,26.968528660024077,4000,94.41283720556663,6.963318810448982e-13
238,belief,94.69853455859379,0.3361399999999913,0.036000000000000004,94.3263945585938,4.6885,6.0,58.0,62.36818607009005,26.968528660024077,4000,94.32639455859311,6.963318810448982e-13
238,randomised,94.78497720556732,0.3361399999999913,0.036000000000000004,94.41283720556733,4.6885,6.0,58.0,62.454628718100324,26.968528660024077,4000,94.41283720556663,6.963318810448982e-13
238,naive,112.99950650497635,1.0850474999999797,0.256,111.65845900497638,8.84675,16.0,82.0,75.16666666666666,40.39647422406014,4000,111.65845900497719,8.100187187665142e-13
239,oracle,67.9252458858549,0.2406900000000009,0.016,67.6685558858549,4.318,4.0,72.0,62.68290675833857,15.596442731328192,4000,67.668555885855,9.947598300641403e-14
239,belief,67.96920974904361,0.2406900000000009,0.016,67.71251974904361,4.318,4.0,72.0,62.726870622054676,15.596442731328192,4000,67.71251974904371,9.947598300641403e-14
239,randomised,68.43449625894289,0.2406900000000009,0.016,68.17780625894288,4.318,4.0,72.0,63.19215713753713,15.596442731328192,4000,68.17780625894298,9.947598300641403e-14
239,naive,66.99287649835094,0.21762250000000427,0.016,66.75925399835093,4.14175,4.0,72.0,65.99999999999996,20.47680506987607,4000,66.7592539983512,2.7000623958883807e-13
240,oracle,39.23987315281849,0.06605750000000203,0.004,39.16981565281849,2.06425,2.0,52.0,53.21187036605701,14.541249027185616,4000,39.169815652818144,3.481659405224491e-13
240,belief,49.10719229135347,0.04420750000000255,0.001,49.06198479135347,1.76875,1.0,51.0,52.50903711065923,14.665321028912926,4000,49.06198479135135,2.1174173525650986e-12
240,randomised,47.9167769080841,0.04229250000000267,0.001,47.8734844080841,1.67925,1.0,53.0,53.86003656037847,14.67456805791303,4000,47.87348440808203,2.0747847884194925e-12
240,naive,35.679793204380985,0.046872499999999526,0.025,35.60792070438099,1.62025,5.0,65.0,59.58333333333328,19.14352472137825,4000,35.60792070438085,1.3500311979441904e-13
241,oracle,44.40823094906352,0.22820000000000265,0.016,44.16403094906352,3.878,4.0,62.0,52.96200681164721,10.248999261981925,4000,44.164030949063125,3.979039320256561e-13
241,belief,42.97267156953319,0.23513999999999816,0.025,42.71253156953319,3.953,5.0,61.0,52.356007934904575,10.248999261981925,4000,42.71253156953272,4.689582056016661e-13
241,randomised,42.92754625417348,0.23513999999999816,0.025,42.66740625417348,3.953,5.0,61.0,52.310882619003145,10.248999261981925,4000,42.66740625417301,4.689582056016661e-13
241,naive,42.72001369077174,0.18780500000000647,0.016,42.516208690771734,3.7125,4.0,56.0,51.3333333333333,13.726393666705011,4000,42.516208690772295,5.613287612504791e-13
242,oracle,-54.51311105085756,0.1398149999999997,0.025,-54.67792605085756,3.3045,5.0,69.0,65.12034009599465,19.728757364017106,4000,-54.67792605085678,7.744915819785092e-13
242,belief,-54.32479723120446,0.1398149999999997,0.025,-54.489612231204454,3.3045,5.0,69.0,65.30865391790745,19.728757364017106,4000,-54.48961223120368,7.744915819785092e-13
242,randomised,-54.00776761997838,0.1398149999999997,0.025,-54.17258261997838,3.3045,5.0,69.0,65.62568353293754,19.728757364017106,4000,-54.1725826199779,4.760636329592671e-13
242,naive,22.397710718085364,0.08700499999999746,0.025,22.285705718085367,2.2715,5.0,77.0,70.5833333333333,29.353299782474924,4000,22.28570571808548,1.1368683772161603e-13
243,oracle,62.39512942115793,0.01369000000000019,0.001,62.38043942115794,0.892,1.0,67.0,72.67493690422504,32.75526644858222,4000,62.380439421155664,2.2737367544323206e-12
243,belief,84.39659633652789,0.035370000000001206,0.004,84.35722633652789,1.602,2.0,68.0,73.23540115013614,33.56372138461233,4000,84.35722633652597,1.9184653865522705e-12
243,randomised,63.49878172824417,0.01712000000000022,0.001,63.48066172824417,1.0005,1.0,67.0,71.67832589812822,33.02382524577513,4000,63.480661728242076,2.0961010704922955e-12
243,naive,179.89867080177714,0.39020999999999434,0.036000000000000004,179.47246080177715,5.7895,6.0,78.0,71.49999999999999,39.27813014544222,4000,179.47246080177527,1.8758328224066645e-12
244,oracle,48.11301827586789,0.021172500000000014,0.009000000000000001,48.08284577586789,1.09975,3.0,59.0,60.85746794281487,19.28535023719169,4000,48.08284577586555,2.3376856006507296e-12
244,belief,56.05375127659448,0.039692500000000096,0.016,55.99805877659448,1.64475,4.0,58.0,60.11158473518098,19.28535023719169,4000,55.99805877659304,1.4424017535930034e-12
244,randomised,56.14805415912207,0.039692500000000096,0.016,56.09236165912207,1.64475,4.0,58.0,60.20588761884006,19.28535023719169,4000,56.09236165912063,1.4424017535930034e-12
244,naive,24.457829348927362,0.10653249999999787,0.009000000000000001,24.342296848927365,2.69925,3.0,63.0,57.74999999999995,22.792920332749645,4000,24.342296848927838,4.725109192804666e-13
245,oracle,-36.01121579075834,0.9902150000000022,0.441,-37.442430790758344,7.1565,21.0,67.0,58.97022171915453,12.699873919170233,4000,-37.44243079075829,5.684341886080802e-14
245,belief,-37.79573776473967,1.0070125000000025,0.441,-39.243750264739674,7.21925,21.0,61.0,57.18127071071687,12.699873919170233,4000,-39.243750264739454,2.2026824808563106e-13
245,randomised,-34.86598830018261,0.9689949999999988,0.441,-36.27598330018261,7.0945,21.0,65.0,60.11119846077036,12.699873919170233,4000,-36.27598330018257,4.263256414560601e-14
245,naive,-110.55548818513216,2.7903174999999947,1.225,-114.57080568513216,12.32325,35.0,69.0,63.249999999999936,18.454942399520068,4000,-114.57080568513251,3.552713678800501e-13
246,oracle,44.98229752027413,0.18232250000000527,0.009000000000000001,44.790975020274125,3.29625,3.0,69.0,53.61499227575458,5.436759416777711,4000,44.79097502027491,7.815970093361102e-13
246,belief,45.62271282095924,0.18232250000000527,0.009000000000000001,45.43139032095923,3.29625,3.0,69.0,54.255407584124036,5.436759416777711,4000,45.431390320959586,3.552713678800501e-13
246,randomised,48.02696480077503,0.17691500000000646,0.004,47.84604980077503,3.2205,2.0,70.0,54.773120676657136,5.8189774385926425,4000,47.8460498007749,1.2789769243681803e-13
246,naive,43.86765744091281,0.05250500000000408,0.004,43.81115244091281,1.811,2.0,70.0,64.1666666666666,12.35989515664941,4000,43.81115244091223,5.755396159656812e-13
247,oracle,10.813893492541666,0.07986749999999918,0.001,10.733025992541668,2.44225,1.0,83.0,77.38432297985342,19.58989302627757,4000,10.733025992542506,8.384404281969182e-13
247,belief,9.340284496383816,0.0785674999999981,0.004,9.257716996383818,2.35075,2.0,82.0,77.70400553271513,19.65909326435438,4000,9.25771699638476,9.414691248821327e-13
247,randomised,9.519838428685688,0.08005499999999756,0.001,9.43878342868569,2.3905,1.0,83.0,77.88386033297307,19.65909326435438,4000,9.438783428686637,9.467981954003335e-13
247,naive,-2.148997824376238,0.18323250000000157,0.036000000000000004,-2.3682303243762397,3.84525,6.0,86.0,78.83333333333334,25.3046018409199,4000,-2.368230324374862,1.3775647289548942e-12
248,oracle,16.56937409646497,0.08892499999999873,0.009000000000000001,16.47144909646497,2.5335,3.0,75.0,71.58768911736648,19.353929672035054,4000,16.471449096465086,1.1723955140041653e-13
248,belief,19.228112891722134,0.0719874999999987,0.004,19.152125391722134,2.31325,2.0,74.0,70.28830304087971,19.353929672035054,4000,19.152125391722173,3.907985046680551e-14
248,randomised,19.34013317930419,0.0719874999999987,0.004,19.26414567930419,2.31325,2.0,74.0,70.40032332980576,19.353929672035054,4000,19.264145679304164,2.4868995751603507e-14
248,naive,82.2796207777663,0.0782574999999998,0.004,82.19736327776629,2.34375,2.0,84.0,77.00000000000001,29.315518641306134,4000,82.19736327776833,2.0463630789890885e-12
249,oracle,57.25134678630576,0.15852749999999421,0.025,57.06781928630577,3.51325,5.0,63.0,52.618690563278705,14.223954664544644,4000,57.06781928630573,4.263256414560601e-14
249,belief,57.273984129623216,0.15852749999999421,0.025,57.090456629623226,3.51325,5.0,63.0,52.6413279068682,14.223954664544644,4000,57.09045662962318,4.263256414560601e-14
249,randomised,57.25134678630576,0.15852749999999421,0.025,57.06781928630577,3.51325,5.0,63.0,52.618690563278705,14.223954664544644,4000,57.06781928630573,4.263256414560601e-14
249,naive,72.62309976293358,0.10202749999999589,0.004,72.51707226293358,2.78425,2.0,64.0,58.666666666666615,20.575325601490896,4000,72.51707226293328,2.984279490192421e-13
250,oracle,54.35960500741089,0.07868749999999707,0.009000000000000001,54.2719175074109,2.33675,3.0,63.0,66.06707048930524,23.205653108911406,4000,54.271917507411075,1.7763568394002505e-13
250,belief,57.83129649590205,0.08778499999999866,0.016,57.72751149590206,2.468,4.0,64.0,67.05123060942827,23.282914517062657,4000,57.72751149590308,1.0231815394945443e-12
250,randomised,53.85650014388898,0.07868749999999707,0.009000000000000001,53.768812643888985,2.33675,3.0,63.0,65.56396561974641,23.205653108911406,4000,53.76881264388916,1.7763568394002505e-13
250,naive,41.49789101445754,0.10145499999999807,0.025,41.37143601445754,2.5785,5.0,75.0,68.74999999999996,28.470093343735535,4000,41.37143601445893,1.3926637620897964e-12
251,oracle,28.4761250937149,0.17222750000000764,0.0,28.30389759371489,3.29675,0.0,78.0,59.07874374823753,3.8973267075896287,4000,28.303897593715767,8.775202786637237e-13
251,belief,28.456330872300427,0.17420250000000925,0.001,28.281128372300415,3.32775,1.0,77.0,59.05948471162655,3.8973267075896287,4000,28.28112837230126,8.455458555545192e-13
251,randomised,27.81172446076401,0.17420250000000925,0.001,27.636521960764,3.32775,1.0,77.0,58.41487829235572,3.8973267075896287,4000,27.636521960764973,9.734435479913373e-13
251,naive,36.18554106766459,0.1863925000000121,0.009000000000000001,35.990148567664576,3.64925,3.0,69.0,63.249999999999936,7.77252630409694,4000,35.9901485676652,6.252776074688882e-13
252,oracle,81.85117451897156,0.22297750000000588,0.064,81.56419701897157,4.04425,8.0,62.0,67.51548347518175,21.511385945157823,4000,81.56419701897187,2.984279490192421e-13
252,belief,76.18320684727576,0.1742224999999969,0.049,75.95998434727575,3.63475,7.0,63.0,68.46842946614626,21.93814940257039,4000,75.9599843472755,2.5579538487363607e-13
252,randomised,84.70783640275374,0.19165749999999845,0.049,84.46717890275373,3.85225,7.0,63.0,67.6132902935125,21.578564310041898,4000,84.4671789027544,6.679101716144942e-13
252,naive,66.9324222719074,0.07938749999999908,0.025,66.8280347719074,2.36775,5.0,81.0,74.24999999999999,27.97464393203377,4000,66.82803477190875,1.3500311979441904e-12
253,oracle,6.567698126316486,0.16912500000000535,0.025,6.37357312631648,3.664,5.0,49.0,57.29245557619411,22.3424482622542,4000,6.373573126316653,1.723066134218243e-13
253,belief,12.234221415261231,0.1412524999999912,0.025,12.06796891526124,3.29875,5.0,51.0,59.472318568554826,22.814180810672976,4000,12.067968915262028,7.887024366937112e-13
253,randomised,6.567698126316486,0.16912500000000535,0.025,6.37357312631648,3.664,5.0,49.0,57.29245557619411,22.3424482622542,4000,6.373573126316653,1.723066134218243e-13
253,naive,-78.47163157086084,0.542609999999987,0.064,-79.07824157086081,6.8715,8.0,72.0,65.99999999999994,36.25632513973447,4000,-79.07824157085926,1.5489831639570184e-12
254,oracle,35.82382675107243,0.1937799999999975,0.004,35.62604675107244,4.1235,2.0,64.0,56.28805275935725,11.948171596649933,4000,35.626046751072884,4.476419235288631e-13
254,belief,35.82655188467538,0.1937799999999975,0.004,35.62877188467539,4.1235,2.0,64.0,56.290777892992914,11.948171596649933,4000,35.628771884675835,4.476419235288631e-13
254,randomised,35.82382675107243,0.1937799999999975,0.004,35.62604675107244,4.1235,2.0,64.0,56.28805275935725,11.948171596649933,4000,35.626046751072884,4.476419235288631e-13
254,naive,22.597165646096414,0.11818749999999631,0.009000000000000001,22.469978146096416,3.16025,3.0,59.0,54.083333333333286,19.975006149735318,4000,22.469978146097517,1.1013412404281553e-12
255,oracle,70.62630091407607,0.13010750000000076,0.016,70.48019341407607,2.75775,4.0,86.0,73.96324587921615,17.335379383070904,4000,70.48019341407515,9.237055564881302e-13
255,belief,68.81663519326207,0.12631499999999898,0.016,68.67432019326206,2.6865,4.0,84.0,72.24597359024779,17.335379383070904,4000,68.67432019326127,7.958078640513122e-13
255,randomised,69.20270954381829,0.12631499999999898,0.016,69.06039454381828,2.6865,4.0,84.0,72.63204794543697,17.335379383070904,4000,69.06039454381751,7.673861546209082e-13
255,naive,80.85657555583316,0.4719424999999987,0.1,80.28463305583317,5.85075,10.0,84.0,77.0,24.44585259162394,4000,80.28463305583352,3.552713678800501e-13
256,oracle,94.34625536697581,0.3256024999999977,0.016,94.0046528669758,5.46125,4.0,68.0,63.56925348178361,18.890466375827266,4000,94.0046528669756,1.9895196601282805e-13
256,belief,89.43759969463662,0.25797000000000536,0.009000000000000001,89.17062969463662,4.798,3.0,67.0,62.644874096313245,18.890466375827266,4000,89.1706296946368,1.8474111129762605e-13
256,randomised,89.13653347438077,0.25797000000000536,0.009000000000000001,88.86956347438077,4.798,3.0,67.0,62.34380787244513,18.890466375827266,4000,88.86956347438095,1.8474111129762605e-13
256,naive,150.5283066069378,0.7955974999999897,0.081,149.65170910693783,8.40525,9.0,77.0,70.5833333333333,26.798939003442435,4000,149.6517091069382,3.694822225952521e-13
257,oracle,-18.520724951744683,0.30458999999999864,0.025,-18.85031495174468,4.8555,5.0,79.0,69.85050374017088,18.328111671613126,4000,-18.850314951744142,5.364597654988756e-13
257,belief,-20.95222471459101,0.3179649999999986,0.036000000000000004,-21.30618971459101,4.986,6.0,80.0,71.22742291304012,19.147969923429926,4000,-21.306189714590566,4.440892098500626e-13
257,randomised,-13.412660607919975,0.2638950000000009,0.025,-13.701555607919977,4.529,5.0,77.0,69.00758193481698,18.43509929117262,4000,-13.701555607919206,7.709388682997087e-13
257,naive,-43.401029642348135,0.417982499999992,0.064,-43.88301214234813,5.67225,8.0,84.0,77.0,26.643093892754226,4000,-43.8830121423488,6.679101716144942e-13
258,oracle,-2.707924377000552,0.4588999999999883,0.009000000000000001,-3.17582437700054,5.7515,3.0,65.0,55.17900406617779,11.555171875691544,4000,-3.1758243770012196,6.794564910705958e-13
258,belief,-2.7250185498119777,0.4588999999999883,0.009000000000000001,-3.192918549811966,5.7515,3.0,65.0,55.161909893161166,11.555171875691544,4000,-3.1929185498126595,6.936673457857978e-13
258,randomised,-3.2168370347009727,0.4588999999999883,0.009000000000000001,-3.684737034700961,5.7515,3.0,65.0,54.67009140237109,11.555171875691544,4000,-3.684737034701667,7.061018436615996e-13
258,naive,-15.705759488938043,0.5870324999999821,0.025,-16.317791988938023,6.30275,5.0,55.0,50.416666666666636,14.863098642447852,4000,-16.317791988937746,2.7711166694643907e-13
259,oracle,2.990033562995336,0.22693499999999778,0.064,2.699098562995338,4.2785,8.0,68.0,56.045049328388515,11.654378816922307,4000,2.6990985629959883,6.501466032204917e-13
259,belief,19.4396115395366,0.12824249999999604,0.036000000000000004,19.275369039536603,3.22825,6.0,68.0,55.918546067532965,11.68050585132534,4000,19.27536903953778,1.1759482276829658e-12
259,randomised,5.421303981066217,0.15183750000000198,0.049,5.2204664810662145,3.45175,7.0,71.0,58.49685433405421,12.708819823570146,4000,5.220466481067066,8.517631044924201e-13
259,naive,24.009180621753785,0.1054375000000022,0.036000000000000004,23.867743121753783,2.80825,6.0,72.0,65.99999999999994,19.39022135474386,4000,23.867743121753264,5.186961971048731e-13
260,oracle,67.13022763856759,0.5514324999999974,0.064,66.51479513856759,6.67725,8.0,76.0,70.56827663264642,20.084311947261284,4000,66.51479513856617,1.4210854715202004e-12
260,belief,64.77859123983978,0.512137499999987,0.049,64.2174537398398,6.39275,7.0,77.0,71.65140289523816,20.148735788279648,4000,64.21745373983855,1.2505552149377763e-12
260,randomised,71.31717312488126,0.6360400000000106,0.081,70.60013312488125,7.163,9.0,77.0,71.3093269372861,20.18395298864364,4000,70.60013312488154,2.8421709430404007e-13
260,naive,61.26772925666546,0.8097399999999976,0.14400000000000002,60.313989256665465,7.981,12.0,78.0,71.49999999999999,29.625257812326627,4000,60.313989256666254,7.887024366937112e-13
261,oracle,9.472872852756382,0.25920749999999676,0.064,9.149665352756385,4.40125,8.0,66.0,61.25628752277324,10.824637188326625,4000,9.149665352757056,6.714628852932947e-13
261,belief,-0.8314978883756794,0.38785999999999443,0.1,-1.319357888375674,5.4135,10.0,64.0,60.532860723594574,10.824637188326625,4000,-1.319357888375007,6.67021993194794e-13
261,randomised,-0.8137382741635975,0.38785999999999443,0.1,-1.301598274163592,5.4135,10.0,64.0,60.550620338019094,10.824637188326625,4000,-1.301598274162934,6.581402089977928e-13
261,naive,-28.283942148267897,1.0870424999999784,0.289,-29.659984648267876,9.21075,17.0,69.0,63.24999999999993,15.052099754100716,4000,-29.659984648267763,1.1368683772161603e-13
262,oracle,55.32323439017654,0.06378999999999972,0.009000000000000001,55.25044439017654,1.9345,3.0,45.0,44.05643386624237,11.097983472863948,4000,55.250444390175225,1.3145040611561853e-12
262,belief,54.79565280824403,0.06378999999999972,0.009000000000000001,54.72286280824403,1.9345,3.0,45.0,43.528852277979205,11.097983472863948,4000,54.722862808242716,1.3145040611561853e-12
262,randomised,54.82470088344468,0.06378999999999972,0.009000000000000001,54.75191088344468,1.9345,3.0,45.0,43.55790035352848,11.097983472863948,4000,54.751910883443365,1.3145040611561853e-12
262,naive,80.396719189696,0.40687249999999653,0.036000000000000004,79.95384668969601,5.66925,6.0,50.0,45.833333333333314,17.978319998499586,4000,79.95384668969473,1.2789769243681803e-12
263,oracle,-25.281558431613462,0.40715749999999384,0.064,-25.752715931613455,5.52975,8.0,72.0,62.34476748277017,14.176691695745479,4000,-25.752715931612627,8.277822871605167e-13
263,belief,-25.317135344198846,0.40715749999999384,0.064,-25.78829284419884,5.52975,8.0,72.0,62.30919056975833,14.176691695745479,4000,-25.78829284419801,8.277822871605167e-13
263,randomised,-7.978508663847606,0.25928749999999534,0.036000000000000004,-8.273796163847601,4.39225,6.0,72.0,62.20542401216023,15.260540302261749,4000,-8.273796163846681,9.201528428093297e-13
263,naive,-38.51215518180311,0.5454925000000037,0.121,-39.17864768180311,6.02375,11.0,67.0,61.41666666666661,19.693104508251533,4000,-39.17864768180175,1.3642420526593924e-12
264,oracle,53.00009316130945,0.13867499999999097,0.036000000000000004,52.82541816130946,3.3465,6.0,42.0,45.11767542988125,16.314863936854096,4000,52.82541816131224,2.7853275241795927e-12
264,belief,53.00607431204634,0.08333999999999972,0.025,52.89773431204634,2.5795,5.0,41.0,44.346656044677516,16.314863936854096,4000,52.89773431204528,1.0587086762825493e-12
264,randomised,52.49395428377636,0.13867499999999097,0.036000000000000004,52.31927928377637,3.3465,6.0,42.0,44.61153654627495,16.314863936854096,4000,52.31927928377915,2.7853275241795927e-12
264,naive,35.956721929721084,0.231507499999999,0.1,35.62521442972108,4.26375,10.0,52.0,47.66666666666664,23.35175092235218,4000,35.62521442972289,1.8047785488306545e-12
265,oracle,38.32109061334245,0.21181500000000067,0.121,37.988275613342445,3.775,11.0,51.0,45.306674591037876,6.907275739901791,4000,37.988275613343205,7.602807272633072e-13
265,belief,38.218142091904156,0.21181500000000067,0.121,37.88532709190415,3.775,11.0,51.0,45.203726068364006,6.907275739901791,4000,37.88532709190491,7.602807272633072e-13
265,randomised,37.197943650389334,0.2539574999999972,0.14400000000000002,36.79998615038934,4.04275,12.0,52.0,45.52940800828807,8.386565078740013,4000,36.79998615038913,2.0605739337042905e-13
265,naive,57.213730977462546,0.22289249999999824,0.121,56.869838477462544,3.60675,11.0,63.0,57.74999999999995,15.438869330246115,4000,56.86983847746009,2.4513724383723456e-12
266,oracle,40.188839682010354,0.05154249999999985,0.001,40.13629718201036,1.53525,1.0,57.0,55.54963991109737,19.486799402801623,4000,40.13629718201072,3.623767952376511e-13
266,belief,48.24492127269846,0.0536474999999999,0.001,48.19027377269847,1.71275,1.0,57.0,55.9440922001967,19.857854682370196,4000,48.19027377269895,4.831690603168681e-13
266,randomised,40.188839682010354,0.05154249999999985,0.001,40.13629718201036,1.53525,1.0,57.0,55.54963991109737,19.486799402801623,4000,40.13629718201072,3.623767952376511e-13
266,naive,38.353301688286024,0.14588500000000024,0.036000000000000004,38.17141668828602,3.056,6.0,68.0,62.33333333333328,30.531790414122987,4000,38.171416688285035,9.876544027065393e-13
267,oracle,46.545668436740556,0.12619249999999385,0.004,46.41547593674056,3.01475,2.0,76.0,61.775590113387175,12.842023596485477,4000,46.41547593674146,8.952838470577262e-13
267,belief,43.964001740019256,0.18475750000000196,0.001,43.778244240019255,3.66625,1.0,75.0,61.36385750800288,12.842023596485477,4000,43.778244240020236,9.805489753489383e-13
267,randomised,46.545668436740556,0.12619249999999385,0.004,46.41547593674056,3.01475,2.0,76.0,61.775590113387175,12.842023596485477,4000,46.41547593674146,8.952838470577262e-13
267,naive,59.28996100754958,0.12811999999999754,0.004,59.157841007549585,2.9225,2.0,74.0,67.83333333333329,16.512719807014484,4000,59.15784100754895,6.323830348264892e-13
268,oracle,7.825985951777739,0.05056000000000468,0.0,7.775425951777734,1.963,0.0,52.0,53.19244723634303,16.552174257848275,4000,7.775425951777515,2.1938006966593093e-13
268,belief,4.910970886557564,0.04903750000000468,0.001,4.8609333865575595,1.92075,1.0,51.0,52.959224466527395,16.552174257848275,4000,4.860933386557315,2.4424906541753444e-13
268,randomised,4.475709564958777,0.04903750000000468,0.001,4.425672064958772,1.92075,1.0,51.0,52.52396313970572,16.552174257848275,4000,4.425672064958508,2.637889906509372e-13
268,naive,-2.277951523082237,0.08093999999999993,0.0,-2.358891523082237,2.365,0.0,64.0,58.666666666666615,23.710848567398166,4000,-2.3588915230824945,2.575717417130363e-13
269,oracle,89.11513137858003,0.39119000000000104,0.064,88.65994137858004,5.676,8.0,92.0,76.10510669274855,13.210150333607952,4000,88.65994137858227,2.2311041902867146e-12
269,belief,74.52213311444075,0.3147650000000122,0.049,74.15836811444073,4.936,7.0,91.0,75.56054757936069,13.210150333607952,4000,74.15836811444001,7.247535904753022e-13
269,randomised,74.3560711282239,0.3147650000000122,0.049,73.99230612822389,4.936,7.0,91.0,75.39448559115155,13.210150333607952,4000,73.99230612822316,7.247535904753022e-13
269,naive,99.11796408036093,0.6847200000000119,0.196,98.23724408036092,7.223,14.0,84.0,77.00000000000001,16.754686830502756,4000,98.23724408036188,9.521272659185342e-13
270,oracle,67.19731199109088,0.04744750000000222,0.016,67.13386449109088,1.58325,4.0,70.0,66.71210819286104,23.203646251587642,4000,67.13386449109011,7.673861546209082e-13
270,belief,72.12645823570637,0.044432500000002075,0.016,72.06602573570636,1.53425,4.0,68.0,65.08897226281103,23.2956366863511,4000,72.06602573570567,6.963318810448982e-13
270,randomised,72.41761253330475,0.044432500000002075,0.016,72.35718003330474,1.53425,4.0,68.0,65.38012656390308,23.2956366863511,4000,72.35718003330405,6.963318810448982e-13
270,naive,87.57066812507355,0.5900849999999992,0.169,86.81158312507355,6.8295,13.0,81.0,74.24999999999999,32.17063721980387,4000,86.81158312507463,1.0800249583553523e-12
271,oracle,23.050811067932216,0.05937000000000336,0.016,22.975441067932213,2.1145,4.0,68.0,56.3801773651818,7.0271239601147615,4000,22.975441067932234,2.1316282072803006e-14
271,belief,26.57996242490526,0.0567550000000035,0.016,26.50720742490526,2.0515,4.0,68.0,56.41374638077608,7.753651328116052,4000,26.507207424904575,6.856737400084967e-13
271,randomised,31.867673225373778,0.055140000000003034,0.016,31.79653322537378,1.973,4.0,70.0,58.20868532511631,9.039496963481584,4000,31.796533225373306,4.725109192804666e-13
271,naive,55.206415303445624,0.12748499999999896,0.009000000000000001,55.069930303445624,3.1045,3.0,65.0,59.58333333333328,11.893066777018596,4000,55.06993030344525,3.765876499528531e-13
272,oracle,37.57012622237494,0.058507499999999914,0.016,37.49561872237494,1.88725,4.0,66.0,55.06432427902353,6.869927981042715,4000,37.495618722375454,5.115907697472721e-13
272,belief,35.48154730003296,0.07906500000000066,0.025,35.37748230003296,2.146,5.0,65.0,54.55738428031757,6.869927981042715,4000,35.377482300033556,5.968558980384842e-13
272,randomised,35.87562575610377,0.05223999999999984,0.009000000000000001,35.814385756103775,1.811,3.0,67.0,55.718015030837925,6.977099951929795,4000,35.81438575610419,4.121147867408581e-13
272,naive,35.454370676427004,0.036450000000001405,0.001,35.416920676427004,1.591,1.0,67.0,61.416666666666615,13.744197014565115,4000,35.416920676426436,5.684341886080801e-13
273,oracle,19.61613987282658,0.32053499999999574,0.064,19.231604872826583,3.863,8.0,64.0,63.51843163908773,22.388789076932582,4000,19.23160487282619,3.943512183468556e-13
273,belief,19.886180427577187,0.32053499999999574,0.064,19.50164542757719,3.863,8.0,64.0,63.788472197078676,22.388789076932582,4000,19.501645427576747,4.440892098500626e-13
273,randomised,20.114577715391306,0.32053499999999574,0.064,19.73004271539131,3.863,8.0,64.0,64.01686948763337,22.388789076932582,4000,19.730042715390937,3.730349362740526e-13
273,naive,16.991132432790437,0.9177674999999857,0.324,15.749364932790451,6.93525,18.0,84.0,77.0,33.64555061876076,4000,15.749364932790328,1.2256862191861728e-13
274,oracle,55.94023522348914,0.14185749999999445,0.049,55.74937772348915,3.06625,7.0,75.0,66.6461558844565,18.65351330947446,4000,55.749377723489566,4.192202140984591e-13
274,belief,55.83538590642945,0.14185749999999445,0.049,55.64452840642946,3.06625,7.0,75.0,66.54130656613887,18.65351330947446,4000,55.64452840642988,4.192202140984591e-13
274,randomised,53.17548516942941,0.11185999999999717,0.064,52.99962516942941,2.6765,8.0,76.0,67.31280042197045,20.103919151399882,4000,52.99962516942797,1.4352963262354024e-12
274,naive,52.96178534144644,0.07506500000000174,0.081,52.80572034144644,2.205,9.0,73.0,66.91666666666661,24.197162050346613,4000,52.80572034144502,1.4210854715202004e-12
275,oracle,53.90742891530704,0.1802499999999973,0.1,53.62717891530704,3.1975,10.0,72.0,55.75460025487082,5.744382859408758,4000,53.627178915307134,9.237055564881302e-14
275,belief,60.022719724168155,0.1360449999999964,0.081,59.805674724168156,2.741,9.0,69.0,53.648654207660755,5.744382859408758,4000,59.8056747241679,2.5579538487363607e-13
275,randomised,62.02594884664404,0.1770399999999979,0.1,61.74890884664404,3.0975,10.0,70.0,53.91573121643707,5.744382859408758,4000,61.74890884664317,8.739675649849232e-13
275,naive,68.50509719213221,0.26217749999999934,0.121,68.12191969213222,3.72175,11.0,69.0,63.249999999999936,16.53196886728959,4000,68.12191969213167,5.542233338928781e-13
276,oracle,33.64125657615932,0.11529499999999901,0.064,33.461961576159325,2.5685,8.0,62.0,54.49362663380849,10.997460210885365,4000,33.461961576158714,6.110667527536862e-13
276,belief,34.49503627771685,0.10893750000000053,0.064,34.322098777716846,2.48225,8.0,62.0,54.91156127733965,11.739742627918663,4000,34.322098777716164,6.821210263296962e-13
276,randomised,35.86023578539505,0.07726249999999975,0.049,35.73397328539505,2.12375,7.0,61.0,54.278532727938014,11.739742627918663,4000,35.733973285395074,2.1316282072803006e-14
276,naive,32.134393618744866,0.1929599999999957,0.081,31.86043361874487,3.4795,9.0,59.0,54.08333333333329,15.254435236283662,4000,31.860433618744064,8.064660050877137e-13
277,oracle,55.58555242255147,0.05448499999999996,0.025,55.506067422551475,1.907,5.0,59.0,52.8857579498424,15.422795620772321,4000,55.50606742255044,1.0373923942097463e-12
277,belief,55.68889735353844,0.05448499999999996,0.025,55.60941235353844,1.907,5.0,59.0,52.98910288206935,15.422795620772321,4000,55.6094123535374,1.0373923942097463e-12
277,randomised,55.58555242255147,0.05448499999999996,0.025,55.506067422551475,1.907,5.0,59.0,52.8857579498424,15.422795620772321,4000,55.50606742255044,1.0373923942097463e-12
277,naive,75.77672124862158,0.18482000000000165,0.036000000000000004,75.55590124862158,4.0015,6.0,58.0,53.16666666666663,24.311083427703895,4000,75.55590124862346,1.8758328224066645e-12
278,oracle,63.295945624495516,0.24863249999999995,0.081,62.966313124495514,4.22175,9.0,71.0,60.077268497246436,10.273882831072626,4000,62.96631312449457,9.450218385609332e-13
278,belief,63.30144524674756,0.26515749999999993,0.081,62.95528774674756,4.41325,9.0,73.0,62.43359153023738,10.320929933264795,4000,62.955287746746514,1.0444978215673473e-12
278,randomised,60.27775974077554,0.25268250000000003,0.081,59.944077240775535,4.28675,9.0,71.0,60.0758333898807,10.146171482718417,4000,59.944077240774604,9.308109838457312e-13
278,naive,74.11685988841566,0.773322500000012,0.064,73.27953738841566,8.09875,8.0,68.0,62.33333333333327,16.82956544896162,4000,73.27953738841471,9.521272659185342e-13
279,oracle,51.26568447508197,0.1636400000000008,0.009000000000000001,51.09304447508197,3.519,3.0,61.0,53.80107985433667,15.854766743079585,4000,51.09304447508252,5.542233338928781e-13
279,belief,51.25309768330902,0.1636400000000008,0.009000000000000001,51.08045768330902,3.519,3.0,61.0,53.78849306241262,15.854766743079585,4000,51.080457683309575,5.542233338928781e-13
279,randomised,51.26568447508197,0.1636400000000008,0.009000000000000001,51.09304447508197,3.519,3.0,61.0,53.80107985433667,15.854766743079585,4000,51.09304447508252,5.542233338928781e-13
279,naive,71.61417409786925,0.06563750000000064,0.0,71.54853659786926,2.05675,0.0,64.0,58.666666666666615,19.248880282426498,4000,71.54853659786899,2.7000623958883807e-13
280,oracle,54.83797809026669,0.09124250000000055,0.025,54.72173559026669,2.59075,5.0,63.0,62.0957543348458,20.46068009090713,4000,54.721735590267514,8.242295734817162e-13
280,belief,48.03184266606797,0.06054000000000167,0.016,47.95530266606797,2.0595,4.0,62.0,60.85215770355192,20.46068009090713,4000,47.95530266606787,9.947598300641403e-14
280,randomised,53.844455087236156,0.09124250000000055,0.025,53.72821258723616,2.59075,5.0,63.0,61.102231319893825,20.46068009090713,4000,53.728212587237,8.455458555545192e-13
280,naive,52.220589234199906,0.09449500000000208,0.049,52.077094234199905,2.6315,7.0,71.0,65.08333333333327,27.49710964902221,4000,52.07709423420052,6.181721801112872e-13
281,oracle,65.70096481923856,0.06511500000000062,0.001,65.63484981923855,2.227,1.0,63.0,61.05762616234641,20.183125670783173,4000,65.63484981923857,1.4210854715202004e-14
281,belief,63.039509495484765,0.03850000000000216,0.0,63.001009495484766,1.654,0.0,64.0,61.70449762725089,20.20456808401539,4000,63.00100949548133,3.439026841078885e-12
281,randomised,63.03082116355378,0.03850000000000216,0.0,62.99232116355378,1.654,0.0,64.0,61.69580929521575,20.20456808401539,4000,62.99232116355034,3.439026841078885e-12
281,naive,59.350735083410726,0.026402499999999465,0.004,59.32033258341073,1.28525,2.0,70.0,64.1666666666666,26.547407615215413,4000,59.320332583408145,2.5863755581667647e-12
282,oracle,116.03150638201214,0.24182250000000216,0.049,115.74068388201214,4.51975,7.0,65.0,61.030609125563906,20.818768822092224,4000,115.74068388201513,2.9984903449076228e-12
282,belief,116.0328223824165,0.24182250000000216,0.049,115.7419998824165,4.51975,7.0,65.0,61.0319251259842,20.818768822092224,4000,115.74199988241949,2.9984903449076228e-12
282,randomised,116.03150638201214,0.24182250000000216,0.049,115.74068388201214,4.51975,7.0,65.0,61.030609125563906,20.818768822092224,4000,115.74068388201513,2.9984903449076228e-12
282,naive,123.99175839643078,0.31309500000000035,0.081,123.59766339643078,4.873,9.0,67.0,61.41666666666661,24.614531252689986,4000,123.59766339643208,1.3073986337985843e-12
283,oracle,49.05242881367451,0.18026999999999752,0.025,48.84715881367451,3.498,5.0,65.0,57.959254642325554,10.823933704667661,4000,48.847158813674575,6.394884621840902e-14
283,belief,50.48868542630589,0.14974999999999616,0.049,50.289935426305895,3.179,7.0,63.0,56.51729079686513,11.537518737198647,4000,50.289935426305455,4.405364961712621e-13
283,randomised,51.163798837724926,0.15886750000000016,0.036000000000000004,50.968931337724925,3.32575,6.0,66.0,58.631373469479286,11.537518737198647,4000,50.96893133772511,1.8474111129762605e-13
283,naive,36.484366457679016,0.15918750000000217,0.009000000000000001,36.316178957679014,3.05925,3.0,63.0,57.74999999999994,17.373581434242116,4000,36.31617895767904,2.842170943040401e-14
284,oracle,52.4364894925078,0.0717749999999987,0.0,52.36471449250781,2.1025,0.0,76.0,58.230891633441786,6.046422830718999,4000,52.364714492508305,4.973799150320701e-13
284,belief,44.85602436674543,0.06268750000000324,0.001,44.79233686674543,2.02625,1.0,75.0,57.64101239345411,6.046422830718999,4000,44.79233686674483,5.968558980384842e-13
284,randomised,51.13512916706043,0.07214249999999865,0.0,51.06298666706043,2.11675,0.0,76.0,58.23096309840572,6.272482655908883,4000,51.06298666706071,2.8421709430404007e-13
284,naive,53.543369827421515,0.11799250000000132,0.004,53.42137732742152,2.83625,2.0,72.0,65.99999999999994,11.259637999072638,4000,53.421377327420835,6.821210263296962e-13
285,oracle,22.47883642597347,0.06327750000000236,0.004,22.411558925973466,2.04325,2.0,54.0,46.538763221333944,6.539557133914477,4000,22.41155892597401,5.435651928564766e-13
285,belief,29.126565453960836,0.060105000000002885,0.001,29.06546045396083,2.0025,1.0,55.0,47.88916326580184,6.630184580333707,4000,29.065460453960753,7.815970093361102e-14
285,randomised,21.716522187348716,0.07684999999999659,0.004,21.635672187348717,2.3915,2.0,54.0,47.049374421221636,6.539557133914477,4000,21.63567218734922,5.009326287108706e-13
285,naive,-4.765261518908346,0.29487749999999846,0.025,-5.085139018908345,4.90325,5.0,55.0,50.416666666666636,11.389277220533637,4000,-5.085139018907972,3.730349362740526e-13
286,oracle,38.16695153183491,0.2055149999999934,0.1,37.86143653183492,3.8115,10.0,64.0,68.42074218222687,27.99771848765904,4000,37.86143653183481,1.0658141036401503e-13
286,belief,37.850180580370534,0.18893999999999334,0.081,37.580240580370535,3.7085,9.0,63.0,68.1068869548496,27.99771848765904,4000,37.580240580370514,2.1316282072803006e-14
286,randomised,34.21173558485236,0.2293774999999953,0.081,33.90135808485236,4.10325,9.0,63.0,67.72947261807181,27.639970854279643,4000,33.90135808485172,6.394884621840902e-13
286,naive,45.66952301144306,0.47305500000000034,0.14400000000000002,45.05246801144306,5.941,12.0,86.0,78.83333333333334,44.24810396170786,4000,45.05246801144331,2.4868995751603507e-13
287,oracle,-69.28242217672437,0.44837500000000086,0.169,-69.89979717672436,5.1425,13.0,63.0,60.55903663637348,15.776416229913874,4000,-69.89979717672479,4.263256414560601e-13
287,belief,-63.51089748778077,0.3594474999999999,0.14400000000000002,-64.01434498778077,4.48275,12.0,64.0,60.656443301653844,15.853926803934943,4000,-64.0143449877809,1.2789769243681803e-13
287,randomised,-70.29013657568544,0.44837500000000086,0.169,-70.90751157568543,5.1425,13.0,63.0,59.551322225320796,15.776416229913874,4000,-70.90751157568603,5.968558980384842e-13
287,naive,-100.77311618708632,0.9634799999999888,0.324,-102.0605961870863,8.164,18.0,68.0,62.333333333333265,23.49705639880761,4000,-102.06059618708552,7.815970093361102e-13
288,oracle,29.836077728324625,0.03002499999999896,0.001,29.805052728324625,1.3755,1.0,71.0,63.36514214890257,16.322947372223087,4000,29.805052728324217,4.085620730620576e-13
288,belief,45.303209254979606,0.03095499999999882,0.004,45.26825425497961,1.4365,2.0,72.0,64.15256159674055,16.581656793907467,4000,45.2682542549788,8.100187187665142e-13
288,randomised,45.18684710130253,0.03095499999999882,0.004,45.151892101302536,1.4365,2.0,72.0,64.03619944166722,16.581656793907467,4000,45.151892101301726,8.100187187665142e-13
288,naive,22.52715889856927,0.049662499999999665,0.016,22.46149639856927,1.59325,4.0,74.0,67.83333333333329,23.23791197039535,4000,22.461496398569007,2.6290081223123707e-13
289,oracle,80.26446255183915,0.2628625000000012,0.001,80.00060005183914,4.61775,1.0,77.0,67.89572617907218,16.519194782199808,4000,80.00060005183951,3.694822225952521e-13
289,belief,75.13680768689905,0.19867750000001516,0.001,74.93713018689903,4.04675,1.0,77.0,67.78267877763011,17.048434008934844,4000,74.93713018690028,1.2505552149377763e-12
289,randomised,79.76072748695874,0.2628625000000012,0.001,79.49686498695874,4.61775,1.0,77.0,67.3919911081473,16.519194782199808,4000,79.49686498695911,3.694822225952521e-13
289,naive,81.9312982855767,0.21965000000000878,0.009000000000000001,81.70264828557669,4.348,3.0,81.0,74.24999999999999,28.642117417421275,4000,81.70264828557838,1.6910917111090384e-12
290,oracle,116.5412492262081,0.14006000000000032,0.004,116.39718922620808,3.033,2.0,76.0,66.27942524268325,14.022878321542809,4000,116.39718922620777,3.126388037344441e-13
290,belief,115.82760190581865,0.1571975000000026,0.009000000000000001,115.66140440581864,3.21225,3.0,75.0,65.77610544869671,14.022878321542809,4000,115.66140440581766,9.805489753489383e-13
290,randomised,99.20324349462481,0.11628749999999785,0.009000000000000001,99.07795599462482,2.71125,3.0,75.0,65.59973578416522,14.78192429500981,4000,99.07795599462234,2.4726887204451486e-12
290,naive,116.5753066659129,0.12544749999999497,0.001,116.4488591659129,2.80275,1.0,83.0,76.08333333333333,23.425061600138907,4000,116.4488591659143,1.3926637620897964e-12
291,oracle,77.57529208512415,0.5399924999999898,0.1,76.93529958512416,6.78675,10.0,68.0,62.843114284649666,17.24713268632628,4000,76.93529958512593,1.7763568394002505e-12
291,belief,77.49350198498632,0.5399924999999898,0.1,76.85350948498633,6.78675,10.0,68.0,62.7613241835309,17.24713268632628,4000,76.85350948498811,1.7763568394002505e-12
291,randomised,77.57529208512415,0.5399924999999898,0.1,76.93529958512416,6.78675,10.0,68.0,62.843114284649666,17.24713268632628,4000,76.93529958512593,1.7763568394002505e-12
291,naive,56.74440212104844,0.2917549999999947,0.036000000000000004,56.41664712104844,4.6295,6.0,66.0,60.49999999999994,20.06235925833719,4000,56.41664712104772,7.247535904753022e-13
292,oracle,33.003002985352,0.06507249999999978,0.004,32.933930485352,2.23325,2.0,54.0,54.5493670748782,16.945632730575333,4000,32.9339304853518,1.9895196601282805e-13
292,belief,33.95542585490452,0.06507249999999978,0.004,33.88635335490452,2.23325,2.0,54.0,55.50178995585897,16.945632730575333,4000,33.88635335490431,2.1316282072803006e-13
292,randomised,43.506136959918365,0.040420000000000796,0.001,43.46471695991837,1.6515,1.0,55.0,55.69383617320994,17.46617014390298,4000,43.46471695991567,2.7000623958883807e-12
292,naive,-12.370684513795027,0.4771174999999879,0.081,-12.928802013795014,6.14525,9.0,63.0,57.74999999999996,24.916281703182026,4000,-12.928802013794485,5.293543381412746e-13
293,oracle,63.54931817293898,0.038437500000002046,0.001,63.50988067293898,1.29475,1.0,47.0,49.8584658243034,15.876793905011784,4000,63.50988067293892,6.394884621840902e-14
293,belief,65.3120659482943,0.0388950000000023,0.004,65.2691709482943,1.326,2.0,48.0,50.756348845494394,16.678135698264477,4000,65.26917094829408,2.2737367544323206e-13
293,randomised,68.1864084378075,0.06796750000000051,0.004,68.1144409378075,1.97375,2.0,48.0,51.04840468729871,17.39447371784173,4000,68.1144409378055,2.0037305148434825e-12
293,naive,73.96537382104134,0.08320250000000033,0.036000000000000004,73.84617132104134,2.35575,6.0,60.0,54.99999999999996,22.653615574782503,4000,73.84617132104118,1.5631940186722204e-13
294,oracle,52.700890595505996,0.09495749999999792,0.009000000000000001,52.596933095505996,2.59875,3.0,59.0,68.91412104400965,32.33954079992541,4000,52.59693309550414,1.8545165403338615e-12
294,belief,52.56583573644019,0.09495749999999792,0.009000000000000001,52.46187823644019,2.59875,3.0,59.0,68.77906618332312,32.33954079992541,4000,52.46187823643834,1.8545165403338615e-12
294,randomised,52.700890595505996,0.09495749999999792,0.009000000000000001,52.596933095505996,2.59875,3.0,59.0,68.91412104400965,32.33954079992541,4000,52.59693309550414,1.8545165403338615e-12
294,naive,86.95299888952769,0.12556749999999922,0.004,86.82343138952768,2.79575,2.0,88.0,80.66666666666669,52.524447847497484,4000,86.82343138952824,5.542233338928781e-13
295,oracle,33.69460375093843,0.09275000000000072,0.049,33.552853750938425,2.5605,7.0,81.0,62.108283042438764,8.116323465283987,4000,33.5528537509389,4.760636329592671e-13
295,belief,40.78243943120242,0.07820250000000101,0.036000000000000004,40.668236931202415,2.35725,6.0,82.0,63.54874252851259,8.578365730685269,4000,40.66823693120271,2.984279490192421e-13
295,randomised,39.97938615331225,0.07820250000000101,0.036000000000000004,39.86518365331224,2.35725,6.0,82.0,62.745689240986614,8.578365730685269,4000,39.86518365331247,2.2737367544323206e-13
295,naive,41.52118820506212,0.08163750000000077,0.036000000000000004,41.403550705062116,2.13225,6.0,66.0,60.49999999999994,13.609426109146089,4000,41.40355070506126,8.597567102697212e-13
296,oracle,6.88226511998073,0.08930500000000002,0.016,6.776960119980729,2.5015,4.0,58.0,58.74952414539092,27.648864962766982,4000,6.776960119980666,6.306066779870889e-14
296,belief,6.862093095719956,0.08930500000000002,0.016,6.756788095719956,2.5015,4.0,58.0,58.729352120887384,27.648864962766982,4000,6.756788095719893,6.306066779870889e-14
296,randomised,6.88226511998073,0.08930500000000002,0.016,6.776960119980729,2.5015,4.0,58.0,58.74952414539092,27.648864962766982,4000,6.776960119980666,6.306066779870889e-14
296,naive,10.454119455705722,0.11928500000000138,0.036000000000000004,10.298834455705721,2.9405,6.0,74.0,67.83333333333329,34.61028330224551,4000,10.298834455705656,6.572520305780927e-14
297,oracle,53.65767560622271,0.06573249999999911,0.009000000000000001,53.582943106222714,1.98875,3.0,67.0,63.22537468261904,16.208969838273998,4000,53.582943106222,7.176481631177012e-13
297,belief,53.623830982531274,0.06573249999999911,0.009000000000000001,53.54909848253128,1.98875,3.0,67.0,63.191530058521316,16.208969838273998,4000,53.54909848253056,7.176481631177012e-13
297,randomised,51.70218255100963,0.0695774999999976,0.009000000000000001,51.62360505100963,2.11225,3.0,69.0,64.06423816245079,17.939754479927483,4000,51.62360505100897,6.608047442568932e-13
297,naive,54.73737686776434,0.06986999999999861,0.025,54.64250686776434,1.9845,5.0,69.0,63.249999999999936,24.297845275233772,4000,54.64250686776447,1.2789769243681803e-13
298,oracle,84.16407146171616,0.4342249999999887,0.025,83.70484646171617,5.6605,5.0,67.0,60.541194770956125,13.614218537244373,4000,83.70484646172012,3.950617610826157e-12
298,belief,84.0875216798729,0.4342249999999887,0.025,83.62829667987292,5.6605,5.0,67.0,60.464644988194806,13.614218537244373,4000,83.62829667987687,3.950617610826157e-12
298,randomised,83.65627113863968,0.4342249999999887,0.025,83.19704613863969,5.6605,5.0,67.0,60.03339444178623,13.614218537244373,4000,83.19704613864364,3.950617610826157e-12
298,naive,78.47022263412828,0.65279250000001,0.049,77.76843013412827,7.05225,7.0,75.0,68.74999999999994,22.69370273385936,4000,77.76843013412812,1.4210854715202004e-13
299,oracle,28.151882335336722,0.0773400000000019,0.049,28.02554233533672,2.136,7.0,47.0,49.43976960084493,16.012322993775477,4000,28.025542335335892,8.277822871605167e-13
299,belief,28.255892006603176,0.0773400000000019,0.049,28.129552006603173,2.136,7.0,47.0,49.543779273359476,16.012322993775477,4000,28.12955200660234,8.348877145181177e-13
299,randomised,28.152179559477077,0.0773400000000019,0.049,28.025839559477074,2.136,7.0,47.0,49.440066824988904,16.012322993775477,4000,28.025839559476246,8.277822871605167e-13
299,naive,21.292320783679884,0.045360000000000414,0.025,21.221960783679886,1.6515,5.0,57.0,52.249999999999964,24.366452023869723,4000,21.22196078367949,3.979039320256561e-13
300,oracle,52.491896599641905,0.10587249999999805,0.064,52.32202409964191,2.11825,8.0,76.0,66.81496595426735,12.562544025442609,4000,52.322024099641396,5.115907697472721e-13
300,belief,52.49582787145391,0.10587249999999805,0.064,52.325955371453915,2.11825,8.0,76.0,66.81889722612704,12.562544025442609,4000,52.325955371453404,5.115907697472721e-13
300,randomised,53.03730357791176,0.06573000000000018,0.036000000000000004,52.935573577911754,1.641,6.0,76.0,66.75981143224008,12.679004902494995,4000,52.93557357791052,1.2363443602225743e-12
300,naive,39.49774357504339,0.2883274999999992,0.121,39.088416075043384,4.30825,11.0,73.0,66.91666666666661,16.72664345069992,4000,39.08841607504316,2.2026824808563106e-13
301,oracle,32.25504625473877,0.028027499999999914,0.016,32.211018754738774,1.04225,4.0,54.0,59.04158020280404,18.11607772248753,4000,32.21101875473706,1.7124079931818414e-12
301,belief,32.13077659263524,0.028027499999999914,0.016,32.086749092635245,1.04225,4.0,54.0,58.91731053920935,18.11607772248753,4000,32.08674909263357,1.6768808563938364e-12
301,randomised,49.2232237149866,0.02301499999999991,0.009000000000000001,49.1912087149866,1.0785,3.0,55.0,59.19724357439363,18.357051239771824,4000,49.19120871498451,2.0889956431346945e-12
301,naive,8.806890347886679,0.08295000000000023,0.064,8.659940347886678,1.931,8.0,74.0,67.83333333333329,25.978522019320817,4000,8.65994034788626,4.1744385725905886e-13
302,oracle,40.55468720012993,0.056340000000001465,0.0,40.498347200129935,1.9895,0.0,78.0,65.5370526175653,15.166209419983266,4000,40.49834720012872,1.2150280781497713e-12
302,belief,42.67562503175945,0.03576000000000036,0.001,42.63886503175945,1.5535,1.0,77.0,64.8859826491026,15.166209419983266,4000,42.638865031757575,1.8758328224066645e-12
302,randomised,40.55958611452917,0.056340000000001465,0.0,40.50324611452917,1.9895,0.0,78.0,65.54195153202329,15.166209419983266,4000,40.50324611452794,1.2292389328649733e-12
302,naive,24.69561462468404,0.06767500000000022,0.001,24.626939624684038,2.2035,1.0,69.0,63.249999999999936,19.310156180158856,4000,24.626939624684436,3.979039320256561e-13
303,oracle,57.2966282345167,0.02714749999999876,0.001,57.26848073451671,1.31925,1.0,65.0,68.37071551346699,27.83383204550458,4000,57.268480734515855,8.526512829121202e-13
303,belief,51.67601601484125,0.030274999999998733,0.001,51.64474101484126,1.397,1.0,63.0,66.71971893956311,27.46432777491764,4000,51.644741014840314,9.450218385609332e-13
303,randomised,61.66572773313436,0.04221500000000327,0.009000000000000001,61.614512733134355,1.6845,3.0,63.0,67.05012196735595,28.09367862684993,4000,61.61451273313294,1.4139800441625994e-12
303,naive,-9.24923427727083,0.14426999999999945,0.009000000000000001,-9.402504277270829,3.388,3.0,85.0,77.91666666666667,45.08884955744023,4000,-9.402504277270728,1.0125233984581428e-13
304,oracle,29.77043641988405,0.040475000000003,0.016,29.713961419884047,1.537,4.0,70.0,63.204608803076916,12.133668763897129,4000,29.713961419883795,2.5224267119483557e-13
304,belief,30.144905658980406,0.040475000000003,0.016,30.088430658980403,1.537,4.0,70.0,63.5790780466666,12.133668763897129,4000,30.088430658980183,2.2026824808563106e-13
304,randomised,29.598003008932665,0.03791000000000281,0.009000000000000001,29.55109300893266,1.4515,3.0,69.0,63.02900956138758,12.133668763897129,4000,29.551093008932387,2.7355895326763857e-13
304,naive,39.02870779764456,0.0628725000000031,0.004,38.961835297644555,1.97075,2.0,70.0,64.1666666666666,19.15461452874997,4000,38.96183529764368,8.739675649849232e-13
305,oracle,-54.583461481560335,0.32879499999999795,0.049,-54.96125648156033,4.5575,7.0,55.0,56.99781169161178,21.861288783985536,4000,-54.96125648156069,3.552713678800501e-13
305,belief,-54.702561094066255,0.32879499999999795,0.049,-55.08035609406625,4.5575,7.0,55.0,56.87871207767653,21.861288783985536,4000,-55.08035609406662,3.694822225952521e-13
305,randomised,-64.04721745598272,0.4045149999999948,0.064,-64.5157324559827,5.059,8.0,56.0,57.73906060428776,22.435057618047832,4000,-64.51573245598264,5.684341886080802e-14
305,naive,-163.91400664801995,1.6826674999999607,0.256,-165.8526741480199,11.29925,16.0,78.0,71.49999999999997,33.559225384724286,4000,-165.85267414801947,4.263256414560601e-13
306,oracle,54.540949734497914,0.0389775000000013,0.001,54.500972234497915,1.62325,1.0,87.0,71.0558442773972,11.892099546101193,4000,54.50097223449682,1.0942358130705543e-12
306,belief,58.76159398491015,0.036097500000001774,0.004,58.72149648491015,1.55275,2.0,86.0,70.88824216079013,11.892099546101193,4000,58.721496484908705,1.4424017535930034e-12
306,randomised,58.762338793280406,0.036097500000001774,0.004,58.722241293280405,1.55275,2.0,86.0,70.88898696916937,11.892099546101193,4000,58.72224129327896,1.4424017535930034e-12
306,naive,33.063008821363724,0.05910500000000032,0.009000000000000001,32.99490382136372,1.803,3.0,85.0,77.91666666666667,24.21165301858203,4000,32.99490382136334,3.836930773104541e-13
307,oracle,57.50805438065521,0.16942500000000021,0.036000000000000004,57.30262938065521,3.243,6.0,80.0,69.00893036818776,17.836387379690787,4000,57.30262938065624,1.0302869668521453e-12
307,belief,60.98668841966298,0.16129499999999905,0.025,60.80039341966299,3.2125,5.0,79.0,68.09738239979063,17.8877912314022,4000,60.800393419664594,1.6058265828178264e-12
307,randomised,62.04456222829509,0.1530524999999988,0.025,61.86650972829509,3.12175,5.0,81.0,69.15406071374417,17.8877912314022,4000,61.86650972829681,1.7195134205394424e-12
307,naive,44.7071530405218,0.2329250000000006,0.064,44.4102280405218,3.8495,8.0,86.0,78.83333333333334,24.390336735581098,4000,44.410228040519954,1.8474111129762605e-12
308,oracle,55.92980373717691,0.14232749999999147,0.001,55.78647623717692,3.10175,1.0,65.0,58.92147910343812,12.813064616111458,4000,55.78647623717885,1.9326762412674725e-12
308,belief,55.643921099092694,0.20336000000000173,0.0,55.44056109909269,3.692,0.0,64.0,58.249985056693376,12.813064616111458,4000,55.44056109909308,3.907985046680551e-13
308,randomised,54.601216743705606,0.240387499999997,0.0,54.36082924370561,3.96975,0.0,62.0,56.481792632949286,12.757279945877531,4000,54.360829243704245,1.3642420526593924e-12
308,naive,63.10763656288093,0.32032999999999906,0.0,62.78730656288093,4.3,0.0,68.0,62.33333333333327,16.685671326731224,4000,62.78730656288099,6.394884621840902e-14
309,oracle,37.539007014914915,0.05990500000000302,0.001,37.47810201491492,2.027,1.0,55.0,55.692817086660185,20.685889503595362,4000,37.47810201491444,4.760636329592671e-13
309,belief,24.98435702934698,0.06835250000000062,0.001,24.91500452934698,2.04075,1.0,53.0,53.90668104761033,20.36226236549099,4000,24.915004529346383,5.968558980384842e-13
309,randomised,36.20740162238954,0.059745000000003004,0.001,36.14665662238954,2.011,1.0,53.0,54.359469886897315,20.685889503595362,4000,36.14665662238899,5.542233338928781e-13
309,naive,-63.4042135768409,0.8555024999999881,0.169,-64.42871607684089,8.21425,13.0,67.0,61.41666666666661,28.65522628784241,4000,-64.42871607684042,4.689582056016661e-13
310,oracle,37.9156433825856,0.020342499999998966,0.0,37.8953008825856,1.09075,0.0,52.0,49.67729610733244,15.307935722473896,4000,37.8953008825846,1.0018652574217413e-12
310,belief,23.243453694120817,0.02570999999999946,0.001,23.216743694120815,1.264,1.0,53.0,50.842363102527074,16.463560245168207,4000,23.21674369412065,1.6342482922482304e-13
310,randomised,38.227402019952606,0.019317499999999613,0.0,38.20808451995261,0.98825,0.0,52.0,49.17524549792566,15.404965806137373,4000,38.208084519951555,1.0516032489249483e-12
310,naive,-17.363595293749086,0.06859999999999872,0.016,-17.448195293749084,2.151,4.0,62.0,56.833333333333286,25.06695990702808,4000,-17.448195293748995,8.881784197001252e-14
311,oracle,48.2671831468011,0.0538375000000041,0.009000000000000001,48.204345646801094,1.75925,3.0,61.0,57.209291827680765,22.57205756518691,4000,48.20434564679962,1.4779288903810084e-12
311,belief,48.276793702797136,0.0538375000000041,0.009000000000000001,48.21395620279713,1.75925,3.0,61.0,57.21890238379212,22.57205756518691,4000,48.21395620279565,1.4779288903810084e-12
311,randomised,48.2671831468011,0.0538375000000041,0.009000000000000001,48.204345646801094,1.75925,3.0,61.0,57.209291827680765,22.57205756518691,4000,48.20434564679962,1.4779288903810084e-12
311,naive,55.809032129737545,0.14461249999999415,0.009000000000000001,55.65541962973755,3.13925,3.0,75.0,68.74999999999997,31.763166057829537,4000,55.65541962973582,1.7337242752546445e-12
312,oracle,49.386339764483125,0.06377749999999952,0.016,49.30656226448313,1.95725,4.0,58.0,58.73992517228859,17.239376036701696,4000,49.30656226448329,1.6342482922482304e-13
312,belief,45.97829184118018,0.1412950000000013,0.036000000000000004,45.80099684118018,3.0485,6.0,58.0,59.38463491836265,17.266726779239853,4000,45.800996841180044,1.3500311979441904e-13
312,randomised,46.31354968655177,0.09756500000000069,0.016,46.199984686551765,2.5955,4.0,58.0,58.77139146206582,17.9691202165631,4000,46.19998468655139,3.765876499528531e-13
312,naive,51.277866004465864,0.1543574999999952,0.025,51.09850850446587,3.08225,5.0,71.0,65.08333333333327,27.103898852728076,4000,51.098508504464824,1.0444978215673473e-12
313,oracle,51.24844689591694,0.06231000000000558,0.004,51.18213689591694,2.015,2.0,66.0,72.06466101374069,35.30288522209304,4000,51.18213689591473,2.2097879082139116e-12
313,belief,51.11920599167726,0.06231000000000558,0.004,51.05289599167726,2.015,2.0,66.0,71.93542010795005,35.30288522209304,4000,51.05289599167505,2.2097879082139116e-12
313,randomised,51.24844689591694,0.06231000000000558,0.004,51.18213689591694,2.015,2.0,66.0,72.06466101374069,35.30288522209304,4000,51.18213689591473,2.2097879082139116e-12
313,naive,40.30620201358076,0.12795499999999604,0.0,40.178247013580766,3.009,0.0,86.0,78.83333333333336,47.83129294292496,4000,40.17824701358038,3.836930773104541e-13
314,oracle,23.872474431996352,0.30909749999999114,0.081,23.48237693199636,5.06125,9.0,51.0,49.35048631362948,13.505978806670578,4000,23.482376931996555,1.9539925233402755e-13
314,belief,24.34578641366545,0.30909749999999114,0.081,23.95568891366546,5.06125,9.0,51.0,49.82379830097788,13.505978806670578,4000,23.955688913665654,1.9539925233402755e-13
314,randomised,24.87222246655483,0.30909749999999114,0.081,24.48212496655484,5.06125,9.0,51.0,50.35023436018429,13.505978806670578,4000,24.482124966555045,2.0605739337042905e-13
314,naive,23.383238064524903,1.2064350000000192,0.169,22.007803064524882,10.2335,13.0,59.0,54.08333333333329,21.68743627890539,4000,22.007803064525053,1.7053025658242404e-13
315,oracle,68.72100385937279,0.3824199999999949,0.14400000000000002,68.19458385937278,5.857,12.0,58.0,56.55093869432475,15.058418220757547,4000,68.19458385937196,8.242295734817162e-13
315,belief,68.56829825639056,0.3824199999999949,0.14400000000000002,68.04187825639056,5.857,12.0,58.0,56.39823308950919,15.058418220757547,4000,68.04187825638974,8.242295734817162e-13
315,randomised,68.23367160470434,0.3824199999999949,0.14400000000000002,67.70725160470434,5.857,12.0,58.0,56.06360643380861,15.058418220757547,4000,67.70725160470322,1.1226575225009583e-12
315,naive,64.84960563733239,0.8361849999999789,0.225,63.788420637332415,8.447,15.0,61.0,55.91666666666663,21.09882399968978,4000,63.7884206373355,3.083755473198835e-12
316,oracle,56.18485639798769,0.03712750000000125,0.009000000000000001,56.13872889798768,1.32375,3.0,61.0,60.158091410138326,15.436688188402172,4000,56.138728897986425,1.2576606422953773e-12
316,belief,56.52479326091179,0.03712750000000125,0.009000000000000001,56.47866576091179,1.32375,3.0,61.0,60.498028277141515,15.436688188402172,4000,56.47866576091053,1.2576606422953773e-12
316,randomised,56.18485639798769,0.03712750000000125,0.009000000000000001,56.13872889798768,1.32375,3.0,61.0,60.158091410138326,15.436688188402172,4000,56.138728897986425,1.2576606422953773e-12
316,naive,53.970759740059776,0.02788249999999992,0.001,53.94187724005978,1.26775,1.0,69.0,63.249999999999936,21.548397097233604,4000,53.941877240056954,2.8279600883251987e-12
317,oracle,29.224064073943794,0.169065000000004,0.009000000000000001,29.04599907394379,3.401,3.0,41.0,40.968777524333426,12.33591434431139,4000,29.04599907394504,1.2505552149377763e-12
317,belief,29.35563831966374,0.169065000000004,0.009000000000000001,29.177573319663736,3.401,3.0,41.0,41.10035177163217,12.33591434431139,4000,29.177573319664987,1.2505552149377763e-12
317,randomised,35.348889707125466,0.11533999999999743,0.004,35.22954970712547,2.8155,2.0,42.0,41.58744279685387,12.471706714362071,4000,35.22954970712597,4.973799150320701e-13
317,naive,90.25143590384829,0.09307749999999604,0.016,90.14235840384829,2.25825,4.0,60.0,54.99999999999996,23.254068296303075,4000,90.14235840385012,1.8332002582610585e-12
318,oracle,38.4301885201445,0.11532499999999876,0.001,38.3138635201445,2.9245,1.0,83.0,65.89817637484535,7.70937041438656,4000,38.31386352014529,7.887024366937112e-13
318,belief,38.50196526324697,0.11532499999999876,0.001,38.38564026324698,2.9245,1.0,83.0,65.96995311880922,7.70937041438656,4000,38.38564026324771,7.318590178329032e-13
318,randomised,31.57420520631686,0.15542500000000223,0.0,31.41878020631686,3.3655,0.0,84.0,66.59092353152106,9.190119185599919,4000,31.418780206318285,1.4246381851990009e-12
318,naive,33.89004351233916,0.3264424999999979,0.036000000000000004,33.52760101233916,4.24725,6.0,74.0,67.83333333333329,13.2915635284158,4000,33.52760101233837,7.887024366937112e-13
319,oracle,32.61277304084604,0.25477000000000277,0.121,32.237003040846034,4.2525,11.0,57.0,60.20369019405797,22.029341776765598,4000,32.23700304084512,9.166001291305292e-13
319,belief,16.06075618335035,0.25495999999999897,0.14400000000000002,15.66179618335035,4.138,12.0,58.0,61.89559496014928,24.19980134114915,4000,15.661796183350814,4.636291350834654e-13
319,randomised,33.610953385134394,0.2150600000000069,0.1,33.295893385134384,3.7905,10.0,58.0,60.81564839734203,22.444787919250484,4000,33.29589338513283,1.5560885913146194e-12
319,naive,21.98342405364474,0.272430000000001,0.169,21.54199405364474,4.1995,13.0,75.0,68.74999999999996,32.75215372860839,4000,21.54199405364537,6.323830348264892e-13
320,oracle,35.94876286922704,0.3218024999999946,0.121,35.50596036922704,3.69675,11.0,63.0,54.402521668788786,16.22900035514549,4000,35.50596036922718,1.4210854715202004e-13
320,belief,34.15654632239489,0.3122974999999975,0.1,33.74424882239489,3.65675,10.0,64.0,54.952697571306054,16.50301719845663,4000,33.74424882239467,2.2026824808563106e-13
320,randomised,34.240281928444574,0.3122974999999975,0.1,33.82798442844457,3.65675,10.0,64.0,55.03643317835996,16.50301719845663,4000,33.82798442844435,2.2026824808563106e-13
320,naive,57.96598024891841,0.3916774999999998,0.14400000000000002,57.430302748918415,4.83975,12.0,66.0,60.49999999999994,25.51795456471518,4000,57.43030274891925,8.384404281969182e-13
321,oracle,77.31545211957774,0.11232749999999639,0.016,77.18712461957774,2.87025,4.0,40.0,40.756780567207535,15.171520681575306,4000,77.18712461957641,1.3358203432289883e-12
321,belief,82.21818980719456,0.123784999999996,0.025,82.06940480719456,3.0275,5.0,41.0,41.806806693973236,15.382677124459267,4000,82.06940480719379,7.673861546209082e-13
321,randomised,77.31545211957774,0.11232749999999639,0.016,77.18712461957774,2.87025,4.0,40.0,40.756780567207535,15.171520681575306,4000,77.18712461957641,1.3358203432289883e-12
321,naive,78.53826476610622,0.11849249999999337,0.001,78.41877226610623,2.80675,1.0,57.0,52.249999999999964,24.48704429375913,4000,78.41877226610612,1.1368683772161603e-13
322,oracle,36.095972863427505,0.2135550000000117,0.036000000000000004,35.84641786342749,4.374,6.0,60.0,62.61981154630072,19.22975116850232,4000,35.846417863429636,2.1458390619955026e-12
322,belief,36.26058462143982,0.209692500000013,0.025,36.02589212143981,4.32675,5.0,61.0,63.64579824169491,20.067935699512777,4000,36.025892121441835,2.0250467969162855e-12
322,randomised,35.88656857903777,0.209692500000013,0.025,35.65187607903776,4.32675,5.0,61.0,63.271782194804906,20.067935699512777,4000,35.65187607903979,2.0250467969162855e-12
322,naive,34.36281344898934,0.09826749999999519,0.0,34.264545948989344,2.67875,0.0,72.0,65.99999999999994,27.678484342519535,4000,34.264545948988896,4.476419235288631e-13
323,oracle,57.41194247993384,0.059872500000004304,0.001,57.35106997993384,1.80575,1.0,77.0,59.85161133444604,10.26811767582984,4000,57.35106997993262,1.2221335055073723e-12
323,belief,66.12973619307078,0.062935000000005,0.004,66.06280119307077,1.8385,2.0,78.0,61.46675227966663,13.391044482569443,4000,66.0628011930693,1.4637180356658064e-12
323,randomised,60.17211787269652,0.05899000000000492,0.001,60.11212787269652,1.7005,1.0,77.0,60.34847928887944,13.13846073137102,4000,60.11212787269487,1.6484591469634324e-12
323,naive,75.71957698435224,0.03158249999999937,0.009000000000000001,75.67899448435224,1.46375,3.0,75.0,68.74999999999996,20.295530071533076,4000,75.67899448435021,2.0321522242738865e-12
324,oracle,56.519159955508286,0.09792249999999686,0.004,56.41723745550829,2.64875,2.0,82.0,67.23126570298065,13.713030819448619,4000,56.41723745550814,1.4921397450962104e-13
324,belief,58.899852218615976,0.07468749999999921,0.004,58.82116471861598,2.29325,2.0,80.0,66.34308798568894,13.713030819448619,4000,58.82116471861533,6.536993168992922e-13
324,randomised,58.945279614512884,0.07635749999999916,0.004,58.864922114512886,2.32725,2.0,80.0,66.3903457796581,13.713030819448619,4000,58.86492211451256,3.268496584496461e-13
324,naive,63.925809603772336,0.29207749999999516,0.016,63.61773210377234,4.72475,4.0,78.0,71.49999999999997,23.241959965586645,4000,63.617732103771694,6.465938895416912e-13
325,oracle,102.8802435600569,0.4253049999999822,0.121,102.33393856005692,5.608,11.0,69.0,61.43329374918736,17.25835343561552,4000,102.3339385600589,1.9753088054130785e-12
325,belief,103.15730702542623,0.4253049999999822,0.121,102.61100202542626,5.608,11.0,69.0,61.710357217881096,17.25835343561552,4000,102.61100202542823,1.9753088054130785e-12
325,randomised,102.8802435600569,0.4253049999999822,0.121,102.33393856005692,5.608,11.0,69.0,61.43329374918736,17.25835343561552,4000,102.3339385600589,1.9753088054130785e-12
325,naive,138.02478142924292,1.4243574999999888,0.441,136.15942392924293,9.73725,21.0,73.0,66.91666666666661,27.041500745960988,4000,136.15942392924472,1.7905676941154525e-12
326,oracle,54.9171250196388,0.19127000000000416,0.001,54.7248550196388,3.815,1.0,59.0,63.89287221985713,24.77395229253305,4000,54.72485501963899,1.8474111129762605e-13
326,belief,54.847503822838576,0.19127000000000416,0.001,54.655233822838575,3.815,1.0,59.0,63.82325102222137,24.77395229253305,4000,54.655233822838774,1.9895196601282805e-13
326,randomised,54.973313885037356,0.165935000000005,0.001,54.806378885037354,3.563,1.0,61.0,64.22105481372103,26.156066874322267,4000,54.80637888503751,1.5631940186722204e-13
326,naive,113.87529641619585,0.6585399999999976,0.064,113.15275641619586,7.6625,8.0,76.0,69.66666666666663,30.77517934946525,4000,113.15275641619708,1.2221335055073723e-12
327,oracle,55.49355624000822,0.15397749999999757,0.016,55.32357874000822,3.03925,4.0,56.0,58.97601439999372,26.65125825141563,4000,55.32357874000673,1.4921397450962104e-12
327,belief,52.388758827782965,0.1078450000000004,0.004,52.27691382778297,2.6505,2.0,56.0,58.67312790912521,26.87447963283371,4000,52.2769138277832,2.2737367544323206e-13
327,randomised,50.874719371360925,0.1210900000000017,0.009000000000000001,50.74462937136092,2.7775,3.0,55.0,57.776016016122846,26.65125825141563,4000,50.74462937136056,3.623767952376511e-13
327,naive,29.05210448469296,0.1294374999999999,0.004,28.91866698469296,3.21875,2.0,74.0,67.83333333333329,34.54406883142862,4000,28.91866698469399,1.0302869668521453e-12
328,oracle,89.35567225448204,0.21999749999999746,0.009000000000000001,89.12667475448205,3.98575,3.0,63.0,68.67931743081147,21.98210819075116,4000,89.12667475448214,8.526512829121202e-14
328,belief,96.0647465934241,0.28073249999999556,0.016,95.7680140934241,4.59575,4.0,64.0,69.57313388235124,22.42009291619654,4000,95.76801409342362,4.831690603168681e-13
328,randomised,90.22587821565239,0.2124475,0.004,90.00943071565239,3.90825,2.0,64.0,69.33392689756054,22.10629283338267,4000,90.00943071565268,2.984279490192421e-13
328,naive,105.6197463321297,0.5918274999999915,0.1,104.9279188321297,6.74475,10.0,86.0,78.83333333333334,41.880952028045016,4000,104.92791883212985,1.4210854715202004e-13
329,oracle,38.56717541336798,0.05445749999999984,0.025,38.48771791336798,1.88525,5.0,51.0,49.08503989838396,14.661735717159992,4000,38.48771791336786,1.2079226507921703e-13
329,belief,42.313808238589104,0.09501249999999713,0.036000000000000004,42.18279573858911,2.62425,6.0,50.0,48.44541390167703,14.661735717159992,4000,42.18279573859063,1.5205614545266144e-12
329,randomised,38.56717541336798,0.05445749999999984,0.025,38.48771791336798,1.88525,5.0,51.0,49.08503989838396,14.661735717159992,4000,38.48771791336786,1.2079226507921703e-13
329,naive,22.3143183265704,0.0677349999999993,0.049,22.197583326570403,1.8815,7.0,59.0,54.083333333333286,25.292301075860802,4000,22.197583326570992,5.897504706808832e-13
330,oracle,72.99899395280033,0.07442999999999779,0.016,72.90856395280034,2.075,4.0,58.0,59.2400012813109,18.82418526936516,4000,72.90856395280194,1.6058265828178264e-12
330,belief,72.49938255539433,0.06425250000000006,0.009000000000000001,72.42613005539434,1.91375,3.0,59.0,61.70416077146519,19.725705582845624,4000,72.42613005539539,1.0516032489249483e-12
330,randomised,73.32304743372384,0.07277749999999793,0.009000000000000001,73.24126993372384,2.05225,3.0,57.0,59.5647643498878,18.82418526936516,4000,73.24126993372533,1.4921397450962104e-12
330,naive,94.01645737176432,0.5920750000000011,0.14400000000000002,93.28038237176432,6.8695,12.0,72.0,65.99999999999994,30.129174994961495,4000,93.28038237176521,8.952838470577262e-13
331,oracle,33.865990390812726,0.07328250000000165,0.009000000000000001,33.78370789081272,2.34225,3.0,77.0,77.37008518841235,20.038135590584943,4000,33.7837078908132,4.760636329592671e-13
331,belief,50.68551785858671,0.08508500000000083,0.004,50.59643285858671,2.557,2.0,78.0,78.85754815935385,20.135591019601332,4000,50.59643285858654,1.7053025658242404e-13
331,randomised,21.523767161197043,0.08596500000000012,0.009000000000000001,21.42880216119704,2.5515,3.0,77.0,76.87118043197256,20.40391803897997,4000,21.428802161197325,2.8421709430404007e-13
331,naive,95.98527155579076,0.1065249999999981,0.001,95.87774655579075,2.3905,1.0,87.0,79.75000000000001,25.840373339692807,4000,95.87774655579196,1.2079226507921703e-12
332,oracle,96.37869225934583,0.051727500000002584,0.004,96.32296475934582,1.68075,2.0,78.0,75.53157850824293,26.532811165679423,4000,96.32296475934871,2.8848035071860068e-12
332,belief,96.40807897114726,0.051727500000002584,0.004,96.35235147114726,1.68075,2.0,78.0,75.56096522039722,26.532811165679423,4000,96.35235147115014,2.8848035071860068e-12
332,randomised,113.2873870441895,0.08345749999999445,0.009000000000000001,113.1949295441895,2.32325,3.0,79.0,76.21028007727108,26.67916941685681,4000,113.19492954418746,2.0463630789890885e-12
332,naive,119.15396457047015,0.10057249999999825,0.009000000000000001,119.04439207047015,2.64875,3.0,91.0,83.4166666666667,34.38402006644891,4000,119.04439207047142,1.2647660696529783e-12
333,oracle,28.923028872875648,0.12277499999999392,0.009000000000000001,28.791253872875654,3.059,3.0,61.0,58.237259425634306,13.836800057600426,4000,28.791253872877743,2.0889956431346945e-12
333,belief,27.083534054709787,0.17156250000000764,0.009000000000000001,26.90297155470978,3.62375,3.0,59.0,56.77729238356929,13.387246672924887,4000,26.902971554711222,1.4424017535930034e-12
333,randomised,26.722456358849854,0.17156250000000764,0.009000000000000001,26.541893858849846,3.62375,3.0,59.0,56.416214683376296,13.387246672924887,4000,26.54189385885129,1.4424017535930034e-12
333,naive,20.965992863331167,0.6145049999999938,0.225,20.12648786333117,6.539,15.0,71.0,65.08333333333327,21.41159579081275,4000,20.126487863331267,9.592326932761353e-14
334,oracle,78.45108085890342,0.309802499999998,0.1,78.04127835890343,4.61275,10.0,62.0,49.16462645748195,4.227491264632241,4000,78.0412783589031,3.268496584496461e-13
334,belief,79.5881893654564,0.298294999999995,0.081,79.2088943654564,4.5585,9.0,63.0,49.89392135761936,4.38098178755685,4000,79.2088943654572,7.958078640513122e-13
334,randomised,79.4956221887328,0.298294999999995,0.081,79.1163271887328,4.5585,9.0,63.0,49.80135417978458,4.38098178755685,4000,79.11632718873359,7.958078640513122e-13
334,naive,81.67274060923842,0.2880349999999977,0.081,81.30370560923842,4.4655,9.0,55.0,50.416666666666636,8.307043269593734,4000,81.30370560924048,2.0605739337042905e-12
335,oracle,21.37688667655337,0.22519749999999958,0.001,21.150689176553367,4.21675,1.0,75.0,65.57384136514881,10.806353604452145,4000,21.150689176553165,2.0250467969162855e-13
335,belief,21.025655243580005,0.22519749999999958,0.001,20.799457743580003,4.21675,1.0,75.0,65.22260992796095,10.806353604452145,4000,20.7994577435798,2.0250467969162855e-13
335,randomised,20.886324988694042,0.22519749999999958,0.001,20.66012748869404,4.21675,1.0,75.0,65.08327967140329,10.806353604452145,4000,20.660127488693792,2.4868995751603507e-13
335,naive,13.22350688652648,0.7729874999999818,0.064,12.386519386526498,7.91475,8.0,86.0,78.83333333333334,22.17731928922912,4000,12.386519386526313,1.8474111129762605e-13
336,oracle,55.54415842456417,0.01982249999999893,0.001,55.52333592456418,1.09225,1.0,83.0,72.34162111843459,14.147005279250676,4000,55.52333592456245,1.7266188478970435e-12
336,belief,59.37341610657634,0.02172749999999902,0.0,59.351688606576346,0.99575,0.0,84.0,73.49222516427169,14.326412443452474,4000,59.351688606575095,1.2505552149377763e-12
336,randomised,55.043747490273645,0.01982249999999893,0.001,55.02292499027365,1.09225,1.0,83.0,71.84121017813953,14.147005279250676,4000,55.022924990271925,1.7266188478970435e-12
336,naive,45.47580257389353,0.05605250000000566,0.016,45.40375007389353,1.96875,4.0,86.0,78.83333333333334,22.067417086988925,4000,45.4037500738905,3.0269120543380268e-12
337,oracle,43.846835940139016,0.020642500000000324,0.004,43.82219344013902,0.99975,2.0,64.0,61.18565180011369,22.65308891580436,4000,43.82219344013694,2.0747847884194925e-12
337,belief,43.151931432128436,0.020642500000000324,0.004,43.12728893212844,0.99975,2.0,64.0,60.49074728376478,22.65308891580436,4000,43.12728893212636,2.0747847884194925e-12
337,randomised,44.98522747451051,0.01800750000000002,0.001,44.96621997451051,0.92725,1.0,65.0,60.84674445428315,22.94572062952674,4000,44.96621997450862,1.8900436771218665e-12
337,naive,25.144924451744032,0.05054749999999935,0.016,25.078376951744033,1.85575,4.0,68.0,62.33333333333327,30.999262149214097,4000,25.078376951743085,9.485745522397337e-13
338,oracle,25.712677799878136,0.08904249999999919,0.001,25.622635299878137,2.18775,1.0,71.0,58.40322891958002,8.551909744153747,4000,25.622635299878016,1.2079226507921703e-13
338,belief,26.363081961917302,0.08904249999999919,0.001,26.273039461917303,2.18775,1.0,71.0,59.053633089423734,8.551909744153747,4000,26.273039461917183,1.2079226507921703e-13
338,randomised,26.21166712492989,0.08904249999999919,0.001,26.12162462492989,2.18775,1.0,71.0,58.90221825061924,8.551909744153747,4000,26.12162462492977,1.2079226507921703e-13
338,naive,19.245973498306483,0.06665250000000052,0.001,19.178320998306482,1.93875,1.0,49.0,44.91666666666665,10.350061112849312,4000,19.178320998305566,9.166001291305292e-13
339,oracle,51.867230742544706,0.1554799999999995,0.001,51.71075074254471,3.443,1.0,51.0,55.62066844635895,23.300602129423037,4000,51.71075074254477,5.684341886080802e-14
339,belief,52.1562394296011,0.1554799999999995,0.001,51.999759429601106,3.443,1.0,51.0,55.909677136883495,23.300602129423037,4000,51.99975942960115,4.263256414560601e-14
339,randomised,58.009416404029025,0.16295500000000113,0.004,57.842461404029024,3.533,2.0,50.0,55.46439366773823,23.300602129423037,4000,57.842461404029144,1.2079226507921703e-13
339,naive,31.019566059541063,0.20716750000000222,0.001,30.81139855954106,4.03275,1.0,67.0,61.41666666666661,35.38789420601124,4000,30.811398559541118,5.684341886080802e-14
340,oracle,11.634007306426724,0.16633999999999924,0.049,11.418667306426725,3.1975,7.0,73.0,63.36281529774623,17.680211901763855,4000,11.418667306423895,2.829736445164599e-12
340,belief,11.831453632408625,0.16633999999999924,0.049,11.616113632408625,3.1975,7.0,73.0,63.56026162609761,17.680211901763855,4000,11.616113632405796,2.829736445164599e-12
340,randomised,3.4006421552667234,0.2137899999999945,0.064,3.1228521552667288,3.609,8.0,72.0,62.75110920834065,17.680211901763855,4000,3.1228521552655972,1.1315393066979595e-12
340,naive,-7.779459016045962,0.36809249999998717,0.081,-8.228551516045949,4.99125,9.0,75.0,68.74999999999996,28.06069516876361,4000,-8.228551516046904,9.556799795973347e-13
341,oracle,122.76893302027361,0.3976499999999973,0.081,122.2902830202736,5.1865,9.0,75.0,61.37817570093217,12.087818937669851,4000,122.29028302027582,2.2168933355715126e-12
341,belief,119.53343903771099,0.3921999999999974,0.081,119.06023903771099,5.0995,9.0,73.0,60.701064754365426,12.200119202674227,4000,119.06023903771315,2.1600499167107046e-12
341,randomised,121.44003395371305,0.40808749999999744,0.081,120.95094645371306,5.30625,9.0,73.0,60.04808511925116,12.087818937669851,4000,120.95094645371502,1.9610979506978765e-12
341,naive,114.46568946263051,0.262662499999998,0.081,114.1220269626305,3.72225,9.0,71.0,65.08333333333327,20.155220239016135,4000,114.12202696263104,5.400124791776761e-13
342,oracle,45.926475015854294,0.01626000000000067,0.004,45.90621501585429,1.0375,2.0,68.0,60.8481338488072,20.259451282023452,4000,45.90621501585206,2.2311041902867146e-12
342,belief,46.28413503958291,0.017715000000000848,0.009000000000000001,46.257420039582904,1.0705,3.0,69.0,61.665831859797926,20.67765417246475,4000,46.257420039580936,1.9682033780554775e-12
342,randomised,39.6197354718102,0.024722500000000033,0.009000000000000001,39.5860129718102,1.22975,3.0,67.0,59.69261549885826,20.259451282023452,4000,39.58601297180916,1.0373923942097463e-12
342,naive,42.35429860850206,0.664615000000009,0.036000000000000004,41.65368360850205,7.4775,6.0,70.0,64.1666666666666,28.47775130041242,4000,41.65368360850273,6.821210263296962e-13
343,oracle,10.08144005872117,0.12456499999999429,0.009000000000000001,9.947875058721175,2.587,3.0,59.0,58.82387921994854,19.315764200666923,4000,9.947875058720966,2.0961010704922955e-13
343,belief,10.048399459932341,0.12456499999999429,0.009000000000000001,9.914834459932345,2.587,3.0,59.0,58.7908386207636,19.315764200666923,4000,9.914834459932136,2.0961010704922955e-13
343,randomised,9.580773586709654,0.12456499999999429,0.009000000000000001,9.447208586709658,2.587,3.0,59.0,58.323212741929424,19.315764200666923,4000,9.447208586709447,2.113864638886298e-13
343,naive,-1.0310599629775652,0.40097749999999305,0.016,-1.4480374629775583,5.62225,4.0,72.0,65.99999999999994,27.189316122546572,4000,-1.448037462978361,8.026912468039882e-13
344,oracle,20.50263719031385,0.09107249999999739,0.0,20.411564690313853,2.27025,0.0,64.0,59.72359285300476,14.230419258422446,4000,20.41156469031371,1.4210854715202004e-13
344,belief,20.819836092153665,0.09107249999999739,0.0,20.72876359215367,2.27025,0.0,64.0,60.040791758650734,14.230419258422446,4000,20.728763592153523,1.4566126083082054e-13
344,randomised,20.50263719031385,0.09107249999999739,0.0,20.411564690313853,2.27025,0.0,64.0,59.72359285300476,14.230419258422446,4000,20.41156469031371,1.4210854715202004e-13
344,naive,76.50529469460531,0.043195000000000955,0.001,76.46109969460531,1.749,1.0,77.0,70.5833333333333,25.077789123666122,4000,76.46109969460282,2.4868995751603507e-12
345,oracle,181.22534640604044,0.45744749999998463,0.081,180.68689890604048,6.23125,9.0,57.0,54.913351407714266,17.556356913078243,4000,180.68689890604486,4.376943252282217e-12
345,belief,201.25639533173216,0.5446799999999788,0.1,200.6117153317322,6.7245,10.0,58.0,55.94951535233133,20.013181091995904,4000,200.61171533173422,2.0179413695586845e-12
345,randomised,199.06057003341152,0.5474174999999785,0.1,198.41315253341156,6.74475,10.0,58.0,55.66351416062116,18.8486569186516,4000,198.41315253341352,1.9610979506978765e-12
345,naive,100.56322157456862,0.12290249999999925,0.036000000000000004,100.40431907456862,2.86225,6.0,76.0,69.66666666666663,31.389693469384554,4000,100.40431907456858,4.263256414560601e-14
346,oracle,-19.34211601070922,0.5627899999999827,0.1,-20.004906010709202,7.134,10.0,70.0,62.59228700725183,12.833143507254999,4000,-20.00490601070992,7.176481631177012e-13
346,belief,-18.876117009832,0.5627899999999827,0.1,-19.538907009831984,7.134,10.0,70.0,63.05828601372019,12.833143507254999,4000,-19.538907009832702,7.176481631177012e-13
346,randomised,-18.34332951660224,0.5627899999999827,0.1,-19.006119516602222,7.134,10.0,70.0,63.59107351334365,12.833143507254999,4000,-19.00611951660294,7.176481631177012e-13
346,naive,-40.72678568290826,1.0780475000000047,0.361,-42.16583318290826,9.72775,19.0,69.0,63.249999999999936,16.48595584686709,4000,-42.16583318290779,4.689582056016661e-13
347,oracle,13.918636564014037,0.1659074999999991,0.081,13.671729064014038,3.03375,9.0,57.0,59.716154030655325,21.894627315271165,4000,13.671729064014077,3.907985046680551e-14
347,belief,14.781053895525815,0.1659074999999991,0.081,14.534146395525816,3.03375,9.0,57.0,60.578571372515576,21.894627315271165,4000,14.534146395525877,6.039613253960852e-14
347,randomised,14.418337768457263,0.1659074999999991,0.081,14.171430268457264,3.03375,9.0,57.0,60.21585524109431,21.894627315271165,4000,14.171430268457303,3.907985046680551e-14
347,naive,22.82947558466992,0.13526749999999801,0.1,22.594208084669923,2.67525,10.0,76.0,69.66666666666664,30.036160558811286,4000,22.59420808466962,3.019806626980426e-13
348,oracle,25.585953068994,0.07995749999999817,0.009000000000000001,25.496995568994002,2.14875,3.0,71.0,58.91827492528973,12.71642670785723,4000,25.49699556899388,1.2079226507921703e-13
348,belief,25.5836884939946,0.07961999999999832,0.009000000000000001,25.4950684939946,2.14,3.0,71.0,58.91495855159493,12.71642670785723,4000,25.495068493994463,1.3855583347321954e-13
348,randomised,13.776133760891469,0.09792749999999556,0.016,13.662206260891473,2.64425,4.0,70.0,58.26602015561089,13.377925217415807,4000,13.66220626089148,7.105427357601002e-15
348,naive,10.278236313667094,0.1764324999999997,0.1,10.001803813667095,3.31725,10.0,68.0,62.33333333333327,16.197054686916815,4000,10.001803813667214,1.1901590823981678e-13
349,oracle,51.88978929638586,0.24349749999999834,0.049,51.59729179638586,4.41725,7.0,57.0,64.7267826869132,27.30488982044896,4000,51.59729179638554,3.197442310920451e-13
349,belief,51.78635691076556,0.24349749999999834,0.049,51.493859410765566,4.41725,7.0,57.0,64.6233503000522,27.30488982044896,4000,51.493859410765246,3.197442310920451e-13
349,randomised,55.603294666355964,0.211047499999994,0.049,55.34324716635597,4.11425,7.0,57.0,65.21025670385164,27.39776824386794,4000,55.34324716635734,1.3642420526593924e-12
349,naive,48.94332604684223,0.9444774999999995,0.196,47.802848546842235,8.93475,14.0,70.0,64.1666666666666,34.07871710707119,4000,47.80284854684534,3.105071755271638e-12
350,oracle,44.96528433250447,0.08488999999999991,0.004,44.87639433250447,2.5385,2.0,58.0,53.25474384296977,13.439686893894024,4000,44.87639433250332,1.1510792319313623e-12
350,belief,46.38749603550703,0.059125000000007186,0.001,46.32737103550702,2.068,1.0,57.0,53.33885176476579,13.533823194901707,4000,46.32737103550413,2.8919089345436078e-12
350,randomised,42.7638663754274,0.06007000000000116,0.004,42.6997963754274,2.082,2.0,58.0,53.74281883350771,13.578110909353878,4000,42.69979637542643,9.663381206337363e-13
350,naive,54.44031856186774,0.24966750000001012,0.009000000000000001,54.18165106186773,4.53025,3.0,63.0,57.74999999999995,19.070473530261015,4000,54.1816510618669,8.313350008393172e-13
351,oracle,122.3316044266594,0.1373174999999962,0.036000000000000004,122.1582869266594,3.50175,6.0,56.0,50.95503239886852,17.24923274633526,4000,122.15828692666076,1.3642420526593924e-12
351,belief,122.17966111908572,0.1373174999999962,0.036000000000000004,122.00634361908573,3.50175,6.0,56.0,50.803089089471804,17.24923274633526,4000,122.00634361908709,1.3642420526593924e-12
351,randomised,150.13487618172655,0.2286600000000027,0.049,149.85721618172656,4.5135,7.0,55.0,49.850483523003376,17.187012490098283,4000,149.85721618172678,2.2737367544323206e-13
351,naive,172.93073650630856,0.3576824999999965,0.064,172.50905400630856,5.62875,8.0,50.0,45.833333333333314,21.00597354549537,4000,172.50905400631075,2.1884716261411086e-12
352,oracle,-71.28672204132397,0.22060249999999576,0.036000000000000004,-71.54332454132397,3.79025,6.0,60.0,49.69700301038,11.256982647951235,4000,-71.54332454132366,3.126388037344441e-13
352,belief,-52.11862359594056,0.1681775000000044,0.025,-52.31180109594057,3.35375,5.0,63.0,51.25105789312923,12.657099971749279,4000,-52.31180109594027,2.984279490192421e-13
352,randomised,-52.21902446184572,0.1681775000000044,0.025,-52.412201961845724,3.35375,5.0,63.0,51.15065702601933,12.657099971749279,4000,-52.412201961845426,2.984279490192421e-13
352,naive,-68.67996582434523,0.23608999999999938,0.049,-68.96505582434524,3.933,7.0,61.0,55.916666666666615,18.014327131422213,4000,-68.96505582434547,2.2737367544323206e-13
353,oracle,-66.35769836491556,0.375407499999995,0.049,-66.78210586491556,4.57625,7.0,51.0,54.38347834548138,21.935976777945292,4000,-66.78210586491475,8.100187187665142e-13
353,belief,-66.10579139273364,0.375407499999995,0.049,-66.53019889273364,4.57625,7.0,51.0,54.63538532068616,21.935976777945292,4000,-66.53019889273283,8.100187187665142e-13
353,randomised,-65.85809565989689,0.375407499999995,0.049,-66.28250315989689,4.57625,7.0,51.0,54.88308105649486,21.935976777945292,4000,-66.28250315989608,8.100187187665142e-13
353,naive,-36.214033873640005,0.26821499999999865,0.025,-36.50724887364,3.7805,5.0,67.0,61.41666666666661,32.73804928266969,4000,-36.50724887364128,1.2789769243681803e-12
354,oracle,41.85325101804153,0.416572499999983,0.009000000000000001,41.42767851804155,5.70525,3.0,77.0,62.583599527178805,10.510278162392979,4000,41.42767851804045,1.1013412404281553e-12
354,belief,42.668920833351706,0.4185099999999823,0.016,42.234410833351724,5.7355,4.0,76.0,63.399940902843234,10.510278162392979,4000,42.234410833350864,8.597567102697212e-13
354,randomised,43.85913195117962,0.416572499999983,0.009000000000000001,43.43355945117964,5.70525,3.0,77.0,64.58948048438556,10.510278162392979,4000,43.43355945117853,1.1084466677857563e-12
354,naive,16.438957668751527,1.3369375000000037,0.196,14.906020168751525,10.47175,14.0,74.0,67.83333333333329,19.405289901127844,4000,14.906020168752628,1.1031175972675555e-12
355,oracle,47.98143366613107,0.03623750000000069,0.025,47.92019616613107,1.47025,5.0,71.0,54.3843286771858,10.140008081992224,4000,47.920196166128314,2.7569058147491887e-12
355,belief,48.10742461074091,0.03623750000000069,0.025,48.04618711074091,1.47025,5.0,71.0,54.51031962330735,10.140008081992224,4000,48.04618711073815,2.7569058147491887e-12
355,randomised,47.98143366613107,0.03623750000000069,0.025,47.92019616613107,1.47025,5.0,71.0,54.3843286771858,10.140008081992224,4000,47.920196166128314,2.7569058147491887e-12
355,naive,52.92790628793233,0.043844999999999856,0.025,52.859061287932334,1.403,5.0,69.0,63.249999999999936,21.14079912302647,4000,52.859061287931105,1.2292389328649733e-12
356,oracle,-52.234645825406005,0.23486249999999417,0.121,-52.590508325406,4.00125,11.0,67.0,59.97629262585782,16.371881528605524,4000,-52.59050832540582,1.7763568394002505e-13
356,belief,-51.665916365960356,0.23486249999999417,0.121,-52.02177886596035,4.00125,11.0,67.0,60.54502209212797,16.371881528605524,4000,-52.02177886596016,1.9184653865522705e-13
356,randomised,-51.73470118478372,0.23486249999999417,0.121,-52.09056368478371,4.00125,11.0,67.0,60.47623727247902,16.371881528605524,4000,-52.09056368478353,1.7763568394002505e-13
356,naive,-49.24352851216918,0.1957175000000004,0.169,-49.608246012169175,2.87025,13.0,73.0,66.91666666666661,25.408869588235895,4000,-49.60824601216886,3.126388037344441e-13
357,oracle,68.06737189144565,0.08389999999999785,0.009000000000000001,67.97447189144565,2.222,3.0,75.0,67.57456982646208,15.94380956157164,4000,67.97447189144609,4.405364961712621e-13
357,belief,66.47154885322419,0.09919999999999803,0.009000000000000001,66.3633488532242,2.3845,3.0,73.0,66.55786805825478,15.94380956157164,4000,66.3633488532244,1.9895196601282805e-13
357,randomised,77.93169060151747,0.097887499999998,0.004,77.82980310151747,2.61375,2.0,76.0,68.73934897272322,16.191345461635173,4000,77.82980310151717,2.984279490192421e-13
357,naive,42.561164245241685,0.1692399999999981,0.025,42.36692424524169,3.0255,5.0,69.0,63.249999999999936,19.63417594454353,4000,42.36692424524029,1.3997691894473974e-12
358,oracle,52.068327269593624,0.11595749999999903,0.025,51.927369769593625,2.96475,5.0,59.0,53.45067659721317,14.382988615684896,4000,51.92736976959415,5.258016244624741e-13
358,belief,55.09504781372971,0.17767999999999742,0.036000000000000004,54.88136781372971,3.7715,6.0,60.0,54.994118078387324,14.978827445480368,4000,54.881367813730265,5.542233338928781e-13
358,randomised,48.339580834739365,0.09586499999999706,0.016,48.22771583473937,2.6785,4.0,60.0,54.0919940439805,14.842648657194426,4000,48.22771583473878,5.897504706808832e-13
358,naive,103.95764735151943,0.7216674999999897,0.196,103.03997985151943,7.49325,14.0,72.0,65.99999999999994,28.538417544235756,4000,103.03997985151919,2.4158453015843406e-13
359,oracle,75.73544498325441,0.19513250000000104,0.064,75.47631248325442,3.62975,8.0,60.0,52.163049720143036,10.508961215095637,4000,75.47631248325493,5.115907697472721e-13
359,belief,75.14101101844312,0.21062999999999915,0.081,74.84938101844313,3.7445,9.0,59.0,51.57287358999026,10.508961215095637,4000,74.8493810184444,1.2789769243681803e-12
359,randomised,76.23798534713546,0.19513250000000104,0.064,75.97885284713547,3.62975,8.0,60.0,52.66559009005417,10.508961215095637,4000,75.97885284713597,4.973799150320701e-13
359,naive,84.62079872393883,0.26485000000000475,0.121,84.23494872393883,4.225,11.0,61.0,55.91666666666662,17.40017751886441,4000,84.23494872393812,7.105427357601002e-13
360,oracle,37.855465350717054,0.15362749999999964,0.064,37.637837850717055,3.28225,8.0,94.0,79.32894585427222,16.32856028489889,4000,37.637837850717354,2.984279490192421e-13
360,belief,39.082375793555116,0.1509199999999999,0.064,38.867455793555116,3.223,8.0,94.0,80.54744931553314,17.78218483765358,4000,38.86745579355531,1.9184653865522705e-13
360,randomised,51.93927596123967,0.126159999999999,0.049,51.764115961239675,2.957,7.0,93.0,78.61887252859614,16.77735738728974,4000,51.76411596123997,2.984279490192421e-13
360,naive,4.874174106214809,0.25587999999999506,0.064,4.554294106214814,3.7855,8.0,86.0,78.83333333333334,23.194255306934593,4000,4.55429410621421,6.039613253960852e-13
361,oracle,47.79225824326676,0.036737500000002005,0.009000000000000001,47.74652074326676,1.52325,3.0,47.0,51.356175733125255,28.935340304994966,4000,47.74652074326511,1.6484591469634324e-12
361,belief,47.67573241729724,0.036737500000002005,0.009000000000000001,47.62999491729724,1.52325,3.0,47.0,51.23964990575753,28.935340304994966,4000,47.62999491729559,1.6484591469634324e-12
361,randomised,47.79225824326676,0.036737500000002005,0.009000000000000001,47.74652074326676,1.52325,3.0,47.0,51.356175733125255,28.935340304994966,4000,47.74652074326511,1.6484591469634324e-12
361,naive,57.818497532542494,0.08032749999999786,0.016,57.7221700325425,2.07275,4.0,64.0,58.666666666666615,34.241972816442455,4000,57.72217003253929,3.211653165635653e-12
362,oracle,69.35733275760268,0.08681999999999898,0.004,69.26651275760267,2.273,2.0,56.0,56.90237631937621,19.58308786530394,4000,69.26651275760251,1.5631940186722204e-13
362,belief,61.80233361257456,0.06679499999999905,0.009000000000000001,61.72653861257456,2.062,3.0,57.0,57.79958212768554,20.325577105778866,4000,61.726538612574295,2.6290081223123707e-13
362,randomised,76.80283099747376,0.0897824999999999,0.004,76.70904849747376,2.27775,2.0,58.0,57.73944815163507,21.23415322706789,4000,76.70904849747326,4.973799150320701e-13
362,naive,50.812416324229105,0.03615000000000031,0.016,50.76026632422911,1.4585,4.0,68.0,62.33333333333327,25.659786231256614,4000,50.76026632422708,2.0250467969162855e-12
363,oracle,33.85444669404728,0.09191499999999986,0.025,33.737531694047284,2.52,5.0,61.0,56.78640395254401,14.612659688310524,4000,33.73753169404781,5.258016244624741e-13
363,belief,33.913313775771826,0.09191499999999986,0.025,33.79639877577183,2.52,5.0,61.0,56.84527103497504,14.612659688310524,4000,33.79639877577235,5.258016244624741e-13
363,randomised,34.671203797197734,0.07657500000000174,0.016,34.57862879719774,2.3265,4.0,62.0,57.43063977580523,14.829015212421954,4000,34.578628797197844,1.0658141036401503e-13
363,naive,77.80756996134446,0.2700725000000003,0.004,77.53349746134445,4.22025,2.0,72.0,65.99999999999994,25.84787847923096,4000,77.53349746134268,1.7763568394002505e-12
364,oracle,-22.53620672367856,0.26921999999999907,0.081,-22.88642672367856,4.663,9.0,49.0,56.45511038286353,22.460720281257586,4000,-22.88642672367801,5.506706202140776e-13
364,belief,-13.536813597259425,0.2515474999999984,0.081,-13.869361097259423,4.26675,9.0,51.0,57.80846035300058,22.73690998173987,4000,-13.869361097258828,5.950795411990839e-13
364,randomised,-23.03707868299739,0.26921999999999907,0.081,-23.38729868299739,4.663,9.0,49.0,55.95423841753454,22.460720281257586,4000,-23.38729868299684,5.506706202140776e-13
364,naive,-110.21566838452031,1.5393324999999953,0.4,-112.15500088452032,10.66725,20.0,74.0,67.83333333333329,33.97604040408608,4000,-112.15500088452085,5.258016244624741e-13
365,oracle,-23.322189747406128,0.19550000000000053,0.121,-23.638689747406126,3.5155,11.0,61.0,62.9530882449147,23.515575847172535,4000,-23.638689747406097,2.842170943040401e-14
365,belief,-23.402778027792465,0.19550000000000053,0.121,-23.719278027792463,3.5155,11.0,61.0,62.87249996356159,23.515575847172535,4000,-23.719278027792434,2.842170943040401e-14
365,randomised,-23.826727952712417,0.19550000000000053,0.121,-24.143227952712415,3.5155,11.0,61.0,62.44855003355448,23.515575847172535,4000,-24.14322795271225,1.6342482922482304e-13
365,naive,16.34196497856533,0.11595750000000239,0.1,16.126007478565324,2.55175,10.0,78.0,71.49999999999997,37.34273253024471,4000,16.12600747856391,1.4139800441625994e-12
366,oracle,108.02826332764346,0.14572499999999922,0.025,107.85753832764345,3.269,5.0,57.0,60.62997658147441,26.942383531130325,4000,107.85753832764516,1.7053025658242404e-12
366,belief,124.50515362170233,0.19160999999998904,0.025,124.28854362170235,3.9275,5.0,57.0,61.090502409324124,28.84350237964728,4000,124.28854362169989,2.4584778657299466e-12
366,randomised,108.64428508393871,0.12097500000000025,0.009000000000000001,108.51431008393871,3.0255,3.0,59.0,62.9290968705924,30.442663971755973,4000,108.51431008393853,1.8474111129762605e-13
366,naive,125.27727576393113,0.23595499999999764,0.036000000000000004,125.00532076393112,4.4415,6.0,72.0,65.99999999999996,36.74951653681168,4000,125.00532076392454,6.579625733138528e-12
367,oracle,0.7327852103447299,0.1484874999999986,0.036000000000000004,0.5482977103447313,3.22425,6.0,76.0,74.82911377743257,26.70137347778804,4000,0.548297710344669,6.228351168147128e-14
367,belief,0.16765747313331758,0.1484874999999986,0.036000000000000004,-0.01683002686668103,3.22425,6.0,76.0,74.26398603344055,26.70137347778804,4000,-0.01683002686673427,5.323866347772821e-14
367,randomised,-4.820313241379154,0.16810249999999724,0.049,-5.037415741379151,3.37525,7.0,77.0,75.02755803185593,28.38755456873356,4000,-5.037415741379158,7.105427357601002e-15
367,naive,4.261080393504699,0.1520325000000013,0.1,4.009047893504698,3.14075,10.0,74.0,67.83333333333329,36.773834378877474,4000,4.009047893504177,5.204725539442734e-13
368,oracle,60.746096206337725,0.0771874999999994,0.001,60.66790870633773,2.28525,1.0,79.0,68.20785455229058,14.315212575119354,4000,60.66790870633843,7.034373084024992e-13
368,belief,60.79505752112429,0.0771874999999994,0.001,60.71687002112429,2.28525,1.0,79.0,68.25681586766441,14.315212575119354,4000,60.716870021125,7.034373084024992e-13
368,randomised,60.746096206337725,0.0771874999999994,0.001,60.66790870633773,2.28525,1.0,79.0,68.20785455229058,14.315212575119354,4000,60.66790870633843,7.034373084024992e-13
368,naive,60.86657371759574,0.023024999999999612,0.004,60.83954871759575,1.1515,2.0,74.0,67.8333333333333,18.483819103700043,4000,60.83954871759362,2.1245227799226996e-12
369,oracle,63.699367221469856,0.12080749999999973,0.036000000000000004,63.54255972146986,2.98675,6.0,62.0,62.93818516255942,26.225194932856237,4000,63.542559721475115,5.258016244624741e-12
369,belief,68.84091377221716,0.09822249999999821,0.025,68.71769127221717,2.70775,5.0,63.0,63.51575897013807,26.87222996051496,4000,68.71769127222241,5.243805389909539e-12
369,randomised,68.89890583077045,0.09822249999999821,0.025,68.77568333077045,2.70775,5.0,63.0,63.573751029387424,26.87222996051496,4000,68.77568333077569,5.243805389909539e-12
369,naive,19.88001744081066,0.07308499999999983,0.049,19.757932440810663,1.987,7.0,69.0,63.249999999999936,34.30336334691424,4000,19.757932440810908,2.4513724383723456e-13
370,oracle,24.29490455023847,0.328955,0.14400000000000002,23.82194955023847,4.4865,12.0,72.0,64.40840757002013,18.19942879033551,4000,23.82194955023902,5.471179065352771e-13
370,belief,24.669029517289346,0.328955,0.14400000000000002,24.196074517289347,4.4865,12.0,72.0,64.78253254156002,18.19942879033551,4000,24.196074517289915,5.684341886080801e-13
370,randomised,13.217679046319518,0.41626499999999683,0.169,12.63241404631952,5.147,13.0,73.0,65.16351653271477,18.580203664491833,4000,12.632414046319866,3.4638958368304884e-13
370,naive,10.727057405896176,0.5838424999999932,0.225,9.918214905896184,6.46725,15.0,77.0,70.5833333333333,24.09468971010585,4000,9.918214905896864,6.803446694902959e-13
371,oracle,51.85517848144198,0.06775500000000322,0.004,51.78342348144198,2.0475,2.0,90.0,75.5586071766782,17.843729809477704,4000,51.783423481440664,1.3145040611561853e-12
371,belief,52.88756940122977,0.06807000000000321,0.009000000000000001,52.81049940122976,2.05,3.0,89.0,75.93580579352279,17.843729809477704,4000,52.81049940122878,9.805489753489383e-13
371,randomised,56.35112861925927,0.06404250000000415,0.009000000000000001,56.278086119259264,1.85825,3.0,89.0,75.89425262081221,17.843729809477704,4000,56.27808611925822,1.0444978215673473e-12
371,naive,41.32765660197458,0.2633774999999975,0.036000000000000004,41.02827910197458,4.25425,6.0,80.0,73.33333333333331,23.391948571951396,4000,41.02827910197451,7.105427357601002e-14
372,oracle,27.063952695732894,0.045987500000001964,0.016,27.001965195732893,1.65525,4.0,70.0,61.69830151875806,9.381434738254285,4000,27.001965195732087,8.064660050877137e-13
372,belief,26.566739803229723,0.045987500000001964,0.016,26.504752303229722,1.65525,4.0,70.0,61.20108862028881,9.381434738254285,4000,26.504752303229484,2.3803181647963356e-13
372,randomised,26.07034630884681,0.045987500000001964,0.016,26.008358808846808,1.65525,4.0,70.0,60.70469511994959,9.381434738254285,4000,26.00835880884657,2.3803181647963356e-13
372,naive,58.3740649108928,0.05875000000000517,0.009000000000000001,58.306314910892795,2.0125,3.0,79.0,72.41666666666664,20.697603888168164,4000,58.30631491088897,3.822719918389339e-12
373,oracle,51.36865352706093,0.31370249999999317,0.1,50.954951027060936,4.40225,10.0,62.0,60.173225851657115,20.16390813493246,4000,50.95495102705916,1.7763568394002505e-12
373,belief,51.24542834123383,0.31370249999999317,0.1,50.83172584123384,4.40225,10.0,62.0,60.05000066435162,20.16390813493246,4000,50.831725841232064,1.7763568394002505e-12
373,randomised,51.36865352706093,0.31370249999999317,0.1,50.954951027060936,4.40225,10.0,62.0,60.173225851657115,20.16390813493246,4000,50.95495102705916,1.7763568394002505e-12
373,naive,43.70721417276877,0.28593249999999487,0.14400000000000002,43.27728167276878,4.00425,12.0,68.0,62.33333333333327,22.940828422001996,4000,43.27728167276817,6.110667527536862e-13
374,oracle,98.78646020531698,0.07593000000000151,0.036000000000000004,98.67453020531698,2.3865,6.0,56.0,58.39617576661032,17.208056294810618,4000,98.67453020531579,1.1937117960769683e-12
374,belief,98.35151114220253,0.07619000000000144,0.049,98.22632114220252,2.3885,7.0,57.0,58.45535362827975,17.703127652003676,4000,98.22632114220131,1.2079226507921703e-12
374,randomised,98.4588548986867,0.07619000000000144,0.049,98.33366489868669,2.3885,7.0,57.0,58.56269738605199,17.703127652003676,4000,98.33366489868548,1.2079226507921703e-12
374,naive,50.36065989439351,0.058035000000002404,0.025,50.277624894393504,2.0995,5.0,79.0,72.41666666666664,30.659496340929344,4000,50.27762489439229,1.2150280781497713e-12
375,oracle,45.31830601192053,0.04027749999999974,0.016,45.262028511920526,1.52275,4.0,42.0,43.04977169970844,18.18223695036167,4000,45.26202851191979,7.389644451905042e-13
375,belief,45.59879741297442,0.047072500000000066,0.016,45.53572491297442,1.63125,4.0,42.0,43.33457129601237,18.798733335382128,4000,45.53572491297407,3.552713678800501e-13
375,randomised,45.317609117922984,0.047072500000000066,0.016,45.25453661792299,1.63125,4.0,42.0,43.05338299758686,18.798733335382128,4000,45.25453661792263,3.552713678800501e-13
375,naive,96.7346581820508,0.25965249999999607,0.14400000000000002,96.33100568205079,4.08475,12.0,54.0,49.49999999999997,24.668329249278443,4000,96.33100568205163,8.384404281969182e-13
376,oracle,42.37434990951985,0.09997499999999379,0.009000000000000001,42.265374909519856,2.588,3.0,89.0,69.38166922944775,12.607131605175049,4000,42.265374909518385,1.4708234630234074e-12
376,belief,49.53558741912525,0.09155749999999457,0.004,49.44002991912526,2.42575,2.0,90.0,70.0662083805688,14.29445209736476,4000,49.44002991912355,1.7053025658242404e-12
376,randomised,47.125017465996194,0.0988149999999943,0.009000000000000001,47.0172024659962,2.5425,3.0,91.0,70.71391476015098,14.451474912918805,4000,47.01720246599494,1.2576606422953773e-12
376,naive,52.40002751389187,0.100724999999995,0.009000000000000001,52.290302513891874,2.623,3.0,75.0,68.74999999999996,15.615650141850178,4000,52.290302513891,8.739675649849232e-13
377,oracle,171.0617206753874,0.18447749999999796,0.004,170.87324317538742,3.69125,2.0,56.0,55.88539550706056,12.927812795546867,4000,170.8732431753858,1.6200374375330284e-12
377,belief,142.90884040284513,0.14025750000000514,0.009000000000000001,142.75958290284512,3.29875,3.0,57.0,57.07054113258171,14.723040712421204,4000,142.75958290284493,1.9895196601282805e-13
377,randomised,175.84659646797832,0.18377249999999815,0.001,175.6618239679783,3.70875,1.0,57.0,56.54597295116133,13.016385854426142,4000,175.6618239679778,5.115907697472721e-13
377,naive,-23.628294267159504,0.43340000000000256,0.14400000000000002,-24.205694267159505,4.777,12.0,70.0,64.16666666666661,26.913732319676335,4000,-24.205694267159124,3.801403636316536e-13
378,oracle,68.63252142035662,0.042150000000000645,0.009000000000000001,68.58137142035662,1.665,3.0,77.0,68.85138075425759,13.225200459043263,4000,68.58137142035339,3.225864020350855e-12
378,belief,68.63964889829816,0.042150000000000645,0.009000000000000001,68.58849889829816,1.665,3.0,77.0,68.85850823228465,13.225200459043263,4000,68.58849889829493,3.225864020350855e-12
378,randomised,72.4288022866096,0.03260749999999919,0.004,72.3921947866096,1.39125,2.0,78.0,69.50516714808857,14.135488859761123,4000,72.39219478660759,2.0037305148434825e-12
378,naive,74.89296995872854,0.08485499999999738,0.001,74.80711495872855,2.315,1.0,81.0,74.24999999999999,22.90455102571754,4000,74.80711495872805,4.973799150320701e-13
379,oracle,56.31227212515148,0.18298750000000535,0.016,56.11328462515148,3.74325,4.0,50.0,46.47685843225566,10.830452348877047,4000,56.11328462515207,5.897504706808832e-13
379,belief,42.70065014788827,0.1654150000000045,0.009000000000000001,42.526235147888265,3.674,3.0,47.0,44.36697909744412,10.830452348877047,4000,42.52623514788763,6.323830348264892e-13
379,randomised,43.2929135736951,0.15916750000000693,0.009000000000000001,43.12474607369509,3.56375,3.0,49.0,45.27992182217334,10.830452348877047,4000,43.12474607369464,4.547473508864641e-13
379,naive,33.075389163322185,0.08714499999999915,0.001,32.98724416332219,2.534,1.0,57.0,52.249999999999964,16.29513936809511,4000,32.98724416332165,5.400124791776761e-13
380,oracle,79.48064166255989,0.3387200000000066,0.025,79.11692166255988,5.4305,5.0,79.0,80.94692250176878,24.853774346973815,4000,79.11692166255837,1.5063505998114124e-12
380,belief,79.5926116423712,0.3387200000000066,0.025,79.22889164237118,5.4305,5.0,79.0,81.05889248292384,24.853774346973815,4000,79.22889164236967,1.5063505998114124e-12
380,randomised,79.23655469343743,0.3137325000000026,0.025,78.89782219343742,5.15975,5.0,81.0,83.28301605814774,25.840055279955006,4000,78.89782219343631,1.1084466677857563e-12
380,naive,69.82361435173387,0.09640999999999841,0.001,69.72620435173387,2.741,1.0,91.0,83.4166666666667,33.22330109546703,4000,69.72620435173481,9.379164112033322e-13
381,oracle,56.01598562201207,0.18308249999999682,0.081,55.75190312201207,3.03175,9.0,77.0,63.566730485871574,10.524131347958454,4000,55.751903122011235,8.313350008393172e-13
381,belief,53.474411433711225,0.15563499999999697,0.081,53.237776433711225,2.9735,9.0,75.0,62.88570147530228,10.550177883686441,4000,53.23777643371097,2.5579538487363607e-13
381,randomised,54.12493230211294,0.15376249999999675,0.081,53.890169802112936,2.89075,9.0,77.0,63.53323539687405,10.550177883686441,4000,53.89016980211263,3.055333763768431e-13
381,naive,31.65024589820655,0.08850500000000142,0.036000000000000004,31.525740898206546,2.411,6.0,58.0,53.16666666666663,13.239768080465993,4000,31.525740898206834,2.877698079828406e-13
382,oracle,-35.02811078949699,0.19922250000000255,0.004,-35.231333289496995,3.84525,2.0,70.0,63.80496191568268,26.18915675420712,4000,-35.231333289496924,7.105427357601002e-14
382,belief,-35.00356281579312,0.19922250000000255,0.004,-35.20678531579312,3.84525,2.0,70.0,63.82950988968102,26.18915675420712,4000,-35.206785315793034,8.526512829121202e-14
382,randomised,-46.58019084066785,0.2350275000000054,0.009000000000000001,-46.82421834066786,4.23575,3.0,71.0,64.5032266136916,26.657458304323224,4000,-46.82421834066879,9.308109838457312e-13
382,naive,-47.98251580070644,0.1979050000000003,0.016,-48.196420800706434,3.6295,4.0,66.0,60.49999999999994,34.70747441634532,4000,-48.19642080070616,2.7711166694643907e-13
383,oracle,61.654447563188796,0.055462500000000164,0.009000000000000001,61.5899850631888,1.92025,3.0,67.0,62.21070395003347,18.631400461738725,4000,61.58998506318814,6.608047442568932e-13
383,belief,61.289217763746365,0.06255249999999975,0.009000000000000001,61.21766526374636,2.06425,3.0,67.0,61.84319984335788,18.631400461738725,4000,61.21766526374573,6.323830348264892e-13
383,randomised,61.15779670531606,0.06255249999999975,0.009000000000000001,61.086244205316056,2.06425,3.0,67.0,61.711778783350475,18.631400461738725,4000,61.086244205315424,6.323830348264892e-13
383,naive,58.03623131132133,0.08485249999999817,0.016,57.935378811321335,2.39675,4.0,70.0,64.1666666666666,28.531743483664624,4000,57.93537881132267,1.3358203432289883e-12
384,oracle,45.862750810289924,0.06717500000000154,0.009000000000000001,45.786575810289925,2.0945,3.0,73.0,59.2039607529548,11.663331133658438,4000,45.78657581028964,2.8421709430404007e-13
384,belief,45.2208263146062,0.07391999999999993,0.009000000000000001,45.1379063146062,2.186,3.0,71.0,57.95955918205979,11.663331133658438,4000,45.13790631460626,6.394884621840902e-14
384,randomised,46.46736719669764,0.07278749999999999,0.009000000000000001,46.38557969669764,2.17175,3.0,73.0,59.20705202323864,11.663331133658438,4000,46.38557969669758,5.684341886080802e-14
384,naive,-14.368092942352519,0.25695749999999834,0.081,-14.706050442352517,4.11975,9.0,65.0,59.58333333333328,16.71834558051456,4000,-14.706050442353483,9.663381206337363e-13
385,oracle,14.48870748960212,0.01964249999999986,0.009000000000000001,14.46006498960212,0.99975,3.0,43.0,48.68772403062987,20.606942506161083,4000,14.460064989601701,4.192202140984591e-13
385,belief,12.839125629991656,0.01832749999999948,0.004,12.816798129991657,0.99675,2.0,44.0,49.67704950719088,20.92651910806012,4000,12.816798129991044,6.128431095930864e-13
385,randomised,14.48870748960212,0.01964249999999986,0.009000000000000001,14.46006498960212,0.99975,3.0,43.0,48.68772403062987,20.606942506161083,4000,14.460064989601701,4.192202140984591e-13
385,naive,33.509012036611836,0.03303000000000032,0.004,33.471982036611834,1.382,2.0,56.0,51.3333333333333,28.962652623564864,4000,33.47198203661145,3.836930773104541e-13
386,oracle,59.82433604928275,0.029389999999998705,0.016,59.77894604928275,1.4275,4.0,62.0,53.86838332130185,14.86377922332833,4000,59.77894604928031,2.4442670110147446e-12
386,belief,62.391424003045415,0.03428749999999911,0.016,62.34113650304542,1.56325,4.0,64.0,54.72376472858044,16.83990920151034,4000,62.34113650304232,3.097966327914037e-12
386,randomised,56.530161537298454,0.023760000000000014,0.016,56.49040153729845,1.2905,4.0,64.0,54.195731865395395,15.715554925389187,4000,56.49040153729607,2.3803181647963356e-12
386,naive,92.76956368181385,0.23235250000000038,0.001,92.53621118181384,4.34825,1.0,65.0,59.58333333333328,21.22152639051681,4000,92.53621118181555,1.7053025658242404e-12
387,oracle,49.20442610773625,0.15099999999999655,0.1,48.953426107736256,3.24,10.0,46.0,50.88875146026924,18.73156054762902,4000,48.95342610773615,1.0658141036401503e-13
387,belief,49.66509763618001,0.15099999999999655,0.1,49.41409763618001,3.24,10.0,46.0,51.349422994241095,18.73156054762902,4000,49.4140976361799,1.0658141036401503e-13
387,randomised,49.704380791845324,0.15099999999999655,0.1,49.453380791845326,3.24,10.0,46.0,51.3887061503775,18.73156054762902,4000,49.45338079184522,1.0658141036401503e-13
387,naive,49.753514763626754,0.14208249999999817,0.064,49.54743226362675,2.95275,8.0,60.0,54.99999999999996,25.838077917084288,4000,49.54743226362622,5.329070518200751e-13
388,oracle,95.93875999075561,0.06368500000000012,0.009000000000000001,95.8660749907556,1.885,3.0,51.0,55.04755037493859,17.43811290907511,4000,95.86607499075788,2.2737367544323206e-12
388,belief,95.90580004630564,0.06368500000000012,0.009000000000000001,95.83311504630564,1.885,3.0,51.0,55.0145904300932,17.43811290907511,4000,95.83311504630791,2.2737367544323206e-12
388,randomised,95.93875999075561,0.06368500000000012,0.009000000000000001,95.8660749907556,1.885,3.0,51.0,55.04755037493859,17.43811290907511,4000,95.86607499075788,2.2737367544323206e-12
388,naive,117.79947828989225,0.13890750000000132,0.016,117.64457078989224,2.92975,4.0,72.0,65.99999999999994,28.728522612728998,4000,117.64457078989122,1.0231815394945443e-12
389,oracle,21.785736926246045,0.38285499999999106,0.169,21.233881926246053,5.0795,13.0,63.0,62.49229129295915,17.60496719108954,4000,21.23388192624615,9.592326932761353e-14
389,belief,22.24343405390414,0.38285499999999106,0.169,21.691579053904146,5.0795,13.0,63.0,62.94998842610916,17.60496719108954,4000,21.691579053904256,1.1013412404281553e-13
389,randomised,22.284613401510796,0.38285499999999106,0.169,21.732758401510804,5.0795,13.0,63.0,62.99116777421019,17.60496719108954,4000,21.7327584015109,9.592326932761353e-14
389,naive,35.237458630162564,0.17835749999999884,0.081,34.978101130162564,3.66475,9.0,71.0,65.08333333333327,24.33578699680655,4000,34.9781011301631,5.329070518200751e-13
390,oracle,95.21372655857567,0.2781325000000002,0.049,94.88659405857567,4.53575,7.0,75.0,58.28081936090281,10.123519586297311,4000,94.8865940585756,7.105427357601002e-14
390,belief,93.93848122706038,0.28371750000000145,0.049,93.60576372706038,4.58875,7.0,73.0,57.00706320930634,10.123519586297311,4000,93.60576372706004,3.410605131648481e-13
390,randomised,86.9322794216148,0.2757799999999988,0.049,86.60749942161479,4.3505,7.0,75.0,58.26915679625594,10.299370508917471,4000,86.60749942161365,1.1368683772161603e-12
390,naive,97.75355033595866,0.12118000000000151,0.001,97.63137033595866,2.476,1.0,63.0,57.74999999999995,14.479120562682734,4000,97.63137033596549,6.821210263296962e-12
391,oracle,31.022661895360102,0.324655000000001,0.064,30.634006895360102,5.298,8.0,68.0,55.059989315677136,6.410502766288789,4000,30.63400689536113,1.0267342531733448e-12
391,belief,31.480410613033314,0.324655000000001,0.064,31.091755613033314,5.298,8.0,68.0,55.51773803884292,6.410502766288789,4000,31.091755613034348,1.0338396805309458e-12
391,randomised,30.92504230529255,0.32018500000000066,0.064,30.540857305292548,5.2675,8.0,68.0,55.04868085345409,6.620024421518519,4000,30.540857305293567,1.0196288258157438e-12
391,naive,19.91975848152333,1.3252900000000132,0.361,18.233468481523317,10.279,19.0,67.0,61.41666666666661,16.889384578485803,4000,18.23346848152307,2.4868995751603507e-13
392,oracle,41.905823945799966,0.0487950000000044,0.025,41.83202894579996,1.759,5.0,55.0,53.188619160640926,18.893693075251413,4000,41.83202894579732,2.6432189770275727e-12
392,belief,41.89550720250543,0.0487950000000044,0.025,41.821712202505424,1.759,5.0,55.0,53.1783024172227,18.893693075251413,4000,41.82171220250278,2.6432189770275727e-12
392,randomised,41.905823945799966,0.0487950000000044,0.025,41.83202894579996,1.759,5.0,55.0,53.188619160640926,18.893693075251413,4000,41.83202894579732,2.6432189770275727e-12
392,naive,82.79606908011385,0.10099999999999901,0.009000000000000001,82.68606908011385,2.733,3.0,65.0,59.58333333333328,28.059370062311643,4000,82.68606908011186,1.9895196601282805e-12
393,oracle,8.9743398427767,0.024800000000000495,0.0,8.9495398427767,1.213,0.0,50.0,52.84845974499723,17.485076926078282,4000,8.949539842776522,1.7763568394002505e-13
393,belief,8.93811352438209,0.024800000000000495,0.0,8.913313524382088,1.213,0.0,50.0,52.81223342616806,17.485076926078282,4000,8.91331352438191,1.7763568394002505e-13
393,randomised,8.9743398427767,0.024800000000000495,0.0,8.9495398427767,1.213,0.0,50.0,52.84845974499723,17.485076926078282,4000,8.949539842776522,1.7763568394002505e-13
393,naive,-47.21946472560896,0.24180750000000795,0.004,-47.46527222560896,3.96975,2.0,66.0,60.49999999999994,27.44194743124711,4000,-47.46527222561251,3.5456082514429e-12
394,oracle,51.85066501233172,0.0394025000000023,0.004,51.80726251233172,1.73925,2.0,76.0,72.69957781659019,24.451861573793416,4000,51.80726251232956,2.1600499167107046e-12
394,belief,51.764716893471075,0.0394025000000023,0.004,51.721314393471076,1.73925,2.0,76.0,72.61362969669817,24.451861573793416,4000,51.721314393468916,2.1600499167107046e-12
394,randomised,50.847465385186695,0.0394025000000023,0.004,50.804062885186696,1.73925,2.0,76.0,71.69637817740757,24.451861573793416,4000,50.80406288518466,2.0321522242738865e-12
394,naive,53.34122515830826,0.07013000000000003,0.0,53.27109515830826,2.1825,0.0,84.0,77.00000000000001,35.02639448699643,4000,53.27109515830819,7.105427357601002e-14
395,oracle,53.14020974747439,0.08361249999999706,0.016,53.040597247474395,2.28875,4.0,70.0,63.23967093985887,14.170001350858234,4000,53.040597247475056,6.608047442568932e-13
395,belief,48.68762365788439,0.06021750000000034,0.009000000000000001,48.61840615788439,1.92275,3.0,67.0,61.29761885837028,14.170001350858234,4000,48.61840615788438,7.105427357601002e-15
395,randomised,50.24721189775653,0.06291250000000002,0.009000000000000001,50.175299397756525,1.94925,3.0,71.0,63.38257902363066,14.695202206727327,4000,50.175299397756206,3.197442310920451e-13
395,naive,59.152046742414484,0.030934999999998852,0.016,59.105111742414486,1.3295,4.0,60.0,54.99999999999996,19.668180004575266,4000,59.105111742413236,1.2505552149377763e-12
396,oracle,137.17780057024197,0.6248749999999977,0.169,136.38392557024196,6.6715,13.0,57.0,54.69606588941716,19.888499776341206,4000,136.38392557024267,7.105427357601002e-13
396,belief,137.61885395133777,0.6248749999999977,0.169,136.82497895133776,6.6715,13.0,57.0,55.137119275805524,19.888499776341206,4000,136.82497895133847,7.105427357601002e-13
396,randomised,137.67784017236954,0.6248749999999977,0.169,136.88396517236953,6.6715,13.0,57.0,55.1961054975447,19.888499776341206,4000,136.88396517237024,7.105427357601002e-13
396,naive,150.23766927275824,0.8331825000000019,0.225,149.17948677275825,7.96975,15.0,67.0,61.41666666666661,25.778256907942644,4000,149.17948677275805,1.9895196601282805e-13
397,oracle,27.498606035494504,0.039335000000001646,0.0,27.459271035494503,1.653,0.0,64.0,67.20313678017982,32.21280336999745,4000,27.459271035493085,1.4175327578413999e-12
397,belief,27.894395178939405,0.039335000000001646,0.0,27.855060178939404,1.653,0.0,64.0,67.59892592837384,32.21280336999745,4000,27.855060178938018,1.3855583347321954e-12
397,randomised,18.78089038123639,0.06960499999999822,0.001,18.71028538123639,2.1575,1.0,63.0,67.06813646116889,32.21280336999745,4000,18.71028538123674,3.517186542012496e-13
397,naive,30.33397190943424,0.07744749999999852,0.016,30.240524409434244,2.22425,4.0,76.0,69.66666666666663,39.11874186344987,4000,30.24052440943325,9.947598300641403e-13
398,oracle,79.56063753306171,0.3788099999999832,0.121,79.06082753306173,5.2365,11.0,47.0,48.280166400651176,14.523996061612179,4000,79.06082753306194,2.1316282072803006e-13
398,belief,79.52992426873811,0.3788099999999832,0.121,79.03011426873813,5.2365,11.0,47.0,48.24945313595878,14.523996061612179,4000,79.03011426873834,2.1316282072803006e-13
398,randomised,76.6743818107775,0.41688249999998983,0.14400000000000002,76.11349931077751,5.43025,12.0,48.0,49.004102527973345,15.462931604623902,4000,76.1134993107787,1.1937117960769683e-12
398,naive,85.41188503432818,0.6034975000000069,0.225,84.58338753432818,6.22525,15.0,63.0,57.749999999999964,25.54517391965551,4000,84.5833875343289,7.247535904753022e-13
399,oracle,36.67769724349728,0.08955250000000146,0.025,36.563144743497276,2.44425,5.0,65.0,65.40920551454833,18.02645383435851,4000,36.56314474349731,3.552713678800501e-14
399,belief,39.54903249661095,0.09771750000000037,0.025,39.42631499661095,2.58725,5.0,65.0,65.34125068583911,18.18863034996657,4000,39.42631499661105,9.947598300641403e-14
399,randomised,39.61676548310243,0.09771750000000037,0.025,39.494047983102426,2.58725,5.0,65.0,65.40898367314323,18.18863034996657,4000,39.494047983102526,9.947598300641403e-14
399,naive,26.059522099168333,0.056495000000002925,0.004,25.99902709916833,2.123,2.0,74.0,67.83333333333329,27.903790024737283,4000,25.999027099168405,7.460698725481052e-14
400,oracle,72.31092519960384,0.14702500000000074,0.009000000000000001,72.15490019960384,3.4005,3.0,55.0,60.24343195027443,27.74055332139346,4000,72.15490019960414,2.984279490192421e-13
400,belief,65.31839077262947,0.20610499999999554,0.016,65.09628577262947,4.144,4.0,56.0,61.410032533375826,28.35315133564966,4000,65.09628577263035,8.810729923425242e-13
400,randomised,69.88337795709981,0.1474900000000007,0.009000000000000001,69.7268879570998,3.416,3.0,55.0,59.7386923075066,27.10342200665823,4000,69.72688795710008,2.7000623958883807e-13
400,naive,69.23223060449959,0.7004649999999861,0.081,68.45076560449961,7.858,9.0,77.0,70.5833333333333,38.34908511349881,4000,68.4507656044996,1.4210854715202004e-14
401,oracle,51.942485969051305,0.06410500000000037,0.001,51.87738096905131,2.094,1.0,89.0,74.86133367863661,14.705280172636353,4000,51.87738096905106,2.4868995751603507e-13
401,belief,51.039057420722514,0.07178999999999854,0.004,50.96326742072252,2.1,2.0,86.0,72.38820950683291,14.123811068132412,4000,50.96326742072143,1.0871303857129533e-12
401,randomised,48.61495228482538,0.05208250000000078,0.001,48.56186978482538,1.75575,1.0,85.0,71.69740877938872,14.123811068132412,4000,48.56186978482466,7.247535904753022e-13
401,naive,28.758862399447196,0.11129499999999701,0.016,28.6315673994472,2.6055,4.0,76.0,69.66666666666663,18.03256248330117,4000,28.63156739944772,5.222489107836736e-13
402,oracle,50.21044374416235,0.021857499999999107,0.0,50.18858624416235,1.04975,0.0,68.0,76.84478158733764,25.490907935186858,4000,50.18858624416125,1.1013412404281553e-12
402,belief,50.827393525150356,0.03775250000000324,0.001,50.788641025150355,1.56525,1.0,67.0,75.93186960440751,25.490907935186858,4000,50.78864102514906,1.2931877790833823e-12
402,randomised,51.08196841173506,0.03775250000000324,0.001,51.04321591173506,1.56525,1.0,67.0,76.18644449404678,25.490907935186858,4000,51.04321591173377,1.2931877790833823e-12
402,naive,58.1538595710669,0.029847499999999243,0.004,58.1200120710669,1.32775,2.0,84.0,77.0,32.074088555212796,4000,58.12001207106374,3.161915174132446e-12
403,oracle,59.535810458193666,0.03179499999999934,0.001,59.503015458193666,1.5215,1.0,57.0,54.017703677105274,20.979183059945438,4000,59.5030154581914,2.2666313270747196e-12
403,belief,59.85217588566003,0.030632499999999094,0.0,59.821543385660036,1.45875,0.0,56.0,53.6504125288961,20.979183059945438,4000,59.82154338565814,1.8971491044794675e-12
403,randomised,70.20185430206293,0.034230000000001745,0.001,70.16662430206291,1.5205,1.0,59.0,55.85782636542445,21.27053121952204,4000,70.16662430206175,1.1652900866465643e-12
403,naive,121.96041985352667,0.4012599999999885,0.081,121.47815985352668,5.434,9.0,63.0,57.74999999999996,27.90619202499603,4000,121.47815985353027,3.595346242946107e-12
404,oracle,230.86858249491206,0.1790249999999989,0.049,230.64055749491206,3.5135,7.0,47.0,51.52341165264598,22.501239017044114,4000,230.64055749491214,8.526512829121202e-14
404,belief,230.28244072534994,0.1790249999999989,0.049,230.05441572534994,3.5135,7.0,47.0,50.937269876050806,22.501239017044114,4000,230.05441572535003,8.526512829121202e-14
404,randomised,230.3604692939125,0.1790249999999989,0.049,230.1324442939125,3.5135,7.0,47.0,51.01529844554952,22.501239017044114,4000,230.13244429391258,8.526512829121202e-14
404,naive,153.21527205882066,0.05556000000000109,0.001,153.15871205882064,1.9965,1.0,77.0,70.5833333333333,39.560186559897694,4000,153.15871205881933,1.3073986337985843e-12
405,oracle,54.973230110586655,0.08589750000000104,0.036000000000000004,54.85133261058665,2.37925,6.0,58.0,52.77213542516233,13.464919184936086,4000,54.851332610587065,4.121147867408581e-13
405,belief,53.00150702717201,0.07694000000000029,0.036000000000000004,52.88856702717201,2.1615,6.0,58.0,53.41297767975839,13.700092919581394,4000,52.88856702717136,6.465938895416912e-13
405,randomised,49.38497866060055,0.056272499999999975,0.025,49.303706160600555,1.92075,5.0,57.0,52.0706498545323,13.464919184936086,4000,49.303706160599624,9.308109838457312e-13
405,naive,76.55254069912098,0.32578000000000185,0.14400000000000002,76.08276069912097,4.535,12.0,56.0,51.3333333333333,17.803138267488716,4000,76.08276069912252,1.5489831639570184e-12
406,oracle,2.1699665927338003,0.03526500000000203,0.004,2.130701592733798,1.2055,2.0,36.0,41.531572162753726,14.343477583529248,4000,2.130701592733967,1.687538997430238e-13
406,belief,13.233031785613903,0.020042499999999908,0.001,13.211989285613903,0.81225,1.0,35.0,40.81225133898076,14.343477583529248,4000,13.211989285613766,1.3677947663381929e-13
406,randomised,11.99133170650606,0.02104999999999992,0.004,11.96628170650606,0.855,2.0,36.0,41.52017542172986,14.472948500943055,4000,11.966281706506015,4.440892098500626e-14
406,naive,-20.355969311860918,0.1713724999999982,0.064,-20.591341811860914,3.17625,8.0,62.0,56.833333333333286,31.872422408298725,4000,-20.591341811860666,2.4868995751603507e-13
407,oracle,78.99626480308663,0.03797000000000358,0.001,78.95729480308663,1.3805,1.0,59.0,61.34393115993222,22.52657573985642,4000,78.95729480308697,3.410605131648481e-13
407,belief,82.87727875644187,0.03884500000000396,0.0,82.83843375644186,1.4545,0.0,62.0,63.93891681771442,24.976846449044103,4000,82.83843375644685,4.988010005035903e-12
407,randomised,87.79205718355567,0.054320000000004615,0.001,87.73673718355566,1.8635,1.0,63.0,64.01289863319461,25.05201379225215,4000,87.73673718355712,1.4637180356658064e-12
407,naive,102.97746710594265,0.3635024999999888,0.1,102.51396460594266,5.44775,10.0,72.0,65.99999999999994,35.13744625004856,4000,102.51396460594576,3.097966327914037e-12
408,oracle,83.54469061137513,0.0737724999999988,0.049,83.42191811137512,2.06175,7.0,77.0,76.9370943373858,22.97096915857582,4000,83.421918111375,1.1368683772161603e-13
408,belief,83.43919608990416,0.0737724999999988,0.049,83.31642358990415,2.06175,7.0,77.0,76.83159981464917,22.97096915857582,4000,83.31642358990409,5.684341886080802e-14
408,randomised,80.47913620928625,0.055577499999999835,0.036000000000000004,80.38755870928625,1.85375,6.0,78.0,77.57408393974224,23.303362080244103,4000,80.387558709285,1.2505552149377763e-12
408,naive,95.98494636471969,0.07657000000000108,0.049,95.85937636471968,2.3315,7.0,99.0,90.75000000000007,37.66374646186233,4000,95.85937636471951,1.7053025658242404e-13
409,oracle,61.14428928787629,0.08961749999999755,0.009000000000000001,61.045671787876294,2.67975,3.0,63.0,65.06409598031748,23.08888193198522,4000,61.0456717878762,9.237055564881302e-14
409,belief,64.42634751209437,0.10527999999999538,0.016,64.30506751209437,2.944,4.0,64.0,65.54742752229303,22.897424030500165,4000,64.30506751209407,2.984279490192421e-13
409,randomised,64.1192399537274,0.10527999999999538,0.016,63.99795995372741,2.944,4.0,64.0,65.24031996024064,22.897424030500165,4000,63.99795995372711,2.984279490192421e-13
409,naive,72.92557694919799,0.2794249999999989,0.025,72.62115194919798,4.6215,5.0,73.0,66.91666666666661,28.406444678888644,4000,72.62115194919807,8.526512829121202e-14
410,oracle,174.78065026077456,0.3406525000000028,0.049,174.39099776077455,4.89975,7.0,57.0,56.26271146224057,19.085559474184723,4000,174.39099776077282,1.7337242752546445e-12
410,belief,175.98165898071818,0.35636750000000417,0.049,175.57629148071817,5.19825,7.0,55.0,54.921433744959636,19.085559474184723,4000,175.57629148071666,1.5063505998114124e-12
410,randomised,139.90443912279574,0.1968799999999976,0.025,139.68255912279574,3.7945,5.0,55.0,55.30522176390809,19.085559474184723,4000,139.68255912279076,4.973799150320701e-12
410,naive,119.58252954362143,0.13143499999999897,0.016,119.43509454362143,3.1315,4.0,70.0,64.1666666666666,29.263421532596908,4000,119.43509454362072,7.105427357601002e-13
411,oracle,36.498278802839195,0.38771999999999224,0.121,35.9895588028392,5.306,11.0,105.0,76.399615798948,5.523258099729571,4000,35.9895588028389,2.984279490192421e-13
411,belief,37.00329367942595,0.38771999999999224,0.121,36.494573679425955,5.306,11.0,105.0,76.90463068159458,5.523258099729571,4000,36.49457367942561,3.410605131648481e-13
411,randomised,36.996041931305626,0.38771999999999224,0.121,36.48732193130563,5.306,11.0,105.0,76.89737893338723,5.523258099729571,4000,36.48732193130533,2.984279490192421e-13
411,naive,27.140224148163725,1.0397400000000023,0.225,25.87548414816372,8.9605,15.0,79.0,72.41666666666664,6.212456899842143,4000,25.875484148164077,3.552713678800501e-13
412,oracle,90.26463065560574,0.3616299999999937,0.064,89.83900065560576,5.6515,8.0,64.0,60.3972610435952,16.14939104387803,4000,89.83900065560708,1.3216094885137863e-12
412,belief,73.44608836105704,0.2931100000000114,0.049,73.10397836105702,5.028,7.0,63.0,59.70953295383599,16.14939104387803,4000,73.10397836105612,8.952838470577262e-13
412,randomised,72.9245762390733,0.2931100000000114,0.049,72.58246623907328,5.028,7.0,63.0,59.18802082559451,16.14939104387803,4000,72.58246623907239,8.952838470577262e-13
412,naive,93.00689245438014,0.2975800000000022,0.036000000000000004,92.67331245438014,5.103,6.0,76.0,69.66666666666663,28.684042410153218,4000,92.67331245438093,7.958078640513122e-13
413,oracle,59.470430213204,0.11065749999999601,0.016,59.343772713204004,2.43675,4.0,54.0,51.084519307856155,12.14850853871797,4000,59.34377271320278,1.2221335055073723e-12
413,belief,59.54201732795724,0.11065749999999601,0.016,59.415359827957246,2.43675,4.0,54.0,51.15610642346833,12.14850853871797,4000,59.415359827956024,1.2221335055073723e-12
413,randomised,55.36600067673493,0.07917499999999979,0.025,55.26182567673493,2.075,5.0,55.0,52.24647158738299,12.777558388701841,4000,55.26182567673412,8.100187187665142e-13
413,naive,62.03012673108145,0.05324000000000321,0.025,61.95188673108145,1.8045,5.0,67.0,61.41666666666661,23.00282554081667,4000,61.95188673107876,2.6929569685307797e-12
414,oracle,-13.81707302179234,0.1028074999999938,0.009000000000000001,-13.928880521792333,2.68775,3.0,59.0,58.919897639030886,20.74040814145882,4000,-13.928880521791848,4.849454171562684e-13
414,belief,18.03886653270885,0.04369250000000279,0.001,17.994174032708848,1.67725,1.0,57.0,57.29442833252541,20.74040814145882,4000,17.994174032708692,1.5631940186722204e-13
414,randomised,3.9961158553260816,0.0646450000000008,0.004,3.9274708553260806,2.089,2.0,58.0,58.22298073532245,20.74040814145882,4000,3.9274708553268773,7.966960424710123e-13
414,naive,0.3958925068351107,0.03790000000000163,0.004,0.3539925068351091,1.569,2.0,66.0,60.49999999999994,27.287071815280946,4000,0.3539925068351266,1.7541523789077473e-14
415,oracle,50.162732702332264,0.3003175000000076,0.0,49.86241520233226,4.29025,0.0,72.0,66.1859613749082,18.000394693083763,4000,49.86241520233075,1.5063505998114124e-12
415,belief,50.19253551081688,0.3003175000000076,0.0,49.892218010816876,4.29025,0.0,72.0,66.21576418375088,18.000394693083763,4000,49.89221801081537,1.5063505998114124e-12
415,randomised,50.54488535395636,0.24185249999999797,0.0,50.30303285395636,3.86825,0.0,72.0,66.15071464190346,18.199874788144804,4000,50.30303285395462,1.7408297026122455e-12
415,naive,47.6364410565365,0.31623500000000737,0.001,47.319206056536494,4.6825,1.0,75.0,68.74999999999996,23.933511274615466,4000,47.31920605653553,9.663381206337363e-13
416,oracle,9.916977763770205,0.42701749999999633,0.049,9.44096026377021,5.10775,7.0,39.0,43.3932225157305,15.85777871689592,4000,9.440960263768996,1.213251721310371e-12
416,belief,10.302769498470752,0.42701749999999633,0.049,9.826751998470757,5.10775,7.0,39.0,43.77901425506025,15.85777871689592,4000,9.826751998469543,1.213251721310371e-12
416,randomised,10.415574863223014,0.42701749999999633,0.049,9.939557363223019,5.10775,7.0,39.0,43.89181962116596,15.85777871689592,4000,9.939557363221805,1.213251721310371e-12
416,naive,-37.49513313492548,1.3860824999999857,0.289,-39.17021563492547,9.66525,17.0,61.0,55.91666666666663,27.26697835367228,4000,-39.17021563492513,3.410605131648481e-13
417,oracle,44.72862075448086,0.0478000000000003,0.025,44.65582075448086,1.6435,5.0,61.0,57.2230892137553,18.903946672783036,4000,44.65582075448116,3.055333763768431e-13
417,belief,29.031847344267362,0.09782000000000027,0.049,28.885027344267364,2.384,7.0,59.0,55.96173160106778,18.903946672783036,4000,28.88502734426714,2.2382096176443156e-13
417,randomised,29.02271447477642,0.09782000000000027,0.049,28.875894474776423,2.384,7.0,59.0,55.95259873146748,18.903946672783036,4000,28.875894474776178,2.4513724383723456e-13
417,naive,67.34076378561338,0.05906500000000094,0.001,67.28069878561337,2.044,1.0,59.0,54.08333333333329,23.21766384905544,4000,67.28069878561422,8.526512829121202e-13
418,oracle,57.45271902627941,0.08942749999999693,0.001,57.362291526279414,2.49025,1.0,53.0,59.865461371788086,26.93120927517932,4000,57.362291526277374,2.0392576516314875e-12
418,belief,57.16776675136656,0.08942749999999693,0.001,57.07733925136656,2.49025,1.0,53.0,59.58050909345608,26.93120927517932,4000,57.07733925136452,2.0392576516314875e-12
418,randomised,56.96231106336678,0.08942749999999693,0.001,56.87188356336679,2.49025,1.0,53.0,59.375053402990915,26.93120927517932,4000,56.87188356336475,2.0392576516314875e-12
418,naive,-45.58581208893452,0.22730499999999862,0.1,-45.91311708893452,3.8375,10.0,66.0,60.49999999999995,35.23945624952235,4000,-45.913117088933504,1.0160761121369433e-12
419,oracle,36.76502823182682,0.31984750000000234,0.169,36.27618073182682,3.95475,13.0,61.0,65.6136813867993,24.92964475086609,4000,36.27618073182644,3.765876499528531e-13
419,belief,41.40358143369963,0.2081399999999981,0.121,41.074441433699626,3.24,11.0,61.0,65.71345677997655,24.99142041181235,4000,41.07444143370011,4.831690603168681e-13
419,randomised,41.661009224954796,0.2081399999999981,0.121,41.331869224954794,3.24,11.0,61.0,65.97088457432083,24.99142041181235,4000,41.33186922495528,4.831690603168681e-13
419,naive,37.001353084276616,0.18351749999999747,0.14400000000000002,36.67383558427662,2.95375,12.0,78.0,71.49999999999997,32.01333489596129,4000,36.67383558427699,3.765876499528531e-13
420,oracle,56.01799417572795,0.3262624999999915,0.1,55.59173167572796,4.32275,10.0,80.0,74.21399504758655,21.510563223892046,4000,55.59173167572773,2.2737367544323206e-13
420,belief,54.596722812451844,0.2853749999999926,0.081,54.230347812451846,4.105,9.0,79.0,73.64786012783098,21.510563223892046,4000,54.23034781245069,1.1581846592889633e-12
420,randomised,53.94037919440518,0.2853749999999926,0.081,53.574004194405184,4.105,9.0,79.0,72.99151650190841,21.510563223892046,4000,53.57400419440394,1.2434497875801753e-12
420,naive,83.99592300563882,0.30239499999999825,0.1,83.59352800563882,4.233,10.0,76.0,69.66666666666663,28.91432382433172,4000,83.59352800563872,9.947598300641403e-14
421,oracle,70.61406710823789,0.3158949999999964,0.004,70.29417210823789,5.101,2.0,72.0,63.70920115351426,13.4436141471144,4000,70.29417210823745,4.405364961712621e-13
421,belief,70.54225748895105,0.2825624999999972,0.001,70.25869498895105,4.76475,1.0,71.0,63.49153340427656,13.4436141471144,4000,70.25869498895176,7.105427357601002e-13
421,randomised,70.55955409995578,0.2825624999999972,0.001,70.27599159995577,4.76475,1.0,71.0,63.5088300154888,13.4436141471144,4000,70.27599159995648,7.105427357601002e-13
421,naive,72.39449417375141,0.4289799999999943,0.009000000000000001,71.95651417375142,5.899,3.0,73.0,66.91666666666661,18.93152776836251,4000,71.95651417375056,8.526512829121202e-13
422,oracle,40.356765506420686,0.04397500000000051,0.009000000000000001,40.30379050642068,1.742,3.0,49.0,57.21026798384423,25.086897639462762,4000,40.3037905064204,2.8421709430404007e-13
422,belief,40.2724195158666,0.04397500000000051,0.009000000000000001,40.2194445158666,1.742,3.0,49.0,57.125921992277796,25.086897639462762,4000,40.219444515866314,2.8421709430404007e-13
422,randomised,40.356765506420686,0.04397500000000051,0.009000000000000001,40.30379050642068,1.742,3.0,49.0,57.21026798384423,25.086897639462762,4000,40.3037905064204,2.8421709430404007e-13
422,naive,49.968476114121884,0.1660750000000065,0.001,49.80140111412188,3.694,1.0,63.0,57.74999999999995,33.5251648565572,4000,49.801401114121106,7.744915819785092e-13
423,oracle,29.03730032297574,0.17138000000000397,0.001,28.864920322975735,3.5025,1.0,83.0,62.92877211698746,4.08253796699643,4000,28.864920322977042,1.3073986337985843e-12
423,belief,28.648572800659082,0.17138000000000397,0.001,28.476192800659078,3.5025,1.0,83.0,62.54004459000671,4.08253796699643,4000,28.476192800660375,1.2967404927621828e-12
423,randomised,28.011775178114007,0.20133500000000215,0.0,27.810440178114003,3.7925,0.0,82.0,61.784901139854604,4.08253796699643,4000,27.81044017811537,1.3677947663381929e-12
423,naive,42.131811664793986,0.20296750000000005,0.025,41.90384416479399,3.85475,5.0,63.0,57.74999999999995,5.388719951673441,4000,41.90384416479139,2.6005864128819667e-12
424,oracle,93.32210779969205,0.18796250000000153,0.081,93.05314529969205,3.20875,9.0,61.0,53.91109752611892,12.518174860228854,4000,93.05314529969307,1.0231815394945443e-12
424,belief,90.24623319367299,0.1377299999999982,0.064,90.044503193673,2.673,8.0,60.0,53.29244311441945,12.518174860228854,4000,90.04450319367291,8.526512829121202e-14
424,randomised,90.63729087250579,0.1377299999999982,0.064,90.43556087250579,2.673,8.0,60.0,53.68350079794467,12.518174860228854,4000,90.43556087250565,1.4210854715202004e-13
424,naive,86.19512143015083,0.15387749999999611,0.064,85.97724393015085,2.87025,8.0,56.0,51.3333333333333,15.71754863618073,4000,85.97724393014997,8.810729923425242e-13
425,oracle,18.12031614848854,0.08586000000000213,0.049,17.985456148488538,2.503,7.0,57.0,50.61171924987784,11.386083629328192,4000,17.98545614848835,1.8829382497642655e-13
425,belief,5.567486244545535,0.11741249999999875,0.081,5.369073744545536,2.63925,9.0,55.0,49.85772489196054,11.60439568727544,4000,5.369073744546272,7.362999099314038e-13
425,randomised,-4.273175435219059,0.15083499999999503,0.064,-4.488010435219055,3.2745,8.0,58.0,51.34035686488055,11.860638650535517,4000,-4.488010435218601,4.53859172466764e-13
425,naive,14.122359920857434,0.11483999999999955,0.081,13.926519920857436,2.7165,9.0,59.0,54.08333333333329,19.20037199952242,4000,13.92651992085776,3.2507330161024584e-13
426,oracle,53.36169888404578,0.07351250000000074,0.001,53.28718638404578,2.24525,1.0,59.0,61.87692736961378,19.064595417425902,4000,53.287186384045185,5.968558980384842e-13
426,belief,53.54581867292919,0.07351250000000074,0.001,53.47130617292919,2.24525,1.0,59.0,62.061047160706224,19.064595417425902,4000,53.47130617292859,5.968558980384842e-13
426,randomised,53.36169888404578,0.07351250000000074,0.001,53.28718638404578,2.24525,1.0,59.0,61.87692736961378,19.064595417425902,4000,53.287186384045185,5.968558980384842e-13
426,naive,58.486607781258556,0.2087025000000056,0.009000000000000001,58.26890528125855,3.23875,3.0,79.0,72.41666666666664,29.427567399084015,4000,58.26890528125671,1.8403056856186595e-12
427,oracle,35.76328042666316,0.06984000000000253,0.009000000000000001,35.68444042666316,1.947,3.0,63.0,68.54232279802183,27.030699179674034,4000,35.6844404266621,1.0587086762825493e-12
427,belief,35.76992718639687,0.06984000000000253,0.009000000000000001,35.69108718639687,1.947,3.0,63.0,68.54896955783526,27.030699179674034,4000,35.69108718639582,1.0516032489249483e-12
427,randomised,37.47428356689133,0.07177000000000153,0.009000000000000001,37.39351356689133,1.993,3.0,65.0,70.87567749291817,28.860843835648588,4000,37.39351356689033,1.0018652574217413e-12
427,naive,83.10982048179125,0.15194249999999931,0.036000000000000004,82.92187798179124,3.39275,6.0,80.0,73.33333333333331,34.40739235736537,4000,82.9218779817913,5.684341886080802e-14
428,oracle,33.24103088440768,0.3516525000000021,0.14400000000000002,32.74537838440768,4.24225,12.0,62.0,60.26955087395569,22.54178104110781,4000,32.74537838440749,1.9184653865522705e-13
428,belief,33.374674819551046,0.3516525000000021,0.14400000000000002,32.87902231955105,4.24225,12.0,62.0,60.40319481070264,22.54178104110781,4000,32.879022319550856,1.9184653865522705e-13
428,randomised,33.24103088440768,0.3516525000000021,0.14400000000000002,32.74537838440768,4.24225,12.0,62.0,60.26955087395569,22.54178104110781,4000,32.74537838440749,1.9184653865522705e-13
428,naive,34.65570214247498,0.19573749999999657,0.064,34.39596464247498,3.40575,8.0,70.0,64.1666666666666,30.696017658975652,4000,34.39596464247453,4.476419235288631e-13
429,oracle,-55.217157239747266,0.23903749999999943,0.0,-55.45619473974727,4.23775,0.0,68.0,66.99569396952614,23.309372764510805,4000,-55.4561947397476,3.339550858072471e-13
429,belief,-54.971525139404235,0.25192999999999854,0.0,-55.22345513940424,4.3625,0.0,66.0,66.29316032686997,23.309372764510805,4000,-55.22345513940492,6.821210263296962e-13
429,randomised,-54.48095596550546,0.2534674999999995,0.001,-54.735423465505455,4.43425,1.0,65.0,65.0051401647366,23.309372764510805,4000,-54.73542346550637,9.166001291305292e-13
429,naive,-103.15159192967951,0.7698375000000097,0.049,-103.97042942967953,7.54375,7.0,77.0,70.5833333333333,34.076137469528696,4000,-103.97042942968135,1.8189894035458565e-12
430,oracle,87.41779511078278,0.3491499999999976,0.081,86.98764511078278,5.33,9.0,77.0,69.15970996523616,21.942267397936934,4000,86.98764511078312,3.410605131648481e-13
430,belief,93.0439339872978,0.42152999999999075,0.1,92.52240398729782,5.7885,10.0,78.0,70.17072847082133,22.11550038724176,4000,92.52240398729899,1.1652900866465643e-12
430,randomised,78.01149798524159,0.32424999999998905,0.064,77.6232479852416,5.1285,8.0,76.0,67.45046203365125,21.942267397936934,4000,77.62324798524284,1.2363443602225743e-12
430,naive,113.80978642551509,0.8765674999999883,0.256,112.67721892551509,7.57025,16.0,74.0,67.83333333333329,26.86050331001655,4000,112.67721892551508,1.4210854715202004e-14
431,oracle,47.338506440345384,0.09673999999999747,0.009000000000000001,47.23276644034539,2.5345,3.0,61.0,63.280181669117205,24.29406747156011,4000,47.232766440347206,1.8189894035458565e-12
431,belief,47.81509438760247,0.09673999999999747,0.009000000000000001,47.709354387602474,2.5345,3.0,61.0,63.75676962209283,24.29406747156011,4000,47.70935438760429,1.8189894035458565e-12
431,randomised,47.84390045342576,0.09673999999999747,0.009000000000000001,47.73816045342576,2.5345,3.0,61.0,63.78557568826205,24.29406747156011,4000,47.73816045342758,1.8189894035458565e-12
431,naive,35.247319948280506,0.45052249999999916,0.036000000000000004,34.760797448280506,5.80075,6.0,74.0,67.83333333333329,40.009677279600474,4000,34.76079744828046,4.973799150320701e-14
432,oracle,-14.565411199323876,0.4717875,0.049,-15.086198699323875,6.58325,7.0,67.0,64.54435900282051,19.96430983692042,4000,-15.086198699326097,2.2222224060897133e-12
432,belief,-14.45454314483652,0.4717875,0.049,-14.97533064483652,6.58325,7.0,67.0,64.65522705863815,19.96430983692042,4000,-14.975330644838742,2.2222224060897133e-12
432,randomised,-14.565411199323876,0.4717875,0.049,-15.086198699323875,6.58325,7.0,67.0,64.54435900282051,19.96430983692042,4000,-15.086198699326097,2.2222224060897133e-12
432,naive,-19.69948038222128,0.9997875000000057,0.14400000000000002,-20.843267882221287,9.64725,12.0,70.0,64.1666666666666,32.581739504699364,4000,-20.8432678822223,1.0125233984581428e-12
433,oracle,52.42730642779628,0.11805749999999661,0.016,52.293248927796284,2.82625,4.0,58.0,61.71571077907654,25.69437781337578,4000,52.293248927800896,4.61142235508305e-12
433,belief,41.05370576186891,0.10394250000000076,0.016,40.93376326186891,2.64075,4.0,56.0,60.14473367676584,25.671937671314364,4000,40.933763261868705,2.0605739337042905e-13
433,randomised,41.31491874284501,0.10394250000000076,0.016,41.19497624284501,2.64075,4.0,56.0,60.40594666087599,25.671937671314364,4000,41.19497624284494,7.105427357601002e-14
433,naive,65.59021986913353,0.1251449999999972,0.009000000000000001,65.45607486913353,2.6875,3.0,67.0,61.41666666666661,31.3980487900947,4000,65.45607486913583,2.3021584638627246e-12
434,oracle,46.976268523137946,0.14555750000000475,0.049,46.781711023137944,3.45475,7.0,75.0,60.12584397657416,12.820014799566776,4000,46.78171102313807,1.2789769243681803e-13
434,belief,47.19006613500028,0.14477250000000472,0.036000000000000004,47.009293635000276,3.44825,6.0,74.0,60.339927742343136,12.820014799566776,4000,47.00929363500051,2.3447910280083306e-13
434,randomised,47.28848385233209,0.14477250000000472,0.036000000000000004,47.10771135233209,3.44825,6.0,74.0,60.438345460855984,12.820014799566776,4000,47.10771135233221,1.2079226507921703e-13
434,naive,56.2777790212574,0.23348249999999665,0.14400000000000002,55.90029652125741,3.65675,12.0,60.0,54.99999999999996,16.606060104607394,4000,55.90029652125815,7.389644451905042e-13
435,oracle,105.79072956159882,0.49300999999999784,0.064,105.23371956159883,5.824,8.0,44.0,43.26727195981407,15.038302676645037,4000,105.23371956160013,1.2931877790833823e-12
435,belief,105.68665968205619,0.49300999999999784,0.064,105.1296496820562,5.824,8.0,44.0,43.163202079022334,15.038302676645037,4000,105.12964968205749,1.2931877790833823e-12
435,randomised,100.64139828375835,0.4263174999999918,0.049,100.16608078375835,5.49575,7.0,43.0,42.53190104700096,15.038302676645037,4000,100.16608078375894,5.968558980384842e-13
435,naive,81.11238960750347,0.23938249999999778,0.036000000000000004,80.83700710750348,3.74075,6.0,52.0,47.66666666666664,24.0455144172462,4000,80.83700710750243,1.0516032489249483e-12
436,oracle,-8.040302634714578,0.35047499999999626,0.025,-8.415777634714575,5.3505,5.0,51.0,48.793993123540844,17.19120268472578,4000,-8.415777634713756,8.189005029635155e-13
436,belief,-9.711658673538068,0.35292249999999253,0.036000000000000004,-10.10058117353806,5.37275,6.0,52.0,49.286927398500914,17.40525007572058,4000,-10.100581173537257,8.029132914089132e-13
436,randomised,-8.04810928834587,0.35047499999999626,0.025,-8.423584288345866,5.3505,5.0,51.0,48.78618646981609,17.19120268472578,4000,-8.423584288345083,7.833733661755105e-13
436,naive,30.050388898998108,0.24813499999999436,0.049,29.753253898998114,4.128,7.0,61.0,55.91666666666662,22.93006853807245,4000,29.753253898998164,4.973799150320701e-14
437,oracle,29.676101074825226,0.08585999999999568,0.009000000000000001,29.58124107482523,2.527,3.0,85.0,67.21592016472472,7.731878739928031,4000,29.581241074823396,1.8332002582610585e-12
437,belief,40.19310194519565,0.07722250000000024,0.004,40.111879445195655,2.30175,2.0,86.0,67.63468684428305,7.755976277319266,4000,40.111879445195285,3.694822225952521e-13
437,randomised,40.42817539409347,0.07722250000000024,0.004,40.34695289409348,2.30175,2.0,86.0,67.86976029600123,7.755976277319266,4000,40.34695289409311,3.694822225952521e-13
437,naive,-43.22813654233528,0.28944500000000023,0.121,-43.63858154233528,4.398,11.0,77.0,70.5833333333333,12.559116676154732,4000,-43.638581542336304,1.0231815394945443e-12
438,oracle,21.2443628008497,0.05247000000000214,0.0,21.191892800849697,1.893,0.0,58.0,58.69528222582092,20.393074388969904,4000,21.19189280084967,2.842170943040401e-14
438,belief,21.190299445477265,0.05247000000000214,0.0,21.137829445477262,1.893,0.0,58.0,58.64121886979973,20.393074388969904,4000,21.13782944547723,3.197442310920451e-14
438,randomised,21.2443628008497,0.05247000000000214,0.0,21.191892800849697,1.893,0.0,58.0,58.69528222582092,20.393074388969904,4000,21.19189280084967,2.842170943040401e-14
438,naive,-12.634908658839606,0.18981250000000027,0.016,-12.840721158839607,3.83975,4.0,72.0,65.99999999999994,32.5744720124903,4000,-12.84072115883953,7.638334409421077e-14
439,oracle,85.48554574919879,0.08621999999999765,0.001,85.39832574919879,2.503,1.0,51.0,49.04931934763932,16.99899252055611,4000,85.39832574919849,2.984279490192421e-13
439,belief,84.17420292943922,0.08155999999999859,0.001,84.09164292943922,2.423,1.0,49.0,47.73580830095299,16.99899252055611,4000,84.09164292943893,2.8421709430404007e-13
439,randomised,89.60661039572966,0.08922499999999686,0.0,89.51738539572966,2.6315,0.0,52.0,49.71782278740645,17.241048159714527,4000,89.51738539572919,4.689582056016661e-13
439,naive,140.7999235262814,0.1858800000000087,0.001,140.6130435262814,3.8315,1.0,51.0,46.74999999999998,24.47284229868141,4000,140.6130435262808,5.968558980384842e-13
440,oracle,40.69938815764215,0.03236500000000028,0.016,40.65102315764215,1.391,4.0,58.0,58.70677833871132,20.50552430568958,4000,40.65102315764035,1.7976731214730535e-12
440,belief,40.81621659171634,0.03236500000000028,0.016,40.767851591716344,1.391,4.0,58.0,58.823606774187276,20.50552430568958,4000,40.76785159171413,2.2168933355715126e-12
440,randomised,41.20009569854301,0.03236500000000028,0.016,41.15173069854301,1.391,4.0,58.0,59.20748588562029,20.50552430568958,4000,41.151730698540796,2.2168933355715126e-12
440,naive,30.698215623630176,0.06306750000000405,0.025,30.610148123630175,2.21125,5.0,63.0,57.74999999999995,26.117097844396866,4000,30.6101481236309,7.247535904753022e-13
441,oracle,10.311317237141736,0.06353250000000217,0.016,10.231784737141734,2.15425,4.0,46.0,50.73013603051395,22.38906547589745,4000,10.231784737141274,4.600764214046649e-13
441,belief,10.688894618940083,0.06782000000000177,0.016,10.605074618940082,2.248,4.0,46.0,51.48494503091404,22.471323709715524,4000,10.605074618939769,3.126388037344441e-13
441,randomised,11.311310828445983,0.06353250000000217,0.016,11.23177832844598,2.15425,4.0,46.0,51.730129633817356,22.38906547589745,4000,11.231778328445513,4.671818487622659e-13
441,naive,-42.57179358449184,0.3406974999999886,0.1,-43.012491084491835,4.89975,10.0,64.0,58.66666666666662,31.535949774146417,4000,-43.012491084492474,6.394884621840902e-13
442,oracle,48.617856002691695,0.02490499999999981,0.004,48.5889510026917,1.278,2.0,70.0,56.68384468824787,13.401373848986498,4000,48.58895100269031,1.3926637620897964e-12
442,belief,43.97109562100752,0.018172500000000223,0.001,43.951923121007525,0.99575,1.0,69.0,55.64529521040789,13.401373848986498,4000,43.95192312100654,9.876544027065393e-13
442,randomised,47.11012656574863,0.02490499999999981,0.004,47.081221565748635,1.278,2.0,70.0,55.17611523321337,13.401373848986498,4000,47.08122156574754,1.0942358130705543e-12
442,naive,53.08820342281683,0.26103500000000157,0.036000000000000004,52.79116842281683,4.299,6.0,62.0,56.833333333333286,15.928497145302726,4000,52.79116842281704,2.0605739337042905e-13
443,oracle,45.37914890034148,0.13950249999999823,0.025,45.21464640034148,3.09775,5.0,67.0,62.77563046965075,19.65923275041323,4000,45.214646400340506,9.734435479913373e-13
443,belief,41.383946920931976,0.18933999999999418,0.049,41.14560692093198,3.7115,7.0,67.0,63.57064906348508,19.844977637784343,4000,41.14560692093078,1.2008172234345693e-12
443,randomised,46.36461342727756,0.10701500000000233,0.025,46.23259842727756,2.677,5.0,67.0,62.757447933965935,20.011344169976635,4000,46.23259842727675,8.100187187665142e-13
443,naive,72.17487905403894,0.07083499999999765,0.004,72.10004405403893,2.2265,2.0,78.0,71.49999999999997,29.355678214904795,4000,72.10004405403835,5.826450433232822e-13
444,oracle,75.16798166727088,0.07752749999999983,0.001,75.08945416727087,2.45775,1.0,61.0,62.71387074703842,20.4130671035423,4000,75.08945416726782,3.055333763768431e-12
444,belief,77.409997138112,0.09677999999999669,0.004,77.309217138112,2.8155,2.0,60.0,61.992606365800604,20.4130671035423,4000,77.30921713811428,2.2737367544323206e-12
444,randomised,75.16798166727088,0.07752749999999983,0.001,75.08945416727087,2.45775,1.0,61.0,62.71387074703842,20.4130671035423,4000,75.08945416726782,3.055333763768431e-12
444,naive,81.46688701450883,0.08433249999999763,0.001,81.38155451450882,2.52075,1.0,75.0,68.74999999999996,30.28020923470923,4000,81.381554514511,2.1742607714259066e-12
445,oracle,52.6698729356969,0.11203250000000411,0.025,52.5328404356969,2.81875,5.0,95.0,70.95327905588975,6.5435797079633256,4000,52.53284043569479,2.1103119252074976e-12
445,belief,49.76669755456874,0.09592250000000246,0.025,49.64577505456874,2.56425,5.0,95.0,70.96354355586796,6.72347596482808,4000,49.645775054566236,2.5011104298755527e-12
445,randomised,49.960013781120495,0.09794250000000247,0.025,49.837071281120494,2.60325,5.0,95.0,70.95304621190886,6.5435797079633256,4000,49.83707128111798,2.5153212845907547e-12
445,naive,151.86083915273628,1.0256450000000044,0.1,150.73519415273628,9.789,10.0,84.0,77.0,11.846781629343745,4000,150.7351941527369,6.252776074688882e-13
446,oracle,30.96150496312822,0.09827249999999683,0.009000000000000001,30.854232463128223,2.60225,3.0,63.0,61.571783355477166,17.19674638304791,4000,30.854232463129144,9.201528428093297e-13
446,belief,28.13809108196517,0.0921349999999975,0.016,28.029956081965175,2.4655,4.0,62.0,61.48005233136886,17.19674638304791,4000,28.029956081965626,4.511946372076636e-13
446,randomised,38.83114063184007,0.05301000000000335,0.025,38.75313063184007,1.969,5.0,63.0,62.06219553376241,19.128445719359245,4000,38.75313063183857,1.4992451724538114e-12
446,naive,29.871581908453095,0.07111750000000096,0.016,29.784464408453097,2.19425,4.0,62.0,56.833333333333286,23.472567438032936,4000,29.78446440845342,3.232969447708456e-13
447,oracle,-27.34836178408591,0.6925649999999876,0.256,-28.296926784085898,6.803,16.0,48.0,55.8428008383101,26.39626045892805,4000,-28.296926784085066,8.313350008393172e-13
447,belief,-27.89586580553305,0.6925649999999876,0.256,-28.844430805533037,6.803,16.0,48.0,55.295296810293685,26.39626045892805,4000,-28.844430805532262,7.744915819785092e-13
447,randomised,-18.749454414676848,0.5664050000000054,0.225,-19.540859414676856,5.9705,15.0,49.0,55.881335381259646,26.793122786303496,4000,-19.540859414675975,8.810729923425242e-13
447,naive,-9.484403268570304,0.6739949999999979,0.324,-10.482398268570302,6.407,18.0,72.0,65.99999999999994,40.23799136304095,4000,-10.482398268570913,6.110667527536862e-13
448,oracle,106.19956228528486,0.2626949999999992,0.225,105.71186728528487,3.9815,15.0,75.0,66.40298429217899,15.849282198104822,4000,105.71186728528373,1.1368683772161603e-12
448,belief,109.00103017565084,0.33108499999999946,0.256,108.41394517565084,4.5975,16.0,74.0,66.05095397450697,15.849282198104822,4000,108.41394517564912,1.7195134205394424e-12
448,randomised,108.79882638431286,0.33108499999999946,0.256,108.21174138431286,4.5975,16.0,74.0,65.8487501807432,15.849282198104822,4000,108.21174138431114,1.7195134205394424e-12
448,naive,159.25515691041505,0.8760274999999983,0.441,157.93812941041506,7.62525,21.0,75.0,68.74999999999996,20.775217951648543,4000,157.9381294104115,3.552713678800501e-12
449,oracle,-178.3729863464598,0.5336850000000026,0.14400000000000002,-179.0506713464598,5.813,12.0,60.0,58.55664152677298,19.61329970374752,4000,-179.05067134646168,1.8758328224066645e-12
449,belief,-178.56744870859552,0.5336850000000026,0.14400000000000002,-179.24513370859552,5.813,12.0,60.0,58.362179162303605,19.61329970374752,4000,-179.24513370859722,1.7053025658242404e-12
449,randomised,-198.81936256437416,0.642969999999999,0.169,-199.63133256437416,6.3795,13.0,59.0,57.99309902057121,19.61329970374752,4000,-199.63133256437902,4.860112312599085e-12
449,naive,-224.73793260681646,0.7384500000000002,0.225,-225.70138260681645,6.776,15.0,61.0,55.91666666666662,23.48151325132068,4000,-225.70138260682094,4.490630090003833e-12
450,oracle,74.26406758880466,0.3735924999999969,0.064,73.82647508880467,5.36025,8.0,62.0,53.14894000589909,12.925827375315405,4000,73.82647508880424,4.263256414560601e-13
450,belief,71.36512932154392,0.3217924999999934,0.049,70.99433682154392,5.05925,7.0,63.0,54.04000683615436,13.273219569603997,4000,70.99433682154476,8.384404281969182e-13
450,randomised,73.59849769226275,0.37667249999999675,0.064,73.15782519226276,5.43375,8.0,62.0,52.65183735743099,13.09472115261794,4000,73.15782519226232,4.405364961712621e-13
450,naive,35.1061790861292,0.03390500000000003,0.009000000000000001,35.063274086129205,1.382,3.0,67.0,61.416666666666615,18.225050184659032,4000,35.06327408612811,1.0942358130705543e-12
451,oracle,61.62116551351967,0.061782500000004535,0.001,61.558383013519666,1.83575,1.0,83.0,66.862472948013,11.367877224678454,4000,61.55838301351679,2.8776980798284058e-12
451,belief,61.94894495583135,0.061782500000004535,0.001,61.88616245583135,1.83575,1.0,83.0,67.19025239425801,11.367877224678454,4000,61.88616245582847,2.8776980798284058e-12
451,randomised,68.88097803675329,0.08757499999999771,0.001,68.79240303675329,2.114,1.0,85.0,68.19713117078577,11.42099837284533,4000,68.79240303675356,2.7000623958883807e-13
451,naive,47.371041837871644,0.09753249999999715,0.016,47.257509337871646,2.45675,4.0,68.0,62.33333333333327,15.661970699581024,4000,47.2575093378729,1.2505552149377763e-12
452,oracle,-29.804123342449174,0.157429999999996,0.001,-29.96255334244917,3.6,1.0,59.0,56.43491483670696,17.038250013561047,4000,-29.96255334244873,4.405364961712621e-13
452,belief,-29.591604460723715,0.157429999999996,0.001,-29.75003446072371,3.6,1.0,59.0,56.64743372098205,17.038250013561047,4000,-29.75003446072334,3.694822225952521e-13
452,randomised,-29.286939889335116,0.157429999999996,0.001,-29.44536988933511,3.6,1.0,59.0,56.952098296026726,17.038250013561047,4000,-29.445369889334742,3.694822225952521e-13
452,naive,-6.9830027344142565,0.07565249999999953,0.001,-7.059655234414256,1.86275,1.0,65.0,59.58333333333328,24.476051086836858,4000,-7.0596552344147065,4.503064587879635e-13
453,oracle,51.3995550136292,0.14243749999999666,0.004,51.2531175136292,3.30425,2.0,48.0,48.60046522337243,17.023298575065866,4000,51.25311751362805,1.1510792319313623e-12
453,belief,51.37701216940937,0.14243749999999666,0.004,51.23057466940937,3.30425,2.0,48.0,48.57792237888239,17.023298575065866,4000,51.23057466940822,1.1510792319313623e-12
453,randomised,51.3995550136292,0.14243749999999666,0.004,51.2531175136292,3.30425,2.0,48.0,48.60046522337243,17.023298575065866,4000,51.25311751362805,1.1510792319313623e-12
453,naive,22.176770440506687,0.12350250000000168,0.025,22.028267940506687,2.75175,5.0,59.0,54.08333333333329,23.830887921989216,4000,22.028267940506527,1.5987211554602254e-13
454,oracle,-26.520455110605326,0.3843275000000141,0.036000000000000004,-26.940782610605343,5.61025,6.0,54.0,54.82495570652472,18.833317680390657,4000,-26.940782610607076,1.7337242752546445e-12
454,belief,-30.163418075971435,0.39711250000001436,0.049,-30.609530575971448,5.71775,7.0,53.0,54.142033438579205,18.833317680390657,4000,-30.609530575973242,1.794120407794253e-12
454,randomised,-30.12226952063179,0.39711250000001436,0.049,-30.5683820206318,5.71775,7.0,53.0,54.18318199441255,18.833317680390657,4000,-30.568382020633596,1.794120407794253e-12
454,naive,-63.43698572379026,1.5554074999999559,0.289,-65.28139322379022,11.46625,17.0,65.0,59.58333333333328,28.68143951740211,4000,-65.28139322379191,1.6910917111090384e-12
455,oracle,66.62874300757062,0.1457425000000013,0.049,66.43400050757062,3.06175,7.0,85.0,66.31365325335898,10.661820759869643,4000,66.43400050756736,3.254285729781259e-12
455,belief,66.24437279293943,0.1457425000000013,0.049,66.04963029293943,3.06175,7.0,85.0,65.92928303411571,10.661820759869643,4000,66.04963029293617,3.254285729781259e-12
455,randomised,65.85466882135029,0.13398750000000453,0.036000000000000004,65.68468132135028,2.97125,6.0,84.0,65.6394057971055,10.661820759869643,4000,65.68468132134818,2.1032064978498966e-12
455,naive,11.394712195799457,0.26461999999999347,0.081,11.049092195799464,4.5175,9.0,81.0,74.24999999999997,16.406273047214764,4000,11.049092195799016,4.476419235288631e-13
456,oracle,100.90317111976702,0.141187499999999,0.016,100.74598361976702,3.39275,4.0,86.0,73.48006706354712,11.563227336636707,4000,100.74598361976848,1.4637180356658064e-12
456,belief,100.77688207470925,0.141187499999999,0.016,100.61969457470924,3.39275,4.0,86.0,73.35377801697406,11.563227336636707,4000,100.6196945747107,1.4637180356658064e-12
456,randomised,92.99451365343094,0.11716499999999432,0.009000000000000001,92.86834865343094,3.0475,3.0,87.0,74.12837843295588,11.963836413513919,4000,92.86834865343113,1.8474111129762605e-13
456,naive,90.1778418783627,0.112809999999994,0.025,90.0400318783627,2.9385,5.0,83.0,76.08333333333334,15.90815419501706,4000,90.04003187836324,5.400124791776761e-13
457,oracle,57.063820605006526,0.027904999999998664,0.016,57.01991560500653,1.3505,4.0,72.0,67.04789694401747,19.78598147450937,4000,57.019915605005444,1.0871303857129533e-12
457,belief,55.605689113360455,0.02293499999999861,0.004,55.57875411336046,1.291,2.0,70.0,65.58724866745334,19.78598147450937,4000,55.57875411335898,1.4779288903810084e-12
457,randomised,56.563715109443024,0.027904999999998664,0.016,56.51981010944303,1.3505,4.0,72.0,66.54779144245308,19.78598147450937,4000,56.51981010944194,1.0871303857129533e-12
457,naive,54.73930756260914,0.038860000000000235,0.001,54.699447562609144,1.598,1.0,67.0,61.416666666666615,23.99020744253671,4000,54.69944756260892,2.2737367544323206e-13
458,oracle,65.99165654275902,0.1138099999999959,0.009000000000000001,65.86884654275902,3.0225,3.0,73.0,71.28092639631957,21.867408632968292,4000,65.86884654275897,4.263256414560601e-14
458,belief,66.42449485253081,0.1138099999999959,0.009000000000000001,66.30168485253081,3.0225,3.0,73.0,71.71376471128504,21.867408632968292,4000,66.30168485253083,1.4210854715202004e-14
458,randomised,65.14679153145124,0.1125124999999963,0.009000000000000001,65.02527903145125,2.99075,3.0,71.0,70.43401586727165,21.867408632968292,4000,65.02527903145113,1.1368683772161603e-13
458,naive,118.04738193845867,0.15792749999999658,0.036000000000000004,117.85345443845867,3.20525,6.0,82.0,75.16666666666667,29.820281644303346,4000,117.85345443846118,2.5153212845907547e-12
459,oracle,78.67564626659936,0.14476750000000396,0.004,78.52687876659935,3.47275,2.0,46.0,50.770320277273946,12.423315740845698,4000,78.52687876659999,6.394884621840902e-13
459,belief,82.18683306187589,0.16672749999999575,0.001,82.01910556187589,3.73875,1.0,47.0,52.36682158552681,12.537306707453729,4000,82.01910556187956,3.666400516522117e-12
459,randomised,78.67564626659936,0.14476750000000396,0.004,78.52687876659935,3.47275,2.0,46.0,50.770320277273946,12.423315740845698,4000,78.52687876659999,6.394884621840902e-13
459,naive,111.84102137130606,0.5667225000000017,0.049,111.22529887130605,7.19325,7.0,63.0,57.74999999999995,22.502898248513603,4000,111.22529887130968,3.623767952376511e-12
460,oracle,4.065352745408745,0.7347449999999913,0.121,3.209607745408754,7.3765,11.0,61.0,58.81414152324421,13.748284236279101,4000,3.209607745407633,1.120881165661558e-12
460,belief,2.146217558474973,0.7346999999999912,0.121,1.2905175584749817,7.372,11.0,59.0,56.894987873508626,13.748284236279101,4000,1.290517558474179,8.026912468039882e-13
460,randomised,11.339508915503984,0.6579424999999838,0.1,10.581566415504001,7.06425,10.0,62.0,58.92743062464441,15.506224753342876,4000,10.58156641550173,2.2719603975929203e-12
460,naive,19.028007379984047,0.20465499999999712,0.064,18.75935237998405,3.9625,8.0,64.0,58.666666666666615,23.98973833194159,4000,18.759352379983778,2.7355895326763857e-13
461,oracle,52.19245595809957,0.1538524999999981,0.016,52.022603458099574,3.44475,4.0,74.0,56.45261067938801,6.273784981335965,4000,52.022603458100306,7.318590178329032e-13
461,belief,51.653913962261186,0.20238249999999927,0.025,51.42653146226119,4.09475,5.0,73.0,55.92509960830024,6.273784981335965,4000,51.426531462262496,1.3073986337985843e-12
461,randomised,51.55580507515555,0.20238249999999927,0.025,51.32842257515555,4.09475,5.0,73.0,55.826990720017236,6.273784981335965,4000,51.32842257515685,1.3002932064409833e-12
461,naive,47.82273667314607,0.12275999999999947,0.004,47.69597667314607,2.9215,2.0,62.0,56.833333333333286,13.215639434432209,4000,47.69597667314691,8.384404281969182e-13
462,oracle,-20.577884312196602,0.21173500000000062,0.016,-20.8056193121966,4.333,4.0,58.0,61.334744191655766,26.374778470446987,4000,-20.80561931219668,7.815970093361102e-14
462,belief,-24.149774818756555,0.23494000000000154,0.016,-24.400714818756555,4.6395,4.0,60.0,63.02501837255095,26.51637539889506,4000,-24.40071481875655,3.552713678800501e-15
462,randomised,-16.982179385589404,0.1770999999999948,0.009000000000000001,-17.1682793855894,3.9985,3.0,59.0,60.473134770573864,26.482644864602793,4000,-17.168279385589333,6.750155989720952e-14
462,naive,-68.24656591024382,0.8694899999999914,0.225,-69.3410559102438,7.8135,15.0,75.0,68.74999999999996,36.63222675662932,4000,-69.34105591024333,4.689582056016661e-13
463,oracle,41.99264291888146,0.02657249999999966,0.001,41.96507041888146,1.25825,1.0,59.0,56.850105456459545,15.349446219856283,4000,41.96507041888066,8.029132914089132e-13
463,belief,41.96514239209078,0.02657249999999966,0.001,41.937569892090785,1.25825,1.0,59.0,56.82260492933889,15.349446219856283,4000,41.93756989208998,8.029132914089132e-13
463,randomised,42.726341716642054,0.03688500000000096,0.004,42.68545671664206,1.4385,2.0,60.0,57.52914326426003,15.726296267057002,4000,42.68545671664184,2.2026824808563106e-13
463,naive,37.67134088885632,0.05123499999999986,0.016,37.604105888856324,1.6235,4.0,66.0,60.49999999999994,20.493242170642723,4000,37.60410588885606,2.6290081223123707e-13
464,oracle,44.79062699931356,0.1374675000000037,0.004,44.649159499313555,3.21725,2.0,76.0,67.7441028329062,16.166613989212358,4000,44.64915949931434,7.815970093361102e-13
464,belief,44.75522089410768,0.1374675000000037,0.004,44.613753394107675,3.21725,2.0,76.0,67.70869672727524,16.166613989212358,4000,44.61375339410846,7.815970093361102e-13
464,randomised,44.79062699931356,0.1374675000000037,0.004,44.649159499313555,3.21725,2.0,76.0,67.7441028329062,16.166613989212358,4000,44.64915949931434,7.815970093361102e-13
464,naive,57.738163281980405,0.4205174999999808,0.1,57.21764578198042,6.04175,10.0,82.0,75.16666666666666,25.310069419700042,4000,57.217645781983656,3.232969447708456e-12
465,oracle,72.48578760116072,0.11228500000000001,0.081,72.29250260116072,2.603,9.0,99.0,71.1696414752765,3.5825671238179693,4000,72.29250260115833,2.3874235921539366e-12
465,belief,72.9053706338351,0.1276025000000007,0.1,72.67776813383512,2.69575,10.0,98.0,71.58682696494084,3.5825671238179693,4000,72.67776813383438,7.389644451905042e-13
465,randomised,72.8575064977623,0.1276025000000007,0.1,72.62990399776231,2.69575,10.0,98.0,71.53896282829386,3.5825671238179693,4000,72.62990399776157,7.389644451905042e-13
465,naive,61.669002426071415,0.15079999999999946,0.1,61.41820242607142,2.7575,10.0,74.0,67.83333333333329,6.510304150709231,4000,61.41820242606999,1.4281908988778014e-12
466,oracle,90.52286542439526,0.28066749999999174,0.036000000000000004,90.20619792439527,4.52825,6.0,74.0,57.546983837561754,6.354540016469816,4000,90.20619792439453,7.389644451905042e-13
466,belief,90.48492300204839,0.28066749999999174,0.036000000000000004,90.1682555020484,4.52825,6.0,74.0,57.50904141475898,6.354540016469816,4000,90.16825550204766,7.389644451905042e-13
466,randomised,90.52286542439526,0.28066749999999174,0.036000000000000004,90.20619792439527,4.52825,6.0,74.0,57.546983837561754,6.354540016469816,4000,90.20619792439453,7.389644451905042e-13
466,naive,125.64274767416077,0.8861049999999946,0.14400000000000002,124.61264267416077,7.823,12.0,60.0,54.99999999999996,13.786324182436546,4000,124.61264267416078,1.4210854715202004e-14
467,oracle,23.234535940354135,0.18878750000000025,0.036000000000000004,23.009748440354134,3.63225,6.0,46.0,45.86510364285744,15.52396564101535,4000,23.009748440356013,1.879385536085465e-12
467,belief,23.305698345016708,0.18878750000000025,0.036000000000000004,23.080910845016707,3.63225,6.0,46.0,45.936266048373845,15.52396564101535,4000,23.080910845018586,1.879385536085465e-12
467,randomised,18.44282115826445,0.2547500000000006,0.049,18.13907115826445,4.1885,7.0,47.0,46.59219285944565,17.409381512553647,4000,18.139071158264706,2.5579538487363607e-13
467,naive,-22.657513780311774,0.6437749999999998,0.169,-23.470288780311773,6.464,13.0,57.0,52.24999999999997,22.547598719224116,4000,-23.47028878031151,2.6290081223123707e-13
468,oracle,39.031495729954244,0.06562750000000399,0.001,38.96486822995424,2.06425,1.0,55.0,48.198306102953,8.35322185623638,4000,38.9648682299529,1.3429257705865894e-12
468,belief,38.90420832126938,0.06562750000000399,0.001,38.83758082126938,2.06425,1.0,55.0,48.07101869274064,8.35322185623638,4000,38.83758082126808,1.3002932064409833e-12
468,randomised,39.031495729954244,0.06562750000000399,0.001,38.96486822995424,2.06425,1.0,55.0,48.198306102953,8.35322185623638,4000,38.9648682299529,1.3429257705865894e-12
468,naive,53.31141383432956,0.08688750000000003,0.004,53.220526334329556,2.40475,2.0,60.0,54.99999999999996,15.636810271400822,4000,53.220526334328554,1.0018652574217413e-12
469,oracle,-139.84718155117548,0.28327999999999615,0.064,-140.19446155117546,4.368,8.0,50.0,56.6179181010016,18.426319775377408,4000,-140.19446155117478,6.821210263296962e-13
469,belief,-139.88875825483228,0.28327999999999615,0.064,-140.23603825483227,4.368,8.0,50.0,56.576341396845855,18.426319775377408,4000,-140.23603825483158,6.821210263296962e-13
469,randomised,-139.84718155117548,0.28327999999999615,0.064,-140.19446155117546,4.368,8.0,50.0,56.6179181010016,18.426319775377408,4000,-140.19446155117478,6.821210263296962e-13
469,naive,-181.80984414202828,0.4211849999999864,0.081,-182.31202914202825,5.672,9.0,73.0,66.91666666666661,31.029560605097434,4000,-182.31202914202788,3.694822225952521e-13
470,oracle,91.70846222751464,0.7183725000000031,0.016,90.97408972751464,7.79475,4.0,56.0,51.708932040669,13.929935527824567,4000,90.97408972751563,9.947598300641403e-13
470,belief,97.25838825641495,0.7273474999999918,0.025,96.50604075641495,7.88375,5.0,55.0,51.550324253112684,13.929935527824567,4000,96.50604075641556,6.110667527536862e-13
470,randomised,99.01655969086295,0.6532100000000075,0.016,98.34734969086294,7.4835,4.0,58.0,53.015823069785455,16.19422382730043,4000,98.3473496908632,2.5579538487363607e-13
470,naive,168.90945071298233,2.4239150000000214,0.256,166.2295357129823,14.4865,16.0,60.0,54.99999999999996,17.33316658460472,4000,166.22953571298245,1.4210854715202004e-13
471,oracle,108.55947683328833,0.13077250000000026,0.001,108.42770433328832,2.80925,1.0,95.0,81.91110593940765,18.383982670166088,4000,108.42770433328766,6.536993168992922e-13
471,belief,113.87461819238045,0.18689500000000453,0.004,113.68372319238044,3.472,2.0,96.0,83.16440462726722,18.637975097345908,4000,113.68372319237957,8.668621376273222e-13
471,randomised,108.55947683328833,0.13077250000000026,0.001,108.42770433328832,2.80925,1.0,95.0,81.91110593940765,18.383982670166088,4000,108.42770433328766,6.536993168992922e-13
471,naive,113.73587740910472,0.21848749999999745,0.025,113.49238990910472,3.86175,5.0,89.0,81.58333333333336,23.788672457373657,4000,113.49238990910408,6.394884621840902e-13
472,oracle,68.26940454427819,0.10703249999999444,0.009000000000000001,68.1533720442782,2.68675,3.0,81.0,66.9560734234813,14.329749868592852,4000,68.15337204427966,1.4637180356658064e-12
472,belief,75.35598500430669,0.08610249999999772,0.004,75.26588250430669,2.20475,2.0,80.0,65.33534384983338,14.329749868592852,4000,75.26588250430937,2.6858515411731787e-12
472,randomised,67.2926709770802,0.10703249999999444,0.009000000000000001,67.17663847708022,2.68675,3.0,81.0,65.97933984456324,14.329749868592852,4000,67.17663847708168,1.4637180356658064e-12
472,naive,11.05168281086776,0.7744474999999964,0.169,10.108235310867762,8.05225,13.0,83.0,76.08333333333333,23.05655225090411,4000,10.108235310866537,1.2256862191861728e-12
473,oracle,77.38995474973001,0.17228249999999423,0.025,77.19267224973001,3.66675,5.0,45.0,41.64782322813016,8.929934508848012,4000,77.19267224973045,4.405364961712621e-13
473,belief,76.24365267156963,0.17221999999999424,0.025,76.04643267156963,3.6655,5.0,43.0,40.50056395907214,8.929934508848012,4000,76.0464326715701,4.689582056016661e-13
473,randomised,74.72524861241493,0.17181999999999423,0.025,74.52842861241493,3.6465,5.0,41.0,38.98111154466128,8.929934508848012,4000,74.52842861241537,4.405364961712621e-13
473,naive,52.76156119757502,0.04320000000000407,0.004,52.714361197575016,1.8045,2.0,54.0,49.49999999999997,15.96982209736306,4000,52.714361197572686,2.3305801732931286e-12
474,oracle,72.21965919719383,0.06134249999999982,0.025,72.13331669719383,1.75125,5.0,77.0,68.40560381604577,21.006407022352334,4000,72.13331669719194,1.8900436771218665e-12
474,belief,72.31306731591184,0.06134249999999982,0.025,72.22672481591184,1.75125,5.0,77.0,68.49901193588462,21.006407022352334,4000,72.22672481590996,1.8758328224066645e-12
474,randomised,72.21965919719383,0.06134249999999982,0.025,72.13331669719383,1.75125,5.0,77.0,68.40560381604577,21.006407022352334,4000,72.13331669719194,1.8900436771218665e-12
474,naive,64.26150309642955,0.0316524999999991,0.004,64.22585059642955,1.35575,2.0,74.0,67.83333333333329,25.688075093882723,4000,64.22585059642823,1.3216094885137863e-12
475,oracle,38.90477155694725,0.3984774999999891,0.064,38.44229405694726,5.61825,8.0,60.0,56.25726173799373,21.567514429911313,4000,38.44229405694743,1.7053025658242404e-13
475,belief,39.512237372555774,0.3022424999999954,0.049,39.160994872555776,4.83725,7.0,61.0,57.51796460562797,22.178562968677024,4000,39.16099487255551,2.6290081223123707e-13
475,randomised,43.58440843129097,0.3925974999999915,0.049,43.142810931290974,5.54625,7.0,61.0,56.394734525538865,21.687492263746144,4000,43.142810931290775,1.9895196601282805e-13
475,naive,62.18653530173401,0.2798474999999893,0.049,61.85768780173402,4.31675,7.0,73.0,66.91666666666661,38.21875260717439,4000,61.857687801733995,2.842170943040401e-14
476,oracle,43.290010296308054,0.031122499999999075,0.004,43.254887796308054,1.48975,2.0,52.0,51.191985024562165,18.814511638613208,4000,43.25488779630613,1.9255708139098715e-12
476,belief,42.48160869998644,0.030972499999999077,0.001,42.44963619998644,1.48275,1.0,51.0,50.384510275359595,18.814511638613208,4000,42.44963619998456,1.8829382497642655e-12
476,randomised,42.619271655492,0.030972499999999077,0.001,42.587299155492005,1.48275,1.0,51.0,50.52217323251691,18.814511638613208,4000,42.58729915549012,1.8829382497642655e-12
476,naive,63.00685048169413,0.05565750000000428,0.009000000000000001,62.94219298169413,1.91025,3.0,65.0,59.58333333333328,24.78113355769126,4000,62.94219298169277,1.3571366253017914e-12
477,oracle,63.33257287202139,0.04910750000000243,0.016,63.267465372021384,1.82025,4.0,66.0,59.047981178792384,15.194156117364999,4000,63.267465372019785,1.5987211554602254e-12
477,belief,63.53616824143086,0.04910750000000243,0.016,63.471060741430854,1.82025,4.0,66.0,59.25157655064444,15.194156117364999,4000,63.471060741429255,1.5987211554602254e-12
477,randomised,63.33257287202139,0.04910750000000243,0.016,63.267465372021384,1.82025,4.0,66.0,59.047981178792384,15.194156117364999,4000,63.267465372019785,1.5987211554602254e-12
477,naive,36.23390046778479,0.33141000000001447,0.049,35.85349046778478,5.201,7.0,77.0,70.5833333333333,24.041631219747064,4000,35.85349046778447,3.126388037344441e-13
478,oracle,2.0761354599518427,0.21967750000000025,0.081,1.7754579599518425,3.21325,9.0,55.0,50.93278240356769,15.790306519753797,4000,1.7754579599523923,5.497824417943775e-13
478,belief,2.083042867510926,0.21967750000000025,0.081,1.782365367510926,3.21325,9.0,55.0,50.93968981120991,15.790306519753797,4000,1.7823653675114757,5.497824417943775e-13
478,randomised,1.571113733495963,0.21967750000000025,0.081,1.270436233495963,3.21325,9.0,55.0,50.42776067105198,15.790306519753797,4000,1.2704362334965429,5.799805080641818e-13
478,naive,48.56578339985208,0.051912500000001464,0.016,48.49787089985208,1.92375,4.0,62.0,56.833333333333286,22.432976896205545,4000,48.49787089985136,7.247535904753022e-13
479,oracle,61.3948204678739,0.030799999999999574,0.009000000000000001,61.3550204678739,1.407,3.0,85.0,63.69807155548998,5.473107415282521,4000,61.35502046787032,3.581135388230905e-12
479,belief,60.66949902579296,0.015575000000000488,0.004,60.64992402579296,1.0065,2.0,86.0,64.42506916591385,7.005063350948527,4000,60.64992402578999,2.9700686354772188e-12
479,randomised,61.095013104274784,0.015575000000000488,0.004,61.07543810427479,1.0065,2.0,86.0,64.85058324950147,7.005063350948527,4000,61.07543810427182,2.9700686354772188e-12
479,naive,62.09003968802281,0.05177250000000398,0.009000000000000001,62.02926718802281,1.95125,3.0,73.0,66.91666666666663,10.626716426982936,4000,62.02926718802039,2.4158453015843406e-12
480,oracle,13.949018081946363,0.06727250000000143,0.001,13.880745581946362,2.01525,1.0,57.0,57.03276826290279,15.137214358169832,4000,13.88074558194648,1.1723955140041653e-13
480,belief,13.919250173155703,0.06727250000000143,0.001,13.850977673155702,2.01525,1.0,57.0,57.00300035375497,15.137214358169832,4000,13.85097767315582,1.1723955140041653e-13
480,randomised,13.949018081946363,0.06727250000000143,0.001,13.880745581946362,2.01525,1.0,57.0,57.03276826290279,15.137214358169832,4000,13.88074558194648,1.1723955140041653e-13
480,naive,31.004483639801492,0.37686499999999795,0.064,30.563618639801494,5.783,8.0,66.0,60.49999999999994,23.1152458395034,4000,30.563618639801504,1.0658141036401503e-14
481,oracle,51.90126414579504,0.23690749999999633,0.049,51.615356645795046,3.84975,7.0,79.0,67.88348503905726,14.77555029240913,4000,51.61535664579518,1.3500311979441904e-13
481,belief,44.52594718875139,0.30064999999999464,0.064,44.16129718875139,4.3665,8.0,80.0,69.1309060867247,15.211383502401562,4000,44.16129718874881,2.5792701308091637e-12
481,randomised,51.90126414579504,0.23690749999999633,0.049,51.615356645795046,3.84975,7.0,79.0,67.88348503905726,14.77555029240913,4000,51.61535664579518,1.3500311979441904e-13
481,naive,2.3541324066268317,0.4579424999999948,0.064,1.8321899066268368,5.17525,8.0,76.0,69.66666666666663,24.884124240286766,4000,1.832189906626276,5.608846720406291e-13
482,oracle,40.83933531639423,0.10543749999999966,0.064,40.669897816394226,2.88775,8.0,52.0,53.312390000996835,16.61113785440972,4000,40.66989781639358,6.465938895416912e-13
482,belief,40.79299519648532,0.10543749999999966,0.064,40.62355769648532,2.88775,8.0,52.0,53.26604988053192,16.61113785440972,4000,40.623557696484674,6.465938895416912e-13
482,randomised,40.83933531639423,0.10543749999999966,0.064,40.669897816394226,2.88775,8.0,52.0,53.312390000996835,16.61113785440972,4000,40.66989781639358,6.465938895416912e-13
482,naive,36.04250364889572,0.04279250000000342,0.001,35.998711148895715,1.69625,1.0,61.0,55.91666666666662,21.673543906245154,4000,35.99871114889471,1.0089706847793423e-12
483,oracle,68.05223594450422,0.3787724999999944,0.081,67.59246344450422,5.12975,9.0,77.0,69.20189084708265,10.846023201001042,4000,67.59246344450565,1.4352963262354024e-12
483,belief,71.75431399753836,0.4560650000000046,0.1,71.19824899753836,5.611,10.0,76.0,69.53001012684398,10.846023201001042,4000,71.19824899753739,9.663381206337363e-13
483,randomised,70.50683876840208,0.4560650000000046,0.1,69.95077376840207,5.611,10.0,74.0,68.28253488273899,10.846023201001042,4000,69.95077376840133,7.389644451905042e-13
483,naive,74.61798862777925,0.5058850000000122,0.1,74.01210362777925,6.078,10.0,80.0,73.33333333333331,16.99645166415569,4000,74.012103627779,2.5579538487363607e-13
484,oracle,33.54417786984004,0.4231549999999877,0.1,33.02102286984005,6.013,10.0,86.0,67.72391527615486,4.350599481887178,4000,33.021022869839854,1.9895196601282805e-13
484,belief,36.16605569542821,0.4231549999999877,0.1,35.642900695428224,6.013,10.0,86.0,70.3457931332033,4.350599481887178,4000,35.642900695428246,2.1316282072803006e-14
484,randomised,37.08095433121787,0.3738374999999999,0.081,36.626116831217864,5.64625,9.0,87.0,70.30512185330763,4.592505253311877,4000,36.62611683121804,1.7763568394002505e-13
484,naive,32.626580686013085,0.8929874999999869,0.289,31.444593186013098,8.57625,17.0,75.0,68.74999999999996,8.26895061328783,4000,31.444593186012707,3.907985046680551e-13
485,oracle,9.770239419357381,0.12446499999999584,0.016,9.629774419357386,3.19,4.0,78.0,78.09424445500383,20.29166580820765,4000,9.629774419357764,3.7836400679225335e-13
485,belief,8.078580067222191,0.07516499999999769,0.004,7.999415067222193,2.381,2.0,76.0,76.81275146492526,20.29166580820765,4000,7.999415067222029,1.6431300764452317e-13
485,randomised,3.0421433279418295,0.07229749999999915,0.001,2.9688458279418306,2.26275,1.0,75.0,76.03823324331631,20.29166580820765,4000,2.9688458279416445,1.8607337892717624e-13
485,naive,-33.52203407849538,0.2696475000000057,0.049,-33.840681578495385,4.80875,7.0,91.0,83.4166666666667,28.82738262227575,4000,-33.84068157849628,8.952838470577262e-13
486,oracle,-21.807233745949816,0.11428999999999799,0.081,-22.002523745949812,2.426,9.0,69.0,61.6819512326078,18.416660838406997,4000,-22.002523745950043,2.3092638912203256e-13
486,belief,-13.421260540707067,0.09870749999999898,0.064,-13.583968040707067,2.31725,8.0,68.0,62.832773462965726,18.416660838406997,4000,-13.583968040706932,1.3500311979441904e-13
486,randomised,-5.949766739833876,0.0726799999999993,0.049,-6.071446739833876,2.038,7.0,67.0,61.77919295534774,18.416660838406997,4000,-6.071446739834147,2.708944180085382e-13
486,naive,12.696540458143772,0.05028250000000118,0.016,12.63025795814377,1.86925,4.0,72.0,65.99999999999994,27.587282398470958,4000,12.6302579581426,1.170619157164765e-12
487,oracle,57.86379685887766,0.08678750000000128,0.049,57.728009358877664,2.26875,7.0,59.0,57.922348830233084,13.002853223042,4000,57.728009358876406,1.2576606422953773e-12
487,belief,57.867643697341805,0.08678750000000128,0.049,57.731856197341806,2.26875,7.0,59.0,57.926195668743375,13.002853223042,4000,57.73185619734055,1.2576606422953773e-12
487,randomised,57.86379685887766,0.08678750000000128,0.049,57.728009358877664,2.26875,7.0,59.0,57.922348830233084,13.002853223042,4000,57.728009358876406,1.2576606422953773e-12
487,naive,52.70015910322536,0.3622874999999981,0.225,52.11287160322536,4.92025,15.0,77.0,70.5833333333333,25.89499098158614,4000,52.11287160322602,6.608047442568932e-13
488,oracle,33.09454250844365,0.05166500000000122,0.004,33.038877508443655,1.6655,2.0,80.0,63.88809842279774,9.079792223961947,4000,33.038877508443605,4.973799150320701e-14
488,belief,44.51525003576279,0.04723749999999971,0.009000000000000001,44.45901253576279,1.66375,3.0,81.0,64.86191339512271,9.123704485106586,4000,44.459012535762604,1.8474111129762605e-13
488,randomised,40.00656342707691,0.042562500000001086,0.004,39.96000092707691,1.53775,2.0,80.0,63.382205028033184,7.4841698036971565,4000,39.960000927076074,8.384404281969182e-13
488,naive,22.96399760262355,0.05224000000000368,0.0,22.911757602623545,1.7355,0.0,68.0,62.33333333333327,12.892555400003705,4000,22.91175760262291,6.359357485052897e-13
489,oracle,74.3204044784375,0.03946749999999949,0.004,74.27693697843749,1.48075,2.0,60.0,65.51974250578043,22.603229503798268,4000,74.27693697843766,1.7053025658242404e-13
489,belief,74.74599662534276,0.028414999999998948,0.001,74.71658162534276,1.225,1.0,61.0,66.43056380574575,23.59786182300892,4000,74.71658162534253,2.2737367544323206e-13
489,randomised,76.79866578416298,0.037924999999999376,0.004,76.75674078416297,1.429,2.0,62.0,67.35101601528385,23.91519820977326,4000,76.75674078416381,8.384404281969182e-13
489,naive,78.78005921950741,0.05535500000000587,0.001,78.7237042195074,1.951,1.0,87.0,79.75000000000001,39.925539038897924,4000,78.72370421950556,1.8332002582610585e-12
490,oracle,52.97186638561044,0.24908249999999948,0.001,52.72178388561044,4.06525,1.0,79.0,58.75637586325047,5.582605805061368,4000,52.72178388561034,9.947598300641403e-14
490,belief,53.107226189060384,0.24908249999999948,0.001,52.857143689060386,4.06525,1.0,79.0,58.891735668324536,5.582605805061368,4000,52.85714368906029,9.947598300641403e-14
490,randomised,47.21176003432865,0.25583750000000754,0.004,46.951922534328645,4.14975,2.0,80.0,59.431014619472236,5.650115099531977,4000,46.951922534328375,2.7000623958883807e-13
490,naive,45.06544568444599,0.2994599999999948,0.016,44.749985684445996,4.643,4.0,66.0,60.49999999999994,5.785691702015077,4000,44.74998568444566,3.339550858072471e-13
491,oracle,56.127873327647265,0.03933500000000127,0.001,56.087538327647266,1.7855,1.0,47.0,44.35488592307049,14.896619216102318,4000,56.0875383276459,1.3642420526593924e-12
491,belief,56.29533316116621,0.03933500000000127,0.001,56.25499816116621,1.7855,1.0,47.0,44.522345758598746,14.896619216102318,4000,56.25499816116485,1.3642420526593924e-12
491,randomised,56.62092739912676,0.03933500000000127,0.001,56.58059239912676,1.7855,1.0,47.0,44.84794000046627,14.896619216102318,4000,56.58059239912537,1.3855583347321954e-12
491,naive,104.99373348543615,0.10260749999999941,0.001,104.89012598543614,2.18275,1.0,57.0,52.24999999999996,22.425438365995163,4000,104.89012598543577,3.694822225952521e-13
492,oracle,-27.61238658738182,0.18492000000000214,0.001,-27.798306587381823,3.93,1.0,73.0,60.235614853655605,10.702835742222245,4000,-27.79830658738127,5.542233338928781e-13
492,belief,-15.80713057933636,0.14917250000000087,0.001,-15.95730307933636,3.53025,1.0,73.0,60.25207693485064,10.702835742222245,4000,-15.957303079335007,1.3518075547835906e-12
492,randomised,-27.61238658738182,0.18492000000000214,0.001,-27.798306587381823,3.93,1.0,73.0,60.235614853655605,10.702835742222245,4000,-27.79830658738127,5.542233338928781e-13
492,naive,-31.600224765775806,0.38703000000000914,0.025,-32.012254765775815,5.7605,5.0,65.0,59.58333333333328,17.960002678419887,4000,-32.01225476577584,2.842170943040401e-14
493,oracle,46.290378072470645,0.04740749999999865,0.004,46.23897057247065,1.76725,2.0,64.0,55.19374020260738,11.490669379500627,4000,46.23897057246837,2.2808421817899216e-12
493,belief,45.51900483338986,0.04740749999999865,0.004,45.46759733338986,1.76725,2.0,64.0,54.422366954270565,11.490669379500627,4000,45.46759733338758,2.2808421817899216e-12
493,randomised,45.29436794003928,0.04740749999999865,0.004,45.24296044003928,1.76725,2.0,64.0,54.19773005822468,11.490669379500627,4000,45.242960440037,2.2808421817899216e-12
493,naive,52.711651829299115,0.08856250000000086,0.016,52.607089329299114,2.33575,4.0,68.0,62.33333333333327,18.860676559668622,4000,52.60708932929703,2.0818902157770935e-12
494,oracle,35.46196528610915,0.13056749999999687,0.081,35.25039778610915,2.56575,9.0,67.0,59.850806749074344,19.9794434377746,4000,35.25039778610805,1.0942358130705543e-12
494,belief,31.59859908895362,0.09664749999999975,0.064,31.43795158895362,2.16525,8.0,66.0,59.1911735786412,19.9794434377746,4000,31.437951588953496,1.2434497875801753e-13
494,randomised,41.38453072428172,0.13927749999999847,0.081,41.164253224281715,2.81325,9.0,67.0,59.845508156312675,20.46692206144875,4000,41.16425322428097,7.460698725481052e-13
494,naive,46.82601529923363,0.1616074999999992,0.1,46.56440779923363,3.13875,10.0,76.0,69.66666666666663,25.847913075953564,4000,46.56440779923236,1.2647660696529783e-12
495,oracle,5.971092586093107,0.1610500000000028,0.016,5.794042586093104,3.2235,4.0,84.0,73.12189217748634,21.677827291863164,4000,5.794042586093026,7.815970093361102e-14
495,belief,0.4494020114404975,0.169717500000003,0.016,0.26368451144049454,3.36725,4.0,82.0,71.30545223326834,21.49933172533967,4000,0.2636845114404778,1.6764367671839864e-14
495,randomised,0.928933262003909,0.169717500000003,0.016,0.743215762003906,3.36725,4.0,82.0,71.78498348958601,21.49933172533967,4000,0.743215762003887,1.9095836023552692e-14
495,naive,5.505476518947972,0.22958750000000164,0.004,5.271889018947971,4.01125,2.0,78.0,71.49999999999997,24.90652296203945,4000,5.271889018948161,1.900701818158268e-13
496,oracle,70.55080086621439,0.16499250000000254,0.016,70.36980836621439,3.40325,4.0,78.0,69.13121315984979,18.708494662617003,4000,70.36980836621456,1.7053025658242404e-13
496,belief,71.10659371979557,0.16499250000000254,0.016,70.92560121979557,3.40325,4.0,78.0,69.68700602009976,18.708494662617003,4000,70.92560121979574,1.7053025658242404e-13
496,randomised,71.05732747346639,0.16499250000000254,0.016,70.87633497346638,3.40325,4.0,78.0,69.63773977317967,18.708494662617003,4000,70.87633497346656,1.7053025658242404e-13
496,naive,47.6655250945596,0.06585500000000048,0.0,47.5996700945596,2.1635,0.0,82.0,75.16666666666666,27.279456670856092,4000,47.59967009455927,3.268496584496461e-13
497,oracle,-26.159047542465032,0.223654999999998,0.1,-26.48270254246503,3.768,10.0,56.0,61.07902921287692,23.21006452083929,4000,-26.48270254246464,3.907985046680551e-13
497,belief,-37.05504340678476,0.21794249999999835,0.1,-37.37298590678476,3.67275,10.0,54.0,59.6509497104822,23.21006452083929,4000,-37.37298590678459,1.7053025658242404e-13
497,randomised,-54.562471993593135,0.3075149999999991,0.14400000000000002,-55.013986993593136,4.1135,12.0,56.0,61.218440810118835,23.506437008012547,4000,-55.0139869935929,2.3447910280083306e-13
497,naive,28.203987639919887,0.22040500000000945,0.016,27.96758263991988,3.944,4.0,82.0,75.16666666666666,36.544627099400095,4000,27.967582639919446,4.334310688136611e-13
498,oracle,44.518067956275445,0.23059999999999636,0.036000000000000004,44.25146795627545,4.127,6.0,54.0,54.21965551367472,15.981427197449975,4000,44.25146795627574,2.913225216616411e-13
498,belief,44.33601233935099,0.15985249999999873,0.025,44.15115983935099,3.28525,5.0,53.0,54.10101317667356,15.981427197449975,4000,44.15115983935019,7.958078640513122e-13
498,randomised,45.52051091575129,0.23059999999999636,0.036000000000000004,45.25391091575129,4.127,6.0,54.0,55.222098485179124,15.981427197449975,4000,45.25391091575164,3.481659405224491e-13
498,naive,60.06892850772306,0.5381924999999891,0.121,59.40973600772307,6.03925,11.0,73.0,66.91666666666661,22.216121026861437,4000,59.40973600772609,3.0198066269804258e-12
499,oracle,106.83836612889672,0.10248999999999577,0.0,106.73587612889673,2.5495,0.0,58.0,54.25012659305191,12.600765045668707,4000,106.73587612889632,4.121147867408581e-13
499,belief,106.84877354647895,0.10248999999999577,0.0,106.74628354647896,2.5495,0.0,58.0,54.260534010759216,12.600765045668707,4000,106.74628354647855,4.121147867408581e-13
499,randomised,106.83836612889672,0.10248999999999577,0.0,106.73587612889673,2.5495,0.0,58.0,54.25012659305191,12.600765045668707,4000,106.73587612889632,4.121147867408581e-13
499,naive,153.55764049380093,0.47427749999999974,0.064,153.01936299380094,6.16425,8.0,68.0,62.33333333333327,16.729011929254973,4000,153.01936299380063,3.126388037344441e-13
500,oracle,45.36206228625497,0.13340999999999625,0.009000000000000001,45.21965228625497,2.845,3.0,65.0,69.4245006845001,31.1058746871551,4000,45.219652286253556,1.4139800441625994e-12
500,belief,25.10986032287326,0.10700749999999687,0.004,24.99885282287326,2.56675,2.0,66.0,70.34224203826223,31.54363753831758,4000,24.998852822873,2.5934809855243657e-13
500,randomised,45.36206228625497,0.13340999999999625,0.009000000000000001,45.21965228625497,2.845,3.0,65.0,69.4245006845001,31.1058746871551,4000,45.219652286253556,1.4139800441625994e-12
500,naive,-79.79905197383135,0.21406750000000657,0.016,-80.02911947383137,3.88725,4.0,82.0,75.16666666666667,40.10201852892407,4000,-80.02911947383033,1.0373923942097463e-12
501,oracle,26.18983134838095,0.25627499999999764,0.121,25.81255634838095,4.051,11.0,69.0,65.83486078728194,14.764317718355038,4000,25.812556348382255,1.3038459201197838e-12
501,belief,36.21122343334764,0.16795249999999942,0.081,35.96227093334764,3.38375,9.0,67.0,64.90722853813382,14.936568288929385,4000,35.96227093334544,2.2026824808563106e-12
501,randomised,32.89671952619756,0.27018249999999655,0.121,32.50553702619756,4.21825,11.0,69.0,66.33902063461325,14.973987860809265,4000,32.50553702619845,8.952838470577262e-13
501,naive,-24.449930198937977,0.17020750000000165,0.009000000000000001,-24.629137698937978,3.41075,3.0,81.0,74.25,25.172521579389556,4000,-24.629137698937782,1.9539925233402755e-13
502,oracle,40.24184870700394,0.10154249999999689,0.004,40.13630620700395,2.76775,2.0,72.0,71.05939746850765,21.811740940940915,4000,40.136306207004246,2.984279490192421e-13
502,belief,39.69458543308484,0.09461499999999978,0.004,39.595970433084844,2.6615,2.0,70.0,70.12126950715697,21.578631564554353,4000,39.59597043308465,1.9184653865522705e-13
502,randomised,40.7421212920854,0.10154249999999689,0.004,40.63657879208541,2.76775,2.0,72.0,71.55967005959202,21.811740940940915,4000,40.636578792085764,3.552713678800501e-13
502,naive,-20.173650464265904,0.2255399999999976,0.036000000000000004,-20.435190464265904,3.576,6.0,80.0,73.33333333333331,29.826470114796802,4000,-20.43519046426686,9.556799795973347e-13
503,oracle,58.33422497950288,0.03817000000000057,0.001,58.29505497950288,1.6125,1.0,63.0,65.02236971720076,27.81113642998407,4000,58.295054979501074,1.8047785488306545e-12
503,belief,58.06572426396984,0.03817000000000057,0.001,58.02655426396984,1.6125,1.0,63.0,64.75386899844571,27.81113642998407,4000,58.02655426396804,1.8047785488306545e-12
503,randomised,57.83475415586712,0.03817000000000057,0.001,57.79558415586712,1.6125,1.0,63.0,64.52289888757174,27.81113642998407,4000,57.79558415586531,1.8047785488306545e-12
503,naive,42.21448055154292,0.7839524999999938,0.256,41.17452805154293,7.86225,16.0,76.0,69.66666666666664,41.03990748521608,4000,41.17452805154229,6.394884621840902e-13
504,oracle,40.16410390958825,0.030362499999998783,0.001,40.132741409588256,1.36825,1.0,43.0,49.689098950581,26.139001670816043,4000,40.1327414095871,1.1581846592889633e-12
504,belief,40.07653578771698,0.030362499999998783,0.001,40.045173287716985,1.36825,1.0,43.0,49.60153082765892,26.139001670816043,4000,40.04517328771595,1.0373923942097463e-12
504,randomised,50.05171118305492,0.03216249999999998,0.0,50.01954868305492,1.43075,0.0,44.0,50.35592505359648,27.143266116293795,4000,50.0195486830536,1.3216094885137863e-12
504,naive,58.06221393066653,0.08507499999999996,0.0,57.97713893066653,2.384,0.0,60.0,54.999999999999964,33.1179266511425,4000,57.97713893066679,2.6290081223123707e-13
505,oracle,67.53505923978753,0.09760750000000094,0.036000000000000004,67.40145173978753,2.55925,6.0,92.0,64.43239901889834,2.7586261662169784,4000,67.40145173978708,4.547473508864641e-13
505,belief,67.08199127305198,0.05752250000000079,0.025,66.99946877305197,1.87125,5.0,91.0,63.832646651220074,2.7586261662169784,4000,66.99946877305118,7.958078640513122e-13
505,randomised,68.03632161373025,0.09760750000000094,0.036000000000000004,67.90271411373026,2.55925,6.0,92.0,64.93366139885586,2.7586261662169784,4000,67.9027141137298,4.547473508864641e-13
505,naive,85.03957017311015,0.06901500000000005,0.004,84.96655517311015,2.266,2.0,72.0,65.99999999999994,4.523166524412921,4000,84.96655517311335,3.197442310920451e-12
506,oracle,28.023537851821146,0.13788749999999714,0.004,27.881650351821147,3.36725,2.0,64.0,53.76899499333792,11.985523408398775,4000,27.881650351821524,3.765876499528531e-13
506,belief,28.93871763333891,0.13788749999999714,0.004,28.79683013333891,3.36725,2.0,64.0,54.68417478583727,11.985523408398775,4000,28.79683013333941,4.973799150320701e-13
506,randomised,29.024863128267015,0.13788749999999714,0.004,28.882975628267015,3.36725,2.0,64.0,54.77032028179891,11.985523408398775,4000,28.882975628267513,4.973799150320701e-13
506,naive,49.590953722085715,0.19891249999999722,0.049,49.343041222085716,3.87975,7.0,71.0,65.08333333333329,20.976888346004777,4000,49.34304122208521,5.044853423896711e-13
507,oracle,44.52965007774816,0.07650000000000166,0.016,44.43715007774816,2.317,4.0,68.0,56.90079693113529,11.087031538271772,4000,44.43715007774719,9.663381206337363e-13
507,belief,44.710574284094434,0.07650000000000166,0.016,44.61807428409443,2.317,4.0,68.0,57.08172113965266,11.087031538271772,4000,44.61807428409347,9.663381206337363e-13
507,randomised,44.52965007774816,0.07650000000000166,0.016,44.43715007774816,2.317,4.0,68.0,56.90079693113529,11.087031538271772,4000,44.43715007774719,9.663381206337363e-13
507,naive,44.63580749713435,0.0724149999999994,0.036000000000000004,44.52739249713435,2.104,6.0,64.0,58.666666666666615,13.83099843471126,4000,44.527392497131785,2.5650592760939617e-12
508,oracle,27.44174705444044,0.04949750000000149,0.016,27.37624955444044,1.80425,4.0,54.0,56.05783359441432,21.18962612098985,4000,27.37624955443899,1.4530598946294049e-12
508,belief,24.78586588020704,0.07339499999999809,0.025,24.687470880207044,2.1775,5.0,53.0,55.380048576201645,21.18962612098985,4000,24.687470880206735,3.090860900556436e-13
508,randomised,24.82442282042757,0.07339499999999809,0.025,24.726027820427575,2.1775,5.0,53.0,55.41860551688473,21.18962612098985,4000,24.726027820427266,3.090860900556436e-13
508,naive,29.510775524843837,0.12972249999999322,0.025,29.356053024843845,2.88075,5.0,65.0,59.58333333333328,28.094171528713,4000,29.35605302484446,6.146194664324867e-13
509,oracle,32.51442296039454,0.171979999999998,0.121,32.22144296039454,2.898,11.0,71.0,61.110200603861095,14.685258601866051,4000,32.22144296039295,1.5916157281026244e-12
509,belief,30.513084459140373,0.14323499999999922,0.1,30.26984945914037,2.7045,10.0,68.0,59.104639093670706,14.685258601866051,4000,30.269849459138985,1.3855583347321954e-12
509,randomised,30.466711610976063,0.14323499999999922,0.1,30.22347661097606,2.7045,10.0,68.0,59.058266244950026,14.685258601866051,4000,30.223476610974675,1.3855583347321954e-12
509,naive,23.940344967745432,0.48531999999999426,0.14400000000000002,23.31102496774544,6.0745,12.0,68.0,62.33333333333327,22.029644659436652,4000,23.311024967746487,1.0480505352461478e-12
510,oracle,154.28799622589338,0.15433250000000118,0.036000000000000004,154.09766372589337,3.34625,6.0,68.0,68.48846137488556,27.6441670437447,4000,154.097663725893,3.694822225952521e-13
510,belief,154.34057165290898,0.15433250000000118,0.036000000000000004,154.15023915290897,3.34625,6.0,68.0,68.54103680253226,27.6441670437447,4000,154.1502391529086,3.694822225952521e-13
510,randomised,154.28799622589338,0.15433250000000118,0.036000000000000004,154.09766372589337,3.34625,6.0,68.0,68.48846137488556,27.6441670437447,4000,154.097663725893,3.694822225952521e-13
510,naive,166.45039241242148,0.22549500000000003,0.025,166.19989741242148,4.329,5.0,79.0,72.41666666666664,30.742288924944162,4000,166.1998974124205,9.663381206337363e-13
511,oracle,9.148060340248463,0.18808250000001017,0.004,8.955977840248453,3.59775,2.0,62.0,59.922808532833955,25.874410684456485,4000,8.955977840248325,1.2789769243681803e-13
511,belief,9.461311072912082,0.18808250000001017,0.004,9.269228572912072,3.59775,2.0,62.0,60.236059269256344,25.874410684456485,4000,9.269228572911983,8.881784197001252e-14
511,randomised,9.661035363543448,0.18808250000001017,0.004,9.468952863543437,3.59775,2.0,62.0,60.43578356228416,25.874410684456485,4000,9.468952863543349,8.881784197001252e-14
511,naive,25.835082471699053,0.1943200000000081,0.001,25.639762471699044,3.831,1.0,73.0,66.91666666666661,32.457256121385605,4000,25.639762471698905,1.3855583347321954e-13
512,oracle,24.659058758343235,0.3011774999999967,0.121,24.23688125834324,4.65375,11.0,91.0,65.48832222366761,6.395309225260841,4000,24.236881258342272,9.663381206337363e-13
512,belief,24.913411095494894,0.3011774999999967,0.121,24.491233595494897,4.65375,11.0,91.0,65.7426745638717,6.395309225260841,4000,24.49123359549393,9.663381206337363e-13
512,randomised,24.659058758343235,0.3011774999999967,0.121,24.23688125834324,4.65375,11.0,91.0,65.48832222366761,6.395309225260841,4000,24.236881258342272,9.663381206337363e-13
512,naive,19.811140876246554,0.5760649999999983,0.1,19.135075876246553,7.099,10.0,66.0,60.49999999999994,7.814554557911831,4000,19.135075876243604,2.9487523534044158e-12
513,oracle,79.34453445749477,0.1524850000000004,0.064,79.12804945749478,3.039,8.0,52.0,49.865749103059585,18.76030827293301,4000,79.12804945749507,2.8421709430404007e-13
513,belief,88.91415667840727,0.18844999999999779,0.081,88.64470667840726,3.2995,9.0,53.0,50.57139466638723,19.063276519902903,4000,88.64470667840564,1.6200374375330284e-12
513,randomised,71.62917583909916,0.12307749999999727,0.049,71.45709833909916,2.79075,7.0,53.0,49.99019750643598,19.998742969973478,4000,71.4570983390993,1.4210854715202004e-13
513,naive,103.69631919764265,0.4371424999999972,0.14400000000000002,103.11517669764265,5.47975,12.0,62.0,56.833333333333286,25.449994759022186,4000,103.1151766976449,2.2453150450019166e-12
514,oracle,38.13668160209801,0.043170000000003886,0.009000000000000001,38.084511602098004,1.652,3.0,61.0,57.20485684979835,14.48613345623255,4000,38.08451160209659,1.4139800441625994e-12
514,belief,38.56585505316377,0.043170000000003886,0.009000000000000001,38.51368505316377,1.652,3.0,61.0,57.63403030601381,14.48613345623255,4000,38.513685053162334,1.4352963262354024e-12
514,randomised,38.63097338617723,0.043170000000003886,0.009000000000000001,38.57880338617723,1.652,3.0,61.0,57.699148639808655,14.48613345623255,4000,38.57880338617576,1.4708234630234074e-12
514,naive,42.92178421093047,0.020029999999999718,0.004,42.89775421093047,1.0445,2.0,60.0,54.99999999999996,17.428746305403983,4000,42.89775421092892,1.5489831639570184e-12
515,oracle,60.32102174002496,0.04672750000000223,0.001,60.27329424002496,1.60475,1.0,57.0,51.52386688161285,12.056303570303177,4000,60.27329424002412,8.384404281969182e-13
515,belief,60.62647651763267,0.04672750000000223,0.001,60.57874901763267,1.60475,1.0,57.0,51.82932166288586,12.056303570303177,4000,60.57874901763183,8.384404281969182e-13
515,randomised,60.821066525840436,0.04672750000000223,0.001,60.773339025840436,1.60475,1.0,57.0,52.02391167342847,12.056303570303177,4000,60.7733390258396,8.384404281969182e-13
515,naive,81.41483933364316,0.7387150000000203,0.049,80.62712433364314,7.884,7.0,65.0,59.58333333333328,19.796782810923663,4000,80.62712433364247,6.679101716144942e-13
516,oracle,14.908704124143838,0.07909749999999899,0.004,14.82560662414384,2.45075,2.0,68.0,68.87928512543091,20.18650932971283,4000,14.825606624143633,2.0605739337042905e-13
516,belief,14.506850842208038,0.07321500000000018,0.001,14.43263584220804,2.3265,1.0,67.0,68.25119339711179,20.18650932971283,4000,14.432635842207747,2.9309887850104133e-13
516,randomised,14.908704124143838,0.07909749999999899,0.004,14.82560662414384,2.45075,2.0,68.0,68.87928512543091,20.18650932971283,4000,14.825606624143633,2.0605739337042905e-13
516,naive,55.458824128725155,0.21557749999999334,0.049,55.19424662872516,3.76425,7.0,77.0,70.5833333333333,28.836199900613135,4000,55.19424662872428,8.810729923425242e-13
517,oracle,-82.41250769980132,0.3516699999999949,0.001,-82.76517769980133,5.024,1.0,65.0,68.05049235609295,28.012447274388865,4000,-82.76517769979989,1.4352963262354024e-12
517,belief,-114.27375524317199,0.6258750000000198,0.016,-114.91563024317202,7.135,4.0,66.0,69.87031950622332,28.649787302905548,4000,-114.91563024317378,1.7621459846850485e-12
517,randomised,-122.73869114254143,0.6764775000000257,0.016,-123.43116864254146,7.37125,4.0,64.0,67.05994956863866,29.234741122614007,4000,-123.43116864254607,4.604316927725449e-12
517,naive,-220.24703571975851,2.012624999999976,0.121,-222.3806607197585,12.7875,11.0,83.0,76.08333333333334,46.10174067814679,4000,-222.38066071975726,1.2505552149377763e-12
518,oracle,57.814379940475476,0.20137999999999792,0.001,57.61199994047548,3.7775,1.0,65.0,61.96344775897113,19.130331173487964,4000,57.611999940475606,1.2789769243681803e-13
518,belief,61.8699357650253,0.2524249999999963,0.004,61.61351076502531,4.2045,2.0,64.0,61.43483562633142,19.130331173487964,4000,61.61351076502644,1.1297629498585593e-12
518,randomised,61.77366358815053,0.2524249999999963,0.004,61.51723858815053,4.2045,2.0,64.0,61.33856344830125,19.130331173487964,4000,61.51723858815166,1.1297629498585593e-12
518,naive,56.462391584536476,0.09973499999999864,0.004,56.35865658453648,2.5425,2.0,68.0,62.33333333333327,25.13776166671719,4000,56.35865658453596,5.258016244624741e-13
519,oracle,64.45743063773415,0.0757575000000011,0.004,64.37767313773415,2.28475,2.0,62.0,58.90306393921555,19.2217580173061,4000,64.37767313773354,6.110667527536862e-13
519,belief,64.2133615610015,0.0757575000000011,0.004,64.1336040610015,2.28475,2.0,62.0,58.65899485955427,19.2217580173061,4000,64.1336040610009,6.110667527536862e-13
519,randomised,75.81648227576801,0.08794500000000194,0.016,75.712537275768,2.438,4.0,64.0,60.259698891819404,23.19350726186626,4000,75.71253727576786,1.4210854715202004e-13
519,naive,-48.28656900446936,0.2611150000000096,0.025,-48.572684004469366,4.212,5.0,75.0,68.74999999999997,30.92872115851829,4000,-48.5726840044688,5.684341886080801e-13
520,oracle,110.51210787001537,0.1959974999999987,0.036000000000000004,110.28011037001536,3.33525,6.0,70.0,61.84810389186768,13.585659760380551,4000,110.28011037001384,1.5205614545266144e-12
520,belief,104.93744369816466,0.19754749999999827,0.036000000000000004,104.70389619816466,3.43675,6.0,68.0,60.49083719068238,13.585659760380551,4000,104.70389619816363,1.0231815394945443e-12
520,randomised,104.96703268757369,0.19754749999999827,0.036000000000000004,104.73348518757369,3.43675,6.0,68.0,60.52042618044668,13.585659760380551,4000,104.73348518757267,1.0231815394945443e-12
520,naive,84.40317603760582,0.11957749999999556,0.025,84.25859853760582,2.73125,5.0,63.0,57.74999999999995,16.31599436833459,4000,84.2585985376069,1.0800249583553523e-12
521,oracle,88.07134289669307,0.1618149999999976,0.049,87.86052789669306,3.613,7.0,65.0,59.487634141335455,14.321216327889577,4000,87.86052789669331,2.5579538487363607e-13
521,belief,85.22496012808608,0.1492099999999968,0.036000000000000004,85.03975012808608,3.5185,6.0,66.0,61.06246778763337,14.392010138760112,4000,85.03975012808621,1.2789769243681803e-13
521,randomised,88.56148064338413,0.1618149999999976,0.049,88.35066564338412,3.613,7.0,65.0,59.97777189390768,14.321216327889577,4000,88.35066564338437,2.5579538487363607e-13
521,naive,70.94605095274801,0.1273549999999941,0.036000000000000004,70.78269595274801,3.1695,6.0,76.0,69.66666666666663,27.856291815740573,4000,70.7826959527481,8.526512829121202e-14
522,oracle,85.90973880922836,0.1099049999999963,0.001,85.79883380922836,2.686,1.0,59.0,58.34687153897368,17.736167057450057,4000,85.79883380922763,7.247535904753022e-13
522,belief,85.83871913584862,0.1099049999999963,0.001,85.72781413584862,2.686,1.0,59.0,58.27585186474179,17.736167057450057,4000,85.7278141358479,7.247535904753022e-13
522,randomised,78.53000967437927,0.10773499999999585,0.004,78.41827467437928,2.5865,2.0,60.0,59.01475734275663,17.739190257613533,4000,78.41827467437675,2.5295321393059567e-12
522,naive,91.13241737370366,0.24185500000000443,0.001,90.88956237370365,4.4875,1.0,67.0,61.41666666666661,23.652482287819574,4000,90.88956237370587,2.2168933355715126e-12
523,oracle,-2.890052370271505,0.052639999999999854,0.001,-2.9436923702715045,1.9505,1.0,47.0,47.854303772695204,15.197244749560447,4000,-2.9436923702715245,1.9984014443252818e-14
523,belief,-2.673197090370209,0.052639999999999854,0.001,-2.726837090370209,1.9505,1.0,47.0,48.07115905519867,15.197244749560447,4000,-2.7268370903702324,2.353672812205332e-14
523,randomised,-2.890052370271505,0.052639999999999854,0.001,-2.9436923702715045,1.9505,1.0,47.0,47.854303772695204,15.197244749560447,4000,-2.9436923702715245,1.9984014443252818e-14
523,naive,-158.96697774446318,0.7107874999999885,0.169,-159.84676524446317,7.46975,13.0,61.0,55.91666666666662,22.456035417553842,4000,-159.84676524446877,5.5990767577895895e-12
524,oracle,40.58951567379674,0.0242274999999992,0.0,40.56528817379674,1.18175,0.0,48.0,51.017245839426266,21.02315282973112,4000,40.565288173795416,1.3216094885137863e-12
524,belief,43.39977563950666,0.018087499999999524,0.0,43.38168813950666,1.07975,0.0,48.0,51.36510480462361,21.547804917052417,4000,43.38168813950537,1.2860823517257813e-12
524,randomised,40.58951567379674,0.0242274999999992,0.0,40.56528817379674,1.18175,0.0,48.0,51.017245839426266,21.02315282973112,4000,40.565288173795416,1.3216094885137863e-12
524,naive,36.21833387950687,0.013512500000000247,0.001,36.20382137950688,0.88175,1.0,61.0,55.91666666666662,28.9406672223782,4000,36.20382137950571,1.1652900866465643e-12
525,oracle,74.38927484937236,0.07012500000000305,0.004,74.31514984937235,2.173,2.0,60.0,52.52395747164257,11.189505283491108,4000,74.31514984937026,2.0889956431346945e-12
525,belief,70.73228199969188,0.06283250000000429,0.004,70.66544949969187,2.08325,2.0,56.0,48.90122794277097,9.867895416810235,4000,70.66544949968912,2.7569058147491887e-12
525,randomised,72.08987805011182,0.06364250000000383,0.004,72.02223555011182,2.09375,2.0,58.0,50.69685908166809,10.407963711545873,4000,72.02223555010916,2.6574298317427747e-12
525,naive,63.80885954520794,0.038910000000004025,0.001,63.76894954520794,1.5895,1.0,67.0,61.41666666666661,21.433552847420255,4000,63.76894954520665,1.2860823517257813e-12
526,oracle,21.494026732377165,0.43330749999999935,0.025,21.03571923237717,5.37825,5.0,57.0,58.364529867344245,21.21503981693441,4000,21.035719232377605,4.369837824924616e-13
526,belief,35.01903649573069,0.3437499999999988,0.016,34.65928649573069,4.8295,4.0,56.0,57.60020523352783,21.21503981693441,4000,34.65928649573066,2.842170943040401e-14
526,randomised,43.94712556978223,0.2633449999999967,0.009000000000000001,43.674780569782236,4.187,3.0,57.0,58.215648924851585,21.65013546110129,4000,43.67478056978184,3.979039320256561e-13
526,naive,41.49951938703623,0.8702924999999951,0.121,40.50822688703623,7.36175,11.0,65.0,59.58333333333328,24.614126425310797,4000,40.50822688703746,1.2292389328649733e-12
527,oracle,33.48171374584308,0.17037750000000534,0.009000000000000001,33.30233624584307,3.74425,3.0,71.0,76.44680928963669,26.15688734325201,4000,33.30233624584342,3.481659405224491e-13
527,belief,33.223652200187985,0.17037750000000534,0.009000000000000001,33.04427470018798,3.74425,3.0,71.0,76.18874774088532,26.15688734325201,4000,33.044274700188325,3.481659405224491e-13
527,randomised,33.48171374584308,0.17037750000000534,0.009000000000000001,33.30233624584307,3.74425,3.0,71.0,76.44680928963669,26.15688734325201,4000,33.30233624584342,3.481659405224491e-13
527,naive,19.74327713240433,0.2194425000000051,0.009000000000000001,19.514834632404323,4.15325,3.0,85.0,77.91666666666667,34.585669999369074,4000,19.514834632404387,6.394884621840902e-14
528,oracle,82.16892916486847,0.1642474999999999,0.004,82.00068166486847,3.17575,2.0,80.0,65.43576305123324,14.050899485523273,4000,82.00068166486923,7.673861546209082e-13
528,belief,80.38166656419946,0.1626324999999979,0.009000000000000001,80.21003406419946,3.15175,3.0,79.0,64.97468714911544,14.050899485523273,4000,80.21003406420121,1.7479351299698465e-12
528,randomised,80.1811345744913,0.1626324999999979,0.009000000000000001,80.0095020744913,3.15175,3.0,79.0,64.77415515700092,14.050899485523273,4000,80.00950207449304,1.7479351299698465e-12
528,naive,79.1052009481969,0.21031749999999946,0.001,78.89388344819689,3.65875,1.0,71.0,65.08333333333327,17.35678289275612,4000,78.89388344819741,5.258016244624741e-13
529,oracle,57.86302355614396,0.09179250000000047,0.016,57.755231056143955,2.63825,4.0,60.0,48.592041053258065,7.289606276962741,4000,57.75523105614295,1.0089706847793423e-12
529,belief,58.350011199600885,0.09179250000000047,0.016,58.24221869960088,2.63825,4.0,60.0,49.07902870255853,7.289606276962741,4000,58.242218699599874,1.0089706847793423e-12
529,randomised,59.06477662033541,0.1070674999999952,0.009000000000000001,58.948709120335415,2.95175,3.0,61.0,49.757398854506256,7.295319990199522,4000,58.94870912033616,7.460698725481052e-13
529,naive,68.55355911426601,0.1678875000000031,0.001,68.384671614266,3.69325,1.0,61.0,55.91666666666662,15.00139990566124,4000,68.38467161426792,1.9184653865522705e-12
530,oracle,144.12066226319632,0.35460000000000236,0.036000000000000004,143.73006226319632,5.5625,6.0,68.0,63.04956600223829,15.959069101767103,4000,143.73006226319612,1.9895196601282805e-13
530,belief,144.11088767745343,0.35460000000000236,0.036000000000000004,143.72028767745343,5.5625,6.0,68.0,63.039791416378,15.959069101767103,4000,143.72028767745323,1.9895196601282805e-13
530,randomised,144.12066226319632,0.35460000000000236,0.036000000000000004,143.73006226319632,5.5625,6.0,68.0,63.04956600223829,15.959069101767103,4000,143.73006226319612,1.9895196601282805e-13
530,naive,88.33318772360727,0.0631750000000037,0.004,88.26601272360726,2.0735,2.0,72.0,65.99999999999994,19.908287381229098,4000,88.26601272360635,9.094947017729282e-13
531,oracle,49.5413659959532,0.05797250000000514,0.001,49.4823934959532,1.97325,1.0,53.0,48.337032091342095,9.260611635424219,4000,49.48239349595156,1.6342482922482304e-12
531,belief,50.31895993009894,0.06427000000000375,0.004,50.25068993009894,2.13,2.0,54.0,49.380487142570686,10.04507032984251,4000,50.250689930097444,1.4992451724538114e-12
531,randomised,49.5413659959532,0.05797250000000514,0.001,49.4823934959532,1.97325,1.0,53.0,48.337032091342095,9.260611635424219,4000,49.48239349595156,1.6342482922482304e-12
531,naive,69.15743921595595,0.09224249999999859,0.036000000000000004,69.02919671595595,2.50125,6.0,56.0,51.3333333333333,14.133067113409247,4000,69.02919671595723,1.2789769243681803e-12
532,oracle,44.80325122449017,0.08146249999999998,0.049,44.67278872449017,2.26425,7.0,61.0,62.773218583140206,24.451005534538403,4000,44.67278872449075,5.826450433232822e-13
532,belief,44.288727931015046,0.08146249999999998,0.049,44.158265431015046,2.26425,7.0,61.0,62.258695283491235,24.451005534538403,4000,44.15826543101563,5.826450433232822e-13
532,randomised,44.30211480277558,0.08146249999999998,0.049,44.17165230277558,2.26425,7.0,61.0,62.27208215541234,24.451005534538403,4000,44.17165230277616,5.826450433232822e-13
532,naive,23.5374560605311,0.07551750000000484,0.049,23.412938560531096,2.11175,7.0,73.0,66.91666666666661,34.5338273430967,4000,23.412938560531718,6.217248937900877e-13
533,oracle,34.23122422202579,0.06572500000000317,0.001,34.16449922202579,2.1535,1.0,77.0,62.89481752698219,14.370800895262668,4000,34.16449922202496,8.313350008393172e-13
533,belief,34.34420041645981,0.06301250000000447,0.001,34.28018791645981,2.10475,1.0,79.0,64.66934495838152,14.476602093892147,4000,34.28018791645841,1.3997691894473974e-12
533,randomised,33.90195576176217,0.06301250000000447,0.001,33.83794326176216,2.10475,1.0,79.0,64.22710029837768,14.476602093892147,4000,33.83794326176081,1.3500311979441904e-12
533,naive,-27.227721732079544,0.15409999999999924,0.025,-27.406821732079543,3.172,5.0,69.0,63.249999999999936,20.275487949382654,4000,-27.406821732080363,8.206768598029157e-13
534,oracle,47.36132749126972,0.1287449999999973,0.009000000000000001,47.223582491269724,3.0595,3.0,59.0,60.43184821644521,18.366658182496295,4000,47.223582491269376,3.481659405224491e-13
534,belief,47.27572455487933,0.1287449999999973,0.009000000000000001,47.13797955487934,3.0595,3.0,59.0,60.346245279027826,18.366658182496295,4000,47.13797955487899,3.481659405224491e-13
534,randomised,46.859808332108,0.1287449999999973,0.009000000000000001,46.72206333210801,3.0595,3.0,59.0,59.93032905126558,18.366658182496295,4000,46.7220633321076,4.050093593832571e-13
534,naive,-51.84994452712681,0.676087500000008,0.256,-52.78203202712682,6.79175,16.0,70.0,64.1666666666666,28.084311410939513,4000,-52.78203202712524,1.5774048733874224e-12
535,oracle,75.9512627226465,0.1455324999999988,0.016,75.7897302226465,3.28475,4.0,52.0,52.29798874998821,13.882964667266304,4000,75.78973022264998,3.481659405224491e-12
535,belief,63.19231296099957,0.05987250000000514,0.004,63.12844046099957,2.18075,2.0,52.0,52.229945779405256,14.520519447957124,4000,63.12844046099629,3.282707439211663e-12
535,randomised,57.03179076451562,0.05712250000000409,0.001,56.97366826451562,2.01925,1.0,53.0,53.380907457178004,14.899827962604405,4000,56.97366826451316,2.4584778657299466e-12
535,naive,111.5403599532815,0.31246500000000144,0.049,111.17889495328149,4.975,7.0,71.0,65.08333333333327,22.54180081102551,4000,111.17889495327952,1.9610979506978765e-12
536,oracle,-18.134782651393266,0.22005250000000004,0.081,-18.435835151393267,3.92675,9.0,51.0,48.73279727687,20.086889491003937,4000,-18.435835151393185,8.171241461241152e-14
536,belief,-4.109251582436741,0.2534099999999984,0.049,-4.41166158243674,4.4525,7.0,53.0,50.871384825050214,20.568989620943242,4000,-4.41166158243671,3.019806626980426e-14
536,randomised,-16.797211907116548,0.22005250000000004,0.081,-17.09826440711655,3.92675,9.0,53.0,50.07036803719659,21.316078027106364,4000,-17.098264407116417,1.3145040611561853e-13
536,naive,16.65324963371893,0.21553750000000477,0.049,16.388712133718926,4.17875,7.0,67.0,61.416666666666615,31.365187539998743,4000,16.388712133719846,9.201528428093297e-13
537,oracle,26.250334719981765,0.17824749999999598,0.036000000000000004,26.036087219981766,3.35675,6.0,54.0,55.677339668200155,13.153877775261508,4000,26.036087219981432,3.339550858072471e-13
537,belief,18.111817990619898,0.247957499999999,0.049,17.8148604906199,4.05375,7.0,55.0,56.42111044761412,13.205873638930072,4000,17.81486049061923,6.714628852932947e-13
537,randomised,18.101138358665025,0.247957499999999,0.049,17.804180858665028,4.05375,7.0,55.0,56.41043081553148,13.205873638930072,4000,17.804180858664356,6.714628852932947e-13
537,naive,-3.0354943070988156,0.6968324999999861,0.1,-3.8323268070988017,6.84175,10.0,68.0,62.33333333333327,23.36064914471255,4000,-3.8323268070986862,1.1546319456101628e-13
538,oracle,29.807167250471664,0.20128749999999526,0.001,29.604879750471667,3.62375,1.0,53.0,61.46304334149614,26.308510611580694,4000,29.604879750472335,6.679101716144942e-13
538,belief,29.700033470544938,0.20128749999999526,0.001,29.49774597054494,3.62375,1.0,53.0,61.355909560284324,26.308510611580694,4000,29.49774597054558,6.394884621840902e-13
538,randomised,29.485440506717993,0.19488999999999904,0.004,29.286550506717994,3.477,2.0,54.0,62.128095171238854,26.526043850682306,4000,29.28655050671865,6.572520305780927e-13
538,naive,19.848140797863635,0.14624000000000015,0.001,19.700900797863635,2.88,1.0,71.0,65.08333333333327,35.543326079793495,4000,19.700900797863746,1.1013412404281553e-13
539,oracle,14.906044615831547,0.15952499999999795,0.064,14.682519615831549,3.149,8.0,70.0,75.8688502168721,29.787293835644785,4000,14.68251961583187,3.2152058793144533e-13
539,belief,15.37068557734699,0.15952499999999795,0.064,15.147160577346991,3.149,8.0,70.0,76.33349118396292,29.787293835644785,4000,15.147160577347455,4.636291350834654e-13
539,randomised,15.406045221856743,0.15952499999999795,0.064,15.182520221856745,3.149,8.0,70.0,76.36885082889688,29.787293835644785,4000,15.182520221857066,3.2152058793144533e-13
539,naive,-9.04150767555825,0.6194025000000113,0.1,-9.760910175558262,7.24175,10.0,90.0,82.50000000000003,39.26534828037883,4000,-9.760910175559136,8.739675649849232e-13
540,oracle,-15.789806321142237,0.051522499999999555,0.081,-15.922328821142235,1.62125,9.0,39.0,44.12568786827081,21.606815193520905,4000,-15.92232882114206,1.758593271006248e-13
540,belief,-16.60723481989089,0.051522499999999555,0.081,-16.73975731989089,1.62125,9.0,39.0,43.3082593597137,21.606815193520905,4000,-16.73975731989059,3.019806626980426e-13
540,randomised,-16.289924016987015,0.051522499999999555,0.081,-16.422446516987016,1.62125,9.0,39.0,43.62557016642502,21.606815193520905,4000,-16.422446516986838,1.7763568394002505e-13
540,naive,15.283243217521658,0.09325000000000136,0.081,15.108993217521657,2.4115,9.0,59.0,54.08333333333329,31.723089931410357,4000,15.108993217520773,8.846257060213247e-13
541,oracle,-1.9062762769153778,0.3941299999999876,0.121,-2.4214062769153655,5.22,11.0,65.0,61.302198972218406,15.393884953970716,4000,-2.4214062769153926,2.708944180085382e-14
541,belief,-0.9576561173114442,0.37660249999998635,0.121,-1.4552586173114306,5.13475,11.0,67.0,63.58343570889805,15.855553069520639,4000,-1.4552586173115,6.94999613415348e-14
541,randomised,-1.9062762769153778,0.3941299999999876,0.121,-2.4214062769153655,5.22,11.0,65.0,61.302198972218406,15.393884953970716,4000,-2.4214062769153926,2.708944180085382e-14
541,naive,40.99728858193362,0.30273999999999573,0.1,40.59454858193362,4.203,10.0,74.0,67.83333333333329,23.021323181916937,4000,40.59454858193327,3.552713678800501e-13
542,oracle,64.47314447483355,0.05147750000000153,0.0,64.42166697483354,1.84775,0.0,62.0,52.88281834352507,11.865393016705202,4000,64.42166697483077,2.7711166694643907e-12
542,belief,65.07433375860032,0.05147750000000153,0.0,65.02285625860031,1.84775,0.0,62.0,53.484007634505524,11.865393016705202,4000,65.02285625859778,2.5295321393059567e-12
542,randomised,54.13816252682132,0.024349999999999476,0.0,54.11381252682132,1.0325,0.0,62.0,52.864178607811915,11.613587954443135,4000,54.1138125268204,9.166001291305292e-13
542,naive,51.57962101910533,0.01400500000000009,0.009000000000000001,51.556616019105334,0.991,3.0,61.0,55.91666666666662,19.04071153824828,4000,51.55661601910174,3.595346242946107e-12
543,oracle,24.63409856959413,0.1371175,0.004,24.49298106959413,2.98125,2.0,92.0,73.43692728477066,15.285614956239924,4000,24.49298106959513,1.0018652574217413e-12
543,belief,21.83737092180212,0.15851500000000307,0.009000000000000001,21.669855921802117,3.1915,3.0,93.0,74.66622341516013,16.852499417278327,4000,21.66985592180243,3.126388037344441e-13
543,randomised,21.806024083128364,0.15851500000000307,0.009000000000000001,21.638509083128362,3.1915,3.0,93.0,74.63487657611023,16.852499417278327,4000,21.638509083128675,3.126388037344441e-13
543,naive,-30.969425064087318,0.6286250000000045,0.14400000000000002,-31.74205006408732,5.888,12.0,86.0,78.83333333333334,24.494429585571627,4000,-31.742050064087493,1.7408297026122455e-13
544,oracle,51.60340347822188,0.06926749999999952,0.0,51.534135978221876,2.08175,0.0,50.0,57.373299190094876,25.43950532128021,4000,51.53413597822048,1.3926637620897964e-12
544,belief,51.13227233626151,0.06926749999999952,0.0,51.063004836261506,2.08175,0.0,50.0,56.90216804248142,25.43950532128021,4000,51.06300483626011,1.3926637620897964e-12
544,randomised,51.103492718305574,0.06926749999999952,0.0,51.03422521830557,2.08175,0.0,50.0,56.873388424180035,25.43950532128021,4000,51.03422521830418,1.3926637620897964e-12
544,naive,54.33823246715164,0.07496249999999739,0.0,54.26326996715164,2.26975,0.0,64.0,58.666666666666615,29.593473490337203,4000,54.26326996714926,2.3803181647963356e-12
545,oracle,37.31348309841111,0.013187500000000045,0.001,37.29929559841111,0.76925,1.0,37.0,40.67240488803018,12.140181027372467,4000,37.2992955984101,1.0160761121369433e-12
545,belief,37.28296510602841,0.013187500000000045,0.001,37.268777606028415,0.76925,1.0,37.0,40.641886895281374,12.140181027372467,4000,37.2687776060274,1.0160761121369433e-12
545,randomised,37.31348309841111,0.013187500000000045,0.001,37.29929559841111,0.76925,1.0,37.0,40.67240488803018,12.140181027372467,4000,37.2992955984101,1.0160761121369433e-12
545,naive,13.490772767199871,0.09159999999999342,0.004,13.39517276719988,2.586,2.0,58.0,53.16666666666663,22.822278259970258,4000,13.395172767200103,2.2382096176443156e-13
546,oracle,68.08172329122772,0.08417249999999671,0.009000000000000001,67.98855079122772,2.33375,3.0,71.0,64.89583900370297,22.068623045574576,4000,67.98855079122883,1.1084466677857563e-12
546,belief,67.61912228629592,0.08417249999999671,0.009000000000000001,67.52594978629593,2.33375,3.0,71.0,64.4332379932202,22.068623045574576,4000,67.52594978629703,1.1084466677857563e-12
546,randomised,67.58519831301203,0.08417249999999671,0.009000000000000001,67.49202581301203,2.33375,3.0,71.0,64.39931401952936,22.068623045574576,4000,67.49202581301314,1.1084466677857563e-12
546,naive,77.97123533912539,0.018937499999999954,0.0,77.95229783912538,0.98575,0.0,76.0,69.66666666666663,33.823663937810686,4000,77.95229783912373,1.6484591469634324e-12
547,oracle,35.64184918129284,0.09677749999999717,0.001,35.54407168129285,2.60775,1.0,55.0,58.192585743141436,15.472766333475414,4000,35.54407168129202,8.313350008393172e-13
547,belief,37.89982384129587,0.13775249999999786,0.004,37.758071341295874,2.99325,2.0,56.0,58.648346226805394,15.508255942411543,4000,37.75807134129533,5.471179065352771e-13
547,randomised,40.947528154094414,0.1683350000000033,0.009000000000000001,40.77019315409441,3.3685,3.0,57.0,59.058562773274986,15.692155627757202,4000,40.77019315409494,5.329070518200751e-13
547,naive,38.3851465002997,0.08733499999999482,0.025,38.2728115002997,2.438,5.0,75.0,68.74999999999996,22.78057954679956,4000,38.272811500297905,1.7976731214730535e-12
548,oracle,86.77236971180469,0.19392000000000092,0.025,86.55344971180467,3.9005,5.0,71.0,69.50833658748499,22.873034705599167,4000,86.55344971180577,1.0942358130705543e-12
548,belief,87.23324609570352,0.19392000000000092,0.025,87.01432609570351,3.9005,5.0,71.0,69.96921297691401,22.873034705599167,4000,87.01432609570459,1.0800249583553523e-12
548,randomised,86.77094537123241,0.19392000000000092,0.025,86.5520253712324,3.9005,5.0,71.0,69.5069122468956,22.873034705599167,4000,86.5520253712335,1.0942358130705543e-12
548,naive,54.171893890807155,0.09280499999999746,0.009000000000000001,54.070088890807156,2.5615,3.0,81.0,74.24999999999997,30.94274992697473,4000,54.07008889080703,1.2789769243681803e-13
549,oracle,-10.907539248630485,0.16565499999999836,0.016,-11.089194248630484,3.2355,4.0,54.0,52.652458978004525,14.065062777979282,4000,-11.08919424863009,3.943512183468556e-13
549,belief,1.8508859256699566,0.1061775000000019,0.009000000000000001,1.7357084256699549,2.65975,3.0,55.0,54.10831201598872,15.610731342877866,4000,1.7357084256703148,3.5993430458347575e-13
549,randomised,-10.597474046134835,0.14564500000000113,0.009000000000000001,-10.752119046134837,3.091,3.0,53.0,52.96391640314465,14.065062777979282,4000,-10.752119046134371,4.654054919228656e-13
549,naive,-27.735674011697142,0.21153499999999534,0.036000000000000004,-27.983209011697138,3.5255,6.0,58.0,53.16666666666663,21.916630613370607,4000,-27.983209011697898,7.602807272633072e-13
550,oracle,-13.589679742137378,0.6276199999999998,0.14400000000000002,-14.361299742137378,7.2145,12.0,78.0,77.07851143688372,27.544227895849655,4000,-14.361299742138783,1.4050982599655981e-12
550,belief,-41.92220578893489,0.7013650000000116,0.169,-42.792570788934896,7.862,13.0,77.0,76.09813304265623,29.499273791183033,4000,-42.792570788934896,0.0
550,randomised,-36.26841879938388,0.6573050000000187,0.121,-37.046723799383905,7.5995,11.0,75.0,74.03516443287809,28.369483586928784,4000,-37.04672379938364,2.6290081223123707e-13
550,naive,-16.47560124885854,0.6428824999999999,0.121,-17.239483748858536,7.20825,11.0,85.0,77.91666666666669,35.750072458911866,4000,-17.239483748860174,1.637801005927031e-12
551,oracle,-94.0112569601929,0.3750799999999929,0.081,-94.4673369601929,5.287,9.0,65.0,59.17161264868502,14.71830855845036,4000,-94.46733696019096,1.9326762412674725e-12
551,belief,-94.9122620390217,0.35768749999998906,0.081,-95.35094953902168,5.19725,9.0,63.0,58.26995136662529,14.71830855845036,4000,-95.3509495390196,2.0889956431346945e-12
551,randomised,-80.25422503813354,0.29287749999999374,0.064,-80.61110253813352,4.73425,8.0,64.0,58.93036632157606,15.010210503627842,4000,-80.61110253813136,2.1600499167107046e-12
551,naive,-256.8283002206531,1.802134999999997,0.441,-259.0714352206531,11.4835,21.0,73.0,66.91666666666661,25.253802036708333,4000,-259.07143522065473,1.6484591469634324e-12
552,oracle,19.60354973784638,0.07479000000000025,0.009000000000000001,19.51975973784638,2.2565,3.0,61.0,54.178435090472455,12.26024109946956,4000,19.51975973784689,5.115907697472721e-13
552,belief,22.556603548618114,0.07943500000000021,0.016,22.461168548618115,2.3625,4.0,60.0,53.44893307599154,12.26024109946956,4000,22.461168548618634,5.186961971048731e-13
552,randomised,19.089022530134685,0.07479000000000025,0.009000000000000001,19.005232530134684,2.2565,3.0,61.0,53.66390787658687,12.26024109946956,4000,19.005232530135256,5.719869022868806e-13
552,naive,3.095482362184157,0.1465225000000001,0.009000000000000001,2.939959862184157,3.58575,3.0,67.0,61.41666666666661,22.53713076396078,4000,2.939959862184504,3.468336728928989e-13
553,oracle,33.2421779353474,0.02874249999999868,0.001,33.2124354353474,1.38625,1.0,69.0,76.00326206247342,32.38547907412755,4000,33.21243543534666,7.389644451905042e-13
553,belief,32.92289107059872,0.02874249999999868,0.001,32.893148570598726,1.38625,1.0,69.0,75.68397519389363,32.38547907412755,4000,32.89314857059799,7.389644451905042e-13
553,randomised,36.44745262174217,0.029074999999998595,0.001,36.417377621742176,1.303,1.0,69.0,75.01226053255911,32.224905577801294,4000,36.41737762174129,8.881784197001252e-13
553,naive,24.58011559906808,0.07296749999999966,0.004,24.503148099068078,2.36625,2.0,86.0,78.83333333333336,45.0701740434644,4000,24.50314809906806,1.7763568394002505e-14
554,oracle,51.81840718169525,0.024145000000001127,0.009000000000000001,51.785262181695245,1.26,3.0,43.0,43.69271996273735,15.74844875022984,4000,51.78526218169374,1.5063505998114124e-12
554,belief,44.92928192456213,0.01749750000000094,0.004,44.90778442456214,1.05575,2.0,42.0,43.61647219379876,15.74844875022984,4000,44.90778442456025,1.8900436771218665e-12
554,randomised,44.826650116304165,0.01749750000000094,0.004,44.80515261630417,1.05575,2.0,42.0,43.51384038430929,15.74844875022984,4000,44.80515261630228,1.8900436771218665e-12
554,naive,64.20286405966931,0.01087249999999983,0.004,64.1879915596693,0.76575,2.0,58.0,53.16666666666663,20.521551771988413,4000,64.18799155966694,2.3590018827235326e-12
555,oracle,37.31748646116435,0.023927500000000317,0.0,37.29355896116435,1.21825,0.0,62.0,66.35997578023307,22.429378006857945,4000,37.29355896116264,1.7124079931818414e-12
555,belief,42.5534966983077,0.03786500000000059,0.001,42.514631698307696,1.5645,1.0,63.0,67.39208427229164,23.627650498526457,4000,42.51463169830572,1.9753088054130785e-12
555,randomised,40.81581101344773,0.03762500000000048,0.0,40.77818601344773,1.5495,0.0,64.0,68.20531136001118,23.856711451219546,4000,40.778186013445826,1.9042545318370685e-12
555,naive,75.05237659449193,0.09158999999999476,0.001,74.95978659449193,2.6305,1.0,97.0,88.91666666666673,39.72002950372012,4000,74.9597865944928,8.668621376273222e-13
556,oracle,-10.10901609877223,0.11845999999999779,0.0,-10.227476098772227,2.761,0.0,52.0,56.22268049808112,23.080598157482314,4000,-10.227476098771575,6.519229600598919e-13
556,belief,-9.814273194673163,0.11845999999999779,0.0,-9.93273319467316,2.761,0.0,52.0,56.517423405716855,23.080598157482314,4000,-9.932733194672508,6.519229600598919e-13
556,randomised,-9.609081732760245,0.11845999999999779,0.0,-9.727541732760242,2.761,0.0,52.0,56.722614870091924,23.080598157482314,4000,-9.72754173275959,6.519229600598919e-13
556,naive,17.202893392368594,0.19648000000000782,0.016,16.990413392368588,4.212,4.0,76.0,69.66666666666661,38.42426054046424,4000,16.990413392369604,1.0160761121369433e-12
557,oracle,-2.826856737752223,0.1750574999999987,0.025,-3.0269142377522216,3.62175,5.0,49.0,53.83177497362404,20.362040012464014,4000,-3.026914237752593,3.7125857943465235e-13
557,belief,-7.1209152355889955,0.20954000000000136,0.036000000000000004,-7.3664552355889965,3.959,6.0,50.0,55.07539789392621,20.488344199056797,4000,-7.3664552355890525,5.595524044110789e-14
557,randomised,-6.6584786099862185,0.20954000000000136,0.036000000000000004,-6.9040186099862195,3.959,6.0,50.0,55.5378345250781,20.488344199056797,4000,-6.904018609986219,8.881784197001252e-16
557,naive,3.0974379185352063,0.3898199999999926,0.081,2.6266179185352136,5.349,9.0,73.0,66.91666666666661,33.1964934741297,4000,2.6266179185350804,1.3322676295501878e-13
558,oracle,78.59669686408807,0.09846999999999624,0.016,78.48222686408808,2.702,4.0,72.0,57.01919603484946,6.721076018645903,4000,78.48222686408869,6.110667527536862e-13
558,belief,69.10632064716572,0.0853850000000003,0.025,68.99593564716571,2.492,5.0,71.0,56.447826564939845,6.721076018645903,4000,68.99593564716484,8.668621376273222e-13
558,randomised,69.52998119462978,0.0853850000000003,0.025,69.41959619462978,2.492,5.0,71.0,56.87148711748779,6.721076018645903,4000,69.41959619462885,9.237055564881302e-13
558,naive,78.15070114259265,0.1959974999999908,0.1,77.85470364259267,3.85075,10.0,58.0,53.16666666666663,10.175171040471454,4000,77.85470364259331,6.394884621840902e-13
559,oracle,56.413027419534274,0.05118500000000016,0.036000000000000004,56.325842419534276,1.7715,6.0,64.0,70.23524519638498,25.40500451342143,4000,56.32584241953225,2.0250467969162855e-12
559,belief,57.28367201345691,0.05118500000000016,0.036000000000000004,57.19648701345691,1.7715,6.0,64.0,71.10588980075465,25.40500451342143,4000,57.196487013454885,2.0250467969162855e-12
559,randomised,57.41398602305162,0.05118500000000016,0.036000000000000004,57.32680102305162,1.7715,6.0,64.0,71.23620381191309,25.40500451342143,4000,57.3268010230496,2.0250467969162855e-12
559,naive,72.76311495647843,0.1299574999999986,0.0,72.63315745647843,3.08275,0.0,96.0,88.00000000000006,38.393831475532195,4000,72.63315745647887,4.405364961712621e-13
560,oracle,84.16957259033114,0.13612749999999682,0.016,84.01744509033114,3.21575,4.0,58.0,58.778634177772844,21.77876665879524,4000,84.0174450903323,1.1652900866465643e-12
560,belief,78.00790843093432,0.14432750000000125,0.025,77.83858093093431,3.28025,5.0,59.0,59.915581382159516,22.029007612329842,4000,77.83858093093426,5.684341886080802e-14
560,randomised,84.16957259033114,0.13612749999999682,0.016,84.01744509033114,3.21575,4.0,58.0,58.778634177772844,21.77876665879524,4000,84.0174450903323,1.1652900866465643e-12
560,naive,46.05003390427848,0.08485499999999753,0.004,45.96117890427848,2.3625,2.0,68.0,62.33333333333327,29.125757212154596,4000,45.961178904278675,1.9184653865522705e-13
561,oracle,19.37860166952163,0.06990249999999938,0.0,19.30869916952163,1.89475,0.0,50.0,47.875309860720904,15.10080029402615,4000,19.308699169521155,4.760636329592671e-13
561,belief,15.718858817084097,0.07865999999999758,0.0,15.6401988170841,2.1205,0.0,48.0,46.47429824071893,15.10080029402615,4000,15.640198817083832,2.682298827494378e-13
561,randomised,15.795421826009445,0.07865999999999758,0.0,15.716761826009447,2.1205,0.0,48.0,46.55086125056314,15.10080029402615,4000,15.716761826009176,2.717825964282383e-13
561,naive,40.08033776471545,0.09872749999999622,0.0,39.98161026471546,2.83025,0.0,68.0,62.33333333333327,31.514463892288333,4000,39.98161026471585,3.907985046680551e-13
562,oracle,102.20898117255065,0.16800749999999767,0.0,102.04097367255065,3.31575,0.0,78.0,66.58081027573387,18.61953371177866,4000,102.04097367255147,8.242295734817162e-13
562,belief,108.0929693076215,0.16971749999999627,0.001,107.9222518076215,3.42925,1.0,77.0,66.50242623535165,18.61953371177866,4000,107.92225180762333,1.8189894035458565e-12
562,randomised,103.21832182401359,0.16800749999999767,0.0,103.05031432401358,3.31575,0.0,78.0,67.59015093930802,18.61953371177866,4000,103.05031432401437,7.815970093361102e-13
562,naive,100.52101859590016,0.1009949999999956,0.016,100.40402359590016,2.74,4.0,76.0,69.66666666666663,27.519085279928657,4000,100.40402359590186,1.7053025658242404e-12
563,oracle,-95.9785193606665,0.6420199999999949,0.121,-96.74153936066648,7.5455,11.0,51.0,55.62828705993698,18.2559327205085,4000,-96.7415393606688,2.3163693185779266e-12
563,belief,-95.03749084340916,0.6420199999999949,0.121,-95.80051084340914,7.5455,11.0,51.0,56.569315588486056,18.2559327205085,4000,-95.80051084341143,2.2879476091475226e-12
563,randomised,-107.3248991725286,0.7972149999999929,0.14400000000000002,-108.2661141725286,8.4565,12.0,52.0,57.38701016071229,19.06273058095047,4000,-108.26611417253014,1.5347723092418164e-12
563,naive,-189.69466736932782,1.539514999999986,0.441,-191.6751823693278,11.094,21.0,67.0,61.41666666666661,31.71821278241289,4000,-191.6751823693303,2.4726887204451486e-12
564,oracle,32.95130651529257,0.13563750000000102,0.121,32.69466901529257,2.87625,11.0,71.0,56.06712271965021,8.406804079722138,4000,32.69466901529185,7.176481631177012e-13
564,belief,33.044213100437446,0.13563750000000102,0.121,32.78757560043744,2.87625,11.0,71.0,56.16002930590993,8.406804079722138,4000,32.787575600436725,7.176481631177012e-13
564,randomised,32.452998419859114,0.13563750000000102,0.121,32.19636091985911,2.87625,11.0,71.0,55.56881461823749,8.406804079722138,4000,32.19636091985832,7.887024366937112e-13
564,naive,40.496630830828224,0.11852749999999625,0.025,40.353103330828226,2.98275,5.0,65.0,59.58333333333328,16.455603543342093,4000,40.353103330827956,2.7000623958883807e-13
565,oracle,28.03588605822506,0.2446649999999987,0.049,27.742221058225063,4.0935,7.0,57.0,54.23403237944616,16.896696923462393,4000,27.74222105822624,1.1759482276829658e-12
565,belief,27.013535257835883,0.2818875000000052,0.049,26.68264775783588,4.41325,7.0,55.0,52.354829291927814,16.896696923462393,4000,26.682647757836385,5.044853423896711e-13
565,randomised,27.077084339204703,0.2818875000000052,0.049,26.7461968392047,4.41325,7.0,55.0,52.41837837405953,16.896696923462393,4000,26.746196839205204,5.044853423896711e-13
565,naive,39.85607776005429,0.22159499999999457,0.064,39.5704827600543,3.8825,8.0,70.0,64.1666666666666,28.379599806081096,4000,39.57048276005512,8.242295734817162e-13
566,oracle,58.88320248757066,0.055342499999999455,0.036000000000000004,58.79185998757065,1.84775,6.0,70.0,57.2388369134624,9.607783964861708,4000,58.79185998756951,1.1439738045737613e-12
566,belief,58.967122766995544,0.055342499999999455,0.036000000000000004,58.87578026699554,1.84775,6.0,70.0,57.32275719389425,9.607783964861708,4000,58.8757802669944,1.1439738045737613e-12
566,randomised,58.88320248757066,0.055342499999999455,0.036000000000000004,58.79185998757065,1.84775,6.0,70.0,57.2388369134624,9.607783964861708,4000,58.79185998756951,1.1439738045737613e-12
566,naive,59.28749738510578,1.0692549999999827,0.441,57.777242385105794,8.3645,21.0,67.0,61.41666666666661,14.148308355588377,4000,57.77724238510597,1.7763568394002505e-13
567,oracle,48.15645450274633,0.1484799999999987,0.036000000000000004,47.97197450274633,3.2785,6.0,82.0,73.25708229812123,16.30967884657998,4000,47.97197450274694,6.110667527536862e-13
567,belief,48.31447518625589,0.1484799999999987,0.036000000000000004,48.12999518625589,3.2785,6.0,82.0,73.41510298352704,16.30967884657998,4000,48.1299951862565,6.110667527536862e-13
567,randomised,48.1568005293384,0.14923249999999874,0.036000000000000004,47.9715680293384,3.28675,6.0,82.0,73.25723444602754,16.30967884657998,4000,47.971568029339004,6.039613253960852e-13
567,naive,58.12786060623722,0.05304000000000208,0.009000000000000001,58.06582060623722,1.7825,3.0,79.0,72.41666666666664,25.3476377177104,4000,58.06582060623499,2.2239987629291136e-12
568,oracle,59.128052057544664,0.04346500000000316,0.016,59.06858705754466,1.569,4.0,40.0,46.2055890898692,18.111805758385387,4000,59.06858705754343,1.2292389328649733e-12
568,belief,59.182332489897874,0.04346500000000316,0.016,59.12286748989787,1.569,4.0,40.0,46.25986952287381,18.111805758385387,4000,59.12286748989664,1.2292389328649733e-12
568,randomised,59.128052057544664,0.04346500000000316,0.016,59.06858705754466,1.569,4.0,40.0,46.2055890898692,18.111805758385387,4000,59.06858705754343,1.2292389328649733e-12
568,naive,222.22800603039013,1.0413774999999912,0.196,220.99062853039015,9.43475,14.0,64.0,58.666666666666615,27.436383232968318,4000,220.990628530385,5.144329406903125e-12
569,oracle,35.6383765734372,0.1996575000000025,0.036000000000000004,35.4027190734372,3.87825,6.0,38.0,41.51528957798776,14.239352594781188,4000,35.4027190734365,6.963318810448982e-13
569,belief,35.48289639924087,0.1996575000000025,0.036000000000000004,35.24723889924087,3.87825,6.0,38.0,41.35980940192595,14.239352594781188,4000,35.24723889924027,5.968558980384842e-13
569,randomised,35.6383765734372,0.1996575000000025,0.036000000000000004,35.4027190734372,3.87825,6.0,38.0,41.51528957798776,14.239352594781188,4000,35.4027190734365,6.963318810448982e-13
569,naive,41.39454731239175,0.6750875000000048,0.196,40.52345981239175,6.77575,14.0,54.0,49.49999999999997,20.600805318379333,4000,40.523459812391906,1.5631940186722204e-13
570,oracle,19.596355062971668,0.061530000000000196,0.016,19.51882506297167,1.9575,4.0,62.0,54.39818000388211,20.369009424266583,4000,19.51882506297176,9.237055564881302e-14
570,belief,31.42481352825064,0.06501500000000052,0.016,31.34379852825064,1.983,4.0,62.0,54.77540701340612,20.65692662501582,4000,31.343798528250733,9.237055564881302e-14
570,randomised,19.095534126147584,0.060650000000000044,0.016,19.018884126147586,1.9105,4.0,62.0,53.89695138904161,20.560852309407704,4000,19.01888412614767,8.526512829121202e-14
570,naive,54.717191163058956,0.05326750000000486,0.0,54.66392366305895,1.88825,0.0,68.0,62.33333333333327,28.878460877769903,4000,54.66392366305723,1.7195134205394424e-12
571,oracle,48.092731746813286,0.07928999999999858,0.016,47.99744174681329,2.387,4.0,58.0,57.75313906992413,20.821765230636572,4000,47.997441746813465,1.7763568394002505e-13
571,belief,48.456106810182916,0.07928999999999858,0.016,48.36081681018292,2.387,4.0,58.0,58.11651413765378,20.821765230636572,4000,48.360816810183096,1.7763568394002505e-13
571,randomised,46.75830718749222,0.08304999999999932,0.016,46.65925718749222,2.4745,4.0,56.0,56.421139004199546,20.821765230636572,4000,46.65925718749257,3.481659405224491e-13
571,naive,46.339200240544585,0.08605249999999504,0.009000000000000001,46.24414774054459,2.41725,3.0,71.0,65.08333333333327,29.507748011146674,4000,46.24414774054349,1.1013412404281553e-12
572,oracle,58.13646596791888,0.0334350000000004,0.0,58.10303096791888,1.484,0.0,82.0,75.6899298264537,18.35201544533428,4000,58.10303096791743,1.4566126083082054e-12
572,belief,57.53278153354822,0.03070250000000028,0.001,57.50107903354822,1.45025,1.0,81.0,75.08409375279874,18.35201544533428,4000,57.50107903354647,1.7550405573274475e-12
572,randomised,57.470410208119716,0.03070250000000028,0.001,57.43870770811972,1.45025,1.0,81.0,75.02172242662176,18.35201544533428,4000,57.43870770811797,1.7550405573274475e-12
572,naive,115.18122202879817,0.3182024999999982,0.064,114.79901952879818,5.21025,8.0,88.0,80.66666666666669,27.168217026746255,4000,114.79901952879848,2.984279490192421e-13
573,oracle,59.3424805530714,0.12866499999999698,0.009000000000000001,59.2048155530714,3.158,3.0,61.0,61.26774575576514,19.601274268085668,4000,59.20481555307252,1.1226575225009583e-12
573,belief,58.67860670171001,0.128804999999997,0.016,58.53380170171001,3.16,4.0,60.0,60.603622195914184,19.601274268085668,4000,58.53380170171115,1.1368683772161603e-12
573,randomised,56.67451393534856,0.12056499999999615,0.009000000000000001,56.54494893534856,3.0625,3.0,61.0,61.26023031855132,21.093021596057582,4000,56.54494893534954,9.805489753489383e-13
573,naive,90.12754989139609,0.4399200000000002,0.009000000000000001,89.67862989139608,5.5165,3.0,73.0,66.91666666666661,27.413950756022036,4000,89.67862989139667,5.826450433232822e-13
574,oracle,81.1398110466269,0.0997299999999995,0.009000000000000001,81.03108104662691,2.471,3.0,63.0,56.55228526475909,14.813850435082115,4000,81.03108104662812,1.2079226507921703e-12
574,belief,80.85504706997483,0.0997299999999995,0.009000000000000001,80.74631706997484,2.471,3.0,63.0,56.2675212846899,14.813850435082115,4000,80.74631706997604,1.2079226507921703e-12
574,randomised,81.13984485622706,0.0997299999999995,0.009000000000000001,81.03111485622706,2.471,3.0,63.0,56.55231907435966,14.813850435082115,4000,81.03111485622827,1.2079226507921703e-12
574,naive,81.47978009709232,0.042645000000002625,0.016,81.4211350970923,1.5565,4.0,74.0,67.83333333333329,19.87116779838219,4000,81.42113509709328,9.805489753489383e-13
575,oracle,49.5349347452469,0.01955749999999976,0.001,49.514377245246905,1.05175,1.0,63.0,67.01289647832107,20.4642939091951,4000,49.51437724524516,1.7479351299698465e-12
575,belief,49.122288481556296,0.018154999999999828,0.004,49.1001334815563,1.0285,2.0,60.0,64.43704247932455,20.424150020740385,4000,49.100133481554515,1.7834622667578515e-12
575,randomised,49.5349347452469,0.01955749999999976,0.001,49.514377245246905,1.05175,1.0,63.0,67.01289647832107,20.4642939091951,4000,49.51437724524516,1.7479351299698465e-12
575,naive,56.35401193488974,0.1652274999999979,0.036000000000000004,56.15278443488974,3.44075,6.0,70.0,64.1666666666666,24.48725173298304,4000,56.15278443488992,1.7763568394002505e-13
576,oracle,44.94599192609792,0.32675499999999735,0.1,44.51923692609792,4.68,10.0,62.0,57.199619381833585,15.227296554437459,4000,44.51923692609876,8.455458555545192e-13
576,belief,46.44449379321429,0.33711499999999717,0.1,46.00737879321429,4.8085,10.0,60.0,55.9100344889771,15.227296554437459,4000,46.007378793215246,9.521272659185342e-13
576,randomised,43.412635877417756,0.24389499999999775,0.081,43.08774087741776,3.753,9.0,61.0,55.95124214640915,14.208238554858797,4000,43.087740877418014,2.5579538487363607e-13
576,naive,54.56591520100176,0.2382174999999954,0.049,54.27869770100176,4.31975,7.0,71.0,65.08333333333329,22.335719475412347,4000,54.27869770100012,1.6413537196058314e-12
577,oracle,38.19842720181782,0.26221249999999935,0.1,37.83621470181782,3.68475,10.0,80.0,69.65935913201814,16.125055619172812,4000,37.836214701817696,1.2789769243681803e-13
577,belief,38.67823581087487,0.26221249999999935,0.1,38.31602331087487,3.68475,10.0,80.0,70.13916774683258,16.125055619172812,4000,38.31602331087474,1.2789769243681803e-13
577,randomised,38.70511200475789,0.26221249999999935,0.1,38.342899504757895,3.68475,10.0,80.0,70.16604394103813,16.125055619172812,4000,38.34289950475777,1.2789769243681803e-13
577,naive,47.39577667063213,0.15809749999999947,0.036000000000000004,47.20167917063213,3.17175,6.0,80.0,73.33333333333331,25.37958595174512,4000,47.201679170630925,1.2079226507921703e-12
578,oracle,67.53766860049939,0.09251750000000174,0.036000000000000004,67.40915110049939,2.54975,6.0,68.0,69.44140887661985,20.921406180778664,4000,67.40915110049943,4.263256414560601e-14
578,belief,67.2743105857893,0.08445999999999891,0.025,67.1648505857893,2.482,5.0,69.0,70.4230278301615,21.805956791284338,4000,67.16485058579018,8.810729923425242e-13
578,randomised,61.88960158738604,0.07131000000000044,0.016,61.80229158738604,2.2665,4.0,68.0,69.3965900958783,21.69945866046039,4000,61.802291587385874,1.6342482922482304e-13
578,naive,48.161374416391524,0.26992249999999784,0.0,47.891451916391524,4.41475,0.0,76.0,69.66666666666663,26.41109873560629,4000,47.891451916388945,2.5792701308091637e-12
579,oracle,69.48975132801371,0.0749875000000005,0.004,69.4107638280137,2.42375,2.0,56.0,53.90712586127814,13.824299754652584,4000,69.41076382801305,6.536993168992922e-13
579,belief,64.95317950974723,0.06708000000000221,0.001,64.88509950974722,2.2375,1.0,55.0,53.9328392804557,13.824299754652584,4000,64.88509950974563,1.5916157281026244e-12
579,randomised,68.27630913478706,0.06528500000000236,0.001,68.21002413478705,2.2135,1.0,53.0,51.894005368111706,13.824299754652584,4000,68.21002413478703,1.4210854715202004e-14
579,naive,58.74237644763599,0.09612499999999871,0.016,58.63025144763599,2.6505,4.0,66.0,60.49999999999994,18.043971633076566,4000,58.63025144763709,1.1013412404281553e-12
580,oracle,25.626813095988723,0.039860000000002414,0.0,25.586953095988722,1.641,0.0,52.0,52.206562274004526,18.529620476978263,4000,25.586953095988562,1.5987211554602254e-13
580,belief,25.597998490944562,0.039860000000002414,0.0,25.55813849094456,1.641,0.0,52.0,52.17774766861458,18.529620476978263,4000,25.5581384909444,1.5987211554602254e-13
580,randomised,25.626813095988723,0.039860000000002414,0.0,25.586953095988722,1.641,0.0,52.0,52.206562274004526,18.529620476978263,4000,25.586953095988562,1.5987211554602254e-13
580,naive,96.6370770246973,0.25412999999999863,0.064,96.31894702469731,4.288,8.0,62.0,56.83333333333329,24.517076664688332,4000,96.31894702469909,1.7763568394002505e-12
581,oracle,76.52177523712498,0.1010399999999941,0.004,76.41673523712498,2.836,2.0,52.0,46.219260301265734,9.558669960594518,4000,76.41673523712484,1.4210854715202004e-13
581,belief,76.45727953901522,0.1010399999999941,0.004,76.35223953901522,2.836,2.0,52.0,46.154764602382215,9.558669960594518,4000,76.35223953901507,1.4210854715202004e-13
581,randomised,77.0140159745805,0.1010399999999941,0.004,76.9089759745805,2.836,2.0,52.0,46.71150104462771,9.558669960594518,4000,76.90897597458036,1.4210854715202004e-13
581,naive,19.988670421674556,0.05562000000000107,0.016,19.917050421674556,1.9255,4.0,50.0,45.83333333333331,14.111499102055372,4000,19.917050421674798,2.4158453015843406e-13
582,oracle,6.75501070889122,0.06503749999999982,0.001,6.68897320889122,2.10125,1.0,41.0,41.88749867551125,13.64904016610287,4000,6.688973208891251,3.108624468950438e-14
582,belief,-1.0046318778640426,0.04652499999999967,0.0,-1.0511568778640423,1.859,0.0,40.0,40.57217847599731,13.64904016610287,4000,-1.0511568778638365,2.0583534876550402e-13
582,randomised,-1.3797014156701124,0.04652499999999967,0.0,-1.426226415670112,1.859,0.0,40.0,40.19710893369074,13.64904016610287,4000,-1.4262264156698086,3.035349749325178e-13
582,naive,28.42377519966803,0.054735000000004155,0.004,28.365040199668023,2.012,2.0,64.0,58.666666666666615,27.641406016174994,4000,28.365040199668034,1.0658141036401503e-14
583,oracle,29.214696567203987,0.35277999999999776,0.036000000000000004,28.825916567203986,5.4585,6.0,72.0,55.24471040344687,7.197573956614884,4000,28.825916567201837,2.149391775674303e-12
583,belief,19.752115930030413,0.436887499999999,0.049,19.266228430030417,6.06975,7.0,71.0,55.333294354133294,7.197573956614884,4000,19.266228430029702,7.140954494389007e-13
583,randomised,24.913163887915516,0.38748250000000706,0.049,24.47668138791551,5.72675,7.0,71.0,54.619658435694774,7.657184135048673,4000,24.47668138791298,2.5295321393059567e-12
583,naive,9.53892298362689,0.7799224999999869,0.256,8.503000483626902,7.63075,16.0,72.0,65.99999999999994,13.848199883679435,4000,8.503000483628801,1.8989254613188677e-12
584,oracle,51.191684152789094,0.12487749999999223,0.036000000000000004,51.0308066527891,3.25075,6.0,76.0,63.784967520793316,16.170332825535173,4000,51.030806652789146,4.263256414560601e-14
584,belief,51.357120625667676,0.12487749999999223,0.036000000000000004,51.196243125667685,3.25075,6.0,76.0,63.950403995657155,16.170332825535173,4000,51.19624312566773,4.263256414560601e-14
584,randomised,51.191684152789094,0.12487749999999223,0.036000000000000004,51.0308066527891,3.25075,6.0,76.0,63.784967520793316,16.170332825535173,4000,51.030806652789146,4.263256414560601e-14
584,naive,41.719671911972455,0.33861750000000035,0.036000000000000004,41.345054411972455,5.57575,6.0,66.0,60.49999999999994,19.427255494781598,4000,41.345054411972484,2.842170943040401e-14
585,oracle,86.55476333861913,0.09296249999999727,0.001,86.46080083861912,2.48325,1.0,69.0,67.02908774328975,17.66898788842522,4000,86.4608008386238,4.675371201301459e-12
585,belief,86.54685911475056,0.09296249999999727,0.001,86.45289661475056,2.48325,1.0,69.0,67.02118351932587,17.66898788842522,4000,86.45289661475523,4.675371201301459e-12
585,randomised,86.55476333861913,0.09296249999999727,0.001,86.46080083861912,2.48325,1.0,69.0,67.02908774328975,17.66898788842522,4000,86.4608008386238,4.675371201301459e-12
585,naive,117.38441792587844,0.2357075000000077,0.004,117.14471042587843,4.20425,2.0,74.0,67.83333333333329,23.25453356565601,4000,117.14471042587894,5.115907697472721e-13
586,oracle,83.41186070813808,0.6203899999999977,0.064,82.72747070813809,6.9595,8.0,58.0,51.11185642252141,10.354561376271992,4000,82.72747070813992,1.8332002582610585e-12
586,belief,82.55685969340323,0.6203574999999977,0.064,81.87250219340324,6.95925,8.0,56.0,50.25662076438537,10.354561376271992,4000,81.87250219340483,1.5916157281026244e-12
586,randomised,79.89292000725254,0.491002499999992,0.049,79.35291750725254,6.12925,7.0,57.0,50.844234815729635,10.354561376271992,4000,79.35291750725226,2.8421709430404007e-13
586,naive,73.9048214533093,0.42049000000000064,0.025,73.45933145330929,5.9085,5.0,61.0,55.91666666666662,23.563801483878915,4000,73.45933145330713,2.1600499167107046e-12
587,oracle,35.86308551748846,0.1529749999999974,0.064,35.64611051748846,3.119,8.0,74.0,67.50784892680502,17.17152126843993,4000,35.64611051748802,4.405364961712621e-13
587,belief,36.024891843566934,0.1543749999999976,0.064,35.80651684356694,3.1565,8.0,74.0,67.6689763818278,17.423791205453117,4000,35.80651684356641,5.258016244624741e-13
587,randomised,35.86308551748846,0.1529749999999974,0.064,35.64611051748846,3.119,8.0,74.0,67.50784892680502,17.17152126843993,4000,35.64611051748802,4.405364961712621e-13
587,naive,36.61076910799284,0.44069999999998777,0.121,36.04906910799285,5.5915,11.0,85.0,77.91666666666667,27.53107348342284,4000,36.049069107992445,4.050093593832571e-13
588,oracle,70.58062689430682,0.10876750000000059,0.016,70.45585939430681,2.96625,4.0,52.0,52.26903934108558,16.391664512826264,4000,70.45585939430832,1.5063505998114124e-12
588,belief,71.36802684842206,0.10876750000000059,0.016,71.24325934842206,2.96625,4.0,52.0,53.05643930464919,16.391664512826264,4000,71.24325934842352,1.4637180356658064e-12
588,randomised,71.58741631087724,0.10876750000000059,0.016,71.46264881087724,2.96625,4.0,52.0,53.27582876973678,16.391664512826264,4000,71.46264881087875,1.5063505998114124e-12
588,naive,69.7745986932814,0.6011199999999933,0.121,69.05247869328142,6.9125,11.0,69.0,63.249999999999936,24.289959871812464,4000,69.05247869328421,2.7995383788947947e-12
589,oracle,38.91560782285762,0.08272749999999943,0.016,38.81688032285763,2.48925,4.0,54.0,61.0550677248495,27.209685589262374,4000,38.81688032285748,1.4921397450962104e-13
589,belief,30.3175934222686,0.0851549999999983,0.025,30.207438422268606,2.582,5.0,53.0,60.78680448195186,28.059097630284057,4000,30.20743842226933,7.247535904753022e-13
589,randomised,36.64333461395671,0.0869999999999985,0.025,36.531334613956716,2.4925,5.0,55.0,62.24154500134823,28.43836181001842,4000,36.53133461395709,3.765876499528531e-13
589,naive,43.416599714451166,0.0439225000000039,0.004,43.36867721445117,1.77725,2.0,70.0,64.1666666666666,36.95870052520072,4000,43.36867721444984,1.3287149158713873e-12
590,oracle,76.56185056737492,0.07921499999999991,0.001,76.48163556737491,2.394,1.0,79.0,65.714409143214,16.296090726838095,4000,76.48163556737747,2.5579538487363607e-12
590,belief,71.59871658973212,0.04627250000000336,0.001,71.55144408973212,1.75775,1.0,77.0,65.15687526895135,16.296090726838095,4000,71.55144408973283,7.105427357601002e-13
590,randomised,74.64606448259161,0.0615875000000056,0.001,74.5834769825916,2.02225,1.0,77.0,64.8612155094691,16.814627995604067,4000,74.58347698259276,1.1510792319313623e-12
590,naive,64.41953480000473,0.12074750000000498,0.049,64.24978730000471,2.97625,7.0,71.0,65.08333333333327,25.599600246476943,4000,64.24978730000255,2.1600499167107046e-12
591,oracle,65.15106929107037,0.4433099999999818,0.1,64.6077592910704,5.4785,10.0,60.0,59.44042304983602,26.64081806265126,4000,64.60775929107034,5.684341886080802e-14
591,belief,62.09664294851791,0.42018749999998534,0.081,61.595455448517924,5.35925,9.0,61.0,59.8699467374405,26.789638652714544,4000,61.59545544851742,5.044853423896711e-13
591,randomised,64.27100045089321,0.3303824999999933,0.064,63.87661795089322,4.70175,8.0,62.0,60.654013116449235,27.030867792330508,4000,63.876617950892154,1.0658141036401503e-12
591,naive,63.21779307240058,0.27132999999999946,0.036000000000000004,62.91046307240058,4.168,6.0,64.0,58.666666666666615,32.26304486342828,4000,62.91046307239989,6.892264536872972e-13
592,oracle,50.30200056423945,0.06741000000000306,0.004,50.23059056423945,2.287,2.0,46.0,48.21336355420213,16.405444777518372,4000,50.23059056423804,1.4068746168049984e-12
592,belief,50.51852118189723,0.06655750000000347,0.001,50.45096368189723,2.26425,1.0,47.0,49.27232444129356,16.467104252001892,4000,50.45096368189585,1.3784529073745944e-12
592,randomised,40.76869273337064,0.08823500000000102,0.009000000000000001,40.67145773337064,2.5865,3.0,49.0,50.737005791456035,17.289994105137826,4000,40.671457733370765,1.2789769243681803e-13
592,naive,39.72568934206129,0.06379249999999836,0.016,39.64589684206129,1.88725,4.0,58.0,53.16666666666663,23.82022366551813,4000,39.64589684206061,6.821210263296962e-13
593,oracle,34.847795249252215,0.09451749999999783,0.025,34.72827774925222,2.42275,5.0,49.0,54.27184058590939,15.177168415889861,4000,34.72827774925277,5.471179065352771e-13
593,belief,40.86296758430291,0.12194249999999554,0.025,40.71602508430291,2.73075,5.0,49.0,54.649109582935154,15.60408510341259,4000,40.71602508430379,8.739675649849232e-13
593,randomised,34.847795249252215,0.09451749999999783,0.025,34.72827774925222,2.42275,5.0,49.0,54.27184058590939,15.177168415889861,4000,34.72827774925277,5.471179065352771e-13
593,naive,46.52639999210152,0.08080250000000162,0.016,46.429597492101514,2.46525,4.0,64.0,58.66666666666662,22.882602556245974,4000,46.42959749210213,6.181721801112872e-13
594,oracle,75.8484513941421,0.08601499999999511,0.004,75.75843639414211,2.4525,2.0,80.0,63.39013352891653,7.762765650250608,4000,75.75843639414167,4.405364961712621e-13
594,belief,75.89953102431747,0.08601499999999511,0.004,75.80951602431747,2.4525,2.0,80.0,63.441213159704944,7.762765650250608,4000,75.80951602431703,4.405364961712621e-13
594,randomised,75.8484513941421,0.08601499999999511,0.004,75.75843639414211,2.4525,2.0,80.0,63.39013352891653,7.762765650250608,4000,75.75843639414167,4.405364961712621e-13
594,naive,65.11669690578165,0.029637499999998866,0.009000000000000001,65.07805940578166,1.30225,3.0,69.0,63.24999999999993,9.513136880908792,4000,65.0780594057803,1.3642420526593924e-12
595,oracle,-35.190506645709206,0.31983249999999797,0.025,-35.5353391457092,4.50275,5.0,59.0,57.61456574400645,12.408750333790172,4000,-35.53533914570956,3.552713678800501e-13
595,belief,-40.501514502430496,0.3666799999999968,0.036000000000000004,-40.90419450243049,4.7645,6.0,60.0,58.56585846704735,13.1639015290237,4000,-40.904194502430514,2.1316282072803006e-14
595,randomised,-33.56873183123935,0.32330749999999603,0.036000000000000004,-33.92803933123935,4.53275,6.0,60.0,59.29384824166955,12.739604762716516,4000,-33.92803933123986,5.115907697472721e-13
595,naive,-145.12390807268912,1.9893149999999742,0.441,-147.5542230726891,11.3755,21.0,81.0,74.24999999999999,24.085370846268944,4000,-147.55422307268745,1.6484591469634324e-12
596,oracle,93.43348515239461,0.2238574999999974,0.036000000000000004,93.17362765239461,4.21625,6.0,90.0,68.18026895791891,9.697083544995195,4000,93.17362765239605,1.4352963262354024e-12
596,belief,95.09010112536726,0.23877249999999636,0.049,94.80232862536725,4.31375,7.0,89.0,68.68001569217975,11.762828508378261,4000,94.80232862536867,1.4210854715202004e-12
596,randomised,95.47274581102715,0.2405149999999964,0.049,95.18323081102714,4.324,7.0,87.0,66.20873947484877,9.697083544995195,4000,95.18323081102831,1.1652900866465643e-12
596,naive,83.31901723337637,0.6666174999999827,0.121,82.53139973337639,6.88175,11.0,79.0,72.41666666666666,16.190879021479354,4000,82.531399733376,3.836930773104541e-13
597,oracle,89.8549299611251,0.19694000000000156,0.009000000000000001,89.6489899611251,3.7625,3.0,75.0,67.17048626921373,22.300535962046947,4000,89.64898996112727,2.1742607714259066e-12
597,belief,90.08930780383008,0.19694000000000156,0.009000000000000001,89.88336780383008,3.7625,3.0,75.0,67.4048641147311,22.300535962046947,4000,89.88336780383226,2.1742607714259066e-12
597,randomised,89.35063304631456,0.19694000000000156,0.009000000000000001,89.14469304631456,3.7625,3.0,75.0,66.66618934835202,22.300535962046947,4000,89.14469304631673,2.1742607714259066e-12
597,naive,138.48473975393915,0.7568399999999827,0.081,137.64689975393918,8.038,9.0,71.0,65.08333333333327,26.08572954767409,4000,137.64689975394052,1.3358203432289883e-12
598,oracle,50.23517831567921,0.1160749999999983,0.009000000000000001,50.11010331567921,2.734,3.0,65.0,64.45203122922373,22.279982021226513,4000,50.11010331567887,3.410605131648481e-13
598,belief,50.072320855406645,0.1160749999999983,0.009000000000000001,49.94724585540665,2.734,3.0,65.0,64.28917376699691,22.279982021226513,4000,49.947245855406265,3.836930773104541e-13
598,randomised,62.14861871187588,0.09806999999999885,0.004,62.046548711875886,2.7225,2.0,64.0,63.25194041556445,22.279982021226513,4000,62.0465487118769,1.0160761121369433e-12
598,naive,120.59564467801198,0.1741900000000029,0.025,120.39645467801198,3.66,5.0,73.0,66.91666666666663,27.21901444393742,4000,120.39645467801348,1.5063505998114124e-12
599,oracle,59.034000148331074,0.3854049999999901,0.009000000000000001,58.63959514833108,4.924,3.0,53.0,62.119057289207,31.875920382704717,4000,58.63959514833133,2.4868995751603507e-13
599,belief,58.93777125066072,0.3854049999999901,0.009000000000000001,58.543366250660725,4.924,3.0,53.0,62.0228283903823,31.875920382704717,4000,58.54336625066097,2.4868995751603507e-13
599,randomised,62.1968899325781,0.34962999999999517,0.004,61.84325993257811,4.471,2.0,54.0,62.26102509935637,32.85197603762849,4000,61.84325993257831,2.0605739337042905e-13
599,naive,87.32388065015056,0.26497749999999587,0.009000000000000001,87.04990315015056,4.08575,3.0,85.0,77.91666666666667,48.96243897548616,4000,87.04990315015017,3.836930773104541e-13
600,oracle,30.507194843992067,0.43814499999999384,0.004,30.06504984399207,5.261,2.0,74.0,72.06727365456055,23.15555350741554,4000,30.065049843992497,4.263256414560601e-13
600,belief,25.60282239681632,0.4634949999999865,0.004,25.135327396816333,5.7275,2.0,72.0,71.58687397874677,23.15555350741554,4000,25.135327396817193,8.597567102697212e-13
600,randomised,25.782130601575943,0.4634949999999865,0.004,25.314635601575954,5.7275,2.0,72.0,71.76618218565758,23.15555350741554,4000,25.31463560157679,8.348877145181177e-13
600,naive,21.888397233321825,1.267775000000024,0.081,20.5396222333218,10.3995,9.0,83.0,76.08333333333333,33.17968008091746,4000,20.539622233321342,4.583000645652646e-13
601,oracle,51.71834663523259,0.3242325000000047,0.049,51.345114135232585,5.07875,7.0,75.0,67.75611007151954,16.292392651645912,4000,51.34511413523213,4.547473508864641e-13
601,belief,50.323709037297135,0.32244000000000334,0.036000000000000004,49.96526903729713,5.0655,6.0,74.0,66.36167095187689,16.292392651645912,4000,49.96526903729679,3.410605131648481e-13
601,randomised,49.542653575498434,0.32244000000000334,0.036000000000000004,49.18421357549843,5.0655,6.0,74.0,65.58061548070593,16.292392651645912,4000,49.18421357549809,3.410605131648481e-13
601,naive,58.26677639463162,0.34082249999999437,0.064,57.861953894631625,5.11925,8.0,78.0,71.49999999999997,27.35176446963499,4000,57.861953894630375,1.2505552149377763e-12
602,oracle,65.81776392395068,0.1643124999999952,0.036000000000000004,65.61745142395068,3.59375,6.0,78.0,71.17011688861585,18.984863579880127,4000,65.61745142395144,7.531752999057062e-13
602,belief,65.77042451461921,0.1643124999999952,0.036000000000000004,65.57011201461921,3.59375,6.0,78.0,71.12277747871605,18.984863579880127,4000,65.57011201461994,7.247535904753022e-13
602,randomised,65.81776392395068,0.1643124999999952,0.036000000000000004,65.61745142395068,3.59375,6.0,78.0,71.17011688861585,18.984863579880127,4000,65.61745142395144,7.531752999057062e-13
602,naive,66.14864756402551,0.15367999999999518,0.064,65.93096756402552,3.4475,8.0,78.0,71.49999999999997,23.35492736981123,4000,65.93096756402737,1.8474111129762605e-12
603,oracle,42.78118848742645,0.05653750000000266,0.004,42.720650987426446,1.99275,2.0,58.0,52.708958587494536,15.428718139900642,4000,42.72065098742484,1.6058265828178264e-12
603,belief,42.75390086052792,0.05653750000000266,0.004,42.69336336052792,1.99275,2.0,58.0,52.68167096026858,15.428718139900642,4000,42.69336336052631,1.6058265828178264e-12
603,randomised,46.76277959487061,0.05724250000000269,0.004,46.70153709487061,2.02875,2.0,58.0,51.699363055346524,14.230403595690927,4000,46.70153709486911,1.4992451724538114e-12
603,naive,63.276982015611395,0.20659250000000096,0.016,63.0543895156114,4.05975,4.0,64.0,58.666666666666615,22.44372050037907,4000,63.05438951561218,7.815970093361102e-13
604,oracle,-2.3473730131859156,0.5882925000000024,0.196,-3.131665513185918,5.93575,14.0,56.0,53.50275247030011,13.829237609278714,4000,-3.131665513186106,1.8784973576657649e-13
604,belief,-5.763506285769381,0.690740000000003,0.225,-6.679246285769384,6.3775,15.0,57.0,54.32485200040647,14.492015898248653,4000,-6.679246285769335,4.884981308350689e-14
604,randomised,-5.811555127230122,0.690740000000003,0.225,-6.727295127230125,6.3775,15.0,57.0,54.27680315836893,14.492015898248653,4000,-6.727295127230076,4.884981308350689e-14
604,naive,-50.331741913726546,1.7449999999999861,0.4,-52.47674191372653,10.61,20.0,68.0,62.333333333333265,25.94777646014828,4000,-52.476741913726194,3.339550858072471e-13
605,oracle,70.91631306033851,0.017789999999999886,0.0,70.8985230603385,1.145,0.0,46.0,50.17419265993167,17.30262341057478,4000,70.89852306033805,4.547473508864641e-13
605,belief,70.62138572123453,0.017789999999999886,0.0,70.60359572123453,1.145,0.0,46.0,49.87926531728874,17.30262341057478,4000,70.60359572123407,4.547473508864641e-13
605,randomised,70.41573379476962,0.017789999999999886,0.0,70.39794379476962,1.145,0.0,46.0,49.6736133883562,17.30262341057478,4000,70.39794379476916,4.547473508864641e-13
605,naive,28.328063448820785,0.16723750000000512,0.009000000000000001,28.15182594882078,3.54575,3.0,55.0,50.416666666666636,23.097869193104813,4000,28.15182594882139,6.110667527536862e-13
606,oracle,-31.072999279619808,0.6443799999999835,0.121,-31.83837927961979,7.3665,11.0,63.0,70.10149203517767,22.660332604486985,4000,-31.838379279619556,2.3447910280083306e-13
606,belief,-22.29998952457447,0.5165399999999912,0.1,-22.916529524574464,6.586,10.0,62.0,69.36709876740194,22.660332604486985,4000,-22.91652952457454,7.460698725481052e-14
606,randomised,-18.360303030833393,0.4396799999999875,0.081,-18.88098303083338,6.1065,9.0,61.0,68.5900163872399,22.660332604486985,4000,-18.880983030833153,2.2737367544323206e-13
606,naive,-86.09486348819746,1.6999274999999685,0.441,-88.23579098819744,11.79225,21.0,79.0,72.41666666666664,36.083620328692994,4000,-88.23579098819714,2.984279490192421e-13
607,oracle,-33.662596450987394,0.32340499999998845,0.036000000000000004,-34.02200145098738,5.202,6.0,48.0,50.27505661308098,16.4615973897749,4000,-34.02200145098939,2.0108359422010835e-12
607,belief,-33.4873976205223,0.32340499999998845,0.036000000000000004,-33.84680262052229,5.202,6.0,48.0,50.450255445648246,16.4615973897749,4000,-33.846802620524244,1.9539925233402755e-12
607,randomised,-33.16244226932213,0.32340499999998845,0.036000000000000004,-33.521847269322116,5.202,6.0,48.0,50.775210800747715,16.4615973897749,4000,-33.52184726932413,2.0108359422010835e-12
607,naive,-15.307663578746144,0.10122499999999886,0.004,-15.412888578746143,2.7535,2.0,62.0,56.83333333333329,26.99293433131467,4000,-15.412888578746779,6.359357485052897e-13
608,oracle,69.38945018066318,0.10626249999999832,0.036000000000000004,69.24718768066317,2.53575,6.0,46.0,46.78366124599318,19.65931371122704,4000,69.2471876806632,2.842170943040401e-14
608,belief,61.484656328347796,0.08644999999999951,0.025,61.3732063283478,2.3075,5.0,47.0,48.095728443459016,20.80598836025574,4000,61.373206328348346,5.471179065352771e-13
608,randomised,67.37977044445381,0.10438499999999824,0.036000000000000004,67.23938544445382,2.4945,6.0,46.0,47.286060989159225,20.392140239857728,4000,67.23938544445406,2.4158453015843406e-13
608,naive,45.4566758700758,0.08913499999999723,0.016,45.3515408700758,2.581,4.0,58.0,53.16666666666663,24.645837054398555,4000,45.35154087007582,2.1316282072803006e-14
609,oracle,20.597215178945135,0.24458499999999314,0.1,20.25263017894514,3.782,10.0,60.0,54.30546351255063,16.969828710754737,4000,20.25263017894483,3.090860900556436e-13
609,belief,16.954849043508375,0.27286499999999236,0.1,16.58198404350838,4.039,10.0,62.0,55.65783947819672,17.70310276340815,4000,16.58198404350811,2.7000623958883807e-13
609,randomised,16.102460429966868,0.3168749999999947,0.1,15.685585429966874,4.3315,10.0,60.0,53.35945396296699,16.624266003081296,4000,15.685585429966626,2.4868995751603507e-13
609,naive,19.429430272220316,1.0053024999999765,0.361,18.063127772220337,7.99125,19.0,71.0,65.08333333333327,25.224759670621243,4000,18.063127772221396,1.0587086762825493e-12
610,oracle,35.348085060213975,0.2751549999999974,0.081,34.991930060213974,3.5035,9.0,75.0,63.30275474927964,11.542004565155255,4000,34.991930060213875,9.947598300641403e-14
610,belief,34.441869220881244,0.35774499999999276,0.121,33.96312422088125,4.0085,11.0,73.0,62.82015094117946,11.542004565155255,4000,33.963124220880694,5.542233338928781e-13
610,randomised,35.21355999923912,0.2923924999999972,0.1,34.821167499239124,3.61925,10.0,74.0,63.16936818783079,11.542004565155255,4000,34.82116749923884,2.8421709430404007e-13
610,naive,18.231410555679076,0.386152499999996,0.169,17.67625805567908,4.30425,13.0,75.0,68.74999999999996,15.602500817878177,4000,17.676258055678982,9.947598300641403e-14
611,oracle,51.05262068585773,0.08468749999999965,0.001,50.966933185857734,2.11025,1.0,89.0,70.37747120619352,8.078560987556704,4000,50.96693318585633,1.4068746168049984e-12
611,belief,52.691601876875225,0.08457499999999954,0.0,52.607026876875224,2.099,0.0,90.0,71.27149306623758,8.510267553171609,4000,52.60702687687385,1.3713474800169934e-12
611,randomised,52.46313804842694,0.08457499999999954,0.0,52.37856304842694,2.099,0.0,90.0,71.04302923504771,8.510267553171609,4000,52.37856304842557,1.3713474800169934e-12
611,naive,45.03776518140165,0.1049299999999976,0.004,44.92883518140166,2.3705,2.0,76.0,69.66666666666663,10.973005865377246,4000,44.928835181401254,4.050093593832571e-13
612,oracle,19.180194649848403,0.02755249999999925,0.004,19.148642149848403,1.44925,2.0,34.0,39.68850823715562,19.18824876902852,4000,19.148642149848513,1.1013412404281553e-13
612,belief,19.139793474998186,0.02755249999999925,0.004,19.108240974998186,1.44925,2.0,34.0,39.64810706182062,19.18824876902852,4000,19.108240974998296,1.1013412404281553e-13
612,randomised,16.23427815027702,0.05083750000000261,0.009000000000000001,16.174440650277017,2.03475,3.0,35.0,40.372482675378244,19.25125462969424,4000,16.17444065027724,2.2382096176443156e-13
612,naive,10.008319049897182,0.27754499999999627,0.081,9.649774049897186,4.85,9.0,59.0,54.08333333333329,29.704919953499882,4000,9.649774049897157,2.842170943040401e-14
613,oracle,38.66317847867106,0.45677249999999936,0.036000000000000004,38.170405978671056,5.83025,6.0,64.0,60.9833564160162,20.11749126365116,4000,38.17040597867029,7.673861546209082e-13
613,belief,45.503646848458004,0.2700924999999889,0.016,45.217554348458016,4.40125,4.0,64.0,62.652130061736536,20.286794493314908,4000,45.21755434845823,2.1316282072803006e-13
613,randomised,39.73606173649415,0.3431400000000014,0.025,39.367921736494154,5.0185,5.0,63.0,61.22876630037543,20.11749126365116,4000,39.367921736493635,5.186961971048731e-13
613,naive,26.348698293210305,0.39980499999998687,0.1,25.848893293210317,5.4425,10.0,70.0,64.1666666666666,32.85061541257671,4000,25.848893293209247,1.0693668173189508e-12
614,oracle,60.46325308751554,0.034932500000001004,0.004,60.42432058751554,1.50575,2.0,70.0,63.17141079309775,17.355233825923698,4000,60.42432058751449,1.0516032489249483e-12
614,belief,51.59859789553292,0.03255249999999983,0.009000000000000001,51.55704539553292,1.50175,3.0,69.0,62.68951984193292,17.355233825923698,4000,51.55704539553156,1.3571366253017914e-12
614,randomised,50.92193522450191,0.032632499999999835,0.009000000000000001,50.88030272450191,1.50875,3.0,69.0,62.01283212901056,17.355233825923698,4000,50.88030272450053,1.3784529073745944e-12
614,naive,98.8860232849112,0.0323349999999996,0.001,98.8526882849112,1.153,1.0,87.0,79.75000000000001,27.501531272675606,4000,98.85268828491246,1.2647660696529783e-12
615,oracle,-47.633147604745204,0.656015000000028,0.064,-48.35316260474523,7.6035,8.0,36.0,41.021502799798824,15.412418198851112,4000,-48.353162604746345,1.1155520951433573e-12
615,belief,-46.88630084367867,0.6530400000000267,0.064,-47.603340843678694,7.561,8.0,36.0,41.11442853276465,15.801077019239935,4000,-47.603340843679916,1.2221335055073723e-12
615,randomised,-46.96680293730344,0.6530400000000267,0.064,-47.68384293730347,7.561,8.0,36.0,41.03392643817417,15.801077019239935,4000,-47.68384293730468,1.2150280781497713e-12
615,naive,-130.05514234114662,2.248255000000018,0.289,-132.59239734114664,14.1285,17.0,59.0,54.08333333333329,26.012143033060042,4000,-132.59239734114567,9.663381206337363e-13
616,oracle,41.882835463203435,0.7128174999999942,0.025,41.14501796320344,7.62175,5.0,77.0,66.81273010230471,14.419081391622063,4000,41.145017963203,4.405364961712621e-13
616,belief,41.5453627802284,0.8437475000000023,0.036000000000000004,40.6656152802284,8.29075,6.0,76.0,66.7831377889096,14.419081391622063,4000,40.665615280228195,2.0605739337042905e-13
616,randomised,41.525968928244254,0.8052425000000109,0.025,40.69572642824424,8.05375,5.0,75.0,65.51946183156782,14.419081391622063,4000,40.69572642824361,6.323830348264892e-13
616,naive,28.249815154735757,0.5625350000000007,0.049,27.638280154735757,7.01,7.0,71.0,65.08333333333327,17.93472948487021,4000,27.638280154734815,9.414691248821327e-13
617,oracle,33.83846793651452,0.10011249999999776,0.004,33.73435543651453,2.63225,2.0,62.0,52.92485179621828,6.8902607206026865,4000,33.73435543651424,2.8421709430404007e-13
617,belief,33.80983644378068,0.10011249999999776,0.004,33.70572394378069,2.63225,2.0,62.0,52.896220303140744,6.8902607206026865,4000,33.705723943780406,2.8421709430404007e-13
617,randomised,33.83846793651452,0.10011249999999776,0.004,33.73435543651453,2.63225,2.0,62.0,52.92485179621828,6.8902607206026865,4000,33.73435543651424,2.8421709430404007e-13
617,naive,21.813147861781147,0.25559499999999646,0.004,21.55355286178115,3.9565,2.0,62.0,56.833333333333286,13.251752701618027,4000,21.553552861781554,4.050093593832571e-13
618,oracle,35.99677744461269,0.7312600000000051,0.081,35.18451744461268,7.951,9.0,59.0,64.9059629339769,29.800410029210763,4000,35.18451744461352,8.384404281969182e-13
618,belief,35.5775069094683,0.7312600000000051,0.081,34.76524690946829,7.951,9.0,59.0,64.4866923938015,29.800410029210763,4000,34.765246909469155,8.668621376273222e-13
618,randomised,35.48840865387592,0.7312600000000051,0.081,34.67614865387591,7.951,9.0,59.0,64.39759413714017,29.800410029210763,4000,34.676148653876794,8.810729923425242e-13
618,naive,62.36874386959762,0.6845350000000264,0.001,61.6832088695976,7.3485,1.0,79.0,72.41666666666664,42.54786655143473,4000,61.68320886959644,1.1581846592889633e-12
619,oracle,47.116510719630014,0.2905924999999949,0.064,46.76191821963002,4.65225,8.0,50.0,49.62882785742117,20.386593386161778,4000,46.76191821963041,3.907985046680551e-13
619,belief,48.01257874934845,0.27482999999999647,0.064,47.673748749348455,4.3345,8.0,52.0,51.882929211730335,20.75514876944196,4000,47.67374874934883,3.765876499528531e-13
619,randomised,47.619624356339045,0.2905924999999949,0.064,47.26503185633905,4.65225,8.0,50.0,50.13194150016706,20.386593386161778,4000,47.26503185633946,4.121147867408581e-13
619,naive,40.58109751141467,0.21580749999999507,0.049,40.31629001141467,3.77625,7.0,55.0,50.416666666666636,23.414386003161347,4000,40.3162900114151,4.263256414560601e-13
620,oracle,55.46004935378147,0.05412500000000057,0.009000000000000001,55.39692435378147,1.761,3.0,71.0,65.39506312480613,22.16375330098454,4000,55.39692435377985,1.6200374375330284e-12
620,belief,47.071171518517815,0.056314999999999796,0.016,46.99885651851782,1.7245,4.0,70.0,64.99933076885098,22.927039604070593,4000,46.9988565185179,7.815970093361102e-14
620,randomised,43.09390932654088,0.05984000000000051,0.016,43.01806932654088,1.866,4.0,72.0,66.07660627849363,23.07474930785145,4000,43.01806932654118,2.984279490192421e-13
620,naive,68.80127823246644,0.04236000000000143,0.004,68.75491823246644,1.701,2.0,78.0,71.49999999999999,31.63158657633298,4000,68.75491823246486,1.5774048733874224e-12
621,oracle,45.226324354095595,0.15357249999999667,0.049,45.0237518540956,3.44375,7.0,41.0,42.49771374189561,9.926503059903792,4000,45.02375185409662,1.0231815394945443e-12
621,belief,45.18165445522391,0.15357249999999667,0.049,44.97908195522391,3.44375,7.0,41.0,42.45304384248783,9.926503059903792,4000,44.979081955224935,1.0231815394945443e-12
621,randomised,56.5521700292652,0.1446699999999973,0.049,56.3585000292652,3.2175,7.0,41.0,41.99310472450208,9.960844066788646,4000,56.3585000292664,1.2008172234345693e-12
621,naive,49.1991925824118,0.4413374999999874,0.196,48.56185508241181,5.83925,14.0,62.0,56.833333333333286,23.97275706137346,4000,48.561855082409565,2.2453150450019166e-12
622,oracle,65.1065444605506,0.05299250000000139,0.009000000000000001,65.04455196055059,1.83325,3.0,79.0,63.20340996059657,8.948434041302942,4000,65.04455196054974,8.526512829121202e-13
622,belief,65.2624386733549,0.03917500000000221,0.009000000000000001,65.21426367335489,1.546,3.0,79.0,63.87320042840713,8.988880325654414,4000,65.214263673353,1.8900436771218665e-12
622,randomised,65.1065444605506,0.05299250000000139,0.009000000000000001,65.04455196055059,1.83325,3.0,79.0,63.20340996059657,8.948434041302942,4000,65.04455196054974,8.526512829121202e-13
622,naive,49.61870088502212,0.054832499999998965,0.081,49.48286838502212,1.71025,9.0,71.0,65.08333333333327,11.026710558199545,4000,49.48286838502144,6.821210263296962e-13
623,oracle,43.549421639860924,0.06331249999999934,0.004,43.482109139860924,1.97675,2.0,58.0,55.2183002521542,16.457776906352986,4000,43.482109139860505,4.192202140984591e-13
623,belief,41.47480799674223,0.037912500000000696,0.001,41.43589549674223,1.55175,1.0,59.0,55.93154227224661,16.856607680912077,4000,41.435895496741196,1.0373923942097463e-12
623,randomised,43.54354455505219,0.06331249999999934,0.004,43.47623205505219,1.97675,2.0,58.0,55.21242316727512,16.457776906352986,4000,43.47623205505181,3.836930773104541e-13
623,naive,51.76296772526217,0.059532500000002396,0.016,51.68743522526217,1.99125,4.0,66.0,60.49999999999995,27.062892411032298,4000,51.687435225260664,1.5063505998114124e-12
624,oracle,37.45167573765423,0.08003249999999938,0.081,37.29064323765422,1.97525,9.0,67.0,62.31547335070123,17.71904688998439,4000,37.290643237653164,1.0587086762825493e-12
624,belief,37.197927656971274,0.08003249999999938,0.081,37.03689515697127,1.97525,9.0,67.0,62.061725266973376,17.71904688998439,4000,37.03689515697021,1.0587086762825493e-12
624,randomised,37.45167573765423,0.08003249999999938,0.081,37.29064323765422,1.97525,9.0,67.0,62.31547335070123,17.71904688998439,4000,37.290643237653164,1.0587086762825493e-12
624,naive,38.64232804248937,0.11497249999999735,0.001,38.52635554248937,2.84325,1.0,77.0,70.5833333333333,31.341453540597357,4000,38.5263555424896,2.2737367544323206e-13
625,oracle,60.52873947390532,0.07760749999999855,0.004,60.44713197390532,2.22925,2.0,68.0,60.40188350613502,13.557445435565954,4000,60.447131973905314,7.105427357601002e-15
625,belief,50.7877723199274,0.0818949999999984,0.001,50.704877319927405,2.292,1.0,69.0,61.044341651891166,14.922985882975059,4000,50.70487731992752,1.1368683772161603e-13
625,randomised,50.88587799006845,0.07050999999999968,0.001,50.814367990068455,2.1475,1.0,69.0,61.06262391317286,15.02841329021022,4000,50.814367990068455,0.0
625,naive,65.15529251162559,0.08110000000000062,0.001,65.07319251162558,2.404,1.0,79.0,72.41666666666666,20.192182574122143,4000,65.07319251162738,1.8047785488306545e-12
626,oracle,-24.067040444084796,0.7038549999999888,0.1,-24.870895444084788,7.034,10.0,62.0,57.90754993836375,21.667806958887805,4000,-24.87089544408554,7.531752999057062e-13
626,belief,-24.295055452760607,0.7038549999999888,0.1,-25.0989104527606,7.034,10.0,62.0,57.679534926952854,21.667806958887805,4000,-25.098910452761352,7.531752999057062e-13
626,randomised,-24.067040444084796,0.7038549999999888,0.1,-24.870895444084788,7.034,10.0,62.0,57.90754993836375,21.667806958887805,4000,-24.87089544408554,7.531752999057062e-13
626,naive,-76.80334639471403,1.564862499999945,0.324,-78.69220889471397,10.57475,18.0,66.0,60.49999999999994,25.169702333681293,4000,-78.6922088947114,2.5721647034515627e-12
627,oracle,70.99599048893234,0.1084224999999996,0.004,70.88356798893233,2.83025,2.0,60.0,53.073445074116705,14.02235241877562,4000,70.88356798893234,1.4210854715202004e-14
627,belief,71.33006964479168,0.1084224999999996,0.004,71.21764714479167,2.83025,2.0,60.0,53.40752423398457,14.02235241877562,4000,71.21764714479168,1.4210854715202004e-14
627,randomised,71.49846523852639,0.1084224999999996,0.004,71.38604273852638,2.83025,2.0,60.0,53.5759198297401,14.02235241877562,4000,71.3860427385264,1.4210854715202004e-14
627,naive,85.36029504618419,0.10521999999999747,0.001,85.25407504618418,2.8685,1.0,59.0,54.08333333333329,16.482061757296442,4000,85.25407504618327,9.094947017729282e-13
628,oracle,78.34293095537646,0.18934999999999785,0.049,78.10458095537645,3.382,7.0,85.0,70.86657394388031,14.30163198903303,4000,78.10458095537493,1.5205614545266144e-12
628,belief,80.35677976126169,0.2379174999999975,0.064,80.0548622612617,3.75525,8.0,84.0,70.0284246275035,14.30163198903303,4000,80.05486226126267,9.663381206337363e-13
628,randomised,78.24309313075355,0.23638249999999705,0.064,77.94271063075357,3.74625,8.0,86.0,71.09108112028068,14.3726428877338,4000,77.94271063075468,1.1084466677857563e-12
628,naive,86.858697818937,0.24155749999999712,0.036000000000000004,86.581140318937,3.62175,6.0,78.0,71.49999999999997,17.76246219671433,4000,86.58114031893736,3.552713678800501e-13
629,oracle,52.14622585384143,0.1222449999999932,0.025,51.99898085384144,2.927,5.0,107.0,80.91431711968849,9.439002875236474,4000,51.99898085384135,8.526512829121202e-14
629,belief,51.49061566331329,0.1128174999999948,0.036000000000000004,51.3417981633133,2.75975,6.0,106.0,80.35466421561414,9.439002875236474,4000,51.341798163312234,1.0658141036401503e-12
629,randomised,51.38969421407853,0.1128174999999948,0.036000000000000004,51.24087671407854,2.75975,6.0,106.0,80.25374276516855,9.439002875236474,4000,51.24087671407747,1.0658141036401503e-12
629,naive,50.930261855580454,0.11535749999999619,0.016,50.79890435558046,2.58425,4.0,98.0,89.83333333333339,13.849126330095984,4000,50.79890435557863,1.8332002582610585e-12
630,oracle,53.64889781612783,0.4538774999999856,0.1,53.095020316127844,5.87525,10.0,66.0,61.90454034255851,15.467248494693786,4000,53.09502031612725,5.968558980384842e-13
630,belief,52.98807301460249,0.4538774999999856,0.1,52.43419551460251,5.87525,10.0,66.0,61.24371553310345,15.467248494693786,4000,52.43419551460191,5.968558980384842e-13
630,randomised,51.99709929686901,0.5025649999999848,0.121,51.373534296869025,6.1175,11.0,67.0,62.13875213920713,15.824944842606872,4000,51.373534296869124,9.947598300641403e-14
630,naive,49.89668473164511,0.4887274999999957,0.121,49.28695723164511,5.90175,11.0,69.0,63.249999999999936,18.978722032636586,4000,49.286957231644365,7.460698725481052e-13
631,oracle,48.51618421879493,0.03863250000000273,0.004,48.47355171879493,1.62775,2.0,68.0,58.85866851012568,14.034251953060645,4000,48.47355171879335,1.5774048733874224e-12
631,belief,32.87068540542663,0.0327900000000004,0.004,32.83389540542663,1.566,2.0,70.0,60.25328941458894,14.104263951729516,4000,32.833895405425984,6.465938895416912e-13
631,randomised,33.302566462151276,0.0327900000000004,0.004,33.26577646215128,1.566,2.0,70.0,60.68517047649573,14.104263951729516,4000,33.265776462150626,6.536993168992922e-13
631,naive,35.00783995909714,0.031174999999999033,0.004,34.972664959097145,1.2645,2.0,74.0,67.83333333333329,21.874890250144414,4000,34.9726649590967,4.476419235288631e-13
632,oracle,34.688996927705375,0.32010000000000205,0.196,34.172896927705374,4.3995,14.0,68.0,62.30051388749961,20.652442117409407,4000,34.17289692770473,6.465938895416912e-13
632,belief,33.03858093413419,0.24181749999999927,0.169,32.627763434134195,3.55825,13.0,67.0,61.6807015127384,20.652442117409407,4000,32.627763434133676,5.186961971048731e-13
632,randomised,33.107235215013816,0.16681499999999672,0.121,32.819420215013814,2.8825,11.0,69.0,62.7745527462056,23.48448038873728,4000,32.81942021501314,6.750155989720952e-13
632,naive,34.30260462776812,0.12473499999999901,0.081,34.096869627768115,2.9605,9.0,73.0,66.91666666666663,30.429813321491906,4000,34.09686962776837,2.5579538487363607e-13
633,oracle,79.22081195975281,0.06795000000000335,0.001,79.1518619597528,2.024,1.0,69.0,70.54819240936553,26.248863740770396,4000,79.15186195975447,1.6768808563938364e-12
633,belief,83.0675511106847,0.11074749999999507,0.0,82.95680361068472,2.71325,0.0,68.0,69.61018699331323,26.248863740770396,4000,82.95680361068679,2.0747847884194925e-12
633,randomised,78.2144853712525,0.06795000000000335,0.001,78.14553537125248,2.024,1.0,69.0,69.54186580879009,26.248863740770396,4000,78.14553537125376,1.2789769243681803e-12
633,naive,99.14467996240148,0.17024250000000174,0.036000000000000004,98.93843746240148,3.33625,6.0,86.0,78.83333333333336,33.59607242808398,4000,98.93843746240167,1.8474111129762605e-13
634,oracle,136.25194533457807,0.40155000000000046,0.025,135.82539533457805,5.7175,5.0,57.0,59.791268908593366,19.52785170983439,4000,135.8253953345813,3.240074875066057e-12
634,belief,136.26615988601418,0.40155000000000046,0.025,135.83960988601416,5.7175,5.0,57.0,59.80548346020039,19.52785170983439,4000,135.8396098860175,3.353761712787673e-12
634,randomised,136.25705209801924,0.40155000000000046,0.025,135.83050209801922,5.7175,5.0,57.0,59.796375672096005,19.52785170983439,4000,135.83050209802258,3.353761712787673e-12
634,naive,149.67150654640773,0.5649425000000063,0.036000000000000004,149.07056404640772,6.88075,6.0,70.0,64.16666666666661,25.65684862787115,4000,149.07056404641352,5.7980287238024175e-12
635,oracle,20.371255013382893,0.2893574999999948,0.081,20.0008975133829,5.03725,9.0,61.0,59.923179581783785,18.266102649576247,4000,20.00089751338318,2.8066438062523957e-13
635,belief,21.06091810921123,0.2893574999999948,0.081,20.690560609211236,5.03725,9.0,61.0,60.61284268588704,18.266102649576247,4000,20.69056060921153,2.948752353404416e-13
635,randomised,26.95469968861869,0.201550000000002,0.064,26.689149688618688,4.119,8.0,60.0,59.68640925843601,18.266102649576247,4000,26.68914968861864,4.618527782440651e-14
635,naive,3.360246966594559,0.8915674999999759,0.225,2.243679466594583,8.88275,15.0,69.0,63.249999999999936,23.225335478017534,4000,2.2436794665951774,5.941913627793838e-13
636,oracle,-25.710380792450223,0.5673349999999854,0.121,-26.398715792450208,6.2695,11.0,55.0,52.20630442844764,16.68579818530465,4000,-26.39871579245082,6.110667527536862e-13
636,belief,-27.436047086384633,0.5644424999999854,0.121,-28.121489586384616,6.18275,11.0,55.0,52.639986507272695,17.91710293416868,4000,-28.12148958638493,3.126388037344441e-13
636,randomised,-25.710380792450223,0.5673349999999854,0.121,-26.398715792450208,6.2695,11.0,55.0,52.20630442844764,16.68579818530465,4000,-26.39871579245082,6.110667527536862e-13
636,naive,-13.709628254800919,0.3593149999999923,0.081,-14.14994325480091,4.9005,9.0,59.0,54.08333333333329,24.09852990416151,4000,-14.149943254800995,8.526512829121202e-14
637,oracle,35.57035972906908,0.32343749999999327,0.1,35.14692222906909,4.77825,10.0,52.0,57.029019785637786,17.748988107647907,4000,35.146922229069375,2.8421709430404007e-13
637,belief,36.18043998677513,0.32343749999999327,0.1,35.757002486775136,4.77825,10.0,52.0,57.63910005066443,17.748988107647907,4000,35.75700248677542,2.8421709430404007e-13
637,randomised,36.84703226963711,0.30645749999999344,0.081,36.459574769637115,4.69475,9.0,53.0,58.66754270261112,17.794879910076876,4000,36.45957476963724,1.2789769243681803e-13
637,naive,42.982615367336166,0.902637499999998,0.14400000000000002,41.93597786733617,8.16725,12.0,72.0,65.99999999999994,28.454418879092064,4000,41.935977867336845,6.750155989720952e-13
638,oracle,36.59636170003159,0.06371500000000485,0.016,36.51664670003159,2.1085,4.0,72.0,69.05430937557016,27.782689674355748,4000,36.516646700031664,7.105427357601002e-14
638,belief,33.1228901326337,0.06030250000000547,0.009000000000000001,33.05358763263369,2.07125,3.0,71.0,67.61605567025056,28.020181876151405,4000,33.05358763263373,3.552713678800501e-14
638,randomised,36.874170220759765,0.06483500000000021,0.016,36.793335220759765,2.1485,4.0,72.0,68.06066906870366,28.025197964927173,4000,36.793335220759936,1.7053025658242404e-13
638,naive,35.652606624884584,0.2127925000000128,0.016,35.42381412488457,4.15325,4.0,76.0,69.66666666666663,31.099963271262915,4000,35.4238141248857,1.1297629498585593e-12
639,oracle,24.25434284285666,0.3373775000000005,0.016,23.90096534285666,4.89825,4.0,46.0,53.8967945194154,24.50903809276762,4000,23.900965342856036,6.252776074688882e-13
639,belief,34.932899570098584,0.3436975000000037,0.025,34.56420207009858,4.98425,5.0,47.0,54.99779067491176,24.89027761611515,4000,34.56420207009794,6.394884621840902e-13
639,randomised,24.25434284285666,0.3373775000000005,0.016,23.90096534285666,4.89825,4.0,46.0,53.8967945194154,24.50903809276762,4000,23.900965342856036,6.252776074688882e-13
639,naive,-22.977817404261117,0.8216824999999939,0.001,-23.800499904261113,7.61475,1.0,69.0,63.249999999999936,35.501916244349125,4000,-23.800499904260707,4.050093593832571e-13
640,oracle,61.34325104458412,1.2633299999999896,0.169,59.910921044584136,10.277,13.0,83.0,66.63380873094012,10.474114461114807,4000,59.91092104458609,1.9539925233402755e-12
640,belief,64.17036671866322,1.2712474999999905,0.169,62.73011921866323,10.30675,13.0,85.0,69.50965129450005,11.075703550403452,4000,62.73011921866522,1.9895196601282805e-12
640,randomised,61.848383654561985,1.2633299999999896,0.169,60.416053654562,10.277,13.0,83.0,67.13894134697905,10.474114461114807,4000,60.41605365456395,1.9539925233402755e-12
640,naive,85.82651226150074,2.3829274999999384,0.5760000000000001,82.86758476150081,13.60075,24.0,76.0,69.66666666666664,13.292371526601178,4000,82.86758476150005,7.531752999057062e-13
641,oracle,-21.51834613536508,0.23079500000000464,0.001,-21.750141135365084,4.163,1.0,73.0,68.23575801761066,24.367344464510317,4000,-21.750141135365304,2.2026824808563106e-13
641,belief,-17.8213965526745,0.24888000000000102,0.001,-18.0712765526745,4.356,1.0,71.0,67.47874932481089,24.367344464510317,4000,-18.07127655267404,4.618527782440651e-13
641,randomised,-19.960027651838146,0.2944999999999995,0.004,-20.258527651838147,4.78,2.0,72.0,68.61989560696921,24.3682566717787,4000,-20.258527651837895,2.5224267119483557e-13
641,naive,-30.078105205184897,0.9608849999999922,0.081,-31.119990205184887,9.2055,9.0,77.0,70.5833333333333,30.93892803003824,4000,-31.11999020518385,1.0373923942097463e-12
642,oracle,64.33832272220039,0.13879750000000823,0.004,64.19552522220037,3.21625,2.0,62.0,60.439808948146855,21.415828001373942,4000,64.1955252221986,1.7763568394002505e-12
642,belief,64.80024775121038,0.13879750000000823,0.004,64.65745025121036,3.21625,2.0,62.0,60.901733982699426,21.415828001373942,4000,64.65745025120859,1.7763568394002505e-12
642,randomised,72.13157920560144,0.18133250000001053,0.009000000000000001,71.94124670560143,3.73575,3.0,63.0,61.12500649665716,21.781362041782703,4000,71.94124670560291,1.4779288903810084e-12
642,naive,62.13100009992672,0.1495650000000018,0.016,61.96543509992672,3.321,4.0,66.0,60.499999999999936,28.573591203981003,4000,61.965435099928335,1.6129320101754274e-12
643,oracle,47.75250809690317,0.27105750000000184,0.049,47.432450596903166,4.19575,7.0,59.0,60.09031478363723,22.84324894945979,4000,47.4324505969033,1.3500311979441904e-13
643,belief,46.39996749401371,0.2708500000000019,0.049,46.080117494013706,4.196,7.0,57.0,57.664506413704885,22.764781634635455,4000,46.080117494013955,2.4868995751603507e-13
643,randomised,46.48611414412596,0.2708500000000019,0.049,46.16626414412596,4.196,7.0,57.0,57.75065306485064,22.764781634635455,4000,46.16626414412621,2.4868995751603507e-13
643,naive,46.78179256753299,0.4512224999999978,0.081,46.249570067532986,5.43025,9.0,75.0,68.74999999999996,32.090609199293645,4000,46.249570067532574,4.121147867408581e-13
644,oracle,77.89196617605285,0.05685749999999978,0.025,77.81010867605283,1.79275,5.0,63.0,64.5655853331051,25.078795630233955,4000,77.81010867605211,7.247535904753022e-13
644,belief,77.97188901702793,0.05685749999999978,0.025,77.89003151702792,1.79275,5.0,63.0,64.64550817503905,25.078795630233955,4000,77.8900315170272,7.247535904753022e-13
644,randomised,77.89196617605285,0.05685749999999978,0.025,77.81010867605283,1.79275,5.0,63.0,64.5655853331051,25.078795630233955,4000,77.81010867605211,7.247535904753022e-13
644,naive,105.00742712123895,0.17495749999999652,0.049,104.78346962123895,3.43525,7.0,73.0,66.91666666666661,32.54134624674867,4000,104.78346962123943,4.831690603168681e-13
645,oracle,32.47615975219824,0.06541749999999909,0.009000000000000001,32.40174225219824,2.26025,3.0,57.0,58.05661806075514,22.42390491674472,4000,32.40174225219796,2.7711166694643907e-13
645,belief,32.44600224667272,0.06541749999999909,0.009000000000000001,32.37158474667272,2.26025,3.0,57.0,58.026460554867796,22.42390491674472,4000,32.37158474667244,2.7711166694643907e-13
645,randomised,32.47615975219824,0.06541749999999909,0.009000000000000001,32.40174225219824,2.26025,3.0,57.0,58.05661806075514,22.42390491674472,4000,32.40174225219796,2.7711166694643907e-13
645,naive,34.21430555302675,0.12116499999999579,0.016,34.07714055302675,3.0505,4.0,70.0,64.1666666666666,28.542001122371286,4000,34.0771405530276,8.455458555545192e-13
646,oracle,49.25555875476766,0.33921750000000367,0.121,48.795341254767656,4.91225,11.0,79.0,69.06701035672239,18.06575276802438,4000,48.79534125476764,1.4210854715202004e-14
646,belief,48.78510560396262,0.43181499999999867,0.14400000000000002,48.20929060396262,5.5715,12.0,78.0,69.04603615467288,18.06575276802438,4000,48.20929060396024,2.3803181647963356e-12
646,randomised,48.733898544832755,0.43181499999999867,0.14400000000000002,48.158083544832756,5.5715,12.0,78.0,68.9948290949283,18.06575276802438,4000,48.158083544830376,2.3803181647963356e-12
646,naive,48.47561885861933,0.646519999999991,0.256,47.57309885861934,6.3915,16.0,80.0,73.33333333333333,22.973706231153113,4000,47.573098858620845,1.5063505998114124e-12
647,oracle,-52.11319175810809,0.7375174999999832,0.196,-53.046709258108066,7.72725,14.0,56.0,53.59591911890342,20.872158642853407,4000,-53.04670925810895,8.810729923425242e-13
647,belief,-60.70795731416092,0.8741374999999834,0.225,-61.807094814160905,8.37775,15.0,55.0,52.546791811721214,20.872158642853407,4000,-61.80709481416071,1.9184653865522705e-13
647,randomised,-61.23369019061647,0.8741374999999834,0.225,-62.332827690616455,8.37775,15.0,55.0,52.02105892895702,20.872158642853407,4000,-62.33282769061618,2.7711166694643907e-13
647,naive,-28.422430336381012,0.5663599999999855,0.169,-29.157790336380998,6.667,13.0,65.0,59.58333333333328,27.56228406190925,4000,-29.157790336382035,1.0373923942097463e-12
648,oracle,41.06993052397024,0.04202000000000236,0.004,41.023910523970244,1.6775,2.0,50.0,49.85592435191283,19.041182740146912,4000,41.02391052396918,1.0658141036401503e-12
648,belief,40.12518005027479,0.04202000000000236,0.004,40.079160050274794,1.6775,2.0,50.0,48.911173866881235,19.041182740146912,4000,40.07916005027382,9.734435479913373e-13
648,randomised,40.0693868000767,0.04202000000000236,0.004,40.0233668000767,1.6775,2.0,50.0,48.855380616013676,19.041182740146912,4000,40.02336680007572,9.805489753489383e-13
648,naive,47.28597374799459,0.06400750000000115,0.001,47.22096624799459,1.99325,1.0,71.0,65.08333333333327,33.372383495548966,4000,47.22096624799404,5.471179065352771e-13
649,oracle,76.87597721474596,0.2340824999999944,0.0,76.64189471474596,4.16775,0.0,56.0,60.99352527170423,28.718723631191725,4000,76.64189471474907,3.112177182629239e-12
649,belief,76.6423119542074,0.2340824999999944,0.0,76.4082294542074,4.16775,0.0,56.0,60.75986000836153,28.718723631191725,4000,76.40822945421051,3.112177182629239e-12
649,randomised,76.37607713969867,0.2340824999999944,0.0,76.14199463969867,4.16775,0.0,56.0,60.49362519065853,28.718723631191725,4000,76.14199463970178,3.112177182629239e-12
649,naive,108.54651026522521,0.6290325000000013,0.025,107.8924777652252,6.73275,5.0,71.0,65.08333333333329,35.85780926314884,4000,107.89247776522643,1.2363443602225743e-12
650,oracle,61.915641196319314,0.23808750000000278,0.016,61.66155369631931,4.27175,4.0,66.0,61.178092794936994,18.767181047612116,4000,61.6615536963193,7.105427357601002e-15
650,belief,61.89085043356124,0.23808750000000278,0.016,61.636762933561236,4.27175,4.0,66.0,61.15330203188072,18.767181047612116,4000,61.63676293356123,7.105427357601002e-15
650,randomised,61.415686405087,0.23808750000000278,0.016,61.161598905087,4.27175,4.0,66.0,60.67813799770566,18.767181047612116,4000,61.16159890508699,7.105427357601002e-15
650,naive,49.02760271254772,0.41227749999999447,0.049,48.566325212547724,5.75175,7.0,69.0,63.24999999999994,29.418722211570046,4000,48.56632521254692,8.029132914089132e-13
651,oracle,94.73774509401711,0.2864850000000089,0.001,94.4502600940171,4.2525,1.0,61.0,62.34580901082475,22.118809630223556,4000,94.45026009402099,3.893774191965349e-12
651,belief,91.33316261597155,0.27897500000000375,0.0,91.05418761597154,4.0085,0.0,60.0,61.79415211745499,22.118809630223556,4000,91.05418761597313,1.5916157281026244e-12
651,randomised,87.37970643254376,0.3162425000000061,0.0,87.06346393254375,4.25525,0.0,60.0,61.70032093520369,22.521755552587038,4000,87.06346393254601,2.2595258997171186e-12
651,naive,114.48855766291422,0.8789950000000124,0.081,113.5285626629142,8.4305,9.0,75.0,68.74999999999996,34.77714762020597,4000,113.52856266291779,3.595346242946107e-12
652,oracle,44.09239012464553,0.08062249999999863,0.009000000000000001,44.002767624645536,2.55375,3.0,67.0,60.229554636259046,19.399185574357393,4000,44.00276762464533,2.0605739337042905e-13
652,belief,44.03762452359092,0.08062249999999863,0.009000000000000001,43.948002023590924,2.55375,3.0,67.0,60.174789034547274,19.399185574357393,4000,43.948002023590746,1.7763568394002505e-13
652,randomised,43.594582692824986,0.08062249999999863,0.009000000000000001,43.50496019282499,2.55375,3.0,67.0,59.73174719846518,19.399185574357393,4000,43.504960192824896,9.237055564881302e-14
652,naive,103.79764507726676,0.13379999999999306,0.0,103.66384507726677,2.7285,0.0,66.0,60.49999999999994,28.47707493073614,4000,103.66384507726892,2.1458390619955026e-12
653,oracle,-17.540032177016826,0.6260100000000014,0.025,-18.191042177016826,7.2865,5.0,75.0,60.840392433782114,7.655840147701157,4000,-18.19104217701706,2.3447910280083306e-13
653,belief,-14.664497353070033,0.5908300000000132,0.016,-15.271327353070046,7.041,4.0,76.0,61.60935868686022,7.663435698080574,4000,-15.271327353070593,5.471179065352771e-13
653,randomised,-14.80554151758298,0.5908300000000132,0.016,-15.412371517582994,7.041,4.0,76.0,61.4683145206553,7.663435698080574,4000,-15.41237151758354,5.471179065352771e-13
653,naive,-35.2089613191539,0.8759925000000045,0.049,-36.1339538191539,8.42425,7.0,69.0,63.24999999999994,11.463695579201081,4000,-36.13395381915445,5.471179065352771e-13
654,oracle,20.764472058920205,0.03408249999999892,0.025,20.705389558920206,1.47775,5.0,45.0,48.55421087447357,18.131202290866174,4000,20.70538955891823,1.9753088054130785e-12
654,belief,20.693324302170367,0.03408249999999892,0.025,20.63424180217037,1.47775,5.0,45.0,48.48306311686995,18.131202290866174,4000,20.634241802168393,1.9753088054130785e-12
654,randomised,20.764472058920205,0.03408249999999892,0.025,20.705389558920206,1.47775,5.0,45.0,48.55421087447357,18.131202290866174,4000,20.70538955891823,1.9753088054130785e-12
654,naive,51.76934754346469,0.24187500000000453,0.0,51.52747254346468,4.3385,0.0,60.0,54.99999999999996,27.231926673769507,4000,51.527472543466935,2.2524204723595176e-12
655,oracle,45.48812042787824,0.024565000000000278,0.009000000000000001,45.45455542787824,1.126,3.0,51.0,46.02237429267202,9.874038535085255,4000,45.45455542787709,1.1510792319313623e-12
655,belief,43.59015424570168,0.022127500000000116,0.009000000000000001,43.55902674570168,1.03175,3.0,51.0,46.4822474947118,10.20662831578854,4000,43.55902674570042,1.2576606422953773e-12
655,randomised,45.48812042787824,0.024565000000000278,0.009000000000000001,45.45455542787824,1.126,3.0,51.0,46.02237429267202,9.874038535085255,4000,45.45455542787709,1.1510792319313623e-12
655,naive,59.76277312275545,0.08786750000000061,0.049,59.62590562275545,2.40275,7.0,57.0,52.249999999999964,14.521184962260685,4000,59.6259056227541,1.3500311979441904e-12
656,oracle,-88.26733214233627,0.28464999999999774,0.081,-88.63298214233627,4.807,9.0,53.0,55.590513398888554,19.24568096670255,4000,-88.63298214233654,2.7000623958883807e-13
656,belief,-88.4847381269085,0.28464999999999774,0.081,-88.8503881269085,4.807,9.0,53.0,55.37310741170741,19.24568096670255,4000,-88.85038812690878,2.8421709430404007e-13
656,randomised,-87.51274400693774,0.2864924999999981,0.081,-87.88023650693773,4.83075,9.0,55.0,55.927585346923976,19.366538511215566,4000,-87.88023650693782,8.526512829121202e-14
656,naive,-31.170579863058492,0.1783525000000019,0.049,-31.397932363058494,3.89575,7.0,69.0,63.249999999999936,31.64655540542096,4000,-31.39793236305748,1.0160761121369433e-12
657,oracle,51.85418167519947,0.03935500000000071,0.025,51.78982667519947,1.6725,5.0,71.0,64.37379386767478,19.98901965531156,4000,51.789826675197034,2.4371615836571436e-12
657,belief,59.46593649972647,0.06987499999999935,0.016,59.38006149972647,2.3645,4.0,70.0,63.24914119902902,19.98901965531156,4000,59.38006149972559,8.810729923425242e-13
657,randomised,51.34952408042011,0.03935500000000071,0.025,51.28516908042011,1.6725,5.0,71.0,63.86913626683989,19.98901965531156,4000,51.28516908041788,2.2311041902867146e-12
657,naive,72.99782465650173,0.11228999999999786,0.001,72.88453465650173,2.4095,1.0,75.0,68.74999999999996,31.02013730778041,4000,72.88453465650147,2.5579538487363607e-13
658,oracle,81.94387702127838,0.059545000000000785,0.0,81.88433202127838,2.026,0.0,52.0,60.70243455781997,36.435414488516216,4000,81.88433202127722,1.1652900866465643e-12
658,belief,81.88718309427956,0.059545000000000785,0.0,81.82763809427956,2.026,0.0,52.0,60.64574063014065,36.435414488516216,4000,81.8276380942784,1.1652900866465643e-12
658,randomised,81.94387702127838,0.059545000000000785,0.0,81.88433202127838,2.026,0.0,52.0,60.70243455781997,36.435414488516216,4000,81.88433202127722,1.1652900866465643e-12
658,naive,60.10035665035184,0.0935824999999925,0.004,60.002774150351854,2.67225,2.0,74.0,67.83333333333329,49.883595740140066,4000,60.00277415035092,9.308109838457312e-13
659,oracle,21.259856102151048,0.18839500000000373,0.081,20.990461102151045,3.6865,9.0,69.0,65.71926792110644,20.844341259113,4000,20.990461102150956,8.881784197001252e-14
659,belief,20.758397027776255,0.18102000000000457,0.064,20.51337702777625,3.6335,8.0,68.0,65.22007633173475,20.844341259113,4000,20.513377027776343,9.237055564881302e-14
659,randomised,8.746009286162348,0.20097000000000448,0.064,8.481039286162343,3.953,8.0,70.0,66.3844533994703,22.854957612395026,4000,8.481039286162654,3.1086244689504383e-13
659,naive,23.097696253162212,0.21306750000000005,0.121,22.763628753162212,3.78325,11.0,81.0,74.24999999999999,27.25318172086376,4000,22.763628753162454,2.4158453015843406e-13
660,oracle,94.00399390038194,0.12292249999999585,0.001,93.88007140038194,3.17025,1.0,55.0,50.253076557022865,11.926038583506976,4000,93.88007140038341,1.4779288903810084e-12
660,belief,100.20484189859877,0.163595000000001,0.004,100.03724689859877,3.597,2.0,54.0,50.105329289136705,11.926038583506976,4000,100.03724689859938,6.110667527536862e-13
660,randomised,94.50398592307346,0.12292249999999585,0.001,94.38006342307345,3.17025,1.0,55.0,50.753068585713876,11.926038583506976,4000,94.38006342307493,1.4779288903810084e-12
660,naive,149.94493751803327,0.7083150000000018,0.064,149.17262251803328,7.2995,8.0,62.0,56.833333333333286,19.29862094193679,4000,149.17262251803274,5.400124791776761e-13
661,oracle,84.70075039383312,0.09378249999999742,0.025,84.58196789383311,2.81975,5.0,57.0,51.08366207280805,7.665300665134086,4000,84.58196789383416,1.0516032489249483e-12
661,belief,84.10200030292901,0.10510499999999813,0.036000000000000004,83.96089530292902,3.013,6.0,56.0,50.48793788856712,7.665300665134086,4000,83.96089530293027,1.2505552149377763e-12
661,randomised,82.03187701812067,0.0966949999999964,0.025,81.91018201812066,2.862,5.0,55.0,49.74530298996363,7.754384293719469,4000,81.910182018122,1.3358203432289883e-12
661,naive,72.45931194499121,0.08263249999999772,0.025,72.3516794449912,2.36525,5.0,61.0,55.91666666666662,17.07641770164162,4000,72.35167944499162,4.121147867408581e-13
662,oracle,59.05923936816987,0.04876500000000072,0.016,58.99447436816987,1.9145,4.0,52.0,54.213775100768956,23.672341286114545,4000,58.99447436816644,3.424815986363683e-12
662,belief,59.01574088069657,0.04876500000000072,0.016,58.95097588069657,1.9145,4.0,52.0,54.1702766127736,23.672341286114545,4000,58.95097588069314,3.424815986363683e-12
662,randomised,59.05923936816987,0.04876500000000072,0.016,58.99447436816987,1.9145,4.0,52.0,54.213775100768956,23.672341286114545,4000,58.99447436816644,3.424815986363683e-12
662,naive,69.96803123749865,0.050882500000000955,0.0,69.91714873749865,1.58325,0.0,72.0,65.99999999999994,33.4215835587435,4000,69.91714873749976,1.1084466677857563e-12
663,oracle,43.53308957988533,0.0656350000000022,0.001,43.46645457988533,2.159,1.0,55.0,55.72634645849693,23.78607450402057,4000,43.46645457988526,7.105427357601002e-14
663,belief,45.17959751869435,0.16066499999999997,0.004,45.01493251869435,3.4475,2.0,58.0,58.18494755950274,23.94949093435741,4000,45.014932518695005,6.536993168992922e-13
663,randomised,46.65882990101261,0.13241499999999817,0.001,46.52541490101262,3.1625,1.0,57.0,57.106691530995036,23.87923188906953,4000,46.52541490101314,5.258016244624741e-13
663,naive,57.82844523781023,0.4537774999999974,0.025,57.349667737810236,6.08825,5.0,77.0,70.5833333333333,33.798893591146374,4000,57.34966773780973,5.044853423896711e-13
664,oracle,-4.222280507261871,0.38981749999999304,0.081,-4.693098007261865,5.30375,9.0,63.0,58.38328672461844,11.075932999643536,4000,-4.693098007263957,2.092548356813495e-12
664,belief,-1.3506240372588536,0.29448249999999604,0.064,-1.7091065372588496,4.41925,8.0,62.0,57.22873647219746,11.075932999643536,4000,-1.709106537261166,2.3163693185779266e-12
664,randomised,-0.9463605711911214,0.29448249999999604,0.064,-1.3048430711911174,4.41925,8.0,62.0,57.63299994311619,11.075932999643536,4000,-1.3048430711934729,2.355449169044732e-12
664,naive,-9.733302967816144,0.31634249999999237,0.081,-10.130645467816136,4.16825,9.0,67.0,61.416666666666615,14.554071394625163,4000,-10.130645467816148,1.2434497875801753e-14
665,oracle,54.7342703959622,0.14930249999999734,0.025,54.5599678959622,3.17575,5.0,53.0,51.43839823864905,17.602485753155555,4000,54.55996789596227,6.394884621840902e-14
665,belief,54.72465388507135,0.14930249999999734,0.025,54.55035138507135,3.17575,5.0,53.0,51.42878172764277,17.602485753155555,4000,54.550351385071416,6.394884621840902e-14
665,randomised,61.03866070055062,0.15456249999999713,0.025,60.859098200550626,3.25175,5.0,55.0,53.26420301342518,18.9300309204398,4000,60.85909820055053,9.947598300641403e-14
665,naive,83.71723667722304,0.15454000000000806,0.004,83.55869667722303,3.3665,2.0,62.0,56.833333333333286,24.835774310385506,4000,83.55869667722199,1.0373923942097463e-12
666,oracle,62.834291161271324,0.11794000000000071,0.009000000000000001,62.707351161271326,2.827,3.0,55.0,56.235513667856736,19.371312978908048,4000,62.70735116127227,9.450218385609332e-13
666,belief,55.83484001407737,0.07420749999999657,0.016,55.744632514077374,2.19375,4.0,54.0,55.50600977077034,19.371312978908048,4000,55.74463251407722,1.5631940186722204e-13
666,randomised,53.53395966155864,0.07081999999999769,0.016,53.447139661558644,2.1475,4.0,54.0,55.05884209786843,19.370356909412763,4000,53.44713966155808,5.613287612504791e-13
666,naive,57.073145259279045,0.08996249999999648,0.009000000000000001,56.974182759279046,2.73375,3.0,59.0,54.08333333333329,26.326807239313197,4000,56.974182759279905,8.597567102697212e-13
667,oracle,92.57404154615159,0.13366750000000263,0.016,92.42437404615158,2.77075,4.0,76.0,68.79983221332007,14.136344441239094,4000,92.42437404615019,1.3926637620897964e-12
667,belief,92.59232091701767,0.13366750000000263,0.016,92.44265341701767,2.77075,4.0,76.0,68.81811158440541,14.136344441239094,4000,92.44265341701627,1.3926637620897964e-12
667,randomised,92.07245107589773,0.13366750000000263,0.016,91.92278357589772,2.77075,4.0,76.0,68.29824173704759,14.136344441239094,4000,91.92278357589635,1.3784529073745944e-12
667,naive,145.2653958471701,0.3532349999999995,0.064,144.8481608471701,4.847,8.0,82.0,75.16666666666667,25.54216082324349,4000,144.84816084717258,2.4726887204451486e-12
668,oracle,50.94316764709595,0.21503249999999927,0.036000000000000004,50.69213514709595,4.14075,6.0,84.0,65.68314187233598,11.387448530655636,4000,50.69213514709656,6.110667527536862e-13
668,belief,51.44378772856885,0.21503249999999927,0.036000000000000004,51.19275522856885,4.14075,6.0,84.0,66.18376195981585,11.387448530655636,4000,51.19275522856946,6.110667527536862e-13
668,randomised,53.13783830674873,0.1443100000000001,0.025,52.96852830674874,3.2605,5.0,83.0,65.45616692309416,11.387448530655636,4000,52.96852830675002,1.2789769243681803e-12
668,naive,50.524240928807046,0.23145499999999639,0.025,50.26778592880705,4.0785,5.0,67.0,61.41666666666661,14.652367555775976,4000,50.26778592880683,2.2026824808563106e-13
669,oracle,48.4259904444376,0.059085000000002726,0.0,48.3669054444376,1.8355,0.0,54.0,52.02910094653337,14.028805424018302,4000,48.366905444436746,8.526512829121202e-13
669,belief,48.180543341665356,0.044082500000003334,0.001,48.135460841665356,1.67525,1.0,55.0,53.80026838248141,14.26209946703678,4000,48.13546084166372,1.6342482922482304e-12
669,randomised,44.143742382702186,0.03616750000000236,0.001,44.10657488270218,1.52775,1.0,55.0,53.183712214442366,15.159547298936063,4000,44.10657488270118,1.0018652574217413e-12
669,naive,35.45498846785995,0.14681000000000008,0.009000000000000001,35.299178467859946,3.127,3.0,65.0,59.583333333333286,21.986381299408617,4000,35.299178467860166,2.2026824808563106e-13
670,oracle,64.21711900322214,0.06862250000000063,0.025,64.12349650322213,1.96975,5.0,89.0,72.91349437772607,14.350976608684558,4000,64.123496503221,1.1226575225009583e-12
670,belief,61.28708788858438,0.04996500000000239,0.009000000000000001,61.22812288858438,1.729,3.0,87.0,72.16341989136993,14.350976608684558,4000,61.22812288858295,1.4281908988778014e-12
670,randomised,64.0310267387897,0.05542250000000201,0.016,63.95960423878971,1.78525,4.0,88.0,72.72754490805346,14.350976608684558,4000,63.95960423878847,1.2363443602225743e-12
670,naive,64.74792738631224,0.03383500000000102,0.004,64.71009238631224,1.3385,2.0,84.0,77.0,22.487536587288137,4000,64.71009238631017,2.0747847884194925e-12
671,oracle,40.11198779526839,0.02008249999999928,0.001,40.09090529526839,1.02575,1.0,51.0,58.527449389234896,16.996327190633025,4000,40.090905295266936,1.4566126083082054e-12
671,belief,39.98914171202448,0.02008249999999928,0.001,39.96805921202448,1.02575,1.0,51.0,58.404603304516975,16.996327190633025,4000,39.96805921202302,1.4566126083082054e-12
671,randomised,28.545214992496938,0.033932500000001156,0.004,28.507282492496934,1.32725,2.0,52.0,59.20382934263448,17.02543129753714,4000,28.5072824924964,5.329070518200751e-13
671,naive,-1.6783577519672122,0.09046499999999712,0.016,-1.7848227519672093,2.555,4.0,70.0,64.1666666666666,26.55762635643986,4000,-1.7848227519673197,1.1035616864774056e-13
672,oracle,98.06480755001294,0.11049499999999753,0.004,97.95031255001294,2.587,2.0,70.0,59.747550663702846,10.891129999242395,4000,97.9503125500122,7.389644451905042e-13
672,belief,98.798545231323,0.11214499999999744,0.004,98.682400231323,2.666,2.0,68.0,59.25249416415037,10.908698341277606,4000,98.68240023132216,8.384404281969182e-13
672,randomised,98.45916765676466,0.11214499999999744,0.004,98.34302265676466,2.666,2.0,68.0,58.91311658552001,10.908698341277606,4000,98.34302265676382,8.384404281969182e-13
672,naive,100.09483814078465,0.489422499999998,0.1,99.50541564078465,5.54975,10.0,64.0,58.666666666666615,18.828547044067424,4000,99.505415640784,6.536993168992922e-13
673,oracle,34.70038661791472,0.10163250000000047,0.0,34.598754117914716,2.47975,0.0,62.0,59.894605330754445,22.907626910019832,4000,34.598754117914375,3.410605131648481e-13
673,belief,35.91082533829186,0.13750499999998847,0.001,35.77232033829187,2.708,1.0,61.0,58.94693071136955,22.907626910019832,4000,35.77232033829111,7.602807272633072e-13
673,randomised,40.672828482105274,0.09933000000000157,0.004,40.569498482105274,2.359,2.0,64.0,61.22707107580677,23.983237342203672,4000,40.569498482104066,1.2079226507921703e-12
673,naive,101.03729491990022,0.3785675000000099,0.001,100.6577274199002,5.01775,1.0,77.0,70.5833333333333,37.62031863332384,4000,100.65772741990061,4.121147867408581e-13
674,oracle,41.791805183670704,0.34975499999999843,0.049,41.3930501836707,4.867,7.0,65.0,59.10449436109249,12.752498180263649,4000,41.39305018367036,3.410605131648481e-13
674,belief,41.34313697032519,0.3411600000000051,0.064,40.93797697032519,4.836,8.0,64.0,59.03656440886909,13.232845541849548,4000,40.93797697032376,1.4281908988778014e-12
674,randomised,40.941280112687764,0.4497024999999899,0.081,40.410577612687774,5.50175,9.0,65.0,59.205779911585076,13.232845541849548,4000,40.41057761268739,3.836930773104541e-13
674,naive,15.49323097095089,1.1722524999999842,0.196,14.124978470950905,9.32425,14.0,68.0,62.33333333333327,20.17142834746667,4000,14.124978470952268,1.3624656958199921e-12
675,oracle,57.997276642019585,0.07302749999999968,0.004,57.920249142019586,2.20625,2.0,66.0,65.04709302559483,21.20739700635811,4000,57.92024914201516,4.426681243785424e-12
675,belief,58.97795711751178,0.0887599999999958,0.009000000000000001,58.880197117511784,2.552,3.0,67.0,65.17925221918745,21.54996484477435,4000,58.88019711750941,2.3732127374387346e-12
675,randomised,57.48900310537459,0.07302749999999968,0.004,57.41197560537459,2.20625,2.0,66.0,64.53881948285077,21.20739700635811,4000,57.411975605370166,4.426681243785424e-12
675,naive,48.87211878065159,0.7122974999999819,0.121,48.038821280651604,7.67025,11.0,77.0,70.5833333333333,31.992192600442667,4000,48.0388212806531,1.4992451724538114e-12
676,oracle,24.21702178539317,0.06221499999999964,0.025,24.129806785393175,2.0395,5.0,55.0,56.72246671484679,22.88949490098981,4000,24.12980678539292,2.5579538487363607e-13
676,belief,27.673381693472777,0.04928250000000026,0.016,27.60809919347278,1.76675,4.0,54.0,55.82218820821976,22.88949490098981,4000,27.608099193472388,3.907985046680551e-13
676,randomised,27.37693562940416,0.04928250000000026,0.016,27.31165312940416,1.76675,4.0,54.0,55.52574214059401,22.88949490098981,4000,27.31165312940394,2.2026824808563106e-13
676,naive,-0.8805232640282838,0.19978249999999997,0.064,-1.1443057640282839,3.84325,8.0,70.0,64.16666666666661,34.99654686784959,4000,-1.1443057640284409,1.5698553568199713e-13
677,oracle,34.87851828226303,0.23677499999999976,0.049,34.59274328226303,4.135,7.0,67.0,68.88186977945743,23.782274840783906,4000,34.59274328226322,1.9184653865522705e-13
677,belief,34.794827654711185,0.23677499999999976,0.049,34.50905265471118,4.135,7.0,67.0,68.79817915090162,23.782274840783906,4000,34.50905265471137,1.8474111129762605e-13
677,randomised,34.87851828226303,0.23677499999999976,0.049,34.59274328226303,4.135,7.0,67.0,68.88186977945743,23.782274840783906,4000,34.59274328226322,1.9184653865522705e-13
677,naive,46.428684680982656,0.06608500000000228,0.036000000000000004,46.32659968098265,2.138,6.0,74.0,67.83333333333329,31.880395143917795,4000,46.32659968098164,1.0160761121369433e-12
678,oracle,27.275897135385605,0.29426749999999324,0.016,26.965629635385614,4.95875,4.0,46.0,53.8841508467176,24.843354996874336,4000,26.965629635385728,1.1368683772161603e-13
678,belief,35.17685091400793,0.2039725000000115,0.004,34.96887841400792,4.04475,2.0,48.0,55.38371551510437,25.44216192353047,4000,34.968878414009446,1.5276668818842154e-12
678,randomised,28.32251335318773,0.2384025000000037,0.009000000000000001,28.075110853187727,4.45325,3.0,47.0,54.507460071467676,25.41709677444494,4000,28.075110853189898,2.170708057747106e-12
678,naive,28.257277889242687,0.7048649999999834,0.1,27.4524128892427,7.591,10.0,72.0,65.99999999999994,37.07581896880762,4000,27.452412889242165,5.364597654988756e-13
679,oracle,-21.91642100571505,0.12245499999999837,0.025,-22.06387600571505,3.0935,5.0,39.0,45.62161651157881,19.475612372519905,4000,-22.0638760057148,2.4868995751603507e-13
679,belief,-11.408621077130647,0.0761925000000002,0.016,-11.500813577130646,2.43775,4.0,40.0,46.450880401429146,20.08819361168368,4000,-11.500813577129824,8.22453216642316e-13
679,randomised,-21.91642100571505,0.12245499999999837,0.025,-22.06387600571505,3.0935,5.0,39.0,45.62161651157881,19.475612372519905,4000,-22.0638760057148,2.4868995751603507e-13
679,naive,-31.520615637868787,0.19029499999999905,0.049,-31.759910637868785,3.632,7.0,65.0,59.58333333333328,35.3445814814021,4000,-31.75991063786956,7.744915819785092e-13
680,oracle,40.33302063469978,0.04041750000000221,0.0,40.292603134699775,1.46375,0.0,70.0,58.68013347290989,13.923829012665488,4000,40.29260313469893,8.455458555545192e-13
680,belief,40.884156501875395,0.038705000000001676,0.001,40.8444515018754,1.3775,1.0,69.0,58.174946485776985,13.923829012665488,4000,40.84445150187464,7.602807272633072e-13
680,randomised,40.72291287120035,0.038705000000001676,0.001,40.68320787120035,1.3775,1.0,69.0,58.013702853167366,13.923829012665488,4000,40.68320787119959,7.602807272633072e-13
680,naive,48.28740278903797,0.07266249999999902,0.009000000000000001,48.20574028903797,2.04925,3.0,69.0,63.249999999999936,19.586841659307122,4000,48.2057402890368,1.1723955140041653e-12
681,oracle,56.627937380693496,0.023804999999999528,0.001,56.603132380693495,1.27,1.0,61.0,58.18666085231815,16.162241520005963,4000,56.60313238069138,2.1174173525650986e-12
681,belief,46.63078455310193,0.018307499999999685,0.0,46.612477053101934,1.07025,0.0,60.0,58.248853137051334,16.162241520005963,4000,46.61247705310057,1.3642420526593924e-12
681,randomised,70.22646867020333,0.03181500000000003,0.004,70.19065367020333,1.4815,2.0,60.0,58.03358761442607,16.162241520005963,4000,70.19065367020316,1.7053025658242404e-13
681,naive,3.9487680734424657,0.20082000000000702,0.009000000000000001,3.738948073442459,4.2585,3.0,65.0,59.58333333333328,20.367991316145382,4000,3.7389480734437606,1.3016254740705335e-12
682,oracle,87.85224108117757,0.06512750000000009,0.049,87.73811358117756,1.94275,7.0,73.0,77.77049864079352,30.415995214664235,4000,87.7381135811768,7.531752999057062e-13
682,belief,85.50227114264874,0.06887750000000037,0.049,85.38439364264873,1.96775,7.0,73.0,77.52977804449074,30.922427189894254,4000,85.38439364264892,1.8474111129762605e-13
682,randomised,85.24490025197781,0.06887750000000037,0.049,85.1270227519778,1.96775,7.0,73.0,77.27240715073178,30.922427189894254,4000,85.12702275197807,2.7000623958883807e-13
682,naive,108.54514989456855,0.06805000000000107,0.001,108.47609989456855,2.1705,1.0,91.0,83.4166666666667,45.07777899515588,4000,108.47609989457142,2.8705926524708048e-12
683,oracle,32.42395644685925,0.04781750000000525,0.001,32.375138946859245,1.65325,1.0,61.0,52.16769476412224,9.981440093944432,4000,32.37513894685827,9.734435479913373e-13
683,belief,40.00566382390933,0.05088500000000335,0.0,39.95477882390933,1.602,0.0,60.0,51.51716590538388,9.981440093944432,4000,39.95477882390922,1.0658141036401503e-13
683,randomised,39.491489499545395,0.05088500000000335,0.0,39.440604499545394,1.602,0.0,60.0,51.002991574850356,9.981440093944432,4000,39.44060449954529,1.0658141036401503e-13
683,naive,54.16676105028617,0.03544000000000204,0.004,54.12732105028617,1.498,2.0,54.0,49.49999999999997,13.867725483377024,4000,54.12732105028497,1.2008172234345693e-12
684,oracle,50.43976715693623,0.23225499999999646,0.064,50.14351215693623,4.459,8.0,54.0,55.19975191137555,16.676223550375983,4000,50.14351215693596,2.7000623958883807e-13
684,belief,55.62109269252301,0.29402999999999613,0.081,55.246062692523005,5.068,9.0,53.0,54.58165555384096,16.676223550375983,4000,55.24606269252227,7.318590178329032e-13
684,randomised,50.43976715693623,0.23225499999999646,0.064,50.14351215693623,4.459,8.0,54.0,55.19975191137555,16.676223550375983,4000,50.14351215693596,2.7000623958883807e-13
684,naive,39.94218700946885,0.6893499999999864,0.14400000000000002,39.10883700946887,7.978,12.0,58.0,53.16666666666663,19.020593398947383,4000,39.10883700946808,7.887024366937112e-13
685,oracle,41.89183915370472,0.136162499999995,0.1,41.655676653704724,3.12775,10.0,64.0,64.8533131450721,25.6010704079791,4000,41.65567665370496,2.3447910280083306e-13
685,belief,41.61087004461365,0.136162499999995,0.1,41.37470754461365,3.12775,10.0,64.0,64.57234403260952,25.6010704079791,4000,41.374707544613884,2.3447910280083306e-13
685,randomised,45.70201527735412,0.15060249999999678,0.121,45.43041277735412,3.22825,11.0,65.0,65.55457296828327,26.413680692960163,4000,45.430412777354285,1.6342482922482304e-13
685,naive,62.508965332315256,0.17810499999999976,0.1,62.23086033231525,3.4435,10.0,76.0,69.66666666666664,32.79803398038117,4000,62.23086033231538,1.2789769243681803e-13
686,oracle,35.54856181579626,0.07055249999999885,0.004,35.474009315796266,2.20225,2.0,54.0,49.5569322822054,11.164679750084133,4000,35.474009315796216,4.973799150320701e-14
686,belief,36.546216892405226,0.07055249999999885,0.004,36.47166439240523,2.20225,2.0,54.0,50.55458737078548,11.164679750084133,4000,36.471664392405174,5.684341886080802e-14
686,randomised,34.88085760365976,0.1052599999999952,0.001,34.77459760365977,2.6725,1.0,55.0,50.73914662687819,12.621441334798797,4000,34.774597603660304,5.329070518200751e-13
686,naive,16.540616746985222,0.3325999999999952,0.016,16.192016746985228,5.051,4.0,56.0,51.3333333333333,15.85743184622429,4000,16.192016746984194,1.0338396805309458e-12
687,oracle,64.25019528783206,0.05597250000000482,0.001,64.19322278783204,1.86975,1.0,45.0,45.535261559010316,12.800337873697897,4000,64.1932227878305,1.5347723092418164e-12
687,belief,64.29236945004426,0.05597250000000482,0.001,64.23539695004425,1.86975,1.0,45.0,45.57743572172852,12.800337873697897,4000,64.23539695004271,1.5347723092418164e-12
687,randomised,64.25019528783206,0.05597250000000482,0.001,64.19322278783204,1.86975,1.0,45.0,45.535261559010316,12.800337873697897,4000,64.1932227878305,1.5347723092418164e-12
687,naive,14.72575767128373,0.06199000000000383,0.004,14.659767671283728,2.2325,2.0,52.0,47.66666666666665,25.99063293580185,4000,14.65976767128375,2.3092638912203256e-14
688,oracle,63.85384041108091,0.31278249999999946,0.036000000000000004,63.50505791108091,5.09375,6.0,50.0,53.58664862023618,20.684928564862382,4000,63.5050579110803,6.110667527536862e-13
688,belief,70.94368668849063,0.35184000000000115,0.036000000000000004,70.55584668849063,5.4815,6.0,52.0,55.79682949718872,21.039852976948335,4000,70.55584668849086,2.2737367544323206e-13
688,randomised,70.5805275398551,0.35184000000000115,0.036000000000000004,70.1926875398551,5.4815,6.0,52.0,55.433670344195384,21.039852976948335,4000,70.19268753985527,1.7053025658242404e-13
688,naive,77.87399641910567,0.10204499999999937,0.001,77.77095141910566,2.427,1.0,73.0,66.91666666666663,33.24519112768088,4000,77.7709514191089,3.240074875066057e-12
689,oracle,85.11672505678541,0.053012499999999275,0.036000000000000004,85.02771255678542,1.77625,6.0,72.0,67.57990963490758,20.482500384144533,4000,85.02771255678465,7.673861546209082e-13
689,belief,85.12261507151857,0.053012499999999275,0.036000000000000004,85.03360257151857,1.77625,6.0,72.0,67.58579964971136,20.482500384144533,4000,85.0336025715178,7.673861546209082e-13
689,randomised,82.61161032855983,0.05327000000000289,0.025,82.53334032855983,1.8755,5.0,73.0,68.22478322698791,20.796327420378525,4000,82.53334032855822,1.6058265828178264e-12
689,naive,83.25945450305872,0.15149749999999726,0.001,83.10695700305872,3.39325,1.0,77.0,70.5833333333333,25.525405785601105,4000,83.10695700306162,2.8990143619012088e-12
690,oracle,63.651281900206016,0.08583749999999905,0.0,63.56544440020602,2.32425,0.0,78.0,59.056282240775694,4.342298740987428,4000,63.565444400206125,1.0658141036401503e-13
690,belief,64.36127897958674,0.08583749999999905,0.0,64.27544147958675,2.32425,0.0,78.0,59.76627932867565,4.342298740987428,4000,64.27544147958693,1.8474111129762605e-13
690,randomised,63.651281900206016,0.08583749999999905,0.0,63.56544440020602,2.32425,0.0,78.0,59.056282240775694,4.342298740987428,4000,63.565444400206125,1.0658141036401503e-13
690,naive,45.2727953272294,0.06011500000000219,0.004,45.2086803272294,2.057,2.0,76.0,69.66666666666663,11.121813341929716,4000,45.20868032722833,1.0729195309977513e-12
691,oracle,78.19006175055091,0.4584499999999812,0.009000000000000001,77.72261175055093,5.8725,3.0,75.0,68.2002641378832,20.90428380363695,4000,77.72261175055081,1.1368683772161603e-13
691,belief,72.46673291275076,0.3962575000000081,0.004,72.06647541275075,5.28175,2.0,76.0,68.84743606752134,21.0562734424181,4000,72.06647541274847,2.2737367544323206e-12
691,randomised,78.18997961539498,0.4626799999999802,0.009000000000000001,77.718299615395,5.89,3.0,75.0,68.2014921367533,21.0562734424181,4000,77.71829961539488,1.1368683772161603e-13
691,naive,98.85966655617983,0.6163750000000042,0.036000000000000004,98.20729155617983,6.8035,6.0,80.0,73.3333333333333,27.33976485614244,4000,98.20729155618076,9.379164112033322e-13
692,oracle,46.95760655418951,0.25473000000000523,0.064,46.63887655418951,4.476,8.0,72.0,66.23222524724079,22.217246394504325,4000,46.63887655418864,8.668621376273222e-13
692,belief,46.46590577369636,0.25473000000000523,0.064,46.14717577369636,4.476,8.0,72.0,65.74052446084774,22.217246394504325,4000,46.14717577369552,8.384404281969182e-13
692,randomised,46.45535583130447,0.25473000000000523,0.064,46.13662583130447,4.476,8.0,72.0,65.72997451832917,22.217246394504325,4000,46.13662583130363,8.384404281969182e-13
692,naive,14.738999380308314,1.1963500000000071,0.225,13.317649380308307,10.029,15.0,79.0,72.41666666666664,28.813238313455134,4000,13.317649380308884,5.773159728050814e-13
693,oracle,50.16830480368907,0.04491250000000308,0.016,50.10739230368907,1.76175,4.0,76.0,70.71022654220354,22.103152734151404,4000,50.107392303687,2.0676793610618915e-12
693,belief,48.81371803451003,0.04488250000000308,0.016,48.752835534510034,1.76075,4.0,74.0,69.35564328363981,22.103152734151404,4000,48.75283553450794,2.0961010704922955e-12
693,randomised,48.834963716651544,0.04488250000000308,0.016,48.774081216651545,1.76075,4.0,74.0,69.37688896603632,22.103152734151404,4000,48.774081216649456,2.0889956431346945e-12
693,naive,62.04263272608196,0.05172250000000038,0.0,61.99091022608196,1.88225,0.0,82.0,75.16666666666667,31.099670118285673,4000,61.99091022608073,1.2292389328649733e-12
694,oracle,61.537665251660826,0.050475000000004176,0.009000000000000001,61.47819025166082,1.633,3.0,65.0,65.34484847412958,18.112734387933383,4000,61.47819025165984,9.805489753489383e-13
694,belief,61.35244677570766,0.05486250000000443,0.004,61.29358427570766,1.74475,2.0,64.0,64.73105547014076,18.112734387933383,4000,61.29358427570622,1.4352963262354024e-12
694,randomised,54.48558128715854,0.03564500000000117,0.009000000000000001,54.440936287158536,1.443,3.0,65.0,65.34416047942092,18.96059542321451,4000,54.4409362871581,4.334310688136611e-13
694,naive,88.35760887237694,0.1592849999999965,0.009000000000000001,88.18932387237695,3.2825,3.0,89.0,81.58333333333336,36.45496197387816,4000,88.18932387237977,2.8279600883251987e-12
695,oracle,-2.8824119291841725,0.10696499999999542,0.016,-3.005376929184168,2.9,4.0,56.0,57.428748195984625,17.847404494323133,4000,-3.0053769291836496,5.182521078950231e-13
695,belief,-3.4402504493276638,0.10696499999999542,0.016,-3.563215449327659,2.9,4.0,56.0,56.87090966914756,17.847404494323133,4000,-3.5632154493271053,5.537792446830281e-13
695,randomised,-3.8892417415747786,0.10696499999999542,0.016,-4.012206741574774,2.9,4.0,56.0,56.42191837151274,17.847404494323133,4000,-4.012206741574242,5.32018873400375e-13
695,naive,-11.520384477890161,0.1850975000000007,0.036000000000000004,-11.741481977890162,3.98175,6.0,70.0,64.1666666666666,22.821376542116575,4000,-11.741481977888476,1.6857626405908377e-12
696,oracle,42.102649386776704,0.04926249999999996,0.025,42.02838688677671,1.68925,5.0,57.0,53.55569425072873,13.045586792830637,4000,42.02838688677579,9.166001291305292e-13
696,belief,46.07840764901806,0.0333025000000011,0.016,46.029105149018065,1.42575,4.0,56.0,53.099924905961785,13.045586792830637,4000,46.0291051490167,1.3642420526593924e-12
696,randomised,45.84476722684343,0.0333025000000011,0.016,45.795464726843434,1.42575,4.0,56.0,52.86628448098349,13.045586792830637,4000,45.79546472684211,1.3216094885137863e-12
696,naive,77.4027172895095,0.12310499999999377,0.016,77.2636122895095,3.0785,4.0,60.0,54.99999999999996,21.855921240447465,4000,77.26361228951247,2.9700686354772188e-12
697,oracle,53.13193343494265,0.06818500000000197,0.009000000000000001,53.05474843494265,2.1785,3.0,49.0,45.21565909543018,10.144925953025886,4000,53.05474843494369,1.0373923942097463e-12
697,belief,53.10276345540052,0.06818500000000197,0.009000000000000001,53.02557845540052,2.1785,3.0,49.0,45.18648911553811,10.144925953025886,4000,53.02557845540156,1.0373923942097463e-12
697,randomised,53.13193343494265,0.06818500000000197,0.009000000000000001,53.05474843494265,2.1785,3.0,49.0,45.21565909543018,10.144925953025886,4000,53.05474843494369,1.0373923942097463e-12
697,naive,34.39842047645371,0.0690750000000007,0.0,34.32934547645371,2.1045,0.0,54.0,49.49999999999997,18.99830277062843,4000,34.329345476454534,8.242295734817162e-13
698,oracle,31.518667262635518,0.06436000000000457,0.049,31.405307262635514,2.2345,7.0,49.0,53.26524895884161,18.66820663374532,4000,31.405307262634334,1.1795009413617663e-12
698,belief,30.08936006911722,0.06251250000000383,0.049,29.977847569117216,2.17175,7.0,47.0,52.2154731479145,18.421161203434217,4000,29.977847569116403,8.135714324453147e-13
698,randomised,29.796876901944756,0.06251250000000383,0.049,29.685364401944753,2.17175,7.0,47.0,51.922989977232646,18.421161203434217,4000,29.68536440194394,8.135714324453147e-13
698,naive,38.77190411354002,0.14900750000000476,0.025,38.597896613540016,3.54775,5.0,73.0,66.91666666666661,31.823868959883452,4000,38.59789661353817,1.8474111129762605e-12
699,oracle,78.45477277120284,0.054687499999999875,0.036000000000000004,78.36408527120284,1.67625,6.0,70.0,61.754434407012305,12.079389477102291,4000,78.36408527120203,8.100187187665142e-13
699,belief,87.32677719037713,0.10460999999999941,0.064,87.15816719037714,2.368,8.0,70.0,61.9204469979581,12.874060250586007,4000,87.15816719037521,1.9326762412674725e-12
699,randomised,80.80891264544584,0.07246749999999987,0.049,80.68744514544584,1.93775,7.0,69.0,61.12622668835195,12.874060250586007,4000,80.6874451454444,1.4352963262354024e-12
699,naive,59.06780518640551,0.03281500000000046,0.025,59.00999018640551,1.4895,5.0,69.0,63.24999999999994,20.563935550961663,4000,59.009990186402675,2.8350655156827997e-12
700,oracle,64.65050235767063,0.07290250000000424,0.025,64.55259985767063,2.31475,5.0,71.0,56.91694321216323,9.454970946363616,4000,64.55259985766804,2.5863755581667647e-12
700,belief,65.69500884872275,0.08635000000000323,0.036000000000000004,65.57265884872274,2.5025,6.0,70.0,56.28162137750036,9.454970946363616,4000,65.57265884872265,8.526512829121202e-14
700,randomised,65.68974622704172,0.08635000000000323,0.036000000000000004,65.56739622704171,2.5025,6.0,70.0,56.276358755756185,9.454970946363616,4000,65.56739622704163,8.526512829121202e-14
700,naive,54.914406569080086,0.04831750000000183,0.016,54.850089069080084,1.70425,4.0,60.0,54.99999999999996,12.777124170103738,4000,54.8500890690792,8.810729923425242e-13
701,oracle,70.29556664365299,0.08700500000000064,0.016,70.19256164365298,2.375,4.0,72.0,67.06929302232462,15.399341819653442,4000,70.19256164365484,1.8616219676914625e-12
701,belief,70.51130054130306,0.08700500000000064,0.016,70.40829554130305,2.375,4.0,72.0,67.28502692256326,15.399341819653442,4000,70.40829554130491,1.8616219676914625e-12
701,randomised,70.79929401169915,0.08700500000000064,0.016,70.69628901169914,2.375,4.0,72.0,67.57302039641506,15.399341819653442,4000,70.696289011701,1.8616219676914625e-12
701,naive,77.4911860678792,0.18993250000000098,0.025,77.2762535678792,3.42625,5.0,69.0,63.249999999999936,18.908566807260623,4000,77.27625356787902,1.7053025658242404e-13
702,oracle,-17.442398992517155,0.23178249999999925,0.049,-17.723181492517153,3.46775,7.0,67.0,66.92540027593505,23.12699908036473,4000,-17.72318149251754,3.872457909892546e-13
702,belief,-14.301830955771493,0.19873999999999753,0.049,-14.54957095577149,3.25,7.0,67.0,67.33901325889819,23.581710510449575,4000,-14.549570955771847,3.5704772471945034e-13
702,randomised,-15.435155603680982,0.18668999999999722,0.036000000000000004,-15.657845603680979,3.1795,6.0,66.0,66.2052400391737,23.12699908036473,4000,-15.657845603681297,3.1796787425264483e-13
702,naive,-17.056728822164473,0.18963999999999634,0.049,-17.29536882216447,3.3305,7.0,85.0,77.91666666666667,38.79442685254018,4000,-17.29536882216476,2.913225216616411e-13
703,oracle,1.176678596717693,0.4273299999999903,0.064,0.6853485967177027,5.299,8.0,72.0,62.3637700632484,15.13465718347187,4000,0.6853485967168718,8.308909116294672e-13
703,belief,1.1723253887643068,0.4273299999999903,0.064,0.6809953887643165,5.299,8.0,72.0,62.35941685524282,15.13465718347187,4000,0.6809953887634856,8.308909116294672e-13
703,randomised,1.176678596717693,0.4273299999999903,0.064,0.6853485967177027,5.299,8.0,72.0,62.3637700632484,15.13465718347187,4000,0.6853485967168718,8.308909116294672e-13
703,naive,18.622312429722,0.20357499999999584,0.049,18.369737429722004,3.4375,7.0,65.0,59.58333333333328,26.665024205942586,4000,18.369737429721347,6.572520305780927e-13
704,oracle,11.205226214070422,0.19910750000000096,0.025,10.981118714070421,3.96325,5.0,55.0,55.86039633529848,17.4701499815771,4000,10.981118714070638,2.1671553440683056e-13
704,belief,15.891251481431425,0.14548749999999755,0.025,15.720763981431427,3.31575,5.0,53.0,54.08660031209338,17.4701499815771,4000,15.72076398143165,2.2382096176443156e-13
704,randomised,15.797783744256321,0.14548749999999755,0.025,15.627296244256323,3.31575,5.0,53.0,53.99313257379647,17.4701499815771,4000,15.62729624425654,2.1671553440683056e-13
704,naive,58.10492532214077,0.024804999999999595,0.001,58.079120322140774,1.145,1.0,63.0,57.74999999999995,24.22457508198146,4000,58.07912032213918,1.5916157281026244e-12
705,oracle,65.09033583943187,0.044497500000003784,0.016,65.02983833943186,1.70675,4.0,48.0,43.52675159031002,11.096380365922618,4000,65.02983833943041,1.4495071809506044e-12
705,belief,76.19363585086103,0.0785174999999963,0.009000000000000001,76.10611835086104,2.38325,3.0,49.0,44.58722786705956,11.430185418971774,4000,76.10611835086391,2.8705926524708048e-12
705,randomised,65.09033583943187,0.044497500000003784,0.016,65.02983833943186,1.70675,4.0,48.0,43.52675159031002,11.096380365922618,4000,65.02983833943041,1.4495071809506044e-12
705,naive,82.17806383785899,0.06206750000000493,0.016,82.09999633785897,2.05175,4.0,54.0,49.49999999999997,17.901209090542054,4000,82.09999633786163,2.6574298317427747e-12
706,oracle,66.03853352384345,0.13296249999999007,0.0,65.90557102384346,2.59975,0.0,46.0,49.7577614415587,23.08628411349956,4000,65.90557102384192,1.5489831639570184e-12
706,belief,76.60506956459653,0.12625749999999278,0.001,76.47781206459653,2.75475,1.0,45.0,48.914297442264676,23.08628411349956,4000,76.4778120645957,8.384404281969182e-13
706,randomised,73.27342266606352,0.10500749999999659,0.001,73.16741516606352,2.50275,1.0,47.0,49.91472001885056,23.324062712484242,4000,73.16741516606282,6.963318810448982e-13
706,naive,-9.688433143723046,0.3003875000000107,0.064,-10.052820643723056,4.98625,8.0,66.0,60.49999999999994,31.082027580493644,4000,-10.052820643721878,1.177724584522366e-12
707,oracle,73.12916587243065,0.04194250000000108,0.001,73.08622337243064,1.56575,1.0,57.0,57.525244411857834,14.78746634029208,4000,73.08622337243044,1.9895196601282805e-13
707,belief,72.76206763988492,0.04194250000000108,0.001,72.71912513988491,1.56575,1.0,57.0,57.158146174907024,14.78746634029208,4000,72.71912513988472,1.8474111129762605e-13
707,randomised,72.63536508337923,0.04194250000000108,0.001,72.59242258337922,1.56575,1.0,57.0,57.03144361688117,14.78746634029208,4000,72.59242258337903,1.8474111129762605e-13
707,naive,89.40871953876353,0.16306000000000015,0.004,89.24165953876353,3.529,2.0,78.0,71.49999999999997,25.072196061889617,4000,89.24165953876398,4.547473508864641e-13
708,oracle,29.102820923027707,0.3202975000000065,0.064,28.7185234230277,4.89575,8.0,66.0,60.1612042909937,15.448244812358274,4000,28.71852342302889,1.1901590823981678e-12
708,belief,25.705449513236545,0.4079125000000029,0.081,25.216537013236543,5.56075,9.0,67.0,61.17251402900696,17.32373213314133,4000,25.21653701323705,5.080380560684716e-13
708,randomised,29.102820923027707,0.3202975000000065,0.064,28.7185234230277,4.89575,8.0,66.0,60.1612042909937,15.448244812358274,4000,28.71852342302889,1.1901590823981678e-12
708,naive,25.60152042967343,0.38071999999999767,0.14400000000000002,25.076800429673433,5.3975,12.0,70.0,64.1666666666666,23.775206108786502,4000,25.076800429673558,1.2434497875801753e-13
709,oracle,8.3577768216457,0.03831000000000162,0.001,8.3184668216457,1.591,1.0,59.0,62.35721554764069,23.228495138327006,4000,8.318466821645666,3.375077994860476e-14
709,belief,15.123235841294417,0.02878749999999957,0.0,15.094448341294417,1.34625,0.0,58.0,61.07334588551889,23.228495138327006,4000,15.094448341294171,2.4513724383723456e-13
709,randomised,15.232495056028014,0.02878749999999957,0.0,15.203707556028014,1.34625,0.0,58.0,61.18260510156365,23.228495138327006,4000,15.203707556027773,2.4158453015843406e-13
709,naive,100.28984339256232,0.15534249999999528,0.025,100.10950089256232,3.41325,5.0,79.0,72.41666666666664,36.98213906782265,4000,100.10950089256211,2.1316282072803006e-13
710,oracle,77.9003519060739,0.13083499999999784,0.004,77.76551690607388,3.243,2.0,66.0,65.09088739282149,21.715775777220923,4000,77.76551690607398,9.947598300641403e-14
710,belief,77.56039911494344,0.13083499999999784,0.004,77.42556411494343,3.243,2.0,66.0,64.75093459761207,21.715775777220923,4000,77.42556411494353,9.947598300641403e-14
710,randomised,75.20257178432917,0.14767250000000057,0.009000000000000001,75.04589928432917,3.48275,3.0,65.0,64.44281043105731,21.715775777220923,4000,75.04589928432915,1.4210854715202004e-14
710,naive,89.08604798291185,0.2943700000000002,0.049,88.74267798291184,5.119,7.0,81.0,74.24999999999999,31.31698607265813,4000,88.74267798291177,7.105427357601002e-14
711,oracle,26.356981247051294,0.1780775000000059,0.001,26.177903747051285,3.61375,1.0,83.0,64.40093011522731,8.405910116267087,4000,26.177903747051868,5.826450433232822e-13
711,belief,27.61176813692998,0.1780775000000059,0.001,27.432690636929973,3.61375,1.0,83.0,65.65571702016241,8.405910116267087,4000,27.43269063693052,5.471179065352771e-13
711,randomised,29.011802033940967,0.13640499999999803,0.001,28.87439703394097,3.177,1.0,83.0,65.89873141223569,9.037266583929327,4000,28.874397033941964,9.947598300641403e-13
711,naive,60.13805564452727,0.01580000000000033,0.0,60.12225564452727,0.9035,0.0,76.0,69.66666666666663,13.797281528303378,4000,60.12225564452515,2.1245227799226996e-12
712,oracle,52.886012671435,0.014275000000000109,0.001,52.870737671435,0.857,1.0,63.0,60.52962721024664,21.265832350450495,4000,52.87073767143338,1.6200374375330284e-12
712,belief,52.8512126932209,0.014275000000000109,0.001,52.835937693220906,0.857,1.0,63.0,60.49482723161497,21.265832350450495,4000,52.835937693219286,1.6200374375330284e-12
712,randomised,52.886012671435,0.014275000000000109,0.001,52.870737671435,0.857,1.0,63.0,60.52962721024664,21.265832350450495,4000,52.87073767143338,1.6200374375330284e-12
712,naive,4.947248454710461,0.0720924999999993,0.064,4.811155954710462,1.99075,8.0,76.0,69.66666666666663,30.190866140912572,4000,4.81115595471053,6.750155989720952e-14
713,oracle,50.75198869246424,0.38561999999998836,0.14400000000000002,50.22236869246425,5.304,12.0,82.0,72.59270392608646,14.102430879341123,4000,50.222368692465125,8.739675649849232e-13
713,belief,54.848366669331654,0.3023249999999912,0.14400000000000002,54.402041669331666,4.636,12.0,80.0,71.29741240588928,14.102430879341123,4000,54.40204166933233,6.608047442568932e-13
713,randomised,55.2615743625845,0.3023249999999912,0.14400000000000002,54.81524936258451,4.636,12.0,80.0,71.71062010410033,14.102430879341123,4000,54.81524936258513,6.181721801112872e-13
713,naive,52.530725321008504,0.40261499999998945,0.14400000000000002,51.984110321008515,5.245,12.0,82.0,75.16666666666666,17.62452887535683,4000,51.98411032100893,4.121147867408581e-13
714,oracle,29.133860371493427,0.024532499999999055,0.001,29.108327871493426,1.17875,1.0,55.0,58.173641595000404,19.584065652602188,4000,29.108327871493042,3.836930773104541e-13
714,belief,29.52224266775876,0.024532499999999055,0.001,29.49671016775876,1.17875,1.0,55.0,58.56202389592598,19.584065652602188,4000,29.496710167758376,3.836930773104541e-13
714,randomised,29.129575397758174,0.024532499999999055,0.001,29.104042897758173,1.17875,1.0,55.0,58.169356621213694,19.584065652602188,4000,29.10404289775779,3.836930773104541e-13
714,naive,-22.364763562518533,0.07162000000000063,0.049,-22.485383562518532,2.2985,7.0,69.0,63.24999999999994,29.766760304263325,4000,-22.4853835625187,1.6697754290362354e-13
715,oracle,39.314703633552085,0.5045649999999928,0.081,38.72913863355209,6.0765,9.0,67.0,62.082454024865626,14.184211649448487,4000,38.7291386335503,1.7905676941154525e-12
715,belief,35.564360879813194,0.5808099999999874,0.1,34.88355087981321,6.468,10.0,66.0,61.47872699798964,14.184211649448487,4000,34.883550879811686,1.5205614545266144e-12
715,randomised,35.58036810558383,0.5808099999999874,0.1,34.89955810558384,6.468,10.0,66.0,61.49473422395277,14.184211649448487,4000,34.89955810558232,1.5205614545266144e-12
715,naive,41.83507470193922,1.215262499999991,0.361,40.25881220193923,8.97425,19.0,69.0,63.249999999999936,23.97563797915533,4000,40.258812201939435,2.0605739337042905e-13
716,oracle,-10.631565818944793,0.137399999999998,0.001,-10.76996581894479,2.841,1.0,61.0,62.74939548022499,24.379674570778565,4000,-10.769965818945385,5.950795411990839e-13
716,belief,-28.815704875656678,0.1567049999999999,0.001,-28.973409875656678,3.0215,1.0,63.0,64.61563654192533,25.353333037007424,4000,-28.973409875655722,9.556799795973347e-13
716,randomised,-13.43137287764489,0.14048249999999726,0.004,-13.575855377644887,2.92475,2.0,62.0,62.92432715642699,24.500809071218278,4000,-13.575855377645626,7.389644451905042e-13
716,naive,-48.7215454955533,0.5942175000000119,0.064,-49.379762995553314,6.96275,8.0,78.0,71.49999999999997,41.66304990562446,4000,-49.37976299555358,2.6290081223123707e-13
717,oracle,0.8483397195999487,0.3766324999999948,0.025,0.44670721959995385,5.37725,5.0,73.0,59.46709816464699,9.221554324660303,4000,0.44670721959909976,8.540945728441329e-13
717,belief,9.895761168059323,0.34423249999999395,0.016,9.53552866805933,5.00675,4.0,74.0,60.56110822223384,9.395891486761611,4000,9.53552866805962,2.8954616482224083e-13
717,randomised,10.444374515940353,0.34423249999999395,0.016,10.08414201594036,5.00675,4.0,74.0,61.10972157669752,9.395891486761611,4000,10.084142015940639,2.788880237858393e-13
717,naive,5.026157695397217,0.15195999999999835,0.025,4.849197695397218,3.308,5.0,69.0,63.249999999999936,17.15169118362217,4000,4.8491976953974945,2.7622348852673895e-13
718,oracle,74.56054973573049,0.18401250000000544,0.016,74.36053723573048,3.61075,4.0,72.0,65.65533580344709,16.81169156249857,4000,74.36053723573134,8.668621376273222e-13
718,belief,74.21556259360631,0.18401250000000544,0.016,74.0155500936063,3.61075,4.0,72.0,65.31034865718321,16.81169156249857,4000,74.01555009360716,8.668621376273222e-13
718,randomised,74.06457643178595,0.18401250000000544,0.016,73.86456393178594,3.61075,4.0,72.0,65.15936249355107,16.81169156249857,4000,73.8645639317868,8.668621376273222e-13
718,naive,58.10643120341403,0.09483249999999727,0.001,58.01059870341404,2.26525,1.0,79.0,72.41666666666664,28.20801762119283,4000,58.01059870341176,2.2808421817899216e-12
719,oracle,39.75724686177125,0.07553000000000176,0.081,39.60071686177125,2.122,9.0,77.0,63.968758346552775,19.326689735376128,4000,39.60071686176925,1.9966250874858815e-12
719,belief,28.131612771111804,0.07710000000000221,0.1,27.9545127711118,2.0965,10.0,78.0,65.16739493578848,19.464959459595164,4000,27.954512771109506,2.2950530365051236e-12
719,randomised,38.34083557438146,0.08561750000000183,0.081,38.17421807438145,2.37375,9.0,77.0,64.47062750374937,19.464959459595164,4000,38.17421807437948,1.9682033780554775e-12
719,naive,53.16123051621827,0.12834749999999648,0.036000000000000004,52.99688301621827,2.89775,6.0,84.0,77.0,28.832799940798967,4000,52.99688301621605,2.2168933355715126e-12
720,oracle,50.66294515802099,0.14697499999999908,0.025,50.49097015802099,3.0765,5.0,63.0,61.64917696146876,25.2032687164687,4000,50.49097015801973,1.2647660696529783e-12
720,belief,50.63429232978592,0.14697499999999908,0.025,50.462317329785925,3.0765,5.0,63.0,61.620524132889464,25.2032687164687,4000,50.462317329784646,1.2789769243681803e-12
720,randomised,50.66294515802099,0.14697499999999908,0.025,50.49097015802099,3.0765,5.0,63.0,61.64917696146876,25.2032687164687,4000,50.49097015801973,1.2647660696529783e-12
720,naive,72.41161306870296,0.09449999999999872,0.004,72.31311306870296,2.524,2.0,74.0,67.83333333333329,34.14834427280621,4000,72.31311306870134,1.6200374375330284e-12
721,oracle,27.046173054788824,0.05106000000000125,0.016,26.979113054788826,1.903,4.0,42.0,49.054547346029906,16.391243907382908,4000,26.97911305478911,2.8421709430404007e-13
721,belief,26.969412704385434,0.05106000000000125,0.016,26.902352704385436,1.903,4.0,42.0,48.97778699470555,16.391243907382908,4000,26.902352704385827,3.907985046680551e-13
721,randomised,27.046173054788824,0.05106000000000125,0.016,26.979113054788826,1.903,4.0,42.0,49.054547346029906,16.391243907382908,4000,26.97911305478911,2.8421709430404007e-13
721,naive,28.619794911390017,0.050487500000002336,0.004,28.565307411390013,1.65525,2.0,62.0,56.833333333333286,23.453560434350422,4000,28.565307411389817,1.9539925233402755e-13
722,oracle,52.577589404963874,0.4145449999999905,0.1,52.06304440496388,5.7115,10.0,68.0,59.728165365788364,9.879831171820795,4000,52.06304440496229,1.5916157281026244e-12
722,belief,52.84170398274625,0.269494999999998,0.049,52.523208982746254,4.704,7.0,67.0,59.280402921010314,10.286970832495074,4000,52.5232089827463,4.263256414560601e-14
722,randomised,51.965343544262055,0.269494999999998,0.049,51.646848544262056,4.704,7.0,67.0,58.40404247201026,10.286970832495074,4000,51.6468485442621,4.263256414560601e-14
722,naive,59.08593279378272,0.2813499999999995,0.064,58.74058279378272,4.7385,8.0,70.0,64.1666666666666,15.175550464095245,4000,58.74058279378218,5.400124791776761e-13
723,oracle,84.9497263143021,0.13708249999999664,0.025,84.7876438143021,3.14325,5.0,65.0,57.95980701852042,15.307927122449264,4000,84.78764381430538,3.282707439211663e-12
723,belief,87.63969672152245,0.1424024999999951,0.025,87.47229422152246,3.32775,5.0,65.0,57.96279174206658,15.307927122449264,4000,87.47229422152508,2.6147972675971687e-12
723,randomised,87.64087356233006,0.1424024999999951,0.025,87.47347106233006,3.32775,5.0,65.0,57.9639685828884,15.307927122449264,4000,87.47347106233268,2.6147972675971687e-12
723,naive,107.27683431996991,0.2784000000000042,0.049,106.9494343199699,4.659,7.0,69.0,63.249999999999936,24.084908205988516,4000,106.94943431997247,2.5721647034515627e-12
724,oracle,69.54528896402356,0.0432075000000005,0.0,69.50208146402356,1.57025,0.0,56.0,46.86358470565326,7.747605868407223,4000,69.50208146402267,8.952838470577262e-13
724,belief,69.41643475205252,0.04324250000000054,0.001,69.37219225205251,1.57375,1.0,57.0,47.64538461912074,8.656962588406115,4000,69.37219225205172,7.958078640513122e-13
724,randomised,89.63645294603836,0.10742249999999631,0.001,89.52803044603836,2.52625,1.0,57.0,47.588136642432545,9.286719475066453,4000,89.52803044603814,2.1316282072803006e-13
724,naive,81.57832102815041,0.09026750000000029,0.025,81.46305352815041,2.32125,5.0,59.0,54.08333333333329,13.597539591229038,4000,81.46305352815205,1.6342482922482304e-12
725,oracle,54.39951168466317,0.10711499999999916,0.004,54.28839668466317,2.3725,2.0,46.0,43.68039633492648,13.243256810994357,4000,54.2883966846621,1.0729195309977513e-12
725,belief,53.87974849310288,0.07642000000000017,0.004,53.799328493102884,2.0575,2.0,46.0,43.806786112867854,13.243256810994357,4000,53.799328493102415,4.689582056016661e-13
725,randomised,56.279316570943834,0.13337250000000067,0.001,56.144944070943836,2.91175,1.0,47.0,44.35025809801567,13.295920739396625,4000,56.144944070940895,2.9416469260468148e-12
725,naive,25.481618532495872,0.0793025000000012,0.064,25.33831603249587,2.40225,8.0,58.0,53.16666666666663,20.291688569000137,4000,25.338316032496284,4.121147867408581e-13
726,oracle,83.03650172668154,0.14824749999999917,0.121,82.76725422668154,2.81575,11.0,87.0,85.74388681570531,29.993050135225882,4000,82.7672542266797,1.8474111129762605e-12
726,belief,79.29598397862037,0.13457749999999882,0.121,79.04040647862038,2.48475,11.0,85.0,84.45455350997878,29.711768336121725,4000,79.04040647861763,2.7569058147491887e-12
726,randomised,79.25940104265464,0.13457749999999882,0.121,79.00382354265466,2.48475,11.0,85.0,84.41797057357408,29.711768336121725,4000,79.0038235426519,2.7569058147491887e-12
726,naive,86.10491567482222,0.5672599999999959,0.256,85.28165567482223,6.3225,16.0,92.0,84.33333333333337,36.504778295640165,4000,85.2816556748224,1.7053025658242404e-13
727,oracle,59.037063594975166,0.3714899999999897,0.081,58.584573594975176,5.3545,9.0,77.0,75.19884394560994,22.711728194439463,4000,58.584573594973385,1.7905676941154525e-12
727,belief,63.88389448739974,0.48747249999998365,0.1,63.29642198739976,6.33575,10.0,76.0,74.68906330232824,22.711728194439463,4000,63.29642198739894,8.171241461241152e-13
727,randomised,64.94546315601212,0.4697024999999888,0.081,64.39476065601214,6.23475,9.0,77.0,75.75352434576476,22.711728194439463,4000,64.39476065601094,1.1937117960769683e-12
727,naive,47.798002953944774,0.3381724999999953,0.081,47.37883045394477,4.77075,9.0,79.0,72.41666666666666,27.86947067609615,4000,47.37883045394355,1.2221335055073723e-12
728,oracle,56.5374786880717,0.05441250000000179,0.0,56.483066188071696,1.94825,0.0,56.0,53.867113076053066,17.534421520515956,4000,56.48306618807064,1.0587086762825493e-12
728,belief,56.17001390728839,0.05441250000000179,0.0,56.11560140728839,1.94825,0.0,56.0,53.499648290860634,17.534421520515956,4000,56.11560140728733,1.0587086762825493e-12
728,randomised,55.53217938539058,0.05441250000000179,0.0,55.47776688539057,1.94825,0.0,56.0,52.861813761309115,17.534421520515956,4000,55.47776688539011,4.618527782440651e-13
728,naive,76.69769279939692,0.3379274999999964,0.049,76.31076529939692,5.54175,7.0,63.0,57.74999999999995,22.614748433506165,4000,76.31076529939818,1.2647660696529783e-12
729,oracle,-47.24154375068497,0.18143999999999866,0.081,-47.503983750684974,3.2545,9.0,75.0,65.2494423269801,20.115867640646318,4000,-47.503983750685435,4.618527782440651e-13
729,belief,-65.17570204407195,0.22111250000000096,0.1,-65.49681454407195,3.55775,10.0,74.0,64.8772405429254,20.115867640646318,4000,-65.49681454407197,1.4210854715202004e-14
729,randomised,-83.56841451055857,0.27401249999999827,0.121,-83.96342701055856,3.92725,11.0,73.0,64.04904835478668,20.115867640646318,4000,-83.9634270105585,5.684341886080802e-14
729,naive,-80.13848224546541,0.3406450000000017,0.14400000000000002,-80.62312724546541,4.4255,12.0,78.0,71.49999999999997,28.47745377976141,4000,-80.62312724546545,4.263256414560601e-14
730,oracle,2.0258019176970663,0.3024325000000031,0.001,1.7223694176970632,4.46475,1.0,67.0,61.75302002833017,14.090783461467199,4000,1.7223694176972877,2.2448709557920665e-13
730,belief,1.8093823681746386,0.3024325000000031,0.001,1.5059498681746355,4.46475,1.0,67.0,61.53660047621122,14.090783461467199,4000,1.5059498681748456,2.1005419625907962e-13
730,randomised,1.0125605041790493,0.3024325000000031,0.001,0.7091280041790462,4.46475,1.0,67.0,60.73977860265398,14.090783461467199,4000,0.709128004179236,1.8984813721090177e-13
730,naive,-63.421772476957244,0.8665300000000222,0.049,-64.33730247695728,8.662,7.0,65.0,59.58333333333328,18.416493463194286,4000,-64.33730247695782,5.400124791776761e-13
731,oracle,40.94599163130229,0.029297499999999376,0.009000000000000001,40.90769413130229,1.42675,3.0,67.0,64.69716863493757,17.983864149851833,4000,40.907694131299266,3.0269120543380268e-12
731,belief,51.37295040769827,0.035862500000001116,0.004,51.33308790769827,1.53175,2.0,66.0,63.41003568601297,17.983864149851833,4000,51.3330879076973,9.734435479913373e-13
731,randomised,39.94412860511895,0.029297499999999376,0.009000000000000001,39.90583110511895,1.42675,3.0,67.0,63.695305596732666,17.983864149851833,4000,39.90583110511592,3.0269120543380268e-12
731,naive,107.47912229155574,0.27495999999999904,0.001,107.20316229155574,4.42,1.0,89.0,81.58333333333336,32.52571293706785,4000,107.20316229155797,2.2311041902867146e-12
732,oracle,96.64126127356829,0.03450000000000132,0.001,96.60576127356828,1.5505,1.0,73.0,82.69784385680266,35.39819765881833,4000,96.60576127356754,7.389644451905042e-13
732,belief,96.48220597034025,0.03450000000000132,0.001,96.44670597034023,1.5505,1.0,73.0,82.53878855166599,35.39819765881833,4000,96.4467059703395,7.389644451905042e-13
732,randomised,96.64126127356829,0.03450000000000132,0.001,96.60576127356828,1.5505,1.0,73.0,82.69784385680266,35.39819765881833,4000,96.60576127356754,7.389644451905042e-13
732,naive,130.74952089787078,0.0785299999999976,0.001,130.66999089787078,2.244,1.0,95.0,87.08333333333337,51.189327067225854,4000,130.66999089787427,3.495870259939693e-12
733,oracle,2.3917003876886156,0.16798999999999645,0.049,2.174710387688619,3.446,7.0,61.0,53.85583393716125,7.84522757884019,4000,2.1747103876885605,5.861977570020827e-14
733,belief,2.492866918234654,0.16798999999999645,0.049,2.2758769182346574,3.446,7.0,61.0,53.95700046892136,7.84522757884019,4000,2.275876918234599,5.861977570020827e-14
733,randomised,2.3917003876886156,0.16798999999999645,0.049,2.174710387688619,3.446,7.0,61.0,53.85583393716125,7.84522757884019,4000,2.1747103876885605,5.861977570020827e-14
733,naive,14.747275993881885,0.17241750000000086,0.064,14.510858493881884,3.29025,8.0,68.0,62.33333333333327,16.952082794211442,4000,14.51085849388179,9.414691248821327e-14
734,oracle,80.62276926086076,0.29503249999999476,0.049,80.27873676086077,4.80825,7.0,79.0,65.42568134277869,17.53509343018509,4000,80.2787367608595,1.2647660696529783e-12
734,belief,81.15576429323562,0.29503249999999476,0.049,80.81173179323562,4.80825,7.0,79.0,65.9586763815496,17.53509343018509,4000,80.81173179323436,1.2647660696529783e-12
734,randomised,81.10873438937472,0.29503249999999476,0.049,80.76470188937472,4.80825,7.0,79.0,65.91164647712363,17.53509343018509,4000,80.76470188937346,1.2647660696529783e-12
734,naive,96.89763334938948,0.8902525000000024,0.1,95.90738084938948,8.51825,10.0,76.0,69.66666666666663,26.764445323150518,4000,95.9073808493902,7.105427357601002e-13
735,oracle,47.143930992732294,0.03767750000000112,0.009000000000000001,47.09725349273229,1.55075,3.0,57.0,59.03126166664888,19.54981310535077,4000,47.097253492730914,1.3784529073745944e-12
735,belief,46.906444184369946,0.03767750000000112,0.009000000000000001,46.859766684369944,1.55075,3.0,57.0,58.79377485543679,19.54981310535077,4000,46.859766684368566,1.3784529073745944e-12
735,randomised,46.148115004171586,0.03767750000000112,0.009000000000000001,46.101437504171585,1.55075,3.0,57.0,58.03544566613919,19.54981310535077,4000,46.10143750417021,1.3784529073745944e-12
735,naive,43.07928046315942,0.29807249999999896,0.064,42.717207963159424,4.26025,8.0,68.0,62.33333333333328,29.28371958473496,4000,42.71720796315647,2.9558577807620168e-12
736,oracle,87.25073732419906,0.17774999999999885,0.009000000000000001,87.06398732419906,3.009,3.0,69.0,68.15027622068985,25.258869567428356,4000,87.06398732419832,7.389644451905042e-13
736,belief,83.22236187560225,0.17715249999999885,0.009000000000000001,83.03620937560224,2.98575,3.0,67.0,66.07208533092205,25.006293938086657,4000,83.03620937560163,6.110667527536862e-13
736,randomised,87.24511376116203,0.17774999999999885,0.009000000000000001,87.05836376116203,3.009,3.0,69.0,68.14465265758538,25.258869567428356,4000,87.05836376116129,7.389644451905042e-13
736,naive,25.19904894611814,0.12355999999999756,0.0,25.075488946118142,2.85,0.0,82.0,75.16666666666666,33.520990182309774,4000,25.075488946118295,1.5276668818842154e-13
737,oracle,28.89363723398901,0.10455999999999711,0.009000000000000001,28.780077233989015,2.6785,3.0,61.0,57.74792472614374,17.289441933636837,4000,28.78007723398972,7.034373084024992e-13
737,belief,29.255868032681065,0.10455999999999711,0.009000000000000001,29.14230803268107,2.6785,3.0,61.0,58.11015552918211,17.289441933636837,4000,29.142308032681864,7.958078640513122e-13
737,randomised,29.394585765630836,0.10455999999999711,0.009000000000000001,29.28102576563084,2.6785,3.0,61.0,58.24887326379654,17.289441933636837,4000,29.281025765631636,7.958078640513122e-13
737,naive,41.625032165006175,0.052725000000001625,0.0,41.57230716500617,1.8085,0.0,62.0,56.833333333333286,21.425998486735963,4000,41.57230716500634,1.7053025658242404e-13
738,oracle,49.68438729949236,0.041967500000001164,0.009000000000000001,49.63341979949236,1.68075,3.0,81.0,65.03435723319079,12.522000178249659,4000,49.63341979949151,8.455458555545192e-13
738,belief,52.42916762371897,0.04026000000000102,0.009000000000000001,52.379907623718964,1.7085,3.0,83.0,67.34048842523947,13.12512593582725,4000,52.37990762371722,1.7408297026122455e-12
738,randomised,49.61055471684432,0.04681000000000074,0.016,49.54774471684432,1.7665,4.0,80.0,64.87955153878434,12.834602859084864,4000,49.54774471684413,1.9184653865522705e-13
738,naive,43.446666002385484,0.034357499999999534,0.016,43.39630850238549,1.40125,4.0,78.0,71.49999999999997,18.998257277034394,4000,43.396308502385224,2.6290081223123707e-13
739,oracle,115.90572376875349,0.2726774999999918,0.016,115.6170462687535,4.35975,4.0,80.0,75.46151858730171,25.256041207245147,4000,115.6170462687562,2.7000623958883807e-12
739,belief,115.65815475289514,0.2726774999999918,0.016,115.36947725289515,4.35975,4.0,80.0,75.21394956847311,25.256041207245147,4000,115.36947725289785,2.7000623958883807e-12
739,randomised,112.50359295241276,0.32970999999999767,0.025,112.14888295241276,4.9095,5.0,81.0,75.67090675400502,25.343949163053914,4000,112.14888295241505,2.2879476091475226e-12
739,naive,85.12945976388801,0.34557000000000015,0.049,84.734889763888,5.307,7.0,69.0,63.249999999999936,28.00793611286437,4000,84.73488976389031,2.3021584638627246e-12
740,oracle,60.300247183072614,0.024237499999999176,0.004,60.27200968307262,1.22925,2.0,62.0,66.8484947085255,16.926160628758186,4000,60.272009683069115,3.502975687297294e-12
740,belief,60.22967680172863,0.024237499999999176,0.004,60.201439301728634,1.22925,2.0,62.0,66.77792432633468,16.926160628758186,4000,60.20143930172513,3.502975687297294e-12
740,randomised,60.300247183072614,0.024237499999999176,0.004,60.27200968307262,1.22925,2.0,62.0,66.8484947085255,16.926160628758186,4000,60.272009683069115,3.502975687297294e-12
740,naive,66.3296561699181,0.11370250000000079,0.001,66.21495366991809,2.60825,1.0,77.0,70.5833333333333,22.13545952834781,4000,66.21495366991755,5.400124791776761e-13
741,oracle,4.325050372785313,0.08997250000000159,0.016,4.219077872785311,2.58125,4.0,56.0,55.41559820744902,18.348321900381805,4000,4.2190778727859435,6.323830348264892e-13
741,belief,4.7162561588004905,0.08997250000000159,0.016,4.610283658800489,2.58125,4.0,56.0,55.80680399815822,18.348321900381805,4000,4.610283658801111,6.226130722097878e-13
741,randomised,4.325050372785313,0.08997250000000159,0.016,4.219077872785311,2.58125,4.0,56.0,55.41559820744902,18.348321900381805,4000,4.2190778727859435,6.323830348264892e-13
741,naive,22.815853582604973,0.10344000000000154,0.025,22.68741358260497,2.76,5.0,75.0,68.74999999999996,33.682599498092564,4000,22.68741358260495,2.1316282072803006e-14
742,oracle,41.83666704327521,0.09851749999999905,0.016,41.722149543275215,2.58425,4.0,54.0,53.60136352193824,19.951985131752885,4000,41.72214954327652,1.3073986337985843e-12
742,belief,42.07140028914631,0.09851749999999905,0.016,41.95688278914631,2.58425,4.0,54.0,53.83609677062605,19.951985131752885,4000,41.95688278914785,1.5347723092418164e-12
742,randomised,41.83666704327521,0.09851749999999905,0.016,41.722149543275215,2.58425,4.0,54.0,53.60136352193824,19.951985131752885,4000,41.72214954327652,1.3073986337985843e-12
742,naive,1.304741721114965,0.5765599999999823,0.121,0.6071817211149827,6.6955,11.0,65.0,59.58333333333328,25.650215543335282,4000,0.6071817211149826,1.1102230246251565e-16
743,oracle,58.512141148947705,0.04423500000000285,0.009000000000000001,58.458906148947705,1.7215,3.0,41.0,38.86497372126971,14.396911951928955,4000,58.45890614894497,2.7355895326763857e-12
743,belief,59.804005436322484,0.04792500000000254,0.009000000000000001,59.747080436322484,1.8025,3.0,41.0,38.35697495381589,14.396911951928955,4000,59.7470804363204,2.0818902157770935e-12
743,randomised,59.22301595906032,0.04138500000000261,0.009000000000000001,59.172630959060314,1.6435,3.0,41.0,38.36075945356572,14.494954442418928,4000,59.17263095905737,2.9416469260468148e-12
743,naive,73.11779633453318,0.08997250000000107,0.036000000000000004,72.99182383453318,2.35375,6.0,44.0,40.33333333333333,18.833465554121737,4000,72.9918238345342,1.0231815394945443e-12
744,oracle,-4.191011206152041,0.34994000000000686,0.009000000000000001,-4.549951206152048,4.9335,3.0,77.0,68.47443079017513,18.3456110354885,4000,-4.549951206150813,1.2354561818028742e-12
744,belief,-3.7084603067195303,0.34994000000000686,0.009000000000000001,-4.067400306719538,4.9335,3.0,77.0,68.95698169539764,18.3456110354885,4000,-4.067400306718323,1.2150280781497713e-12
744,randomised,-8.58721652828092,0.3544949999999966,0.016,-8.957711528280916,5.016,4.0,78.0,69.66160366517184,18.404337132352826,4000,-8.9577115282798,1.1155520951433573e-12
744,naive,41.07393254962108,0.9711625000000181,0.009000000000000001,40.09377004962106,8.72775,3.0,79.0,72.41666666666664,27.986559321025656,4000,40.09377004962208,1.0231815394945443e-12
745,oracle,45.222262216656475,0.07897749999999815,0.004,45.139284716656476,2.19875,2.0,72.0,69.05812995693117,22.340447624436493,4000,45.13928471665636,1.1368683772161603e-13
745,belief,34.3862241775343,0.11273249999999617,0.009000000000000001,34.26449167753431,2.72275,3.0,71.0,68.51474421506511,22.340447624436493,4000,34.264491677533485,8.242295734817162e-13
745,randomised,34.287531096001686,0.11273249999999617,0.009000000000000001,34.16579859600169,2.72275,3.0,71.0,68.41605113234803,22.340447624436493,4000,34.16579859600087,8.242295734817162e-13
745,naive,5.86074946990567,0.33024749999999614,0.009000000000000001,5.521501969905674,4.80775,3.0,75.0,68.74999999999996,29.20166037304718,4000,5.521501969905696,2.220446049250313e-14
746,oracle,59.5581952120549,0.4898299999999915,0.049,59.01936521205491,6.243,7.0,65.0,55.73698533595098,13.132378736424561,4000,59.0193652120522,2.7071678232459817e-12
746,belief,59.643084227916574,0.4898299999999915,0.049,59.104254227916584,6.243,7.0,65.0,55.82187435283145,13.132378736424561,4000,59.10425422791388,2.7071678232459817e-12
746,randomised,59.5581952120549,0.4898299999999915,0.049,59.01936521205491,6.243,7.0,65.0,55.73698533595098,13.132378736424561,4000,59.0193652120522,2.7071678232459817e-12
746,naive,61.23938988711325,0.36783749999999893,0.049,60.82255238711325,5.50025,7.0,61.0,55.91666666666662,18.306998281255435,4000,60.82255238711225,9.947598300641403e-13
747,oracle,3.622779153134445,0.11094499999999628,0.016,3.495834153134449,2.891,4.0,44.0,48.434566345797926,19.594348958228142,4000,3.4958341531360624,1.6133760993852775e-12
747,belief,4.032127640970941,0.11094499999999628,0.016,3.905182640970945,2.891,4.0,44.0,48.84391483854653,19.594348958228142,4000,3.905182640972553,1.6080470288670767e-12
747,randomised,4.122808156366943,0.11094499999999628,0.016,3.995863156366947,2.891,4.0,44.0,48.93459535503037,19.594348958228142,4000,3.9958631563685523,1.6053824936079764e-12
747,naive,-36.360423102692494,0.4626025000000098,0.081,-36.904025602692506,5.78975,9.0,63.0,57.74999999999995,26.71793266125209,4000,-36.90402560269365,1.1439738045737613e-12
748,oracle,3.0725826274874635,0.268590000000001,0.14400000000000002,2.6599926274874623,3.8775,12.0,76.0,72.53805307144788,19.087255345344357,4000,2.6599926274866252,8.37108160567368e-13
748,belief,3.0739496543112637,0.268590000000001,0.14400000000000002,2.6613596543112625,3.8775,12.0,76.0,72.53942009828862,19.087255345344357,4000,2.6613596543104254,8.37108160567368e-13
748,randomised,19.09905956864384,0.2101874999999986,0.121,18.76787206864384,3.37025,11.0,77.0,73.63403937572993,19.289156534676952,4000,18.7678720686414,2.440714297335944e-12
748,naive,-6.8155532992727785,0.6997275000000023,0.225,-7.740280799272781,6.70275,15.0,83.0,76.08333333333331,26.174716749372955,4000,-7.740280799273017,2.362554596402333e-13
749,oracle,85.61954541591349,0.06777749999999984,0.001,85.55076791591348,2.25175,1.0,65.0,60.87416360232574,13.725969113677072,4000,85.55076791591284,6.394884621840902e-13
749,belief,75.88831996235318,0.05078000000000182,0.0,75.83753996235318,1.8125,0.0,64.0,60.21661960336085,13.725969113677072,4000,75.83753996235214,1.0373923942097463e-12
749,randomised,85.61954541591349,0.06777749999999984,0.001,85.55076791591348,2.25175,1.0,65.0,60.87416360232574,13.725969113677072,4000,85.55076791591284,6.394884621840902e-13
749,naive,132.16767045749975,0.3426949999999962,0.049,131.77597545749975,4.946,7.0,75.0,68.74999999999997,20.682026123609475,4000,131.77597545749913,6.252776074688882e-13
750,oracle,25.568184276200412,0.23889250000000012,0.004,25.325291776200412,4.27975,2.0,64.0,56.3342373057677,14.64560172730417,4000,25.32529177620042,7.105427357601002e-15
750,belief,24.543373349302215,0.21741500000000374,0.009000000000000001,24.31695834930221,4.051,3.0,63.0,55.52632534168292,14.64560172730417,4000,24.31695834930233,1.1723955140041653e-13
750,randomised,24.202589689688438,0.2291774999999993,0.004,23.969412189688438,4.19375,2.0,62.0,54.971276106878875,14.64560172730417,4000,23.969412189688445,7.105427357601002e-15
750,naive,-15.622319885911395,0.9236025000000092,0.009000000000000001,-16.554922385911404,8.85525,3.0,73.0,66.91666666666661,20.779039907588007,4000,-16.554922385911887,4.831690603168681e-13
751,oracle,43.79032722424495,0.13646999999999906,0.1,43.55385722424495,2.691,10.0,46.0,52.388758030712665,16.505348848495593,4000,43.55385722424545,4.973799150320701e-13
751,belief,43.63096613604682,0.13646999999999906,0.1,43.394496136046826,2.691,10.0,46.0,52.22939694060203,16.505348848495593,4000,43.39449613604732,4.973799150320701e-13
751,randomised,47.24841644047683,0.18282749999999984,0.121,46.94458894047683,3.10075,11.0,47.0,52.614716931979416,18.29013420504876,4000,46.9445889404775,6.750155989720952e-13
751,naive,50.329413259997864,0.1597724999999989,0.121,50.048640759997866,2.96275,11.0,63.0,57.74999999999995,25.766900000281353,4000,50.04864075999886,9.947598300641403e-13
752,oracle,68.37855589819009,0.061449999999999505,0.025,68.29210589819009,1.9745,5.0,55.0,52.747577398771426,13.867044071964047,4000,68.29210589818905,1.0373923942097463e-12
752,belief,68.4569309041554,0.061449999999999505,0.025,68.3704809041554,1.9745,5.0,55.0,52.825952405677114,13.867044071964047,4000,68.37048090415422,1.1795009413617663e-12
752,randomised,68.37855589819009,0.061449999999999505,0.025,68.29210589819009,1.9745,5.0,55.0,52.747577398771426,13.867044071964047,4000,68.29210589818905,1.0373923942097463e-12
752,naive,81.29189682368296,0.039327500000000556,0.0,81.25256932368296,1.58825,0.0,72.0,65.99999999999994,23.720013380983005,4000,81.25256932368208,8.810729923425242e-13
753,oracle,68.06498150744306,0.07184499999999978,0.016,67.97713650744306,2.3635,4.0,62.0,57.412822061459906,16.955556732656703,4000,67.97713650744328,2.1316282072803006e-13
753,belief,68.55553212031822,0.07184499999999978,0.016,68.46768712031822,2.3635,4.0,62.0,57.90337268022133,16.955556732656703,4000,68.4676871203184,1.8474111129762605e-13
753,randomised,68.55664356399046,0.07184499999999978,0.016,68.46879856399046,2.3635,4.0,62.0,57.904484123906876,16.955556732656703,4000,68.46879856399065,1.8474111129762605e-13
753,naive,82.79206878849243,0.23936999999999525,0.049,82.50369878849243,4.021,7.0,67.0,61.41666666666661,22.215296116533366,4000,82.50369878849175,6.821210263296962e-13
754,oracle,73.68754435664727,0.36514749999999957,0.016,73.30639685664725,5.28425,4.0,84.0,63.259560194120574,5.792816101378349,4000,73.30639685664633,9.237055564881302e-13
754,belief,69.22605307365018,0.27367749999999247,0.016,68.93637557365018,4.54775,4.0,82.0,61.67248391981423,5.792816101378349,4000,68.93637557364768,2.5011104298755527e-12
754,randomised,68.10870594465308,0.27099749999999373,0.009000000000000001,67.82870844465309,4.45275,3.0,83.0,62.029606206348205,5.792816101378349,4000,67.82870844465107,2.0179413695586845e-12
754,naive,69.20351660401798,0.862547499999998,0.196,68.14496910401797,8.64325,14.0,68.0,62.33333333333328,7.102489324472304,4000,68.14496910401732,6.536993168992922e-13
755,oracle,82.50538549096773,0.11642249999999582,0.001,82.38796299096772,2.68475,1.0,57.0,54.56537935487689,19.173030843217546,4000,82.38796299097116,3.439026841078885e-12
755,belief,82.6483593105829,0.11642249999999582,0.001,82.5309368105829,2.68475,1.0,57.0,54.7083531762077,19.173030843217546,4000,82.53093681058634,3.439026841078885e-12
755,randomised,74.47680592557747,0.13453999999999341,0.001,74.34126592557747,2.9155,1.0,57.0,54.59255752088321,19.57856809648728,4000,74.34126592557936,1.8900436771218665e-12
755,naive,193.2849500985517,1.2132075000000138,0.225,191.84674259855169,9.95875,15.0,63.0,57.74999999999995,28.01951858748546,4000,191.84674259854506,6.622258297284134e-12
756,oracle,65.42314661795785,0.1330274999999966,0.049,65.24111911795785,3.18575,7.0,75.0,70.62874827466963,18.592596414863543,4000,65.24111911795684,1.0089706847793423e-12
756,belief,60.72187708972706,0.10691749999999421,0.025,60.589959589727066,2.91025,5.0,73.0,69.35375718367074,18.592596414863543,4000,60.58995958972711,4.263256414560601e-14
756,randomised,60.61553219781422,0.10691749999999421,0.025,60.483614697814225,2.91025,5.0,73.0,69.24741229048183,18.592596414863543,4000,60.483614697814254,2.842170943040401e-14
756,naive,64.00918828257954,0.24470999999999685,0.064,63.700478282579546,4.1865,8.0,82.0,75.16666666666666,25.664622601684595,4000,63.70047828258004,4.973799150320701e-13
757,oracle,83.05087018936624,0.14776000000000342,0.001,82.90211018936623,3.1985,1.0,83.0,68.91576001846944,13.379407463718403,4000,82.90211018936492,1.3073986337985843e-12
757,belief,76.93052104454642,0.13854000000000224,0.001,76.79098104454641,3.1005,1.0,81.0,67.22408926595297,13.379407463718403,4000,76.79098104454522,1.1937117960769683e-12
757,randomised,82.8917558927211,0.2049750000000029,0.004,82.68278089272108,3.8295,2.0,82.0,67.29773781711204,13.379407463718403,4000,82.68278089272022,8.668621376273222e-13
757,naive,61.03503398535223,0.06657999999999872,0.001,60.96745398535223,2.0515,1.0,73.0,66.91666666666661,19.48126964750884,4000,60.96745398535128,9.521272659185342e-13
758,oracle,106.22435843009225,0.23639750000000356,0.121,105.86696093009225,4.22775,11.0,95.0,77.60049123822421,18.399464228720735,4000,105.86696093009225,0.0
758,belief,100.08671913381693,0.27554750000000333,0.1,99.71117163381693,4.71625,10.0,92.0,75.63690423386277,18.297985455644234,4000,99.71117163381768,7.531752999057062e-13
758,randomised,106.25987494109359,0.30639500000000336,0.14400000000000002,105.80947994109357,4.961,12.0,94.0,76.98925178267378,19.34486312809695,4000,105.80947994109401,4.405364961712621e-13
758,naive,161.647262757735,2.1530624999999532,0.484,159.01020025773505,13.36025,22.0,74.0,67.83333333333329,21.32661494290811,4000,159.01020025773747,2.4158453015843406e-12
759,oracle,73.47674513887091,0.3325650000000034,0.036000000000000004,73.1081801388709,5.067,6.0,76.0,73.41656199428714,24.026762389236413,4000,73.10818013886907,1.8332002582610585e-12
759,belief,71.52328864213575,0.2978250000000013,0.025,71.20046364213574,4.8375,5.0,77.0,74.4180497751457,26.89424009886985,4000,71.20046364213377,1.9753088054130785e-12
759,randomised,70.64995615298665,0.2978250000000013,0.025,70.32713115298664,4.8375,5.0,77.0,73.5447172755171,26.89424009886985,4000,70.32713115298469,1.9468870959826745e-12
759,naive,53.72536129123938,0.08804499999999964,0.009000000000000001,53.62831629123938,2.5885,3.0,75.0,68.74999999999996,26.34308299958078,4000,53.62831629124023,8.526512829121202e-13
760,oracle,0.13603673680881911,0.43915249999999195,0.025,-0.32811576319117286,5.73575,5.0,65.0,70.62580059380416,33.64173983681512,4000,-0.3281157631892665,1.9063639555838563e-12
760,belief,-0.4423018631472928,0.43915249999999195,0.025,-0.9064543631472848,5.73575,5.0,65.0,70.0474619869084,33.64173983681512,4000,-0.9064543631453802,1.904587598744456e-12
760,randomised,11.642162329501616,0.5021574999999755,0.036000000000000004,11.10400482950164,6.32725,6.0,68.0,72.16647302613512,35.069094108273866,4000,11.104004829504088,2.447819724693545e-12
760,naive,57.61606835510008,0.22082750000000942,0.036000000000000004,57.35924085510007,4.17525,6.0,98.0,89.83333333333339,49.23170630293003,4000,57.35924085509922,8.455458555545192e-13
761,oracle,55.09822493190127,0.023692499999999856,0.001,55.07353243190127,1.28975,1.0,49.0,50.69602662281778,23.394081303132868,4000,55.07353243189921,2.0605739337042905e-12
761,belief,55.36729383560238,0.023692499999999856,0.001,55.34260133560238,1.28975,1.0,49.0,50.96509552974757,23.394081303132868,4000,55.342601335600236,2.1458390619955026e-12
761,randomised,54.7206018482902,0.023309999999999748,0.001,54.6962918482902,1.257,1.0,51.0,52.02400977678611,23.775020086501335,4000,54.69629184828824,1.9610979506978765e-12
761,naive,13.744824917755992,0.05371750000000416,0.0,13.691107417755987,1.82225,0.0,58.0,53.16666666666663,29.351644850212594,4000,13.691107417755823,1.6342482922482304e-13
762,oracle,91.98228578960368,0.10705250000000363,0.036000000000000004,91.83923328960367,2.51075,6.0,62.0,63.441512387497504,21.854320888338684,4000,91.83923328960532,1.6484591469634324e-12
762,belief,92.33894950057197,0.10705250000000363,0.036000000000000004,92.19589700057196,2.51075,6.0,62.0,63.79817610274552,21.854320888338684,4000,92.1958970005736,1.6342482922482304e-12
762,randomised,92.48239642401688,0.10705250000000363,0.036000000000000004,92.33934392401687,2.51075,6.0,62.0,63.941623027911646,21.854320888338684,4000,92.33934392401852,1.6484591469634324e-12
762,naive,73.8354684802514,0.08560500000000273,0.009000000000000001,73.74086348025139,2.4345,3.0,77.0,70.5833333333333,30.11793116218847,4000,73.74086348025476,3.367972567502875e-12
763,oracle,-46.012256651689086,1.124394999999969,0.324,-47.460651651689055,8.8915,18.0,62.0,59.55920775526502,23.24929805019809,4000,-47.46065165168969,6.323830348264892e-13
763,belief,-45.401269638791064,1.2382474999999573,0.324,-46.96351713879102,9.52575,18.0,60.0,58.356623933553145,23.720611302918925,4000,-46.963517138791616,5.968558980384842e-13
763,randomised,-42.24116360700987,1.0695474999999903,0.324,-43.634711107009856,8.65525,18.0,62.0,60.52483242176645,23.465910862482612,4000,-43.63471110701107,1.2150280781497713e-12
763,naive,-100.29658233807095,2.9971124999999668,0.841,-104.13469483807091,14.58325,29.0,65.0,59.583333333333286,33.605786268947824,4000,-104.13469483806917,1.7479351299698465e-12
764,oracle,-11.381482891601536,0.14237499999999945,0.036000000000000004,-11.559857891601535,3.0645,6.0,62.0,59.463072783102504,17.86596698709966,4000,-11.559857891601878,3.4283687000424834e-13
764,belief,-12.874046593662001,0.14235499999999932,0.036000000000000004,-13.052401593662,3.0555,6.0,60.0,57.97072994609775,17.86596698709966,4000,-13.052401593662251,2.5224267119483557e-13
764,randomised,-13.217561990216609,0.14235499999999932,0.036000000000000004,-13.395916990216607,3.0555,6.0,60.0,57.62721454542144,17.86596698709966,4000,-13.395916990216831,2.2382096176443156e-13
764,naive,-10.79782783368745,0.21663499999999813,0.016,-11.030462833687448,3.976,4.0,62.0,56.833333333333286,21.934078358751982,4000,-11.030462833687146,3.019806626980426e-13
765,oracle,-32.07771182015199,0.5664849999999874,0.081,-32.72519682015198,5.985,9.0,73.0,64.68445261809144,14.418171080861184,4000,-32.72519682015266,6.821210263296962e-13
765,belief,-38.76838751665616,0.5673049999999875,0.081,-39.416692516656155,6.004,9.0,75.0,66.33774588388057,15.914844480501705,4000,-39.41669251665653,3.765876499528531e-13
765,randomised,-31.455040286732583,0.5288174999999881,0.064,-32.04785778673257,5.79975,8.0,74.0,65.30053797027331,15.270536739693156,4000,-32.04785778673284,2.7000623958883807e-13
765,naive,-24.314817233223494,0.47152999999999645,0.1,-24.886347233223493,5.218,10.0,76.0,69.66666666666663,24.01810222760762,4000,-24.88634723322349,3.552713678800501e-15
766,oracle,37.15696153117699,0.1389924999999949,0.036000000000000004,36.981969031176995,3.18275,6.0,74.0,70.47480227601972,23.628941324209293,4000,36.98196903117743,4.334310688136611e-13
766,belief,33.02678906504161,0.14811249999999596,0.025,32.85367656504162,3.26975,5.0,71.0,68.45516564101648,23.628941324209293,4000,32.85367656504233,7.105427357601002e-13
766,randomised,37.2340914528711,0.1627725000000013,0.036000000000000004,37.035318952871094,3.43175,6.0,72.0,69.14003114022128,23.628941324209293,4000,37.035318952871755,6.608047442568932e-13
766,naive,38.974661659934554,0.15214749999999624,0.025,38.79751415993456,3.25875,5.0,81.0,74.24999999999999,29.15667827945836,4000,38.797514159934735,1.7763568394002505e-13
767,oracle,13.887854072716948,0.11627749999999766,0.025,13.74657657271695,2.91425,5.0,79.0,71.26044650762917,15.89953884778604,4000,13.746576572717142,1.9184653865522705e-13
767,belief,6.605915173362689,0.14302500000000193,0.036000000000000004,6.426890173362688,3.244,6.0,78.0,70.44280981358759,15.89953884778604,4000,6.426890173362754,6.572520305780927e-14
767,randomised,6.789398714730169,0.14302500000000193,0.036000000000000004,6.6103737147301675,3.244,6.0,78.0,70.62629335715671,15.89953884778604,4000,6.610373714730226,5.861977570020827e-14
767,naive,-24.039379494672517,0.2987049999999915,0.064,-24.402084494672508,4.5785,8.0,74.0,67.83333333333329,24.884249263317297,4000,-24.40208449467258,7.105427357601002e-14
768,oracle,48.97291525717219,0.2855274999999976,0.121,48.56638775717219,4.32225,11.0,83.0,71.65658003349004,16.98770665866337,4000,48.56638775717177,4.192202140984591e-13
768,belief,49.527097623432155,0.2855274999999976,0.121,49.12057012343215,4.32225,11.0,83.0,72.2107624064002,16.98770665866337,4000,49.12057012343173,4.192202140984591e-13
768,randomised,47.9894026117081,0.3519325000000027,0.14400000000000002,47.4934701117081,4.82475,12.0,82.0,71.06466187880366,16.98770665866337,4000,47.49347011170755,5.471179065352771e-13
768,naive,16.60588476647422,0.42216500000000867,0.081,16.10271976647421,6.155,9.0,81.0,74.24999999999999,23.096099544525387,4000,16.102719766474184,2.4868995751603507e-14
769,oracle,55.4015571902828,0.08589000000000138,0.016,55.299667190282804,2.4375,4.0,74.0,75.39626047710523,28.077697358485064,4000,55.29966719028254,2.6290081223123707e-13
769,belief,55.36313659903459,0.08589000000000138,0.016,55.26124659903459,2.4375,4.0,74.0,75.35783988539606,28.077697358485064,4000,55.26124659903433,2.6290081223123707e-13
769,randomised,55.4015571902828,0.08589000000000138,0.016,55.299667190282804,2.4375,4.0,74.0,75.39626047710523,28.077697358485064,4000,55.29966719028254,2.6290081223123707e-13
769,naive,78.98378893791073,0.2343250000000001,0.064,78.68546393791074,4.2765,8.0,90.0,82.50000000000001,41.108669412003685,4000,78.68546393791001,7.247535904753022e-13
770,oracle,26.346747435661314,0.2786499999999981,0.036000000000000004,26.032097435661314,4.451,6.0,62.0,56.11834120386746,14.012631068660061,4000,26.03209743566174,4.263256414560601e-13
770,belief,26.907721116088396,0.2777424999999995,0.036000000000000004,26.593978616088396,4.44275,6.0,62.0,56.682118211161324,14.042543789291212,4000,26.593978616088883,4.867217739956686e-13
770,randomised,24.73925851119276,0.274975000000002,0.025,24.43928351119276,4.4165,5.0,61.0,55.43715925531131,14.012631068660061,4000,24.439283511193363,6.039613253960852e-13
770,naive,17.75946089193252,0.15265000000000525,0.009000000000000001,17.597810891932514,3.436,3.0,71.0,65.08333333333327,21.199810442603802,4000,17.597810891932696,1.8118839761882555e-13
771,oracle,58.631904687778416,0.21326000000000156,0.009000000000000001,58.40964468777842,3.919,3.0,79.0,72.83417729031491,23.658528119684924,4000,58.40964468777773,6.892264536872972e-13
771,belief,56.053090527161515,0.21830750000000304,0.009000000000000001,55.82578302716151,3.97775,3.0,75.0,70.25386031407837,23.658528119684924,4000,55.825783027160526,9.876544027065393e-13
771,randomised,56.80801751013641,0.22782500000000463,0.009000000000000001,56.571192510136406,4.1725,3.0,77.0,71.00859443428573,23.658528119684924,4000,56.57119251013564,7.673861546209082e-13
771,naive,51.63468848869809,0.6335699999999982,0.049,50.95211848869809,7.4075,7.0,73.0,66.91666666666661,28.80079388525041,4000,50.95211848869649,1.5987211554602254e-12
772,oracle,67.66164056161432,0.0760674999999985,0.016,67.56957306161432,2.29825,4.0,58.0,56.7315737974264,15.519190590235281,4000,67.56957306161482,4.973799150320701e-13
772,belief,68.0150476447256,0.06958999999999821,0.016,67.92945764472559,2.1145,4.0,58.0,56.77551592479107,15.959787476157585,4000,67.92945764472603,4.405364961712621e-13
772,randomised,67.97324845516067,0.06958999999999821,0.016,67.88765845516066,2.1145,4.0,58.0,56.733716734724645,15.959787476157585,4000,67.8876584551611,4.405364961712621e-13
772,naive,70.57322953899472,0.07341499999999894,0.025,70.47481453899472,2.3625,5.0,63.0,57.74999999999995,19.5588561113102,4000,70.47481453899516,4.405364961712621e-13
773,oracle,40.47497739416701,0.08799250000000057,0.016,40.370984894167016,2.21375,4.0,58.0,51.72140206054505,15.321583889957445,4000,40.37098489416571,1.3073986337985843e-12
773,belief,41.59707184032197,0.07394750000000173,0.025,41.49812434032197,2.09475,5.0,57.0,50.5911077216067,15.321583889957445,4000,41.49812434032092,1.0516032489249483e-12
773,randomised,40.339348045961685,0.06582750000000263,0.016,40.25752054596168,1.91925,4.0,56.0,50.38089293261938,15.321583889957445,4000,40.257520545961526,1.5631940186722204e-13
773,naive,70.44505923015276,0.26543249999999896,0.121,70.05862673015277,4.57125,11.0,55.0,50.416666666666636,21.375497172818033,4000,70.05862673015345,6.821210263296962e-13
774,oracle,14.489294799878778,0.03822750000000143,0.001,14.450067299878777,1.51625,1.0,49.0,56.1854157714997,24.681415481661933,4000,14.450067299878631,1.4566126083082054e-13
774,belief,20.376320263605734,0.030034999999998858,0.001,20.345285263605735,1.311,1.0,49.0,57.03626405877838,25.04191330533399,4000,20.345285263605515,2.2026824808563106e-13
774,randomised,17.857429052056403,0.04506750000000279,0.004,17.8083615520564,1.62975,2.0,48.0,55.538940649186245,23.345781166176156,4000,17.808361552056542,1.4210854715202004e-13
774,naive,35.18832695827655,0.0794374999999989,0.016,35.09288945827655,2.14125,4.0,62.0,56.833333333333286,31.31748518069266,4000,35.09288945827687,3.197442310920451e-13
775,oracle,47.96955686143977,0.08012999999999923,0.0,47.88942686143977,2.4875,0.0,74.0,60.37113149230492,11.326476922516733,4000,47.88942686143961,1.6342482922482304e-13
775,belief,46.790591012457966,0.10524499999999436,0.0,46.68534601245797,2.9085,0.0,76.0,62.38134316853722,11.9963828562603,4000,46.6853460124575,4.689582056016661e-13
775,randomised,47.755709846860356,0.045612500000001666,0.0,47.71009734686035,1.78775,0.0,72.0,58.5241274436073,11.326476922516733,4000,47.71009734685937,9.805489753489383e-13
775,naive,59.58623686505922,0.22214250000000052,0.016,59.34809436505922,4.38575,4.0,78.0,71.49999999999997,15.880654361713429,4000,59.34809436506034,1.1226575225009583e-12
776,oracle,32.30520694186441,0.5832625000000174,0.025,31.696944441864396,7.15925,5.0,63.0,57.87204472771547,18.09762203385543,4000,31.696944441862588,1.808331262509455e-12
776,belief,34.759462906329304,0.6132600000000075,0.036000000000000004,34.11020290632929,7.351,6.0,64.0,58.659275270016344,19.57862656688316,4000,34.110202906327025,2.2666313270747196e-12
776,randomised,31.74088341460913,0.6558725000000067,0.049,31.036010914609122,7.61125,7.0,65.0,59.284162447899405,19.57862656688316,4000,31.03601091460791,1.2114753644709708e-12
776,naive,26.976683078880797,1.5154225000000099,0.1,25.361260578880785,11.28375,10.0,66.0,60.49999999999994,28.475206781654403,4000,25.36126057888162,8.348877145181177e-13
777,oracle,13.996242735020019,0.1987799999999993,0.081,13.71646273502002,3.3755,9.0,65.0,64.56806044960155,18.538851260935115,4000,13.716462735018894,1.1262102361797588e-12
777,belief,14.209222362223386,0.1987799999999993,0.081,13.929442362223387,3.3755,9.0,65.0,64.7810400793606,18.538851260935115,4000,13.929442362222247,1.1404210908949608e-12
777,randomised,27.16535203929277,0.14291000000000045,0.049,26.97344203929277,3.008,7.0,67.0,65.31713213021183,19.054720599456136,4000,26.973442039292177,5.933031843596837e-13
777,naive,67.22322702330484,0.21892250000000377,0.036000000000000004,66.96830452330484,4.25325,6.0,76.0,69.66666666666663,26.67017871116003,4000,66.9683045233052,3.694822225952521e-13
778,oracle,33.24625962715996,0.04099750000000243,0.001,33.20426212715996,1.71275,1.0,49.0,54.19720238222303,27.05468533511662,4000,33.204262127159204,7.531752999057062e-13
778,belief,36.17420012476131,0.07118499999999854,0.004,36.099015124761316,2.2375,2.0,50.0,54.793448501598704,27.23504867254678,4000,36.099015124760946,3.694822225952521e-13
778,randomised,19.786385250658412,0.09619499999999503,0.004,19.686190250658417,2.4235,2.0,52.0,56.244282381064195,27.676554845094596,4000,19.686190250658594,1.7763568394002505e-13
778,naive,25.840238690560454,0.028819999999999204,0.016,25.795418690560457,1.359,4.0,70.0,64.1666666666666,33.86015829502726,4000,25.795418690559732,7.247535904753022e-13
779,oracle,76.62912239793263,0.6353399999999838,0.196,75.79778239793265,7.343,14.0,66.0,61.62185111126217,20.275566129310327,4000,75.79778239793265,0.0
779,belief,75.98622492343907,0.6353399999999838,0.196,75.15488492343908,7.343,14.0,66.0,60.97895362905444,20.275566129310327,4000,75.15488492343917,8.526512829121202e-14
779,randomised,76.12330575653209,0.6353399999999838,0.196,75.29196575653211,7.343,14.0,66.0,61.11603446379258,20.275566129310327,4000,75.29196575653219,8.526512829121202e-14
779,naive,112.56861856526189,0.666185,0.256,111.64643356526189,7.4035,16.0,76.0,69.66666666666663,25.867707310103977,4000,111.64643356526389,2.0037305148434825e-12
780,oracle,-32.57983212240492,0.4144074999999978,0.14400000000000002,-33.13823962240492,5.51125,12.0,64.0,62.153741016483416,18.019944611449084,4000,-33.1382396224057,7.815970093361102e-13
780,belief,-35.10342566205941,0.4667624999999873,0.169,-35.73918816205939,5.78025,13.0,63.0,61.24849883011989,18.019944611449084,4000,-35.7391881620599,5.044853423896711e-13
780,randomised,-32.57983212240492,0.4144074999999978,0.14400000000000002,-33.13823962240492,5.51125,12.0,64.0,62.153741016483416,18.019944611449084,4000,-33.1382396224057,7.815970093361102e-13
780,naive,-73.11355456285446,0.8065774999999834,0.196,-74.11613206285445,8.14625,14.0,70.0,64.1666666666666,23.836786150660217,4000,-74.11613206285344,1.0089706847793423e-12
781,oracle,34.02676192627149,0.040910000000002826,0.004,33.98185192627149,1.7945,2.0,54.0,50.53961607386416,12.129899623016017,4000,33.98185192627106,4.263256414560601e-13
781,belief,31.102782787437377,0.08590499999999746,0.016,31.000877787437382,2.6495,4.0,52.0,49.39960631524156,12.129899623016017,4000,31.000877787438295,9.130474154517287e-13
781,randomised,30.456823957054496,0.08590499999999746,0.016,30.3549189570545,2.6495,4.0,52.0,48.75364747710754,12.129899623016017,4000,30.354918957055286,7.851497230149107e-13
781,naive,36.92435060580499,0.08035000000000465,0.036000000000000004,36.808000605804985,2.467,6.0,66.0,60.49999999999994,22.46680338308526,4000,36.8080006058058,8.171241461241152e-13
782,oracle,59.560525939307695,0.25273499999999494,0.036000000000000004,59.2717909393077,4.094,6.0,72.0,59.21232106511824,11.586757172887118,4000,59.2717909393068,9.023892744153272e-13
782,belief,58.4317614146554,0.3340674999999976,0.036000000000000004,58.0616939146554,4.93275,6.0,70.0,57.95830274719723,11.586757172887118,4000,58.06169391465589,4.902744876744691e-13
782,randomised,58.39839393543298,0.3340674999999976,0.036000000000000004,58.02832643543298,4.93275,6.0,70.0,57.924935267574526,11.586757172887118,4000,58.02832643543347,4.902744876744691e-13
782,naive,72.45873631378583,0.30971499999999147,0.036000000000000004,72.11302131378584,4.528,6.0,74.0,67.83333333333329,15.85871794244234,4000,72.11302131378604,1.9895196601282805e-13
783,oracle,91.15593132078703,0.18459999999999802,0.009000000000000001,90.96233132078703,3.5905,3.0,81.0,61.57649307766648,7.258914595089516,4000,90.9623313207899,2.8705926524708048e-12
783,belief,89.27519366272918,0.19441750000000388,0.025,89.05577616272917,3.83875,5.0,83.0,63.04690375680439,8.561226034960814,4000,89.05577616273054,1.3642420526593924e-12
783,randomised,91.28578840471062,0.18422499999999833,0.009000000000000001,91.09256340471062,3.5655,3.0,83.0,62.910207484611306,10.547017813321478,4000,91.09256340471325,2.6290081223123707e-12
783,naive,90.90814133771244,0.20436500000001132,0.001,90.70277633771242,4.1335,1.0,73.0,66.91666666666663,11.681124668431723,4000,90.70277633771181,6.110667527536862e-13
784,oracle,11.622714723184572,0.273744999999997,0.049,11.299969723184576,4.4745,7.0,47.0,50.58403307459292,18.808660403814685,4000,11.29996972318472,1.438849039914203e-13
784,belief,11.495995613484524,0.273744999999997,0.049,11.173250613484528,4.4745,7.0,47.0,50.45731396337242,18.808660403814685,4000,11.173250613484683,1.545430450278218e-13
784,randomised,19.199945777193307,0.16464000000000317,0.025,19.010305777193306,3.4795,5.0,49.0,51.81538674169013,19.39812645741012,4000,19.0103057771944,1.0942358130705543e-12
784,naive,25.82127489016723,0.06379250000000408,0.001,25.756482390167225,1.94175,1.0,67.0,61.41666666666661,33.30757757418025,4000,25.756482390167335,1.1013412404281553e-13
785,oracle,2.408473365967211,0.13655749999999697,0.036000000000000004,2.2359158659672143,3.10225,6.0,62.0,67.97528042584567,27.03610040747715,4000,2.2359158659659726,1.241673430740775e-12
785,belief,2.367840394725249,0.13655749999999697,0.036000000000000004,2.1952828947252523,3.10225,6.0,62.0,67.93464745411617,27.03610040747715,4000,2.1952828947240106,1.241673430740775e-12
785,randomised,2.408473365967211,0.13655749999999697,0.036000000000000004,2.2359158659672143,3.10225,6.0,62.0,67.97528042584567,27.03610040747715,4000,2.2359158659659726,1.241673430740775e-12
785,naive,4.7936413246956135,0.21646749999999984,0.025,4.552173824695613,3.87475,5.0,77.0,70.5833333333333,37.342064079356376,4000,4.552173824694928,6.847855615887966e-13
786,oracle,-7.2222060964595585,0.3176375000000022,0.1,-7.63984359645956,5.00675,10.0,76.0,61.45163296125211,7.34093448067643,4000,-7.639843596458924,6.359357485052897e-13
786,belief,-28.36295456402854,0.46711999999999737,0.121,-28.951074564028538,6.1885,11.0,73.0,59.74781324133285,7.34093448067643,4000,-28.951074564029472,9.343636975245317e-13
786,randomised,-15.642021528769192,0.3611849999999973,0.1,-16.103206528769192,5.429,10.0,74.0,60.1306113022904,7.34093448067643,4000,-16.103206528769295,1.0302869668521453e-13
786,naive,-2.6009039078007845,0.24784499999999396,0.121,-2.9697489078007786,4.0805,11.0,73.0,66.91666666666663,15.157367382671575,4000,-2.969748907799598,1.1803891197814664e-12
787,oracle,80.51837205445202,0.2703650000000075,0.025,80.223007054452,4.89,5.0,75.0,60.697803255066226,6.295968907846436,4000,80.2230070544537,1.7053025658242404e-12
787,belief,81.02206430721321,0.2703650000000075,0.025,80.7266993072132,4.89,5.0,75.0,61.20149551387186,6.295968907846436,4000,80.7266993072149,1.7053025658242404e-12
787,randomised,81.02781646857545,0.2703650000000075,0.025,80.73245146857543,4.89,5.0,75.0,61.207247675302455,6.295968907846436,4000,80.73245146857714,1.7053025658242404e-12
787,naive,119.5439942811472,0.8062350000000069,0.1,118.63775928114721,8.5235,10.0,78.0,71.49999999999997,14.053014635235394,4000,118.63775928114619,1.0231815394945443e-12
788,oracle,44.460129133247676,0.06241750000000183,0.001,44.396711633247676,1.97375,1.0,49.0,52.7114125948335,16.86773906251051,4000,44.396711633246575,1.1013412404281553e-12
788,belief,40.16096292279698,0.050255000000002055,0.001,40.109707922796986,1.8175,1.0,49.0,51.843708644436454,17.586410701735378,4000,40.10970792279576,1.2292389328649733e-12
788,randomised,40.52479441924294,0.050255000000002055,0.001,40.47353941924294,1.8175,1.0,49.0,52.207540145248004,17.586410701735378,4000,40.47353941924175,1.1866063687193673e-12
788,naive,-7.85603570695946,0.11331250000000119,0.1,-8.06934820695946,2.66375,10.0,70.0,64.16666666666661,27.06552576985256,4000,-8.069348206962118,2.6574298317427747e-12
789,oracle,29.431872561472616,0.06928499999999876,0.001,29.361587561472618,2.1855,1.0,61.0,57.2082151540976,20.346621450947378,4000,29.36158756147374,1.1226575225009583e-12
789,belief,28.867180660962134,0.06928499999999876,0.001,28.796895660962136,2.1855,1.0,61.0,56.64352324681117,20.346621450947378,4000,28.79689566096326,1.1226575225009583e-12
789,randomised,29.579152569299396,0.06866499999999827,0.0,29.510487569299396,2.128,0.0,60.0,55.538291625301106,20.346621450947378,4000,29.510487569300633,1.2363443602225743e-12
789,naive,18.592085134206172,0.11269999999999944,0.016,18.463385134206174,2.6025,4.0,68.0,62.33333333333327,29.922723337191762,4000,18.463385134206245,7.105427357601002e-14
790,oracle,58.34273010689287,0.1006199999999993,0.081,58.16111010689287,2.3695,9.0,71.0,59.995936041093124,8.034552882591687,4000,58.161110106892416,4.547473508864641e-13
790,belief,58.6079835495168,0.1006199999999993,0.081,58.4263635495168,2.3695,9.0,71.0,60.26118948689967,8.034552882591687,4000,58.426363549516346,4.547473508864641e-13
790,randomised,58.84390305860359,0.1006199999999993,0.081,58.662283058603585,2.3695,9.0,71.0,60.4971089988175,8.034552882591687,4000,58.662283058603094,4.902744876744691e-13
790,naive,52.437311908917536,0.038412500000003076,0.009000000000000001,52.389899408917536,1.70525,3.0,69.0,63.249999999999936,11.621597521191857,4000,52.38989940891529,2.2453150450019166e-12
791,oracle,69.84139612222344,0.07103499999999897,0.004,69.76636112222344,2.218,2.0,56.0,62.900338758881496,27.851852983837674,4000,69.76636112222273,7.105427357601002e-13
791,belief,69.68543758965654,0.07103499999999897,0.004,69.61040258965654,2.218,2.0,56.0,62.744380224443255,27.851852983837674,4000,69.61040258965583,7.105427357601002e-13
791,randomised,78.08331746931361,0.07622999999999729,0.004,78.00308746931361,2.3925,2.0,58.0,64.72886571426753,28.21363019461386,4000,78.00308746931415,5.400124791776761e-13
791,naive,146.28311081974059,0.2987249999999987,0.001,145.9833858197406,4.905,1.0,77.0,70.58333333333329,39.080027999371275,4000,145.98338581974215,1.5631940186722204e-12
792,oracle,4.283747676943108,0.3268624999999989,0.025,3.931885176943109,5.22775,5.0,53.0,50.538237352704115,12.11744896902906,4000,3.9318851769427883,3.206324095117452e-13
792,belief,3.969274366555908,0.3268624999999989,0.025,3.617411866555909,5.22775,5.0,53.0,50.22376403854366,12.11744896902906,4000,3.617411866555608,3.0109248427834245e-13
792,randomised,4.283747676943108,0.3268624999999989,0.025,3.931885176943109,5.22775,5.0,53.0,50.538237352704115,12.11744896902906,4000,3.9318851769427883,3.206324095117452e-13
792,naive,9.21597888381234,0.2916250000000043,0.036000000000000004,8.888353883812336,4.7465,6.0,58.0,53.16666666666663,17.04479282373176,4000,8.888353883812135,2.007283228522283e-13
793,oracle,74.08883618428172,0.07092749999999873,0.064,73.95390868428173,2.05275,8.0,56.0,56.967416943105135,18.72337719734913,4000,73.95390868428012,1.6058265828178264e-12
793,belief,73.91740584378499,0.07092749999999873,0.064,73.782478343785,2.05275,8.0,56.0,56.79598660055137,18.72337719734913,4000,73.7824783437834,1.6058265828178264e-12
793,randomised,60.035010372646525,0.10524749999999873,0.1,59.829762872646526,2.36225,10.0,56.0,57.0328964728558,18.81348269693289,4000,59.82976287264448,2.0463630789890885e-12
793,naive,-6.433844171878718,0.6056974999999885,0.324,-7.363541671878706,6.74275,18.0,70.0,64.16666666666661,26.67268860558444,4000,-7.363541671878511,1.9539925233402755e-13
794,oracle,49.245352943041325,0.10332499999999453,0.009000000000000001,49.133027943041334,2.741,3.0,57.0,56.064092317191026,18.53686945350029,4000,49.13302794304147,1.3500311979441904e-13
794,belief,49.207804076167236,0.10332499999999453,0.009000000000000001,49.095479076167244,2.741,3.0,57.0,56.026543449866416,18.53686945350029,4000,49.09547907616738,1.3500311979441904e-13
794,randomised,49.245352943041325,0.10332499999999453,0.009000000000000001,49.133027943041334,2.741,3.0,57.0,56.064092317191026,18.53686945350029,4000,49.13302794304147,1.3500311979441904e-13
794,naive,36.68202766601172,0.12481249999999584,0.025,36.532215166011724,3.08825,5.0,61.0,55.91666666666662,28.25171706017882,4000,36.53221516601352,1.7976731214730535e-12
795,oracle,55.41350349109416,0.33401749999999747,0.025,55.05448599109417,5.09425,5.0,65.0,63.1364318691685,17.884606872084834,4000,55.054485991094275,1.0658141036401503e-13
795,belief,55.35994359063653,0.33401749999999747,0.025,55.00092609063654,5.09425,5.0,65.0,63.08287196806805,17.884606872084834,4000,55.000926090636646,1.0658141036401503e-13
795,randomised,55.40657285844054,0.33401749999999747,0.025,55.04755535844055,5.09425,5.0,65.0,63.129501236431835,17.884606872084834,4000,55.047555358440654,1.0658141036401503e-13
795,naive,34.263333933161604,0.2314100000000074,0.001,34.0309239331616,3.9435,1.0,71.0,65.08333333333327,22.123088297478258,4000,34.030923933161645,4.263256414560601e-14
796,oracle,80.78867322514114,0.039167500000001895,0.004,80.74550572514113,1.73375,2.0,66.0,64.53939992152118,21.71937705552354,4000,80.74550572514073,3.979039320256561e-13
796,belief,80.60845228750614,0.039167500000001895,0.004,80.56528478750613,1.73375,2.0,66.0,64.35917898172367,21.71937705552354,4000,80.56528478750573,3.979039320256561e-13
796,randomised,77.52249311785704,0.036382499999999846,0.009000000000000001,77.47711061785704,1.60725,3.0,67.0,64.70859793654532,22.74428307878058,4000,77.47711061785482,2.2168933355715126e-12
796,naive,95.48250016738805,0.12670249999999939,0.0,95.35579766738806,3.02175,0.0,76.0,69.66666666666663,26.387136173819833,4000,95.35579766738857,5.115907697472721e-13
797,oracle,77.96988667830308,0.08856249999999426,0.004,77.87732417830308,2.52225,2.0,74.0,64.8877388952444,12.023329943546655,4000,77.87732417830297,1.1368683772161603e-13
797,belief,77.11651864370924,0.08929499999999387,0.009000000000000001,77.01822364370925,2.5425,3.0,75.0,65.90628996812272,12.481185812216127,4000,77.01822364370867,5.826450433232822e-13
797,randomised,77.96988667830308,0.08856249999999426,0.004,77.87732417830308,2.52225,2.0,74.0,64.8877388952444,12.023329943546655,4000,77.87732417830297,1.1368683772161603e-13
797,naive,48.365112739784536,0.1425399999999979,0.064,48.15857273978454,2.845,8.0,76.0,69.66666666666663,19.88149593485101,4000,48.15857273978141,3.126388037344441e-12
798,oracle,56.26118163202557,0.055560000000001795,0.009000000000000001,56.19662163202557,1.986,3.0,69.0,64.05792510576265,20.21909979597338,4000,56.196621632023806,1.7621459846850485e-12
798,belief,56.586972304351775,0.055560000000001795,0.009000000000000001,56.522412304351775,1.986,3.0,69.0,64.3837157819981,20.21909979597338,4000,56.52241230435001,1.7621459846850485e-12
798,randomised,56.26196929684829,0.055560000000001795,0.009000000000000001,56.19740929684829,1.986,3.0,69.0,64.05871277059481,20.21909979597338,4000,56.19740929684653,1.7621459846850485e-12
798,naive,68.86231949128063,0.06251500000000083,0.025,68.77480449128062,2.028,5.0,75.0,68.74999999999997,34.28217347217565,4000,68.77480449127864,1.9753088054130785e-12
799,oracle,9.433251808127807,0.41032499999999716,0.016,9.00692680812781,4.8965,4.0,72.0,74.37109712526559,22.296154339710004,4000,9.006926808127528,2.824407374646398e-13
799,belief,15.400376227152265,0.3458274999999948,0.009000000000000001,15.04554872715227,4.56675,3.0,73.0,75.38814250421235,22.40368692504056,4000,15.045548727151832,4.369837824924616e-13
799,randomised,9.433251808127807,0.41032499999999716,0.016,9.00692680812781,4.8965,4.0,72.0,74.37109712526559,22.296154339710004,4000,9.006926808127528,2.824407374646398e-13
799,naive,18.94696172820693,0.40171749999998807,0.049,18.49624422820694,5.38925,7.0,83.0,76.08333333333333,30.362828826439586,4000,18.49624422820709,1.4921397450962104e-13
800,oracle,55.63667826039409,0.04684250000000292,0.009000000000000001,55.58083576039409,1.61175,3.0,55.0,54.19536479882927,11.398138593508941,4000,55.580835760392574,1.5134560271690134e-12
800,belief,55.54523349717783,0.04684250000000292,0.009000000000000001,55.48939099717783,1.61175,3.0,55.0,54.10392003451568,11.398138593508941,4000,55.489390997176315,1.5134560271690134e-12
800,randomised,55.63667826039409,0.04684250000000292,0.009000000000000001,55.58083576039409,1.61175,3.0,55.0,54.19536479882927,11.398138593508941,4000,55.580835760392574,1.5134560271690134e-12
800,naive,84.58224223066873,0.048745000000002335,0.009000000000000001,84.52449723066873,1.8495,3.0,69.0,63.249999999999936,19.386102505170218,4000,84.5244972306713,2.5721647034515627e-12
801,oracle,78.26075753253212,0.036002499999999986,0.004,78.22075503253213,1.44425,2.0,72.0,61.52827427788243,13.22155344436251,4000,78.22075503253242,2.984279490192421e-13
801,belief,77.64723828591586,0.035462500000000056,0.001,77.61077578591586,1.43425,1.0,71.0,60.91453253103326,13.22155344436251,4000,77.61077578591608,2.1316282072803006e-13
801,randomised,78.26075753253212,0.036002499999999986,0.004,78.22075503253213,1.44425,2.0,72.0,61.52827427788243,13.22155344436251,4000,78.22075503253242,2.984279490192421e-13
801,naive,67.29404061963533,0.018719999999999314,0.004,67.27132061963532,1.1395,2.0,70.0,64.1666666666666,22.56200227088475,4000,67.27132061963371,1.6058265828178264e-12
802,oracle,28.47739749186809,0.05800500000000198,0.009000000000000001,28.410392491868087,2.073,3.0,65.0,56.384867532062835,15.663846439466843,4000,28.410392491868105,1.7763568394002505e-14
802,belief,28.743329096653355,0.04369750000000162,0.004,28.695631596653353,1.78925,2.0,64.0,55.29063930317925,15.726926376668985,4000,28.695631596653385,3.197442310920451e-14
802,randomised,23.864165631782527,0.04735750000000262,0.004,23.81280813178252,1.88075,2.0,66.0,56.5340123041444,15.89133802931011,4000,23.81280813178248,4.263256414560601e-14
802,naive,37.302152358112096,0.06982249999999886,0.016,37.2163298581121,2.01275,4.0,64.0,58.666666666666615,21.144848304983732,4000,37.21632985811261,5.115907697472721e-13
803,oracle,-6.1466427490966,0.07899999999999978,0.025,-6.2506427490966,2.0025,5.0,65.0,58.42253771367572,13.026912693791596,4000,-6.250642749098319,1.7195134205394424e-12
803,belief,-7.099801819839513,0.07899999999999978,0.025,-7.203801819839513,2.0025,5.0,65.0,57.46937863149581,13.026912693791596,4000,-7.203801819841222,1.708855279503041e-12
803,randomised,-7.145522620766087,0.07899999999999978,0.025,-7.249522620766087,2.0025,5.0,65.0,57.4236578300205,13.026912693791596,4000,-7.2495226207677925,1.7053025658242404e-12
803,naive,-7.27552752038946,0.10805500000000144,0.025,-7.408582520389461,2.498,5.0,59.0,54.08333333333329,15.222924338873476,4000,-7.408582520391387,1.9255708139098715e-12
804,oracle,-10.107871610677194,0.15318999999999655,0.064,-10.32506161067719,3.1155,8.0,58.0,52.85122301242417,17.110178138591596,4000,-10.325061610676403,7.86926079854311e-13
804,belief,-12.189751945682929,0.19729500000000152,0.081,-12.46804694568293,3.499,9.0,59.0,53.94900140673499,17.314175403948376,4000,-12.468046945682692,2.3803181647963356e-13
804,randomised,-8.099212785650934,0.181642500000001,0.081,-8.361855285650934,3.30875,9.0,59.0,54.062080822990815,17.928105368287195,4000,-8.36185528565064,2.948752353404416e-13
804,naive,-14.767901785988784,0.09218999999999836,0.025,-14.885091785988783,2.702,5.0,59.0,54.08333333333329,21.81222938583687,4000,-14.885091785987077,1.7053025658242404e-12
805,oracle,54.62618101012697,0.06138999999999948,0.009000000000000001,54.55579101012697,1.989,3.0,49.0,55.211497504223075,22.241815973518037,4000,54.55579101012607,8.952838470577262e-13
805,belief,54.57260724276313,0.06138999999999948,0.009000000000000001,54.50221724276312,1.989,3.0,49.0,55.15792373621646,22.241815973518037,4000,54.50221724276223,8.952838470577262e-13
805,randomised,54.62618101012697,0.06138999999999948,0.009000000000000001,54.55579101012697,1.989,3.0,49.0,55.211497504223075,22.241815973518037,4000,54.55579101012607,8.952838470577262e-13
805,naive,45.925056716560164,0.04201000000000098,0.004,45.87904671656017,1.699,2.0,68.0,62.33333333333327,29.636399728549982,4000,45.8790467165576,2.5650592760939617e-12
806,oracle,83.00704222535674,0.029684999999999725,0.001,82.97635722535674,1.2655,1.0,65.0,66.36284893762233,17.924321472492522,4000,82.97635722535577,9.663381206337363e-13
806,belief,83.33574570079001,0.029632499999999746,0.0,83.30611320079001,1.26025,0.0,66.0,67.04472124615391,18.05820830854521,4000,83.30611320078893,1.0800249583553523e-12
806,randomised,82.51125079394572,0.029684999999999725,0.001,82.48056579394571,1.2655,1.0,65.0,65.86705750026226,17.924321472492522,4000,82.4805657939448,9.094947017729282e-13
806,naive,129.34785943922668,0.16316249999999868,0.036000000000000004,129.14869693922668,3.16825,6.0,80.0,73.33333333333333,25.248173386784696,4000,129.1486969392265,1.7053025658242404e-13
807,oracle,24.086325949529567,0.02641500000000015,0.004,24.055910949529565,1.3405,2.0,52.0,54.687998094218386,25.74972179943369,4000,24.055910949527163,2.4016344468691386e-12
807,belief,24.02672819036343,0.02641500000000015,0.004,23.996313190363427,1.3405,2.0,52.0,54.62840033433707,25.74972179943369,4000,23.996313190361025,2.4016344468691386e-12
807,randomised,23.585686986629128,0.02641500000000015,0.004,23.555271986629126,1.3405,2.0,52.0,54.18735912531059,25.74972179943369,4000,23.55527198662691,2.2168933355715126e-12
807,naive,30.718305962331613,0.034149999999998806,0.025,30.659155962331614,1.378,5.0,71.0,65.08333333333329,34.27133962081656,4000,30.65915596232985,1.7621459846850485e-12
808,oracle,-23.252623552086533,0.17202749999999847,0.004,-23.428651052086533,3.20325,2.0,76.0,72.27995339607153,25.336828274627432,4000,-23.42865105208714,6.075140390748857e-13
808,belief,-22.703164104491606,0.17202749999999847,0.004,-22.879191604491606,3.20325,2.0,76.0,72.82941285025926,25.336828274627432,4000,-22.879191604492213,6.075140390748857e-13
808,randomised,-22.75132432384916,0.17202749999999847,0.004,-22.92735182384916,3.20325,2.0,76.0,72.78125263032416,25.336828274627432,4000,-22.92735182384977,6.075140390748857e-13
808,naive,-27.46741367411539,0.15520750000000724,0.049,-27.671621174115398,3.24825,7.0,75.0,68.74999999999996,30.072757256484977,4000,-27.67162117411704,1.6413537196058314e-12
809,oracle,15.551518812240374,0.20403249999999853,0.121,15.226486312240375,3.76725,11.0,57.0,53.78849879783113,16.21033882547274,4000,15.22648631224032,5.5067062021407764e-14
809,belief,15.022130500954404,0.20324499999999837,0.1,14.718885500954405,3.7635,10.0,56.0,53.25984251818811,16.21033882547274,4000,14.718885500954359,4.618527782440651e-14
809,randomised,15.551518812240374,0.20403249999999853,0.121,15.226486312240375,3.76725,11.0,57.0,53.78849879783113,16.21033882547274,4000,15.22648631224032,5.5067062021407764e-14
809,naive,-38.15828944594091,1.0195974999999955,0.361,-39.5388869459409,8.43175,19.0,61.0,55.91666666666662,23.286268553381454,4000,-39.53888694594036,5.400124791776761e-13
810,oracle,22.316877160210993,0.2063275000000004,0.036000000000000004,22.07454966021099,3.76125,6.0,64.0,60.8481172041183,17.174724565063748,4000,22.074549660210995,3.552713678800501e-15
810,belief,21.237716160979858,0.2063275000000004,0.036000000000000004,20.995388660979856,3.76125,6.0,64.0,59.768956191938514,17.174724565063748,4000,20.995388660979618,2.3803181647963356e-13
810,randomised,21.311172180320114,0.2063275000000004,0.036000000000000004,21.06884468032011,3.76125,6.0,64.0,59.84241221215971,17.174724565063748,4000,21.068844680319874,2.3803181647963356e-13
810,naive,-2.5874963511146802,0.3812674999999939,0.016,-2.984763851114674,5.90525,4.0,74.0,67.83333333333329,26.778973868696813,4000,-2.984763851114554,1.199040866595169e-13
811,oracle,60.399776316724456,0.07708500000000078,0.025,60.29769131672445,2.0825,5.0,59.0,62.91200758851137,23.2670493293114,4000,60.2976913167252,7.460698725481052e-13
811,belief,62.69500041176559,0.07693500000000089,0.025,62.59306541176559,2.0675,5.0,59.0,63.31553017667257,23.405460716159137,4000,62.59306541176638,7.887024366937112e-13
811,randomised,60.408907622521156,0.07735500000000058,0.025,60.30655262252116,2.1075,5.0,59.0,62.922400244612,23.2670493293114,4000,60.306552622521814,6.536993168992922e-13
811,naive,42.526664576659186,0.0555675000000009,0.036000000000000004,42.43509707665918,1.79575,6.0,72.0,65.99999999999994,31.483400932744534,4000,42.435097076659574,3.907985046680551e-13
812,oracle,24.232753521724476,0.24468999999999966,0.009000000000000001,23.979063521724477,3.8895,3.0,55.0,54.87996299695311,20.61827887445022,4000,23.97906352172505,5.719869022868806e-13
812,belief,23.298061081470877,0.24696999999999722,0.004,23.047091081470878,3.892,2.0,54.0,53.94290496245465,20.61827887445022,4000,23.04709108147137,4.902744876744691e-13
812,randomised,23.56544418547091,0.24696999999999722,0.004,23.31447418547091,3.892,2.0,54.0,54.210288069663136,20.61827887445022,4000,23.314474185471415,5.044853423896711e-13
812,naive,1.3572199725541054,0.6026624999999959,0.025,0.7295574725541095,6.21525,5.0,69.0,63.249999999999936,28.94800110138744,4000,0.7295574725549928,8.832934383917745e-13
813,oracle,60.97429067450935,0.16899999999999596,0.064,60.74129067450935,3.0205,8.0,62.0,61.55764916730546,18.851499541368465,4000,60.741290674509024,3.268496584496461e-13
813,belief,67.4315893638709,0.2880399999999966,0.1,67.04354936387091,4.077,10.0,62.0,62.20570658923458,19.002183260723225,4000,67.04354936387222,1.3073986337985843e-12
813,randomised,67.41919061806334,0.2880399999999966,0.1,67.03115061806335,4.077,10.0,62.0,62.19330784327878,19.002183260723225,4000,67.03115061806466,1.3073986337985843e-12
813,naive,58.25986016433785,0.21309249999999552,0.064,57.98276766433786,3.63175,8.0,72.0,65.99999999999994,27.70781970005374,4000,57.98276766433844,5.826450433232822e-13
814,oracle,-5.757533285875979,1.0899199999999984,0.225,-7.072453285875977,9.052,15.0,61.0,62.747966619807734,23.483678996712083,4000,-7.07245328587596,1.7763568394002505e-14
814,belief,-6.5863906801796475,1.0586199999999952,0.225,-7.870010680179642,8.909,15.0,59.0,61.921043364729194,23.483678996712083,4000,-7.870010680179754,1.1191048088221578e-13
814,randomised,-1.9939415261678732,0.9671899999999912,0.196,-3.1571315261678645,8.578,14.0,60.0,62.48179939497104,23.483678996712083,4000,-3.1571315261678317,3.2862601528904634e-14
814,naive,-13.964495234454489,1.516099999999972,0.361,-15.841595234454461,10.577,19.0,69.0,63.249999999999936,30.08668425241649,4000,-15.84159523445582,1.3589129821411916e-12
815,oracle,51.884967532646016,0.02701249999999998,0.009000000000000001,51.84895503264602,1.25725,3.0,55.0,50.68881982522134,17.171423800620243,4000,51.848955032644504,1.5134560271690134e-12
815,belief,52.238077877786424,0.02701249999999998,0.009000000000000001,52.202065377786425,1.25725,3.0,55.0,51.0419301745988,17.171423800620243,4000,52.20206537778491,1.5134560271690134e-12
815,randomised,52.38649011431917,0.02701249999999998,0.009000000000000001,52.350477614319175,1.25725,3.0,55.0,51.19034241291242,17.171423800620243,4000,52.35047761431766,1.5134560271690134e-12
815,naive,41.50412284525615,0.03481250000000111,0.004,41.46531034525615,1.55025,2.0,68.0,62.33333333333327,29.588532488619233,4000,41.465310345254686,1.4637180356658064e-12
816,oracle,51.17849095389988,0.26213999999999643,0.081,50.835350953899884,4.794,9.0,77.0,64.10226824236258,11.993472724892712,4000,50.83535095390059,7.034373084024992e-13
816,belief,51.00953498561125,0.26213999999999643,0.081,50.666394985611255,4.794,9.0,77.0,63.93331227204657,11.993472724892712,4000,50.66639498561189,6.323830348264892e-13
816,randomised,51.17849095389988,0.26213999999999643,0.081,50.835350953899884,4.794,9.0,77.0,64.10226824236258,11.993472724892712,4000,50.83535095390059,7.034373084024992e-13
816,naive,76.90115599835212,0.9283224999999954,0.256,75.71683349835213,8.81975,16.0,78.0,71.49999999999997,20.312200805599208,4000,75.71683349835207,5.684341886080802e-14
817,oracle,41.69938769282339,0.19223999999999955,0.025,41.482147692823396,3.9865,5.0,93.0,74.65909640714739,8.80724496557571,4000,41.482147692824874,1.4779288903810084e-12
817,belief,46.62198325005994,0.14169499999999574,0.016,46.464288250059944,3.3755,4.0,92.0,73.64306636986637,8.80724496557571,4000,46.46428825006106,1.1155520951433573e-12
817,randomised,46.91193262870121,0.14169499999999574,0.016,46.75423762870121,3.3755,4.0,92.0,73.93301575198655,8.80724496557571,4000,46.75423762870233,1.1155520951433573e-12
817,naive,3.1932710210041932,0.7820500000000105,0.14400000000000002,2.2672210210041825,8.0155,12.0,84.0,77.0,13.139000126563012,4000,2.267221021002446,1.7363888105137448e-12
818,oracle,-27.370178098444967,0.6412099999999854,0.1,-28.111388098444955,6.892,10.0,72.0,66.11044307595024,17.32659595148819,4000,-28.11138809844518,2.2382096176443156e-13
818,belief,-27.351406535138267,0.6412099999999854,0.1,-28.092616535138255,6.892,10.0,72.0,66.12921463948211,17.32659595148819,4000,-28.09261653513848,2.2382096176443156e-13
818,randomised,-27.370178098444967,0.6412099999999854,0.1,-28.111388098444955,6.892,10.0,72.0,66.11044307595024,17.32659595148819,4000,-28.11138809844518,2.2382096176443156e-13
818,naive,-54.335996422070366,1.1746249999999991,0.196,-55.70662142207036,9.1545,14.0,78.0,71.49999999999997,23.427612813020215,4000,-55.70662142206908,1.2860823517257813e-12
819,oracle,-66.36667828200495,0.626212500000011,0.064,-67.05689078200496,7.47025,8.0,64.0,59.05163444209179,14.055145572770362,4000,-67.0568907820053,3.410605131648481e-13
819,belief,-66.33405449403335,0.626212500000011,0.064,-67.02426699403335,7.47025,8.0,64.0,59.084258230454935,14.055145572770362,4000,-67.0242669940337,3.410605131648481e-13
819,randomised,-54.34883069048931,0.5034099999999996,0.049,-54.90124069048931,6.693,7.0,65.0,59.63674922296255,14.548198483949966,4000,-54.9012406904879,1.4068746168049984e-12
819,naive,-25.344739258541495,0.917064999999973,0.169,-26.430804258541468,8.669,13.0,71.0,65.08333333333327,19.146466805908407,4000,-26.430804258542512,1.0444978215673473e-12
820,oracle,-45.11508700475042,0.4976274999999882,0.049,-45.66171450475041,5.83225,7.0,45.0,50.432371514507636,22.82768740901577,4000,-45.661714504750684,2.7711166694643907e-13
820,belief,-44.55061761673721,0.42233999999999344,0.036000000000000004,-45.008957616737206,5.4215,6.0,46.0,51.46397892644115,23.84545678093052,4000,-45.00895761673735,1.4210854715202004e-13
820,randomised,-45.11508700475042,0.4976274999999882,0.049,-45.66171450475041,5.83225,7.0,45.0,50.432371514507636,22.82768740901577,4000,-45.661714504750684,2.7711166694643907e-13
820,naive,-108.42374528649759,0.9736250000000082,0.081,-109.47837028649761,8.72,9.0,63.0,57.74999999999995,35.425917392860896,4000,-109.47837028649802,4.121147867408581e-13
821,oracle,53.75837442977593,0.22852000000000253,0.004,53.525854429775926,4.355,2.0,76.0,74.34845857307853,19.267210512622103,4000,53.525854429775585,3.410605131648481e-13
821,belief,54.515728334183564,0.16548500000000338,0.001,54.34924333418356,3.6365,1.0,77.0,76.66839489173354,19.370154420200304,4000,54.34924333418175,1.8118839761882555e-12
821,randomised,54.23925826115814,0.22852000000000253,0.004,54.00673826115814,4.355,2.0,76.0,74.82934241023098,19.267210512622103,4000,54.0067382611578,3.410605131648481e-13
821,naive,25.026533347181328,0.5409674999999963,0.025,24.460565847181332,6.45525,5.0,81.0,74.24999999999999,25.38236637668857,4000,24.46056584718146,1.2789769243681803e-13
822,oracle,63.16773808750739,0.05149750000000017,0.004,63.11224058750739,1.70275,2.0,62.0,52.386868248999065,12.287370713125547,4000,63.112240587507145,2.4158453015843406e-13
822,belief,57.239197945244015,0.07066000000000015,0.001,57.16753794524402,2.246,1.0,63.0,53.105775889641684,12.551840997296043,4000,57.167537945244376,3.552713678800501e-13
822,randomised,57.195032986805,0.07066000000000015,0.001,57.12337298680501,2.246,1.0,63.0,53.06161093067283,12.551840997296043,4000,57.123372986805364,3.552713678800501e-13
822,naive,89.05651587917475,0.0723674999999985,0.025,88.95914837917475,1.89475,5.0,69.0,63.249999999999936,20.296934303086836,4000,88.9591483791743,4.547473508864641e-13
823,oracle,76.15924337602604,0.03484499999999842,0.025,76.09939837602603,1.4235,5.0,63.0,63.54880430758038,22.43458301379494,4000,76.09939837602582,2.1316282072803006e-13
823,belief,66.48775193824923,0.033589999999998864,0.025,66.42916193824922,1.4245,5.0,63.0,62.994669048502224,24.20548692778437,4000,66.42916193824833,8.952838470577262e-13
823,randomised,44.97805418536416,0.0341550000000002,0.016,44.92789918536416,1.4515,4.0,64.0,64.20576407444688,24.240794959114023,4000,44.92789918536381,3.481659405224491e-13
823,naive,103.14266871632731,0.15145000000000042,0.121,102.87021871632732,2.876,11.0,81.0,74.24999999999999,33.53101372068269,4000,102.87021871632817,8.526512829121202e-13
824,oracle,56.69165792116394,0.038872500000000094,0.009000000000000001,56.64378542116393,1.58575,3.0,63.0,54.03129333752557,11.129535768748289,4000,56.643785421162725,1.2079226507921703e-12
824,belief,57.21887269822423,0.04487750000000099,0.009000000000000001,57.16499519822423,1.77025,3.0,61.0,52.319691977070384,11.129535768748289,4000,57.164995198222854,1.3784529073745944e-12
824,randomised,57.1003453357107,0.04487750000000099,0.009000000000000001,57.0464678357107,1.77025,3.0,61.0,52.20116461313454,11.129535768748289,4000,57.04646783570932,1.3784529073745944e-12
824,naive,77.50945201102093,0.06841250000000117,0.004,77.43703951102091,2.24325,2.0,74.0,67.83333333333329,21.397865251642546,4000,77.4370395110179,3.0127011996228248e-12
825,oracle,-12.89177896520414,1.1208975000000438,0.196,-14.208676465204183,9.42875,14.0,58.0,51.160888976958795,8.775999124977776,4000,-14.208676465203009,1.1741718708435656e-12
825,belief,-10.710838244200886,0.8480100000000015,0.14400000000000002,-11.702848244200888,8.2695,12.0,60.0,53.71540859227506,9.642965945045301,4000,-11.702848244200835,5.3290705182007514e-14
825,randomised,-11.65655587121796,0.8480100000000015,0.14400000000000002,-12.648565871217963,8.2695,12.0,60.0,52.769690953910356,9.642965945045301,4000,-12.64856587121791,5.3290705182007514e-14
825,naive,-7.21272028337944,0.7817624999999894,0.14400000000000002,-8.138482783379429,7.94075,12.0,64.0,58.666666666666615,16.858915163823028,4000,-8.138482783379995,5.666578317686799e-13
826,oracle,61.39042309898929,0.19356250000000189,0.001,61.19586059898929,3.78775,1.0,51.0,54.076123147650186,18.163234291173787,4000,61.19586059898892,3.694822225952521e-13
826,belief,63.45292280422109,0.1604724999999999,0.004,63.288450304221094,3.45975,2.0,52.0,54.35265032548344,17.833323425499533,4000,63.28845030422088,2.1316282072803006e-13
826,randomised,54.825486021520476,0.15748999999999377,0.001,54.66699602152048,3.339,1.0,53.0,54.896190715250704,17.86482578709039,4000,54.6669960215212,7.176481631177012e-13
826,naive,59.80782886907281,0.10101749999999733,0.0,59.70681136907281,2.89275,0.0,66.0,60.49999999999995,25.98477405180962,4000,59.70681136907278,2.842170943040401e-14
827,oracle,53.587925041014614,0.4636399999999988,0.1,53.024285041014615,5.3155,10.0,60.0,55.963522192861895,12.970131124674174,4000,53.02428504101444,1.7763568394002505e-13
827,belief,58.17515631076776,0.6254924999999992,0.14400000000000002,57.40566381076776,6.12125,12.0,62.0,57.584284053624195,13.344937989215461,4000,57.405663810768,2.3447910280083306e-13
827,randomised,56.57930843336749,0.5455674999999999,0.121,55.91274093336749,5.78775,11.0,63.0,58.05176955498857,13.344937989215461,4000,55.91274093336797,4.831690603168681e-13
827,naive,65.22671324923272,0.4741049999999971,0.121,64.63160824923273,4.3605,11.0,63.0,57.74999999999995,17.265922641445677,4000,64.63160824923244,2.8421709430404007e-13
828,oracle,58.37420519022896,0.09282249999999502,0.001,58.28038269022897,2.45325,1.0,77.0,58.871966275520116,9.60486921094533,4000,58.28038269022809,8.810729923425242e-13
828,belief,59.04331725244644,0.09282249999999502,0.001,58.94949475244645,2.45325,1.0,77.0,59.54107834576629,9.60486921094533,4000,58.94949475244543,1.0160761121369433e-12
828,randomised,52.72961729213944,0.06557250000000277,0.001,52.66304479213944,2.05075,1.0,77.0,58.86048423115596,9.632877269200081,4000,52.663044792138734,7.034373084024992e-13
828,naive,53.35327696000303,0.10105249999999615,0.0,53.252224460003035,2.58425,0.0,70.0,64.1666666666666,16.46026352864949,4000,53.252224460003355,3.197442310920451e-13
829,oracle,33.434315124491235,0.08566249999999574,0.004,33.34465262449124,2.20475,2.0,70.0,64.71366415201253,14.986234611286369,4000,33.34465262449029,9.521272659185342e-13
829,belief,32.185677540143445,0.08957999999999634,0.009000000000000001,32.087097540143446,2.2645,3.0,71.0,65.58671046291641,15.043341366973317,4000,32.08709754014295,4.973799150320701e-13
829,randomised,33.434315124491235,0.08566249999999574,0.004,33.34465262449124,2.20475,2.0,70.0,64.71366415201253,14.986234611286369,4000,33.34465262449029,9.521272659185342e-13
829,naive,18.41490481439598,0.10396999999999917,0.016,18.294934814395983,2.5355,4.0,76.0,69.66666666666663,23.665282632098712,4000,18.294934814396097,1.1368683772161603e-13
830,oracle,54.20647522747373,0.04309250000000164,0.025,54.13838272747373,1.73925,5.0,57.0,59.55333753998289,19.935879472061675,4000,54.13838272747302,7.105427357601002e-13
830,belief,54.03214760137217,0.04309250000000164,0.025,53.964055101372175,1.73925,5.0,57.0,59.37900991178936,19.935879472061675,4000,53.964055101371464,7.105427357601002e-13
830,randomised,54.20647522747373,0.04309250000000164,0.025,54.13838272747373,1.73925,5.0,57.0,59.55333753998289,19.935879472061675,4000,54.13838272747302,7.105427357601002e-13
830,naive,37.33240427039118,0.3001649999999976,0.121,36.91123927039118,5.1365,11.0,67.0,61.41666666666661,27.964406111648323,4000,36.91123927039176,5.826450433232822e-13
831,oracle,21.807544587771815,0.19836000000000328,0.016,21.593184587771812,4.108,4.0,72.0,59.14544397735063,13.201232146463184,4000,21.593184587774296,2.48334686148155e-12
831,belief,21.03618634821629,0.1979050000000032,0.016,20.82228134821629,4.1015,4.0,70.0,58.375401734566694,13.201232146463184,4000,20.822281348218777,2.4868995751603507e-12
831,randomised,22.30709508396916,0.19836000000000328,0.016,22.092735083969156,4.108,4.0,72.0,59.64499447954213,13.201232146463184,4000,22.092735083971643,2.4868995751603507e-12
831,naive,21.96823717332336,0.21256249999999902,0.049,21.70667467332336,4.11475,7.0,63.0,57.74999999999995,22.083480280423927,4000,21.70667467332477,1.4104273304837989e-12
832,oracle,64.37761056608406,0.08366499999999795,0.016,64.27794556608406,2.6115,4.0,78.0,62.0762174312693,8.043668406118359,4000,64.27794556608312,9.379164112033322e-13
832,belief,65.24033539289292,0.06206500000000331,0.009000000000000001,65.16927039289291,2.167,3.0,77.0,61.513523687807584,8.043668406118359,4000,65.16927039289253,3.836930773104541e-13
832,randomised,64.37761056608406,0.08366499999999795,0.016,64.27794556608406,2.6115,4.0,78.0,62.0762174312693,8.043668406118359,4000,64.27794556608312,9.379164112033322e-13
832,naive,48.4313518532893,0.025262499999999414,0.004,48.402089353289306,1.27175,2.0,68.0,62.33333333333327,13.97899263413562,4000,48.40208935328765,1.6555645743210334e-12
833,oracle,10.021713095889027,0.22706000000000254,0.049,9.745653095889024,4.351,7.0,49.0,47.88182554432557,18.772196688299427,4000,9.745653095888635,3.8902214782865485e-13
833,belief,10.421497148475169,0.22706000000000254,0.049,10.145437148475166,4.351,7.0,49.0,48.281609601708766,18.772196688299427,4000,10.14543714847477,3.9612757518625585e-13
833,randomised,10.527931144490026,0.22706000000000254,0.049,10.251871144490023,4.351,7.0,49.0,48.3880435990008,18.772196688299427,4000,10.251871144489627,3.9612757518625585e-13
833,naive,4.27726949299506,0.2052424999999988,0.064,4.008026992995061,4.08225,8.0,58.0,53.16666666666663,25.358866187781775,4000,4.008026992996527,1.4654943925052066e-12
834,oracle,12.86481639338922,0.5984250000000161,0.036000000000000004,12.230391393389203,6.871,6.0,74.0,65.7567557846,14.71987923863253,4000,12.230391393388963,2.398081733190338e-13
834,belief,6.154459041605037,0.6578925000000158,0.036000000000000004,5.460566541605021,7.34275,6.0,74.0,66.83000603806205,14.840324002921982,4000,5.460566541604873,1.4832579608992091e-13
834,randomised,6.107121625385844,0.6578925000000158,0.036000000000000004,5.413229125385828,7.34275,6.0,74.0,66.78266862127397,14.840324002921982,4000,5.41322912538568,1.4832579608992091e-13
834,naive,27.075266085960948,0.2956375000000007,0.036000000000000004,26.743628585960945,4.72125,6.0,68.0,62.333333333333265,19.860187484435624,4000,26.743628585960696,2.4868995751603507e-13
835,oracle,66.22787291710642,0.025332499999999418,0.004,66.19854041710641,1.21825,2.0,76.0,66.18920453803503,13.325296354910966,4000,66.19854041710464,1.7763568394002505e-12
835,belief,57.93812098538331,0.03579500000000016,0.009000000000000001,57.893325985383306,1.4755,3.0,77.0,67.58573874766977,14.16681641522068,4000,57.89332598538062,2.6858515411731787e-12
835,randomised,57.728032410427375,0.03579500000000016,0.009000000000000001,57.683237410427374,1.4755,3.0,77.0,67.37565017019293,14.16681641522068,4000,57.68323741042469,2.6858515411731787e-12
835,naive,82.58070915987648,0.05324250000000309,0.004,82.52346665987648,2.02475,2.0,76.0,69.66666666666663,20.643844822831447,4000,82.5234666598761,3.694822225952521e-13
836,oracle,28.35930120258365,0.062170000000003556,0.016,28.28113120258365,2.117,4.0,88.0,78.72666531926987,18.13609277358339,4000,28.281131202583722,7.105427357601002e-14
836,belief,25.102786148439463,0.06912750000000097,0.009000000000000001,25.024658648439463,2.21875,3.0,85.0,76.80895784953536,18.176795308474215,4000,25.024658648439413,4.973799150320701e-14
836,randomised,26.837334236923226,0.058652500000003834,0.009000000000000001,26.76968173692322,2.03875,3.0,85.0,77.20567884776868,18.13609277358339,4000,26.769681736923133,8.881784197001252e-14
836,naive,28.99709693662379,0.13867249999999642,0.025,28.833424436623798,3.04475,5.0,91.0,83.41666666666671,23.90308778124065,4000,28.833424436625158,1.3606893389805919e-12
837,oracle,55.977289228642064,0.19851250000000573,0.004,55.77477672864206,3.66475,2.0,60.0,56.63560229646301,19.576490274189627,4000,55.77477672864153,5.329070518200751e-13
837,belief,55.16831157009727,0.18617250000000307,0.004,54.97813907009727,3.36475,2.0,60.0,57.0940767039122,19.60326163058387,4000,54.97813907009615,1.1226575225009583e-12
837,randomised,55.910658246990266,0.14576499999999773,0.001,55.76389324699027,2.988,1.0,61.0,56.77341965753163,19.631429419878085,4000,55.76389324698973,5.400124791776761e-13
837,naive,59.820555842895146,0.5970324999999969,0.064,59.15952334289515,6.58825,8.0,66.0,60.49999999999995,26.599534152192685,4000,59.15952334289537,2.2026824808563106e-13
838,oracle,24.576825960109772,0.5527625000000056,0.1,23.924063460109764,6.39075,10.0,60.0,56.99926793958148,14.585115464663165,4000,23.924063460109135,6.288303211476887e-13
838,belief,29.7011260784235,0.4579474999999847,0.081,29.162178578423514,5.86275,9.0,59.0,57.16825819214183,14.585115464663165,4000,29.16217857842457,1.0551559626037488e-12
838,randomised,25.57681461253992,0.5527625000000056,0.1,24.92405211253991,6.39075,10.0,60.0,57.999256604010654,14.585115464663165,4000,24.924052112539304,6.075140390748857e-13
838,naive,34.06390850205162,0.9739499999999837,0.289,32.800958502051635,8.142,17.0,59.0,54.08333333333329,20.609222454421825,4000,32.8009585020513,3.339550858072471e-13
839,oracle,34.173377809313706,0.0742824999999992,0.025,34.074095309313705,2.34925,5.0,57.0,59.574618533286646,20.09596044726652,4000,34.07409530931368,2.842170943040401e-14
839,belief,39.07587813657403,0.07420749999999843,0.025,38.976670636574035,2.37925,5.0,57.0,59.55880762136022,20.364704153524706,4000,38.97667063657495,9.166001291305292e-13
839,randomised,39.08608966085251,0.07420749999999843,0.025,38.98688216085251,2.37925,5.0,57.0,59.569019145761274,20.364704153524706,4000,38.986882160853426,9.166001291305292e-13
839,naive,35.091482473442056,0.1274349999999958,0.049,34.91504747344206,2.9805,7.0,71.0,65.08333333333327,27.537036531509397,4000,34.91504747344239,3.339550858072471e-13
840,oracle,-31.715336645388334,0.2977050000000033,0.14400000000000002,-32.15704164538833,3.8355,12.0,60.0,54.90590856337923,15.445837858537363,4000,-32.15704164538841,7.815970093361102e-14
840,belief,-31.694885567474785,0.2977050000000033,0.14400000000000002,-32.13659056747479,3.8355,12.0,60.0,54.92635964153818,15.445837858537363,4000,-32.13659056747486,7.105427357601002e-14
840,randomised,-31.715336645388334,0.2977050000000033,0.14400000000000002,-32.15704164538833,3.8355,12.0,60.0,54.90590856337923,15.445837858537363,4000,-32.15704164538841,7.815970093361102e-14
840,naive,16.465417363418965,0.09446499999999884,0.025,16.345952363418967,2.566,5.0,69.0,63.249999999999936,24.217302192675533,4000,16.34595236341888,8.526512829121202e-14
841,oracle,208.03895755484984,1.1003474999999843,0.121,206.81761005484984,9.42725,11.0,69.0,63.37137065738391,10.057636331192466,4000,206.8176100548416,8.242295734817162e-12
841,belief,206.70994056225163,1.1004249999999842,0.121,205.48851556225165,9.4275,11.0,67.0,62.042338674076035,10.057636331192466,4000,205.4885155622434,8.242295734817162e-12
841,randomised,207.5342031876986,1.1003474999999843,0.121,206.3128556876986,9.42725,11.0,69.0,62.86661628417598,10.057636331192466,4000,206.31285568769036,8.242295734817162e-12
841,naive,203.23919165491043,0.9866450000000045,0.081,202.17154665491043,8.782,9.0,71.0,65.08333333333327,17.04350643945084,4000,202.17154665490526,5.172751116333529e-12
842,oracle,36.65434549885845,0.448192499999999,0.081,36.12515299885845,5.36025,9.0,83.0,68.7606229939331,8.56908020358655,4000,36.12515299885723,1.2150280781497713e-12
842,belief,37.28021517329512,0.4513949999999981,0.081,36.74782017329512,5.3675,9.0,83.0,68.85908479847896,8.573641195891557,4000,36.7478201732944,7.176481631177012e-13
842,randomised,38.99098904939933,0.44642999999999883,0.081,38.46355904939933,5.3125,9.0,85.0,70.10010202398176,8.944720125575971,4000,38.463559049398675,6.536993168992922e-13
842,naive,30.731187647693332,0.6719749999999995,0.121,29.938212647693334,6.4055,11.0,77.0,70.5833333333333,11.3640041165178,4000,29.938212647694158,8.242295734817162e-13
843,oracle,88.85143684745542,0.26597499999999635,0.004,88.58146184745542,4.4815,2.0,80.0,77.52880847794209,23.92342032366994,4000,88.58146184745681,1.3926637620897964e-12
843,belief,92.67294877459142,0.2820500000000041,0.004,92.38689877459142,4.565,2.0,80.0,78.30915496588932,25.284904658087324,4000,92.38689877459286,1.4495071809506044e-12
843,randomised,87.86319657660572,0.26597499999999635,0.004,87.59322157660571,4.4815,2.0,80.0,76.54056819523429,23.92342032366994,4000,87.5932215766071,1.3926637620897964e-12
843,naive,84.85596358160734,0.3707674999999992,0.009000000000000001,84.47619608160734,5.17275,3.0,85.0,77.91666666666667,31.641968636386803,4000,84.47619608160835,1.0089706847793423e-12
844,oracle,99.74218396915609,0.07000500000000018,0.004,99.66817896915609,2.33,2.0,76.0,80.70981124591033,33.83176157230072,4000,99.66817896915838,2.2879476091475226e-12
844,belief,103.17307484686071,0.07164750000000078,0.009000000000000001,103.09242734686072,2.29325,3.0,77.0,81.82152081785472,34.40455680421292,4000,103.09242734686346,2.7426949600339867e-12
844,randomised,99.74218396915609,0.07000500000000018,0.004,99.66817896915609,2.33,2.0,76.0,80.70981124591033,33.83176157230072,4000,99.66817896915838,2.2879476091475226e-12
844,naive,64.06164350937172,0.07241499999999826,0.016,63.97322850937172,2.0925,4.0,86.0,78.83333333333334,39.97802643421404,4000,63.973228509369925,1.7976731214730535e-12
845,oracle,25.703321501484425,0.11478499999999892,0.064,25.524536501484427,2.7355,8.0,60.0,54.64555842532129,12.322330212749149,4000,25.524536501482935,1.4921397450962104e-12
845,belief,25.73851902689148,0.11478499999999892,0.064,25.559734026891483,2.7355,8.0,60.0,54.68075595115044,12.322330212749149,4000,25.55973402688999,1.4921397450962104e-12
845,randomised,25.703321501484425,0.11478499999999892,0.064,25.524536501484427,2.7355,8.0,60.0,54.64555842532129,12.322330212749149,4000,25.524536501482935,1.4921397450962104e-12
845,naive,25.99248475127206,0.4414200000000002,0.196,25.355064751272057,6.1315,14.0,64.0,58.666666666666615,18.638012946970278,4000,25.355064751272845,7.887024366937112e-13
846,oracle,72.41576388592239,0.2572875000000016,0.025,72.13347638592238,4.36275,5.0,63.0,55.19141495166597,14.168820285135599,4000,72.13347638592477,2.3874235921539366e-12
846,belief,72.48524103899206,0.2572875000000016,0.025,72.20295353899205,4.36275,5.0,63.0,55.260892105569084,14.168820285135599,4000,72.20295353899444,2.3874235921539366e-12
846,randomised,72.41576388592239,0.2572875000000016,0.025,72.13347638592238,4.36275,5.0,63.0,55.19141495166597,14.168820285135599,4000,72.13347638592477,2.3874235921539366e-12
846,naive,81.39030812954047,0.43547999999998066,0.064,80.8908281295405,6.018,8.0,68.0,62.33333333333327,22.117967196728316,4000,80.89082812954001,4.831690603168681e-13
847,oracle,52.40852899762854,0.14719249999999595,0.036000000000000004,52.22533649762854,3.23675,6.0,60.0,54.13177833315651,12.9315286419941,4000,52.22533649762857,2.842170943040401e-14
847,belief,52.018241775163915,0.14719249999999595,0.036000000000000004,51.83504927516392,3.23675,6.0,60.0,53.74149110600881,12.9315286419941,4000,51.835049275163946,2.842170943040401e-14
847,randomised,51.4170049672814,0.14719249999999595,0.036000000000000004,51.2338124672814,3.23675,6.0,60.0,53.14025429091195,12.9315286419941,4000,51.23381246728147,6.394884621840902e-14
847,naive,26.98210461907331,0.22250749999999672,0.1,26.659597119073315,3.75125,10.0,54.0,49.499999999999964,19.333866143111862,4000,26.65959711907263,6.856737400084967e-13
848,oracle,24.446408564900935,0.21498249999999822,0.036000000000000004,24.195426064900936,3.63675,6.0,48.0,47.21450616291013,16.130448822899133,4000,24.195426064900804,1.3145040611561853e-13
848,belief,24.47172984342251,0.21498249999999822,0.036000000000000004,24.22074734342251,3.63675,6.0,48.0,47.239827441735464,16.130448822899133,4000,24.220747343422378,1.3145040611561853e-13
848,randomised,20.640110957330307,0.23159999999999714,0.049,20.35951095733031,3.743,7.0,49.0,47.90952256604264,16.389801440566462,4000,20.359510957330297,1.4210854715202004e-14
848,naive,-0.5341507395098688,1.1205374999999955,0.361,-2.0156882395098643,8.43375,19.0,71.0,65.08333333333327,27.708686569536088,4000,-2.0156882395101956,3.312905505481467e-13
849,oracle,54.10070126007179,0.057669999999998764,0.009000000000000001,54.034031260071785,1.837,3.0,57.0,59.548405378559266,18.144117013658885,4000,54.034031260071586,1.9895196601282805e-13
849,belief,52.9461225890239,0.09664500000000378,0.016,52.8334775890239,2.5555,4.0,58.0,60.62052987551391,18.35297095755227,4000,52.83347758902294,9.592326932761353e-13
849,randomised,54.04762737186758,0.10553500000000246,0.016,53.926092371867576,2.721,4.0,60.0,62.567484831868796,20.307292415720646,4000,53.92609237186668,8.952838470577262e-13
849,naive,48.609103723013874,0.04799500000000565,0.004,48.55710872301387,1.801,2.0,68.0,62.33333333333327,27.524770420873057,4000,48.55710872301052,3.346656285430072e-12
850,oracle,36.77283606248831,0.0893849999999962,0.001,36.68245106248832,2.3775,1.0,61.0,59.74870683714969,17.204342276644244,4000,36.682451062487864,4.547473508864641e-13
850,belief,36.210657794782165,0.0893849999999962,0.001,36.120272794782174,2.3775,1.0,61.0,59.18652856269772,17.204342276644244,4000,36.12027279478172,4.547473508864641e-13
850,randomised,46.445548437971894,0.09467749999999617,0.0,46.3508709379719,2.49175,0.0,62.0,59.91577152750542,17.593349303788134,4000,46.350870937971116,7.815970093361102e-13
850,naive,62.76576051294845,0.1635574999999929,0.0,62.60220301294845,3.06725,0.0,74.0,67.83333333333329,27.819100246265773,4000,62.60220301294713,1.3216094885137863e-12
851,oracle,71.75030022862128,0.1001599999999952,0.001,71.64914022862129,2.4935,1.0,73.0,59.71763153894207,10.227941571116338,4000,71.64914022862166,3.694822225952521e-13
851,belief,67.84225480454967,0.07293499999999713,0.004,67.76531980454966,2.1275,2.0,72.0,59.42045725322542,10.227941571116338,4000,67.76531980454921,4.547473508864641e-13
851,randomised,74.14729260259114,0.10398999999999542,0.001,74.04230260259114,2.584,1.0,71.0,58.88340940252466,10.227941571116338,4000,74.0423026025914,2.7000623958883807e-13
851,naive,119.42068457180613,0.49266999999999267,0.025,118.90301457180614,6.5885,5.0,63.0,57.74999999999995,13.836867300281403,4000,118.90301457181052,4.376943252282217e-12
852,oracle,150.5826349127974,0.5966824999999951,0.036000000000000004,149.94995241279742,7.10725,6.0,96.0,79.32418412819064,18.171473810485203,4000,149.94995241279784,4.263256414560601e-13
852,belief,135.41752261472055,0.44209749999999487,0.016,134.95942511472057,6.06825,4.0,96.0,79.34840564288636,19.511676899810656,4000,134.95942511472143,8.526512829121202e-13
852,randomised,140.8771521197193,0.4776049999999899,0.025,140.37454711971932,6.3305,5.0,97.0,79.91920894309348,19.511676899810656,4000,140.37454711971932,0.0
852,naive,157.38237329556534,0.5006199999999865,0.049,156.83275329556534,6.482,7.0,89.0,81.58333333333336,20.843182005335,4000,156.83275329556554,1.9895196601282805e-13
853,oracle,52.029728001522656,0.10795999999999574,0.0,51.92176800152266,2.94,0.0,64.0,61.7285218896851,24.47775729662713,4000,51.92176800152151,1.1510792319313623e-12
853,belief,49.19610644479778,0.10982249999999455,0.001,49.08528394479779,3.01125,1.0,65.0,62.77096725026131,24.75176913750462,4000,49.08528394479611,1.6768808563938364e-12
853,randomised,51.524606003035004,0.10795999999999574,0.0,51.416646003035005,2.94,0.0,64.0,61.223399885136416,24.47775729662713,4000,51.41664600303384,1.1652900866465643e-12
853,naive,40.9184533198156,0.05237000000000437,0.0,40.866083319815594,1.8305,0.0,76.0,69.66666666666663,32.87064233036145,4000,40.86608331981417,1.4210854715202004e-12
854,oracle,62.175697103308494,0.18145500000000162,0.036000000000000004,61.95824210330849,3.494,6.0,62.0,62.01462662522968,18.064120657177927,4000,61.95824210330893,4.405364961712621e-13
854,belief,62.172272182706365,0.18145500000000162,0.036000000000000004,61.954817182706364,3.494,6.0,62.0,62.0112017045865,18.064120657177927,4000,61.95481718270682,4.547473508864641e-13
854,randomised,62.175697103308494,0.18145500000000162,0.036000000000000004,61.95824210330849,3.494,6.0,62.0,62.01462662522968,18.064120657177927,4000,61.95824210330893,4.405364961712621e-13
854,naive,30.797453409593004,0.32326249999999385,0.064,30.41019090959301,4.90475,8.0,76.0,69.66666666666664,26.521490332282735,4000,30.410190909592394,6.146194664324867e-13
855,oracle,138.2562513244403,0.26313250000000205,0.081,137.9121188244403,4.87875,9.0,69.0,73.78148010014357,24.623666032661355,4000,137.91211882443832,1.9895196601282805e-12
855,belief,150.94425991799153,0.3270000000000012,0.1,150.51725991799154,5.378,10.0,68.0,72.60825215362566,24.623666032661355,4000,150.5172599179896,1.9326762412674725e-12
855,randomised,148.6158354065317,0.2867750000000034,0.1,148.2290604065317,5.0725,10.0,70.0,73.9829206929474,24.741536760169957,4000,148.22906040653044,1.2505552149377763e-12
855,naive,273.1422291700835,0.8896974999999836,0.289,271.9635316700835,8.66875,17.0,95.0,87.08333333333339,37.80801029597707,4000,271.96353167007805,5.4569682106375694e-12
856,oracle,65.74375349190562,0.023772499999999065,0.0,65.71998099190563,1.25925,0.0,72.0,62.50933509493687,13.000752576206416,4000,65.71998099190272,2.9132252166164108e-12
856,belief,66.19079013892797,0.023772499999999065,0.0,66.16701763892797,1.25925,0.0,72.0,62.95637174732309,13.000752576206416,4000,66.1670176389255,2.4726887204451486e-12
856,randomised,66.24514802566453,0.023772499999999065,0.0,66.22137552566454,1.25925,0.0,72.0,63.01072963471208,13.000752576206416,4000,66.22137552566228,2.2595258997171186e-12
856,naive,50.97702667068074,0.4478425000000034,0.036000000000000004,50.49318417068074,5.77675,6.0,82.0,75.16666666666666,23.406607016911646,4000,50.493184170680436,3.055333763768431e-13
857,oracle,-10.7944872306727,0.09918749999999472,0.016,-10.909674730672695,2.69025,4.0,50.0,54.41907582444315,17.522380101890707,4000,-10.909674730672684,1.0658141036401503e-14
857,belief,-4.6757695524665905,0.07910249999999693,0.009000000000000001,-4.763872052466588,2.32325,3.0,51.0,54.926649764144315,18.198904251981638,4000,-4.763872052466471,1.163513729807164e-13
857,randomised,-4.537448090689395,0.07910249999999693,0.009000000000000001,-4.625550590689392,2.32325,3.0,51.0,55.064971227581005,18.198904251981638,4000,-4.625550590689272,1.199040866595169e-13
857,naive,-14.57170816101177,0.20149250000000052,0.036000000000000004,-14.80920066101177,3.58925,6.0,64.0,58.666666666666615,24.819898196282654,4000,-14.809200661012119,3.481659405224491e-13
858,oracle,-46.4415957917962,0.3248374999999908,0.081,-46.8474332917962,4.93375,9.0,59.0,63.14940663668027,26.264113557765437,4000,-46.84743329179691,7.105427357601002e-13
858,belief,-46.80937873095331,0.3899624999999954,0.081,-47.28034123095331,5.40025,9.0,61.0,65.30149995214946,26.78273974944476,4000,-47.28034123095416,8.455458555545192e-13
858,randomised,-47.06299404803315,0.3899624999999954,0.081,-47.533956548033146,5.40025,9.0,61.0,65.04788463202686,26.78273974944476,4000,-47.53395654803395,8.029132914089132e-13
858,naive,-42.19659804164951,0.38104249999999573,0.081,-42.658640541649504,5.47025,9.0,83.0,76.08333333333333,38.39419565219358,4000,-42.65864054165008,5.755396159656812e-13
859,oracle,29.20893053009968,0.1270675000000006,0.025,29.05686303009968,2.94575,5.0,91.0,68.72328015062806,5.0246521869804255,4000,29.056863030099176,5.044853423896711e-13
859,belief,21.61528163296589,0.14840750000000258,0.036000000000000004,21.430874132965887,3.13375,6.0,92.0,69.72172063420929,5.885105501567683,4000,21.43087413296493,9.556799795973347e-13
859,randomised,21.313952154430808,0.14840750000000258,0.036000000000000004,21.129544654430806,3.13375,6.0,92.0,69.42039115205858,5.885105501567683,4000,21.12954465442985,9.556799795973347e-13
859,naive,-28.63930188528161,0.4565875000000049,0.121,-29.216889385281615,5.44375,11.0,73.0,66.91666666666661,7.280008889881199,4000,-29.216889385281828,2.1316282072803006e-13
860,oracle,32.730801154157604,0.06993750000000062,0.004,32.656863654157604,2.32625,2.0,50.0,53.371500195816324,17.188741257624457,4000,32.6568636541575,1.0658141036401503e-13
860,belief,33.158141508820734,0.06993750000000062,0.004,33.084204008820734,2.32625,2.0,50.0,53.7988405556071,17.188741257624457,4000,33.08420400882061,1.2079226507921703e-13
860,randomised,33.23228720114244,0.06993750000000062,0.004,33.15834970114244,2.32625,2.0,50.0,53.87298624881852,17.188741257624457,4000,33.15834970114232,1.2079226507921703e-13
860,naive,39.446443894979666,0.12255749999999861,0.081,39.242886394979664,2.71475,9.0,71.0,65.08333333333327,31.46547628404261,4000,39.242886394980204,5.400124791776761e-13
861,oracle,72.91783845983832,0.17833750000000181,0.036000000000000004,72.70350095983832,3.24575,6.0,60.0,58.667772122389195,18.13998112880363,4000,72.7035009598386,2.8421709430404007e-13
861,belief,77.55852222853719,0.2389575000000023,0.049,77.27056472853718,3.79125,7.0,61.0,59.69583831962723,18.405625428826447,4000,77.27056472853684,3.410605131648481e-13
861,randomised,72.91783845983832,0.17833750000000181,0.036000000000000004,72.70350095983832,3.24575,6.0,60.0,58.667772122389195,18.13998112880363,4000,72.7035009598386,2.8421709430404007e-13
861,naive,85.52613245608109,0.33095999999999826,0.169,85.02617245608108,4.4915,13.0,73.0,66.91666666666661,25.072388023956773,4000,85.02617245608137,2.8421709430404007e-13
862,oracle,48.68256980296309,0.029959999999999657,0.004,48.64860980296309,1.306,2.0,58.0,57.18198614228727,18.562983073371623,4000,48.64860980296259,4.973799150320701e-13
862,belief,45.10589857957552,0.03900750000000242,0.001,45.06589107957552,1.48325,1.0,57.0,56.50641131751621,18.562983073371623,4000,45.06589107957505,4.689582056016661e-13
862,randomised,40.90697988157626,0.027424999999999318,0.001,40.878554881576264,1.243,1.0,57.0,56.50992450623957,18.562983073371623,4000,40.87855488157588,3.836930773104541e-13
862,naive,21.315116182375675,0.09641249999999663,0.016,21.20270368237568,2.57575,4.0,66.0,60.49999999999994,26.610921436236342,4000,21.20270368237593,2.4868995751603507e-13
863,oracle,37.346368557777055,0.1185674999999968,0.036000000000000004,37.191801057777056,3.11875,6.0,56.0,54.96492309652548,16.92046665198853,4000,37.19180105777866,1.6058265828178264e-12
863,belief,37.69433188631211,0.11130499999999761,0.025,37.55802688631212,3.049,5.0,57.0,56.994143939069644,20.778617179606623,4000,37.55802688631345,1.3287149158713873e-12
863,randomised,37.16237667885616,0.10800499999999716,0.025,37.029371678856165,2.993,5.0,55.0,54.783486200320105,16.92046665198853,4000,37.02937167885755,1.3855583347321954e-12
863,naive,27.995959941620868,0.13640499999999858,0.036000000000000004,27.823554941620866,2.8015,6.0,64.0,58.666666666666615,27.48749916992827,4000,27.823554941622135,1.2683187833317788e-12
864,oracle,27.04737255863094,0.07327999999999935,0.0,26.97409255863094,2.117,0.0,84.0,68.55719014959732,13.095790609240947,4000,26.974092558630556,3.836930773104541e-13
864,belief,34.61996071966375,0.04830749999999991,0.001,34.570653219663754,1.66425,1.0,81.0,66.61624890337312,13.095790609240947,4000,34.57065321966366,9.237055564881302e-14
864,randomised,21.332273122741853,0.09199749999999925,0.001,21.239275622741854,2.26025,1.0,83.0,67.90855311603369,13.37297358522434,4000,21.23927562274141,4.440892098500626e-13
864,naive,43.399979505680875,0.07532500000000053,0.004,43.32065450568088,2.416,2.0,62.0,56.833333333333286,17.925755635463418,4000,43.32065450568111,2.3447910280083306e-13
865,oracle,6.691123584615383,0.0457375000000021,0.004,6.641386084615381,1.63425,2.0,54.0,52.58113995446558,17.5241322272315,4000,6.641386084615617,2.362554596402333e-13
865,belief,6.770411872921926,0.0457375000000021,0.004,6.720674372921924,1.63425,2.0,54.0,52.66042824372333,17.5241322272315,4000,6.720674372922166,2.4158453015843406e-13
865,randomised,6.691123584615383,0.0457375000000021,0.004,6.641386084615381,1.63425,2.0,54.0,52.58113995446558,17.5241322272315,4000,6.641386084615617,2.362554596402333e-13
865,naive,-6.057718667194138,0.11910749999998882,0.009000000000000001,-6.185826167194127,3.10225,3.0,65.0,59.58333333333328,26.14213153093052,4000,-6.185826167193499,6.279421427279885e-13
866,oracle,-22.896598639141985,0.17300999999999617,0.121,-23.19060863914198,3.4395,11.0,63.0,60.26407202543223,18.997276163951202,4000,-23.19060863914177,2.0961010704922955e-13
866,belief,-11.217669584337045,0.12655249999999757,0.1,-11.444222084337042,2.91675,10.0,62.0,59.91329237804723,18.997276163951202,4000,-11.444222084336927,1.1546319456101628e-13
866,randomised,-22.403167730471978,0.17300999999999617,0.121,-22.697177730471974,3.4395,11.0,63.0,60.757502940022974,18.997276163951202,4000,-22.697177730471765,2.0961010704922955e-13
866,naive,87.94253628617602,0.05440499999999957,0.0,87.88813128617602,2.015,0.0,64.0,58.666666666666615,22.666603409278967,4000,87.88813128617423,1.7905676941154525e-12
867,oracle,32.00697584914775,0.08080000000000016,0.001,31.92517584914775,2.466,1.0,65.0,54.87237680136556,9.43349974978299,4000,31.92517584914839,6.394884621840902e-13
867,belief,32.0366083294424,0.08080000000000016,0.001,31.9548083294424,2.466,1.0,65.0,54.90200928201574,9.43349974978299,4000,31.95480832944304,6.394884621840902e-13
867,randomised,20.684908549277424,0.10465249999999994,0.004,20.576256049277422,2.81925,2.0,66.0,55.560247503674084,9.495781272456453,4000,20.57625604927766,2.3803181647963356e-13
867,naive,-8.018236685510999,0.1614449999999986,0.025,-8.204681685510998,3.28,5.0,59.0,54.08333333333329,18.079411957034434,4000,-8.20468168551091,8.881784197001252e-14
868,oracle,58.75432790635824,0.3913649999999916,0.009000000000000001,58.35396290635825,5.2515,3.0,67.0,66.95021035621535,19.61135305173896,4000,58.35396290635816,8.526512829121202e-14
868,belief,58.75474177651461,0.3913649999999916,0.009000000000000001,58.35437677651461,5.2515,3.0,67.0,66.9506242263771,19.61135305173896,4000,58.35437677651453,8.526512829121202e-14
868,randomised,58.246013776686425,0.3913649999999916,0.009000000000000001,57.84564877668643,5.2515,3.0,67.0,66.44189622044395,19.61135305173896,4000,57.84564877668635,7.815970093361102e-14
868,naive,110.15641600963909,0.2802349999999925,0.009000000000000001,109.8671810096391,3.988,3.0,77.0,70.5833333333333,27.796141903207335,4000,109.86718100963826,8.384404281969182e-13
869,oracle,27.837781086748805,0.12277499999999607,0.016,27.69900608674881,3.142,4.0,50.0,53.439352878362506,20.69754872782601,4000,27.69900608674916,3.517186542012496e-13
869,belief,27.444748078272994,0.12277499999999607,0.016,27.305973078273,3.142,4.0,50.0,53.04631986517068,20.69754872782601,4000,27.305973078273343,3.446132268436486e-13
869,randomised,26.843719680198888,0.12277499999999607,0.016,26.704944680198892,3.142,4.0,50.0,52.44529145988462,20.69754872782601,4000,26.7049446801991,2.0961010704922955e-13
869,naive,31.588620584885007,0.3053699999999968,0.064,31.21925058488501,4.7665,8.0,60.0,54.99999999999996,24.510304659911757,4000,31.219250584884755,2.5579538487363607e-13
870,oracle,49.50892249991023,0.37386999999999054,0.049,49.08605249991024,5.5195,7.0,97.0,79.93988312236148,11.852406012187512,4000,49.086052499910295,5.684341886080802e-14
870,belief,49.42265116942065,0.40034249999999194,0.064,48.95830866942065,5.79275,8.0,96.0,79.85483529290727,11.852406012187512,4000,48.958308669420084,5.684341886080801e-13
870,randomised,50.01967119993344,0.37386999999999054,0.049,49.59680119993345,5.5195,7.0,97.0,80.45063182851312,11.852406012187512,4000,49.596801199933516,6.394884621840902e-14
870,naive,30.551068450434286,0.7288199999999906,0.196,29.626248450434293,7.3905,14.0,84.0,77.00000000000001,17.097280062911295,4000,29.626248450433938,3.552713678800501e-13
871,oracle,-36.000723714565765,0.1948124999999966,0.036000000000000004,-36.231536214565764,3.89875,6.0,86.0,76.55403645283236,23.652145271345308,4000,-36.23153621456632,5.542233338928781e-13
871,belief,-38.407442450131384,0.19553999999999697,0.036000000000000004,-38.63898245013138,3.8405,6.0,84.0,75.26747594747549,23.652145271345308,4000,-38.63898245013192,5.400124791776761e-13
871,randomised,-33.78108230863188,0.18924499999999744,0.036000000000000004,-34.00632730863188,3.6975,6.0,86.0,76.55501076249229,23.652145271345308,4000,-34.006327308632336,4.547473508864641e-13
871,naive,-35.39926437984252,0.2682374999999998,0.064,-35.73150187984252,3.98775,8.0,80.0,73.33333333333333,31.129793780150894,4000,-35.73150187984324,7.247535904753022e-13
872,oracle,6.250776983534536,0.12273749999999577,0.025,6.103039483534539,2.78425,5.0,49.0,49.27834605031321,13.770177474207724,4000,6.103039483534338,2.0161650127192843e-13
872,belief,6.404486260900967,0.12273749999999577,0.025,6.256748760900971,2.78425,5.0,49.0,49.43205532952415,13.770177474207724,4000,6.2567487609007655,2.0516921495072893e-13
872,randomised,7.2499241566703745,0.12273749999999577,0.025,7.102186656670378,2.78425,5.0,49.0,50.27749323543795,13.770177474207724,4000,7.102186656670177,2.0161650127192843e-13
872,naive,49.139511076948324,0.28572249999999466,0.0,48.85378857694833,4.59125,0.0,58.0,53.16666666666663,23.65548142371766,4000,48.85378857694856,2.2737367544323206e-13
873,oracle,88.80651661685695,0.11654999999999376,0.001,88.68896661685696,2.8715,1.0,107.0,83.88351528816749,14.04640873968698,4000,88.68896661685784,8.810729923425242e-13
873,belief,88.37393623013863,0.163257500000003,0.001,88.20967873013862,3.63025,1.0,103.0,81.37381750305303,14.04640873968698,4000,88.20967873014024,1.6200374375330284e-12
873,randomised,87.89838828093788,0.11284499999999269,0.0,87.78554328093789,2.9035,0.0,104.0,81.88884866650442,14.04640873968698,4000,87.78554328093747,4.121147867408581e-13
873,naive,60.98172168707413,0.3827974999999955,0.064,60.53492418707413,5.42475,8.0,80.0,73.33333333333331,16.123605035198974,4000,60.53492418707257,1.5631940186722204e-12
874,oracle,56.00360131888647,0.5979224999999956,0.196,55.20967881888647,7.15025,14.0,64.0,62.78471421076169,16.36482530288906,4000,55.20967881888595,5.258016244624741e-13
874,belief,54.74467750035183,0.5994699999999956,0.196,53.94920750035183,7.164,14.0,62.0,61.524251584459236,16.36482530288906,4000,53.94920750035132,5.115907697472721e-13
874,randomised,54.67203473995846,0.5994699999999956,0.196,53.87656473995847,7.164,14.0,62.0,61.45160882319408,16.36482530288906,4000,53.876564739957956,5.115907697472721e-13
874,naive,58.227495190021045,0.44748249999999745,0.121,57.659012690021044,6.18425,11.0,71.0,65.08333333333327,22.40639336935933,4000,57.6590126900205,5.471179065352771e-13
875,oracle,25.720057376444288,0.14375250000000084,0.049,25.527304876444287,3.07125,7.0,71.0,62.51825566710727,14.666144368301467,4000,25.52730487644437,8.171241461241152e-14
875,belief,27.616289105715282,0.15664250000000046,0.049,27.410646605715282,3.23175,7.0,73.0,64.9953329763953,16.261743196795358,4000,27.41064660571535,6.750155989720952e-14
875,randomised,25.720057376444288,0.14375250000000084,0.049,25.527304876444287,3.07125,7.0,71.0,62.51825566710727,14.666144368301467,4000,25.52730487644437,8.171241461241152e-14
875,naive,11.66116048245658,1.019522499999991,0.361,10.28063798245659,7.61425,19.0,75.0,68.74999999999996,19.293836362256297,4000,10.280637982456476,1.1368683772161603e-13
876,oracle,-134.58628526264636,0.5413599999999883,0.049,-135.17664526264636,6.9445,7.0,65.0,57.72641709786113,18.318157858339795,4000,-135.17664526264545,9.094947017729282e-13
876,belief,-133.93762802031608,0.5413599999999883,0.049,-134.5279880203161,6.9445,7.0,65.0,58.37507434797519,18.318157858339795,4000,-134.52798802031518,9.094947017729282e-13
876,randomised,-155.3089215790866,0.6459124999999943,0.049,-156.0038340790866,7.55675,7.0,65.0,58.273487194376955,18.423566913229145,4000,-156.00383407908205,4.547473508864641e-12
876,naive,-145.40300207406176,0.641404999999998,0.049,-146.09340707406176,7.366,7.0,69.0,63.24999999999994,25.583430790466807,4000,-146.09340707406068,1.0800249583553523e-12
877,oracle,38.437238840604834,0.09165749999999857,0.016,38.32958134060484,2.57225,4.0,58.0,58.72981673397206,20.203172313553953,4000,38.32958134060933,4.490630090003833e-12
877,belief,37.59886991407768,0.09246999999999826,0.016,37.490399914077685,2.5935,4.0,56.0,57.890542437915144,20.203172313553953,4000,37.490399914081955,4.270361841918202e-12
877,randomised,26.421462010241214,0.06363500000000197,0.016,26.341827010241214,2.086,4.0,58.0,59.737139592669934,20.520481042829697,4000,26.341827010240454,7.602807272633072e-13
877,naive,66.46597004083249,0.19977749999999914,0.0,66.26619254083249,3.35725,0.0,70.0,64.1666666666666,28.436709469027615,4000,66.26619254083415,1.6626700016786344e-12
878,oracle,86.69472717929784,0.360442500000001,0.049,86.28528467929783,5.73325,7.0,69.0,59.784538553752206,8.402734478416342,4000,86.28528467929873,8.952838470577262e-13
878,belief,74.81634948560105,0.27658750000000315,0.025,74.51476198560104,5.03575,5.0,67.0,58.461745410235075,8.402734478416342,4000,74.51476198560319,2.1458390619955026e-12
878,randomised,80.96928315293678,0.3630249999999996,0.036000000000000004,80.57025815293679,5.758,6.0,68.0,59.10841162926465,8.565117130188126,4000,80.57025815293794,1.1510792319313623e-12
878,naive,69.31193251637097,0.35041250000000246,0.016,68.94552001637096,5.60525,4.0,66.0,60.49999999999994,12.862568087136484,4000,68.94552001637274,1.7763568394002505e-12
879,oracle,80.70819054073192,0.18401249999999966,0.001,80.52317804073192,3.31725,1.0,101.0,80.43458608838736,12.65770442030327,4000,80.5231780407312,7.247535904753022e-13
879,belief,79.12982940296037,0.14738000000000429,0.004,78.97844940296036,3.002,2.0,98.0,78.774726029362,12.65770442030327,4000,78.9784494029582,2.1600499167107046e-12
879,randomised,79.26666321804201,0.14738000000000429,0.004,79.11528321804201,3.002,2.0,98.0,78.91155984608552,12.65770442030327,4000,79.11528321803985,2.1600499167107046e-12
879,naive,78.5126495068589,0.11066499999999974,0.004,78.3979845068589,2.8925,2.0,86.0,78.83333333333334,19.68025623970653,4000,78.3979845068593,3.979039320256561e-13
880,oracle,63.09765517655791,0.09507999999999912,0.016,62.98657517655791,2.5135,4.0,74.0,72.43478324850426,31.73853238160564,4000,62.98657517655763,2.8421709430404007e-13
880,belief,53.40318949262655,0.10246749999999849,0.016,53.28472199262656,2.64275,4.0,72.0,70.66635478429616,28.387735224655753,4000,53.28472199262641,1.4921397450962104e-13
880,randomised,52.839635507404125,0.10246749999999849,0.016,52.72116800740413,2.64275,4.0,72.0,70.10280079231136,28.387735224655753,4000,52.721168007403996,1.3500311979441904e-13
880,naive,66.127059378002,0.18825250000000573,0.0,65.938806878002,3.90775,0.0,82.0,75.16666666666666,45.465860797968766,4000,65.93880687800264,6.394884621840902e-13
881,oracle,63.63755273216793,0.22020499999999693,0.064,63.35334773216793,4.046,8.0,42.0,39.72628370293977,13.743894900054299,4000,63.353347732167684,2.4868995751603507e-13
881,belief,65.9186127948035,0.27163999999999544,0.081,65.5659727948035,4.466,9.0,41.0,39.1002830685591,13.743894900054299,4000,65.56597279480417,6.679101716144942e-13
881,randomised,66.00596426383265,0.21998499999999677,0.064,65.72197926383267,4.024,8.0,42.0,39.72618148924467,13.875555765776742,4000,65.72197926383265,1.4210854715202004e-14
881,naive,45.3600748777086,0.2980999999999904,0.081,44.980974877708604,4.979,9.0,55.0,50.416666666666636,24.366402610909006,4000,44.98097487770891,3.055333763768431e-13
882,oracle,21.27516633583309,0.30591999999999836,0.169,20.800246335833094,4.621,13.0,51.0,54.405771605471976,25.219677469119958,4000,20.800246335833148,5.3290705182007514e-14
882,belief,17.05892804045493,0.30279499999999837,0.169,16.58713304045493,4.5955,13.0,49.0,53.23337826524181,25.423025942019603,4000,16.587133040454784,1.4566126083082054e-13
882,randomised,15.392231016626056,0.30279499999999837,0.169,14.920436016626057,4.5955,13.0,49.0,51.56668122141337,25.423025942019603,4000,14.92043601662596,9.769962616701378e-14
882,naive,29.67403816927481,0.09554749999999937,0.081,29.49749066927481,2.30375,9.0,77.0,70.58333333333331,37.21549153670918,4000,29.497490669274665,1.4566126083082054e-13
883,oracle,57.192385641433475,0.4417950000000084,0.121,56.62959064143347,4.9025,11.0,53.0,53.340134125919334,12.430824209415002,4000,56.62959064143363,1.6342482922482304e-13
883,belief,55.926384873018264,0.3714774999999914,0.1,55.45490737301827,4.54275,10.0,52.0,52.597342364502964,12.430824209415002,4000,55.45490737301899,7.176481631177012e-13
883,randomised,57.192385641433475,0.4417950000000084,0.121,56.62959064143347,4.9025,11.0,53.0,53.340134125919334,12.430824209415002,4000,56.62959064143363,1.6342482922482304e-13
883,naive,29.49521897075647,0.5665499999999942,0.169,28.759668970756472,6.232,13.0,61.0,55.91666666666662,21.035158896804287,4000,28.75966897075632,1.5276668818842154e-13
884,oracle,-16.544508486270217,0.038392500000002265,0.009000000000000001,-16.59190098627022,1.43425,3.0,49.0,51.22044899365055,20.872000590994492,4000,-16.591900986271575,1.3571366253017914e-12
884,belief,-18.357251046881117,0.04090750000000482,0.004,-18.402158546881125,1.56325,2.0,48.0,51.00641170358955,20.872000590994492,4000,-18.402158546883452,2.327027459614328e-12
884,randomised,-18.322485926583965,0.04090750000000482,0.004,-18.367393426583973,1.56325,2.0,48.0,51.041176824303754,20.872000590994492,4000,-18.3673934265863,2.327027459614328e-12
884,naive,1.07171710631701,0.12699500000000258,0.049,0.8957221063170072,2.9615,7.0,57.0,52.249999999999964,26.870278027020788,4000,0.8957221063172355,2.282618538629322e-13
885,oracle,61.125547178599334,0.026599999999999218,0.0,61.09894717859933,1.3315,0.0,58.0,57.67488592443124,18.203553679522532,4000,61.09894717859633,2.9984903449076228e-12
885,belief,61.030610477375944,0.026599999999999218,0.0,61.00401047737594,1.3315,0.0,58.0,57.57994922206867,18.203553679522532,4000,61.004010477372944,2.9984903449076228e-12
885,randomised,48.05195450567483,0.04039750000000233,0.001,48.010557005674826,1.68525,1.0,59.0,57.855061615669946,18.617709494899305,4000,48.01055700567369,1.1368683772161603e-12
885,naive,18.171783921596727,0.0986099999999984,0.025,18.04817392159673,2.5695,5.0,71.0,65.08333333333327,25.6197603484412,4000,18.048173921597876,1.1439738045737613e-12
886,oracle,87.37800930518802,0.16509250000000042,0.121,87.09191680518802,3.16025,11.0,77.0,63.59937742992031,8.517147282308335,4000,87.09191680518838,3.552713678800501e-13
886,belief,86.73565339525067,0.1503624999999986,0.1,86.48529089525067,2.98675,10.0,80.0,67.57091819697213,9.186082537483165,4000,86.4852908952507,2.842170943040401e-14
886,randomised,88.19736391557012,0.16235999999999795,0.1,87.93500391557014,3.1925,10.0,78.0,65.23511500610299,8.820252047164846,4000,87.93500391557018,4.263256414560601e-14
886,naive,79.43473352954493,0.2550974999999974,0.169,79.01063602954494,4.05025,13.0,75.0,68.74999999999996,11.74017849342388,4000,79.0106360295444,5.400124791776761e-13
887,oracle,67.00419877239024,0.02276499999999944,0.001,66.98043377239024,1.224,1.0,57.0,61.011975235078005,20.725747688617073,4000,66.98043377238773,2.5153212845907547e-12
887,belief,67.79275262051037,0.02276499999999944,0.001,67.76898762051037,1.224,1.0,57.0,61.800529092660085,20.725747688617073,4000,67.7689876205079,2.4726887204451486e-12
887,randomised,67.50264234355082,0.02276499999999944,0.001,67.47887734355082,1.224,1.0,57.0,61.51041881221947,20.725747688617073,4000,67.47887734354835,2.4726887204451486e-12
887,naive,89.02536982283245,0.04581500000000164,0.001,88.97855482283244,1.8025,1.0,73.0,66.91666666666661,31.121856104651208,4000,88.97855482283317,7.389644451905042e-13
888,oracle,60.877895049676454,0.19403249999999808,0.036000000000000004,60.647862549676454,3.43675,6.0,62.0,62.51774852701742,20.860866929387523,4000,60.64786254967511,1.3429257705865894e-12
888,belief,63.869717139948534,0.19667499999999827,0.036000000000000004,63.637042139948534,3.5395,6.0,64.0,64.44145188046743,21.337146081626297,4000,63.63704213994666,1.8758328224066645e-12
888,randomised,65.49944646679842,0.1697949999999989,0.025,65.30465146679842,3.439,5.0,63.0,63.64233429101594,21.337146081626297,4000,65.3046514667972,1.2221335055073723e-12
888,naive,71.28862796561971,0.06997750000000004,0.001,71.21765046561971,2.08975,1.0,79.0,72.41666666666663,30.733179725236763,4000,71.21765046561922,4.973799150320701e-13
889,oracle,21.329195896420742,0.6062949999999737,0.1,20.622900896420767,6.704,10.0,54.0,52.554226871096965,10.873407143644897,4000,20.62290089642038,3.872457909892546e-13
889,belief,16.99812386575877,0.7861100000000022,0.14400000000000002,16.068013865758772,7.598,12.0,52.0,52.301708212394246,10.873407143644897,4000,16.068013865758573,1.9895196601282805e-13
889,randomised,16.580105626343993,0.7861100000000022,0.14400000000000002,15.64999562634399,7.598,12.0,52.0,51.88368996796389,10.873407143644897,4000,15.649995626343783,2.078337502098293e-13
889,naive,19.076456420256136,0.6447049999999915,0.14400000000000002,18.287751420256146,7.1345,12.0,58.0,53.16666666666663,16.279392661299433,4000,18.287751420255795,3.517186542012496e-13
890,oracle,83.26517444155706,0.19885499999999642,0.036000000000000004,83.03031944155707,3.279,6.0,60.0,54.19635321529907,11.287206671675692,4000,83.03031944155687,1.9895196601282805e-13
890,belief,80.22766917246793,0.24966499999999517,0.049,79.92900417246793,3.579,7.0,61.0,54.940966257924494,12.330310429412084,4000,79.92900417246908,1.1510792319313623e-12
890,randomised,86.68954209492483,0.2202274999999955,0.049,86.42031459492483,3.56225,7.0,63.0,56.22262150135562,12.818029006219106,4000,86.42031459492564,8.100187187665142e-13
890,naive,48.912123133569224,0.021547499999999706,0.001,48.88957563356923,1.09525,1.0,57.0,52.249999999999964,17.29212592763677,4000,48.88957563356731,1.9184653865522705e-12
891,oracle,41.0873717574616,0.026899999999999015,0.025,41.0354717574616,1.1705,5.0,51.0,49.543107247627546,13.64916134186293,4000,41.03547175746009,1.5134560271690134e-12
891,belief,23.552718310084174,0.0335899999999998,0.049,23.470128310084174,1.312,7.0,51.0,49.609115541481295,13.846891013751854,4000,23.470128310080707,3.467448550509289e-12
891,randomised,30.352730635409216,0.022647500000000646,0.036000000000000004,30.294083135409213,0.99175,6.0,50.0,48.89105678062722,13.64916134186293,4000,30.29408313540806,1.1546319456101628e-12
891,naive,-85.14902991022768,0.4134300000000006,0.289,-85.85145991022769,5.2845,17.0,65.0,59.58333333333328,19.62370411896637,4000,-85.85145991022716,5.258016244624741e-13
892,oracle,76.40038075345797,0.19132249999999892,0.025,76.18405825345796,3.44875,5.0,75.0,65.16632953453812,12.779055830879058,4000,76.18405825345779,1.7053025658242404e-13
892,belief,76.64882714087003,0.19132249999999892,0.025,76.43250464087002,3.44875,5.0,75.0,65.41477592493115,12.779055830879058,4000,76.43250464086984,1.8474111129762605e-13
892,randomised,79.7121537067394,0.2555024999999987,0.036000000000000004,79.4206512067394,4.11975,6.0,76.0,65.88773041280977,14.376281018593858,4000,79.42065120673935,4.263256414560601e-14
892,naive,24.133834246402557,0.6993924999999827,0.1,23.33444174640257,7.75075,10.0,68.0,62.33333333333328,18.948773733490924,4000,23.334441746402103,4.689582056016661e-13
893,oracle,18.933509001693835,0.1330749999999972,0.016,18.78443400169384,3.086,4.0,58.0,61.27431998821689,22.097288793702642,4000,18.784434001694088,2.4868995751603507e-13
893,belief,18.883952377297305,0.1330749999999972,0.016,18.73487737729731,3.086,4.0,58.0,61.22476336322598,22.097288793702642,4000,18.734877377297593,2.8421709430404007e-13
893,randomised,9.107854336626417,0.20096250000000454,0.025,8.881891836626412,3.89275,5.0,59.0,61.99528534031264,22.28489131287574,4000,8.881891836627002,5.897504706808832e-13
893,naive,1.7754784565017872,0.2922024999999929,0.049,1.4342759565017942,4.68175,7.0,67.0,61.41666666666661,30.35429006372698,4000,1.4342759565021348,3.4061642395499803e-13
894,oracle,26.161934195563504,0.07638250000000162,0.049,26.036551695563503,2.29875,7.0,45.0,45.59019096637699,10.496016706194673,4000,26.036551695564107,6.039613253960852e-13
894,belief,26.046811180779173,0.07638250000000162,0.049,25.921428680779172,2.29875,7.0,45.0,45.47506795021089,10.496016706194673,4000,25.921428680779776,6.039613253960852e-13
894,randomised,21.888432772932788,0.1119374999999987,0.049,21.72749527293279,3.00525,7.0,45.0,45.598642745073796,10.86775192315805,4000,21.727495272932877,8.881784197001252e-14
894,naive,33.81818201126396,0.3104849999999963,0.1,33.40769701126396,4.861,10.0,54.0,49.49999999999997,18.087141841511713,4000,33.4076970112634,5.613287612504791e-13
895,oracle,72.86357242740684,0.042292499999999025,0.016,72.80527992740683,1.63325,4.0,64.0,66.21721072877408,21.598532844267524,4000,72.80527992740582,1.0089706847793423e-12
895,belief,72.84397927270646,0.042292499999999025,0.016,72.78568677270646,1.63325,4.0,64.0,66.19761757383863,21.598532844267524,4000,72.7856867727054,1.0516032489249483e-12
895,randomised,72.86357242740684,0.042292499999999025,0.016,72.80527992740683,1.63325,4.0,64.0,66.21721072877408,21.598532844267524,4000,72.80527992740582,1.0089706847793423e-12
895,naive,57.53024538924501,0.1762524999999972,0.081,57.27299288924501,3.04425,9.0,83.0,76.08333333333333,36.12644710939663,4000,57.27299288924471,2.984279490192421e-13
896,oracle,50.763529156647905,0.1214874999999936,0.009000000000000001,50.63304165664791,3.05275,3.0,67.0,65.69070075855429,19.53472656471178,4000,50.63304165664799,7.815970093361102e-14
896,belief,50.82248402184945,0.1214874999999936,0.009000000000000001,50.691996521849454,3.05275,3.0,67.0,65.74965562446302,19.53472656471178,4000,50.69199652184954,8.526512829121202e-14
896,randomised,50.763529156647905,0.1214874999999936,0.009000000000000001,50.63304165664791,3.05275,3.0,67.0,65.69070075855429,19.53472656471178,4000,50.63304165664799,7.815970093361102e-14
896,naive,68.07781795916222,0.32043999999999867,0.004,67.75337795916221,5.2005,2.0,82.0,75.16666666666666,28.483013162501205,4000,67.75337795916238,1.7053025658242404e-13
897,oracle,16.85966839849317,0.12853499999999984,0.025,16.706133398493172,2.852,5.0,55.0,60.300778966736736,28.61918391798346,4000,16.70613339849309,8.171241461241152e-14
897,belief,17.21620672484022,0.12853499999999984,0.025,17.06267172484022,2.852,5.0,55.0,60.657317297362134,28.61918391798346,4000,17.062671724840143,7.815970093361102e-14
897,randomised,15.03321445296632,0.11196000000000095,0.016,14.905254452966318,2.8755,4.0,56.0,61.4327195653675,29.1338165177208,4000,14.905254452967073,7.549516567451064e-13
897,naive,15.030095952494776,0.16381499999999882,0.036000000000000004,14.830280952494777,3.426,6.0,72.0,65.99999999999994,37.317587038749465,4000,14.830280952494553,2.2382096176443156e-13
898,oracle,42.63020004272215,0.13649999999999998,0.016,42.477700042722155,3.321,4.0,60.0,53.09173508530002,20.195505422882924,4000,42.47770004272204,1.1368683772161603e-13
898,belief,36.45158176622107,0.1277799999999964,0.009000000000000001,36.31480176622107,3.124,3.0,59.0,51.89799804937843,20.195505422882924,4000,36.31480176622042,6.536993168992922e-13
898,randomised,34.11840624091411,0.12683749999999525,0.016,33.97556874091412,3.10575,4.0,60.0,52.59023889592632,20.21333067871533,4000,33.97556874091391,2.1316282072803006e-13
898,naive,42.645516049291246,0.17035499999999795,0.064,42.411161049291245,3.5835,8.0,62.0,56.833333333333286,27.608840260823957,4000,42.41116104929094,3.055333763768431e-13
899,oracle,68.26211585670353,0.12023999999999661,0.016,68.12587585670353,2.929,4.0,94.0,72.24839684316412,8.514807315184715,4000,68.12587585670288,6.536993168992922e-13
899,belief,69.10689330639309,0.12023999999999661,0.016,68.97065330639309,2.929,4.0,94.0,73.09317430298991,8.514807315184715,4000,68.97065330639259,4.973799150320701e-13
899,randomised,69.26357507498142,0.12023999999999661,0.016,69.12733507498142,2.929,4.0,94.0,73.24985607345862,8.514807315184715,4000,69.12733507498092,4.973799150320701e-13
899,naive,59.0355268855356,0.29367000000000076,0.004,58.73785688553561,4.8475,2.0,80.0,73.33333333333331,12.927264676866741,4000,58.73785688553519,4.192202140984591e-13
900,oracle,41.8797724575673,0.12686749999999208,0.004,41.74890495756731,3.13225,2.0,76.0,63.746193557134006,15.279313039959051,4000,41.74890495756781,4.973799150320701e-13
900,belief,42.52471236465459,0.12686749999999208,0.004,42.393844864654604,3.13225,2.0,76.0,64.39113347195995,15.279313039959051,4000,42.393844864654966,3.623767952376511e-13
900,randomised,42.39277043347357,0.12686749999999208,0.004,42.261902933473586,3.13225,2.0,76.0,64.25919153919588,15.279313039959051,4000,42.261902933474076,4.902744876744691e-13
900,naive,18.463083539017134,0.45837250000000584,0.016,17.98871103901713,6.27525,4.0,66.0,60.49999999999995,20.248683217393566,4000,17.98871103901703,9.947598300641403e-14
901,oracle,67.81357102452806,0.02971749999999918,0.001,67.78285352452805,1.39075,1.0,59.0,61.852221158563,20.297116535135316,4000,67.78285352452664,1.4068746168049984e-12
901,belief,68.78002763284779,0.0322325000000001,0.001,68.74679513284778,1.45875,1.0,59.0,62.64438936517976,20.61463370149486,4000,68.7467951328464,1.3784529073745944e-12
901,randomised,68.99007698529368,0.0322325000000001,0.001,68.95684448529367,1.45875,1.0,59.0,62.854438720146184,20.61463370149486,4000,68.9568444852923,1.3784529073745944e-12
901,naive,117.04248811542175,0.14029999999999954,0.025,116.87718811542175,3.006,5.0,83.0,76.08333333333334,39.41987662486768,4000,116.87718811542129,4.547473508864641e-13
902,oracle,66.36446756160586,0.16866500000000012,0.025,66.17080256160585,3.4885,5.0,81.0,64.592697004508,9.62049610408448,4000,66.17080256160682,9.663381206337363e-13
902,belief,65.82968313957065,0.1811024999999983,0.036000000000000004,65.61258063957065,3.74025,6.0,80.0,64.05194254253924,9.62049610408448,4000,65.61258063957158,9.237055564881302e-13
902,randomised,67.85112618225332,0.22318750000000778,0.049,67.57893868225331,4.26025,7.0,81.0,64.65419801079965,9.999266083622967,4000,67.57893868225257,7.389644451905042e-13
902,naive,69.4164700938968,0.14340999999999907,0.064,69.20906009389681,3.3385,8.0,76.0,69.66666666666663,14.164089173522907,4000,69.20906009389827,1.4637180356658064e-12
903,oracle,42.24091329833743,0.07477999999999956,0.009000000000000001,42.157133298337435,2.0965,3.0,77.0,70.40535206466775,21.124840671797347,4000,42.15713329833746,2.842170943040401e-14
903,belief,38.2535410324852,0.07544249999999988,0.009000000000000001,38.1690985324852,2.11575,3.0,77.0,70.92689560621963,21.790466299919498,4000,38.16909853248523,2.842170943040401e-14
903,randomised,38.729135114301585,0.07544249999999988,0.009000000000000001,38.64469261430158,2.11575,3.0,77.0,71.40248969374268,21.790466299919498,4000,38.64469261430161,2.842170943040401e-14
903,naive,51.42428136411064,0.13533000000000317,0.016,51.27295136411064,3.2225,4.0,90.0,82.50000000000003,35.273911025465395,4000,51.27295136411065,7.105427357601002e-15
904,oracle,73.32436528435343,0.036045000000000806,0.001,73.28732028435343,1.5735,1.0,63.0,59.52395908879707,16.194419728965816,4000,73.28732028435257,8.526512829121202e-13
904,belief,65.25477633428396,0.035617500000000475,0.001,65.21815883428395,1.46775,1.0,61.0,57.92238377218644,16.194419728965816,4000,65.21815883428278,1.1795009413617663e-12
904,randomised,69.25483451200861,0.03210000000000014,0.001,69.22173451200861,1.4735,1.0,63.0,59.02917250666697,15.173713263465116,4000,69.22173451200706,1.5489831639570184e-12
904,naive,103.30488920141597,0.09605999999999715,0.0,103.20882920141598,2.4775,0.0,66.0,60.49999999999994,21.944168423062216,4000,103.2088292014213,5.314859663485549e-12
905,oracle,73.74728897165527,0.1115249999999966,0.001,73.63476397165526,2.735,1.0,61.0,58.74288983117032,16.62986553182903,4000,73.63476397165707,1.8047785488306545e-12
905,belief,62.165838986795194,0.08957999999999867,0.001,62.0752589867952,2.5165,1.0,59.0,57.329746619396005,16.62986553182903,4000,62.07525898679585,6.536993168992922e-13
905,randomised,62.22895083928927,0.08957999999999867,0.001,62.13837083928927,2.5165,1.0,59.0,57.39285847264763,16.62986553182903,4000,62.13837083928993,6.536993168992922e-13
905,naive,66.66449253397782,0.2333375000000001,0.001,66.43015503397781,3.85175,1.0,65.0,59.58333333333328,24.4265249573556,4000,66.43015503397773,8.526512829121202e-14
906,oracle,45.60942201973387,0.03890500000000159,0.004,45.56651701973387,1.6705,2.0,70.0,55.19493487442942,6.624318470099648,4000,45.566517019731656,2.2168933355715126e-12
906,belief,51.5706506374013,0.05880500000000408,0.001,51.510845637401296,2.185,1.0,69.0,55.190112141100364,8.06331425443306,4000,51.51084563740017,1.1226575225009583e-12
906,randomised,41.35390412527761,0.04658750000000453,0.004,41.30331662527761,1.78925,2.0,72.0,57.03350884630233,8.06331425443306,4000,41.30331662527549,2.1174173525650986e-12
906,naive,67.58554095716929,0.057000000000000016,0.001,67.52754095716928,1.8315,1.0,59.0,54.08333333333329,15.024768589894828,4000,67.52754095716948,1.9895196601282805e-13
907,oracle,9.16622329482243,0.07444000000000142,0.036000000000000004,9.05578329482243,2.0675,6.0,60.0,59.08684510838314,15.3689633852719,4000,9.055783294822236,1.936228954946273e-13
907,belief,8.73630254294062,0.07444000000000142,0.036000000000000004,8.62586254294062,2.0675,6.0,60.0,58.65692435134282,15.3689633852719,4000,8.625862542940423,1.971756091734278e-13
907,randomised,8.667668237041198,0.07444000000000142,0.036000000000000004,8.557228237041198,2.0675,6.0,60.0,58.58829004461963,15.3689633852719,4000,8.557228237041004,1.936228954946273e-13
907,naive,-14.012626746374053,0.9727974999999842,0.256,-15.241424246374038,8.90275,16.0,78.0,71.49999999999997,25.06898823778703,4000,-15.241424246371668,2.369660023759934e-12
908,oracle,57.41449915129016,0.13969750000000528,0.001,57.27380165129016,3.23725,1.0,57.0,56.56614124580376,19.716752968319838,4000,57.27380165128985,3.055333763768431e-13
908,belief,57.32320906077703,0.13969750000000528,0.001,57.18251156077703,3.23725,1.0,57.0,56.47485115419522,19.716752968319838,4000,57.182511560776724,3.055333763768431e-13
908,randomised,59.34209315442797,0.1433125000000088,0.004,59.194780654427966,3.32125,2.0,58.0,56.73915181788689,19.73535479575322,4000,59.19478065442749,4.760636329592671e-13
908,naive,9.512836367939542,0.2726399999999947,0.004,9.236196367939547,4.2405,2.0,68.0,62.33333333333327,29.122998377068033,4000,9.236196367939625,7.815970093361102e-14
909,oracle,41.33420206928554,0.3590675000000007,0.169,40.80613456928554,5.21125,13.0,61.0,55.095312461482465,10.398835494426502,4000,40.80613456928499,5.471179065352771e-13
909,belief,40.46903087154169,0.3941549999999997,0.169,39.905875871541696,5.5055,13.0,59.0,53.7766966599038,10.324944924527074,4000,39.905875871541284,4.121147867408581e-13
909,randomised,40.46023096043746,0.3941549999999997,0.169,39.89707596043746,5.5055,13.0,59.0,53.76789674869366,10.324944924527074,4000,39.89707596043705,4.121147867408581e-13
909,naive,54.07222402217985,0.3400800000000037,0.196,53.536144022179855,4.9155,14.0,72.0,65.99999999999994,17.089408961239688,4000,53.5361440221799,4.263256414560601e-14
910,oracle,-80.05276677308575,0.18948000000001147,0.036000000000000004,-80.27824677308577,3.5645,6.0,60.0,63.64732701433455,25.123857193575674,4000,-80.27824677308722,1.4495071809506044e-12
910,belief,-80.1099653252229,0.18948000000001147,0.036000000000000004,-80.33544532522292,3.5645,6.0,60.0,63.590128461510766,25.123857193575674,4000,-80.33544532522437,1.4495071809506044e-12
910,randomised,-80.53218672000503,0.18948000000001147,0.036000000000000004,-80.75766672000505,3.5645,6.0,60.0,63.1679070616626,25.123857193575674,4000,-80.7576667200065,1.4495071809506044e-12
910,naive,-65.84914194560724,0.1201599999999937,0.025,-65.99430194560725,2.8165,5.0,71.0,65.08333333333329,32.81640035303876,4000,-65.99430194560914,1.8900436771218665e-12
911,oracle,60.87059350255362,0.0808974999999967,0.004,60.78569600255362,2.34175,2.0,88.0,65.72543915817357,4.026019669175727,4000,60.785696002552356,1.2647660696529783e-12
911,belief,55.71818426486587,0.12473749999999746,0.0,55.593446764865874,2.87225,0.0,86.0,64.55377320646163,4.026019669175727,4000,55.59344676486559,2.8421709430404007e-13
911,randomised,55.07106831689491,0.12473749999999746,0.0,54.946330816894914,2.87225,0.0,86.0,63.90665725072626,4.026019669175727,4000,54.94633081689463,2.8421709430404007e-13
911,naive,28.278893231544316,0.11543249999999557,0.009000000000000001,28.15446073154432,2.91425,3.0,61.0,55.91666666666662,6.603242924317768,4000,28.154460731544866,5.471179065352771e-13
912,oracle,40.12488010472765,0.05573750000000009,0.009000000000000001,40.06014260472765,2.06825,3.0,61.0,60.227154288961565,15.503196133869455,4000,40.06014260472807,4.192202140984591e-13
912,belief,40.05249449053764,0.05573750000000009,0.009000000000000001,39.98775699053764,2.06825,3.0,61.0,60.15476867390292,15.503196133869455,4000,39.987756990538095,4.547473508864641e-13
912,randomised,43.46241511542706,0.05589,0.009000000000000001,43.397525115427065,2.016,3.0,61.0,60.21662882930136,15.637633333794312,4000,43.39752511542745,3.836930773104541e-13
912,naive,35.541121291358664,0.035887500000001855,0.001,35.504233791358665,1.52075,1.0,65.0,59.58333333333328,23.6232273687927,4000,35.5042337913578,8.668621376273222e-13
913,oracle,72.85331009062816,0.2856099999999933,0.14400000000000002,72.42370009062816,4.4515,12.0,66.0,61.33707139460747,15.75616979397583,4000,72.42370009062927,1.1084466677857563e-12
913,belief,72.62527677813682,0.2856099999999933,0.14400000000000002,72.19566677813683,4.4515,12.0,66.0,61.10903807937991,15.75616979397583,4000,72.19566677813795,1.1226575225009583e-12
913,randomised,72.34555520514095,0.2856099999999933,0.14400000000000002,71.91594520514096,4.4515,12.0,66.0,60.82931650302768,15.75616979397583,4000,71.91594520514215,1.1937117960769683e-12
913,naive,96.06349242914416,0.3938224999999974,0.169,95.50066992914417,5.31825,13.0,77.0,70.5833333333333,26.995909852463555,4000,95.50066992914513,9.663381206337363e-13
914,oracle,44.50800969577102,0.1552175000000051,0.025,44.32779219577102,3.45675,5.0,69.0,54.60074581980588,6.93915939385579,4000,44.32779219577197,9.521272659185342e-13
914,belief,39.20175602933921,0.21385249999999698,0.049,38.938903529339214,4.04275,7.0,67.0,53.28848369183772,6.93915939385579,4000,38.9389035293399,6.892264536872972e-13
914,randomised,38.75664502943016,0.21385249999999698,0.049,38.493792529430166,4.04275,7.0,67.0,52.843372686587365,6.93915939385579,4000,38.493792529430756,5.897504706808832e-13
914,naive,25.59599065954808,0.7772474999999899,0.256,24.562743159548088,6.67675,16.0,62.0,56.833333333333286,10.949143584786645,4000,24.5627431595483,2.1316282072803006e-13
915,oracle,64.3071655376973,0.6721949999999857,0.196,63.438970537697315,7.4605,14.0,90.0,75.10901386916218,12.278729525623035,4000,63.43897053769594,1.3784529073745944e-12
915,belief,63.66175071076873,0.5258149999999943,0.169,62.96693571076874,6.525,13.0,89.0,74.05438182986856,13.095664079394153,4000,62.96693571076833,4.050093593832571e-13
915,randomised,63.933841041227424,0.5258149999999943,0.169,63.23902604122743,6.525,13.0,89.0,74.32647216359221,13.095664079394153,4000,63.23902604122703,4.050093593832571e-13
915,naive,60.05789995943178,1.2225424999999641,0.4,58.43535745943181,9.53175,20.0,82.0,75.16666666666666,18.94687372269763,4000,58.43535745943321,1.3997691894473974e-12
916,oracle,51.31249594350561,0.18294500000000083,0.036000000000000004,51.093550943505605,3.3105,6.0,60.0,56.1860397136706,16.884989594969436,4000,51.09355094350483,7.744915819785092e-13
916,belief,43.45268351360261,0.21343500000000085,0.025,43.214248513602605,3.6165,5.0,61.0,57.44967642200325,18.4464879187057,4000,43.21424851360164,9.663381206337363e-13
916,randomised,50.80612777898966,0.18294500000000083,0.036000000000000004,50.58718277898966,3.3105,6.0,60.0,55.679671543078676,16.884989594969436,4000,50.58718277898895,7.105427357601002e-13
916,naive,48.529791224269445,0.1240974999999957,0.009000000000000001,48.39669372426945,2.94925,3.0,67.0,61.41666666666661,23.9142802009428,4000,48.396693724270115,6.679101716144942e-13
917,oracle,66.63143154985524,0.05721000000000302,0.001,66.57322154985523,2.0315,1.0,75.0,69.03129011099291,17.471828050938573,4000,66.57322154985422,1.0089706847793423e-12
917,belief,66.57557694464985,0.05721000000000302,0.001,66.51736694464985,2.0315,1.0,75.0,68.97543550511699,17.471828050938573,4000,66.51736694464884,1.0089706847793423e-12
917,randomised,66.63143154985524,0.05721000000000302,0.001,66.57322154985523,2.0315,1.0,75.0,69.03129011099291,17.471828050938573,4000,66.57322154985422,1.0089706847793423e-12
917,naive,124.48069699438054,0.22779749999999968,0.025,124.22789949438054,4.39225,5.0,81.0,74.24999999999999,21.680431017380172,4000,124.2278994943817,1.1652900866465643e-12
918,oracle,150.2047176982129,0.2236424999999989,0.081,149.9000751982129,3.91475,9.0,59.0,66.60343315405316,28.46082222761118,4000,149.90007519821387,9.663381206337363e-13
918,belief,152.56808913278974,0.19181750000000006,0.049,152.32727163278972,3.71125,7.0,61.0,68.37245853412846,28.756968990090577,4000,152.3272716327889,8.242295734817162e-13
918,randomised,151.55773315671343,0.20499999999999863,0.064,151.28873315671342,3.799,8.0,60.0,67.23562777910529,28.589045236928264,4000,151.28873315671473,1.3073986337985843e-12
918,naive,131.9444107006732,0.07984249999999937,0.009000000000000001,131.8555682006732,2.50675,3.0,75.0,68.74999999999997,34.26418143095077,4000,131.85556820067492,1.7337242752546445e-12
919,oracle,77.72795235880483,0.07414249999999903,0.001,77.65280985880483,2.23975,1.0,69.0,60.06395643369063,13.429890567916894,4000,77.65280985880814,3.311129148642067e-12
919,belief,78.42752513116315,0.07414249999999903,0.001,78.35238263116315,2.23975,1.0,69.0,60.763529214443366,13.429890567916894,4000,78.35238263116646,3.311129148642067e-12
919,randomised,72.3136870531954,0.06720250000000014,0.001,72.2454845531954,2.13975,1.0,69.0,60.051729846583704,13.668701848192722,4000,72.24548455319814,2.7426949600339867e-12
919,naive,52.130579250121855,0.03349499999999949,0.009000000000000001,52.08808425012185,1.451,3.0,65.0,59.58333333333328,18.51266190593515,4000,52.088084250120275,1.5774048733874224e-12
920,oracle,51.11843292904645,0.03259250000000067,0.0,51.08584042904645,1.46875,0.0,64.0,65.20414796211827,25.840897599388857,4000,51.08584042904499,1.4566126083082054e-12
920,belief,54.298035405488235,0.03894500000000129,0.004,54.25509040548824,1.541,2.0,66.0,67.19274711150867,27.942612298074522,4000,54.255090405487906,3.339550858072471e-13
920,randomised,52.83677749869315,0.05008000000000085,0.001,52.78569749869315,1.8065,1.0,65.0,65.38312937357298,27.572166882639326,4000,52.78569749869293,2.2026824808563106e-13
920,naive,47.7672999896742,0.0317300000000009,0.001,47.7345699896742,1.3935,1.0,73.0,66.91666666666663,32.505918870946985,4000,47.734569989672856,1.3429257705865894e-12
921,oracle,44.10874103344372,0.2075224999999966,0.081,43.82021853344372,3.46075,9.0,69.0,55.26821736718361,7.939530055880303,4000,43.82021853344334,3.836930773104541e-13
921,belief,44.46339908060668,0.2075224999999966,0.081,44.17487658060668,3.46075,9.0,69.0,55.62287541860263,7.939530055880303,4000,44.17487658060637,3.055333763768431e-13
921,randomised,44.10874103344372,0.2075224999999966,0.081,43.82021853344372,3.46075,9.0,69.0,55.26821736718361,7.939530055880303,4000,43.82021853344334,3.836930773104541e-13
921,naive,59.37171092494816,0.230592499999994,0.064,59.07711842494817,4.16825,8.0,68.0,62.333333333333265,10.427728295706126,4000,59.07711842494684,1.3287149158713873e-12
922,oracle,8.340700235406757,0.42943499999999146,0.121,7.790265235406766,5.6285,11.0,55.0,53.06542844421621,16.419430387700697,4000,7.790265235406934,1.6786572132332367e-13
922,belief,12.064316261564386,0.3532524999999981,0.081,11.630063761564388,5.18425,9.0,55.0,53.12410469124562,16.645966955078514,4000,11.630063761565074,6.856737400084967e-13
922,randomised,11.9011505055023,0.3532524999999981,0.081,11.466898005502303,5.18425,9.0,55.0,52.96093893322558,16.645966955078514,4000,11.466898005502953,6.501466032204917e-13
922,naive,15.056542686070998,0.4106824999999985,0.14400000000000002,14.501860186071,4.75575,12.0,68.0,62.33333333333327,25.106274984575716,4000,14.501860186070582,4.1744385725905886e-13
923,oracle,21.584146533053627,0.07971249999999955,0.049,21.455434033053628,2.11275,7.0,47.0,48.95314576213927,16.90245579868892,4000,21.455434033053745,1.1723955140041653e-13
923,belief,25.285673253222967,0.07441749999999916,0.036000000000000004,25.175255753222967,2.21975,6.0,46.0,48.86821673173622,16.90245579868892,4000,25.17525575322317,2.0250467969162855e-13
923,randomised,25.177852519059,0.07441749999999916,0.036000000000000004,25.067435019059,2.21975,6.0,46.0,48.76039599627834,16.90245579868892,4000,25.067435019059204,2.0250467969162855e-13
923,naive,27.24114161841368,0.1819749999999966,0.0,27.05916661841368,3.264,0.0,62.0,56.833333333333286,22.863664370123665,4000,27.059166618413233,4.476419235288631e-13
924,oracle,88.05980461634368,0.3783499999999946,0.016,87.66545461634368,5.8985,4.0,66.0,65.2353271427162,26.13609112486008,4000,87.6654546163425,1.1795009413617663e-12
924,belief,88.42570846119514,0.2837249999999979,0.009000000000000001,88.13298346119514,5.12,3.0,67.0,65.5558155144395,26.752879340641122,4000,88.13298346119505,8.526512829121202e-14
924,randomised,85.90489792044247,0.29941750000000306,0.016,85.58948042044246,5.29875,4.0,66.0,64.70097250830682,26.752879340641122,4000,85.58948042044247,1.4210854715202004e-14
924,naive,56.65384384393269,0.6331274999999773,0.1,55.92071634393271,7.28525,10.0,76.0,69.66666666666663,41.24292832455349,4000,55.92071634393318,4.689582056016661e-13
925,oracle,77.68539458689872,0.07914250000000063,0.016,77.59025208689872,2.37125,4.0,68.0,61.422624613290495,12.54005186744024,4000,77.59025208690115,2.4300561562995426e-12
925,belief,69.11067008005631,0.06191000000000058,0.016,69.0327600800563,2.053,4.0,66.0,60.12958773968603,12.54005186744024,4000,69.03276008005662,3.126388037344441e-13
925,randomised,67.83611973485654,0.08382249999999856,0.036000000000000004,67.71629723485654,2.36525,6.0,68.0,61.451469150060454,12.544110772458586,4000,67.71629723485688,3.410605131648481e-13
925,naive,57.60291190891064,0.128767499999997,0.049,57.42514440891065,3.05525,7.0,69.0,63.249999999999936,20.0174846507779,4000,57.42514440891107,4.263256414560601e-13
926,oracle,42.792422179228396,0.057570000000002286,0.004,42.73085217922839,1.819,2.0,66.0,56.52517995546366,11.840901842675166,4000,42.73085217922806,3.339550858072471e-13
926,belief,37.15797544080765,0.06051500000000103,0.001,37.09646044080765,1.7575,1.0,65.0,55.88531931744028,11.840901842675166,4000,37.09646044080768,3.552713678800501e-14
926,randomised,37.12907707116254,0.06051500000000103,0.001,37.06756207116254,1.7575,1.0,65.0,55.85642094744828,11.840901842675166,4000,37.06756207116258,3.552713678800501e-14
926,naive,19.21066457756774,0.08441500000000021,0.0,19.12624957756774,2.04,0.0,66.0,60.49999999999994,17.67482056551676,4000,19.12624957756771,3.197442310920451e-14
927,oracle,86.75756099025341,0.19098750000000095,0.049,86.5175734902534,3.61775,7.0,63.0,54.23457925124179,12.225301287743303,4000,86.51757349025081,2.5863755581667647e-12
927,belief,86.93487213315996,0.19098750000000095,0.049,86.69488463315994,3.61775,7.0,63.0,54.41189039627659,12.225301287743303,4000,86.69488463315736,2.5863755581667647e-12
927,randomised,89.66526205837533,0.2157549999999978,0.049,89.40050705837533,3.905,7.0,63.0,54.255582896054726,12.379493163563884,4000,89.40050705837237,2.9558577807620168e-12
927,naive,79.47815053362024,0.16100999999999654,0.049,79.26814053362024,3.034,7.0,61.0,55.91666666666662,20.337313350792613,4000,79.26814053361912,1.1226575225009583e-12
928,oracle,59.610669897344394,0.15787750000000214,0.016,59.43679239734439,3.23875,4.0,72.0,59.1363229020783,8.960570124815847,4000,59.436792397344334,5.684341886080802e-14
928,belief,60.0423176298284,0.15787750000000214,0.016,59.8684401298284,3.23875,4.0,72.0,59.567970639741866,8.960570124815847,4000,59.86844012982834,5.684341886080802e-14
928,randomised,60.10680657765596,0.15787750000000214,0.016,59.932929077655956,3.23875,4.0,72.0,59.63245958834319,8.960570124815847,4000,59.9329290776559,5.684341886080802e-14
928,naive,48.00299300956161,0.05600250000000378,0.004,47.942990509561604,1.91575,2.0,66.0,60.49999999999995,12.693936918169547,4000,47.9429905095602,1.4068746168049984e-12
929,oracle,54.300381478815055,0.0452900000000022,0.001,54.254091478815056,1.667,1.0,47.0,49.86506555287318,13.237113098341286,4000,54.254091478813265,1.7905676941154525e-12
929,belief,54.248234891470915,0.0452900000000022,0.001,54.201944891470916,1.667,1.0,47.0,49.81291896490329,13.237113098341286,4000,54.201944891469125,1.7905676941154525e-12
929,randomised,54.300381478815055,0.0452900000000022,0.001,54.254091478815056,1.667,1.0,47.0,49.86506555287318,13.237113098341286,4000,54.254091478813265,1.7905676941154525e-12
929,naive,71.34639412592219,0.11293500000000017,0.016,71.21745912592219,2.865,4.0,72.0,65.99999999999994,27.783517737266834,4000,71.21745912592242,2.2737367544323206e-13
930,oracle,8.402123825386354,0.20556500000000444,0.009000000000000001,8.18755882538635,4.07,3.0,65.0,65.48582436748356,20.802818448374857,4000,8.187558825386903,5.524469770534779e-13
930,belief,12.078851332120621,0.23016750000000463,0.009000000000000001,11.839683832120617,4.28825,3.0,63.0,64.72318469275685,21.878518316578315,4000,11.839683832120341,2.753353101070388e-13
930,randomised,4.045058796555338,0.3058500000000009,0.025,3.7142087965553374,4.93,5.0,63.0,64.7327080066867,21.878518316578315,4000,3.714208796553602,1.7355006320940447e-12
930,naive,26.624338710596774,0.1496975000000074,0.001,26.473641210596764,3.39975,1.0,69.0,63.249999999999936,26.561577615747883,4000,26.473641210597297,5.329070518200751e-13
931,oracle,18.87598230384576,0.10138999999999584,0.0,18.774592303845765,2.5775,0.0,76.0,63.24721062226058,14.226578100643389,4000,18.774592303845814,4.973799150320701e-14
931,belief,18.60365940896726,0.10138999999999584,0.0,18.502269408967265,2.5775,0.0,76.0,62.97488772411391,14.226578100643389,4000,18.502269408967315,4.973799150320701e-14
931,randomised,14.357301613379164,0.1439199999999934,0.001,14.21238161337917,3.138,1.0,77.0,63.430145903484515,14.505344544261636,4000,14.212381613378815,3.552713678800501e-13
931,naive,18.211543626674256,0.24175000000001576,0.004,17.965793626674238,4.432,2.0,78.0,71.49999999999999,20.95395121303773,4000,17.965793626674337,9.947598300641403e-14
932,oracle,45.848050252727376,0.12291749999999128,0.009000000000000001,45.71613275272738,3.22175,3.0,49.0,49.267854151155106,13.087896887288657,4000,45.71613275272649,8.952838470577262e-13
932,belief,45.77917251790427,0.12291749999999128,0.009000000000000001,45.64725501790428,3.22175,3.0,49.0,49.19897641550531,13.087896887288657,4000,45.64725501790338,8.952838470577262e-13
932,randomised,45.848050252727376,0.12291749999999128,0.009000000000000001,45.71613275272738,3.22175,3.0,49.0,49.267854151155106,13.087896887288657,4000,45.71613275272649,8.952838470577262e-13
932,naive,52.0887568480926,0.17394000000000276,0.004,51.9108168480926,3.775,2.0,58.0,53.16666666666663,19.66522536872138,4000,51.910816848093404,8.029132914089132e-13
933,oracle,16.47484315903131,0.10602249999999659,0.009000000000000001,16.35982065903131,2.78275,3.0,71.0,71.41869845285069,27.819567691011837,4000,16.359820659031627,3.161915174132446e-13
933,belief,19.550207128885233,0.09165999999999644,0.009000000000000001,19.449547128885236,2.5245,3.0,73.0,73.60599633506472,28.124608544562182,4000,19.449547128885342,1.0658141036401503e-13
933,randomised,11.238020518839278,0.12192749999999318,0.009000000000000001,11.107093018839285,3.03975,3.0,71.0,71.92390879230089,28.564938121714302,4000,11.107093018839803,5.186961971048731e-13
933,naive,-31.452210611542114,0.6596574999999957,0.064,-32.17586811154211,7.43425,8.0,88.0,80.6666666666667,37.61735546610213,4000,-32.17586811154233,2.2026824808563106e-13
934,oracle,-6.143734768588445,0.3409425000000081,0.009000000000000001,-6.493677268588453,5.05675,3.0,87.0,68.21811632350577,14.920097093869437,4000,-6.493677268588632,1.794120407794253e-13
934,belief,2.2239586692414264,0.26233250000000485,0.016,1.9456261692414216,4.46775,4.0,88.0,70.58270674603504,15.245290906933068,4000,1.9456261692411037,3.1796787425264483e-13
934,randomised,-4.643823800716632,0.3409425000000081,0.009000000000000001,-4.99376630071664,5.05675,3.0,87.0,69.71802730937515,14.920097093869437,4000,-4.993766300716795,1.5543122344752192e-13
934,naive,22.543834582345625,0.36501999999998797,0.001,22.177814582345636,5.3955,1.0,83.0,76.08333333333333,17.540397166945667,4000,22.177814582345892,2.5579538487363607e-13
935,oracle,-56.07397009121742,0.16517750000000844,0.001,-56.24014759121742,3.40975,1.0,53.0,53.94090189592098,20.78023627667426,4000,-56.24014759121845,1.0302869668521453e-12
935,belief,-67.5938390071953,0.18949000000000676,0.009000000000000001,-67.7923290071953,3.717,3.0,53.0,54.389440566111816,21.107257734684545,4000,-67.79232900719487,4.405364961712621e-13
935,randomised,-60.28665453929287,0.16942250000000472,0.004,-60.46007703929287,3.44125,2.0,54.0,55.114584860005735,21.45766420561258,4000,-60.46007703929381,9.379164112033322e-13
935,naive,-125.17293149831494,0.554922500000003,0.1,-125.82785399831494,6.43925,10.0,68.0,62.33333333333327,29.75770521495896,4000,-125.82785399831518,2.4158453015843406e-13
936,oracle,86.83745224129609,0.05785000000000073,0.004,86.77560224129608,1.8705,2.0,66.0,58.04214896359509,12.470514128842815,4000,86.77560224129661,5.258016244624741e-13
936,belief,87.47785551874136,0.06028750000000071,0.004,87.41356801874136,1.93725,2.0,66.0,58.68116546352107,12.470514128842815,4000,87.41356801874119,1.7053025658242404e-13
936,randomised,87.34009655119712,0.06028750000000071,0.004,87.27580905119711,1.93725,2.0,66.0,58.54340649432385,12.470514128842815,4000,87.27580905119694,1.7053025658242404e-13
936,naive,130.1593588228249,0.2456574999999983,0.025,129.88870132282491,4.24775,5.0,65.0,59.58333333333328,19.872228666382746,4000,129.88870132282273,2.1884716261411086e-12
937,oracle,88.33718727865147,0.09510749999999549,0.009000000000000001,88.23307977865147,2.69375,3.0,75.0,71.06419646185364,22.716929627742733,4000,88.23307977865159,1.1368683772161603e-13
937,belief,88.35031067206808,0.09510749999999549,0.009000000000000001,88.24620317206808,2.69375,3.0,75.0,71.07731985542769,22.716929627742733,4000,88.24620317206819,1.1368683772161603e-13
937,randomised,85.93057315519835,0.08432249999999701,0.004,85.84225065519834,2.46775,2.0,76.0,71.71658100120798,24.57706498806426,4000,85.84225065520044,2.1032064978498966e-12
937,naive,100.64112605239734,0.17848750000000016,0.036000000000000004,100.42663855239734,3.54175,6.0,74.0,67.83333333333329,25.55875093435295,4000,100.42663855239789,5.542233338928781e-13
938,oracle,46.239206180806036,0.048852500000002595,0.009000000000000001,46.18135368080603,1.65525,3.0,93.0,72.0266855819815,11.235373907419225,4000,46.181353680804584,1.4495071809506044e-12
938,belief,45.14705610880975,0.05450250000000269,0.016,45.076553608809746,1.81725,4.0,92.0,71.83114085766954,11.596159139408256,4000,45.07655360880808,1.6697754290362354e-12
938,randomised,45.13919763245622,0.05479500000000271,0.016,45.06840263245621,1.827,4.0,94.0,72.7001632163952,12.313054647349261,4000,45.068402632454685,1.5276668818842154e-12
938,naive,44.85735533016805,0.03508249999999906,0.016,44.80627283016805,1.54825,4.0,76.0,69.66666666666663,13.7049518733658,4000,44.80627283016631,1.7408297026122455e-12
939,oracle,64.69077814238165,0.07843749999999725,0.009000000000000001,64.60334064238165,2.13475,3.0,59.0,60.92249852453927,24.124281875288233,4000,64.60334064238253,8.810729923425242e-13
939,belief,64.62207583068204,0.07843749999999725,0.009000000000000001,64.53463833068204,2.13475,3.0,59.0,60.85379621201516,24.124281875288233,4000,64.53463833068292,8.810729923425242e-13
939,randomised,67.41648585549308,0.11252499999999914,0.016,67.28796085549307,2.5185,4.0,60.0,61.6219212945994,24.49604380259766,4000,67.2879608554935,4.263256414560601e-13
939,naive,31.83032908054834,0.03637000000000144,0.001,31.792959080548336,1.476,1.0,79.0,72.41666666666664,37.914883528660155,4000,31.79295908054756,7.744915819785092e-13
940,oracle,50.84698995062871,0.14368500000000453,0.004,50.69930495062871,3.22,2.0,66.0,55.040910964880524,10.100057749927503,4000,50.69930495062753,1.1795009413617663e-12
940,belief,50.908069086970784,0.14368500000000453,0.004,50.76038408697078,3.22,2.0,66.0,55.10199010195576,10.100057749927503,4000,50.7603840869696,1.1795009413617663e-12
940,randomised,50.84698995062871,0.14368500000000453,0.004,50.69930495062871,3.22,2.0,66.0,55.040910964880524,10.100057749927503,4000,50.69930495062753,1.1795009413617663e-12
940,naive,26.436409709868855,0.03568249999999965,0.001,26.399727209868853,1.46725,1.0,59.0,54.08333333333329,14.823644350782063,4000,26.399727209867628,1.2256862191861728e-12
941,oracle,-42.11773716502398,0.372769999999991,0.036000000000000004,-42.52650716502397,5.1965,6.0,54.0,60.82629225609357,21.761973375878743,4000,-42.52650716502568,1.7053025658242404e-12
941,belief,-42.40744990837891,0.372769999999991,0.036000000000000004,-42.8162199083789,5.1965,6.0,54.0,60.53657950926205,21.761973375878743,4000,-42.8162199083806,1.7053025658242404e-12
941,randomised,-45.89552764345069,0.3773599999999911,0.036000000000000004,-46.30888764345068,5.2235,6.0,54.0,60.83047066485392,21.989231188823208,4000,-46.30888764345234,1.6555645743210334e-12
941,naive,-100.66824892691216,1.2195925000000198,0.196,-102.08384142691217,9.42275,14.0,72.0,65.99999999999994,28.696355922846866,4000,-102.08384142691222,4.263256414560601e-14
942,oracle,41.53206485527346,0.05489250000000047,0.016,41.46117235527346,1.92125,4.0,62.0,65.38787519564367,21.408702612633732,4000,41.46117235527408,6.181721801112872e-13
942,belief,28.226586287018506,0.09078250000000047,0.036000000000000004,28.099803787018505,2.29825,6.0,60.0,63.73560453078637,22.40768310636784,4000,28.09980378701856,5.3290705182007514e-14
942,randomised,34.3415046042316,0.07097500000000025,0.025,34.245529604231606,2.183,5.0,63.0,66.08292534003157,22.693687802097262,4000,34.245529604231464,1.4210854715202004e-13
942,naive,79.68542351879512,0.16984749999999446,0.025,79.49057601879512,3.75275,5.0,75.0,68.74999999999996,30.585762038338704,4000,79.49057601879615,1.0231815394945443e-12
943,oracle,19.55854599061928,0.034180000000000536,0.009000000000000001,19.51536599061928,1.4585,3.0,57.0,47.53702383166696,17.020121898098232,4000,19.515365990619117,1.6342482922482304e-13
943,belief,19.792347944466144,0.029172499999999543,0.004,19.759175444466145,1.40825,2.0,56.0,47.5981318100804,17.324407214326232,4000,19.75917544446602,1.2434497875801753e-13
943,randomised,19.55973403405696,0.026952499999999633,0.004,19.528781534056957,1.36825,2.0,56.0,47.363134429065596,17.324407214326232,4000,19.528781534056762,1.9539925233402755e-13
943,naive,-5.532951663690426,0.07285749999999862,0.004,-5.609809163690424,2.38175,2.0,54.0,49.49999999999997,22.907010856591178,4000,-5.609809163690973,5.488942633746774e-13
944,oracle,48.36261177202171,0.051330000000001805,0.0,48.31128177202171,1.5915,0.0,54.0,58.03935409079626,19.366400107689064,4000,48.31128177202113,5.755396159656812e-13
944,belief,47.61940584521153,0.05231250000000214,0.001,47.566093345211534,1.64325,1.0,53.0,57.29711771665223,19.366400107689064,4000,47.56609334521061,9.237055564881302e-13
944,randomised,47.68760500939317,0.05231250000000214,0.001,47.63429250939317,1.64325,1.0,53.0,57.36531688165212,19.366400107689064,4000,47.63429250939223,9.379164112033322e-13
944,naive,48.20789594942897,0.06876499999999915,0.004,48.13513094942898,1.867,2.0,68.0,62.33333333333327,24.875816585237718,4000,48.13513094942739,1.5845103007450234e-12
945,oracle,84.89279181246411,0.2033949999999978,0.049,84.6403968124641,3.8305,7.0,65.0,59.076971640799634,19.918869367207563,4000,84.64039681246257,1.5347723092418164e-12
945,belief,85.37543050394811,0.2033949999999978,0.049,85.1230355039481,3.8305,7.0,65.0,59.559610338074975,19.918869367207563,4000,85.12303550394657,1.5347723092418164e-12
945,randomised,77.73936729211243,0.16093999999999925,0.036000000000000004,77.54242729211244,3.3395,6.0,64.0,58.363092262834996,19.918869367207563,4000,77.54242729211214,2.984279490192421e-13
945,naive,87.3595784884485,0.11837999999999983,0.049,87.1921984884485,2.8155,7.0,65.0,59.58333333333328,23.341986527248643,4000,87.1921984884474,1.0942358130705543e-12
946,oracle,52.9304403945231,0.07280999999999734,0.001,52.85663039452311,2.3625,1.0,67.0,63.721108612206116,18.75115520039949,4000,52.856630394522114,9.947598300641403e-13
946,belief,53.39651037249219,0.07280999999999734,0.001,53.32270037249219,2.3625,1.0,67.0,64.18717859576773,18.75115520039949,4000,53.3227003724912,9.947598300641403e-13
946,randomised,57.24316415761754,0.11397999999999818,0.004,57.12518415761755,2.968,2.0,70.0,66.24697973619422,19.86199995292254,4000,57.125184157618136,5.897504706808832e-13
946,naive,35.31962121112058,0.05667000000000255,0.0,35.26295121112057,2.1355,0.0,70.0,64.1666666666666,24.565930520545017,4000,35.262951211120296,2.7711166694643907e-13
947,oracle,54.07401090021631,0.11749750000000005,0.081,53.875513400216306,2.73275,9.0,51.0,54.176278156144846,23.080641892008234,4000,53.875513400216285,2.1316282072803006e-14
947,belief,54.572000396236035,0.11749750000000005,0.081,54.37350289623603,2.73275,9.0,51.0,54.67426765813987,23.080641892008234,4000,54.37350289623639,3.552713678800501e-13
947,randomised,54.56861183076762,0.11749750000000005,0.081,54.37011433076762,2.73275,9.0,51.0,54.670879092630834,23.080641892008234,4000,54.37011433076799,3.694822225952521e-13
947,naive,46.08644027335845,0.10785250000000111,0.1,45.87858777335845,2.52975,10.0,68.0,62.33333333333327,39.48900570495785,4000,45.87858777335735,1.0942358130705543e-12
948,oracle,-14.423250880684463,0.23356499999999486,0.064,-14.720815880684459,3.9725,8.0,74.0,64.58329964611445,14.189551456106972,4000,-14.720815880684295,1.6342482922482304e-13
948,belief,-8.460835715874282,0.20142999999999514,0.049,-8.711265715874276,3.776,7.0,73.0,64.3839013103549,14.189551456106972,4000,-8.7112657158739,3.765876499528531e-13
948,randomised,-8.470425666984625,0.20142999999999514,0.049,-8.720855666984619,3.776,7.0,73.0,64.37431135912999,14.189551456106972,4000,-8.720855666984356,2.6290081223123707e-13
948,naive,36.969537798412745,0.050815000000000825,0.004,36.91472279841275,1.901,2.0,80.0,73.33333333333331,23.453546211482667,4000,36.91472279841214,6.039613253960852e-13
949,oracle,50.781241023021835,0.03266500000000019,0.009000000000000001,50.73957602302183,1.3735,3.0,71.0,67.36470898395699,19.18075282558542,4000,50.73957602301873,3.105071755271638e-12
949,belief,60.251353989161004,0.03841000000000191,0.004,60.20894398916101,1.432,2.0,70.0,66.6137248394066,19.18075282558542,4000,60.20894398915981,1.1937117960769683e-12
949,randomised,60.33286039474993,0.03841000000000191,0.004,60.29045039474993,1.432,2.0,70.0,66.69523124597363,19.18075282558542,4000,60.29045039474874,1.1937117960769683e-12
949,naive,60.67974533361405,0.06388500000000204,0.009000000000000001,60.60686033361405,1.862,3.0,75.0,68.74999999999996,26.342731111641907,4000,60.60686033361285,1.2008172234345693e-12
950,oracle,26.296649438012935,0.04270500000000023,0.009000000000000001,26.244944438012933,1.611,3.0,43.0,47.705012585396524,17.670514202899817,4000,26.24494443801283,1.0302869668521453e-13
950,belief,26.230108505970065,0.04270500000000023,0.009000000000000001,26.178403505970063,1.611,3.0,43.0,47.63847165255529,17.670514202899817,4000,26.17840350596996,1.0302869668521453e-13
950,randomised,27.886496854777988,0.05067249999999951,0.016,27.81982435477799,1.72975,4.0,44.0,48.884180700852276,17.853385673690603,4000,27.81982435477796,2.842170943040401e-14
950,naive,30.020630200064375,0.114589999999999,0.036000000000000004,29.870040200064373,2.6035,6.0,60.0,54.99999999999996,27.985563630985432,4000,29.87004020006448,1.0658141036401503e-13
951,oracle,77.49598233861755,0.0178474999999997,0.004,77.47413483861754,1.04025,2.0,62.0,58.853387631693685,18.117577905403962,4000,77.47413483861588,1.6626700016786344e-12
951,belief,69.37725359595873,0.03617249999999985,0.016,69.32508109595872,1.44525,4.0,64.0,60.66567329189698,18.68556024802368,4000,69.32508109595737,1.3500311979441904e-12
951,randomised,75.62502932029753,0.02412000000000032,0.009000000000000001,75.59190932029753,1.212,3.0,63.0,59.03386410869575,18.140239764527735,4000,75.59190932029603,1.5063505998114124e-12
951,naive,116.44560661553244,0.07914999999999849,0.001,116.36545661553244,2.4005,1.0,75.0,68.74999999999997,30.26165225803505,4000,116.36545661553043,2.0037305148434825e-12
952,oracle,123.27741213316403,1.2405825000000303,0.196,121.840829633164,10.28675,14.0,66.0,61.036227146976046,14.364644708128129,4000,121.84082963316455,5.400124791776761e-13
952,belief,123.27320773319207,1.2405825000000303,0.196,121.83662523319204,10.28675,14.0,66.0,61.03202274695226,14.364644708128129,4000,121.83662523319258,5.400124791776761e-13
952,randomised,123.27741213316403,1.2405825000000303,0.196,121.840829633164,10.28675,14.0,66.0,61.036227146976046,14.364644708128129,4000,121.84082963316455,5.400124791776761e-13
952,naive,118.23596242432063,1.3261475000000063,0.225,116.68481492432063,10.46025,15.0,65.0,59.58333333333327,18.143846389940272,4000,116.6848149243212,5.684341886080801e-13
953,oracle,0.2949464603553906,0.34310249999999753,0.049,-0.09715603964460691,5.36125,7.0,47.0,52.10837783224545,15.485812317886234,4000,-0.09715603964409054,5.163647287531603e-13
953,belief,0.2238999987233683,0.34310249999999753,0.049,-0.16820250127662922,5.36125,7.0,47.0,52.037331369760956,15.485812317886234,4000,-0.16820250127611291,5.16309217601929e-13
953,randomised,0.2949464603553906,0.34310249999999753,0.049,-0.09715603964460691,5.36125,7.0,47.0,52.10837783224545,15.485812317886234,4000,-0.09715603964409054,5.163647287531603e-13
953,naive,8.749901189884326,0.6280250000000052,0.1,8.021876189884322,7.3145,10.0,66.0,60.49999999999994,21.445548894103943,4000,8.02187618988458,2.575717417130363e-13
954,oracle,57.91704111978481,0.17779750000000044,0.049,57.690243619784816,3.27825,7.0,55.0,51.861409646752335,18.604246542770426,4000,57.69024361978341,1.4068746168049984e-12
954,belief,57.88699550030924,0.17779750000000044,0.049,57.660198000309244,3.27825,7.0,55.0,51.83136402691659,18.604246542770426,4000,57.66019800030784,1.4068746168049984e-12
954,randomised,57.42127661109487,0.17779750000000044,0.049,57.19447911109487,3.27825,7.0,55.0,51.365645132113755,18.604246542770426,4000,57.194479111093464,1.4068746168049984e-12
954,naive,73.28150528944207,0.052700000000005215,0.009000000000000001,73.21980528944206,1.961,3.0,61.0,55.91666666666663,24.630517527949504,4000,73.21980528944148,5.826450433232822e-13
955,oracle,16.097792730369292,0.8599199999999791,0.256,14.981872730369313,6.3695,16.0,64.0,68.16070987132156,22.364875725128833,4000,14.981872730368988,3.2507330161024584e-13
955,belief,23.50616414880892,0.7481874999999958,0.225,22.532976648808923,5.89625,15.0,65.0,69.09882538146967,23.506460794016874,4000,22.532976648808745,1.7763568394002505e-13
955,randomised,16.097792730369292,0.8599199999999791,0.256,14.981872730369313,6.3695,16.0,64.0,68.16070987132156,22.364875725128833,4000,14.981872730368988,3.2507330161024584e-13
955,naive,51.00119461095255,0.37860499999999025,0.064,50.55858961095256,4.969,8.0,76.0,69.66666666666663,37.51933105216451,4000,50.55858961095135,1.2079226507921703e-12
956,oracle,15.727127223195566,0.2659324999999947,0.064,15.397194723195572,4.69425,8.0,52.0,46.39840625588266,8.13287585332654,4000,15.397194723195733,1.616484723854228e-13
956,belief,17.60731727435018,0.22547999999999557,0.049,17.332837274350187,4.3795,7.0,51.0,45.775735190008554,8.13287585332654,4000,17.332837274350425,2.3803181647963356e-13
956,randomised,15.73216650948575,0.2659324999999947,0.064,15.402234009485756,4.69425,8.0,52.0,46.4034455422335,8.13287585332654,4000,15.402234009485918,1.616484723854228e-13
956,naive,20.393641886768364,0.932287499999992,0.196,19.265354386768372,8.87225,14.0,54.0,49.49999999999997,13.976415563627638,4000,19.265354386768447,7.460698725481052e-14
957,oracle,-107.17128233456481,0.6890874999999784,0.14400000000000002,-108.0043698345648,7.55325,12.0,80.0,68.92345614617541,15.023071108388352,4000,-108.00436983456504,2.4158453015843406e-13
957,belief,-118.49737340924935,0.8343024999999865,0.169,-119.50067590924934,8.33025,13.0,81.0,69.87981162123454,15.165671822172255,4000,-119.50067590924829,1.0516032489249483e-12
957,randomised,-118.69561896960977,0.8343024999999865,0.169,-119.69892146960976,8.33025,13.0,81.0,69.68156605849514,15.165671822172255,4000,-119.69892146960869,1.0658141036401503e-12
957,naive,-107.80050574805,0.8300049999999988,0.121,-108.75151074805,8.4815,11.0,75.0,68.74999999999996,18.321837694736637,4000,-108.75151074804914,8.526512829121202e-13
958,oracle,27.241537252617775,0.02317250000000019,0.016,27.202364752617775,1.17675,4.0,62.0,61.365258089905915,17.727703326196117,4000,27.202364752616557,1.2185807918285718e-12
958,belief,38.71813582967371,0.020542500000000262,0.009000000000000001,38.688593329673715,1.12125,3.0,63.0,61.88329559826801,17.95407156525516,4000,38.688593329672216,1.4992451724538114e-12
958,randomised,26.219275847143194,0.025360000000000122,0.025,26.168915847143197,1.221,5.0,65.0,62.878080182547826,18.505942347570272,4000,26.168915847141722,1.4743761767022079e-12
958,naive,39.600714857542016,0.030247499999998262,0.016,39.554467357542016,1.33475,4.0,76.0,69.66666666666663,24.932306788494415,4000,39.55446735753964,2.3732127374387346e-12
959,oracle,18.940217438894024,0.11583999999999453,0.016,18.80837743889403,3.0405,4.0,58.0,56.26207907986714,18.36286623597136,4000,18.808377438894276,2.4513724383723456e-13
959,belief,13.80700587750465,0.09111999999999515,0.009000000000000001,13.706885877504655,2.5175,3.0,57.0,55.414145734996275,18.36286623597136,4000,13.706885877504718,6.217248937900877e-14
959,randomised,17.586210807096023,0.10364499999999618,0.004,17.478565807096025,2.4925,2.0,60.0,56.53693619936743,19.93241455434901,4000,17.47856580709515,8.739675649849232e-13
959,naive,12.636067807560693,0.09268249999999663,0.001,12.542385307560696,2.55675,1.0,71.0,65.08333333333327,33.315716554011935,4000,12.542385307560513,1.829647544582258e-13
960,oracle,25.287315782809344,0.04902000000000222,0.001,25.23729578280934,1.644,1.0,63.0,61.5138408588724,25.915015755365513,4000,25.23729578280858,7.602807272633072e-13
960,belief,25.121552941210723,0.04902000000000222,0.001,25.07153294121072,1.644,1.0,63.0,61.348078015284855,25.915015755365513,4000,25.07153294120996,7.602807272633072e-13
960,randomised,24.785417369654567,0.04902000000000222,0.001,24.735397369654564,1.644,1.0,63.0,61.01194243969524,25.915015755365513,4000,24.735397369653803,7.602807272633072e-13
960,naive,3.5822619994316938,0.38647250000000055,0.049,3.1467894994316934,5.50175,7.0,73.0,66.91666666666661,32.77106915932563,4000,3.1467894994317147,2.1316282072803006e-14
961,oracle,33.661054587668076,0.022857499999998487,0.0,33.638197087668075,1.11175,0.0,58.0,58.68081496896114,17.859567160623723,4000,33.63819708766665,1.4281908988778014e-12
961,belief,33.574648207200624,0.022857499999998487,0.0,33.551790707200624,1.11175,0.0,58.0,58.59440858745693,17.859567160623723,4000,33.551790707199196,1.4281908988778014e-12
961,randomised,33.661054587668076,0.022857499999998487,0.0,33.638197087668075,1.11175,0.0,58.0,58.68081496896114,17.859567160623723,4000,33.63819708766665,1.4281908988778014e-12
961,naive,67.70306553136493,0.10939500000000296,0.025,67.56867053136492,2.858,5.0,73.0,66.91666666666661,26.334113903430705,4000,67.5686705313638,1.1226575225009583e-12
962,oracle,85.49563933706256,0.1496950000000048,0.001,85.34494433706254,2.959,1.0,91.0,69.22043795141389,6.143427454834812,4000,85.34494433706101,1.5347723092418164e-12
962,belief,82.56014984517313,0.16124500000000214,0.001,82.39790484517312,3.192,1.0,89.0,68.0225837350864,6.143427454834812,4000,82.3979048451708,2.3163693185779266e-12
962,randomised,85.49563933706256,0.1496950000000048,0.001,85.34494433706254,2.959,1.0,91.0,69.22043795141389,6.143427454834812,4000,85.34494433706101,1.5347723092418164e-12
962,naive,75.08496630303846,0.33822250000000037,0.0,74.74674380303846,5.12375,0.0,78.0,71.49999999999997,11.46802880956997,4000,74.74674380303829,1.7053025658242404e-13
963,oracle,46.539685377868466,0.07668249999999963,0.009000000000000001,46.45400287786847,2.48675,3.0,81.0,74.05502611736117,22.1214348175219,4000,46.45400287786822,2.4868995751603507e-13
963,belief,34.6291161356005,0.09846499999999983,0.025,34.5056511356005,2.761,5.0,83.0,77.76560359544959,23.608018765257366,4000,34.50565113560136,8.597567102697212e-13
963,randomised,40.75903423311178,0.07886750000000135,0.025,40.65516673311178,2.41075,5.0,83.0,75.92081801856422,22.881301382948745,4000,40.655166733112054,2.7711166694643907e-13
963,naive,23.887303347920238,0.17183749999999595,0.036000000000000004,23.67946584792024,3.77625,6.0,86.0,78.83333333333336,31.192659887286194,4000,23.679465847920408,1.6697754290362354e-13
964,oracle,12.91025004486255,0.22755749999999542,0.169,12.513692544862554,4.10225,13.0,67.0,59.49067974283422,15.097583516049033,4000,12.513692544862478,7.638334409421077e-14
964,belief,13.754485058228283,0.22755749999999542,0.169,13.357927558228287,4.10225,13.0,67.0,60.33491476633024,15.097583516049033,4000,13.357927558228242,4.440892098500626e-14
964,randomised,11.385723189975351,0.25263000000000235,0.169,10.96409318997535,4.3215,13.0,65.0,58.16610465877346,15.097583516049033,4000,10.964093189975204,1.4566126083082054e-13
964,naive,39.27366700652817,0.13273999999999878,0.081,39.05992700652817,2.776,9.0,65.0,59.583333333333286,22.302252310030656,4000,39.05992700652841,2.4158453015843406e-13
965,oracle,14.282870084444667,0.059365000000003734,0.0,14.223505084444664,1.898,0.0,60.0,68.03728502121886,27.449689322370986,4000,14.22350508444461,5.3290705182007514e-14
965,belief,5.852973213365871,0.07432000000000034,0.001,5.777653213365871,2.294,1.0,61.0,68.19351342529488,29.34117359938829,4000,5.777653213365816,5.5067062021407764e-14
965,randomised,14.282870084444667,0.059365000000003734,0.0,14.223505084444664,1.898,0.0,60.0,68.03728502121886,27.449689322370986,4000,14.22350508444461,5.3290705182007514e-14
965,naive,-33.48772809763295,0.36232000000000464,0.016,-33.866048097632955,5.3805,4.0,78.0,71.49999999999997,42.29055985848835,4000,-33.86604809763204,9.166001291305292e-13
966,oracle,23.587271424659093,0.44228249999998553,0.064,23.080988924659106,5.64575,8.0,74.0,63.73095682716648,13.939303912297483,4000,23.0809889246594,2.948752353404416e-13
966,belief,23.638242382942735,0.44228249999998553,0.064,23.13195988294275,5.64575,8.0,74.0,63.78192778606196,13.939303912297483,4000,23.131959882943043,2.948752353404416e-13
966,randomised,20.999839014554595,0.47711249999999655,0.081,20.4417265145546,5.82475,9.0,75.0,64.44541992542894,14.468472069315354,4000,20.44172651455464,4.263256414560601e-14
966,naive,22.904675441022846,0.35258000000000456,0.025,22.527095441022844,5.0665,5.0,75.0,68.74999999999996,18.054168507494907,4000,22.52709544102223,6.146194664324867e-13
967,oracle,44.61352760254724,0.05063750000000304,0.004,44.55889010254724,1.78375,2.0,52.0,53.19529600816713,22.71304339638703,4000,44.558890102545185,2.0534685063466895e-12
967,belief,44.73087854781633,0.05063750000000304,0.004,44.67624104781633,1.78375,2.0,52.0,53.3126469548443,22.71304339638703,4000,44.67624104781428,2.0534685063466895e-12
967,randomised,45.112949405929356,0.05063750000000304,0.004,45.05831190592936,1.78375,2.0,52.0,53.69471781754195,22.71304339638703,4000,45.058311905927305,2.0534685063466895e-12
967,naive,51.530753059215314,0.054692500000004626,0.001,51.475060559215315,1.79075,1.0,75.0,68.74999999999997,32.51593359938719,4000,51.47506055921194,3.375077994860476e-12
968,oracle,34.671686864828985,0.35149499999999256,0.049,34.27119186482899,4.876,7.0,63.0,59.285537202420294,17.043441066903412,4000,34.27119186482811,8.810729923425242e-13
968,belief,44.10710719757276,0.2058350000000005,0.025,43.87627219757276,3.6415,5.0,63.0,59.9370553650883,19.407021875876318,4000,43.87627219757271,4.973799150320701e-14
968,randomised,36.10867541042228,0.3345699999999953,0.049,35.72510541042229,4.646,7.0,63.0,59.7820935568438,19.15939767177687,4000,35.725105410422,2.8421709430404007e-13
968,naive,81.78223420276771,0.13059499999999516,0.009000000000000001,81.64263920276771,3.0275,3.0,77.0,70.5833333333333,30.26353648999558,4000,81.64263920276815,4.405364961712621e-13
969,oracle,55.949630730791185,0.03756750000000041,0.0,55.91206323079118,1.54975,0.0,66.0,67.54207959531936,26.625383868826148,4000,55.912063230789485,1.6981971384666394e-12
969,belief,61.51199885054979,0.044157499999999364,0.001,61.46684135054979,1.66325,1.0,65.0,66.5560765795729,26.625383868826148,4000,61.466841350548364,1.4281908988778014e-12
969,randomised,61.83116263467302,0.044157499999999364,0.001,61.786005134673026,1.66325,1.0,65.0,66.87524036752578,26.625383868826148,4000,61.7860051346716,1.4281908988778014e-12
969,naive,42.64540698522971,0.060312500000001656,0.0,42.58509448522971,1.99825,0.0,76.0,69.66666666666663,32.63101904761863,4000,42.58509448522996,2.4868995751603507e-13
970,oracle,-48.769945299958636,0.3547299999999883,0.009000000000000001,-49.133675299958625,4.7835,3.0,59.0,63.0941000344049,24.837378710774203,4000,-49.13367529995831,3.126388037344441e-13
970,belief,-48.69163487976351,0.3547299999999883,0.009000000000000001,-49.0553648797635,4.7835,3.0,59.0,63.172410455539826,24.837378710774203,4000,-49.05536487976319,3.126388037344441e-13
970,randomised,-48.77864866638856,0.3547299999999883,0.009000000000000001,-49.14237866638855,4.7835,3.0,59.0,63.08539666787057,24.837378710774203,4000,-49.14237866638824,3.126388037344441e-13
970,naive,-2.9386176126133705,0.278327499999996,0.004,-3.2209451126133666,4.31975,2.0,76.0,69.66666666666663,35.29407792248829,4000,-3.220945112614162,7.953637748414621e-13
971,oracle,47.68559981612236,0.058387500000005685,0.009000000000000001,47.61821231612235,1.96875,3.0,67.0,62.712253166547455,21.91136380634524,4000,47.6182123161191,3.254285729781259e-12
971,belief,55.42103433839664,0.04529000000000484,0.004,55.37174433839664,1.555,2.0,66.0,62.05734186379484,21.91136380634524,4000,55.37174433839456,2.0818902157770935e-12
971,randomised,47.68559981612236,0.058387500000005685,0.009000000000000001,47.61821231612235,1.96875,3.0,67.0,62.712253166547455,21.91136380634524,4000,47.6182123161191,3.254285729781259e-12
971,naive,1.413077975489557,0.22729250000000453,0.025,1.1607854754895526,4.17375,5.0,67.0,61.41666666666661,24.933071669727294,4000,1.1607854754903215,7.689404668553834e-13
972,oracle,40.49075177311005,0.035930000000000316,0.009000000000000001,40.44582177311005,1.3675,3.0,49.0,51.204584984838974,18.83052172051827,4000,40.445821773110154,1.0658141036401503e-13
972,belief,40.50984904191637,0.035930000000000316,0.009000000000000001,40.46491904191637,1.3675,3.0,49.0,51.2236822538745,18.83052172051827,4000,40.464919041916474,1.0658141036401503e-13
972,randomised,40.49075177311005,0.035930000000000316,0.009000000000000001,40.44582177311005,1.3675,3.0,49.0,51.204584984838974,18.83052172051827,4000,40.445821773110154,1.0658141036401503e-13
972,naive,62.27574980461621,0.12980250000000101,0.001,62.14494730461621,2.86325,1.0,61.0,55.91666666666662,26.568225709028624,4000,62.144947304615016,1.1937117960769683e-12
973,oracle,-48.12198597069657,0.4812075000000065,0.0,-48.603193470696574,5.90425,0.0,74.0,59.546520584898005,10.515110146125798,4000,-48.6031934706984,1.8260948309034575e-12
973,belief,-35.30202264995947,0.4087650000000021,0.001,-35.71178764995947,5.3795,1.0,73.0,59.4323295798591,10.515110146125798,4000,-35.711787649960975,1.5063505998114124e-12
973,randomised,-35.384681539571076,0.4087650000000021,0.001,-35.79444653957108,5.3795,1.0,73.0,59.34967068925604,10.515110146125798,4000,-35.79444653957258,1.5063505998114124e-12
973,naive,-27.723901136977133,0.6026349999999926,0.009000000000000001,-28.335536136977126,6.8695,3.0,71.0,65.08333333333327,15.435778371436477,4000,-28.33553613697763,5.044853423896711e-13
974,oracle,17.365533898462445,0.5185974999999863,0.064,16.782936398462457,6.23575,8.0,72.0,73.45104912952931,23.878208927386314,4000,16.782936398463242,7.851497230149107e-13
974,belief,17.31874582912951,0.5185974999999863,0.064,16.736148329129524,6.23575,8.0,72.0,73.4042610596352,23.878208927386314,4000,16.73614832913031,7.851497230149107e-13
974,randomised,17.365533898462445,0.5185974999999863,0.064,16.782936398462457,6.23575,8.0,72.0,73.45104912952931,23.878208927386314,4000,16.782936398463242,7.851497230149107e-13
974,naive,44.635175113867945,1.104519999999988,0.256,43.27465511386796,8.4995,16.0,88.0,80.66666666666669,34.17340717723162,4000,43.27465511386916,1.2008172234345693e-12
975,oracle,47.28487038832712,0.04086000000000349,0.001,47.24301038832712,1.597,1.0,51.0,57.53243805453936,21.138920484505324,4000,47.24301038832638,7.389644451905042e-13
975,belief,51.28396019906239,0.050560000000003415,0.001,51.23240019906239,1.899,1.0,53.0,58.92552205835729,21.292932642593964,4000,51.23240019906103,1.3571366253017914e-12
975,randomised,46.784552898571675,0.04086000000000349,0.001,46.742692898571676,1.597,1.0,51.0,57.03212055878049,21.138920484505324,4000,46.74269289857094,7.389644451905042e-13
975,naive,92.70051345647602,0.14485500000000168,0.009000000000000001,92.54665845647601,3.4955,3.0,81.0,74.25,34.752428602150154,4000,92.54665845647679,7.815970093361102e-13
976,oracle,19.199395762785812,0.0490950000000047,0.001,19.149300762785806,1.5895,1.0,79.0,65.67006990430906,16.414493328250785,4000,19.14930076278545,3.552713678800501e-13
976,belief,19.815726773545535,0.0490950000000047,0.001,19.76563177354553,1.5895,1.0,79.0,66.28640092246421,16.414493328250785,4000,19.765631773545135,3.943512183468556e-13
976,randomised,19.694379354548587,0.0490950000000047,0.001,19.64428435454858,1.5895,1.0,79.0,66.16505350201128,16.414493328250785,4000,19.644284354548187,3.943512183468556e-13
976,naive,-0.6890510490598558,0.08278999999999968,0.016,-0.7878410490598555,2.2825,4.0,76.0,69.66666666666663,22.058866066055288,4000,-0.7878410490600316,1.7608137170554983e-13
977,oracle,-6.711085902285305,0.1061349999999963,0.004,-6.821220902285301,2.6645,2.0,58.0,57.24657034819028,16.182359898854095,4000,-6.821220902285275,2.5757174171303632e-14
977,belief,-7.199796137626038,0.1061349999999963,0.004,-7.309931137626034,2.6645,2.0,58.0,56.75786010698548,16.182359898854095,4000,-7.309931137625923,1.1102230246251565e-13
977,randomised,-7.711198062916793,0.1061349999999963,0.004,-7.821333062916789,2.6645,2.0,58.0,56.24645817555823,16.182359898854095,4000,-7.821333062916607,1.8207657603852567e-13
977,naive,-78.47182762171019,0.5063899999999891,0.036000000000000004,-79.01421762171019,5.968,6.0,74.0,67.83333333333329,24.633146511371642,4000,-79.01421762170784,2.3447910280083306e-12
978,oracle,-8.166887857423944,0.22496749999999943,0.081,-8.472855357423944,4.03575,9.0,73.0,66.42187066753308,17.4696907627088,4000,-8.472855357423464,4.796163466380676e-13
978,belief,-8.242644027232018,0.22496749999999943,0.081,-8.548611527232017,4.03575,9.0,73.0,66.34611449681638,17.4696907627088,4000,-8.548611527231538,4.796163466380676e-13
978,randomised,-8.166887857423944,0.22496749999999943,0.081,-8.472855357423944,4.03575,9.0,73.0,66.42187066753308,17.4696907627088,4000,-8.472855357423464,4.796163466380676e-13
978,naive,20.37212611658333,0.19289749999999956,0.121,20.05822861658333,3.44925,11.0,75.0,68.74999999999996,23.185458661889445,4000,20.05822861658084,2.490452288839151e-12
979,oracle,6.849288969860822,0.4603474999999984,0.036000000000000004,6.352941469860824,5.79425,6.0,54.0,55.35044381805576,18.942083944559233,4000,6.352941469860086,7.380762667708041e-13
979,belief,5.5320313645304395,0.4592799999999985,0.036000000000000004,5.036751364530441,5.7585,6.0,52.0,54.03456615331315,18.942083944559233,4000,5.036751364529874,5.6754601018838e-13
979,randomised,6.85948829287679,0.4603474999999984,0.036000000000000004,6.363140792876792,5.79425,6.0,54.0,55.360643141194,18.942083944559233,4000,6.363140792876026,7.664979762012081e-13
979,naive,16.71502565491153,0.3512150000000055,0.025,16.338810654911523,4.84,5.0,63.0,57.74999999999994,26.369370998308604,4000,16.338810654910294,1.2292389328649733e-12
980,oracle,74.04220398192581,0.237095,0.025,73.7801089819258,4.139,5.0,59.0,59.517104167534285,13.33983889660066,4000,73.78010898192551,2.984279490192421e-13
980,belief,66.26114504433997,0.2488075000000006,0.036000000000000004,65.97633754433997,4.27925,6.0,58.0,58.3865144248702,13.33983889660066,4000,65.97633754433994,2.842170943040401e-14
980,randomised,74.25423124829535,0.3187074999999889,0.036000000000000004,73.89952374829537,4.84525,6.0,60.0,60.24111667856683,13.493770899693454,4000,73.89952374829612,7.531752999057062e-13
980,naive,46.32786131760486,0.6705449999999987,0.121,45.53631631760486,7.145,11.0,69.0,63.249999999999936,23.786681187867153,4000,45.536316317606214,1.3571366253017914e-12
981,oracle,75.935330348854,0.15457000000000187,0.016,75.76476034885398,3.4,4.0,60.0,51.528520305900834,16.382016316933363,4000,75.76476034885438,3.979039320256561e-13
981,belief,62.745176223972464,0.10234999999999622,0.001,62.64182622397247,2.572,1.0,59.0,51.33578086499997,17.422075071985585,4000,62.64182622397054,1.9326762412674725e-12
981,randomised,71.07916704930432,0.1244324999999959,0.001,70.95373454930431,2.68475,1.0,59.0,50.78861493547117,16.609576497415844,4000,70.95373454930426,5.684341886080802e-14
981,naive,73.82958731719003,0.1730025000000013,0.004,73.65258481719003,3.34375,2.0,64.0,58.666666666666615,27.86719977730677,4000,73.65258481719019,1.5631940186722204e-13
982,oracle,-64.26364481556845,0.7566199999999907,0.036000000000000004,-65.05626481556844,8.2805,6.0,38.0,43.894828494730106,26.010751931854863,4000,-65.05626481556523,3.211653165635653e-12
982,belief,-64.48717733157991,0.7566199999999907,0.036000000000000004,-65.2797973315799,8.2805,6.0,38.0,43.67129597603626,26.010751931854863,4000,-65.27979733157669,3.211653165635653e-12
982,randomised,-64.26364481556845,0.7566199999999907,0.036000000000000004,-65.05626481556844,8.2805,6.0,38.0,43.894828494730106,26.010751931854863,4000,-65.05626481556523,3.211653165635653e-12
982,naive,-71.1668600784044,1.0374999999999752,0.064,-72.26836007840437,9.748,8.0,56.0,51.3333333333333,38.077912864249356,4000,-72.26836007840154,2.8279600883251987e-12
983,oracle,80.26998154981979,0.08728999999999841,0.004,80.17869154981979,2.549,2.0,58.0,62.22375951721717,22.46877822749467,4000,80.17869154982102,1.2363443602225743e-12
983,belief,77.54084968229054,0.08013499999999849,0.004,77.45671468229054,2.3655,2.0,58.0,62.88398708811926,22.820058755701638,4000,77.45671468229182,1.2789769243681803e-12
983,randomised,80.28078844608868,0.08728999999999841,0.004,80.18949844608868,2.549,2.0,58.0,62.23456641361578,22.46877822749467,4000,80.18949844608991,1.2363443602225743e-12
983,naive,91.72036200131686,0.041752499999999894,0.025,91.65360950131685,1.72525,5.0,71.0,65.08333333333327,29.542780137246226,4000,91.65360950131576,1.0942358130705543e-12
984,oracle,40.21583991465499,0.040407500000002185,0.001,40.174432414654994,1.70525,1.0,63.0,66.5360100426402,31.70148419359198,4000,40.17443241465023,4.767741756950272e-12
984,belief,33.84230379339634,0.05704000000000119,0.0,33.78526379339634,2.046,0.0,64.0,67.28058473269418,31.856624821085656,4000,33.78526379339414,2.2026824808563106e-12
984,randomised,33.78098440354147,0.05704000000000119,0.0,33.723944403541466,2.046,0.0,64.0,67.21926534210353,31.856624821085656,4000,33.723944403539264,2.2026824808563106e-12
984,naive,55.799586961175024,0.2362974999999988,0.0,55.563289461175025,3.91525,0.0,84.0,77.0,50.79419600393472,4000,55.56328946117211,2.9132252166164108e-12
985,oracle,35.257405178340946,0.07339999999999974,0.016,35.16800517834095,2.266,4.0,62.0,59.897831762781124,20.71062594064594,4000,35.16800517834234,1.3926637620897964e-12
985,belief,35.40392214517931,0.07339999999999974,0.016,35.31452214517931,2.266,4.0,62.0,60.04434873137751,20.71062594064594,4000,35.3145221451807,1.3926637620897964e-12
985,randomised,25.087859374922232,0.11870499999999728,0.025,24.944154374922235,3.061,5.0,63.0,60.613405683851106,21.207070814651573,4000,24.944154374923276,1.0409451078885468e-12
985,naive,-30.282204427103807,0.6350824999999988,0.256,-31.173286927103806,7.07075,16.0,70.0,64.16666666666661,28.836885904917427,4000,-31.173286927103952,1.4566126083082054e-13
986,oracle,27.23840547441654,0.05155250000000003,0.016,27.17085297441654,1.63025,4.0,62.0,58.3891406292891,16.43777154495369,4000,27.17085297441636,1.8118839761882555e-13
986,belief,27.75326286337196,0.05155250000000003,0.016,27.68571036337196,1.63025,4.0,62.0,58.903998024422044,16.43777154495369,4000,27.685710363371793,1.6697754290362354e-13
986,randomised,22.788908748119354,0.03644500000000025,0.009000000000000001,22.743463748119353,1.5075,3.0,61.0,58.19952015301618,16.43777154495369,4000,22.743463748118764,5.897504706808832e-13
986,naive,19.517156299894623,0.33907749999999287,0.036000000000000004,19.14207879989463,4.81975,6.0,68.0,62.33333333333327,26.178568630665264,4000,19.142078799893014,1.616484723854228e-12
987,oracle,-25.197495874525487,0.0594000000000005,0.009000000000000001,-25.265895874525487,2.006,3.0,49.0,52.21905541218922,18.234972422976064,4000,-25.26589587452464,8.455458555545192e-13
987,belief,-25.06370084720342,0.0594000000000005,0.009000000000000001,-25.13210084720342,2.006,3.0,49.0,52.3528504411169,18.234972422976064,4000,-25.13210084720256,8.597567102697212e-13
987,randomised,-25.197495874525487,0.0594000000000005,0.009000000000000001,-25.265895874525487,2.006,3.0,49.0,52.21905541218922,18.234972422976064,4000,-25.26589587452464,8.455458555545192e-13
987,naive,159.18281536885263,0.22973749999999754,0.064,158.88907786885264,4.02925,8.0,70.0,64.16666666666661,25.682871556064356,4000,158.88907786884852,4.121147867408581e-12
988,oracle,18.65088345363904,0.1795524999999987,0.049,18.42233095363904,3.39325,7.0,59.0,60.03506503715009,23.10279158738658,4000,18.422330953636724,2.3163693185779266e-12
988,belief,18.668586758245738,0.1795524999999987,0.049,18.44003425824574,3.39325,7.0,59.0,60.052768341969035,23.10279158738658,4000,18.440034258243415,2.3234747459355276e-12
988,randomised,18.65088345363904,0.1795524999999987,0.049,18.42233095363904,3.39325,7.0,59.0,60.03506503715009,23.10279158738658,4000,18.422330953636724,2.3163693185779266e-12
988,naive,12.966415793935198,0.3904674999999921,0.1,12.475948293935206,5.08175,10.0,82.0,75.16666666666666,34.17389209153245,4000,12.475948293933563,1.6431300764452317e-12
989,oracle,55.354767320031044,0.11135499999999716,0.025,55.21841232003105,2.858,5.0,75.0,60.59850516829691,8.706282685426176,4000,55.21841232003106,7.105427357601002e-15
989,belief,53.71817870585028,0.06711500000000171,0.009000000000000001,53.642063705850276,2.133,3.0,75.0,60.59770986373259,9.74887577269732,4000,53.64206370584993,3.481659405224491e-13
989,randomised,55.29795577636446,0.11061249999999734,0.016,55.17134327636447,2.84975,4.0,76.0,61.255454121803254,9.74887577269732,4000,55.171343276364475,7.105427357601002e-15
989,naive,56.81123757127227,0.22861750000000036,0.081,56.50162007127227,3.44375,9.0,71.0,65.08333333333329,13.270431070197057,4000,56.50162007127112,1.1510792319313623e-12
990,oracle,60.03427692441909,0.16444000000000672,0.016,59.853836924419085,3.5405,4.0,88.0,74.2460360798023,12.746041429339394,4000,59.85383692442024,1.1581846592889633e-12
990,belief,55.77335482043276,0.17703500000000336,0.025,55.571319820432755,3.6805,5.0,89.0,75.47380454306274,14.218614876998886,4000,55.57131982043389,1.1368683772161603e-12
990,randomised,55.730120779714525,0.17703500000000336,0.025,55.52808577971452,3.6805,5.0,89.0,75.43057050182601,14.218614876998886,4000,55.52808577971566,1.1368683772161603e-12
990,naive,80.94511624451084,0.1998499999999971,0.001,80.74426624451084,3.5595,1.0,83.0,76.08333333333334,23.70057074563107,4000,80.74426624451158,7.389644451905042e-13
991,oracle,53.43890551976929,0.0338800000000006,0.009000000000000001,53.39602551976929,1.5035,3.0,67.0,53.202437660075425,9.204472983949506,4000,53.39602551976857,7.176481631177012e-13
991,belief,53.34353944597734,0.0338800000000006,0.009000000000000001,53.30065944597734,1.5035,3.0,67.0,53.1070715851391,9.204472983949506,4000,53.30065944597659,7.460698725481052e-13
991,randomised,53.43890551976929,0.0338800000000006,0.009000000000000001,53.39602551976929,1.5035,3.0,67.0,53.202437660075425,9.204472983949506,4000,53.39602551976857,7.176481631177012e-13
991,naive,64.50554274919513,0.0710524999999992,0.0,64.43449024919514,1.99125,0.0,64.0,58.666666666666615,17.74216235701958,4000,64.43449024919407,1.0658141036401503e-12
992,oracle,53.91048227985459,0.2937075000000028,0.049,53.56777477985459,4.22375,7.0,81.0,66.28305751103163,11.254054594752562,4000,53.56777477985262,1.9682033780554775e-12
992,belief,53.47987634064168,0.2921800000000006,0.036000000000000004,53.15169634064168,4.212,6.0,80.0,65.85252352083191,11.254054594752562,4000,53.15169634063986,1.8189894035458565e-12
992,randomised,51.80375211872172,0.3821024999999969,0.049,51.372649618721724,5.04275,7.0,79.0,65.0087751083987,11.254054594752562,4000,51.372649618721006,7.176481631177012e-13
992,naive,47.28043768525049,0.6829550000000119,0.121,46.476482685250474,6.641,11.0,79.0,72.41666666666664,19.778959164446224,4000,46.476482685251355,8.810729923425242e-13
993,oracle,44.3295430875545,0.13507749999999924,0.036000000000000004,44.158465587554495,3.28325,6.0,70.0,64.3155121679611,15.545018924100406,4000,44.15846558755578,1.2860823517257813e-12
993,belief,50.143890919578325,0.08736750000000108,0.025,50.03152341957833,2.58575,5.0,71.0,65.23647776227827,15.908720835394492,4000,50.031523419578996,6.679101716144942e-13
993,randomised,44.3295430875545,0.13507749999999924,0.036000000000000004,44.158465587554495,3.28325,6.0,70.0,64.3155121679611,15.545018924100406,4000,44.15846558755578,1.2860823517257813e-12
993,naive,67.25637246881297,0.06965250000000026,0.009000000000000001,67.17771996881297,2.25075,3.0,79.0,72.41666666666664,26.55032481580709,4000,67.1777199688109,2.0605739337042905e-12
994,oracle,31.588636274424346,0.07920249999999832,0.016,31.49343377442435,2.15775,4.0,74.0,68.92435990784732,18.774231488794758,4000,31.49343377442413,2.2026824808563106e-13
994,belief,31.431761677825136,0.07920249999999832,0.016,31.33655917782514,2.15775,4.0,74.0,68.76748530936558,18.774231488794758,4000,31.336559177824938,2.0250467969162855e-13
994,randomised,29.457481713158586,0.07620499999999819,0.009000000000000001,29.372276713158588,2.106,3.0,75.0,69.07948163855039,18.943632610706608,4000,29.372276713158346,2.4158453015843406e-13
994,naive,18.307868213737493,0.17623749999999735,0.049,18.082630713737498,3.79375,7.0,77.0,70.5833333333333,24.19904339928848,4000,18.082630713737416,8.171241461241152e-14
995,oracle,-5.385130334932967,0.11061499999999543,0.016,-5.511745334932963,2.8125,4.0,48.0,45.576914571918046,16.416853383915996,4000,-5.51174533493322,2.575717417130363e-13
995,belief,-5.554883451986598,0.11061499999999543,0.016,-5.681498451986593,2.8125,4.0,48.0,45.40716145282736,16.416853383915996,4000,-5.681498451986851,2.575717417130363e-13
995,randomised,-5.385130334932967,0.11061499999999543,0.016,-5.511745334932963,2.8125,4.0,48.0,45.576914571918046,16.416853383915996,4000,-5.51174533493322,2.575717417130363e-13
995,naive,24.370579037266225,0.06597250000000152,0.004,24.300606537266223,2.07775,2.0,58.0,53.16666666666663,28.333645176616873,4000,24.300606537266308,8.526512829121202e-14
996,oracle,67.05941856693141,0.07360999999999719,0.016,66.9698085669314,2.141,4.0,76.0,64.73986925432781,11.638881057342864,4000,66.96980856693094,4.689582056016661e-13
996,belief,67.68982514633274,0.07360999999999719,0.016,67.60021514633273,2.141,4.0,76.0,65.3702758412934,11.638881057342864,4000,67.60021514633229,4.405364961712621e-13
996,randomised,68.56911052949965,0.07360999999999719,0.016,68.47950052949965,2.141,4.0,76.0,66.24956123501097,11.638881057342864,4000,68.47950052949905,5.968558980384842e-13
996,naive,74.59867246279669,0.05054500000000174,0.004,74.54412746279668,1.5495,2.0,72.0,65.99999999999996,17.609956242977137,4000,74.5441274627979,1.2221335055073723e-12
997,oracle,14.087630090475784,0.13613249999999807,0.016,13.935497590475785,3.11925,4.0,56.0,54.43094825923745,13.74491592382215,4000,13.93549759047615,3.6415315207705135e-13
997,belief,3.6065377334934965,0.19598500000000435,0.025,3.3855527334934923,3.7775,5.0,57.0,55.46509355715704,14.209600535655655,4000,3.385552733493191,3.0109248427834245e-13
997,randomised,3.7994016527472922,0.19598500000000435,0.025,3.578416652747288,3.7775,5.0,57.0,55.65795747872506,14.209600535655655,4000,3.5784166527470225,2.6556534749033744e-13
997,naive,-11.809274976536017,0.2549249999999966,0.14400000000000002,-12.208199976536013,4.131,12.0,66.0,60.49999999999995,19.551918228053825,4000,-12.208199976535552,4.618527782440651e-13
998,oracle,-1.3273387618520474,0.4112649999999903,0.121,-1.8596037618520376,4.2525,11.0,61.0,63.65240090522308,22.680797673486975,4000,-1.859603761851842,1.9562129693895258e-13
998,belief,-1.872541176523896,0.4112649999999903,0.121,-2.4048061765238864,4.2525,11.0,61.0,63.10719848400949,22.680797673486975,4000,-2.4048061765236777,2.0872192862952943e-13
998,randomised,-1.826083291615646,0.4112649999999903,0.121,-2.3583482916156364,4.2525,11.0,61.0,63.153656369474845,22.680797673486975,4000,-2.3583482916154295,2.0694557179012918e-13
998,naive,-15.266481841252926,0.7508424999999862,0.225,-16.242324341252914,5.58525,15.0,67.0,61.41666666666661,30.02853653135909,4000,-16.242324341252687,2.2737367544323206e-13
999,oracle,45.85335090895761,0.05653000000000271,0.001,45.79582090895761,1.79,1.0,77.0,63.870924391918564,12.625404785927179,4000,45.795820908956614,9.947598300641403e-13
999,belief,45.92557038413622,0.05653000000000271,0.001,45.86804038413622,1.79,1.0,77.0,63.94314386796354,12.625404785927179,4000,45.86804038413523,9.947598300641403e-13
999,randomised,45.74227035204102,0.053767500000002307,0.0,45.68850285204102,1.68375,0.0,76.0,63.20091744515378,12.625404785927179,4000,45.68850285204055,4.689582056016661e-13
999,naive,33.7568956694476,0.06694250000000102,0.009000000000000001,33.6809531694476,2.22975,3.0,69.0,63.249999999999936,16.189685336684626,4000,33.68095316944781,2.1316282072803006e-13
