seed,policy,raw_pnl,running_inventory_penalty,terminal_inventory_penalty,full_objective,mean_absolute_inventory,terminal_absolute_inventory,total_fills,spread_revenue,adverse_selection_loss,steps_taken,env_reward_sum,reconciliation_abs_diff,training_seed
110000,oracle,69.09173931861403,0.30682250000000544,0.064,68.72091681861403,5.15575,8.0,70.0,60.3687659686281,10.787479936324702,4000,68.7209168186149,8.668621376273222e-13,
110000,belief,75.8569666416285,0.08626499999999776,0.016,75.7547016416285,2.4915,4.0,68.0,60.65625353884722,11.057832339905689,4000,75.75470164162854,4.263256414560601e-14,
110000,naive,60.51211709493555,0.4194249999999924,0.121,59.971692094935555,5.873,11.0,67.0,61.4166666666666,14.688867848425243,4000,59.971692094933246,2.3092638912203256e-12,
110001,oracle,75.91678631908871,0.052457500000001066,0.025,75.8393288190887,1.84025,5.0,61.0,61.2297040740094,17.73763908228265,4000,75.8393288190876,1.1084466677857563e-12,
110001,belief,71.437325324011,0.045387500000001135,0.009000000000000001,71.382937824011,1.84225,3.0,63.0,64.43650937408987,19.523663356797577,4000,71.38293782400832,2.6716406864579767e-12,
110001,naive,47.50538761912679,0.16969000000000325,0.004,47.33169761912679,3.721,2.0,80.0,73.33333333333331,25.362865426341582,4000,47.33169761912543,1.3642420526593924e-12,
110002,oracle,30.81659362653636,0.17520750000000598,0.049,30.592386126536354,3.42975,7.0,49.0,45.27415932293781,16.92540133744635,4000,30.59238612653646,1.0658141036401503e-13,
110002,belief,45.31130369700895,0.18531000000000772,0.049,45.076993697008945,3.624,7.0,51.0,47.66149501105869,18.1827529813014,4000,45.076993697007815,1.1297629498585593e-12,
110002,naive,79.16784454030721,0.5936050000000296,0.001,78.57323954030718,6.885,1.0,65.0,59.583333333333286,27.72895765958405,4000,78.57323954030842,1.2363443602225743e-12,
110003,oracle,44.11690966541164,0.32240249999999687,0.081,43.71350716541164,5.14075,9.0,55.0,57.00614227681469,20.271327490981403,4000,43.713507165411116,5.258016244624741e-13,
110003,belief,36.35458772276775,0.1551549999999966,0.025,36.174432722767754,3.5715,5.0,55.0,58.872681839597064,22.049794566771077,4000,36.17443272276852,7.673861546209082e-13,
110003,naive,43.50404764649818,0.0798774999999998,0.016,43.40817014649818,2.35025,4.0,66.0,60.49999999999995,29.73742248912988,4000,43.40817014649872,5.400124791776761e-13,
110004,oracle,105.81490079765871,0.10290749999999388,0.009000000000000001,105.70299329765871,2.87325,3.0,89.0,68.88676329350187,9.656694803988172,4000,105.70299329765912,4.121147867408581e-13,
110004,belief,81.16098393895612,0.05013750000000253,0.004,81.10684643895611,1.84575,2.0,86.0,68.45955773416854,14.734863094583472,4000,81.10684643895299,3.126388037344441e-12,
110004,naive,64.71911148247995,0.03147500000000055,0.001,64.68663648247994,1.4795,1.0,69.0,63.24999999999993,13.613737154296803,4000,64.68663648247704,2.8990143619012088e-12,
110005,oracle,104.74488240171922,0.8116999999999917,0.256,103.67718240171924,7.4575,16.0,60.0,49.87172796388003,7.597616698747673,4000,103.67718240171888,3.552713678800501e-13,
110005,belief,95.52297711488927,0.6717375000000024,0.225,94.62623961488927,6.85275,15.0,59.0,49.58890873597093,8.390623400896494,4000,94.62623961488863,6.394884621840902e-13,
110005,naive,95.7518138403243,0.7708724999999893,0.256,94.7249413403243,7.79225,16.0,62.0,56.833333333333286,15.658019165828083,4000,94.72494134032358,7.247535904753022e-13,
110006,oracle,99.31301532058859,0.1394274999999937,0.025,99.14858782058859,3.19625,5.0,69.0,60.529878012875336,16.237690007460166,4000,99.1485878205885,8.526512829121202e-14,
110006,belief,95.68244239289521,0.12734999999999647,0.016,95.53909239289521,2.9285,4.0,70.0,63.05269223378345,16.501622662196684,4000,95.53909239289834,3.126388037344441e-12,
110006,naive,73.97220843304717,0.07270500000000196,0.016,73.88350343304717,2.117,4.0,74.0,67.83333333333329,23.24477870625641,4000,73.8835034330469,2.7000623958883807e-13,
110007,oracle,9.321491107362931,0.14824500000000082,0.009000000000000001,9.16424610736293,3.683,3.0,63.0,66.59534212027273,27.33161427766041,4000,9.164246107363116,1.865174681370263e-13,
110007,belief,23.517589824322698,0.05870750000000557,0.001,23.457882324322693,2.19875,1.0,61.0,64.71409292513209,27.33161427766041,4000,23.457882324322846,1.5276668818842154e-13,
110007,naive,-46.869002629462216,0.7124624999999786,0.081,-47.6624651294622,8.10525,9.0,79.0,72.41666666666664,33.90887381785498,4000,-47.66246512946247,2.7000623958883807e-13,
110008,oracle,68.27984673341541,0.19800250000000044,0.049,68.0328442334154,4.06875,7.0,71.0,66.53824774951683,19.30120883146494,4000,68.03284423341582,4.121147867408581e-13,
110008,belief,74.38982073511568,0.26123500000000094,0.049,74.07958573511567,4.6915,7.0,73.0,69.5088625658407,20.58885938414035,4000,74.0795857351139,1.7763568394002505e-12,
110008,naive,95.96160889606472,1.1213974999999798,0.14400000000000002,94.69621139606473,9.79975,12.0,82.0,75.16666666666667,35.182745309731715,4000,94.69621139606699,2.2595258997171186e-12,
110009,oracle,125.52576685334304,0.11678499999999556,0.004,125.40498185334305,3.0495,2.0,54.0,62.070957244526646,34.198377353634434,4000,125.40498185334773,4.689582056016661e-12,
110009,belief,124.36484684887853,0.11678499999999556,0.004,124.24406184887853,3.0495,2.0,54.0,60.91003722613145,34.198377353634434,4000,124.24406184888322,4.689582056016661e-12,
110009,naive,221.0552824128721,0.6017799999999981,0.1,220.3535024128721,7.263,10.0,68.0,62.33333333333327,36.12251412591276,4000,220.3535024128755,3.410605131648481e-12,
110010,oracle,34.95661346195739,0.07360750000000216,0.001,34.88200596195739,2.18725,1.0,69.0,56.064499964586844,12.174787499719159,4000,34.882005961957404,1.4210854715202004e-14,
110010,belief,32.65659655317907,0.0969524999999931,0.001,32.55864405317908,2.54075,1.0,67.0,57.78491688227441,13.194035372357,4000,32.55864405317939,3.126388037344441e-13,
110010,naive,43.169567887954486,0.24273999999999632,0.016,42.91082788795449,4.28,4.0,68.0,62.33333333333327,16.83394224056218,4000,42.910827887953886,6.039613253960852e-13,
110011,oracle,-16.172888877729065,0.9404249999999977,0.121,-17.23431387772906,8.8615,11.0,93.0,75.24853555843461,8.399935745617583,4000,-17.234313877728074,9.876544027065393e-13,
110011,belief,-4.58099391884889,0.7577549999999972,0.081,-5.419748918848887,7.959,9.0,89.0,75.75617017288356,8.399935745617583,4000,-5.419748918848862,2.4868995751603507e-14,
110011,naive,-34.38079385448077,1.2736849999999953,0.169,-35.82347885448076,10.121,13.0,85.0,77.91666666666667,18.94321356863299,4000,-35.82347885448002,7.389644451905042e-13,
110012,oracle,87.81697220873588,0.2375275000000029,0.004,87.57544470873587,4.08625,2.0,58.0,60.35579597272889,18.279814312371855,4000,87.57544470873526,6.110667527536862e-13,
110012,belief,91.72250841731847,0.26980749999999004,0.004,91.44870091731848,4.32975,2.0,58.0,60.688363579043674,18.697445030431183,4000,91.44870091731957,1.0942358130705543e-12,
110012,naive,100.2498409813345,0.581702500000027,0.049,99.61913848133447,6.52275,7.0,71.0,65.08333333333327,29.494868453499514,4000,99.6191384813345,2.842170943040401e-14,
110013,oracle,-3.9926079234713256,0.3292649999999977,0.016,-4.337872923471323,4.8765,4.0,56.0,65.1004638991967,28.434395625331707,4000,-4.337872923472419,1.0960121699099545e-12,
110013,belief,-16.967282942801603,0.4344449999999883,0.036000000000000004,-17.437727942801594,5.717,6.0,58.0,66.06173542783957,28.66117953813224,4000,-17.437727942802404,8.100187187665142e-13,
110013,naive,-45.29504173954206,1.0853449999999853,0.14400000000000002,-46.52438673954204,9.0675,12.0,78.0,71.49999999999997,38.693571201991716,4000,-46.52438673954202,2.1316282072803006e-14,
110014,oracle,25.97607668219098,0.12939499999999884,0.036000000000000004,25.810681682190978,2.718,6.0,56.0,59.47183502455287,21.45331918039593,4000,25.810681682188942,2.035704937952687e-12,
110014,belief,32.73418168020771,0.0990450000000004,0.025,32.61013668020771,2.447,5.0,57.0,59.17759031267175,21.565833428133146,4000,32.6101366802073,4.121147867408581e-13,
110014,naive,47.40466726438214,0.13656499999999575,0.004,47.264102264382146,3.0265,2.0,82.0,75.16666666666666,33.865527288540136,4000,47.26410226438252,3.765876499528531e-13,
110015,oracle,80.858495327604,0.1179874999999975,0.004,80.736507827604,2.65975,2.0,82.0,72.76487369389918,16.878008752771642,4000,80.73650782760336,6.394884621840902e-13,
110015,belief,81.82481567564784,0.08739499999999784,0.004,81.73342067564784,2.0915,2.0,78.0,71.35387048433738,16.878008752771642,4000,81.73342067564724,5.968558980384842e-13,
110015,naive,89.55244898537882,0.7448775000000132,0.025,88.7825714853788,6.88525,5.0,81.0,74.24999999999999,20.83431573889169,4000,88.78257148537963,8.384404281969182e-13,
110016,oracle,-2.5647746578093518,0.4163324999999961,0.004,-2.985107157809348,5.44525,2.0,54.0,62.31247874072507,27.240886358788043,4000,-2.9851071578097224,3.743672039036028e-13,
110016,belief,-4.859350384970796,0.3924124999999926,0.001,-5.252762884970789,5.23575,1.0,55.0,61.69110798191373,27.361739485345208,4000,-5.252762884970832,4.3520742565306136e-14,
110016,naive,2.3320203429212825,0.6384875000000134,0.016,1.677532842921269,6.59925,4.0,72.0,65.99999999999994,39.934790550851545,4000,1.6775328429208172,4.518607710224387e-13,
110017,oracle,50.12882773340726,0.03156249999999977,0.016,50.081265233407265,1.47175,4.0,60.0,59.04467991300912,20.30340981506048,4000,50.08126523340418,3.083755473198835e-12,
110017,belief,49.24922528568618,0.02088249999999996,0.016,49.21234278568618,1.13475,4.0,58.0,56.91628382996065,21.237462115659977,4000,49.21234278568398,2.2026824808563106e-12,
110017,naive,39.68745494013115,0.3105524999999892,0.1,39.27690244013116,4.90825,10.0,74.0,67.83333333333329,33.20258665999428,4000,39.27690244013011,1.0516032489249483e-12,
110018,oracle,84.77173307882674,0.08212499999999673,0.004,84.68560807882675,2.471,2.0,62.0,67.39636784821452,22.623094057429036,4000,84.68560807882689,1.4210854715202004e-13,
110018,belief,80.33238359404788,0.10044249999999738,0.009000000000000001,80.22294109404788,2.81975,3.0,63.0,68.09663795615648,23.157563112744622,4000,80.2229410940489,1.0231815394945443e-12,
110018,naive,97.39980948984316,0.29364999999999286,0.036000000000000004,97.07015948984316,5.027,6.0,84.0,77.0,38.85513067051794,4000,97.0701594898451,1.9326762412674725e-12,
110019,oracle,69.15752935204245,0.03745250000000128,0.001,69.11907685204244,1.48775,1.0,51.0,54.0226098999138,20.21807052881884,4000,69.11907685204208,3.552713678800501e-13,
110019,belief,72.52823624999695,0.13478750000000175,0.016,72.37744874999694,3.14375,4.0,48.0,51.18840963483771,24.232585244692874,4000,72.37744874999606,8.810729923425242e-13,
110019,naive,47.595604074793755,0.2629924999999989,0.064,47.26861157479376,4.15475,8.0,72.0,65.99999999999994,37.28783058532411,4000,47.268611574794264,5.044853423896711e-13,
110020,oracle,41.516457700412445,0.163645000000009,0.001,41.35181270041244,3.3615,1.0,55.0,50.17351208579207,12.229994041103474,4000,41.35181270041198,4.547473508864641e-13,
110020,belief,16.850417325998137,0.12302249999999701,0.016,16.71139482599814,2.80025,4.0,56.0,53.43105755694499,14.791182871096964,4000,16.711394825997125,1.0160761121369433e-12,
110020,naive,23.696470335950664,0.27201999999999693,0.009000000000000001,23.415450335950666,4.421,3.0,55.0,50.41666666666664,17.610106535121062,4000,23.415450335950048,6.181721801112872e-13,
110021,oracle,-27.69009110147556,0.12936749999999492,0.001,-27.820458601475554,2.95475,1.0,37.0,43.28338431442895,17.12214249996631,4000,-27.820458601474346,1.2079226507921703e-12,
110021,belief,-32.684918213906855,0.1714200000000064,0.004,-32.86033821390686,3.345,2.0,38.0,43.202557883759525,17.267597884483912,4000,-32.86033821390756,7.034373084024992e-13,
110021,naive,-35.49702267425471,0.2826749999999953,0.016,-35.795697674254704,4.0555,4.0,52.0,47.66666666666664,22.11485726774947,4000,-35.79569767425527,5.684341886080801e-13,
110022,oracle,67.29412878944032,0.1292524999999975,0.016,67.14887628944032,2.99825,4.0,62.0,52.91888088119386,13.769425439719324,4000,67.14887628943977,5.542233338928781e-13,
110022,belief,77.90569435221869,0.0828425000000007,0.036000000000000004,77.78685185221869,2.50875,6.0,60.0,53.23786453303318,13.812595312954446,4000,77.78685185221802,6.679101716144942e-13,
110022,naive,61.413858701842514,0.10581249999999556,0.025,61.28304620184252,2.67525,5.0,65.0,59.58333333333328,22.930583598327956,4000,61.2830462018415,1.0160761121369433e-12,
110023,oracle,7.8407589208778745,0.25732749999999854,0.016,7.567431420877876,4.55975,4.0,74.0,67.9698337374608,17.276392857425904,4000,7.567431420877808,6.750155989720952e-14,
110023,belief,-2.300063844304418,0.3667424999999898,0.016,-2.682806344304408,5.55975,4.0,70.0,66.59841439479891,17.53883242021256,4000,-2.6828063443041,3.077538224260934e-13,
110023,naive,-28.793385133951972,0.5435299999999836,0.0,-29.336915133951955,6.3725,0.0,72.0,65.99999999999994,25.849714811916755,4000,-29.3369151339519,5.3290705182007514e-14,
110024,oracle,31.232622202662412,0.06156250000000252,0.016,31.155059702662413,2.22125,4.0,60.0,57.051214013728305,16.12472926530498,4000,31.155059702662868,4.547473508864641e-13,
110024,belief,38.665560952546,0.0713274999999986,0.009000000000000001,38.58523345254601,2.40275,3.0,57.0,57.16133842972064,17.300172045300823,4000,38.58523345254555,4.547473508864641e-13,
110024,naive,39.14744423704754,0.08371999999999825,0.001,39.06272423704754,2.4005,1.0,69.0,63.249999999999936,25.857065445782798,4000,39.062724237047675,1.3500311979441904e-13,
110025,oracle,32.97803448282809,0.0658750000000015,0.009000000000000001,32.903159482828094,2.243,3.0,43.0,44.73405365387984,15.560319302773468,4000,32.90315948282829,1.9895196601282805e-13,
110025,belief,30.45764325077147,0.0785649999999999,0.016,30.36307825077147,2.4615,4.0,42.0,44.01601582865181,15.560319302773468,4000,30.3630782507722,7.318590178329032e-13,
110025,naive,46.87282460894619,0.14147250000000008,0.049,46.68235210894619,3.02075,7.0,63.0,57.74999999999994,28.442251778635985,4000,46.68235210894539,8.029132914089132e-13,
110026,oracle,119.64375621538886,0.1758224999999951,0.064,119.40393371538887,3.64225,8.0,58.0,53.350708060420075,12.79958469361625,4000,119.4039337153915,2.6290081223123707e-12,
110026,belief,145.8362673473315,0.2789125000000038,0.081,145.47635484733152,4.68825,9.0,59.0,57.18370444774616,14.744861480433443,4000,145.4763548473333,1.7905676941154525e-12,
110026,naive,207.82058911005015,0.6523374999999856,0.196,206.97225161005017,7.24475,14.0,70.0,64.1666666666666,23.34994109460006,4000,206.97225161005028,1.1368683772161603e-13,
110027,oracle,60.86944336830118,0.03003749999999907,0.001,60.83840586830118,1.39325,1.0,75.0,60.52165697777687,9.415565473088117,4000,60.838405868299084,2.0961010704922955e-12,
110027,belief,61.0422979765051,0.03003749999999907,0.001,61.0112604765051,1.39325,1.0,75.0,60.69451158805481,9.415565473088117,4000,61.011260476503004,2.0961010704922955e-12,
110027,naive,78.72343302678576,0.037875000000002004,0.001,78.68455802678575,1.327,1.0,63.0,57.74999999999995,12.099756500439875,4000,78.68455802678598,2.2737367544323206e-13,
110028,oracle,60.98830524418821,0.073922499999998,0.009000000000000001,60.905382744188216,2.19575,3.0,77.0,68.88126798338588,16.86216425249803,4000,60.905382744186426,1.7905676941154525e-12,
110028,belief,61.89272233374811,0.10959249999999736,0.016,61.767129833748115,2.55525,4.0,74.0,68.15403953639725,16.952660181970728,4000,61.76712983374701,1.1013412404281553e-12,
110028,naive,94.36996042006876,0.5156300000000013,0.225,93.62933042006877,5.0295,15.0,81.0,74.24999999999999,23.227333079179967,4000,93.62933042006793,8.384404281969182e-13,
110029,oracle,65.81977580382943,0.05732500000000134,0.004,65.75845080382942,1.889,2.0,52.0,59.70889909115075,19.428278609993228,4000,65.75845080382804,1.3784529073745944e-12,
110029,belief,74.0201892545362,0.06373250000000026,0.009000000000000001,73.9474567545362,1.84275,3.0,55.0,61.76142433214709,20.328096325474835,4000,73.94745675453538,8.242295734817162e-13,
110029,naive,65.33269566559875,0.034627500000001095,0.004,65.29406816559874,1.56825,2.0,70.0,64.1666666666666,24.202502350372846,4000,65.29406816559677,1.9753088054130785e-12,
110030,oracle,17.217902003399615,0.0950474999999969,0.001,17.121854503399618,2.37325,1.0,63.0,52.03219276992821,8.96250726709576,4000,17.121854503400435,8.171241461241152e-13,
110030,belief,40.92005750906522,0.04516000000000358,0.0,40.874897509065214,1.668,0.0,62.0,53.831020483874234,9.275277321834027,4000,40.87489750906469,5.258016244624741e-13,
110030,naive,11.14587404875543,0.11416249999999424,0.001,11.030711548755438,2.92975,1.0,69.0,63.249999999999936,17.902347664529795,4000,11.030711548756381,9.43245481721533e-13,
110031,oracle,38.59277645154526,0.08701999999999518,0.009000000000000001,38.49675645154527,2.5805,3.0,51.0,51.98223822220994,18.44539104994378,4000,38.49675645154328,1.9895196601282805e-12,
110031,belief,12.22188109220366,0.08881249999999641,0.025,12.108068592203663,2.52025,5.0,51.0,52.595369250198864,18.681397964772554,4000,12.108068592203496,1.6697754290362354e-13,
110031,naive,-30.575438581564754,0.16980249999999586,0.081,-30.82624108156475,2.85275,9.0,63.0,57.74999999999995,29.141512020828593,4000,-30.826241081565893,1.1439738045737613e-12,
110032,oracle,42.15100162178385,0.03146499999999944,0.004,42.11553662178385,1.479,2.0,66.0,63.02015407870829,19.100473973522654,4000,42.11553662178209,1.7621459846850485e-12,
110032,belief,44.427361842573646,0.0887824999999989,0.016,44.32257934257365,2.53425,4.0,68.0,65.39714325783875,20.06135352799266,4000,44.322579342574514,8.668621376273222e-13,
110032,naive,38.98061827784625,0.23207999999999634,0.064,38.68453827784625,3.8305,8.0,68.0,62.33333333333327,26.069125315133576,4000,38.68453827784593,3.197442310920451e-13,
110033,oracle,39.06784329831066,0.1700299999999944,0.036000000000000004,38.861813298310665,3.5895,6.0,70.0,57.324017797522245,11.3604615984744,4000,38.861813298311276,6.110667527536862e-13,
110033,belief,43.56055108567318,0.12212500000000158,0.025,43.41342608567318,2.8935,5.0,71.0,59.34067067620274,11.667970100154411,4000,43.41342608567363,4.476419235288631e-13,
110033,naive,54.84553625561455,0.20678249999999432,0.036000000000000004,54.60275375561455,3.86125,6.0,68.0,62.33333333333328,17.309078743716768,4000,54.60275375561467,1.2079226507921703e-13,
110034,oracle,170.30593652763775,0.5288174999999885,0.049,169.72811902763775,6.66275,7.0,59.0,56.74047270916276,12.698393835141342,4000,169.72811902764104,3.296918293926865e-12,
110034,belief,153.00673020434635,0.40690250000000555,0.025,152.57482770434635,5.93425,5.0,59.0,58.2181992366258,14.451162967079009,4000,152.57482770434694,5.968558980384842e-13,
110034,naive,127.69355843675721,0.23425249999999845,0.0,127.45930593675722,4.37825,0.0,74.0,67.83333333333329,21.403136892962664,4000,127.45930593675862,1.4068746168049984e-12,
110035,oracle,27.05617631162454,0.04852499999999891,0.016,26.991651311624544,1.672,4.0,48.0,43.0480029115949,11.730960236840536,4000,26.991651311625372,8.277822871605167e-13,
110035,belief,24.485892224977647,0.08387749999999998,0.036000000000000004,24.366014724977646,2.09475,6.0,46.0,43.95649442866976,13.651979928500445,4000,24.366014724977823,1.7763568394002505e-13,
110035,naive,17.012378915135287,0.2052799999999991,0.036000000000000004,16.771098915135287,3.9345,6.0,54.0,49.49999999999997,18.698797540931952,4000,16.77109891513526,2.842170943040401e-14,
110036,oracle,17.122496952785013,0.14960749999999856,0.1,16.872889452785014,3.05975,10.0,56.0,57.55136118883551,18.130936194919517,4000,16.87288945278516,1.4566126083082054e-13,
110036,belief,19.207717301075718,0.225582500000001,0.14400000000000002,18.838134801075718,3.65925,12.0,58.0,60.79423437007447,20.76419330066132,4000,18.838134801075164,5.542233338928781e-13,
110036,naive,24.398290025681376,0.09007750000000071,0.064,24.244212525681377,2.35725,8.0,66.0,60.49999999999994,30.445761632767567,4000,24.244212525682084,7.069900220812997e-13,
110037,oracle,50.68720179810106,0.13491499999999562,0.025,50.527286798101066,3.4545,5.0,55.0,55.78163466239882,19.68797837221187,4000,50.52728679810268,1.6129320101754274e-12,
110037,belief,49.55123946791787,0.16756249999999762,0.036000000000000004,49.34767696791787,3.83075,6.0,52.0,53.47381528964149,19.68797837221187,4000,49.34767696791948,1.6129320101754274e-12,
110037,naive,61.818751770200834,0.1774099999999983,0.064,61.57734177020084,3.611,8.0,68.0,62.33333333333327,29.487067997424237,4000,61.57734177020033,5.115907697472721e-13,
110038,oracle,33.21484810561077,0.09683499999999591,0.009000000000000001,33.10901310561077,2.522,3.0,61.0,59.73409751072697,17.205004209562837,4000,33.10901310560918,1.5916157281026244e-12,
110038,belief,45.93359826258515,0.09484249999999617,0.009000000000000001,45.82975576258515,2.61975,3.0,61.0,60.56814132741506,16.50118450695704,4000,45.82975576258522,7.105427357601002e-14,
110038,naive,29.18902409527857,0.12399749999999796,0.049,29.01602659527857,2.94475,7.0,69.0,63.249999999999936,21.244151308689222,4000,29.016026595279243,6.714628852932947e-13,
110039,oracle,79.09507219175771,0.5142949999999857,0.064,78.51677719175773,6.6465,8.0,62.0,71.78842728214205,25.49255300299136,4000,78.51677719176043,2.7000623958883807e-12,
110039,belief,77.63930589003655,0.5666499999999933,0.081,76.99165589003655,6.8515,9.0,65.0,73.17724810631634,26.682546972820756,4000,76.99165589003765,1.0942358130705543e-12,
110039,naive,86.27381329641912,1.3007224999999738,0.256,84.71709079641914,10.11825,16.0,82.0,75.16666666666664,34.238801770866225,4000,84.71709079641813,1.0089706847793423e-12,
110040,oracle,99.38645580569988,0.3443674999999915,0.016,99.02608830569989,5.15925,4.0,62.0,58.63714843449226,15.10841312119858,4000,99.02608830569886,1.0231815394945443e-12,
110040,belief,109.59216114199847,0.4067624999999916,0.025,109.16039864199848,5.58475,5.0,61.0,58.980758455234685,16.84484756062266,4000,109.16039864199801,4.689582056016661e-13,
110040,naive,102.09726804165723,1.080035,0.081,100.93623304165723,9.7295,9.0,73.0,66.91666666666663,28.905955831301686,4000,100.9362330416601,2.8705926524708048e-12,
110041,oracle,43.63026728385523,0.03126249999999978,0.025,43.57400478385524,1.24975,5.0,59.0,59.885976282576834,20.817607944884863,4000,43.57400478385431,9.237055564881302e-13,
110041,belief,41.49979225154459,0.03115749999999975,0.025,41.44363475154459,1.24625,5.0,57.0,57.755259799476974,20.817607944884863,4000,41.44363475154371,8.810729923425242e-13,
110041,naive,54.8722620895478,0.037584999999999244,0.009000000000000001,54.8256770895478,1.5915,3.0,77.0,70.5833333333333,30.999147413132246,4000,54.82567708954565,2.1529444893531036e-12,
110042,oracle,5.12737878629207,0.08406499999999704,0.004,5.039313786292073,2.3975,2.0,62.0,66.88157271890744,28.581123460002132,4000,5.0393137862922766,2.0339285811132868e-13,
110042,belief,4.368749442468271,0.08406499999999704,0.004,4.280684442468274,2.3975,2.0,62.0,66.12294336598042,28.581123460002132,4000,4.280684442468478,2.0339285811132868e-13,
110042,naive,-12.814130735239019,0.37730249999999305,0.081,-13.272433235239012,5.88625,9.0,79.0,72.41666666666663,37.347693553851585,4000,-13.272433235239916,9.041656312547275e-13,
110043,oracle,61.06798880276352,0.18122499999999783,0.025,60.86176380276353,3.612,5.0,63.0,59.15528051970231,18.45944960274398,4000,60.8617638027654,1.8758328224066645e-12,
110043,belief,65.12290434851957,0.22791750000000482,0.036000000000000004,64.85898684851956,4.12375,6.0,62.0,59.39627671676911,19.405965775154797,4000,64.85898684851966,9.947598300641403e-14,
110043,naive,84.2336872749072,0.3461624999999888,0.121,83.76652477490721,4.64875,11.0,73.0,66.91666666666661,28.650305011285322,4000,83.7665247749065,7.105427357601002e-13,
110044,oracle,25.208510851046412,0.06626250000000296,0.016,25.12624835104641,2.34425,4.0,68.0,56.3967893704115,5.983852390023331,4000,25.126248351046538,1.2789769243681803e-13,
110044,belief,25.27386313917441,0.10039499999999789,0.036000000000000004,25.13746813917441,2.7205,6.0,68.0,58.27001432021235,6.861793086457528,4000,25.13746813917566,1.2505552149377763e-12,
110044,naive,46.333275773916,0.0290874999999989,0.004,46.30018827391601,1.26825,2.0,70.0,64.1666666666666,12.8986729611444,4000,46.300188273914,2.0037305148434825e-12,
110045,oracle,63.97203984910968,0.1038624999999996,0.004,63.86417734910968,2.64125,2.0,80.0,67.88595239653593,13.446874136614174,4000,63.86417734910845,1.2292389328649733e-12,
110045,belief,62.12016092196984,0.056990000000003455,0.001,62.06217092196984,1.828,1.0,75.0,66.0412796851827,14.045046338925463,4000,62.06217092196839,1.4495071809506044e-12,
110045,naive,76.27904601393232,0.09704999999999668,0.016,76.16599601393231,2.552,4.0,68.0,62.33333333333327,19.271427728265536,4000,76.16599601393408,1.7621459846850485e-12,
110046,oracle,76.96098069999528,0.365692500000008,0.025,76.57028819999526,5.28525,5.0,73.0,67.94495000106652,22.44547509447172,4000,76.57028819999485,4.121147867408581e-13,
110046,belief,73.43762732055842,0.3184249999999971,0.009000000000000001,73.11020232055843,4.8515,3.0,67.0,63.26023888184695,22.44547509447172,4000,73.11020232055941,9.805489753489383e-13,
110046,naive,83.76822825102715,0.8838400000000131,0.036000000000000004,82.84838825102715,8.5585,6.0,70.0,64.16666666666661,29.529653073131808,4000,82.84838825102887,1.7195134205394424e-12,
110047,oracle,0.611579135127954,0.10711249999999771,0.016,0.4884666351279563,2.44625,4.0,46.0,49.25502863063435,17.80953522904414,4000,0.48846663512766925,2.870481630168342e-13,
110047,belief,3.818434832483149,0.1631625000000043,0.025,3.6302723324831447,3.58175,5.0,47.0,50.649742490958666,18.293848364388086,4000,3.6302723324835724,4.276579090856103e-13,
110047,naive,5.081693951965008,0.8783649999999924,0.225,3.978328951965015,8.193,15.0,75.0,68.74999999999996,34.72982756039603,4000,3.9783289519661333,1.1182166304024577e-12,
110048,oracle,76.17096484304705,0.0778049999999997,0.004,76.08915984304704,2.2555,2.0,72.0,75.06018798975,26.948022486657997,4000,76.0891598430488,1.7621459846850485e-12,
110048,belief,79.72635055522508,0.07853500000000103,0.001,79.64681555522507,2.253,1.0,73.0,75.91941033742404,27.91443141839828,4000,79.64681555522607,9.947598300641403e-13,
110048,naive,69.01001613625951,0.07425499999999857,0.004,68.93176113625951,2.3915,2.0,88.0,80.66666666666669,34.88486990755762,4000,68.93176113625842,1.0942358130705543e-12,
110049,oracle,91.51671833125691,0.24891500000000558,0.0,91.2678033312569,4.4155,0.0,66.0,56.560884388496504,10.286682952257367,4000,91.2678033312587,1.8047785488306545e-12,
110049,belief,88.4463494325621,0.3134924999999923,0.009000000000000001,88.1238569325621,5.17075,3.0,65.0,56.853729896785175,12.057606034289199,4000,88.1238569325628,6.963318810448982e-13,
110049,naive,90.76310771351336,0.8837700000000087,0.196,89.68333771351335,8.4535,14.0,70.0,64.1666666666666,19.022336562136825,4000,89.68333771351344,8.526512829121202e-14,
110050,oracle,22.361511265718946,0.06218999999999932,0.025,22.274321265718946,2.0995,5.0,53.0,52.405112250376945,20.530006545738225,4000,22.274321265719326,3.801403636316536e-13,
110050,belief,23.304595258110453,0.05239249999999931,0.025,23.227202758110455,1.87575,5.0,53.0,52.63455654139898,20.73895134513652,4000,23.227202758110817,3.623767952376511e-13,
110050,naive,-37.65419692670207,0.6521799999999864,0.169,-38.475376926702054,7.387,13.0,67.0,61.4166666666666,37.09957593696154,4000,-38.47537692670294,8.881784197001252e-13,
110051,oracle,29.700668827574987,0.1404925000000033,0.009000000000000001,29.551176327574982,3.27425,3.0,51.0,53.62123576608336,18.578595959156125,4000,29.551176327575853,8.704148513061227e-13,
110051,belief,18.44237217674555,0.20142999999999986,0.016,18.224942176745554,3.9835,4.0,50.0,53.16528085475109,18.578595959156125,4000,18.22494217674609,5.364597654988756e-13,
110051,naive,47.069993102407665,0.04054000000000114,0.0,47.029453102407665,1.4825,0.0,66.0,60.49999999999994,29.22723600423108,4000,47.029453102407,6.679101716144942e-13,
110052,oracle,37.32904145311875,0.03953749999999979,0.009000000000000001,37.280503953118746,1.60325,3.0,67.0,73.19053143023402,27.393616944921384,4000,37.28050395311806,6.892264536872972e-13,
110052,belief,23.241250598310103,0.04371249999999989,0.016,23.181538098310103,1.67925,4.0,66.0,72.30017236644903,27.393616944921384,4000,23.181538098309357,7.460698725481052e-13,
110052,naive,57.1436187603657,0.10681500000000077,0.0,57.0368037603657,2.736,0.0,78.0,71.49999999999997,33.0942821051579,4000,57.03680376036545,2.4868995751603507e-13,
110053,oracle,119.0801878553616,0.509444999999995,0.14400000000000002,118.4267428553616,6.4935,12.0,52.0,52.192058035251534,20.018315199103636,4000,118.42674285536012,1.4779288903810084e-12,
110053,belief,101.99404351855515,0.3598149999999947,0.121,101.51322851855515,5.2845,11.0,51.0,52.339164061861965,23.614176749997952,4000,101.51322851855599,8.384404281969182e-13,
110053,naive,153.93414601410382,0.46899500000000566,0.14400000000000002,153.3211510141038,5.7465,12.0,68.0,62.33333333333327,34.110056275477426,4000,153.3211510141,3.808509063674137e-12,
110054,oracle,65.85906739166555,0.05071750000000385,0.0,65.80834989166554,1.85475,0.0,58.0,63.208770416987925,30.331462034802318,4000,65.80834989166348,2.0605739337042905e-12,
110054,belief,65.2576438218207,0.034330000000000326,0.001,65.22231382182069,1.4435,1.0,59.0,64.55777369605642,30.55090712166916,4000,65.22231382181894,1.7479351299698465e-12,
110054,naive,63.3012418673905,0.07323499999999808,0.004,63.22400686739051,2.182,2.0,80.0,73.33333333333331,43.10683928137937,4000,63.224006867389406,1.1013412404281553e-12,
110055,oracle,72.48301009221825,0.6033400000000058,0.049,71.83067009221824,7.3705,7.0,69.0,61.90215836860332,14.652657590919754,4000,71.83067009221729,9.521272659185342e-13,
110055,belief,71.84168449027402,0.44759499999999514,0.036000000000000004,71.35808949027403,6.269,6.0,68.0,62.66806679043631,16.142518637004414,4000,71.35808949027337,6.536993168992922e-13,
110055,naive,78.6860015726918,0.6009224999999979,0.081,78.0040790726918,7.21025,9.0,63.0,57.74999999999995,19.78380895917145,4000,78.00407907269033,1.4637180356658064e-12,
110056,oracle,53.01360313624383,0.04031250000000195,0.004,52.969290636243834,1.63125,2.0,76.0,66.19779560723457,15.051301519239736,4000,52.969290636240615,3.218758592993254e-12,
110056,belief,57.08420780530503,0.056877500000003474,0.016,57.01133030530502,2.05175,4.0,78.0,68.86088433256089,16.756825056373824,4000,57.01133030530289,2.1316282072803006e-12,
110056,naive,60.733460913350086,0.39057249999999566,0.1,60.24288841335009,5.55375,10.0,68.0,62.33333333333327,19.75198510829356,4000,60.24288841334921,8.739675649849232e-13,
110057,oracle,12.803630578508091,0.09378249999999984,0.036000000000000004,12.673848078508092,2.47375,6.0,50.0,48.44397381008181,21.20807502400225,4000,12.673848078508344,2.5224267119483557e-13,
110057,belief,17.163366623529328,0.08249499999999942,0.036000000000000004,17.04487162352933,2.2105,6.0,52.0,50.58585267353792,22.32898897209772,4000,17.04487162352916,1.6697754290362354e-13,
110057,naive,-18.271509418615324,0.210079999999999,0.121,-18.60258941861532,3.4505,11.0,61.0,55.91666666666662,30.720418312733702,4000,-18.602589418615604,2.8421709430404007e-13,
110058,oracle,69.38943371539114,0.08922249999999982,0.009000000000000001,69.29121121539113,2.49375,3.0,65.0,67.35460690902775,18.67401559145144,4000,69.29121121539104,8.526512829121202e-14,
110058,belief,64.34219478736716,0.05221000000000409,0.004,64.28598478736716,1.9045,2.0,64.0,67.84766462670704,19.960464670552735,4000,64.2859847873653,1.8616219676914625e-12,
110058,naive,35.822139803716624,0.04387250000000178,0.004,35.77426730371663,1.66325,2.0,72.0,65.99999999999994,23.24677716954442,4000,35.77426730371537,1.2576606422953773e-12,
110059,oracle,52.31557307787406,0.0923374999999981,0.009000000000000001,52.214235577874064,2.36225,3.0,59.0,56.917512108783754,19.52643160419668,4000,52.21423557787409,2.842170943040401e-14,
110059,belief,55.72590391282074,0.10065249999999973,0.016,55.60925141282074,2.44375,4.0,58.0,57.49869969043106,19.52643160419668,4000,55.609251412820264,4.760636329592671e-13,
110059,naive,62.39333312798212,0.07470249999999799,0.009000000000000001,62.309630627982116,2.12275,3.0,65.0,59.583333333333286,24.92662865845135,4000,62.309630627982294,1.7763568394002505e-13,
110060,oracle,34.43836340858235,0.08193499999999904,0.009000000000000001,34.347428408582346,2.2125,3.0,59.0,60.90339719662814,20.101480716390842,4000,34.34742840858301,6.679101716144942e-13,
110060,belief,28.498442726525894,0.06777749999999923,0.004,28.426665226525895,2.03325,2.0,56.0,57.886179069414695,19.71719609040296,4000,28.426665226526563,6.679101716144942e-13,
110060,naive,34.46564893233625,0.12139000000000025,0.009000000000000001,34.33525893233625,2.7505,3.0,71.0,65.08333333333327,25.818163161308632,4000,34.3352589323368,5.471179065352771e-13,
110061,oracle,38.22105160549194,0.042410000000003785,0.0,38.17864160549193,1.5555,0.0,46.0,52.19191041415176,17.80841375452226,4000,38.1786416054908,1.1297629498585593e-12,
110061,belief,37.24753746601833,0.042410000000003785,0.0,37.205127466018325,1.5555,0.0,46.0,51.218396262996805,17.80841375452226,4000,37.205127466017196,1.1297629498585593e-12,
110061,naive,64.6385929399687,0.09515250000000013,0.001,64.5424404399687,2.09775,1.0,69.0,63.249999999999936,31.662639221633857,4000,64.54244043996711,1.5916157281026244e-12,
110062,oracle,16.00136468584877,0.026052499999998976,0.001,15.974312185848772,1.07475,1.0,49.0,46.187891444741474,13.264941436120273,4000,15.974312185847884,8.881784197001252e-13,
110062,belief,10.625180651033887,0.026499999999999333,0.0,10.598680651033888,1.2895,0.0,46.0,45.51094752315163,13.468757711646587,4000,10.598680651033904,1.5987211554602254e-14,
110062,naive,12.932998043344242,0.22284000000000115,0.049,12.66115804334424,4.1995,7.0,73.0,66.91666666666661,29.634498636219828,4000,12.661158043343711,5.293543381412746e-13,
110063,oracle,46.40206321034532,0.17321499999999715,0.064,46.16484821034532,3.5995,8.0,78.0,58.67197935297445,5.29374638480213,4000,46.16484821034561,2.913225216616411e-13,
110063,belief,33.84586372130741,0.28488249999999504,0.081,33.47998122130741,4.76025,9.0,73.0,56.15259302907018,6.932806604806711,4000,33.47998122130813,7.176481631177012e-13,
110063,naive,38.94122520060432,0.09647499999999871,0.016,38.828750200604325,2.557,4.0,64.0,58.666666666666615,7.6146765063990625,4000,38.82875020060457,2.4158453015843406e-13,
110064,oracle,62.0095191908855,0.03759500000000244,0.001,61.9709241908855,1.552,1.0,45.0,47.52207451172622,17.93987161843495,4000,61.97092419088302,2.4797941478027496e-12,
110064,belief,61.41441770236912,0.036530000000000874,0.001,61.376887702369125,1.4825,1.0,47.0,49.40198930621641,18.776895111947898,4000,61.37688770236812,1.0018652574217413e-12,
110064,naive,55.0209893180035,0.04911500000000164,0.004,54.9678743180035,1.673,2.0,66.0,60.49999999999994,28.64313664813897,4000,54.96787431800198,1.5205614545266144e-12,
110065,oracle,49.64319912895289,0.0931774999999978,0.001,49.54902162895289,2.60075,1.0,57.0,52.55046391772686,16.350593606692573,4000,49.54902162895223,6.608047442568932e-13,
110065,belief,42.74646886673861,0.040152500000002686,0.0,42.706316366738605,1.61975,0.0,50.0,49.399546565973445,17.121306198234183,4000,42.706316366736495,2.1103119252074976e-12,
110065,naive,109.9701162157462,0.5322124999999944,0.049,109.3889037157462,6.61675,7.0,65.0,59.583333333333286,24.2144396434427,4000,109.38890371574605,1.4210854715202004e-13,
110066,oracle,14.38122314372859,0.0351274999999998,0.0,14.34609564372859,1.69875,0.0,60.0,57.02588921356268,13.438534580011881,4000,14.346095643728315,2.753353101070388e-13,
110066,belief,-5.934355473256147,0.0696724999999996,0.004,-6.008027973256146,2.31825,2.0,56.0,54.59883550222584,13.974442220441082,4000,-6.00802797325603,1.163513729807164e-13,
110066,naive,137.43408994033558,0.2334525000000107,0.009000000000000001,137.1916374403356,4.14825,3.0,67.0,61.416666666666615,21.397303203574104,4000,137.1916374403344,1.1937117960769683e-12,
110067,oracle,184.8747430930223,1.1301824999999808,0.169,183.5755605930223,9.22275,13.0,67.0,64.05895641572356,22.1245083030444,4000,183.57556059301788,4.405364961712621e-12,
110067,belief,185.139619522183,0.9431624999999857,0.1,184.09645702218302,8.26975,10.0,66.0,66.70689868079766,23.820211954258525,4000,184.0964570221822,8.242295734817162e-13,
110067,naive,155.55586760305562,0.5704625000000063,0.036000000000000004,154.9494051030556,6.21625,6.0,74.0,67.83333333333329,28.20040154502131,4000,154.94940510305483,7.673861546209082e-13,
110068,oracle,55.304659060338565,0.055234999999999784,0.025,55.22442406033856,1.869,5.0,49.0,46.71800395978858,13.567055359904524,4000,55.2244240603367,1.8616219676914625e-12,
110068,belief,47.87713166572678,0.044269999999999386,0.016,47.81686166572678,1.654,4.0,48.0,45.29872433789026,14.852577736171233,4000,47.81686166572588,9.023892744153272e-13,
110068,naive,59.7102127699809,0.3331375000000072,0.025,59.352075269980894,5.37825,5.0,57.0,52.24999999999996,21.76070014432023,4000,59.352075269977874,3.0198066269804258e-12,
110069,oracle,92.39011748835154,0.28711000000000586,0.001,92.10200748835152,4.6425,1.0,81.0,64.69248171950478,6.454040030450903,4000,92.1020074883524,8.810729923425242e-13,
110069,belief,92.37056089392257,0.17863500000000176,0.004,92.18792589392257,3.6275,2.0,80.0,66.86000334833314,6.735693602435882,4000,92.18792589392444,1.8758328224066645e-12,
110069,naive,93.49197537074747,1.5121025000000046,0.14400000000000002,91.83587287074747,11.67925,12.0,78.0,71.49999999999997,11.893212654221479,4000,91.83587287074756,9.947598300641403e-14,
110070,oracle,61.12750702235678,0.1590899999999969,0.064,60.90441702235678,2.9765,8.0,68.0,69.56168697478152,19.73388668888692,4000,60.90441702235545,1.3287149158713873e-12,
110070,belief,62.73069529502379,0.1922749999999973,0.081,62.457420295023795,3.1895,9.0,67.0,69.32969794840488,22.442691626860963,4000,62.45742029502288,9.166001291305292e-13,
110070,naive,77.81634062707963,0.3925575000000008,0.14400000000000002,77.27978312707963,4.29925,12.0,90.0,82.50000000000004,38.21788015947831,4000,77.27978312707894,6.821210263296962e-13,
110071,oracle,4.644094615133838,0.08964749999999636,0.004,4.550447115133842,2.46275,2.0,62.0,54.33793395598929,15.033785132597318,4000,4.550447115133884,4.1744385725905886e-14,
110071,belief,7.33487692726338,0.061785000000004774,0.0,7.273091927263375,1.806,0.0,60.0,54.79045255961137,15.721993224831026,4000,7.2730919272632475,1.2789769243681803e-13,
110071,naive,6.810671610228837,0.10307999999999524,0.009000000000000001,6.698591610228842,2.6685,3.0,71.0,65.08333333333327,21.71640948371855,4000,6.698591610228691,1.509903313490213e-13,
110072,oracle,67.36561682631987,0.0836524999999959,0.009000000000000001,67.27296432631987,2.48875,3.0,81.0,63.576346006571676,9.283133321548933,4000,67.27296432631978,8.526512829121202e-14,
110072,belief,63.06654703968226,0.07019499999999886,0.004,62.99235203968227,2.1725,2.0,78.0,64.43973058142588,9.283133321548933,4000,62.99235203968077,1.4992451724538114e-12,
110072,naive,62.816581624487924,0.07462749999999764,0.016,62.72595412448793,2.26675,4.0,76.0,69.66666666666664,14.887152159122664,4000,62.72595412448755,3.765876499528531e-13,
110073,oracle,70.39264509971309,0.06795750000000395,0.016,70.30868759971308,2.24125,4.0,64.0,55.72442992811091,13.700658862763145,4000,70.30868759971193,1.1510792319313623e-12,
110073,belief,70.55254725425812,0.06440000000000329,0.016,70.4721472542581,2.1435,4.0,62.0,55.26932001555384,13.72486055080073,4000,70.4721472542569,1.2079226507921703e-12,
110073,naive,77.91249953296429,0.059070000000001684,0.0,77.85342953296428,1.956,0.0,68.0,62.33333333333328,21.394716049144925,4000,77.8534295329651,8.100187187665142e-13,
110074,oracle,32.864073972966764,0.11795499999999152,0.009000000000000001,32.73711897296677,3.0305,3.0,71.0,60.92452827253385,11.0843741793907,4000,32.73711897296706,2.913225216616411e-13,
110074,belief,44.74107170404915,0.2022675000000013,0.009000000000000001,44.52980420404915,4.09175,3.0,71.0,62.40310533727446,13.561734478819677,4000,44.529804204049725,5.755396159656812e-13,
110074,naive,62.33529363809157,0.6848175000000036,0.064,61.58647613809157,7.81525,8.0,72.0,65.99999999999994,20.67295821945331,4000,61.58647613809147,9.947598300641403e-14,
110075,oracle,52.21909803665153,0.19586499999999912,0.1,51.92323303665153,3.689,10.0,54.0,54.75369443392061,17.73548445208789,4000,51.92323303665102,5.115907697472721e-13,
110075,belief,60.45742040066659,0.24569999999999842,0.081,60.13072040066659,4.2615,9.0,55.0,56.04932536125877,18.290553826430134,4000,60.13072040066673,1.4210854715202004e-13,
110075,naive,49.29889284413218,0.20750250000000106,0.081,49.010390344132176,4.02425,9.0,65.0,59.58333333333328,22.737763431144757,4000,49.010390344131295,8.810729923425242e-13,
110076,oracle,24.991402274860548,0.08617499999999678,0.004,24.90122727486055,2.499,2.0,66.0,58.54161907709642,16.133813059815804,4000,24.90122727486096,4.121147867408581e-13,
110076,belief,10.15679866907584,0.14669750000000198,0.016,9.994101169075838,3.34925,4.0,60.0,55.81828692723311,16.2193898030682,4000,9.994101169076103,2.646771690706373e-13,
110076,naive,9.981489750916921,0.21609249999999905,0.049,9.716397250916923,3.98725,7.0,71.0,65.08333333333327,25.543287223140442,4000,9.716397250917463,5.400124791776761e-13,
110077,oracle,21.722090850261864,0.06544750000000078,0.001,21.65564335026186,2.13325,1.0,63.0,52.5372855311859,10.586258922259855,4000,21.655643350262846,9.841016890277388e-13,
110077,belief,17.100887639851038,0.07766249999999641,0.0,17.023225139851043,2.34625,0.0,62.0,53.22662012151096,9.961290338386727,4000,17.023225139852425,1.3820056210533949e-12,
110077,naive,-13.71887586683124,0.23355249999999506,0.049,-14.001428366831234,3.95675,7.0,71.0,65.08333333333327,20.412498351491585,4000,-14.001428366829838,1.3962164757685969e-12,
110078,oracle,35.02585003271258,0.4592124999999973,0.036000000000000004,34.53063753271258,6.56325,6.0,76.0,63.51149452436578,11.16921028457577,4000,34.53063753271273,1.4921397450962104e-13,
110078,belief,28.301803498843242,0.5322049999999927,0.049,27.72059849884325,7.056,7.0,73.0,62.492472895333584,12.113260488111756,4000,27.720598498843547,2.984279490192421e-13,
110078,naive,30.927356821598323,0.8589649999999814,0.169,29.899391821598343,8.3605,13.0,67.0,61.41666666666661,15.197987665727782,4000,29.899391821597643,6.998845947236987e-13,
110079,oracle,-1.003549865349214,0.15051999999999238,0.025,-1.1790698653492064,3.567,5.0,59.0,46.95667234388125,12.59655015204284,4000,-1.1790698653481595,1.0469403122215226e-12,
110079,belief,-9.999392314250144,0.19887000000000052,0.036000000000000004,-10.234262314250145,4.1735,6.0,58.0,46.281805018356984,12.59655015204284,4000,-10.234262314248417,1.7283952047364437e-12,
110079,naive,39.58344914589003,0.04908750000000098,0.0,39.53436164589003,1.70475,0.0,58.0,53.16666666666663,16.68101001900892,4000,39.53436164589015,1.2079226507921703e-13,
110080,oracle,-26.29636879649388,0.7235299999999928,0.1,-27.119898796493874,7.9215,10.0,48.0,54.615950558007775,16.039081087080742,4000,-27.119898796493427,4.476419235288631e-13,
110080,belief,-23.719700485348767,0.7169099999999924,0.1,-24.53661048534876,7.8755,10.0,50.0,56.40525230915358,18.185850998279243,4000,-24.53661048534811,6.501466032204917e-13,
110080,naive,-77.97081055383592,1.932642499999982,0.225,-80.1284530538359,12.79525,15.0,77.0,70.5833333333333,32.12141464246365,4000,-80.1284530538353,5.968558980384842e-13,
110081,oracle,66.46941577683197,0.5925024999999983,0.256,65.62091327683197,5.36625,16.0,70.0,53.90261402723215,5.9823975169060954,4000,65.62091327683177,1.9895196601282805e-13,
110081,belief,65.67781141117871,0.6349700000000018,0.256,64.78684141117871,5.4295,16.0,68.0,53.879592699509736,8.436624057707354,4000,64.7868414111783,4.121147867408581e-13,
110081,naive,65.91452177523524,0.4474049999999998,0.169,65.29811677523524,4.6745,13.0,71.0,65.08333333333327,11.834168964495671,4000,65.29811677523496,2.8421709430404007e-13,
110082,oracle,19.236227239985396,0.13004499999999883,0.009000000000000001,19.097182239985397,2.814,3.0,71.0,65.41500962516221,25.52479199006747,4000,19.097182239984964,4.334310688136611e-13,
110082,belief,17.710246664177703,0.14111750000000425,0.025,17.5441291641777,3.08325,5.0,69.0,63.88273504183797,25.52479199006747,4000,17.54412916417755,1.4921397450962104e-13,
110082,naive,38.973947760490375,0.11833749999999571,0.025,38.83061026049038,2.97475,5.0,69.0,63.249999999999936,29.694084264198082,4000,38.83061026048949,8.881784197001252e-13,
110083,oracle,46.64390525414521,0.06546250000000114,0.001,46.57744275414521,1.93875,1.0,65.0,59.378924261184956,13.350676230786576,4000,46.577442754145146,6.394884621840902e-14,
110083,belief,49.500432410804976,0.07534749999999867,0.001,49.42408491080498,2.29225,1.0,67.0,63.55253047660533,14.494729051062047,4000,49.4240849108048,1.7763568394002505e-13,
110083,naive,54.394166120589006,0.03900250000000335,0.001,54.354163620589006,1.59175,1.0,67.0,61.416666666666615,18.219676323924308,4000,54.35416362058739,1.6129320101754274e-12,
110084,oracle,-69.60541061777485,0.4721074999999761,0.081,-70.15851811777483,6.32225,9.0,53.0,49.69371030844951,12.001525353788786,4000,-70.15851811777522,3.836930773104541e-13,
110084,belief,-91.33777742722168,0.4366250000000132,0.081,-91.85540242722169,6.228,9.0,51.0,50.02985454804094,13.201562563837374,4000,-91.85540242722145,2.4158453015843406e-13,
110084,naive,-33.003006530442576,0.18997500000000064,0.064,-33.25698153044258,3.8995,8.0,58.0,53.166666666666636,17.284969958755582,4000,-33.256981530441706,8.739675649849232e-13,
110085,oracle,33.257762609118714,0.02377000000000015,0.001,33.23299260911872,1.2235,1.0,53.0,51.35479914921137,16.59819999242461,4000,33.23299260911773,9.876544027065393e-13,
110085,belief,38.32317636679909,0.0903499999999992,0.016,38.21682636679909,2.369,4.0,50.0,50.69809905243167,17.50034979653386,4000,38.21682636679888,2.1316282072803006e-13,
110085,naive,57.81859279087689,0.5390624999999927,0.196,57.0835302908769,6.39725,14.0,72.0,65.99999999999994,25.904636874205575,4000,57.08353029087829,1.3855583347321954e-12,
110086,oracle,7.632956384541785,0.40493500000000854,0.064,7.164021384541776,5.98,8.0,82.0,68.9002076767693,16.981742670912958,4000,7.164021384539199,2.5774937739697634e-12,
110086,belief,6.147020134216518,0.4256299999999963,0.1,5.621390134216522,5.9885,10.0,80.0,69.72334289506334,19.53019400814086,4000,5.621390134213854,2.668087972779176e-12,
110086,naive,0.3256405163656382,0.4814799999999952,0.081,-0.23683948363435703,6.6295,9.0,79.0,72.41666666666664,22.49090882380617,4000,-0.23683948363579566,1.4386269953092778e-12,
110087,oracle,71.10737548357923,0.16254000000000635,0.016,70.92883548357922,3.548,4.0,76.0,65.22766559892054,15.116674865444125,4000,70.92883548357894,2.8421709430404007e-13,
110087,belief,70.5216564483539,0.12739499999999424,0.009000000000000001,70.3852614483539,3.0725,3.0,75.0,66.32605799614159,15.614610485012504,4000,70.38526144835429,3.836930773104541e-13,
110087,naive,68.13196724343152,0.3909849999999914,0.14400000000000002,67.59698224343153,5.7235,12.0,74.0,67.83333333333329,19.832499192916867,4000,67.59698224343192,3.979039320256561e-13,
110088,oracle,54.853036837835774,0.07077999999999958,0.001,54.78125683783578,2.049,1.0,63.0,48.04328353857752,4.341940481281545,4000,54.781256837833595,2.1813661987835076e-12,
110088,belief,56.06365809093225,0.11841999999999271,0.004,55.94123809093226,2.9155,2.0,64.0,49.792779685896306,8.22909388993051,4000,55.94123809093041,1.8474111129762605e-12,
110088,naive,62.686275908892924,0.061782499999999616,0.016,62.608493408892926,2.00475,4.0,56.0,51.3333333333333,11.31520346541941,4000,62.608493408892144,7.815970093361102e-13,
110089,oracle,99.75923407524411,0.11762249999999758,0.0,99.64161157524411,2.83175,0.0,72.0,62.554793388691095,17.12617011613955,4000,99.64161157524818,4.064304448547773e-12,
110089,belief,101.06482813052808,0.14062750000000313,0.0,100.92420063052808,3.01475,0.0,72.0,64.22379675756748,17.893314164750652,4000,100.9242006305292,1.1226575225009583e-12,
110089,naive,106.15474750198482,0.17673000000000594,0.0,105.97801750198481,3.543,0.0,72.0,65.99999999999994,21.51294699152563,4000,105.97801750198715,2.3447910280083306e-12,
110090,oracle,66.0952489462988,0.23315250000000226,0.009000000000000001,65.85309644629879,4.30175,3.0,51.0,54.65618773529986,21.868069786285943,4000,65.85309644629956,7.673861546209082e-13,
110090,belief,72.70503299354715,0.2425875000000014,0.009000000000000001,72.45344549354715,4.51775,3.0,49.0,53.003398746675664,21.868069786285943,4000,72.45344549354812,9.663381206337363e-13,
110090,naive,80.73684268593354,0.264065000000004,0.016,80.45677768593353,4.938,4.0,66.0,60.49999999999995,33.770463643502275,4000,80.45677768593505,1.5205614545266144e-12,
110091,oracle,65.3370974609487,0.06805500000000304,0.001,65.26804246094869,1.8695,1.0,63.0,72.03992449011284,22.531033444425496,4000,65.26804246094937,6.821210263296962e-13,
110091,belief,64.317903209353,0.06749500000000277,0.0,64.250408209353,1.824,0.0,62.0,71.03004668972883,22.776449504249463,4000,64.25040820935104,1.9610979506978765e-12,
110091,naive,58.84429805201265,0.14246250000000135,0.004,58.69783555201265,3.26325,2.0,74.0,67.8333333333333,26.961559191607453,4000,58.69783555201061,2.0392576516314875e-12,
110092,oracle,70.25802440773089,0.17164000000000182,0.036000000000000004,70.05038440773089,3.639,6.0,88.0,71.28554397490636,10.750662673749622,4000,70.05038440773173,8.384404281969182e-13,
110092,belief,72.86885097133927,0.24376250000000832,0.049,72.57608847133926,4.39525,7.0,89.0,73.67537038094548,10.873857262983421,4000,72.57608847133999,7.247535904753022e-13,
110092,naive,65.53493477128234,0.1008049999999974,0.025,65.40912977128234,2.745,5.0,71.0,65.08333333333329,14.489899109204444,4000,65.40912977128257,2.2737367544323206e-13,
110093,oracle,87.43458023340371,0.11485249999999417,0.001,87.3187277334037,2.94725,1.0,65.0,71.40513799388727,33.78378246103809,4000,87.31872773340353,1.7053025658242404e-13,
110093,belief,83.73856009506645,0.11291499999999505,0.001,83.62464509506644,2.9305,1.0,61.0,67.71033079473764,33.78378246103809,4000,83.62464509506614,2.984279490192421e-13,
110093,naive,104.0468282838625,0.17017749999999843,0.001,103.8756507838625,3.47175,1.0,77.0,70.5833333333333,39.13761450228459,4000,103.87565078386575,3.254285729781259e-12,
110094,oracle,44.289427119610764,0.08572999999999573,0.016,44.18769711961077,2.676,4.0,46.0,52.23634483284465,18.773036629917918,4000,44.187697119609815,9.521272659185342e-13,
110094,belief,42.62826158001138,0.08316499999999546,0.009000000000000001,42.53609658001139,2.6345,3.0,45.0,50.57444890457408,18.773036629917918,4000,42.53609658001007,1.3216094885137863e-12,
110094,naive,31.490993189241408,0.1447249999999992,0.036000000000000004,31.31026818924141,3.462,6.0,60.0,54.99999999999996,28.679855201925456,4000,31.310268189242215,8.064660050877137e-13,
110095,oracle,13.54802955317075,0.1709199999999942,0.064,13.313109553170756,3.674,8.0,54.0,51.186247245963074,18.80561655762854,4000,13.313109553171845,1.0889067425523535e-12,
110095,belief,16.47262230232002,0.332559999999996,0.1,16.04006230232002,5.032,10.0,52.0,50.00242429439082,21.03478313811386,4000,16.040062302318884,1.1368683772161603e-12,
110095,naive,17.980422597769802,1.279937499999988,0.256,16.444485097769814,9.64525,16.0,66.0,60.49999999999994,30.019074569683646,4000,16.444485097769885,7.105427357601002e-14,
110096,oracle,56.00160606679265,0.10338749999999984,0.009000000000000001,55.88921856679265,2.80575,3.0,63.0,49.59742564264296,8.970472050237744,4000,55.88921856679378,1.1297629498585593e-12,
110096,belief,67.91460033263144,0.15042250000000296,0.025,67.73917783263143,3.08675,5.0,61.0,50.54850979690717,9.853383616495808,4000,67.7391778326305,9.237055564881302e-13,
110096,naive,68.57076362226121,0.5040249999999844,0.064,68.00273862226123,5.785,8.0,62.0,56.833333333333286,19.085373686342447,4000,68.00273862226044,7.958078640513122e-13,
110097,oracle,113.58564892917684,0.48541999999999524,0.169,112.93122892917685,4.852,13.0,63.0,60.58619652508917,16.597399031959625,4000,112.93122892917407,2.7853275241795927e-12,
110097,belief,79.04023706516307,0.33396999999999855,0.121,78.58526706516308,3.6925,11.0,63.0,60.66662415769617,17.67092588039998,4000,78.58526706516211,9.663381206337363e-13,
110097,naive,160.10838261190725,0.768929999999991,0.289,159.05045261190728,6.7975,17.0,71.0,65.08333333333327,23.144129038487073,4000,159.05045261190932,2.0463630789890885e-12,
110098,oracle,120.02494680508505,0.18123250000000035,0.064,119.77971430508505,3.61525,8.0,78.0,66.70783666999415,20.034954064811753,4000,119.77971430508806,3.0127011996228248e-12,
110098,belief,122.28412997976193,0.11789250000000234,0.036000000000000004,122.13023747976193,2.89875,6.0,76.0,66.24611732485839,20.034954064811753,4000,122.13023747976388,1.9468870959826745e-12,
110098,naive,117.02347991044155,0.08126250000000344,0.025,116.91721741044154,2.34675,5.0,71.0,65.08333333333327,22.495540718947822,4000,116.91721741044286,1.3216094885137863e-12,
110099,oracle,66.8495739904139,0.06572500000000404,0.001,66.7828489904139,2.2435,1.0,71.0,69.37377656362537,22.044346082713215,4000,66.78284899041365,2.4158453015843406e-13,
110099,belief,56.61284904253432,0.07867250000000113,0.001,56.53317654253432,2.40275,1.0,67.0,68.11124084574286,23.825697064434433,4000,56.53317654253346,8.597567102697212e-13,
110099,naive,9.356137712343923,0.10911999999999797,0.016,9.231017712343926,2.7095,4.0,78.0,71.49999999999997,32.92196823646604,4000,9.2310177123439,2.4868995751603507e-14,
110000,ppo,23.15437284344671,0.8618949999999952,0.256,22.03647784344671,8.2795,16.0,22.0,31.228839985756913,3.8853123211788856,4000,22.036477843447067,3.552713678800501e-13,0.0
110001,ppo,-90.47701393343118,1.6801174999999422,0.324,-92.48113143343112,11.65925,18.0,22.0,31.767611635356257,5.9170714347482285,4000,-92.48113143343292,1.8047785488306545e-12,0.0
110002,ppo,116.5386816795932,0.7567650000000258,0.025,115.75691667959316,7.6065,5.0,47.0,46.19427257255743,18.818517477990724,4000,115.75691667959286,2.984279490192421e-13,0.0
110003,ppo,-5.701707620763955,0.5756350000000147,0.14400000000000002,-6.421342620763969,6.3305,12.0,20.0,26.626975299941044,11.174387425334553,4000,-6.421342620763961,7.993605777301127e-15,0.0
110004,ppo,13.49575779986742,0.08787499999999827,0.036000000000000004,13.371882799867421,2.51,6.0,24.0,36.43955133449955,5.095876683323404,4000,13.3718827998679,4.778399897986674e-13,0.0
110005,ppo,132.53499637601044,2.3652275000000076,0.961,129.20876887601042,11.30125,31.0,63.0,45.13394814473126,7.615514891299556,4000,129.2087688760104,2.842170943040401e-14,0.0
110006,ppo,178.3419079204159,1.7516399999999974,0.361,176.2292679204159,12.347,19.0,19.0,24.850096981100272,4.471447504325752,4000,176.229267920419,3.097966327914037e-12,0.0
110007,ppo,78.9126596117203,0.41788999999998994,0.14400000000000002,78.35076961172031,5.3935,12.0,34.0,42.89568784674027,12.294802584479525,4000,78.35076961172427,3.964828465541359e-12,0.0
110008,ppo,10.111455886254817,1.1926049999999868,0.441,8.47785088625483,8.5345,21.0,27.0,40.18179135102111,12.336211733743292,4000,8.47785088625473,9.947598300641403e-14,0.0
110009,ppo,-168.95206633867383,0.7449675000000147,0.225,-169.92203383867383,7.11775,15.0,23.0,33.379801838518716,19.770030377182916,4000,-169.92203383867465,8.242295734817162e-13,0.0
110010,ppo,27.041956383290426,1.3836599999999892,0.361,25.297296383290437,10.4515,19.0,21.0,29.39191838538322,7.866051535097196,4000,25.297296383290877,4.405364961712621e-13,0.0
110011,ppo,-632.1471314758419,38.238684999999414,8.281,-678.6668164758413,54.121,91.0,149.0,60.67595447060127,15.627960310946131,4000,-678.6668164758338,7.503331289626658e-12,0.0
110012,ppo,8.258315047771703,1.0809799999999625,0.4,6.777335047771739,9.3955,20.0,24.0,35.89413189438052,9.5779531646439,4000,6.777335047773665,1.9255708139098715e-12,0.0
110013,ppo,-158.5058243014323,3.4994574999999393,0.676,-162.68128180143225,16.89325,26.0,30.0,41.270164011426935,16.719825425198902,4000,-162.68128180143583,3.581135388230905e-12,0.0
110014,ppo,102.16136031723431,1.090350000000009,0.256,100.8150103172343,9.3355,16.0,22.0,29.500525996324843,6.775003308433646,4000,100.81501031723508,7.815970093361102e-13,0.0
110015,ppo,21.957871007850827,0.8225700000000129,0.256,20.879301007850813,7.3845,16.0,22.0,30.403778643887577,7.381001386868013,4000,20.87930100785119,3.765876499528531e-13,0.0
110016,ppo,80.13212786826625,0.9338925000000123,0.256,78.94223536826624,8.72825,16.0,22.0,31.842715817315852,8.764322960946723,4000,78.94223536826351,2.7284841053187847e-12,0.0
110017,ppo,71.79275882606112,0.632484999999996,0.225,70.93527382606112,6.46,15.0,21.0,28.52807729380855,10.073042322842458,4000,70.93527382606204,9.237055564881302e-13,0.0
110018,ppo,31.59745431821284,0.7388000000000183,0.225,30.63365431821282,6.9855,15.0,29.0,42.967744174124874,12.882186494292071,4000,30.63365431821205,7.709388682997087e-13,0.0
110019,ppo,-4.6078104866969625,0.4567924999999977,0.14400000000000002,-5.2086029866969605,5.93025,12.0,20.0,28.635662745758765,10.067943619265817,4000,-5.20860298669678,1.8030021919912542e-13,0.0
110020,ppo,298.3108867026517,11.216680000000004,1.369,285.7252067026517,31.6885,37.0,81.0,45.12101412645152,19.743073123325644,4000,285.7252067026499,1.7621459846850485e-12,0.0
110021,ppo,-67.38218944624441,0.8501999999999825,0.169,-68.4013894462444,7.762,13.0,21.0,29.66180613573859,8.370408657685587,4000,-68.40138944624628,1.8900436771218665e-12,0.0
110022,ppo,98.87354391954818,0.2567975000000002,0.121,98.49574641954818,3.40425,11.0,29.0,40.65157498299957,8.492934676606303,4000,98.49574641954811,7.105427357601002e-14,0.0
110023,ppo,-30.92833629436541,2.397154999999921,0.4,-33.72549129436533,14.363,20.0,24.0,32.80999924442128,9.489855114670094,4000,-33.725491294364446,8.810729923425242e-13,0.0
110024,ppo,35.967854198815985,1.0777324999999849,0.256,34.634121698816,9.47025,16.0,22.0,33.25013757793872,6.660787858080519,4000,34.63412169881546,5.400124791776761e-13,0.0
110025,ppo,17.54932087398538,0.609622500000013,0.14400000000000002,16.795698373985367,6.51175,12.0,18.0,25.77755604855256,7.769079201557746,4000,16.79569837398539,2.1316282072803006e-14,0.0
110026,ppo,53.11370022755287,0.055467500000003216,0.004,53.054232727552865,1.77475,2.0,32.0,42.5134181800227,9.399781757250485,4000,53.054232727552126,7.389644451905042e-13,0.0
110027,ppo,78.17308760535741,0.08035249999999834,0.004,78.0887351053574,1.96775,2.0,40.0,41.52659346563518,6.470616546648109,4000,78.0887351053601,2.7000623958883807e-12,0.0
110028,ppo,62.1393429472364,0.9702899999999814,0.324,60.84505294723642,7.9325,18.0,26.0,35.084196970158295,8.781641306442511,4000,60.8450529472368,3.836930773104541e-13,0.0
110029,ppo,217.86330809832089,1.4871274999999944,0.441,215.9351805983209,10.43875,21.0,21.0,27.71103870913755,6.244129350061895,4000,215.93518059831922,1.6768808563938364e-12,0.0
110030,ppo,-85.24660743403001,0.6469499999999659,0.14400000000000002,-86.03755743402998,7.1645,12.0,16.0,21.757685549549272,3.651978038091693,4000,-86.03755743402945,5.258016244624741e-13,0.0
110031,ppo,-162.36567979189886,1.1125374999999962,0.4,-163.87821729189886,8.93925,20.0,26.0,35.9394360201085,11.07659032071253,4000,-163.87821729189795,9.094947017729282e-13,0.0
110032,ppo,37.9845802055122,1.5402924999999497,0.4,36.044287705512254,10.74825,20.0,32.0,50.43626348716293,10.81678468117316,4000,36.044287705512794,5.400124791776761e-13,0.0
110033,ppo,35.657924579415976,0.09122249999999918,0.036000000000000004,35.530702079415974,2.27425,6.0,24.0,32.28288897955208,3.4435452430185096,4000,35.53070207941758,1.6058265828178264e-12,0.0
110034,ppo,316.6175990992797,2.604452499999962,0.676,313.3371465992797,13.99625,26.0,28.0,39.486522087498386,4.844558617249722,4000,313.3371465992815,1.7621459846850485e-12,0.0
110035,ppo,46.618843694464886,0.17554499999999398,0.036000000000000004,46.40729869446489,3.8285,6.0,12.0,18.718667507451034,2.2828229740623445,4000,46.40729869446707,2.1813661987835076e-12,0.0
110036,ppo,-13.301337849815127,1.259789999999987,0.361,-14.922127849815114,10.08,19.0,23.0,31.248730257887622,9.112405097343581,4000,-14.92212784981487,2.433608869978343e-13,0.0
110037,ppo,1.8558044199750157,0.31194499999999736,0.081,1.4628594199750182,4.883,9.0,17.0,25.25583061355018,7.293848971425226,4000,1.4628594199752267,2.084998840246044e-13,0.0
110038,ppo,-89.37766911987228,1.4785000000000041,0.361,-91.2171691198723,10.0955,19.0,21.0,27.760367949378402,9.660020088002705,4000,-91.2171691198697,2.6005864128819667e-12,0.0
110039,ppo,32.401251394685914,0.4855524999999936,0.256,31.65969889468592,5.34025,16.0,28.0,40.345998686845206,11.940865351957532,4000,31.659698894685686,2.3447910280083306e-13,0.0
110040,ppo,151.33930878436377,2.2773449999999578,0.529,148.5329637843638,13.4975,23.0,27.0,36.65675669763374,9.332108056930858,4000,148.532963784364,1.9895196601282805e-13,0.0
110041,ppo,146.06025551145285,0.9602699999999903,0.256,144.84398551145287,8.366,16.0,22.0,32.03431001462676,8.548483482712497,4000,144.84398551145125,1.6200374375330284e-12,0.0
110042,ppo,-134.08645463194807,2.2815824999999745,0.484,-136.85203713194807,13.96375,22.0,26.0,37.520690829723044,16.829247005170757,4000,-136.85203713194733,7.389644451905042e-13,0.0
110043,ppo,-2.678975364632606,0.1335224999999975,0.064,-2.876497864632604,2.50925,8.0,24.0,34.733503541411075,7.541026144822354,4000,-2.8764978646325052,9.85878045867139e-14,0.0
110044,ppo,67.97053351573845,0.10773749999999334,0.009000000000000001,67.85379601573845,2.91175,3.0,45.0,57.69992377039699,6.391401137730619,4000,67.85379601573749,9.663381206337363e-13,0.0
110045,ppo,128.12093144559867,1.044477499999984,0.289,126.78745394559868,9.02175,17.0,25.0,35.818685807114825,6.350308420825297,4000,126.78745394559927,5.826450433232822e-13,0.0
110046,ppo,95.95503979920477,2.5003649999999684,0.529,92.9256747992048,14.5465,23.0,25.0,34.55146232326003,10.836317039349307,4000,92.92567479920719,2.3874235921539366e-12,0.0
110047,ppo,-0.06896573805306616,0.5068174999999853,0.196,-0.7717832380530514,6.13925,14.0,20.0,24.887435266178304,8.77437496351449,4000,-0.7717832380541654,1.113997782908882e-12,0.0
110048,ppo,131.76242555033878,1.3498699999999835,0.441,129.9715555503388,9.0285,21.0,33.0,44.71870153711165,10.247700161742886,4000,129.9715555503372,1.5916157281026244e-12,0.0
110049,ppo,14.769094593021464,0.3024474999999936,0.121,14.34564709302147,4.07425,11.0,31.0,40.88376346880754,8.504097870832933,4000,14.345647093020906,5.631051180898794e-13,0.0
110050,ppo,83.11332976316476,0.7776524999999929,0.225,82.11067726316477,7.53975,15.0,19.0,27.35678880242912,9.67740102358773,4000,82.11067726316399,7.815970093361102e-13,0.0
110051,ppo,78.61681951903097,0.8555500000000134,0.225,77.53626951903097,7.815,15.0,19.0,26.109318606131712,7.901696198831393,4000,77.5362695190308,1.7053025658242404e-13,0.0
110052,ppo,-116.46602800447931,0.7624975000000023,0.256,-117.48452550447932,6.93475,16.0,34.0,48.63853937525272,11.507931327128889,4000,-117.48452550447988,5.542233338928781e-13,0.0
110053,ppo,38.93646566122709,0.06611999999999972,0.016,38.85434566122709,2.1465,4.0,20.0,30.273758882191817,9.190612746031022,4000,38.854345661228585,1.4921397450962104e-12,0.0
110054,ppo,47.73314900667947,1.2329949999999794,0.361,46.13915400667949,9.5995,19.0,23.0,33.98520561640268,10.063721106727035,4000,46.139154006680364,8.739675649849232e-13,0.0
110055,ppo,-14.499973039163024,0.23801749999999983,0.14400000000000002,-14.881990539163024,3.37975,12.0,24.0,33.986879064715154,6.538175377429381,4000,-14.881990539163203,1.794120407794253e-13,0.0
110056,ppo,88.69197206941362,4.867032499999902,1.225,82.59993956941372,18.89525,35.0,81.0,56.23374846877912,20.667990505076865,4000,82.5999395694143,5.826450433232822e-13,0.0
110057,ppo,115.87977927239831,1.0695574999999973,0.225,114.58522177239831,9.26225,15.0,15.0,19.23052682220312,6.24867720483797,4000,114.58522177239952,1.2079226507921703e-12,0.0
110058,ppo,-108.30442587677544,1.8749224999999543,0.324,-110.50334837677539,12.67025,18.0,20.0,25.977136678946916,7.02635093487375,4000,-110.50334837677637,9.805489753489383e-13,0.0
110059,ppo,-1.05058672561222,1.3792274999999818,0.361,-2.790814225612202,9.97975,19.0,23.0,32.151314783630546,8.765919603431986,4000,-2.790814225613045,8.428813202954188e-13,0.0
110060,ppo,-133.5083792704752,1.0021374999999917,0.324,-134.8345167704752,7.95975,18.0,18.0,23.918221474275978,7.353126106738193,4000,-134.83451677047785,2.6432189770275727e-12,0.0
110061,ppo,243.647861132765,1.4488249999999512,0.324,241.87503613276505,10.559,18.0,22.0,29.811287634218637,6.983396420827851,4000,241.87503613276778,2.7284841053187847e-12,0.0
110062,ppo,-56.61047549317527,1.4810224999999717,0.324,-58.415497993175244,10.91075,18.0,20.0,26.647724466976314,4.805185450939886,4000,-58.41549799317424,1.0018652574217413e-12,0.0
110063,ppo,51.2973565099619,0.5185599999999824,0.121,50.65779650996192,6.0495,11.0,23.0,30.97073750640757,1.8471734784709144,4000,50.65779650996424,2.3234747459355276e-12,0.0
110064,ppo,3.527088559910453,0.15722499999999728,0.081,3.288863559910456,3.0035,9.0,25.0,34.872480960217736,11.019154101279538,4000,3.288863559909518,9.379164112033322e-13,0.0
110065,ppo,84.02603510853078,0.6167799999999691,0.14400000000000002,83.26525510853081,7.153,12.0,20.0,30.121673278637452,8.674635332673006,4000,83.26525510852963,1.1795009413617663e-12,0.0
110066,ppo,31.53309471596424,0.14399750000000042,0.049,31.34009721596424,3.26425,7.0,33.0,40.737164450677355,8.990909489179066,4000,31.340097215964715,4.760636329592671e-13,0.0
110067,ppo,-148.80737010701296,1.2233449999999848,0.256,-150.28671510701295,10.1415,16.0,16.0,20.53966074327337,9.663990539856064,4000,-150.2867151070156,2.6432189770275727e-12,0.0
110068,ppo,34.676124489641325,0.14208750000000098,0.049,34.48503698964132,3.01375,7.0,17.0,22.990488975219037,6.955442487169852,4000,34.48503698964195,6.252776074688882e-13,0.0
110069,ppo,37.64229724889674,2.4126524999999623,0.529,34.70064474889677,14.21875,23.0,25.0,34.950509242002624,4.779460957457232,4000,34.700644748896295,4.760636329592671e-13,0.0
110070,ppo,184.44162250506724,1.143342499999999,0.256,183.04228000506725,9.71325,16.0,28.0,42.42329740482188,8.84698469339898,4000,183.0422800050559,1.1368683772161603e-11,0.0
110071,ppo,-228.3857870133561,10.111479999999908,1.764,-240.26126701335602,29.6425,42.0,98.0,58.12929243846219,26.7452150508471,4000,-240.26126701336196,5.9401372709544376e-12,0.0
110072,ppo,85.43017221671539,1.0063549999999888,0.324,84.09981721671541,9.0915,18.0,24.0,36.2050482071262,4.22919662157357,4000,84.0998172167126,2.8137492336099967e-12,0.0
110073,ppo,11.536081549593064,1.4250549999999993,0.256,9.855026549593065,11.1395,16.0,20.0,29.54568712444316,6.424981187757514,4000,9.855026549593601,5.364597654988756e-13,0.0
110074,ppo,34.423511542593815,1.4664874999999897,0.324,32.633024042593824,10.91575,18.0,22.0,31.928036302406813,6.381131096798535,4000,32.633024042593036,7.887024366937112e-13,0.0
110075,ppo,15.543161361744751,0.5668049999999605,0.1,14.876356361744792,6.8495,10.0,12.0,14.935413167683695,4.656750033217007,4000,14.876356361745046,2.540190280342358e-13,0.0
110076,ppo,-98.18717538726742,1.1811025000000013,0.361,-99.72927788726741,9.07275,19.0,21.0,28.582801703021993,8.264062195752688,4000,-99.72927788726616,1.2505552149377763e-12,0.0
110077,ppo,56.80464077538733,0.03772499999999987,0.016,56.75091577538733,1.611,4.0,32.0,44.49365574073295,5.5501012120485225,4000,56.75091577538626,1.0658141036401503e-12,0.0
110078,ppo,-115.84770576869232,27.662140000000644,5.476,-148.98584576869297,46.1735,74.0,110.0,47.77581101277833,22.59183498984216,4000,-148.9858457686848,8.15703060652595e-12,0.0
110079,ppo,-218.98793785751786,3.0057875000000043,1.024,-223.01772535751786,12.63525,32.0,62.0,43.95577566744821,14.862231157481112,4000,-223.0177253575136,4.263256414560601e-12,0.0
110080,ppo,22.409731699242286,0.08394499999999808,0.001,22.32478669924229,2.574,1.0,31.0,46.54937946704,10.862440598046636,4000,22.32478669924253,2.4158453015843406e-13,0.0
110081,ppo,39.75431801044897,0.9968574999999705,0.289,38.468460510449,8.33475,17.0,27.0,39.405160364794234,4.557911988610712,4000,38.46846051044828,7.176481631177012e-13,0.0
110082,ppo,193.76481683699512,1.267297499999991,0.5760000000000001,191.92151933699515,9.77925,24.0,82.0,64.80046124596694,26.495470247382674,4000,191.92151933699077,4.376943252282217e-12,0.0
110083,ppo,-8.655855632423709,0.7028924999999888,0.196,-9.554748132423697,7.02025,14.0,20.0,28.666929339520973,7.240131299535734,4000,-9.554748132422713,9.841016890277388e-13,0.0
110084,ppo,-192.66447444377764,0.8893074999999546,0.256,-193.80978194377758,8.43625,16.0,48.0,46.23359991744415,11.597964842162243,4000,-193.8097819437785,9.094947017729282e-13,0.0
110085,ppo,14.394784239695014,0.3637299999999919,0.1,13.931054239695023,5.315,10.0,18.0,26.72461770023079,6.783003895043311,4000,13.931054239694665,3.5704772471945034e-13,0.0
110086,ppo,-520.1501958448616,21.141370000000453,5.329,-546.6205658448621,39.731,73.0,129.0,59.016141517188,24.523187306483738,4000,-546.6205658448634,1.3642420526593924e-12,0.0
110087,ppo,48.82620973012334,0.13937999999999512,0.001,48.685829730123345,2.6695,1.0,45.0,52.18007898704832,12.842729984524068,4000,48.68582973012188,1.4637180356658064e-12,0.0
110088,ppo,52.72164249927255,0.8223475000000072,0.196,51.70329499927254,7.66025,14.0,16.0,22.2130571257497,3.263099200883647,4000,51.70329499927261,6.394884621840902e-14,0.0
110089,ppo,205.28004877140484,1.6881074999999939,0.361,203.23094127140484,11.77225,19.0,25.0,38.01640060426398,10.018726986503044,4000,203.23094127140584,9.947598300641403e-13,0.0
110090,ppo,-63.66996224011041,0.29370249999999254,0.14400000000000002,-64.10766474011041,4.19125,12.0,28.0,41.00045841918795,12.9157611839035,4000,-64.10766474011044,2.842170943040401e-14,0.0
110091,ppo,50.69220187447104,1.6652649999999571,0.4,48.626936874471085,11.2145,20.0,30.0,43.31242102390783,13.224140029646923,4000,48.626936874470026,1.0587086762825493e-12,0.0
110092,ppo,48.12156199750439,0.37516749999999593,0.196,47.55039449750439,4.59625,14.0,34.0,47.37610948224761,5.549512019845305,4000,47.55039449750518,7.887024366937112e-13,0.0
110093,ppo,267.9615283748658,2.25765999999996,0.676,265.0278683748658,13.8005,26.0,28.0,37.51931888528852,14.750441968246877,4000,265.02786837487196,6.139089236967266e-12,0.0
110094,ppo,112.70196663066622,0.967532500000031,0.225,111.5094341306662,8.89225,15.0,17.0,22.53132512025214,4.800768540208359,4000,111.50943413066659,3.979039320256561e-13,0.0
110095,ppo,34.43261284789105,0.6900450000000136,0.169,33.57356784789104,7.025,13.0,21.0,28.55182879304531,7.294696533781921,4000,33.57356784789289,1.8474111129762605e-12,0.0
110096,ppo,74.76814691966456,1.2499674999999635,0.256,73.26217941966459,9.86475,16.0,22.0,34.099567225618266,6.157468358799131,4000,73.26217941966543,8.384404281969182e-13,0.0
110097,ppo,8.854195311428157,0.09149499999999565,0.025,8.737700311428162,2.5665,5.0,23.0,35.3858023263121,8.65887890452709,4000,8.737700311428679,5.169198402654729e-13,0.0
110098,ppo,56.245019686369005,1.147394999999957,0.289,54.80862468636904,9.915,17.0,21.0,30.162353885514868,8.454901624981316,4000,54.80862468636968,6.394884621840902e-13,0.0
110099,ppo,290.364139711161,2.4253674999999277,0.625,287.31377221116105,14.06075,25.0,29.0,41.92513377391479,9.859416030113897,4000,287.3137722111649,3.865352482534945e-12,0.0
110000,ppo,30.849151625178138,0.3852424999999931,0.1,30.363909125178143,5.65075,10.0,14.0,26.748712837488817,2.3087929889910264,4000,30.36390912517791,2.3447910280083306e-13,1.0
110001,ppo,67.07390393065862,0.24159999999999973,0.1,66.73230393065862,4.173,10.0,10.0,18.058625104051217,5.339152096748875,4000,66.73230393065968,1.0658141036401503e-12,1.0
110002,ppo,15.213179035181497,0.06460500000000624,0.009000000000000001,15.139574035181491,2.4465,3.0,5.0,9.23781706016269,3.150443564568998,4000,15.139574035181822,3.304023721284466e-13,1.0
110003,ppo,4.840444174395657,0.2670799999999983,0.049,4.524364174395658,4.6575,7.0,7.0,12.579538608117828,5.283411861107356,4000,4.524364174395488,1.7053025658242404e-13,1.0
110004,ppo,75.82088649759135,0.21750249999999563,0.081,75.52238399759135,3.77625,9.0,17.0,31.05570836045579,2.2445334264366226,4000,75.52238399758919,2.1600499167107046e-12,1.0
110005,ppo,34.09983465887365,0.22937249999998538,0.036000000000000004,33.83446215887366,4.59225,6.0,10.0,18.007798975171514,0.30848353276793405,4000,33.83446215887443,7.673861546209082e-13,1.0
110006,ppo,9.539112392849347,0.17160999999999663,0.064,9.303502392849351,3.4385,8.0,16.0,30.246062024807134,5.285817343617571,4000,9.303502392850724,1.3731238368563936e-12,1.0
110007,ppo,-88.21993466243453,0.5901349999999841,0.1,-88.91006966243451,7.0985,10.0,12.0,22.81813118165988,5.682352934171099,4000,-88.91006966243499,4.831690603168681e-13,1.0
110008,ppo,47.11342007110602,0.13489499999999735,0.036000000000000004,46.94252507110602,3.1345,6.0,18.0,36.41920344828749,5.43617398066126,4000,46.94252507110758,1.5631940186722204e-12,1.0
110009,ppo,197.63330847566363,0.5147374999999732,0.1,197.01857097566366,6.35575,10.0,14.0,27.236427155102902,6.447867606664403,4000,197.01857097566858,4.916955731459893e-12,1.0
110010,ppo,30.367779971850496,0.05497250000000229,0.004,30.308807471850493,1.73075,2.0,16.0,32.023508725692906,3.583897581966353,4000,30.308807471851136,6.430411758628907e-13,1.0
110011,ppo,-58.42398615254979,0.6238049999999833,0.196,-59.24379115254977,7.0825,14.0,20.0,37.43296447818596,1.1927966232621658,4000,-59.243791152549896,1.2789769243681803e-13,1.0
110012,ppo,28.374763294655736,0.13366249999999552,0.036000000000000004,28.20510079465574,2.95675,6.0,8.0,14.727510655122355,3.5602076705651173,4000,28.205100794658215,2.476241434123949e-12,1.0
110013,ppo,49.32316457985098,0.2664249999999932,0.1,48.95673957985099,4.3975,10.0,12.0,23.00345134883937,6.176603282224837,4000,48.956739579852346,1.3571366253017914e-12,1.0
110014,ppo,2.984869325654927,0.2596299999999947,0.1,2.625239325654932,4.188,10.0,16.0,31.41019640398975,8.187557824807842,4000,2.625239325653838,1.0937917238607042e-12,1.0
110015,ppo,34.02507039589773,0.16572749999999878,0.081,33.77834289589773,3.11175,9.0,13.0,23.615450363934507,1.6218033641547411,4000,33.778342895898454,7.247535904753022e-13,1.0
110016,ppo,-22.99976008439637,0.6527399999999782,0.081,-23.733500084396347,7.228,9.0,17.0,35.59017751112879,7.888600263749183,4000,-23.73350008439412,2.227551476607914e-12,1.0
110017,ppo,-3.5964684967153744,0.10117000000000162,0.036000000000000004,-3.733638496715376,2.571,6.0,8.0,14.918877941085928,4.137054071712339,4000,-3.7336384967151894,1.865174681370263e-13,1.0
110018,ppo,43.769445119764555,0.3753300000000003,0.081,43.313115119764554,5.6995,9.0,13.0,25.5295839771256,4.493112337487956,4000,43.313115119764,5.542233338928781e-13,1.0
110019,ppo,54.256787327810684,0.15998999999999833,0.036000000000000004,54.06079732781068,3.668,6.0,12.0,24.673227677575646,5.444579171224607,4000,54.06079732781287,2.1884716261411086e-12,1.0
110020,ppo,31.86461875150792,0.018444999999999708,0.016,31.83017375150792,0.816,4.0,10.0,20.9449337822868,5.513987601571853,4000,31.830173751508223,3.019806626980426e-13,1.0
110021,ppo,35.678713407787654,0.07510999999999968,0.049,35.55460340778765,2.4765,7.0,11.0,21.726233778285817,4.231153710534034,4000,35.554603407788726,1.0729195309977513e-12,1.0
110022,ppo,-30.044953577738056,0.4335074999999815,0.081,-30.55946107773804,5.79975,9.0,15.0,28.580040415519534,6.255004108055131,4000,-30.559461077739112,1.0729195309977513e-12,1.0
110023,ppo,12.043690526606497,0.03293250000000106,0.009000000000000001,12.001758026606495,1.43825,3.0,11.0,23.45317076810114,4.44327052574995,4000,12.001758026605149,1.3464784842653899e-12,1.0
110024,ppo,-2.871076920029509,0.35177499999998235,0.1,-3.3228519200294913,4.8415,10.0,12.0,21.943725639870145,2.051709451781316,4000,-3.322851920029675,1.8385293287792592e-13,1.0
110025,ppo,25.844845434199897,0.1375099999999985,0.036000000000000004,25.671335434199896,3.282,6.0,12.0,24.065377892010595,6.433705161490987,4000,25.671335434200373,4.760636329592671e-13,1.0
110026,ppo,171.8960526549846,0.629252499999971,0.1,171.16680015498463,7.18375,10.0,14.0,27.525029075717782,3.334979512236156,4000,171.166800154985,3.694822225952521e-13,1.0
110027,ppo,25.12378444248077,0.07419249999999795,0.025,25.02459194248077,2.16725,5.0,17.0,33.052168727208404,1.818749937381995,4000,25.024591942482385,1.6129320101754274e-12,1.0
110028,ppo,22.90997945928126,0.1290374999999958,0.016,22.764941959281266,3.46325,4.0,14.0,28.397923129456633,3.394801211036393,4000,22.76494195928372,2.454925152051146e-12,1.0
110029,ppo,-15.356099225050912,0.018740000000000315,0.009000000000000001,-15.383839225050913,1.13,3.0,7.0,14.74852637436836,3.4942549116274635,4000,-15.38383922505076,1.5276668818842154e-13,1.0
110030,ppo,30.939020188843415,0.01670499999999931,0.001,30.921315188843415,1.032,1.0,7.0,13.735429205983419,1.5293659342742478,4000,30.921315188843156,2.5934809855243657e-13,1.0
110031,ppo,24.93603202303059,0.010207500000000393,0.001,24.92482452303059,0.73325,1.0,11.0,24.47562589941048,2.783124470774594,4000,24.924824523030022,5.684341886080801e-13,1.0
110032,ppo,26.11163932215493,0.07064249999999941,0.025,26.015996822154932,2.18875,5.0,15.0,29.994052749890777,3.555405134461342,4000,26.015996822155795,8.633094239485217e-13,1.0
110033,ppo,26.80956322588702,0.029979999999999663,0.016,26.76358322588702,0.959,4.0,14.0,26.09605013093374,4.729510049628756,4000,26.763583225887015,7.105427357601002e-15,1.0
110034,ppo,-27.90501607348824,0.09393499999999894,0.049,-28.04795107348824,2.2755,7.0,11.0,21.083280841599294,2.957204736789535,4000,-28.04795107348808,1.5987211554602254e-13,1.0
110035,ppo,1.5832628690482125,0.09497750000000264,0.036000000000000004,1.4522853690482098,2.17825,6.0,8.0,15.342360106773617,2.0650991878130327,4000,1.4522853690482012,8.659739592076221e-15,1.0
110036,ppo,8.312525899580635,0.0719774999999959,0.009000000000000001,8.231548399580639,2.18575,3.0,5.0,10.046788666227885,1.8281353461688172,4000,8.231548399580753,1.1368683772161603e-13,1.0
110037,ppo,32.05280551727719,0.17771999999999594,0.049,31.826085517277196,3.874,7.0,9.0,16.577544488964378,1.7036091940144056,4000,31.826085517277892,6.963318810448982e-13,1.0
110038,ppo,43.892408972982764,0.05041249999999949,0.016,43.825996472982766,1.87675,4.0,10.0,20.42976247111021,1.3271674650164735,4000,43.825996472983654,8.881784197001252e-13,1.0
110039,ppo,42.7388314888417,0.7340050000000056,0.14400000000000002,41.860826488841695,7.754,12.0,12.0,21.920245725152228,4.881717936803875,4000,41.86082648884332,1.6271428648906294e-12,1.0
110040,ppo,5.440322790385778,0.08674249999999793,0.016,5.33758029038578,2.40075,4.0,10.0,20.48196898497757,3.165231356037908,4000,5.3375802903863026,5.222489107836736e-13,1.0
110041,ppo,-18.380206733757518,0.1277824999999982,0.049,-18.556989233757516,2.82225,7.0,9.0,16.277556536650764,3.848800429139372,4000,-18.556989233757193,3.232969447708456e-13,1.0
110042,ppo,31.41153687220958,0.1252700000000036,0.049,31.237266872209577,2.6825,7.0,11.0,21.18669974830471,4.062600330914537,4000,31.237266872209304,2.7355895326763857e-13,1.0
110043,ppo,46.20258455883936,0.3559449999999888,0.1,45.74663955883937,4.922,10.0,14.0,26.4837550792662,2.348502903603458,4000,45.74663955883906,3.126388037344441e-13,1.0
110044,ppo,79.94142835856815,0.37471749999998816,0.121,79.44571085856816,4.85825,11.0,19.0,35.19437721455357,1.8073916897888733,4000,79.44571085856799,1.7053025658242404e-13,1.0
110045,ppo,4.382492572783121,0.011912500000000275,0.001,4.369580072783121,0.92725,1.0,9.0,19.010168929626076,3.877991411771582,4000,4.3695800727833465,2.255973186038318e-13,1.0
110046,ppo,8.204066098711337,0.017659999999999672,0.009000000000000001,8.177406098711337,0.9845,3.0,7.0,12.870417213542343,1.229190081482981,4000,8.177406098711568,2.3092638912203256e-13,1.0
110047,ppo,8.243619099627153,0.011002499999999964,0.009000000000000001,8.223616599627153,0.49125,3.0,7.0,14.643715199565914,3.385772805883416,4000,8.223616599627192,3.907985046680551e-14,1.0
110048,ppo,0.23967965933161395,0.21186749999999574,0.081,-0.053187840668381794,4.08525,9.0,13.0,24.931162826961916,6.47379094671465,4000,-0.053187840665729076,2.6527183227820217e-12,1.0
110049,ppo,47.43477557755193,0.3213574999999959,0.064,47.049418077551934,5.06675,8.0,12.0,22.37402891620278,0.8766168101927699,4000,47.04941807754913,2.8066438062523957e-12,1.0
110050,ppo,-2.7095055126637817,0.08849250000000088,0.049,-2.8469980126637826,2.51775,7.0,9.0,17.216608812495405,2.8988829075805636,4000,-2.8469980126633603,4.2232883856740955e-13,1.0
110051,ppo,-11.165751461107448,0.2770624999999954,0.081,-11.523813961107443,4.35325,9.0,13.0,25.854144804292478,4.58536372120316,4000,-11.523813961106853,5.897504706808832e-13,1.0
110052,ppo,150.71444031513056,0.831667499999981,0.225,149.65777281513058,8.54875,15.0,17.0,32.39709722631885,6.07359364542062,4000,149.6577728151282,2.3874235921539366e-12,1.0
110053,ppo,55.6300501590531,0.6083624999999995,0.14400000000000002,54.8776876590531,7.02925,12.0,16.0,31.11479230107064,6.6970475425366685,4000,54.87768765905597,2.8705926524708048e-12,1.0
110054,ppo,15.757939737588117,0.06433250000000054,0.025,15.668607237588116,1.81375,5.0,11.0,22.723421507600857,7.764612376975304,4000,15.668607237588303,1.865174681370263e-13,1.0
110055,ppo,42.90729926012489,0.19724499999999867,0.049,42.66105426012489,3.9275,7.0,7.0,12.35175101013424,2.18511713608372,4000,42.66105426012357,1.3216094885137863e-12,1.0
110056,ppo,43.6596861116268,0.6464249999999804,0.169,42.84426111162682,7.123,13.0,19.0,36.86161573887481,6.064002171276184,4000,42.84426111162565,1.1723955140041653e-12,1.0
110057,ppo,20.217003323574602,0.021462499999999964,0.025,20.170540823574605,1.09225,5.0,15.0,30.600949590715743,10.001086380618698,4000,20.170540823573713,8.917311333789257e-13,1.0
110058,ppo,70.6866037595629,0.34591999999998985,0.064,70.27668375956291,5.496,8.0,10.0,19.300922436445898,2.5960676558590605,4000,70.2766837595646,1.6910917111090384e-12,1.0
110059,ppo,14.699034469982678,0.014432500000000662,0.009000000000000001,14.675601969982678,0.85225,3.0,11.0,23.263883094899516,5.2359236856417795,4000,14.675601969982107,5.702105454474804e-13,1.0
110060,ppo,59.2349898827722,0.1608925000000042,0.049,59.025097382772195,3.09125,7.0,7.0,12.375112848604681,3.021427394771817,4000,59.025097382772096,9.947598300641403e-14,1.0
110061,ppo,-57.48931303771417,0.15757249999998943,0.025,-57.671885537714154,3.40175,5.0,7.0,13.560465932043016,2.598107670622686,4000,-57.67188553771198,2.1742607714259066e-12,1.0
110062,ppo,29.934458724465344,0.022232500000000047,0.009000000000000001,29.903226224465342,1.09375,3.0,9.0,17.70000408305495,2.0942821349249963,4000,29.903226224465584,2.4158453015843406e-13,1.0
110063,ppo,14.46926948875182,0.10346749999999823,0.049,14.316801988751822,2.51625,7.0,17.0,31.759692969735546,2.3789156078154003,4000,14.316801988751813,8.881784197001252e-15,1.0
110064,ppo,30.892065824560632,0.2602825000000045,0.049,30.582783324560626,4.49825,7.0,11.0,22.130075074176247,6.822135003622336,4000,30.582783324560662,3.552713678800501e-14,1.0
110065,ppo,-25.20980969579898,0.11715500000000414,0.036000000000000004,-25.362964695798986,2.595,6.0,6.0,10.339749686495006,3.0608822174972308,4000,-25.362964695798958,2.842170943040401e-14,1.0
110066,ppo,48.904518732840074,0.04749500000000165,0.025,48.83202373284007,1.9795,5.0,9.0,17.282812805730835,2.3679581432620163,4000,48.83202373283829,1.7834622667578515e-12,1.0
110067,ppo,71.70294285756734,0.0998499999999976,0.025,71.57809285756733,2.7095,5.0,9.0,17.137306933588274,3.4979808048293752,4000,71.57809285756889,1.5631940186722204e-12,1.0
110068,ppo,17.00177590702276,0.2767649999999982,0.049,16.676010907022764,4.6675,7.0,11.0,21.186113255669063,3.741667856250507,4000,16.67601090702425,1.4850343177386094e-12,1.0
110069,ppo,31.8161846063839,0.058877500000001526,0.016,31.7413071063839,2.17425,4.0,12.0,24.344003993776994,2.1924231025417216,4000,31.741307106384216,3.161915174132446e-13,1.0
110070,ppo,-66.09366771823557,0.7508874999999883,0.196,-67.04055521823555,7.42675,14.0,16.0,30.185695200174177,6.9968394474140965,4000,-67.04055521824017,4.618527782440651e-12,1.0
110071,ppo,-39.11229712516251,0.4519424999999891,0.1,-39.6642396251625,6.32525,10.0,12.0,21.588193929946144,3.5459908664437005,4000,-39.6642396251618,7.034373084024992e-13,1.0
110072,ppo,18.99220562983777,0.10345249999999724,0.009000000000000001,18.879753129837773,2.46725,3.0,15.0,29.219013448406695,3.7394079698448675,4000,18.879753129838605,8.313350008393172e-13,1.0
110073,ppo,29.353421603698052,0.11591749999999959,0.025,29.212504103698056,2.90375,5.0,11.0,21.96315471811852,4.79255593096176,4000,29.212504103698418,3.623767952376511e-13,1.0
110074,ppo,31.79722659797335,0.11276249999999859,0.064,31.62046409797335,2.40475,8.0,16.0,30.3903970275352,1.5535449752148178,4000,31.620464097973326,2.4868995751603507e-14,1.0
110075,ppo,6.327957022264741,0.1779424999999984,0.081,6.069014522264742,3.40725,9.0,11.0,21.01559387291322,3.697393256703248,4000,6.069014522265498,7.558398351648066e-13,1.0
110076,ppo,35.35410571742119,0.05064000000000016,0.009000000000000001,35.29446571742119,1.798,3.0,9.0,17.377621982245593,4.01820690398571,4000,35.29446571742244,1.2505552149377763e-12,1.0
110077,ppo,-69.23727231007115,0.5710274999999696,0.169,-69.97729981007112,6.60925,13.0,15.0,27.14202775714982,0.4391930040644989,4000,-69.9772998100717,5.826450433232822e-13,1.0
110078,ppo,-0.9966018509867354,0.7311649999999894,0.196,-1.9237668509867247,7.5835,14.0,14.0,25.084326648276296,4.168983347454912,4000,-1.9237668509867976,7.283063041541027e-14,1.0
110079,ppo,-62.30942231525489,0.37467999999999585,0.064,-62.74810231525489,5.6005,8.0,10.0,18.20068521758869,3.671343731210099,4000,-62.748102315254194,6.963318810448982e-13,1.0
110080,ppo,-61.316171608220884,0.831787499999987,0.256,-62.403959108220874,8.46625,16.0,18.0,34.01938970222653,5.034885990233277,4000,-62.40395910822147,5.968558980384842e-13,1.0
110081,ppo,28.246503524610944,0.08620999999999308,0.009000000000000001,28.15129352461095,2.6685,3.0,15.0,28.23374351707537,0.5315545658322878,4000,28.151293524611887,9.379164112033322e-13,1.0
110082,ppo,44.28953786856482,0.23053999999999683,0.025,44.033997868564825,4.19,5.0,11.0,21.35381793125633,3.8086871441454058,4000,44.03399786856267,2.1529444893531036e-12,1.0
110083,ppo,38.86851269915985,0.20125749999999717,0.049,38.618255199159854,3.68475,7.0,11.0,20.789454069907816,1.8702673439164264,4000,38.61825519915785,2.0037305148434825e-12,1.0
110084,ppo,-184.73296928275408,0.7467624999999867,0.14400000000000002,-185.62373178275408,7.72225,12.0,16.0,31.11383564786259,5.277330398902905,4000,-185.62373178275462,5.400124791776761e-13,1.0
110085,ppo,11.842405219174111,0.30847499999999517,0.081,11.452930219174117,4.2655,9.0,11.0,20.783990698864052,5.021657145877842,4000,11.452930219174013,1.0480505352461478e-13,1.0
110086,ppo,-55.26749284870061,0.49470999999997856,0.121,-55.88320284870059,6.3385,11.0,17.0,31.741397167272687,5.641908773320246,4000,-55.883202848699966,6.252776074688882e-13,1.0
110087,ppo,52.23034644592383,0.2711075000000056,0.049,51.91023894592382,4.84475,7.0,11.0,20.90512564039024,0.7144465392151033,4000,51.91023894592194,1.8829382497642655e-12,1.0
110088,ppo,15.088449813335117,0.003579999999999896,0.001,15.083869813335118,0.358,1.0,7.0,13.507086161274078,0.13065329013088103,4000,15.083869813334916,2.0250467969162855e-13,1.0
110089,ppo,-44.15668867681438,0.33846749999999254,0.081,-44.57615617681438,4.76075,9.0,17.0,32.36918540360004,9.467948865632156,4000,-44.5761561768145,1.2079226507921703e-13,1.0
110090,ppo,111.15685382408412,0.45081249999998396,0.1,110.60604132408415,6.02125,10.0,12.0,22.794978652895463,3.719794555759566,4000,110.60604132408383,3.126388037344441e-13,1.0
110091,ppo,22.728757915692086,0.6506624999999602,0.1,21.978095415692124,7.52225,10.0,14.0,28.01593476876219,5.4900414970516165,4000,21.97809541569223,1.0658141036401503e-13,1.0
110092,ppo,10.725439467142053,0.036687499999998964,0.016,10.672751967142053,1.26525,4.0,8.0,16.53108530556273,2.9684516357863324,4000,10.672751967142153,9.947598300641403e-14,1.0
110093,ppo,-56.47832022901753,0.371992499999985,0.121,-56.97131272901751,4.69525,11.0,19.0,39.05755695907652,12.375971726521962,4000,-56.97131272901822,7.105427357601002e-13,1.0
110094,ppo,-19.210654406758294,0.27020249999999574,0.036000000000000004,-19.516856906758292,4.79325,6.0,10.0,20.47629337633943,3.6487409375543773,4000,-19.516856906758335,4.263256414560601e-14,1.0
110095,ppo,-3.354793519902273,0.03897250000000154,0.009000000000000001,-3.4027660199022747,1.56275,3.0,5.0,9.283911721464426,0.32429721829598784,4000,-3.402766019902859,5.844214001626824e-13,1.0
110096,ppo,15.15324868174622,0.037377500000002374,0.009000000000000001,15.106871181746218,1.70225,3.0,9.0,16.94813140079798,1.7817797859224849,4000,15.106871181746637,4.192202140984591e-13,1.0
110097,ppo,93.38961737478326,0.36964249999999127,0.121,92.89897487478326,4.97725,11.0,11.0,19.75852789424439,3.8338006047183404,4000,92.89897487478653,3.268496584496461e-12,1.0
110098,ppo,35.883567824601045,0.04612500000000262,0.004,35.83344282460104,1.8765,2.0,12.0,24.220911964754176,2.405084570861213,4000,35.833442824599054,1.9895196601282805e-12,1.0
110099,ppo,-26.10959960291723,0.09187249999999393,0.009000000000000001,-26.210472102917223,2.65775,3.0,13.0,27.359826772521647,4.404226311065697,4000,-26.210472102916995,2.2737367544323206e-13,1.0
110000,ppo,22.290734537837466,0.2569100000000015,0.016,22.017824537837466,4.6625,4.0,18.0,30.562767583428013,4.083305493897891,4000,22.017824537837985,5.186961971048731e-13,2.0
110001,ppo,63.56638910297818,0.1425674999999953,0.049,63.37482160297818,3.30025,7.0,15.0,27.936326759684782,5.603994754677512,4000,63.37482160297872,5.400124791776761e-13,2.0
110002,ppo,24.501895537150062,0.14162999999999432,0.001,24.359265537150065,3.5935,1.0,11.0,17.684342262136532,7.616927044190739,4000,24.359265537150538,4.725109192804666e-13,2.0
110003,ppo,-12.061594112132013,0.23710250000001137,0.016,-12.314696612132025,4.48425,4.0,12.0,20.85731553959601,7.947725975628331,4000,-12.314696612131312,7.123190925995004e-13,2.0
110004,ppo,93.48686387921077,0.3229975000000012,0.036000000000000004,93.12786637921077,5.06675,6.0,22.0,34.653245283785445,5.147835629910835,4000,93.12786637921037,3.979039320256561e-13,2.0
110005,ppo,47.34718689411238,0.2987525000000193,0.025,47.023434394112364,5.20225,5.0,17.0,27.201807568760714,1.691292380817699,4000,47.02343439411327,9.094947017729282e-13,2.0
110006,ppo,-4.200088928202831,0.27182750000000294,0.025,-4.496916428202835,4.58825,5.0,23.0,40.878229135071315,5.9603742289726505,4000,-4.496916428203316,4.813927034774679e-13,2.0
110007,ppo,-73.12173372559448,0.3957624999999969,0.036000000000000004,-73.55349622559449,5.98375,6.0,16.0,28.089613004760533,6.014933345961854,4000,-73.55349622559746,2.9700686354772188e-12,2.0
110008,ppo,47.26130892196889,0.0926074999999934,0.004,47.1647014219689,2.59675,2.0,22.0,39.23583290279856,6.184412608027218,4000,47.164701421968694,2.0605739337042905e-13,2.0
110009,ppo,185.5097884736333,0.3421349999999855,0.036000000000000004,185.13165347363332,5.4035,6.0,18.0,32.20849619440272,9.425598326626547,4000,185.13165347362866,4.661160346586257e-12,2.0
110010,ppo,33.64718308629912,0.042837500000002304,0.001,33.60334558629912,1.40275,1.0,19.0,33.40043707810143,5.725654501900749,4000,33.603345586299326,2.0605739337042905e-13,2.0
110011,ppo,-9.089366614925893,0.36348250000000065,0.025,-9.477849114925894,5.67325,5.0,33.0,55.27090741601763,3.771288245465128,4000,-9.477849114926054,1.5987211554602254e-13,2.0
110012,ppo,55.49188133206371,0.11100499999999495,0.0,55.38087633206372,2.6425,0.0,16.0,28.230676422499684,5.571493144669025,4000,55.38087633206499,1.2718714970105793e-12,2.0
110013,ppo,42.155274771472534,0.09804000000000053,0.025,42.03223477147254,2.7415,5.0,17.0,32.49488689596161,9.247750451362126,4000,42.03223477147206,4.760636329592671e-13,2.0
110014,ppo,14.507223477004004,0.3268199999999972,0.049,14.131403477004007,5.2205,7.0,21.0,38.08936150475666,9.361849317425659,4000,14.131403477005279,1.2718714970105793e-12,2.0
110015,ppo,25.86419928800609,0.12496500000000173,0.016,25.72323428800609,3.0165,4.0,14.0,23.57611200229599,2.6661576915829057,4000,25.72323428800691,8.206768598029157e-13,2.0
110016,ppo,-26.23528509852673,0.40361249999998955,0.016,-26.65489759852672,5.84625,4.0,24.0,43.12604982486916,9.805622602049052,4000,-26.65489759852873,2.0108359422010835e-12,2.0
110017,ppo,11.252767444890992,0.1200649999999962,0.009000000000000001,11.123702444890995,3.2165,3.0,13.0,22.86906672321117,6.752568852567978,4000,11.123702444892844,1.8491874698156607e-12,2.0
110018,ppo,48.72675917039277,0.239725000000007,0.009000000000000001,48.47803417039276,4.562,3.0,19.0,34.131905849688934,7.276894462178024,4000,48.47803417039262,1.4210854715202004e-13,2.0
110019,ppo,54.73231574703067,0.16826500000000383,0.016,54.548050747030665,3.8475,4.0,14.0,24.70036389294831,5.506959811936191,4000,54.54805074703473,4.064304448547773e-12,2.0
110020,ppo,50.13731575475424,0.15209000000000722,0.009000000000000001,49.97622575475423,3.6585,3.0,17.0,29.969868397815965,6.935125324194676,4000,49.97622575475425,2.1316282072803006e-14,2.0
110021,ppo,38.3815822623709,0.10399999999999879,0.036000000000000004,38.2415822623709,3.0455,6.0,12.0,22.59786384203609,4.34364137833767,4000,38.241582262371566,6.679101716144942e-13,2.0
110022,ppo,5.3731544857676,0.19437500000001037,0.016,5.162779485767589,3.985,4.0,18.0,30.978952569257206,6.248156763721175,4000,5.162779485768214,6.24389429049188e-13,2.0
110023,ppo,25.843662774522613,0.0938124999999981,0.016,25.733850274522617,2.67525,4.0,14.0,26.40860604114207,4.670786108195072,4000,25.73385027452412,1.5027978861326119e-12,2.0
110024,ppo,17.485436949690836,0.23086750000000048,0.025,17.229569449690835,4.03725,5.0,17.0,28.779307833341804,3.7704791803601254,4000,17.229569449690324,5.115907697472721e-13,2.0
110025,ppo,25.32611546455138,0.14648249999999416,0.025,25.154632964551386,3.62725,5.0,15.0,26.957932119229262,7.823889490689713,4000,25.154632964552203,8.171241461241152e-13,2.0
110026,ppo,146.19682523067235,0.3980500000000005,0.016,145.78277523067234,5.8525,4.0,20.0,33.55286161904381,6.624996023162501,4000,145.78277523067297,6.252776074688882e-13,2.0
110027,ppo,41.69195935098304,0.284017500000003,0.025,41.38294185098304,5.07475,5.0,19.0,30.63728622059862,2.260738511400684,4000,41.38294185098415,1.1155520951433573e-12,2.0
110028,ppo,40.4968501679201,0.09897999999999545,0.0,40.397870167920104,2.7845,0.0,20.0,36.26434478563266,4.5064811314649384,4000,40.397870167920516,4.121147867408581e-13,2.0
110029,ppo,13.818562210232244,0.006737499999999845,0.0,13.811824710232244,0.53675,0.0,10.0,21.058337880514543,4.4713605459772126,4000,13.811824710232337,9.237055564881302e-14,2.0
110030,ppo,54.32952896338924,0.08940499999999618,0.004,54.23612396338924,2.62,2.0,10.0,15.797642430986807,1.5293659342742478,4000,54.236123963390376,1.1368683772161603e-12,2.0
110031,ppo,26.805110402279226,0.05837750000000295,0.0,26.746732902279224,2.15275,0.0,12.0,22.1145463778221,3.582952144302702,4000,26.746732902279557,3.339550858072471e-13,2.0
110032,ppo,39.11875992794563,0.07026500000000223,0.001,39.047494927945635,2.3045,1.0,23.0,43.13954945742442,6.369531588458008,4000,39.0474949279453,3.339550858072471e-13,2.0
110033,ppo,18.4178329062388,0.15327999999999617,0.036000000000000004,18.228552906238804,3.333,6.0,20.0,34.03264010400431,6.170889612047002,4000,18.228552906239873,1.0693668173189508e-12,2.0
110034,ppo,11.110604722451171,0.054470000000001524,0.004,11.05213472245117,1.878,2.0,20.0,36.64271933722392,3.8881247952670117,4000,11.052134722451063,1.0658141036401503e-13,2.0
110035,ppo,-7.775951683434528,0.14632749999999978,0.025,-7.947279183434528,3.08725,5.0,11.0,19.43085032992606,4.301694577102277,4000,-7.947279183434552,2.398081733190338e-14,2.0
110036,ppo,15.719606766072857,0.1547375,0.001,15.563869266072858,3.51775,1.0,11.0,19.363007359688687,5.67010578676207,4000,15.5638692660724,4.583000645652646e-13,2.0
110037,ppo,34.16199238659539,0.1932449999999999,0.025,33.94374738659539,4.225,5.0,13.0,22.373512821554563,3.154966077489525,4000,33.94374738659733,1.9397816686250735e-12,2.0
110038,ppo,46.167517328913675,0.07369249999999823,0.004,46.08982482891368,2.32375,2.0,16.0,30.696985426642577,5.279617018731409,4000,46.08982482891131,2.3661073100811336e-12,2.0
110039,ppo,57.68157486920052,0.4107474999999882,0.009000000000000001,57.26182736920053,5.95275,3.0,17.0,29.013353172218576,6.936741224797063,4000,57.26182736919867,1.8616219676914625e-12,2.0
110040,ppo,21.06869068960941,0.0989374999999962,0.004,20.965753189609416,2.79675,2.0,14.0,25.09790058743557,4.225985794542051,4000,20.965753189611636,2.220446049250313e-12,2.0
110041,ppo,-5.073899996561295,0.10189999999999869,0.016,-5.1917999965612935,2.978,4.0,14.0,24.46575014343387,4.352492993003228,4000,-5.1917999965614,1.0658141036401503e-13,2.0
110042,ppo,27.155174787436067,0.04374000000000251,0.009000000000000001,27.102434787436064,1.7525,3.0,19.0,36.16355260651393,7.640796464361945,4000,27.102434787436277,2.1316282072803006e-13,2.0
110043,ppo,33.67673487595505,0.2123625000000088,0.025,33.43937237595504,3.75525,5.0,17.0,29.401368962791633,3.6264062873553886,4000,33.439372375955806,7.673861546209082e-13,2.0
110044,ppo,83.82134841754805,0.3389874999999948,0.036000000000000004,83.44636091754805,5.35775,6.0,26.0,43.34508300808551,3.0979597322314882,4000,83.44636091754543,2.6147972675971687e-12,2.0
110045,ppo,9.373324179645834,0.07350999999999826,0.004,9.295814179645836,2.2435,2.0,14.0,24.872832606012206,5.33211629138518,4000,9.29581417964559,2.4513724383723456e-13,2.0
110046,ppo,11.261086057360842,0.03312000000000131,0.004,11.22396605736084,1.589,2.0,12.0,21.612476000294723,1.928809020879114,4000,11.223966057361086,2.4513724383723456e-13,2.0
110047,ppo,-1.3982688633680311,0.05503000000000182,0.004,-1.457298863368033,2.2255,2.0,12.0,22.03264432676099,5.666050787006829,4000,-1.4572988633678685,1.645350522494482e-13,2.0
110048,ppo,43.79852687777935,0.15452249999999837,0.009000000000000001,43.63500437777935,3.46075,3.0,21.0,38.74811445497478,7.75544300949744,4000,43.635004377779424,7.105427357601002e-14,2.0
110049,ppo,78.72221127036613,0.29804749999999586,0.009000000000000001,78.41516377036614,5.06775,3.0,19.0,30.759349176924907,4.126677302525001,4000,78.41516377036649,3.552713678800501e-13,2.0
110050,ppo,-18.587566422564407,0.12416249999999379,0.016,-18.7277289225644,3.21775,4.0,12.0,21.415564448934585,6.612518090201493,4000,-18.727728922562367,2.0321522242738865e-12,2.0
110051,ppo,-3.915417834033292,0.28991499999999915,0.049,-4.254332834033291,4.9705,7.0,21.0,38.559527650766135,8.540356072940845,4000,-4.25433283403233,9.610090501155355e-13,2.0
110052,ppo,83.21136255687918,0.39043749999998756,0.036000000000000004,82.78492505687919,5.73525,6.0,26.0,47.96178053641507,9.684059912488992,4000,82.78492505687926,7.105427357601002e-14,2.0
110053,ppo,69.89741307811505,0.4240824999999903,0.081,69.39233057811505,6.04075,9.0,17.0,31.125401787584,6.803403453811541,4000,69.39233057811568,6.252776074688882e-13,2.0
110054,ppo,13.965616080638938,0.09481999999999453,0.009000000000000001,13.861796080638943,2.5925,3.0,15.0,26.84388050305229,8.726982043558065,4000,13.86179608063916,2.1671553440683056e-13,2.0
110055,ppo,36.78276893182249,0.2533299999999965,0.009000000000000001,36.52043893182249,4.7155,3.0,15.0,24.947141840550657,4.508988136297236,4000,36.52043893182251,2.1316282072803006e-14,2.0
110056,ppo,47.0088507644906,0.5340550000000168,0.081,46.393795764490584,6.6895,9.0,23.0,39.03430741541776,5.059847313435091,4000,46.39379576448879,1.7905676941154525e-12,2.0
110057,ppo,21.987593469818535,0.017722499999999575,0.009000000000000001,21.960870969818536,1.02175,3.0,17.0,32.37318236292092,10.001086380618698,4000,21.96087096981768,8.562039965909207e-13,2.0
110058,ppo,84.44428156166418,0.4929250000000032,0.081,83.87035656166418,6.6935,9.0,13.0,23.526128115955835,3.983118842310848,4000,83.87035656166336,8.242295734817162e-13,2.0
110059,ppo,39.38783519497292,0.048795000000001566,0.016,39.323040194972926,1.995,4.0,16.0,30.75233909739204,6.202090433845118,4000,39.32304019496999,2.9345414986892138e-12,2.0
110060,ppo,67.70816010345033,0.08301749999999734,0.004,67.62114260345032,2.26225,2.0,12.0,20.335086705086315,3.4508865627160956,4000,67.62114260345204,1.7195134205394424e-12,2.0
110061,ppo,-41.137907480970455,0.19090500000001226,0.009000000000000001,-41.33781248097047,3.833,3.0,13.0,22.788675784207477,4.507406420825396,4000,-41.337812480970136,3.339550858072471e-13,2.0
110062,ppo,27.627963768604445,0.07203999999999652,0.009000000000000001,27.546923768604447,2.316,3.0,9.0,16.115144145068705,2.6180968761175887,4000,27.54692376860456,1.1368683772161603e-13,2.0
110063,ppo,9.17456169595232,0.1514125000000021,0.049,8.974149195952318,3.34425,7.0,19.0,32.65774110132126,2.286469196677157,4000,8.97414919595252,2.0250467969162855e-13,2.0
110064,ppo,32.25284148465988,0.2304499999999977,0.025,31.997391484659886,4.38,5.0,15.0,27.211950465956846,7.537004950307146,4000,31.997391484659705,1.8118839761882555e-13,2.0
110065,ppo,0.16598221172193917,0.08638999999999561,0.004,0.07559221172194355,2.633,2.0,14.0,24.379225118212368,6.532894480139373,4000,0.07559221172201588,7.233103005432895e-14,2.0
110066,ppo,75.37007282472632,0.09441499999999146,0.009000000000000001,75.26665782472632,2.9085,3.0,13.0,23.45814564499108,3.4055718108510433,4000,75.26665782472391,2.4158453015843406e-12,2.0
110067,ppo,83.0307019755221,0.14206499999999006,0.025,82.86363697552211,3.439,5.0,15.0,26.44816941557532,4.7122604240828885,4000,82.863636975526,3.893774191965349e-12,2.0
110068,ppo,30.145310415422443,0.14601750000000482,0.009000000000000001,29.990292915422437,3.63875,3.0,15.0,26.51270303992774,4.1691819095177145,4000,29.990292915425037,2.6005864128819667e-12,2.0
110069,ppo,29.294449771375128,0.09886749999999286,0.004,29.191582271375133,2.74175,2.0,16.0,27.593853285991276,1.916227469041122,4000,29.19158227137653,1.3962164757685969e-12,2.0
110070,ppo,-79.29219768232895,0.5896924999999963,0.081,-79.96289018232895,6.89475,9.0,19.0,32.741124753955724,8.464258716951672,4000,-79.96289018232858,3.694822225952521e-13,2.0
110071,ppo,-35.44563498550974,0.40104750000000366,0.049,-35.895682485509745,6.13225,7.0,17.0,28.370868809179868,4.411948411496191,4000,-35.895682485509944,1.9895196601282805e-13,2.0
110072,ppo,19.10505312026953,0.17901000000000478,0.001,18.925043120269525,3.5445,1.0,21.0,34.177529259640295,4.026360113935782,4000,18.925043120270406,8.810729923425242e-13,2.0
110073,ppo,31.687709349905845,0.15773749999999506,0.025,31.50497184990585,3.64575,5.0,13.0,22.447795021733267,6.311046439241572,4000,31.504971849906102,2.5224267119483557e-13,2.0
110074,ppo,27.995351597335798,0.08158250000000103,0.036000000000000004,27.877769097335797,2.15375,6.0,18.0,30.10635498565856,1.5535449752148178,4000,27.87776909733577,2.842170943040401e-14,2.0
110075,ppo,26.23378518685854,0.24842500000000428,0.064,25.921360186858536,4.5365,8.0,18.0,33.21596068030953,6.371777846769541,4000,25.921360186858138,3.979039320256561e-13,2.0
110076,ppo,42.098514792779284,0.029640000000000773,0.001,42.067874792779286,1.437,1.0,15.0,27.6954746064929,5.270339531794881,4000,42.0678747927779,1.3855583347321954e-12,2.0
110077,ppo,-16.27135202224531,0.4098649999999875,0.025,-16.706217022245298,5.912,5.0,27.0,44.86279993844002,3.8681342899536926,4000,-16.706217022245706,4.085620730620576e-13,2.0
110078,ppo,10.598557416933318,0.37846999999999814,0.064,10.15608741693332,5.8175,8.0,22.0,38.314505565528926,7.14389333934485,4000,10.15608741693321,1.1013412404281553e-13,2.0
110079,ppo,-39.862563491038486,0.4012824999999734,0.036000000000000004,-40.29984599103846,6.07625,6.0,14.0,22.083334579032925,3.671343731210099,4000,-40.29984599103851,4.973799150320701e-14,2.0
110080,ppo,-48.5018213477324,0.5906499999999871,0.081,-49.173471347732395,7.338,9.0,23.0,39.95791422528136,6.471370792477543,4000,-49.17347134773373,1.3358203432289883e-12,2.0
110081,ppo,37.91998062623185,0.11675999999999069,0.004,37.79922062623186,3.0255,2.0,20.0,32.98559685080591,1.3322221482650543,4000,37.79922062623148,3.765876499528531e-13,2.0
110082,ppo,78.4182933923874,0.2625375000000007,0.004,78.15175589238738,4.89025,2.0,20.0,33.36291026446244,7.139891126580807,4000,78.15175589238828,8.952838470577262e-13,2.0
110083,ppo,46.76237255559158,0.22482000000000157,0.025,46.51255255559158,4.016,5.0,15.0,24.400114026153364,3.951436300928065,4000,46.51255255559027,1.3145040611561853e-12,2.0
110084,ppo,-100.40014997370923,0.39651249999998633,0.016,-100.81266247370922,5.92275,4.0,20.0,33.766377725623684,6.182024563807535,4000,-100.81266247370945,2.2737367544323206e-13,2.0
110085,ppo,19.84903630690519,0.3872799999999883,0.081,19.3807563069052,5.3905,9.0,13.0,22.01976481895734,4.9821157243193275,4000,19.380756306905372,1.7053025658242404e-13,2.0
110086,ppo,-0.8318948727112456,0.2587025000000056,0.016,-1.1065973727112512,4.77275,4.0,28.0,47.832094931414616,6.744302443408691,4000,-1.1065973727106095,6.417089082333405e-13,2.0
110087,ppo,63.14232309542217,0.4184575000000035,0.025,62.69886559542217,6.17875,5.0,19.0,31.379187149883325,4.687640074418235,4000,62.69886559542234,1.7053025658242404e-13,2.0
110088,ppo,8.230289611760952,0.09971749999999524,0.025,8.105572111760956,2.54775,5.0,11.0,18.32779499708488,1.0403298193457835,4000,8.10557211176083,1.2612133559741778e-13,2.0
110089,ppo,-37.672604335013375,0.28464250000000085,0.025,-37.98224683501338,4.57575,5.0,23.0,38.09216227729251,11.454603704780727,4000,-37.98224683501501,1.6342482922482304e-12,2.0
110090,ppo,80.21613318285955,0.299347500000011,0.009000000000000001,79.90778568285954,5.18075,3.0,19.0,33.094188322620774,6.148460198990598,4000,79.9077856828595,4.263256414560601e-14,2.0
110091,ppo,41.91149062632553,0.48124750000000205,0.025,41.40524312632553,6.56825,5.0,21.0,37.48193940104712,7.893236177292717,4000,41.405243126324144,1.3855583347321954e-12,2.0
110092,ppo,38.040789585995896,0.14178499999999528,0.0,37.8990045859959,3.3745,0.0,18.0,30.58784239527404,4.207685690129761,4000,37.899004585997474,1.5774048733874224e-12,2.0
110093,ppo,-43.863250778128304,0.20266750000000125,0.004,-44.069918278128306,3.68125,2.0,24.0,44.45953551375526,15.031330057380057,4000,-44.06991827813097,2.6645352591003757e-12,2.0
110094,ppo,-13.115906756835955,0.20100999999999666,0.016,-13.332916756835951,4.149,4.0,12.0,21.366728311984282,4.4841733928367535,4000,-13.332916756836141,1.900701818158268e-13,2.0
110095,ppo,16.372793459730275,0.050245000000002,0.004,16.318548459730273,2.041,2.0,10.0,18.1144882073592,1.1212913360636956,4000,16.31854845972925,1.0231815394945443e-12,2.0
110096,ppo,25.247451234638646,0.04865750000000398,0.004,25.19479373463864,1.98875,2.0,12.0,21.08008210641837,2.84527547187112,4000,25.19479373463879,1.4921397450962104e-13,2.0
110097,ppo,123.4810069448364,0.4655649999999878,0.064,122.95144194483642,5.9885,8.0,16.0,26.263329999657408,5.054029581713298,4000,122.95144194483926,2.8421709430404007e-12,2.0
110098,ppo,49.64657624345071,0.08402499999999578,0.0,49.56255124345071,2.473,0.0,18.0,32.28572328127032,3.447401958652777,4000,49.56255124345122,5.044853423896711e-13,2.0
110099,ppo,9.117281104783288,0.0728150000000002,0.001,9.043466104783288,2.09,1.0,17.0,32.412213982506245,5.25716239506583,4000,9.043466104783024,2.646771690706373e-13,2.0
110000,ppo,38.811385570664925,1.8106774999999637,0.324,36.676708070664965,12.27275,18.0,28.0,35.56306869038338,2.808808635429918,4000,36.6767080706645,4.618527782440651e-13,3.0
110001,ppo,-52.20695889102387,0.8078124999999681,0.081,-53.095771391023845,8.61025,9.0,21.0,33.11925535011521,6.329606839812254,4000,-53.095771391024506,6.608047442568932e-13,3.0
110002,ppo,-73.46418958555978,0.4873399999999825,0.121,-74.07252958555976,6.196,11.0,13.0,16.87607004682379,6.61604687564311,4000,-74.072529585559,7.673861546209082e-13,3.0
110003,ppo,2.9384480556873314,0.6570100000000157,0.14400000000000002,2.1374380556873156,6.9235,12.0,18.0,26.056539995675436,10.73427551479723,4000,2.137438055688642,1.326494469822137e-12,3.0
110004,ppo,-22.245065544013528,0.5646849999999886,0.064,-22.873750544013518,7.2345,8.0,28.0,39.6273779632727,2.524998973330224,4000,-22.873750544013014,5.044853423896711e-13,3.0
110005,ppo,24.541584943442786,0.01715999999999964,0.004,24.520424943442784,1.012,2.0,24.0,29.25952455799744,2.8023032916016883,4000,24.520424943441565,1.2185807918285718e-12,3.0
110006,ppo,192.4758293256823,1.7183325000000234,0.225,190.53249682568227,12.79875,15.0,21.0,24.44929608567844,2.2429866474323994,4000,190.53249682568097,1.3073986337985843e-12,3.0
110007,ppo,156.2205889939953,0.9649200000000422,0.14400000000000002,155.11166899399527,8.928,12.0,28.0,38.664053962618574,9.508088459052669,4000,155.11166899399382,1.4495071809506044e-12,3.0
110008,ppo,14.755433125179934,0.5788899999999929,0.196,13.980543125179942,6.048,14.0,26.0,42.18251653027134,11.621340157020251,4000,13.980543125180144,2.0250467969162855e-13,3.0
110009,ppo,-180.43024498508748,0.5998174999999725,0.121,-181.15106248508746,6.81825,11.0,21.0,33.06630972743181,13.902441563452623,4000,-181.15106248508494,2.5295321393059567e-12,3.0
110010,ppo,12.895801870387004,1.2254524999999894,0.256,11.414349370387015,10.26175,16.0,26.0,36.495404418939565,6.881811401536279,4000,11.414349370388633,1.6182610806936282e-12,3.0
110011,ppo,193.86620701395873,1.534912499999994,0.324,192.00729451395873,11.45975,18.0,42.0,59.327077170008685,3.920586640651806,4000,192.00729451395728,1.4495071809506044e-12,3.0
110012,ppo,17.95156477393516,0.7007924999999857,0.225,17.025772273935175,7.71675,15.0,23.0,37.188437619244276,8.010831581700435,4000,17.02577227393475,4.263256414560601e-13,3.0
110013,ppo,-140.29382361767762,1.8517949999999446,0.289,-142.43461861767756,12.6845,17.0,25.0,38.04611646654986,15.97643818808997,4000,-142.43461861767784,2.8421709430404007e-13,3.0
110014,ppo,72.49183164483134,0.8336324999999519,0.1,71.55819914483139,8.67075,10.0,20.0,29.795070924846154,9.096759976779735,4000,71.55819914483182,4.263256414560601e-13,3.0
110015,ppo,7.516724310619111,1.517477500000079,0.225,5.774246810619032,11.40075,15.0,27.0,34.90061763275311,4.5832313294400375,4000,5.774246810619998,9.654499422140361e-13,3.0
110016,ppo,74.97661073091285,0.30158000000000534,0.081,74.59403073091285,5.19,9.0,25.0,40.69177869290595,10.631383847782299,4000,74.59403073091566,2.8137492336099967e-12,3.0
110017,ppo,50.15499530729517,0.6373524999999725,0.14400000000000002,49.3736428072952,7.26675,12.0,18.0,24.86417993250595,7.831750626230638,4000,49.37364280729559,3.907985046680551e-13,3.0
110018,ppo,29.023590517939738,0.6916050000000056,0.169,28.16298551793973,7.3075,13.0,29.0,46.76758426943821,14.518835800978026,4000,28.162985517940267,5.364597654988756e-13,3.0
110019,ppo,-17.118593460661828,0.4914049999999864,0.081,-17.690998460661813,6.6165,9.0,19.0,28.043090544373353,7.8039866761014265,4000,-17.690998460661728,8.526512829121202e-14,3.0
110020,ppo,-66.1593068023526,0.840157499999986,0.14400000000000002,-67.1434643023526,8.40775,12.0,20.0,25.516254610999546,5.73615996270031,4000,-67.14346430235327,6.679101716144942e-13,3.0
110021,ppo,-57.610804246973544,0.5553499999999776,0.064,-58.23015424697352,6.5135,8.0,18.0,28.384466806203008,5.90495293587012,4000,-58.23015424697277,7.460698725481052e-13,3.0
110022,ppo,87.2445748082389,0.2459474999999944,0.064,86.9346273082389,4.23625,8.0,28.0,38.064017956935494,6.7814829970419215,4000,86.9346273082395,5.968558980384842e-13,3.0
110023,ppo,-36.979924049321426,2.3993699999999896,0.361,-39.74029404932141,14.3495,19.0,27.0,35.881934166038,9.429212394488943,4000,-39.74029404931755,3.865352482534945e-12,3.0
110024,ppo,44.12926295641,0.8551175000000028,0.14400000000000002,43.13014545641,8.64325,12.0,22.0,33.15772422612802,6.205134017437093,4000,43.13014545641072,7.247535904753022e-13,3.0
110025,ppo,26.626689577186312,0.3208474999999944,0.064,26.241842077186316,5.00825,8.0,20.0,32.38811300090857,8.901772515068973,4000,26.241842077186746,4.298783551348606e-13,3.0
110026,ppo,-14.880817000269587,0.06917249999999858,0.025,-14.974989500269587,2.15425,5.0,23.0,36.0527195902682,8.23566834460737,4000,-14.97498950026939,1.971756091734278e-13,3.0
110027,ppo,17.07649403184041,2.111744999999972,0.441,14.523749031840438,13.1985,21.0,29.0,35.72721208730186,3.2127109953714927,4000,14.523749031840252,1.865174681370263e-13,3.0
110028,ppo,76.55235018296821,1.4416074999999977,0.4,74.7107426829682,10.48225,20.0,28.0,39.65073752076371,7.416350605707905,4000,74.71074268296991,1.7053025658242404e-12,3.0
110029,ppo,186.5383606029186,1.1851000000000196,0.225,185.1282606029186,10.091,15.0,17.0,23.793599574981357,4.586452194846844,4000,185.1282606029157,2.8990143619012088e-12,3.0
110030,ppo,-84.66032876107715,0.707259999999958,0.14400000000000002,-85.51158876107712,7.7095,12.0,16.0,18.655676359874086,1.5413115116390048,4000,-85.51158876107641,7.105427357601002e-13,3.0
110031,ppo,-91.19223238909831,0.4961999999999862,0.14400000000000002,-91.8324323890983,6.5405,12.0,20.0,30.585253994003235,7.864452733645014,4000,-91.8324323890988,4.973799150320701e-13,3.0
110032,ppo,27.852412902780088,1.8176224999999626,0.4,25.634790402780126,12.37275,20.0,32.0,47.998187341262636,10.194217985170598,4000,25.634790402781064,9.379164112033322e-13,3.0
110033,ppo,52.645456587148374,0.9718300000000005,0.196,51.47762658714838,8.83,14.0,18.0,21.92978810215386,3.143614643935276,4000,51.47762658714905,6.679101716144942e-13,3.0
110034,ppo,281.97505234026244,2.058302499999965,0.361,279.5557498402625,12.90775,19.0,29.0,44.30841345781403,4.914574376355485,4000,279.55574984026725,4.774847184307873e-12,3.0
110035,ppo,57.49281711964613,0.3624850000000028,0.064,57.066332119646134,5.6565,8.0,14.0,19.78292906731693,4.74728122246675,4000,57.066332119641736,4.39825953435502e-12,3.0
110036,ppo,-11.716249189981909,1.7279399999999874,0.361,-13.805189189981897,12.191,19.0,21.0,29.21993233642982,6.094386008035746,4000,-13.805189189981268,6.288303211476887e-13,3.0
110037,ppo,-10.67603917999054,0.5523974999999756,0.1,-11.328436679990514,7.03675,10.0,16.0,23.115334326149164,5.211614026097563,4000,-11.328436679991121,6.075140390748857e-13,3.0
110038,ppo,-73.21944834192755,1.4767224999999664,0.289,-74.98517084192751,10.92025,17.0,25.0,35.2562087081868,7.352124160969726,4000,-74.98517084192764,1.2789769243681803e-13,3.0
110039,ppo,25.23523080462678,0.0447749999999997,0.036000000000000004,25.154455804626778,1.756,6.0,22.0,35.24157416291625,7.174771515721979,4000,25.154455804627077,2.984279490192421e-13,3.0
110040,ppo,116.87936350284531,2.277867499999955,0.361,114.24049600284535,14.23375,19.0,25.0,35.914242876110684,7.201726158487721,4000,114.24049600284498,3.694822225952521e-13,3.0
110041,ppo,112.71316246394883,0.5772549999999605,0.1,112.03590746394887,6.884,10.0,18.0,25.114186088602835,6.473113094758371,4000,112.03590746395594,7.062794793455396e-12,3.0
110042,ppo,-153.57727131393335,2.321589999999925,0.4,-156.2988613139333,14.5605,20.0,24.0,32.790243547217514,11.658806105521226,4000,-156.29886131393704,3.751665644813329e-12,3.0
110043,ppo,9.662570637716499,0.24490999999999225,0.049,9.368660637716507,4.1395,7.0,23.0,32.25448459966251,5.036312746215995,4000,9.368660637716307,2.007283228522283e-13,3.0
110044,ppo,-26.750205616951803,0.4887024999999842,0.1,-27.33890811695179,6.18975,10.0,26.0,36.828015246390926,2.449872533807415,4000,-27.338908116952556,7.673861546209082e-13,3.0
110045,ppo,145.24509975302317,3.3474324999998757,0.484,141.41366725302328,17.40575,22.0,28.0,34.09491513126362,4.358294521413651,4000,141.41366725302547,2.1884716261411086e-12,3.0
110046,ppo,80.86678622374711,2.0756649999999937,0.4,78.39112122374712,13.255,20.0,22.0,29.83906969915885,9.930753069962885,4000,78.39112122374895,1.8332002582610585e-12,3.0
110047,ppo,6.199590532645516,0.7316049999999603,0.14400000000000002,5.323985532645556,7.8,12.0,12.0,16.31213311963277,3.9997974201573214,4000,5.3239855326456,4.440892098500626e-14,3.0
110048,ppo,101.12449771858337,1.7589825000000252,0.361,99.00451521858334,12.14175,19.0,29.0,41.06554268955854,6.729960023129478,4000,99.00451521858595,2.6147972675971687e-12,3.0
110049,ppo,-14.774575943352033,0.6045599999999863,0.121,-15.50013594335202,6.9465,11.0,27.0,39.2704234690208,6.904723217957065,4000,-15.500135943352221,2.007283228522283e-13,3.0
110050,ppo,106.59941309712167,0.9729700000000139,0.169,105.45744309712165,8.906,13.0,19.0,27.185025353049973,6.407031166490324,4000,105.45744309712168,2.842170943040401e-14,3.0
110051,ppo,98.54837928002735,0.8040625000000166,0.169,97.57531678002734,7.96875,13.0,21.0,31.90143135008834,6.60372925404368,4000,97.57531678002506,2.2737367544323206e-12,3.0
110052,ppo,-94.00528241873701,0.6828524999999973,0.121,-94.809134918737,6.73475,11.0,33.0,51.28080237755738,11.023428559481735,4000,-94.80913491873673,2.7000623958883807e-13,3.0
110053,ppo,14.785296026238541,0.11793499999999676,0.016,14.651361026238543,3.0395,4.0,22.0,33.67202368992521,9.498923669892806,4000,14.651361026238744,2.007283228522283e-13,3.0
110054,ppo,39.66189648351428,0.9114249999999946,0.169,38.58147148351429,9.0055,13.0,21.0,31.842114936853843,8.390648783470215,4000,38.58147148351521,9.166001291305292e-13,3.0
110055,ppo,1.6585036157201785,0.4708149999999911,0.064,1.1236886157201873,6.307,8.0,20.0,27.11922773013118,3.759471139866354,4000,1.1236886157185304,1.6568968419505836e-12,3.0
110056,ppo,9.517096235821555,1.558709999999985,0.225,7.73338623582157,11.906,15.0,29.0,38.04373469799732,6.616228201964597,4000,7.7333862358214605,1.092459456231154e-13,3.0
110057,ppo,105.90723111908437,0.6361724999999752,0.049,105.2220586190844,7.22825,7.0,21.0,32.99029445180811,8.583391572272696,4000,105.22205861908564,1.2505552149377763e-12,3.0
110058,ppo,-74.02086081102948,1.5213950000000005,0.225,-75.76725581102947,11.4685,15.0,23.0,31.803474665001765,7.709806384096033,4000,-75.76725581103001,5.400124791776761e-13,3.0
110059,ppo,-33.89469164829143,1.1691125000000389,0.196,-35.259804148291465,9.89175,14.0,18.0,24.303286176412257,5.556461662845315,4000,-35.25980414829067,7.958078640513122e-13,3.0
110060,ppo,-107.42673291551603,0.5639349999999734,0.1,-108.090667915516,6.262,10.0,14.0,21.687709218068257,5.984297288595479,4000,-108.09066791551449,1.5063505998114124e-12,3.0
110061,ppo,177.96834799835256,0.722929999999969,0.121,177.12441799835258,7.7205,11.0,21.0,31.612326007092012,6.3491020421942865,4000,177.124417998348,4.575895218295045e-12,3.0
110062,ppo,-12.364443876388577,0.9463874999999974,0.14400000000000002,-13.454831376388574,9.22375,12.0,20.0,26.36744633851809,5.578580602162065,4000,-13.454831376391889,3.3146818623208674e-12,3.0
110063,ppo,69.34076362062183,1.1152374999999821,0.169,68.05652612062185,9.61375,13.0,25.0,28.94924599880771,2.594720208475565,4000,68.05652612062546,3.609557097661309e-12,3.0
110064,ppo,35.07243822955604,0.3479024999999967,0.049,34.675535729556046,5.58725,7.0,23.0,34.65104777776904,9.330402853789138,4000,34.675535729554746,1.3002932064409833e-12,3.0
110065,ppo,93.98595164737048,0.701392499999952,0.1,93.18455914737054,7.73425,10.0,20.0,27.91318590244405,8.825563411293796,4000,93.18455914737548,4.945377440890297e-12,3.0
110066,ppo,-241.063989886336,1.7222024999999712,0.256,-243.04219238633598,12.35225,16.0,24.0,28.37756154307168,4.720208575442228,4000,-243.04219238633456,1.4210854715202004e-12,3.0
110067,ppo,-134.97270171475975,1.128917500000021,0.196,-136.29761921475978,9.96675,14.0,16.0,20.66853448829445,8.230698616519179,4000,-136.29761921476782,8.043343768804334e-12,3.0
110068,ppo,26.276610023623448,0.22199750000000432,0.064,25.990612523623444,4.07725,8.0,20.0,29.355907367994117,7.964740238914125,4000,25.990612523623387,5.684341886080802e-14,3.0
110069,ppo,53.73928948659341,2.468744999999906,0.441,50.8295444865935,14.5225,21.0,33.0,46.1728061979686,4.779460957457232,4000,50.829544486589775,3.723243935382925e-12,3.0
110070,ppo,247.62336142774234,1.4010675000000152,0.14400000000000002,246.07829392774232,11.11275,12.0,30.0,42.38878841774665,8.93396895853725,4000,246.07829392773687,5.4569682106375694e-12,3.0
110071,ppo,61.25477715486818,0.6494699999999687,0.121,60.48430715486821,6.9925,11.0,29.0,35.889777592576586,3.2988672697885892,4000,60.484307154868574,3.623767952376511e-13,3.0
110072,ppo,87.60548786232289,0.8376124999999631,0.196,86.57187536232293,8.77225,14.0,26.0,36.350437935885076,2.7211246593492384,4000,86.57187536232223,6.963318810448982e-13,3.0
110073,ppo,16.43779775947951,1.50191499999999,0.256,14.679882759479518,11.498,16.0,28.0,37.91143205260331,7.650807506583656,4000,14.679882759479087,4.3165471197426086e-13,3.0
110074,ppo,58.82469062918244,1.3798225000000282,0.196,57.24886812918241,10.86775,14.0,28.0,41.789726903517185,7.065408083781296,4000,57.24886812918062,1.7905676941154525e-12,3.0
110075,ppo,9.36380048779722,0.3805275000000224,0.036000000000000004,8.947272987797199,5.77725,6.0,14.0,20.543764093021707,5.1137286319623385,4000,8.947272987798085,8.86402062860725e-13,3.0
110076,ppo,-125.47674579355021,1.227670000000016,0.256,-126.96041579355023,10.544,16.0,22.0,29.274742235551305,5.484047002128005,4000,-126.96041579355128,1.0516032489249483e-12,3.0
110077,ppo,118.95139814474089,0.31426999999999605,0.064,118.5731281447409,5.022,8.0,34.0,50.704530965834365,5.046722095196223,4000,118.57312814474307,2.1600499167107046e-12,3.0
110078,ppo,66.27857790643498,0.316574999999999,0.036000000000000004,65.92600290643497,4.884,6.0,34.0,47.7671663023278,6.023408403459048,4000,65.92600290643074,4.234834705130197e-12,3.0
110079,ppo,103.93274865956118,0.3384724999999929,0.081,103.51327615956119,4.94475,9.0,25.0,31.21224483466295,4.831482717029364,4000,103.51327615956167,4.831690603168681e-13,3.0
110080,ppo,24.83633145459902,0.04893500000000026,0.016,24.77139645459902,1.914,4.0,26.0,43.02849614760246,6.447697370812357,4000,24.771396454598293,7.283063041541027e-13,3.0
110081,ppo,46.64449777890468,1.4806549999999605,0.4,44.76384277890472,10.3775,20.0,32.0,42.70407586693948,3.6348602805409973,4000,44.76384277890635,1.6342482922482304e-12,3.0
110082,ppo,-107.98528946679312,1.6256774999999712,0.324,-109.93496696679308,11.86725,18.0,28.0,36.22530362896569,9.198798874381962,4000,-109.93496696680269,9.606537787476555e-12,3.0
110083,ppo,-25.087322212880736,0.6207874999999755,0.121,-25.829109712880708,7.05075,11.0,17.0,25.268770416124962,6.513921019695029,4000,-25.82910971288121,5.009326287108706e-13,3.0
110084,ppo,70.1416701902184,0.02953000000000065,0.009000000000000001,70.10314019021841,1.23,3.0,27.0,37.73177986268109,6.379807831060226,4000,70.10314019021733,1.0800249583553523e-12,3.0
110085,ppo,2.893412415954799,0.1797325000000141,0.009000000000000001,2.704679915954785,3.90475,3.0,17.0,26.473667952052796,6.5946562097634835,4000,2.7046799159556234,8.384404281969182e-13,3.0
110086,ppo,170.9666022171025,1.3414699999999737,0.256,169.3691322171025,10.231,16.0,26.0,31.202240264108116,3.3745168210560155,4000,169.36913221709852,3.979039320256561e-12,3.0
110087,ppo,-3.4743855424435424,0.5956749999999708,0.1,-4.170060542443513,7.25,10.0,26.0,37.24625143388578,8.367332218608627,4000,-4.170060542444575,1.0622613899613498e-12,3.0
110088,ppo,69.0678887964541,1.4106999999999479,0.289,67.36818879645415,10.0625,17.0,21.0,26.881945424828203,4.209236117335625,4000,67.36818879645595,1.8047785488306545e-12,3.0
110089,ppo,212.03530240053897,1.5865675000000536,0.256,210.1927349005389,11.72675,16.0,32.0,48.422511497874474,13.676962113287601,4000,210.19273490052697,1.1937117960769683e-11,3.0
110090,ppo,-44.35761012931084,0.21217249999999774,0.081,-44.65078262931085,3.97475,9.0,27.0,43.08282732196712,11.197627495888458,4000,-44.65078262931174,8.952838470577262e-13,3.0
110091,ppo,47.48353852560899,1.0022449999999963,0.196,46.285293525609,8.9845,14.0,30.0,45.37282301829021,14.683406253587316,4000,46.285293525610044,1.0444978215673473e-12,3.0
110092,ppo,14.285454522658483,2.5679874999999583,0.4,11.317467022658525,14.94175,20.0,28.0,35.58510942788676,3.557735968706364,4000,11.317467022660713,2.1884716261411086e-12,3.0
110093,ppo,260.0960567840516,2.0825799999999544,0.484,257.52947678405167,13.618,22.0,26.0,39.103126241693445,16.868301616089553,4000,257.5294767840552,3.524291969370097e-12,3.0
110094,ppo,87.23601269128733,0.2840099999999938,0.064,86.88800269128734,4.745,8.0,18.0,27.191098851421888,5.178875399757573,4000,86.88800269128457,2.7711166694643907e-12,3.0
110095,ppo,-29.700020506401643,1.3316750000000088,0.196,-31.227695506401652,10.8515,14.0,22.0,26.71123621040093,3.4451109925573213,4000,-31.22769550640857,6.917133532624575e-12,3.0
110096,ppo,63.20511775375667,0.8360049999999861,0.169,62.200112753756684,8.282,13.0,23.0,32.8013765274446,6.581032255530507,4000,62.200112753757395,7.105427357601002e-13,3.0
110097,ppo,-82.52490511696584,0.3646800000000112,0.036000000000000004,-82.92558511696585,5.6285,6.0,20.0,29.17564213500727,6.735138838780108,4000,-82.92558511696792,2.0747847884194925e-12,3.0
110098,ppo,51.423833585669854,1.8201774999999907,0.361,49.242656085669864,12.55275,19.0,27.0,36.538185492277876,7.881428099983686,4000,49.24265608567042,5.542233338928781e-13,3.0
110099,ppo,258.891184942534,1.8086149999999432,0.4,256.6825699425341,12.3455,20.0,28.0,41.458402179617416,10.371727406836591,4000,256.68256994253807,3.979039320256561e-12,3.0
110000,ppo,31.334610946497378,0.924174999999994,0.5760000000000001,29.834435946497383,7.9415,24.0,42.0,47.02722244338413,13.038051414035614,4000,29.834435946497866,4.831690603168681e-13,4.0
110001,ppo,-191.6876411290914,6.108242499999992,1.5210000000000001,-199.31688362909136,21.97375,39.0,59.0,57.258123898839486,22.10910634386955,4000,-199.31688362909753,6.16751094639767e-12,4.0
110002,ppo,-192.83142574893736,3.3843424999999585,1.225,-197.4407682489373,14.83275,35.0,37.0,32.79496487083463,16.693123138835414,4000,-197.44076824893207,5.229594535194337e-12,4.0
110003,ppo,-45.13384720696513,4.010019999999884,1.225,-50.368867206965014,16.4575,35.0,47.0,43.39296629179222,26.364083367632567,4000,-50.368867206964204,8.100187187665142e-13,4.0
110004,ppo,-27.289134055051363,0.7534624999999984,0.196,-28.238596555051362,6.89175,14.0,36.0,43.83430723686531,5.513039588991025,4000,-28.23859655505113,2.3092638912203256e-13,4.0
110005,ppo,14.101461189962492,0.31813499999999306,0.225,13.5583261899625,4.412,15.0,31.0,35.72937289606918,7.631542900687853,4000,13.55832618996274,2.398081733190338e-13,4.0
110006,ppo,275.38845834015183,4.001874999999959,1.089,270.29758334015185,17.735,33.0,51.0,54.105662660910646,15.716490638630791,4000,270.2975833401454,6.423306331271306e-12,4.0
110007,ppo,122.3755344170304,2.3051924999999924,0.961,119.1093419170304,11.73675,31.0,47.0,47.64926931367458,20.555248028969945,4000,119.10934191702883,1.5774048733874224e-12,4.0
110008,ppo,5.218060754952603,2.241204999999972,0.961,2.0158557549526313,11.686,31.0,47.0,48.976514613123,19.525017199368342,4000,2.015855754951989,6.421529974431905e-13,4.0
110009,ppo,-302.01798723959337,2.8457324999999916,1.024,-305.88771973959336,13.25375,32.0,46.0,44.42358823869724,31.49517625716666,4000,-305.8877197395969,3.524291969370097e-12,4.0
110010,ppo,51.94402454243482,3.2066399999999624,0.9,47.837384542434854,15.336,30.0,44.0,43.24062724147269,15.01058292736756,4000,47.83738454243349,1.3642420526593924e-12,4.0
110011,ppo,109.08091054288889,0.35824499999999876,0.225,108.4976655428889,4.3955,15.0,45.0,56.985198960400815,8.530289138342013,4000,108.49766554288861,2.8421709430404007e-13,4.0
110012,ppo,-13.42868963138153,3.188224999999934,1.156,-17.772914631381465,15.9505,34.0,42.0,40.054299855229104,15.059339528541122,4000,-17.772914631383834,2.369660023759934e-12,4.0
110013,ppo,-255.9256582692442,10.812940000000006,2.3040000000000003,-269.0425982692442,28.9625,48.0,66.0,61.539799839637844,34.860876650558716,4000,-269.04259826924965,5.4569682106375694e-12,4.0
110014,ppo,231.67519498467982,5.689334999999885,1.5210000000000001,224.46485998467995,21.702,39.0,61.0,59.50315866141038,24.680743302669278,4000,224.46485998467844,1.5063505998114124e-12,4.0
110015,ppo,27.190036441271786,2.555977500000003,0.784,23.850058941271783,13.26875,28.0,44.0,44.694730952338524,12.49380592586202,4000,23.850058941271158,6.252776074688882e-13,4.0
110016,ppo,90.48816124546056,2.601487499999945,1.225,86.66167374546062,13.57525,35.0,53.0,53.30296200983632,26.92896022198333,4000,86.66167374545736,3.254285729781259e-12,4.0
110017,ppo,121.36880756777282,2.5561074999999662,0.784,118.02870006777285,12.95175,28.0,40.0,39.517559877079215,15.949025730998807,4000,118.02870006777339,5.400124791776761e-13,4.0
110018,ppo,13.71502366011373,3.411777499999957,1.369,8.934246160113773,15.25425,37.0,53.0,50.4672152528678,26.574948077625532,4000,8.934246160111243,2.5295321393059567e-12,4.0
110019,ppo,-53.10870848463446,4.274777499999956,1.681,-59.064485984634416,17.24525,41.0,55.0,49.88517018827655,26.68013409634383,4000,-59.06448598463458,1.6342482922482304e-13,4.0
110020,ppo,-119.85530729788934,0.9444500000000047,0.5760000000000001,-121.37575729788934,6.688,24.0,34.0,32.234837016308745,13.594239912156024,4000,-121.37575729788941,7.105427357601002e-14,4.0
110021,ppo,-149.42922840408482,3.2960174999999015,0.676,-153.4012459040847,15.35475,26.0,38.0,36.93714749260822,12.372071756977153,4000,-153.40124590408183,2.8705926524708048e-12,4.0
110022,ppo,97.67909429805968,0.32828499999999455,0.324,97.02680929805969,3.6255,18.0,38.0,46.10767584123429,14.878936698592701,4000,97.02680929805923,4.547473508864641e-13,4.0
110023,ppo,-31.388151433598978,4.765087499999924,1.225,-37.3782389335989,19.53775,35.0,45.0,42.74992454916395,22.472649701915,4000,-37.37823893359468,4.220623850414995e-12,4.0
110024,ppo,62.971404314327174,3.2018249999999195,0.841,58.92857931432725,15.742,29.0,49.0,50.71628341675597,20.01517200817686,4000,58.92857931432623,1.0231815394945443e-12,4.0
110025,ppo,13.37523198216877,2.7583174999999995,1.296,9.32091448216877,12.81325,36.0,52.0,49.59911113726638,25.361927082033407,4000,9.320914482167437,1.334043986389588e-12,4.0
110026,ppo,-218.58483859368812,1.3654924999999598,0.441,-220.39133109368808,9.49175,21.0,35.0,35.69124898048816,16.608099658598366,4000,-220.39133109368453,3.552713678800501e-12,4.0
110027,ppo,44.63779057834586,1.5906374999999702,0.441,42.60615307834588,11.17275,21.0,37.0,41.94089129160592,9.152284653974277,4000,42.606153078348235,2.3518964553659316e-12,4.0
110028,ppo,114.36117971483873,4.9350625000000035,1.936,107.49011721483873,18.33675,44.0,58.0,56.16402193421024,21.52294589142011,4000,107.49011721483836,3.694822225952521e-13,4.0
110029,ppo,389.69684576461714,4.861457499999943,2.116,382.71938826461724,17.60275,46.0,50.0,39.55729419272843,19.291641015838735,4000,382.719388264617,2.2737367544323206e-13,4.0
110030,ppo,-172.19573552987003,3.582187499999958,1.156,-176.93392302987,15.40475,34.0,42.0,39.67811293946811,15.140607236236479,4000,-176.93392302987036,3.694822225952521e-13,4.0
110031,ppo,-307.6248721498332,3.439409999999967,1.369,-312.4332821498332,14.8285,37.0,47.0,42.89329565902254,24.321180266037572,4000,-312.433282149835,1.8189894035458565e-12,4.0
110032,ppo,39.480747093551145,3.3741549999999503,0.841,35.26559209355119,15.0595,29.0,47.0,50.39578922207349,18.613738174992037,4000,35.26559209354987,1.3216094885137863e-12,4.0
110033,ppo,54.70422156306313,0.7490199999999926,0.256,53.699201563063134,7.074,16.0,34.0,40.581402503013784,13.076403271209719,4000,53.69920156306344,3.055333763768431e-13,4.0
110034,ppo,396.2927171408146,4.014529999999905,1.156,391.1221871408147,17.376,34.0,52.0,54.64384756197002,12.595371805744678,4000,391.1221871408201,5.4001247917767614e-12,4.0
110035,ppo,98.51997102534278,1.2310550000000002,0.5760000000000001,96.71291602534279,9.148,24.0,34.0,33.43700020473808,10.941887541846834,4000,96.71291602534257,2.2737367544323206e-13,4.0
110036,ppo,-42.11807926424808,5.9419974999998635,1.936,-49.996076764247945,20.94625,44.0,50.0,42.809009627766656,25.445669760484392,4000,-49.99607676424801,6.394884621840902e-14,4.0
110037,ppo,-34.22135953738916,3.688567499999911,0.841,-38.750927037389076,17.00175,29.0,43.0,41.81641312332267,17.098638719866774,4000,-38.75092703738892,1.5631940186722204e-13,4.0
110038,ppo,-149.38627206656156,3.8047850000000283,1.156,-154.3470570665616,15.438,34.0,44.0,40.24436197777412,15.581916761481866,4000,-154.3470570665623,6.821210263296962e-13,4.0
110039,ppo,25.203385283186435,1.4199925000000069,0.784,22.99939278318643,9.00275,28.0,44.0,44.78892127218612,20.02017148207621,4000,22.99939278318669,2.5934809855243657e-13,4.0
110040,ppo,275.00136502897203,10.718554999999794,2.3040000000000003,261.97881002897225,29.3355,48.0,58.0,51.667087321483265,23.84177303932055,4000,261.97881002897543,3.183231456205249e-12,4.0
110041,ppo,236.9467144135856,3.316639999999983,1.024,232.60607441358562,15.5925,32.0,46.0,43.96223558703808,18.08283614856093,4000,232.60607441358295,2.6716406864579767e-12,4.0
110042,ppo,-188.3884000169205,5.7633549999998985,1.936,-196.08775501692043,20.543,44.0,58.0,52.45549615320246,27.772317836267,4000,-196.08775501691957,8.526512829121202e-13,4.0
110043,ppo,-33.97321857027487,0.5590375000000004,0.361,-34.893256070274866,5.23725,19.0,37.0,41.09375160716717,14.572351978140388,4000,-34.89325607027506,1.9184653865522705e-13,4.0
110044,ppo,-29.233740036703466,0.5109024999999984,0.196,-29.940642536703464,5.22175,14.0,38.0,47.31770581676259,6.504063840358098,4000,-29.940642536703326,1.3855583347321954e-13,4.0
110045,ppo,197.50919592366063,2.2067224999999433,0.841,194.46147342366066,12.13125,29.0,35.0,34.248121710041296,13.122666427386779,4000,194.46147342365975,9.094947017729282e-13,4.0
110046,ppo,132.25016375348696,7.050064999999923,1.681,123.51909875348704,23.772,41.0,51.0,46.829991843690046,21.431333782722433,4000,123.51909875348318,3.865352482534945e-12,4.0
110047,ppo,61.24842027897648,4.595034999999942,1.5210000000000001,55.13238527897654,17.6685,39.0,45.0,36.776722207956205,23.563909706865083,4000,55.132385278976194,3.481659405224491e-13,4.0
110048,ppo,238.26254022200828,4.686889999999989,2.025,231.5506502220083,16.211,45.0,61.0,56.87392494812756,24.501743458195225,4000,231.55065022200506,3.240074875066057e-12,4.0
110049,ppo,-8.72700768471418,0.5552049999999932,0.196,-9.478212684714174,5.608,14.0,30.0,34.51689198134083,8.53842725012759,4000,-9.478212684713313,8.615330671091215e-13,4.0
110050,ppo,115.83569740739404,2.855202500000012,0.9,112.08049490739401,13.61075,30.0,38.0,34.89266644012274,20.146100748073312,4000,112.08049490739118,2.8279600883251987e-12,4.0
110051,ppo,139.05522141595702,3.1164724999999818,0.9,135.03874891595703,14.68525,30.0,50.0,52.13731011527014,17.876404250014865,4000,135.03874891595743,3.979039320256561e-13,4.0
110052,ppo,-244.92185175936947,2.4075799999999616,1.089,-248.41843175936944,12.345,33.0,57.0,59.306968530017336,24.38173467084493,4000,-248.4184317593691,3.410605131648481e-13,4.0
110053,ppo,67.12046814488053,1.249567499999995,0.484,65.38690064488054,8.61325,22.0,40.0,44.64521639020348,19.179784427069702,4000,65.3869006448809,3.552713678800501e-13,4.0
110054,ppo,71.82964920781887,4.896119999999947,1.681,65.25252920781892,18.503,41.0,51.0,44.11906660566982,26.667367711080363,4000,65.2525292078174,1.5205614545266144e-12,4.0
110055,ppo,-61.39456676485497,1.4273274999999634,0.529,-63.35089426485494,9.61725,23.0,35.0,36.79250723607489,11.97310843898491,4000,-63.35089426485453,4.050093593832571e-13,4.0
110056,ppo,18.818102904810758,0.8404474999999968,0.441,17.536655404810762,6.83325,21.0,45.0,52.05607601018397,17.21641927789796,4000,17.53665540481146,6.963318810448982e-13,4.0
110057,ppo,225.91223084050125,4.0703899999998985,0.729,221.11284084050135,18.0955,27.0,43.0,42.65626528364412,23.841980119380334,4000,221.11284084050132,2.842170943040401e-14,4.0
110058,ppo,-211.6284921344136,5.49838749999999,1.849,-218.97587963441356,20.39675,43.0,53.0,46.31968318893262,20.919022795212953,4000,-218.97587963441697,3.410605131648481e-12,4.0
110059,ppo,29.125587910597915,3.7412249999999987,1.296,24.088362910597915,15.358,36.0,46.0,43.15507868274278,15.980448447012385,4000,24.088362910595823,2.092548356813495e-12,4.0
110060,ppo,-190.47959288591528,2.888002499999987,1.089,-194.45659538591528,12.72375,33.0,45.0,41.26492156442759,15.766056563965469,4000,-194.4565953859159,6.252776074688882e-13,4.0
110061,ppo,416.13475591335146,4.212232499999964,1.369,410.55352341335146,16.97475,37.0,49.0,43.92734843630501,19.779124369438478,4000,410.55352341335214,6.821210263296962e-13,4.0
110062,ppo,-202.06981342918698,4.848669999999911,1.764,-208.6824834291869,18.554,42.0,52.0,47.12504610969927,15.457473692974768,4000,-208.68248342918642,4.831690603168681e-13,4.0
110063,ppo,70.72011247048545,0.7317699999999889,0.289,69.69934247048546,6.653,17.0,41.0,49.55958128629697,10.491410125748141,4000,69.69934247048644,9.805489753489383e-13,4.0
110064,ppo,-79.0258459078218,1.5384500000000079,0.841,-81.40529590782181,8.7155,29.0,45.0,45.29949861216668,21.70833619460046,4000,-81.40529590782138,4.263256414560601e-13,4.0
110065,ppo,202.10063646244635,4.355779999999982,1.156,196.58885646244636,18.053,34.0,44.0,41.069173700005805,16.218468662903202,4000,196.58885646244704,6.821210263296962e-13,4.0
110066,ppo,-205.43954422795377,2.864322499999958,1.156,-209.45986672795374,12.81775,34.0,42.0,38.01361412662833,15.344846117905476,4000,-209.4598667279547,9.663381206337363e-13,4.0
110067,ppo,-251.33805159610574,4.649147499999909,1.849,-257.83619909610564,19.14425,43.0,55.0,49.00483258456536,22.159211689638227,4000,-257.8361990961067,1.0800249583553523e-12,4.0
110068,ppo,45.738377041090644,1.412919999999969,0.4,43.925457041090674,9.5745,20.0,30.0,30.89888959091947,13.874907966389362,4000,43.92545704108797,2.7071678232459817e-12,4.0
110069,ppo,50.3260304897608,4.798147499999875,1.089,44.43888298976092,20.04725,33.0,47.0,49.074922528979656,9.025495516879442,4000,44.43888298975503,5.8903992794512305e-12,4.0
110070,ppo,209.83853922077287,2.4799549999999444,0.841,206.51758422077293,13.402,29.0,51.0,54.12811837655087,18.050990728667127,4000,206.51758422076477,8.15703060652595e-12,4.0
110071,ppo,49.46245679282538,1.0040924999999907,0.484,47.974364292825385,8.13225,22.0,44.0,49.17339435943814,14.568739965842662,4000,47.97436429282579,4.050093593832571e-13,4.0
110072,ppo,96.50828336387622,1.8469724999999437,0.529,94.13231086387627,12.16875,23.0,39.0,43.630606697283746,6.932707294199392,4000,94.13231086387353,2.7426949600339867e-12,4.0
110073,ppo,14.117751644948385,2.047384999999908,0.625,11.445366644948477,12.6035,25.0,39.0,42.309678695809,15.053540018186363,4000,11.445366644947827,6.501466032204917e-13,4.0
110074,ppo,70.81490941106085,4.02005249999988,0.9,65.89485691106097,17.92475,30.0,50.0,51.40623402383382,14.180468964614882,4000,65.89485691105962,1.3500311979441904e-12,4.0
110075,ppo,51.82665160776696,2.064292499999962,0.529,49.233359107766994,12.15425,23.0,45.0,49.179494774939904,20.70190428292681,4000,49.233359107767214,2.2026824808563106e-13,4.0
110076,ppo,-156.62646516409131,3.7392649999999494,1.225,-161.59073016409127,15.5495,35.0,45.0,41.8158967699109,19.463170590920285,4000,-161.59073016409303,1.7621459846850485e-12,4.0
110077,ppo,126.61407899671258,0.37006999999999834,0.225,126.01900899671259,3.7375,15.0,41.0,49.01836726886215,9.724789060135283,4000,126.01900899671207,5.115907697472721e-13,4.0
110078,ppo,31.54773013390036,0.1303699999999986,0.169,31.24836013390036,2.339,13.0,35.0,44.53394267100499,13.275747381831525,4000,31.248360133898995,1.3642420526593924e-12,4.0
110079,ppo,145.30043991510024,0.4903499999999933,0.289,144.52108991510025,4.762,17.0,33.0,41.051973624018125,9.988190962412387,4000,144.52108991509976,4.831690603168681e-13,4.0
110080,ppo,145.04696011723672,1.4085300000000072,0.625,143.0134301172367,9.243,25.0,51.0,56.708944016450936,19.76955405368892,4000,143.01343011723802,1.3073986337985843e-12,4.0
110081,ppo,53.4135798701368,4.027697499999964,1.296,48.089882370136834,16.57575,36.0,52.0,57.11607278198238,10.891377298193643,4000,48.08988237013697,1.3500311979441904e-13,4.0
110082,ppo,-69.7233728778524,2.342249999999909,0.729,-72.7946228778523,13.0355,27.0,41.0,44.29653231204593,22.556059421292137,4000,-72.79462287785441,2.1032064978498966e-12,4.0
110083,ppo,-28.54632694015322,1.6350249999999564,0.441,-30.622351940153177,11.1605,21.0,39.0,41.26752431849873,11.168083407608735,4000,-30.622351940153408,2.3092638912203256e-13,4.0
110084,ppo,142.38095689819102,0.19348749999999662,0.121,142.066469398191,3.20425,11.0,29.0,37.08196021720557,9.516790253812653,4000,142.06646939819217,1.1652900866465643e-12,4.0
110085,ppo,19.132119730013528,2.0843624999999486,0.625,16.42275723001358,12.27175,25.0,41.0,40.57664435419543,16.299481581777762,4000,16.42275723001503,1.4495071809506044e-12,4.0
110086,ppo,218.8086348505417,1.6922024999999656,0.441,216.6754323505417,11.04325,21.0,41.0,48.778968491999585,12.625486617861492,4000,216.6754323505399,1.8189894035458565e-12,4.0
110087,ppo,-52.58293398812293,3.846267500000005,0.961,-57.39020148812293,16.34875,31.0,47.0,46.285769120749876,16.51457525981674,4000,-57.39020148812554,2.6076918402395677e-12,4.0
110088,ppo,87.33709872745862,1.7211799999999446,0.4,85.21591872745867,10.996,20.0,30.0,33.28291754543774,6.7575391842366255,4000,85.2159187274563,2.3732127374387346e-12,4.0
110089,ppo,268.2108826577946,2.2993849999999596,0.484,265.4274976577947,13.7715,22.0,50.0,57.88580855110893,16.750845063323965,4000,265.42749765779166,3.0127011996228248e-12,4.0
110090,ppo,-275.2561784216873,3.4498075000000066,1.296,-280.0019859216873,14.50375,36.0,54.0,52.3712241623721,28.63589001400882,4000,-280.0019859216873,0.0,4.0
110091,ppo,83.04881283943814,5.376319999999953,1.6,76.0724928394382,20.0395,40.0,56.0,52.841056193145654,20.658896342717977,4000,76.07249283943621,1.9895196601282805e-12,4.0
110092,ppo,53.67371029656351,2.28188500000003,0.961,50.430825296563484,11.139,31.0,39.0,40.26805466762841,14.41133468908242,4000,50.43082529656338,1.0658141036401503e-13,4.0
110093,ppo,337.5337882077879,4.0078199999999775,1.369,332.1569682077879,18.146,37.0,57.0,56.601971545376294,28.822042241998794,4000,332.1569682077902,2.3305801732931286e-12,4.0
110094,ppo,198.08211954656508,3.3816524999999427,1.089,193.61146704656514,14.85925,33.0,43.0,40.08390524405573,16.539125359024,4000,193.6114670465645,6.252776074688882e-13,4.0
110095,ppo,88.94250811398615,6.059057500000034,1.5210000000000001,81.36245061398611,19.92925,39.0,45.0,38.960501743364794,23.7010833789715,4000,81.36245061399114,5.030642569181509e-12,4.0
110096,ppo,110.17209033166819,3.7394099999999995,0.841,105.5916803316682,16.6705,29.0,41.0,43.00536295891306,14.035986712193175,4000,105.5916803316682,0.0,4.0
110097,ppo,-71.6876571917935,1.1908649999999958,0.625,-73.50352219179351,8.746,25.0,45.0,47.23350970084365,16.291432791085743,4000,-73.5035221917947,1.1937117960769683e-12,4.0
110098,ppo,74.74112025690465,2.125982499999973,1.024,71.59113775690467,12.69275,32.0,42.0,41.175475400150695,15.283592784886876,4000,71.59113775690282,1.8474111129762605e-12,4.0
110099,ppo,353.0103706621567,3.8052549999999257,1.369,347.8361156621567,16.509,37.0,49.0,47.39923709536839,18.28947319266193,4000,347.8361156621567,0.0,4.0
