training_seed,q,tau,b,q_scaled,bid_action,ask_action,bid_depth,ask_depth
0,-20,1.0,0.0,-0.9640275800758169,-0.27656322717666626,-1.0,1.1105164858844854,0.0
0,-20,1.0,0.1,-0.9640275800758169,-0.2856332063674927,-1.0,1.0965935532987767,0.0
0,-20,1.0,0.2,-0.9640275800758169,-0.29458746314048767,-1.0,1.0828482611892172,0.0
0,-20,1.0,0.3,-0.9640275800758169,-0.303367018699646,-1.0,1.0693711453534631,0.0
0,-20,1.0,0.4,-0.9640275800758169,-0.31191763281822205,-0.9802021980285645,1.0562454676165447,0.030390749128983745
0,-20,1.0,0.5,-0.9640275800758169,-0.3201911151409149,-0.9333261251449585,1.0435452029076233,0.10234818022224607
0,-20,1.0,0.6,-0.9640275800758169,-0.32814571261405945,-0.8853854537010193,1.0313344445326695,0.17593983049887257
0,-20,1.0,0.7,-0.9640275800758169,-0.33574631810188293,-0.8365423083305359,1.0196670839366753,0.2509168294488834
0,-20,1.0,0.8,-0.9640275800758169,-0.3429644703865051,-0.78696209192276,1.008586810703654,0.32702527425419237
0,-20,1.0,0.9,-0.9640275800758169,-0.3497777581214905,-0.7368121147155762,0.9981280275217498,0.4040083342083608
0,-20,1.0,1.0,-0.9640275800758169,-0.35616928339004517,-0.6862598657608032,0.9883166736518373,0.48160890411541685
0,-20,0.75,0.0,-0.9640275800758169,-0.2514289617538452,-1.0,1.149099009141781,0.0
0,-20,0.75,0.1,-0.9640275800758169,-0.2605591118335724,-1.0,1.1350837108281955,0.0
0,-20,0.75,0.2,-0.9640275800758169,-0.26957154273986816,-1.0,1.1212491181238786,0.0
0,-20,0.75,0.3,-0.9640275800758169,-0.27840656042099,-0.9547665119171143,1.1076868647846188,0.06943597024251767
0,-20,0.75,0.4,-0.9640275800758169,-0.2870091497898102,-0.9064680933952332,1.094481402090089,0.1435767825782983
0,-20,0.75,0.5,-0.9640275800758169,-0.295330286026001,-0.8569092750549316,1.0817079859206054,0.2196523801361504
0,-20,0.75,0.6,-0.9640275800758169,-0.30332741141319275,-0.8062673211097717,1.0694319447850373,0.29739065229229456
0,-20,0.75,0.7,-0.9640275800758169,-0.31096455454826355,-0.754726767539978,1.0577084968277868,0.37650832584860655
0,-20,0.75,0.8,-0.9640275800758169,-0.3182121813297272,-0.7024760842323303,1.046582978570065,0.45671608883723486
0,-20,0.75,0.9,-0.9640275800758169,-0.3250470459461212,-0.6497063636779785,1.0360910736511708,0.5377206034438428
0,-20,0.75,1.0,-0.9640275800758169,-0.3314513564109802,-0.59660804271698,1.026260093779644,0.6192295383157151
0,-20,0.5,0.0,-0.9640275800758169,-0.222370445728302,-1.0,1.193705479691744,0.0
0,-20,0.5,0.1,-0.9640275800758169,-0.2315213978290558,-0.9671627283096313,1.1796582490958119,0.05040707485922549
0,-20,0.5,0.2,-0.9640275800758169,-0.2405550479888916,-0.919369637966156,1.165791083633571,0.1237721797745615
0,-20,0.5,0.3,-0.9640275800758169,-0.24941140413284302,-0.8699690699577332,1.1521960745433653,0.19960485409565015
0,-20,0.5,0.4,-0.9640275800758169,-0.2580353319644928,-0.8191351294517517,1.1389578560978897,0.2776378365137962
0,-20,0.5,0.5,-0.9640275800758169,-0.2663775384426117,-0.7670555710792542,1.1261520959117597,0.3575829130192803
0,-20,0.5,0.6,-0.9640275800758169,-0.27439525723457336,-0.7139283418655396,1.1138444427316336,0.4391362236989983
0,-20,0.5,0.7,-0.9640275800758169,-0.2820521593093872,-0.6599589586257935,1.1020906636809793,0.5219822885829463
0,-20,0.5,0.8,-0.9640275800758169,-0.2893182933330536,-0.6053571701049805,1.0909367357565851,0.6057991314488379
0,-20,0.5,0.9,-0.9640275800758169,-0.2961699664592743,-0.550334632396698,1.0804190288215827,0.6902618481860339
0,-20,0.5,1.0,-0.9640275800758169,-0.3025889992713928,-0.49510127305984497,1.0705654493118335,0.7750481880827147
0,-20,0.25,0.0,-0.9640275800758169,-0.18916431069374084,-0.9214098453521729,1.2446787807094293,0.120640345698789
0,-20,0.25,0.1,-0.9640275800758169,-0.19829493761062622,-0.8729676604270935,1.2306627504237555,0.1950018476191547
0,-20,0.25,0.2,-0.9640275800758169,-0.20731306076049805,-0.8227853775024414,1.2168194198026359,0.27203449868229707
0,-20,0.25,0.3,-0.9640275800758169,-0.21615886688232422,-0.7710383534431458,1.203240605594881,0.35146911615278936
0,-20,0.25,0.4,-0.9640275800758169,-0.22477760910987854,-0.7179192304611206,1.1900103473458645,0.43300998330700835
0,-20,0.25,0.5,-0.9640275800758169,-0.2331203818321228,-0.6636345386505127,1.1772037179428798,0.5163400647342629
0,-20,0.25,0.6,-0.9640275800758169,-0.24114468693733215,-0.6084010004997253,1.1648859543982857,0.6011266791204768
0,-20,0.25,0.7,-0.9640275800758169,-0.24881446361541748,-0.552442193031311,1.1531124121012506,0.6870266230528065
0,-20,0.25,0.8,-0.9640275800758169,-0.2561000883579254,-0.4959847331047058,1.1419285648177524,0.7736920267963464
0,-20,0.25,0.9,-0.9640275800758169,-0.2629779279232025,-0.43925514817237854,1.1313706909144112,0.8607751578609574
0,-20,0.25,1.0,-0.9640275800758169,-0.2694302499294281,-0.3824767768383026,1.1214660106032563,0.9479331788198399
0,-20,0.05,0.0,-0.9640275800758169,-0.15964794158935547,-0.8375321626663208,1.2899880817088076,0.2493973468903408
0,-20,0.05,0.1,-0.9640275800758169,-0.16872993111610413,-0.7872928380966187,1.2760467125761281,0.32651756011453126
0,-20,0.05,0.2,-0.9640275800758169,-0.17770785093307495,-0.7353857159614563,1.2622650963516928,0.4061979372136286
0,-20,0.05,0.3,-0.9640275800758169,-0.18652251362800598,-0.682000994682312,1.2487340890709469,0.4881465128209617
0,-20,0.05,0.4,-0.9640275800758169,-0.19511979818344116,-0.6273460388183594,1.2355367695658983,0.572044970574685
0,-20,0.05,0.5,-0.9640275800758169,-0.20345163345336914,-0.5716407895088196,1.222746929772686,0.657555688349127
0,-20,0.05,0.6,-0.9640275800758169,-0.21147608757019043,-0.515114426612854,1.2104289374868145,0.7443268620594085
0,-20,0.05,0.7,-0.9640275800758169,-0.219157874584198,-0.45800095796585083,1.1986369586428085,0.8319992764032567
0,-20,0.05,0.8,-0.9640275800758169,-0.22646793723106384,-0.4005354344844818,1.187415597789791,0.9202121148894564
0,-20,0.05,0.9,-0.9640275800758169,-0.2333834171295166,-0.3429510295391083,1.1767999438397396,1.0086074431668894
0,-20,0.05,1.0,-0.9640275800758169,-0.23988699913024902,-0.2854750454425812,1.1668165765291056,1.0968363392907736
0,-15,1.0,0.0,-0.9051482536448665,-0.27571335434913635,-1.0,1.111821088886893,0.0
0,-15,1.0,0.1,-0.9051482536448665,-0.2848716378211975,-1.0,1.097762604220105,0.0
0,-15,1.0,0.2,-0.9051482536448665,-0.2939041554927826,-1.0,1.0838971771915735,0.0
0,-15,1.0,0.3,-0.9051482536448665,-0.3027494549751282,-0.987701416015625,1.0703191407041623,0.018879024098238127
0,-15,1.0,0.4,-0.9051482536448665,-0.3113510310649872,-0.9407852292060852,1.05711523345032,0.09089803234341826
0,-15,1.0,0.5,-0.9051482536448665,-0.3196587860584259,-0.89268958568573,1.0443623582475607,0.164727573548702
0,-15,1.0,0.6,-0.9051482536448665,-0.32762953639030457,-0.8435843586921692,1.03212680431812,0.2401068826576766
0,-15,1.0,0.7,-0.9051482536448665,-0.3352271020412445,-0.7936438322067261,1.020464110044188,0.3167684238721137
0,-15,1.0,0.8,-0.9051482536448665,-0.3424225449562073,-0.7430447340011597,1.0094186969818661,0.394440910036833
0,-15,1.0,0.9,-0.9051482536448665,-0.3491933345794678,-0.6919643878936768,0.9990251508123206,0.47285213903154405
0,-15,1.0,1.0,-0.9051482536448665,-0.3555229604244232,-0.6405786871910095,0.9893088160691045,0.5517321046522209
0,-15,0.75,0.0,-0.9051482536448665,-0.24987933039665222,-1.0,1.1514777811835868,0.0
0,-15,0.75,0.1,-0.9051482536448665,-0.259098619222641,-1.0,1.137325649837768,0.0
0,-15,0.75,0.2,-0.9051482536448665,-0.2681903839111328,-0.9619646072387695,1.1233692752772806,0.05838648558545527
0,-15,0.75,0.3,-0.9051482536448665,-0.27709200978279114,-0.9137044548988342,1.1097047745869537,0.13246855716115977
0,-15,0.75,0.4,-0.9051482536448665,-0.2857459783554077,-0.8640507459640503,1.096420441899923,0.20868981716455892
0,-15,0.75,0.5,-0.9051482536448665,-0.2941010892391205,-0.8131874799728394,1.0835948727191569,0.2867678158661278
0,-15,0.75,0.6,-0.9051482536448665,-0.3021131455898285,-0.7613075375556946,1.0712959117075778,0.3664064705561991
0,-15,0.75,0.7,-0.9051482536448665,-0.3097449839115143,-0.7086097598075867,1.0595806069398082,0.44730054887400356
0,-15,0.75,0.8,-0.9051482536448665,-0.31696656346321106,-0.6552962064743042,1.0484950726574032,0.5291398776471764
0,-15,0.75,0.9,-0.9051482536448665,-0.32375437021255493,-0.6015692353248596,1.0380754042339608,0.6116138262207979
0,-15,0.75,1.0,-0.9051482536448665,-0.3300911486148834,-0.547629177570343,1.028348089909422,0.694414874821323
0,-15,0.5,0.0,-0.9051482536448665,-0.2199924886226654,-0.9734609127044678,1.1973557787472227,0.04073900452557344
0,-15,0.5,0.1,-0.9051482536448665,-0.22922852635383606,-0.9259365200996399,1.1831779368818067,0.1136916431692222
0,-15,0.5,0.2,-0.9051482536448665,-0.23833802342414856,-0.8766575455665588,1.1691943421092903,0.18933766460782597
0,-15,0.5,0.3,-0.9051482536448665,-0.24725806713104248,-0.8257984519004822,1.1555015689970574,0.2674092585536233
0,-15,0.5,0.4,-0.9051482536448665,-0.2559308409690857,-0.7735510468482971,1.1421883691607995,0.3476119892341454
0,-15,0.5,0.5,-0.9051482536448665,-0.2643048167228699,-0.7201207280158997,1.1293338413342948,0.4296305596724103
0,-15,0.5,0.6,-0.9051482536448665,-0.2723354399204254,-0.6657227873802185,1.1170063791595324,0.5131344844706066
0,-15,0.5,0.7,-0.9051482536448665,-0.2799852192401886,-0.6105789542198181,1.1052635339419452,0.5977833966077324
0,-15,0.5,0.8,-0.9051482536448665,-0.28722360730171204,-0.5549139380455017,1.0941521976434319,0.6832323542372346
0,-15,0.5,0.9,-0.9051482536448665,-0.2940267324447632,-0.49895143508911133,1.0837090146166568,0.7691379709532478
0,-15,0.5,1.0,-0.9051482536448665,-0.3003770709037781,-0.44291219115257263,1.0739608848358604,0.8551613894272018
0,-15,0.25,0.0,-0.9051482536448665,-0.1858530044555664,-0.8785777688026428,1.2497618236310015,0.18639001300874078
0,-15,0.25,0.1,-0.9051482536448665,-0.19506019353866577,-0.8285954594612122,1.2356282660769202,0.2631156932774043
0,-15,0.25,0.2,-0.9051482536448665,-0.20414695143699646,-0.7768939137458801,1.2216795772233588,0.3424804989099868
0,-15,0.25,0.3,-0.9051482536448665,-0.21305057406425476,-0.7236670851707458,1.2080120113999124,0.4241867002596226
0,-15,0.25,0.4,-0.9051482536448665,-0.22171378135681152,-0.6691266298294067,1.1947134967536734,0.5079093932156725
0,-15,0.25,0.5,-0.9051482536448665,-0.23008552193641663,-0.6134980916976929,1.181862400046332,0.5933023549804293
0,-15,0.25,0.6,-0.9051482536448665,-0.23812153935432434,-0.5570167303085327,1.1695266574373222,0.6800044488248891
0,-15,0.25,0.7,-0.9051482536448665,-0.245784729719162,-0.4999227523803711,1.157763225504755,0.767646943809633
0,-15,0.25,0.8,-0.9051482536448665,-0.25304481387138367,-0.4424579441547394,1.1466185844762298,0.8558586843377005
0,-15,0.25,0.9,-0.9051482536448665,-0.2598781883716583,-0.38486161828041077,1.1361289669701111,0.9442723119173381
0,-15,0.25,1.0,-0.9051482536448665,-0.26626765727996826,-0.3273669183254242,1.1263207697298288,1.0325299379456832
0,-15,0.05,0.0,-0.9051482536448665,-0.1555483490228653,-0.7921598553657532,1.296281188862774,0.31904641250702875
0,-15,0.05,0.1,-0.9051482536448665,-0.16469785571098328,-0.7403810620307922,1.2822361770572341,0.39852979761789575
0,-15,0.05,0.2,-0.9051482536448665,-0.17373692989349365,-0.6869674324989319,1.2683606854124903,0.4805227490330745
0,-15,0.05,0.3,-0.9051482536448665,-0.18260374665260315,-0.6321285963058472,1.2547496186846,0.5647034735233006
0,-15,0.05,0.4,-0.9051482536448665,-0.19124189019203186,-0.5760912299156189,1.2414895783212458,0.6507240098571574
0,-15,0.05,0.5,-0.9051482536448665,-0.1996012032032013,-0.5190945863723755,1.2286575586364525,0.7382170910394025
0,-15,0.05,0.6,-0.9051482536448665,-0.20763835310935974,-0.4613858461380005,1.2163200775937333,0.8268032810388275
0,-15,0.05,0.7,-0.9051482536448665,-0.21531692147254944,-0.40321555733680725,1.2045330395613225,0.9160979742713515
0,-15,0.05,0.8,-0.9051482536448665,-0.22260740399360657,-0.3448333144187927,1.193341735312176,1.0057180290970698
0,-15,0.05,0.9,-0.9051482536448665,-0.22948694229125977,-0.286484032869339,1.1827812537582707,1.0952874863521929
0,-15,0.05,1.0,-0.9051482536448665,-0.23593869805335999,-0.22840391099452972,1.1728774426639703,1.1844437682376685
0,-10,1.0,0.0,-0.7615941559557649,-0.27308574318885803,-1.0,1.1158546210787872,0.0
0,-10,1.0,0.1,-0.7615941559557649,-0.2824220359325409,-0.9838016033172607,1.1015228820818321,0.024865457821386407
0,-10,1.0,0.2,-0.7615941559557649,-0.29160359501838684,-0.9365400671958923,1.0874286680274903,0.09741459685142809
0,-10,1.0,0.3,-0.7615941559557649,-0.30056339502334595,-0.8878603577613831,1.0736748667424056,0.17214071236821654
0,-10,1.0,0.4,-0.7615941559557649,-0.3092401623725891,-0.8379493951797485,1.0603555366399091,0.2487568713131867
0,-10,1.0,0.5,-0.7615941559557649,-0.3175797760486603,-0.7870029211044312,1.0475537565520086,0.32696259914414233
0,-10,1.0,0.6,-0.7615941559557649,-0.32553619146347046,-0.7352217435836792,1.0353402075334688,0.4064496441154502
0,-10,1.0,0.7,-0.7615941559557649,-0.33307182788848877,-0.6828088760375977,1.0237725781344886,0.48690636911056934
0,-10,1.0,0.8,-0.7615941559557649,-0.34015709161758423,-0.6299660205841064,1.0128962963727908,0.5680231499362013
0,-10,1.0,0.9,-0.7615941559557649,-0.34677040576934814,-0.5768917798995972,1.0027444839853654,0.6494951202176208
0,-10,1.0,1.0,-0.7615941559557649,-0.35289710760116577,-0.5237781405448914,0.9933396491139237,0.7310275696928258
0,-10,0.75,0.0,-0.7615941559557649,-0.24544522166252136,-0.9563642144203186,1.1582843896315365,0.06698340626457261
0,-10,0.75,0.1,-0.7615941559557649,-0.2548466622829437,-0.9079005718231201,1.1438526449480344,0.14137784692890626
0,-10,0.75,0.2,-0.7615941559557649,-0.26409170031547546,-0.8577703237533569,1.1296609871094538,0.2183306215379264
0,-10,0.75,0.3,-0.7615941559557649,-0.2731111943721771,-0.8061701059341431,1.1158155520685809,0.2975398831017715
0,-10,0.75,0.4,-0.7615941559557649,-0.281841903924942,-0.7533125877380371,1.1024134176236093,0.37867917206911483
0,-10,0.75,0.5,-0.7615941559557649,-0.2902280390262604,-0.6994214057922363,1.0895402245088561,0.461405193530602
0,-10,0.75,0.6,-0.7615941559557649,-0.29822206497192383,-0.6447266936302185,1.0772689411918615,0.5453646794571769
0,-10,0.75,0.7,-0.7615941559557649,-0.30578505992889404,-0.5894611477851868,1.065659314894322,0.6302004274698096
0,-10,0.75,0.8,-0.7615941559557649,-0.312886506319046,-0.5338559746742249,1.054758191829882,0.7155575226022458
0,-10,0.75,0.9,-0.7615941559557649,-0.3195040225982666,-0.4781376123428345,1.0445999289384296,0.8010883696091128
0,-10,0.75,1.0,-0.7615941559557649,-0.32562267780303955,-0.4225238263607025,1.0352074460959757,0.8864586859873916
0,-10,0.5,0.0,-0.7615941559557649,-0.21343377232551575,-0.8686541318893433,1.2074237803305519,0.20162335862530678
0,-10,0.5,0.1,-0.7615941559557649,-0.22284460067749023,-0.8174485564231873,1.1929776249465638,0.28022682178967506
0,-10,0.5,0.2,-0.7615941559557649,-0.2321019172668457,-0.7645649313926697,1.1787671188267128,0.3614061862288461
0,-10,0.5,0.3,-0.7615941559557649,-0.24113571643829346,-0.7102236747741699,1.1648997246231945,0.4448230978450605
0,-10,0.5,0.4,-0.7615941559557649,-0.24988210201263428,-0.6546631455421448,1.1514735265958242,0.5301116620907411
0,-10,0.5,0.5,-0.7615941559557649,-0.25828465819358826,-0.5981336832046509,1.1385751261922845,0.6168875936195957
0,-10,0.5,0.6,-0.7615941559557649,-0.26629528403282166,-0.5408926606178284,1.12627836109697,0.704755810497031
0,-10,0.5,0.7,-0.7615941559557649,-0.2738746106624603,-0.48319923877716064,1.114643664755411,0.7933184858931234
0,-10,0.5,0.8,-0.7615941559557649,-0.2809918522834778,-0.42530983686447144,1.1037182951155498,0.8821820018174562
0,-10,0.5,0.9,-0.7615941559557649,-0.28762438893318176,-0.3674735426902771,1.0935369751033197,0.9709639943504683
0,-10,0.5,1.0,-0.7615941559557649,-0.29375728964805603,-0.3099282681941986,1.0841226245947317,1.0592992551684155
0,-10,0.25,0.0,-0.7615941559557649,-0.17693057656288147,-0.7658756971359253,1.2634582566036754,0.359394086454961
0,-10,0.25,0.1,-0.7615941559557649,-0.18629544973373413,-0.7121326327323914,1.2490826450296852,0.44189273908655846
0,-10,0.25,0.2,-0.7615941559557649,-0.19551700353622437,-0.6567794680595398,1.2349270368164476,0.5268629869703936
0,-10,0.25,0.3,-0.7615941559557649,-0.2045256793498993,-0.6000603437423706,1.221098208392325,0.6139300603973201
0,-10,0.25,0.4,-0.7615941559557649,-0.21325808763504028,-0.5422371625900269,1.2076934662967893,0.7026919236979075
0,-10,0.25,0.5,-0.7615941559557649,-0.22165843844413757,-0.48358309268951416,1.1947984512641574,0.7927292483621416
0,-10,0.25,0.6,-0.7615941559557649,-0.22967907786369324,-0.4243772625923157,1.1824863147549913,0.8836135562289066
0,-10,0.25,0.7,-0.7615941559557649,-0.23728114366531372,-0.36489859223365784,1.170816712494477,0.9749166893748749
0,-10,0.25,0.8,-0.7615941559557649,-0.2444341480731964,-0.3054203987121582,1.159836444948003,1.066219090548755
0,-10,0.25,0.9,-0.7615941559557649,-0.25111591815948486,-0.24620594084262848,1.1495795488176686,1.1571166425354902
0,-10,0.25,1.0,-0.7615941559557649,-0.2573118209838867,-0.18750359117984772,1.1400684864969304,1.2472280793736523
0,-10,0.05,0.0,-0.7615941559557649,-0.1446658968925476,-0.6731837391853333,1.312986370229768,0.5016815001999371
0,-10,0.05,0.1,-0.7615941559557649,-0.1539553701877594,-0.6176849007606506,1.2987265017422205,0.58687536555671
0,-10,0.05,0.2,-0.7615941559557649,-0.16311654448509216,-0.5606946349143982,1.2846635794946482,0.6743586566122757
0,-10,0.05,0.3,-0.7615941559557649,-0.1720811426639557,-0.5024740695953369,1.2709024127404263,0.7637305271518467
0,-10,0.05,0.4,-0.7615941559557649,-0.18078723549842834,-0.4433003067970276,1.257538066354507,0.8545656098956819
0,-10,0.05,0.5,-0.7615941559557649,-0.18918025493621826,-0.38346022367477417,1.2446543053927308,0.9464235321362321
0,-10,0.05,0.6,-0.7615941559557649,-0.19721373915672302,-0.323243647813797,1.2323224513854394,1.0388593920886529
0,-10,0.05,0.7,-0.7615941559557649,-0.2048497200012207,-0.2629377841949463,1.2206007876101537,1.1314323138145845
0,-10,0.05,0.8,-0.7615941559557649,-0.21205836534500122,-0.202821284532547,1.2095351080706405,1.2237145511249994
0,-10,0.05,0.9,-0.7615941559557649,-0.2188180685043335,-0.14315977692604065,1.199158580252145,1.3152983498185276
0,-10,0.05,1.0,-0.7615941559557649,-0.22511446475982666,-0.08420142531394958,1.1894932548138235,1.4058027641715292
0,-5,1.0,0.0,-0.46211715726000974,-0.26419225335121155,-0.8090188503265381,1.1295066324953598,0.29316689885398534
0,-5,1.0,0.1,-0.46211715726000974,-0.27366551756858826,-0.7568985819816589,1.1149646345160762,0.37317446747649746
0,-5,1.0,0.2,-0.46211715726000974,-0.2829091250896454,-0.7034723162651062,1.1007751725937602,0.4551868161520129
0,-5,1.0,0.3,-0.46211715726000974,-0.2918491065502167,-0.6489850878715515,1.0870517938985906,0.5388278027237202
0,-5,1.0,0.4,-0.46211715726000974,-0.30041879415512085,-0.5936911702156067,1.073896837278145,0.6237071030755994
0,-5,1.0,0.5,-0.46211715726000974,-0.3085605800151825,-0.5378475189208984,1.0613987341103266,0.7094302757486346
0,-5,1.0,0.6,-0.46211715726000974,-0.31622743606567383,-0.4817084074020386,1.0496296751423315,0.795606996626806
0,-5,1.0,0.7,-0.46211715726000974,-0.3233829140663147,-0.42552000284194946,1.0386456104906499,0.8818593851195925
0,-5,1.0,0.8,-0.46211715726000974,-0.33000117540359497,-0.36951592564582825,1.0284862038928098,0.9678288206520436
0,-5,1.0,0.9,-0.46211715726000974,-0.3360663056373596,-0.3139144480228424,1.0191758849172536,1.0531802430007964
0,-5,1.0,1.0,-0.46211715726000974,-0.34157124161720276,-0.2589152157306671,1.010725495900538,1.1376071846021827
0,-5,0.75,0.0,-0.46211715726000974,-0.23235014081001282,-0.7185876965522766,1.1783860816065617,0.4319838499358965
0,-5,0.75,0.1,-0.46211715726000974,-0.24190160632133484,-0.6631951332092285,1.1637240402048172,0.5170145770135172
0,-5,0.75,0.2,-0.46211715726000974,-0.25121989846229553,-0.6064964532852173,1.1494199331541908,0.6040502671371631
0,-5,0.75,0.3,-0.46211715726000974,-0.26022669672966003,-0.5487765073776245,1.1355939868701654,0.6926536584806603
0,-5,0.75,0.4,-0.46211715726000974,-0.2688518762588501,-0.4903300404548645,1.1223538469979584,0.7823723007970048
0,-5,0.75,0.5,-0.46211715726000974,-0.2770354151725769,-0.43145373463630676,1.109791650524169,0.8727507702025846
0,-5,0.75,0.6,-0.46211715726000974,-0.28472861647605896,-0.37243908643722534,1.0979821500983022,0.9633416030102464
0,-5,0.75,0.7,-0.46211715726000974,-0.29189473390579224,-0.31356602907180786,1.0869817533194033,1.0537150858559756
0,-5,0.75,0.8,-0.46211715726000974,-0.2985081970691681,-0.25509750843048096,1.0768297121907002,1.1434675818813982
0,-5,0.75,0.9,-0.46211715726000974,-0.3045543134212494,-0.19727560877799988,1.0675485806021603,1.2322274780069986
0,-5,0.75,1.0,-0.46211715726000974,-0.3100281357765198,-0.1403181254863739,1.0591459527641982,1.319660445981502
0,-5,0.5,0.0,-0.46211715726000974,-0.19553253054618835,-0.6130545139312744,1.2349032019753263,0.5939832720154551
0,-5,0.5,0.1,-0.46211715726000974,-0.2050950825214386,-0.5546659827232361,1.2202241422225315,0.6836129797230862
0,-5,0.5,0.2,-0.46211715726000974,-0.21443232893943787,-0.4950515627861023,1.2058909392814001,0.7751244961729071
0,-5,0.5,0.3,-0.46211715726000974,-0.2234637439250946,-0.4345337748527527,1.1920272049383227,0.8680227337437776
0,-5,0.5,0.4,-0.46211715726000974,-0.23211735486984253,-0.37344449758529663,1.1787434212303582,0.9617982398623272
0,-5,0.5,0.5,-0.46211715726000974,-0.24033209681510925,-0.31211498379707336,1.166133326333049,1.0559425226685508
0,-5,0.5,0.6,-0.46211715726000974,-0.24805888533592224,-0.25086772441864014,1.154272267623221,1.1499605402895643
0,-5,0.5,0.7,-0.46211715726000974,-0.2552609443664551,-0.1900092363357544,1.1432166984481757,1.2433817719174367
0,-5,0.5,0.8,-0.46211715726000974,-0.26191356778144836,-0.12982331216335297,1.1330045441117313,1.3357705797890642
0,-5,0.5,0.9,-0.46211715726000974,-0.2680031657218933,-0.07056713104248047,1.1236566658184008,1.426732179333515
0,-5,0.5,1.0,-0.46211715726000974,-0.27352628111839294,-0.012467656284570694,1.1151783703658236,1.515918168992413
0,-5,0.25,0.0,-0.46211715726000974,-0.15391583740711212,-0.4929240942001343,1.298787186803156,0.7783902811408158
0,-5,0.25,0.1,-0.46211715726000974,-0.16342997550964355,-0.43206632137298584,1.284182445091439,0.8718104148105559
0,-5,0.25,0.2,-0.46211715726000974,-0.1727418601512909,-0.37015748023986816,1.2698881739157473,0.9668439979556581
0,-5,0.25,0.3,-0.46211715726000974,-0.18177086114883423,-0.3075508773326874,1.2560281451813662,1.0629486850070395
0,-5,0.25,0.4,-0.46211715726000974,-0.19044530391693115,-0.2446058839559555,1.2427123834427996,1.1595728206256206
0,-5,0.25,0.5,-0.46211715726000974,-0.19870442152023315,-0.18167755007743835,1.2300341693930343,1.2561713829693713
0,-5,0.25,0.6,-0.46211715726000974,-0.20649954676628113,-0.11910729110240936,1.21806820993332,1.3522202800231569
0,-5,0.25,0.7,-0.46211715726000974,-0.21379432082176208,-0.057214830070734024,1.20687031793538,1.447228718783324
0,-5,0.25,0.8,-0.46211715726000974,-0.22056439518928528,0.0037082359194755554,1.1964778697239664,1.5407490811623568
0,-5,0.25,0.9,-0.46211715726000974,-0.22679653763771057,0.06340266764163971,1.186911177524527,1.6323834202411607
0,-5,0.25,1.0,-0.46211715726000974,-0.2324874997138977,0.12164463102817535,1.1781752278969115,1.7217881380281888
0,-5,0.05,0.0,-0.46211715726000974,-0.11766305565834045,-0.38764023780822754,1.354437263359348,0.9400069733147693
0,-5,0.05,0.1,-0.46211715726000974,-0.12710481882095337,-0.3253675699234009,1.3399436212861395,1.0355990511631499
0,-5,0.05,0.2,-0.46211715726000974,-0.13637462258338928,-0.2622513175010681,1.3257139466472296,1.132486079132025
0,-5,0.05,0.3,-0.46211715726000974,-0.14539344608783722,-0.19866037368774414,1.3118695409421055,1.2301017853146796
0,-5,0.05,0.4,-0.46211715726000974,-0.15409108996391296,-0.13496556878089905,1.2985181641866235,1.32787692416779
0,-5,0.05,0.5,-0.46211715726000974,-0.16240793466567993,-0.07152904570102692,1.2857513357659334,1.4252555857645142
0,-5,0.05,0.6,-0.46211715726000974,-0.17029595375061035,-0.008694756776094437,1.2736427789937912,1.5217097837694677
0,-5,0.05,0.7,-0.46211715726000974,-0.17771896719932556,0.053219325840473175,1.2622480322523872,1.616751412889008
0,-5,0.05,0.8,-0.46211715726000974,-0.18465229868888855,0.11392742395401001,1.2516049750972846,1.7099417873825078
0,-5,0.05,0.9,-0.46211715726000974,-0.19108203053474426,0.17317959666252136,1.2417349719638069,1.8008972337865925
0,-5,0.05,1.0,-0.46211715726000974,-0.19700366258621216,0.23076428472995758,1.2326449308385365,1.889292996672453
0,0,1.0,0.0,0.0,-0.23690664768218994,-0.39136627316474915,1.1713915850732284,0.9342872976695057
0,0,1.0,0.1,0.0,-0.24585694074630737,-0.3325030505657196,1.1576523774816518,1.0246456835909161
0,0,1.0,0.2,0.0,-0.25448372960090637,-0.2732677459716797,1.1444097672036473,1.1155752364823814
0,0,1.0,0.3,0.0,-0.26271870732307434,-0.21397051215171814,1.131768609240846,1.2065998542487988
0,0,1.0,0.4,0.0,-0.27050188183784485,-0.15491408109664917,1.1198209948315916,1.297254826110687
0,0,1.0,0.5,0.0,-0.27778375148773193,-0.09638524055480957,1.1086429118282877,1.387099916605264
0,0,1.0,0.6,0.0,-0.2845265567302704,-0.03864777460694313,1.098292323270667,1.4757302022044696
0,0,1.0,0.7,0.0,-0.29070475697517395,0.01806281879544258,1.0888084354137022,1.5627841801932563
0,0,1.0,0.8,0.0,-0.2963046729564667,0.07354281842708588,1.080212246706673,1.6479491269340143
0,0,1.0,0.9,0.0,-0.30132365226745605,0.12762144207954407,1.07250782874432,1.7309628820485379
0,0,1.0,1.0,0.0,-0.3057687282562256,0.18016107380390167,1.0656843849383422,1.8116141972484732
0,0,0.75,0.0,0.0,-0.197963684797287,-0.26995423436164856,1.2311712422837604,1.1206616647748617
0,0,0.75,0.1,0.0,-0.20702603459358215,-0.20803484320640564,1.2172600212514624,1.215711442802415
0,0,0.75,0.2,0.0,-0.21576368808746338,-0.1459895223379135,1.203847227462957,1.3109545300836298
0,0,0.75,0.3,0.0,-0.22410371899604797,-0.08417107164859772,1.1910448068994792,1.4058493587697671
0,0,0.75,0.4,0.0,-0.23198357224464417,-0.022916827350854874,1.1789487851493472,1.499878098638166
0,0,0.75,0.5,0.0,-0.2393530011177063,0.03746085613965988,1.167636293771352,1.5925612679413472
0,0,0.75,0.6,0.0,-0.24617522954940796,0.09668222069740295,1.1571637861127944,1.6834694220862974
0,0,0.75,0.7,0.0,-0.2524271011352539,0.15450486540794373,1.1475668085682065,1.7722304619182854
0,0,0.75,0.8,0.0,-0.2580984830856323,0.21072663366794586,1.1388609155444618,1.8585340655831166
0,0,0.75,0.9,0.0,-0.2631908059120178,0.2651855945587158,1.1310439111252961,1.9421316599344716
0,0,0.75,1.0,0.0,-0.26771536469459534,0.3177590072154999,1.1240984567218706,2.0228348307820285
0,0,0.5,0.0,0.0,-0.1540091633796692,-0.13637541234493256,1.2986439261410232,1.3257127343184585
0,0,0.5,0.1,0.0,-0.16317278146743774,-0.07218588888645172,1.284577252536499,1.4242472942130515
0,0,0.5,0.2,0.0,-0.17203232645988464,-0.008195504546165466,1.2709773483829534,1.52247616426432
0,0,0.5,0.3,0.0,-0.18051138520240784,0.05521208047866821,1.257961512207517,1.619810404304943
0,0,0.5,0.4,0.0,-0.1885451078414917,0.11767837405204773,1.2456292922141814,1.7156997085693786
0,0,0.5,0.5,0.0,-0.1960824728012085,0.17888009548187256,1.2340590094163817,1.8096478228559711
0,0,0.5,0.6,0.0,-0.20308709144592285,0.23853643238544464,1.2233065224340967,1.9012236842271684
0,0,0.5,0.7,0.0,-0.20953699946403503,0.2964129149913788,1.2134055477316381,1.990067368282737
0,0,0.5,0.8,0.0,-0.21542373299598694,0.3523227870464325,1.204369077813571,2.075892193579518
0,0,0.5,0.9,0.0,-0.22075065970420837,0.4061257243156433,1.1961919431270227,2.1584827544564367
0,0,0.5,1.0,0.0,-0.22553080320358276,0.4577248692512512,1.1888541516843347,2.2376903690830834
0,0,0.25,0.0,0.0,-0.10610825568437576,0.005946595221757889,1.3721745368077343,1.5441850896704898
0,0,0.25,0.1,0.0,-0.11537953466176987,0.07131446152925491,1.3579425976301764,1.644528472684137
0,0,0.25,0.2,0.0,-0.12438972294330597,0.13610795140266418,1.3441114474820866,1.743990155287852
0,0,0.25,0.3,0.0,-0.13305959105491638,0.1999317854642868,1.3308027081007407,1.8419633612131974
0,0,0.25,0.4,0.0,-0.14132218062877655,0.26242586970329285,1.3181191643792085,1.9378953257258968
0,0,0.25,0.5,0.0,-0.1491248607635498,0.3232746422290802,1.306141607736722,2.0313016434224727
0,0,0.25,0.6,0.0,-0.15643003582954407,0.38221341371536255,1.2949277495976086,2.1217760011716034
0,0,0.25,0.7,0.0,-0.163214772939682,0.43903064727783203,1.284512793244484,2.2089936778556725
0,0,0.25,0.8,0.0,-0.16946959495544434,0.49356770515441895,1.2749112866226004,2.292711155510594
0,0,0.25,0.9,0.0,-0.1751967966556549,0.5457157492637634,1.2661197071162837,2.3727613615072425
0,0,0.25,1.0,0.0,-0.1804080605506897,0.5954114198684692,1.2581201214093736,2.449047035054401
0,0,0.05,0.0,0.0,-0.066118523478508,0.12276902794837952,1.4335610443077709,1.7235141510862357
0,0,0.05,0.1,0.0,-0.07548446953296661,0.18816141784191132,1.4191837857965823,1.8238951791956364
0,0,0.05,0.2,0.0,-0.08463562279939651,0.2526766359806061,1.4051362463999255,1.9229296989005813
0,0,0.05,0.3,0.0,-0.09349118173122406,0.3159267008304596,1.3915424610755545,2.020022136536701
0,0,0.05,0.4,0.0,-0.10198253393173218,0.3775654435157776,1.3785077537447197,2.114641103242107
0,0,0.05,0.5,0.0,-0.11005520820617676,0.43729668855667114,1.3661157407814313,2.206331952853531
0,0,0.05,0.6,0.0,-0.11766952276229858,0.49487924575805664,1.3544273359879022,2.2947244447391224
0,0,0.05,0.7,0.0,-0.12480022013187408,0.5501278042793274,1.343481311010678,2.3795341162461137
0,0,0.05,0.8,0.0,-0.13143524527549744,0.6029118299484253,1.3332961710191127,2.460560590015367
0,0,0.05,0.9,0.0,-0.13757389783859253,0.6531503796577454,1.3238729910972111,2.5376796137849142
0,0,0.05,1.0,0.0,-0.14322486519813538,0.7008077502250671,1.3151984356284916,2.610836381144653
0,5,1.0,0.0,0.46211715726000974,-0.19007357954978943,0.07655619084835052,1.2432830014337883,1.6525748245452432
0,5,1.0,0.1,0.46211715726000974,-0.19813501834869385,0.13496138155460358,1.2309082355628276,1.742230105527705
0,5,1.0,0.2,0.46211715726000974,-0.20589208602905273,0.19259744882583618,1.2190006966254008,1.8307047384060664
0,5,1.0,0.3,0.46211715726000974,-0.21329066157341003,0.24919483065605164,1.2076434634535158,1.9175849302092305
0,5,1.0,0.4,0.46211715726000974,-0.22028321027755737,0.3045095205307007,1.196909504514713,2.002496117095201
0,5,1.0,0.5,0.46211715726000974,-0.22683066129684448,0.35832905769348145,1.1868587957719667,2.0851121597504396
0,5,1.0,0.6,0.46211715726000974,-0.2329035997390747,0.41047677397727966,1.177536490753467,2.1651618625162774
0,5,1.0,0.7,0.46211715726000974,-0.23848310112953186,0.4608132839202881,1.1689716396014627,2.242431260801689
0,5,1.0,0.8,0.46211715726000974,-0.24356040358543396,0.5092365741729736,1.1611776923030745,2.3167637583280607
0,5,1.0,0.9,0.46211715726000974,-0.24813640117645264,0.5556798577308655,1.154153276410637,2.3880568332547925
0,5,1.0,1.0,0.46211715726000974,-0.2522202730178833,0.6001079082489014,1.1478843014614528,2.4562564111438694
0,5,0.75,0.0,0.46211715726000974,-0.14605090022087097,0.2192605435848236,1.3108603115514048,1.871634101422821
0,5,0.75,0.1,0.46211715726000974,-0.15436884760856628,0.27875158190727234,1.298091790445261,1.9629562200948263
0,5,0.75,0.2,0.46211715726000974,-0.16239628195762634,0.3370758295059204,1.2857692233338383,2.05248724881532
0,5,0.75,0.3,0.46211715726000974,-0.17007452249526978,0.39396265149116516,1.2739826885322378,2.1398117476760072
0,5,0.75,0.4,0.46211715726000974,-0.17735296487808228,0.4491763710975647,1.2628098665783178,2.224567939472306
0,5,0.75,0.5,0.46211715726000974,-0.1841908097267151,0.5025212168693542,1.2523133868338725,2.306455303913766
0,5,0.75,0.6,0.46211715726000974,-0.19055843353271484,0.5538439154624939,1.24253872306488,2.385238557722292
0,5,0.75,0.7,0.46211715726000974,-0.19643759727478027,0.6030334234237671,1.2335138732037125,2.460747242897852
0,5,0.75,0.8,0.46211715726000974,-0.20182102918624878,0.6500195860862732,1.2252499998247153,2.532873668046972
0,5,0.75,0.9,0.46211715726000974,-0.20671144127845764,0.6947687864303589,1.2177429398366366,2.6015662291374357
0,5,0.75,1.0,0.46211715726000974,-0.21111992001533508,0.7372796535491943,1.2109756748884266,2.66682282174949
0,5,0.5,0.0,0.46211715726000974,-0.0990704745054245,0.36535805463790894,1.382977930161339,2.0959020688057324
0,5,0.5,0.1,0.46211715726000974,-0.10768580436706543,0.4248879849910736,1.3697529100875785,2.1872838889511796
0,5,0.5,0.2,0.46211715726000974,-0.1160358414053917,0.4828581213951111,1.3569351295473129,2.2762713368996916
0,5,0.5,0.3,0.46211715726000974,-0.12405717372894287,0.5390121936798096,1.344621929391206,2.3624710234021298
0,5,0.5,0.4,0.46211715726000974,-0.1316957175731659,0.593136727809906,1.3328963312659465,2.445555253704268
0,5,0.5,0.5,0.46211715726000974,-0.1389085054397583,0.6450647115707397,1.3218242927189172,2.525267654582223
0,5,0.5,0.6,0.46211715726000974,-0.14566479623317719,0.6946758031845093,1.3114530030756777,2.6014234945802412
0,5,0.5,0.7,0.46211715726000974,-0.1519460678100586,0.7418947219848633,1.3018108948770282,2.6739072136049025
0,5,0.5,0.8,0.46211715726000974,-0.1577453315258026,0.7866880893707275,1.2929086960888858,2.7426675736100337
0,5,0.5,0.9,0.46211715726000974,-0.16306576132774353,0.8290581107139587,1.284741534522039,2.8077079599665424
0,5,0.5,1.0,0.46211715726000974,-0.16791892051696777,0.8690382242202759,1.277291659853349,2.869079702217113
0,5,0.25,0.0,0.46211715726000974,-0.05087502300739288,0.5095377564430237,1.456960682274329,2.317226090198255
0,5,0.25,0.1,0.46211715726000974,-0.05980301275849342,0.5680627822875977,1.4432557115334705,2.4070653249161267
0,5,0.25,0.2,0.46211715726000974,-0.06849779188632965,0.6246887445449829,1.4299087323290496,2.493989389296326
0,5,0.25,0.3,0.46211715726000974,-0.07689164578914642,0.6791855692863464,1.417023690416119,2.5776451068063078
0,5,0.25,0.4,0.46211715726000974,-0.08492720872163773,0.7313715815544128,1.4046886454680059,2.657753596080477
0,5,0.25,0.5,0.46211715726000974,-0.09255924820899963,0.7811145186424255,1.3929730318995115,2.734111826360876
0,5,0.25,0.6,0.46211715726000974,-0.09975548088550568,0.8283308148384094,1.3819264065084185,2.806591519539052
0,5,0.25,0.7,0.46211715726000974,-0.1064964234828949,0.8729821443557739,1.371578677216767,2.8751338433584177
0,5,0.25,0.8,0.46211715726000974,-0.11277436465024948,0.9150702953338623,1.361941681385671,2.939741542714304
0,5,0.25,0.9,0.46211715726000974,-0.11859180778265,0.9546311497688293,1.353011576161667,3.0004696985063455
0,5,0.25,1.0,0.46211715726000974,-0.12395959347486496,0.9917281270027161,1.344771720616813,3.05741566302227
0,5,0.05,0.0,0.46211715726000974,-0.012760153040289879,0.6199074387550354,1.5154691698794343,2.486649813671673
0,5,0.05,0.1,0.46211715726000974,-0.021923838183283806,0.6769733428955078,1.5014023933413352,2.5742492137997255
0,5,0.05,0.2,0.46211715726000974,-0.030881080776453018,0.7319344282150269,1.4876525178284266,2.658617597634058
0,5,0.05,0.3,0.46211715726000974,-0.03956165909767151,0.7845864295959473,1.4743273376677566,2.7394414066313972
0,5,0.05,0.4,0.46211715726000974,-0.0479063019156456,0.8347748517990112,1.4615178375617386,2.816483481835175
0,5,0.05,0.5,0.46211715726000974,-0.055868349969387054,0.8823955059051514,1.449295642122907,2.8895838873441244
0,5,0.05,0.6,0.46211715726000974,-0.06341446191072464,0.9273922443389893,1.4377119322121148,2.9586564334448626
0,5,0.05,0.7,0.46211715726000974,-0.07052414119243622,0.9697529077529907,1.4267981711920898,3.023682454849141
0,5,0.05,0.8,0.46211715726000974,-0.07718878239393234,1.0,1.4165675688716104,3.070113457325394
0,5,0.05,0.9,0.46211715726000974,-0.08340979367494583,1.0,1.4070179636456042,3.070113457325394
0,5,0.05,1.0,0.46211715726000974,-0.08919680118560791,1.0,1.3981345788275408,3.070113457325394
0,10,1.0,0.0,0.7615941559557649,-0.15323948860168457,0.369363009929657,1.2998254205878506,2.1020499023743238
0,10,1.0,0.1,0.7615941559557649,-0.16096344590187073,0.4235113263130188,1.2879687079622963,2.1851706397843595
0,10,1.0,0.2,0.7615941559557649,-0.16843503713607788,0.4763617515563965,1.2764993915644094,2.2662990406668913
0,10,1.0,0.3,0.7615941559557649,-0.17560535669326782,0.527714729309082,1.2654925442814833,2.345128774703017
0,10,1.0,0.4,0.7615941559557649,-0.18243050575256348,0.5773999691009521,1.2550155532938856,2.421398436360747
0,10,1.0,0.5,0.7615941559557649,-0.188873291015625,0.62527996301651,1.2451255124244942,2.4948969431891532
0,10,1.0,0.6,0.7615941559557649,-0.1949046552181244,0.6712508201599121,1.235867026222432,2.565464816769524
0,10,1.0,0.7,0.7615941559557649,-0.200504332780838,0.7152424454689026,1.227271203501447,2.632994457204898
0,10,1.0,0.8,0.7615941559557649,-0.20566105842590332,0.7572171092033386,1.2193553371021222,2.6974279472037983
0,10,1.0,0.9,0.7615941559557649,-0.21037209033966064,0.7971649169921875,1.2121236358639642,2.758750098345395
0,10,1.0,1.0,0.7615941559557649,-0.21464243531227112,0.8351015448570251,1.2055684140800476,2.8169849742120867
0,10,0.75,0.0,0.7615941559557649,-0.10875768959522247,0.5134025812149048,1.368107505455742,2.3231588154694336
0,10,0.75,0.1,0.7615941559557649,-0.11682645976543427,0.5671755075454712,1.3557214855139252,2.4057033078530528
0,10,0.75,0.2,0.7615941559557649,-0.12465714663267136,0.6193097233772278,1.3437009369483224,2.485732286659144
0,10,0.75,0.3,0.7615941559557649,-0.13219614326953888,0.6696258783340454,1.3321281494335335,2.562970438886042
0,10,0.75,0.4,0.7615941559557649,-0.13939592242240906,0.7179785370826721,1.3210760800000347,2.6371945130468526
0,10,0.75,0.5,0.7615941559557649,-0.14621680974960327,0.7642584443092346,1.310605631012975,2.7082367960368727
0,10,0.75,0.6,0.7615941559557649,-0.15262851119041443,0.8083924055099487,1.3007633055740817,2.7759849301405675
0,10,0.75,0.7,0.7615941559557649,-0.15861037373542786,0.8503416776657104,1.2915808072244235,2.840379442625772
0,10,0.75,0.8,0.7615941559557649,-0.16415166854858398,0.8900995254516602,1.2830746053359843,2.9014099943867415
0,10,0.75,0.9,0.7615941559557649,-0.1692506968975067,0.9276866316795349,1.2752473075593287,2.9591083347128
0,10,0.75,1.0,0.7615941559557649,-0.17391368746757507,0.9631468653678894,1.2680893525090546,3.0135418050360605
0,10,0.5,0.0,0.7615941559557649,-0.0630839616060257,0.6546739935874939,1.4382192689286681,2.540018447599659
0,10,0.5,0.1,0.7615941559557649,-0.0714978277683258,0.7072397470474243,1.4253035070621618,2.6207098611455497
0,10,0.5,0.2,0.7615941559557649,-0.07969194650650024,0.7578761577606201,1.4127250699576661,2.6984396241261686
0,10,0.5,0.3,0.7615941559557649,-0.08760857582092285,0.8064306378364563,1.4005725948602334,2.7729735054733
0,10,0.5,0.4,0.7615941559557649,-0.09519709646701813,0.8527877926826477,1.388923785181849,2.8441343679416047
0,10,0.5,0.5,0.7615941559557649,-0.10241585224866867,0.8968700170516968,1.3778425855466536,2.911803083073732
0,10,0.5,0.6,0.7615941559557649,-0.10923336446285248,0.9386356472969055,1.3673773175495305,2.975915694808478
0,10,0.5,0.7,0.7615941559557649,-0.11562879383563995,0.9780776500701904,1.357559970658146,3.0364614065575415
0,10,0.5,0.8,0.7615941559557649,-0.12159163504838943,1.0,1.3484066711325677,3.070113457325394
0,10,0.5,0.9,0.7615941559557649,-0.12712079286575317,1.0,1.3399191002211857,3.070113457325394
0,10,0.5,1.0,0.7615941559557649,-0.1322232484817505,1.0,1.3320865413951462,3.070113457325394
0,10,0.25,0.0,0.7615941559557649,-0.017856210470199585,0.788555920124054,1.5076464326319998,2.7455347997759305
0,10,0.25,0.1,0.7615941559557649,-0.02658054418861866,0.8392364382743835,1.4942540854544417,2.823332270174706
0,10,0.25,0.2,0.7615941559557649,-0.03510468825697899,0.8877711892127991,1.481169040746215,2.8978358661766888
0,10,0.25,0.3,0.7615941559557649,-0.043368078768253326,0.9340370297431946,1.468484267540316,2.9688565559901074
0,10,0.25,0.4,0.7615941559557649,-0.051318101584911346,0.9779484272003174,1.456280531522583,3.036263042121646
0,10,0.25,0.5,0.7615941559557649,-0.058911923319101334,1.0,1.4446235843732498,3.070113457325394
0,10,0.25,0.6,0.7615941559557649,-0.06611757725477219,1.0,1.4335624968148832,3.070113457325394
0,10,0.25,0.7,0.7615941559557649,-0.07291417568922043,1.0,1.4231293326560652,3.070113457325394
0,10,0.25,0.8,0.7615941559557649,-0.0792914628982544,1.0,1.413339835015223,3.070113457325394
0,10,0.25,0.9,0.7615941559557649,-0.08524854481220245,1.0,1.4041953763400221,3.070113457325394
0,10,0.25,1.0,0.7615941559557649,-0.09079259634017944,1.0,1.3956849427379485,3.070113457325394
0,10,0.05,0.0,0.7615941559557649,0.016943126916885376,0.8876934051513672,1.561065389641048,2.8977164632298047
0,10,0.05,0.1,0.7615941559557649,0.008014172315597534,0.9365187287330627,1.5473589378004173,2.9726661047230203
0,10,0.05,0.2,0.7615941559557649,-0.0007291994988918304,0.983087420463562,1.5339373660653857,3.044151688308942
0,10,0.05,0.3,0.7615941559557649,-0.00922529585659504,1.0,1.5208953761841266,3.070113457325394
0,10,0.05,0.4,0.7615941559557649,-0.01742096059024334,1.0,1.5083145658888764,3.070113457325394
0,10,0.05,0.5,0.7615941559557649,-0.025273213163018227,1.0,1.4962609127418793,3.070113457325394
0,10,0.05,0.6,0.7615941559557649,-0.03275027871131897,1.0,1.4847831929613082,3.070113457325394
0,10,0.05,0.7,0.7615941559557649,-0.039831556379795074,1.0,1.473913030028785,3.070113457325394
0,10,0.05,0.8,0.7615941559557649,-0.04650703817605972,1.0,1.4636657867803637,3.070113457325394
0,10,0.05,0.9,0.7615941559557649,-0.05277598649263382,1.0,1.454042595485368,3.070113457325394
0,10,0.05,1.0,0.7615941559557649,-0.05864540860056877,1.0,1.4450326995852207,3.070113457325394
0,15,1.0,0.0,0.9051482536448665,-0.135326087474823,0.4995434880256653,1.3273235075208734,2.301884321216128
0,15,1.0,0.1,0.9051482536448665,-0.1429680585861206,0.5509456396102905,1.31559264834623,2.380789539873847
0,15,1.0,0.2,0.9051482536448665,-0.15038132667541504,0.6008968949317932,1.304212861284378,2.457467550460268
0,15,1.0,0.3,0.9051482536448665,-0.15751859545707703,0.6492329835891724,1.2932567488168136,2.5316661885910143
0,15,1.0,0.4,0.9051482536448665,-0.16433700919151306,0.695818305015564,1.2827900969349615,2.6031772997035114
0,15,1.0,0.5,0.9051482536448665,-0.17079976201057434,0.7405475378036499,1.2728694047343776,2.671839209462783
0,15,1.0,0.6,0.9051482536448665,-0.17687749862670898,0.783346951007843,1.2635397342467405,2.7375387366846944
0,15,1.0,0.7,0.9051482536448665,-0.18254902958869934,0.8241727948188782,1.2548336124817183,2.800208722930156
0,15,1.0,0.8,0.9051482536448665,-0.1878015697002411,0.8630096912384033,1.2467706654409254,2.8598255620993247
0,15,1.0,0.9,0.9051482536448665,-0.1926305890083313,0.8998672962188721,1.2393578468591995,2.916404076626985
0,15,1.0,1.0,0.9051482536448665,-0.19703888893127441,0.9347766637802124,1.2325908564005224,2.9699919361953797
0,15,0.75,0.0,0.9051482536448665,-0.0914003998041153,0.6409473419189453,1.3947519299409292,2.5189472585938444
0,15,0.75,0.1,0.9051482536448665,-0.09939949214458466,0.6914345026016235,1.3824728694204975,2.5964479143108643
0,15,0.75,0.2,0.9051482536448665,-0.1071828082203865,0.7401816844940186,1.3705250377070293,2.6712776038781296
0,15,0.75,0.3,0.9051482536448665,-0.11469870805740356,0.7870485782623291,1.3589877050902615,2.743220944508695
0,15,0.75,0.4,0.9051482536448665,-0.12190084904432297,0.8319256901741028,1.3479320101075134,2.8121098571118117
0,15,0.75,0.5,0.9051482536448665,-0.1287500262260437,0.8747363686561584,1.33741813458891,2.8778266771743066
0,15,0.75,0.6,0.9051482536448665,-0.1352154016494751,0.9154353141784668,1.327493416541841,2.9403018673478027
0,15,0.75,0.7,0.9051482536448665,-0.1412753462791443,0.9540073871612549,1.318191057762744,2.9995121875185
0,15,0.75,0.8,0.9051482536448665,-0.14691734313964844,0.9904648065567017,1.3095302725189333,3.0554763944711585
0,15,0.75,0.9,0.9051482536448665,-0.1521376222372055,1.0,1.3015168479647312,3.070113457325394
0,15,0.75,1.0,0.9051482536448665,-0.15694019198417664,1.0,1.2941446309597713,3.070113457325394
0,15,0.5,0.0,0.9051482536448665,-0.04701146110892296,0.777244508266449,1.4628914689631802,2.728171140893239
0,15,0.5,0.1,0.9051482536448665,-0.055342815816402435,0.8261398673057556,1.4501023668605881,2.803228290786905
0,15,0.5,0.2,0.9051482536448665,-0.06347399204969406,0.8730635046958923,1.4376205500717316,2.875258736095963
0,15,0.5,0.3,0.9051482536448665,-0.07134991884231567,0.9179020524024963,1.425530555654263,2.9440884504564484
0,15,0.5,0.4,0.9051482536448665,-0.07892155647277832,0.9605743885040283,1.4139076623626257,3.0095929071168612
0,15,0.5,0.5,0.9051482536448665,-0.0861479640007019,1.0,1.4028147168628278,3.070113457325394
0,15,0.5,0.6,0.9051482536448665,-0.09299734234809875,1.0,1.3923005325434996,3.070113457325394
0,15,0.5,0.7,0.9051482536448665,-0.09944780170917511,1.0,1.382398711498314,3.070113457325394
0,15,0.5,0.8,0.9051482536448665,-0.10548710823059082,1.0,1.3731280333861584,3.070113457325394
0,15,0.5,0.9,0.9051482536448665,-0.11111216247081757,1.0,1.3644932560256058,3.070113457325394
0,15,0.5,1.0,0.9051482536448665,-0.1163276731967926,1.0,1.3564871511922854,3.070113457325394
0,15,0.25,0.0,0.9051482536448665,-0.003660723567008972,0.9044268131256104,1.529437310319386,2.9234031937341247
0,15,0.25,0.1,0.9051482536448665,-0.012269951403141022,0.9512284398078918,1.516221657200941,2.995246345685121
0,15,0.25,0.2,0.9051482536448665,-0.02069503627717495,0.9958977699279785,1.503288673975501,3.063816301450815
0,15,0.25,0.3,0.9051482536448665,-0.02887876331806183,1.0,1.4907261887158487,3.070113457325394
0,15,0.25,0.4,0.9051482536448665,-0.0367707759141922,1.0,1.4786115016774681,3.070113457325394
0,15,0.25,0.5,0.9051482536448665,-0.04432927817106247,1.0,1.4670087719294471,3.070113457325394
0,15,0.25,0.6,0.9051482536448665,-0.05152233690023422,1.0,1.4559670187275662,3.070113457325394
0,15,0.25,0.7,0.9051482536448665,-0.058328211307525635,1.0,1.4455196154242202,3.070113457325394
0,15,0.25,0.8,0.9051482536448665,-0.06473518908023834,1.0,1.4356845410838253,3.070113457325394
0,15,0.25,0.9,0.9051482536448665,-0.07074060291051865,1.0,1.4264658901752494,3.070113457325394
0,15,0.25,1.0,0.9051482536448665,-0.07634954154491425,1.0,1.4178558511838644,3.070113457325394
0,15,0.05,0.0,0.9051482536448665,0.02935463935136795,0.997471034526825,1.5801177653164813,3.066231351859241
0,15,0.05,0.1,0.9051482536448665,0.02057410404086113,1.0,1.5666391455068274,3.070113457325394
0,15,0.05,0.2,0.9051482536448665,0.011966247111558914,1.0,1.553425596808136,3.070113457325394
0,15,0.05,0.3,0.9051482536448665,0.003588832914829254,1.0,1.540565790776652,3.070113457325394
0,15,0.05,0.4,0.9051482536448665,-0.004507612437009811,1.0,1.5281372878610615,3.070113457325394
0,15,0.05,0.5,0.9051482536448665,-0.012281559407711029,1.0,1.5162038382554195,3.070113457325394
0,15,0.05,0.6,0.9051482536448665,-0.019701523706316948,1.0,1.5048137721324075,3.070113457325394
0,15,0.05,0.7,0.9051482536448665,-0.02674638293683529,1.0,1.493999513568119,3.070113457325394
0,15,0.05,0.8,0.9051482536448665,-0.033404938876628876,1.0,1.4837782524695617,3.070113457325394
0,15,0.05,0.9,0.9051482536448665,-0.03967495262622833,1.0,1.4741534256744315,3.070113457325394
0,15,0.05,1.0,0.9051482536448665,-0.04556170850992203,1.0,1.4651169214451727,3.070113457325394
0,20,1.0,0.0,0.9640275800758169,-0.12807242572307587,0.5505442023277283,1.3384582898003359,2.3801733108721135
0,20,1.0,0.1,0.9640275800758169,-0.1356906294822693,0.6007451415061951,1.3267639148594625,2.457234600343206
0,20,1.0,0.2,0.9640275800758169,-0.1430889368057251,0.6494508385658264,1.3154070934218773,2.5320006083388
0,20,1.0,0.3,0.9640275800758169,-0.15022066235542297,0.696510910987854,1.3044594901298379,2.604240489161587
0,20,1.0,0.4,0.9640275800758169,-0.15704336762428284,0.7418026328086853,1.2939862504991921,2.6737658514953733
0,20,1.0,0.5,0.9640275800758169,-0.16352048516273499,0.7852327823638916,1.284043507639452,2.74043359479692
0,20,1.0,0.6,0.9640275800758169,-0.1696225106716156,0.8267383575439453,1.2746765523235735,2.804147007254077
0,20,1.0,0.7,0.9640275800758169,-0.17532795667648315,0.8662846684455872,1.2659183690437796,2.864852837897429
0,20,1.0,0.8,0.9640275800758169,-0.18062350153923035,0.9038642644882202,1.2577894072702844,2.9225396496630993
0,20,1.0,0.9,0.9640275800758169,-0.18550387024879456,0.9394927024841309,1.250297764444313,2.9772313231404635
0,20,1.0,1.0,0.9640275800758169,-0.18997105956077576,0.9732059836387634,1.2434403754327463,3.0289831222221797
0,20,0.75,0.0,0.9640275800758169,-0.08448906987905502,0.6903896331787109,1.4053612134464009,2.5948439804726484
0,20,0.75,0.1,0.9640275800758169,-0.09246353060007095,0.7394928336143494,1.393119963859149,2.6702201787002484
0,20,0.75,0.2,0.9640275800758169,-0.10023052990436554,0.786834180355072,1.381197179315573,2.7428918315585484
0,20,0.75,0.3,0.9640275800758169,-0.10773921757936478,0.8322875499725342,1.3696709177766389,2.8126653324302264
0,20,0.75,0.4,0.9640275800758169,-0.11494382470846176,0.8757566213607788,1.3586114371257472,2.8793928229534704
0,20,0.75,0.5,0.9640275800758169,-0.12180536240339279,0.9171756505966187,1.3480785875181707,2.942973382476623
0,20,0.75,0.6,0.9640275800758169,-0.12829291820526123,0.956508994102478,1.3381198213319379,3.003352296086094
0,20,0.75,0.7,0.9640275800758169,-0.134384423494339,0.9937490820884705,1.3287690151502545,3.0605179437249825
0,20,0.75,0.8,0.9640275800758169,-0.1400667130947113,1.0,1.320046378264993,3.070113457325394
0,20,0.75,0.9,0.9640275800758169,-0.14533528685569763,1.0,1.3119588186627351,3.070113457325394
0,20,0.75,1.0,0.9640275800758169,-0.1501932144165039,1.0,1.3045016242731635,3.070113457325394
0,20,0.5,0.0,0.9640275800758169,-0.04070902243256569,0.8243137001991272,1.4725660698603065,2.8004250206822126
0,20,0.5,0.1,0.9640275800758169,-0.049005504697561264,0.8717066645622253,1.4598304989351942,2.8731759095190577
0,20,0.5,0.2,0.9640275800758169,-0.05710932984948158,0.9171293377876282,1.447390667607833,2.9429022896875594
0,20,0.5,0.3,0.9640275800758169,-0.06496648490428925,0.9604820609092712,1.4353294888728043,3.0094511790212883
0,20,0.5,0.4,0.9640275800758169,-0.07252871245145798,1.0,1.4237210405928444,3.070113457325394
0,20,0.5,0.5,0.9640275800758169,-0.07975532114505768,1.0,1.412627786292322,3.070113457325394
0,20,0.5,0.6,0.9640275800758169,-0.08661450445652008,1.0,1.4020985507969308,3.070113457325394
0,20,0.5,0.7,0.9640275800758169,-0.0930839404463768,1.0,1.3921675995500487,3.070113457325394
0,20,0.5,0.8,0.9640275800758169,-0.09915079176425934,1.0,1.3828546386127367,3.070113457325394
0,20,0.5,0.9,0.9640275800758169,-0.10481107980012894,1.0,1.3741657753771062,3.070113457325394
0,20,0.5,1.0,0.9640275800758169,-0.1100686714053154,1.0,1.3660950740070041,3.070113457325394
0,20,0.25,0.0,0.9640275800758169,0.0018288269639015198,0.9485757350921631,1.5378640817991938,2.991174293462086
0,20,0.25,0.1,0.9640275800758169,-0.006729042157530785,0.9938226342201233,1.5247272672213246,3.060630850419584
0,20,0.25,0.2,0.9640275800758169,-0.015109283849596977,1.0,1.5118631208240987,3.070113457325394
0,20,0.25,0.3,0.9640275800758169,-0.023256059736013412,1.0,1.4993573576827481,3.070113457325394
0,20,0.25,0.4,0.9640275800758169,-0.031119899824261665,1.0,1.487285917042155,3.070113457325394
0,20,0.25,0.5,0.9640275800758169,-0.038659464567899704,1.0,1.4757122574512456,3.070113457325394
0,20,0.25,0.6,0.9640275800758169,-0.04584282636642456,1.0,1.4646853895880014,3.070113457325394
0,20,0.25,0.7,0.9640275800758169,-0.05264792963862419,1.0,1.4542391700207666,3.070113457325394
0,20,0.25,0.8,0.9640275800758169,-0.05906242877244949,1.0,1.4443925499643873,3.070113457325394
0,20,0.25,0.9,0.9640275800758169,-0.06508289277553558,1.0,1.4351507961867782,3.070113457325394
0,20,0.25,1.0,0.9640275800758169,-0.07071360945701599,1.0,1.4265073266576784,3.070113457325394
0,20,0.05,0.0,0.9640275800758169,0.03410514444112778,1.0,1.5874100601190635,3.070113457325394
0,20,0.05,0.1,0.9640275800758169,0.025390833616256714,1.0,1.5740330986516868,3.070113457325394
0,20,0.05,0.2,0.9640275800758169,0.016843542456626892,1.0,1.560912521845258,3.070113457325394
0,20,0.05,0.3,0.9640275800758169,0.008519507944583893,1.0,1.548134656657926,3.070113457325394
0,20,0.05,0.4,0.9640275800758169,0.0004682280123233795,1.0,1.5357754852235623,3.070113457325394
0,20,0.05,0.5,0.9640275800758169,-0.007269309833645821,1.0,1.523897925689825,3.070113457325394
0,20,0.05,0.6,0.9640275800758169,-0.014661688357591629,1.0,1.5125502052958204,3.070113457325394
0,20,0.05,0.7,0.9640275800758169,-0.021687529981136322,1.0,1.5017651398370797,3.070113457325394
0,20,0.05,0.8,0.9640275800758169,-0.028335101902484894,1.0,1.4915607398299444,3.070113457325394
0,20,0.05,0.9,0.9640275800758169,-0.03460147976875305,1.0,1.4819414943219864,3.070113457325394
0,20,0.05,1.0,0.9640275800758169,-0.04049117490649223,1.0,1.472900478171028,3.070113457325394
1,-20,1.0,0.0,-0.9640275800758169,0.5953958630561829,0.1597050130367279,2.4490231544650243,1.78021298352589
1,-20,1.0,0.1,-0.9640275800758169,0.6431127190589905,0.1683652698993683,2.522271235342763,1.7935069690948333
1,-20,1.0,0.2,-0.9640275800758169,0.6896299719810486,0.17679473757743835,2.593677857439673,1.8064466801730996
1,-20,1.0,0.3,-0.9640275800758169,0.7348482608795166,0.18497981131076813,2.66309049607188,1.8190112326820478
1,-20,1.0,0.4,-0.9640275800758169,0.7786870002746582,0.19290949404239655,2.7303854479564826,1.8311837455153943
1,-20,1.0,0.5,-0.9640275800758169,0.8210827112197876,0.2005750983953476,2.795465269309242,1.8429508830566579
1,-20,1.0,0.6,-0.9640275800758169,0.861987829208374,0.20797021687030792,2.858256945914363,1.8543028094309035
1,-20,1.0,0.7,-0.9640275800758169,0.9013684391975403,0.2150905281305313,2.9187084162570742,1.8652328911410823
1,-20,1.0,0.8,-0.9640275800758169,0.9392032027244568,0.2219334989786148,2.9767869245864294,1.8757372395854754
1,-20,1.0,0.9,-0.9640275800758169,0.9754809141159058,0.2284982055425644,3.032475269558357,1.8858144365681624
1,-20,1.0,1.0,-0.9640275800758169,1.0,0.23478524386882782,3.070113457325394,1.8954653970542534
1,-20,0.75,0.0,-0.9640275800758169,0.5521968603134155,0.15405729413032532,2.382710234633221,1.7715434146170213
1,-20,0.75,0.1,-0.9640275800758169,0.6035532355308533,0.16330131888389587,2.461545183970475,1.7857335170149142
1,-20,0.75,0.2,-0.9640275800758169,0.653660237789154,0.1722947210073471,2.5384622749401964,1.7995388994580874
1,-20,0.75,0.3,-0.9640275800758169,0.702379047870636,0.18101999163627625,2.6132484121682156,1.812932684846428
1,-20,0.75,0.4,-0.9640275800758169,0.7495940923690796,0.18946273624897003,2.68572618391966,1.8258927767725244
1,-20,0.75,0.5,-0.9640275800758169,0.7952122092247009,0.19761157035827637,2.7557525811478025,1.8384016994027712
1,-20,0.75,0.6,-0.9640275800758169,0.839162290096283,0.20545807480812073,2.8232184485149943,1.8504465288549865
1,-20,0.75,0.7,-0.9640275800758169,0.881392776966095,0.2129964530467987,2.888044641539201,1.8620183670934736
1,-20,0.75,0.8,-0.9640275800758169,0.9218698143959045,0.22022342681884766,2.950179190202162,1.8731121818101262
1,-20,0.75,0.9,-0.9640275800758169,0.9605757594108582,0.22713793814182281,3.009595011536615,1.8837263489418736
1,-20,0.75,1.0,-0.9640275800758169,0.9975070357322693,0.23374085128307343,3.066286615751898,1.8938621951881258
1,-20,0.5,0.0,-0.9640275800758169,0.49841657280921936,0.14606039226055145,2.30015444243049,1.7592677165933694
1,-20,0.5,0.1,-0.9640275800758169,0.5533699989318848,0.1558852195739746,2.3845110689631563,1.7743493838687887
1,-20,0.5,0.2,-0.9640275800758169,0.6070876717567444,0.16544568538665771,2.4669707440810584,1.7890252412436976
1,-20,0.5,0.3,-0.9640275800758169,0.6593825221061707,0.17471952736377716,2.5472463059843538,1.8032611147712294
1,-20,0.5,0.4,-0.9640275800758169,0.7100939750671387,0.18368814885616302,2.6250912630723495,1.8170284575399451
1,-20,0.5,0.5,-0.9640275800758169,0.7590899467468262,0.19233669340610504,2.700302859076621,1.8303044640444728
1,-20,0.5,0.6,-0.9640275800758169,0.8062660098075867,0.20065385103225708,2.772720792109857,1.8430717728218458
1,-20,0.5,0.7,-0.9640275800758169,0.8515445590019226,0.20863188803195953,2.8422259337147073,1.8553185121997589
1,-20,0.5,0.8,-0.9640275800758169,0.894873321056366,0.21626625955104828,2.908738041451006,1.867037705569247
1,-20,0.5,0.9,-0.9640275800758169,0.9362225532531738,0.22355535626411438,2.9722114585597517,1.8782268825245123
1,-20,0.5,1.0,-0.9640275800758169,0.9755833148956299,0.23050032556056976,3.0326324605642925,1.8888878043733919
1,-20,0.25,0.0,-0.9640275800758169,0.43371081352233887,0.13550354540348053,2.2008274312539355,1.743062357791961
1,-20,0.25,0.1,-0.9640275800758169,0.4919237792491913,0.1458667814731598,2.2901876359883513,1.7589705130514421
1,-20,0.25,0.2,-0.9640275800758169,0.5490028858184814,0.15596185624599457,2.3778073025935953,1.7744670255078352
1,-20,0.25,0.3,-0.9640275800758169,0.6047086119651794,0.16576121747493744,2.463318752340126,1.7895096008989204
1,-20,0.25,0.4,-0.9640275800758169,0.6588290929794312,0.17524147033691406,2.5463967608795146,1.8040623268441214
1,-20,0.25,0.5,-0.9640275800758169,0.7111843228340149,0.18438339233398438,2.6267650087484755,1.8180956957186336
1,-20,0.25,0.6,-0.9640275800758169,0.7616277933120728,0.19317223131656647,2.7041985975229164,1.8315870621359793
1,-20,0.25,0.7,-0.9640275800758169,0.8100467920303345,0.20159748196601868,2.7785245073004945,1.8445202998360908
1,-20,0.25,0.8,-0.9640275800758169,0.8563616871833801,0.20965279638767242,2.8496204987424845,1.856885664440544
1,-20,0.25,0.9,-0.9640275800758169,0.9005231857299805,0.21733544766902924,2.9174109042342713,1.8686789699839599
1,-20,0.25,1.0,-0.9640275800758169,0.9425100088119507,0.22464624047279358,2.98186305952142,1.8799014516692372
1,-20,0.05,0.0,-0.9640275800758169,0.37466883659362793,0.12522588670253754,2.11019464729597,1.7272855686481798
1,-20,0.05,0.1,-0.9640275800758169,0.4349905252456665,0.13595366477966309,2.2027918613455784,1.7437533165690715
1,-20,0.05,0.2,-0.9640275800758169,0.49433279037475586,0.1464194506406784,2.2938856047260727,1.759818891575766
1,-20,0.05,0.3,-0.9640275800758169,0.5524172782897949,0.1565917283296585,2.3830485887309805,1.7754339148880605
1,-20,0.05,0.4,-0.9640275800758169,0.6089917421340942,0.16644300520420074,2.4698936001256566,1.7905561837402457
1,-20,0.05,0.5,-0.9640275800758169,0.6638358235359192,0.1759505569934845,2.5540823763088527,1.8051508150874949
1,-20,0.05,0.6,-0.9640275800758169,0.7167651057243347,0.18509641289710999,2.6353318270754666,1.8191902227317345
1,-20,0.05,0.7,-0.9640275800758169,0.7676330804824829,0.19386743009090424,2.713417054001406,1.8326542316922847
1,-20,0.05,0.8,-0.9640275800758169,0.8163315653800964,0.2022552192211151,2.7881719909191665,1.8455299638352187
1,-20,0.05,0.9,-0.9640275800758169,0.8627885580062866,0.21025562286376953,2.859486110043433,1.857811037278893
1,-20,0.05,1.0,-0.9640275800758169,0.9069661498069763,0.21786855161190033,2.9273012195931956,1.8694973147785408
1,-15,1.0,0.0,-0.9051482536448665,0.5917382836341858,0.1555236279964447,2.4434085625626696,1.7737943202846738
1,-15,1.0,0.1,-0.9051482536448665,0.6398494243621826,0.16428759694099426,2.517261892860819,1.7872475097827953
1,-15,1.0,0.2,-0.9051482536448665,0.6867319345474243,0.172820046544075,2.5892292055772717,1.80034530395798
1,-15,1.0,0.3,-0.9051482536448665,0.7322846055030823,0.18110668659210205,2.659155139636312,1.8130657665217096
1,-15,1.0,0.4,-0.9051482536448665,0.7764254808425903,0.18913595378398895,2.7269138873352854,1.8253911471508462
1,-15,1.0,0.5,-0.9051482536448665,0.8190906643867493,0.1968986988067627,2.7924073644143754,1.8373074011309478
1,-15,1.0,0.6,-0.9051482536448665,0.8602323532104492,0.2043880671262741,2.8555621906717428,1.8488040063632472
1,-15,1.0,0.7,-0.9051482536448665,0.8998171091079712,0.2115994393825531,2.9163270365647045,1.8598738718681396
1,-15,1.0,0.8,-0.9051482536448665,0.9378239512443542,0.21853002905845642,2.97466969532138,1.8705127201837353
1,-15,1.0,0.9,-0.9051482536448665,0.9742431640625,0.2251787930727005,3.0305752530104737,1.880718950121091
1,-15,1.0,1.0,-0.9051482536448665,1.0,0.23154619336128235,3.070113457325394,1.8904932707781674
1,-15,0.75,0.0,-0.9051482536448665,0.5480236411094666,0.14964823424816132,2.3763041064140147,1.7647752575778286
1,-15,0.75,0.1,-0.9051482536448665,0.5998244881629944,0.15900593996047974,2.45582134523396,1.7791398666963683
1,-15,0.75,0.2,-0.9051482536448665,0.6503428816795349,0.16811224818229675,2.533369945122755,1.793118566405545
1,-15,0.75,0.3,-0.9051482536448665,0.6994370818138123,0.17694887518882751,2.608732327377191,1.8066832901506025
1,-15,0.75,0.4,-0.9051482536448665,0.7469898462295532,0.18550066649913788,2.681728518360086,1.8198107749436137
1,-15,0.75,0.5,-0.9051482536448665,0.7929074168205261,0.19375573098659515,2.7522145940596032,1.8324827672306294
1,-15,0.75,0.6,-0.9051482536448665,0.83711838722229,0.20170511305332184,2.8200809416555384,1.8446855196608687
1,-15,0.75,0.7,-0.9051482536448665,0.8795718550682068,0.20934270322322845,2.8852494231274783,1.856409653841952
1,-15,0.75,0.8,-0.9051482536448665,0.9202355742454529,0.21666496992111206,2.9476705388629605,1.867649748605601
1,-15,0.75,0.9,-0.9051482536448665,0.9590933918952942,0.22367067635059357,3.0073194933074974,1.878403905399212
1,-15,0.75,1.0,-0.9051482536448665,0.9961440563201904,0.2303607016801834,3.064194365034358,1.8886734737963229
1,-15,0.5,0.0,-0.9051482536448665,0.493633508682251,0.14141730964183807,2.2928121676587625,1.7521403213777766
1,-15,0.5,0.1,-0.9051482536448665,0.5490802526473999,0.15136414766311646,2.377926065064902,1.767409282011258
1,-15,0.5,0.2,-0.9051482536448665,0.6032552123069763,0.16104604303836823,2.461087701415365,1.7822715406532466
1,-15,0.5,0.3,-0.9051482536448665,0.6559670567512512,0.17043974995613098,2.5420033729097704,1.7966914136644436
1,-15,0.5,0.4,-0.9051482536448665,0.7070530652999878,0.17952582240104675,2.6204232940730288,1.8106390503081282
1,-15,0.5,0.5,-0.9051482536448665,0.7563794255256653,0.18828865885734558,2.6961420552378947,1.8240905013725406
1,-15,0.5,0.6,-0.9051482536448665,0.8038418889045715,0.19671648740768433,2.7689996290065917,1.8370276962967536
1,-15,0.5,0.7,-0.9051482536448665,0.8493638038635254,0.20480112731456757,2.838878350865945,1.8494380771846297
1,-15,0.5,0.8,-0.9051482536448665,0.8928946852684021,0.21253779530525208,2.905700723271119,1.8613143014411593
1,-15,0.5,0.9,-0.9051482536448665,0.9344074130058289,0.21992483735084534,2.9694251153095985,1.8726538300381614
1,-15,0.5,1.0,-0.9051482536448665,0.9738958477973938,0.22696326673030853,3.0300421028407483,1.8834582184163235
1,-15,0.25,0.0,-0.9051482536448665,0.42823877930641174,0.13062922656536102,2.1924275483113043,1.7355800018618583
1,-15,0.25,0.1,-0.9051482536448665,0.4869847595691681,0.1411195546388626,2.2826059605955344,1.7516832505569662
1,-15,0.25,0.2,-0.9051482536448665,0.5445605516433716,0.15134163200855255,2.370988067627125,1.7673747192042195
1,-15,0.25,0.3,-0.9051482536448665,0.6007207632064819,0.16126678884029388,2.457197178270198,1.7826103979818164
1,-15,0.25,0.4,-0.9051482536448665,0.6552497744560242,0.17087046802043915,2.5409023038961314,1.7973525903272163
1,-15,0.25,0.5,-0.9051482536448665,0.7079651951789856,0.18013273179531097,2.6218234651811985,1.811570690657482
1,-15,0.25,0.6,-0.9051482536448665,0.7587203979492188,0.1890382021665573,2.6997355807082846,1.82524109287277
1,-15,0.25,0.7,-0.9051482536448665,0.807403564453125,0.19757597148418427,2.7744670030227123,1.8383470531115633
1,-15,0.25,0.8,-0.9051482536448665,0.8539373278617859,0.205739364027977,2.845898969653175,1.8508783237646271
1,-15,0.25,0.9,-0.9051482536448665,0.8982756733894348,0.21352560818195343,2.9139608452931642,1.8628306502441994
1,-15,0.25,1.0,-0.9051482536448665,0.9404011964797974,0.22093553841114044,2.978625912961461,1.874205313501434
1,-15,0.05,0.0,-0.9051482536448665,0.36861613392829895,0.12017881125211716,2.100903405342962,1.7195380215179437
1,-15,0.05,0.1,-0.9051482536448665,0.4294899106025696,0.13103419542312622,2.1943481058259118,1.7362016520318697
1,-15,0.05,0.2,-0.9051482536448665,0.4893503189086914,0.14162828028202057,2.2862372283767205,1.752464173278539
1,-15,0.05,0.3,-0.9051482536448665,0.5479115843772888,0.15192805230617523,2.376132092973293,1.7682749076279096
1,-15,0.05,0.4,-0.9051482536448665,0.6049163341522217,0.16190500557422638,2.4636376176810373,1.7835900968735847
1,-15,0.05,0.5,-0.9051482536448665,0.660141110420227,0.1715354472398758,2.548410782080131,1.7983733711524335
1,-15,0.05,0.6,-0.9051482536448665,0.7134004831314087,0.18080072104930878,2.6301669405247847,1.8125960920565058
1,-15,0.05,0.7,-0.9051482536448665,0.7645487785339355,0.18968722224235535,2.708682475542061,1.826237375507161
1,-15,0.05,0.8,-0.9051482536448665,0.8134801387786865,0.19818629324436188,2.7837948893283846,1.839283931636173
1,-15,0.05,0.9,-0.9051482536448665,0.8601260781288147,0.20629364252090454,2.8553990523925905,1.8517291726947487
1,-15,0.05,1.0,-0.9051482536448665,0.9044526815414429,0.21400919556617737,2.9234429032199083,1.8635729843122486
1,-10,1.0,0.0,-0.7615941559557649,0.581810474395752,0.14483267068862915,2.4281688121903318,1.7573830943334658
1,-10,1.0,0.1,-0.7615941559557649,0.630841076374054,0.1538492739200592,2.503433567667507,1.7712240917935542
1,-10,1.0,0.2,-0.7615941559557649,0.6785768270492554,0.16263416409492493,2.57671065293924,1.7847093965670449
1,-10,1.0,0.3,-0.7615941559557649,0.7249121069908142,0.1711713969707489,2.6478379361879996,1.7978145333372388
1,-10,1.0,0.4,-0.7615941559557649,0.7697622776031494,0.17944777011871338,2.7166854923681343,1.8105192356269448
1,-10,1.0,0.5,-0.7615941559557649,0.8130613565444946,0.1874527931213379,2.783152034841944,1.8228074000502232
1,-10,1.0,0.6,-0.7615941559557649,0.854761004447937,0.19517844915390015,2.847163359938988,1.8346667203263416
1,-10,1.0,0.7,-0.7615941559557649,0.8948282599449158,0.20261918008327484,2.908668870088673,1.846088664405647
1,-10,1.0,0.8,-0.7615941559557649,0.9332441091537476,0.20977145433425903,2.9676393779039816,1.857067811119861
1,-10,1.0,0.9,-0.7615941559557649,0.970001220703125,0.21663376688957214,3.024063629314059,1.867601850182081
1,-10,1.0,1.0,-0.7615941559557649,1.0,0.22320638597011566,3.070113457325394,1.877691193326606
1,-10,0.75,0.0,-0.7615941559557649,0.5368028879165649,0.13836947083473206,2.3590796137245875,1.7474617159090493
1,-10,0.75,0.1,-0.7615941559557649,0.5896344184875488,0.14800269901752472,2.4401790102131256,1.7622492676497883
1,-10,0.75,0.2,-0.7615941559557649,0.6411075592041016,0.15738464891910553,2.5191932012154714,1.7766510929741863
1,-10,0.75,0.3,-0.7615941559557649,0.691074550151825,0.16649486124515533,2.5958953668808022,1.790635785704835
1,-10,0.75,0.4,-0.7615941559557649,0.7394139766693115,0.17531634867191315,2.670099128816166,1.804177269336093
1,-10,0.75,0.5,-0.7615941559557649,0.7860300540924072,0.18383556604385376,2.7416574521283503,1.8172547512858304
1,-10,0.75,0.6,-0.7615941559557649,0.8308513760566711,0.19204223155975342,2.810460723997151,1.8298524484058962
1,-10,0.75,0.7,-0.7615941559557649,0.8738285303115845,0.19992920756340027,2.8764330938149305,1.8419594039890956
1,-10,0.75,0.8,-0.7615941559557649,0.9149320125579834,0.20749221742153168,2.9395292708087326,1.8535690531607625
1,-10,0.75,0.9,-0.7615941559557649,0.9541501998901367,0.21472957730293274,2.999731413158909,1.8646788111444608
1,-10,0.75,1.0,-0.7615941559557649,0.9914870858192444,0.22164194285869598,3.057045651131697,1.8752896844018114
1,-10,0.5,0.0,-0.7615941559557649,0.48091259598731995,0.12954181432724,2.273284845031678,1.7339107623889005
1,-10,0.5,0.1,-0.7615941559557649,0.5374963879585266,0.1397826075553894,2.360144175630329,1.7496309609406147
1,-10,0.5,0.2,-0.7615941559557649,0.5927255153656006,0.14975929260253906,2.444924019274727,1.7649457384519902
1,-10,0.5,0.3,-0.7615941559557649,0.6463997960090637,0.1594460904598236,2.527317084932605,1.7798155226820103
1,-10,0.5,0.4,-0.7615941559557649,0.6983503103256226,0.16882121562957764,2.6070640714917266,1.7942068716558963
1,-10,0.5,0.5,-0.7615941559557649,0.748440682888031,0.17786721885204315,2.6839556349348728,1.8080929997700463
1,-10,0.5,0.6,-0.7615941559557649,0.7965666651725769,0.18657082319259644,2.757831747864267,1.8214535261766305
1,-10,0.5,0.7,-0.7615941559557649,0.8426540493965149,0.19492273032665253,2.828578497123686,1.8342741774199294
1,-10,0.5,0.8,-0.7615941559557649,0.8866569995880127,0.2029174119234085,2.8961255218961544,1.8465464671985454
1,-10,0.5,0.9,-0.7615941559557649,0.9285542368888855,0.21055276691913605,2.960440157927237,1.8582671702604654
1,-10,0.5,1.0,-0.7615941559557649,0.9683470726013184,0.21782973408699036,3.021524418140176,1.8694377276757377
1,-10,0.25,0.0,-0.7615941559557649,0.4138580858707428,0.11817529052495956,2.170352368090045,1.7164625035447052
1,-10,0.25,0.1,-0.7615941559557649,0.4738244116306305,0.12896937131881714,2.2624040799409397,1.7330320298970452
1,-10,0.25,0.2,-0.7615941559557649,0.5325368046760559,0.13949759304523468,2.352530933941209,1.7491934474990352
1,-10,0.25,0.3,-0.7615941559557649,0.5897367000579834,0.14972811937332153,2.440336018226039,1.7648978857767257
1,-10,0.25,0.4,-0.7615941559557649,0.6451997756958008,0.15963385999202728,2.525474985676199,1.7801037595658575
1,-10,0.25,0.5,-0.7615941559557649,0.6987394690513611,0.16919265687465668,2.6076614522121893,1.7947770550384576
1,-10,0.25,0.6,-0.7615941559557649,0.7502086162567139,0.17838744819164276,2.686669512948297,1.8088915813182465
1,-10,0.25,0.7,-0.7615941559557649,0.7994986772537231,0.18720614910125732,2.7623325527379508,1.8224287874876142
1,-10,0.25,0.8,-0.7615941559557649,0.8465378284454346,0.19564126431941986,2.8345403182853692,1.8353771678602997
1,-10,0.25,0.9,-0.7615941559557649,0.8912876844406128,0.20368964970111847,2.9032338858374542,1.8477318959953466
1,-10,0.25,1.0,-0.7615941559557649,0.9337399005889893,0.2113519310951233,2.9684004458826627,1.8594939326061208
1,-10,0.05,0.0,-0.7615941559557649,0.35286545753479004,0.10730305314064026,2.0767252235641176,1.699773002392288
1,-10,0.05,0.1,-0.7615941559557649,0.41499564051628113,0.11846116930246353,2.1720985790029004,1.7169013436856946
1,-10,0.05,0.2,-0.7615941559557649,0.4760337173938751,0.12936213612556458,2.265795489618482,1.7336349461564247
1,-10,0.05,0.3,-0.7615941559557649,0.5356775522232056,0.1399696171283722,2.357352159596492,1.7499180312439462
1,-10,0.05,0.4,-0.7615941559557649,0.5936582088470459,0.15025214850902557,2.4463557566791994,1.7657023002275036
1,-10,0.05,0.5,-0.7615941559557649,0.6497461199760437,0.16018366813659668,2.532453882054403,1.7809477462576522
1,-10,0.05,0.6,-0.7615941559557649,0.7037543654441833,0.16974374651908875,2.6153596026635375,1.7956230089052394
1,-10,0.05,0.7,-0.7615941559557649,0.7555401921272278,0.17891745269298553,2.6948537843627047,1.8097051682942542
1,-10,0.05,0.8,-0.7615941559557649,0.8050034642219543,0.1876952201128006,2.770782713013389,1.8231795392346777
1,-10,0.05,0.9,-0.7615941559557649,0.8520841598510742,0.19607232511043549,2.8430542516289896,1.8360388706280109
1,-10,0.05,1.0,-0.7615941559557649,0.8967582583427429,0.20404848456382751,2.9116315271155657,1.848282727865827
1,-5,1.0,0.0,-0.46211715726000974,0.5562694072723389,0.12032119184732437,2.388961825245311,1.7197565838086475
1,-5,1.0,0.1,-0.46211715726000974,0.6069726347923279,0.12984727323055267,2.4667941558147857,1.7343796591337606
1,-5,1.0,0.2,-0.46211715726000974,0.6562737226486206,0.13915078341960907,2.542474122458979,1.7486610750496536
1,-5,1.0,0.3,-0.46211715726000974,0.7040579915046692,0.14821140468120575,2.6158256858906834,1.7625696426831319
1,-5,1.0,0.4,-0.46211715726000974,0.7502335906028748,0.15701192617416382,2.686707849986415,1.7760789424166379
1,-5,1.0,0.5,-0.46211715726000974,0.7947299480438232,0.16553814709186554,2.7550122828771237,1.7891671752064204
1,-5,1.0,0.6,-0.46211715726000974,0.8374961614608765,0.17377878725528717,2.820660846542396,1.801817025337769
1,-5,1.0,0.7,-0.46211715726000974,0.878498911857605,0.18172551691532135,2.8836023944325713,1.8140157061732678
1,-5,1.0,0.8,-0.46211715726000974,0.9177216291427612,0.1893726885318756,2.943811490517585,1.8257545484184978
1,-5,1.0,0.9,-0.46211715726000974,0.9551618099212646,0.19671714305877686,3.0012842919439744,1.837028702758375
1,-5,1.0,1.0,-0.46211715726000974,0.9908297657966614,0.20375795662403107,3.0560366276081465,1.847836750996978
1,-5,0.75,0.0,-0.46211715726000974,0.5084060430526733,0.11249108612537384,2.31548884594348,1.707736927334027
1,-5,0.75,0.1,-0.46211715726000974,0.563079297542572,0.1226724162697792,2.399415393126087,1.723365846678933
1,-5,0.75,0.2,-0.46211715726000974,0.6162701845169067,0.1326136291027069,2.4810664220795764,1.7386261723291865
1,-5,0.75,0.3,-0.46211715726000974,0.6678192615509033,0.14228911697864532,2.560197179636965,1.7534785950962402
1,-5,0.75,0.4,-0.46211715726000974,0.717597246170044,0.15167713165283203,2.6366092098658447,1.7678897301906347
1,-5,0.75,0.5,-0.46211715726000974,0.7655038833618164,0.16075991094112396,2.7101486156346777,1.7818323116520853
1,-5,0.75,0.6,-0.46211715726000974,0.8114665746688843,0.16952353715896606,2.7807039541930387,1.7952849750452686
1,-5,0.75,0.7,-0.46211715726000974,0.8554378747940063,0.17795787751674652,2.8482023943181543,1.808232165963311
1,-5,0.75,0.8,-0.46211715726000974,0.8973934650421143,0.1860562562942505,2.912606605433527,1.8206636367969775
1,-5,0.75,0.9,-0.46211715726000974,0.9373289942741394,0.19381529092788696,2.9739099082938534,1.832574195119268
1,-5,0.75,1.0,-0.46211715726000974,0.9752587676048279,0.20123456418514252,3.0321342620617777,1.8439632004546054
1,-5,0.5,0.0,-0.46211715726000974,0.4493560194969177,0.1023133248090744,2.224843709956527,1.6921134863427187
1,-5,0.5,0.1,-0.46211715726000974,0.5079312324523926,0.11312878876924515,2.314759984736679,1.7087158370683877
1,-5,0.5,0.2,-0.46211715726000974,0.5650151371955872,0.12369435280561447,2.40238701681106,1.724934577234533
1,-5,0.5,0.3,-0.46211715726000974,0.6203919649124146,0.13397817313671112,2.4873935888097707,1.7407208248301413
1,-5,0.5,0.4,-0.46211715726000974,0.6738828420639038,0.1439530998468399,2.5695051197032344,1.7560329031944417
1,-5,0.5,0.5,-0.46211715726000974,0.7253470420837402,0.153596892952919,2.648505586228927,1.7708366726917593
1,-5,0.5,0.6,-0.46211715726000974,0.7746806740760803,0.16289225220680237,2.724235509968138,1.78510557645977
1,-5,0.5,0.7,-0.46211715726000974,0.821814239025116,0.17182667553424835,2.7965882059890155,1.798820423105287
1,-5,0.5,0.8,-0.46211715726000974,0.86670982837677,0.18039213120937347,2.865505482510549,1.81196888347345
1,-5,0.5,0.9,-0.46211715726000974,0.9093573093414307,0.18858465552330017,2.9309717851258656,1.8245448730462759
1,-5,0.5,1.0,-0.46211715726000974,0.9497712254524231,0.19640406966209412,2.9930094389836546,1.8365481173342317
1,-5,0.25,0.0,-0.46211715726000974,0.37898990511894226,0.0896933451294899,2.1168277326107665,1.672741101619986
1,-5,0.25,0.1,-0.46211715726000974,0.44104546308517456,0.10106801986694336,2.2120865344177494,1.6902018726120636
1,-5,0.25,0.2,-0.46211715726000974,0.5017072558403015,0.11219539493322372,2.305205827559249,1.7072830245799109
1,-5,0.25,0.3,-0.46211715726000974,0.5606958270072937,0.12303689867258072,2.395756630643339,1.7239253478438326
1,-5,0.25,0.4,-0.46211715726000974,0.6177738308906555,0.13355939090251923,2.483374604563129,1.7400779703437006
1,-5,0.25,0.5,-0.46211715726000974,0.6727492809295654,0.14373548328876495,2.5677650390566176,1.7556988494327004
1,-5,0.25,0.6,-0.46211715726000974,0.7254763245582581,0.15354382991790771,2.648704042161334,1.770755217922822
1,-5,0.25,0.7,-0.46211715726000974,0.7758528590202332,0.16296875476837158,2.7260348803538967,1.7852230122316668
1,-5,0.25,0.8,-0.46211715726000974,0.8238182663917542,0.17200016975402832,2.7996645016825976,1.7990867465747444
1,-5,0.25,0.9,-0.46211715726000974,0.8693481087684631,0.18063294887542725,2.8695553925779165,1.8123385522521065
1,-5,0.25,1.0,-0.46211715726000974,0.9124501347541809,0.18886642158031464,2.935719447586287,1.8249773999280046
1,-5,0.05,0.0,-0.46211715726000974,0.315418541431427,0.07796025276184082,2.019242083031983,1.6547301392330054
1,-5,0.05,0.1,-0.46211715726000974,0.3796549141407013,0.08968384563922882,2.1178485591842393,1.6727265193635419
1,-5,0.05,0.2,-0.46211715726000974,0.44266751408576965,0.10117334127426147,2.214576474720447,1.6903635469470395
1,-5,0.05,0.3,-0.46211715726000974,0.5041282773017883,0.11238526552915573,2.3089222328439414,1.7075744867157714
1,-5,0.05,0.4,-0.46211715726000974,0.5637516379356384,0.12328175455331802,2.4004474737704156,1.724301215511111
1,-5,0.05,0.5,-0.46211715726000974,0.6213005185127258,0.13383129239082336,2.488788270127279,1.7404953545528552
1,-5,0.05,0.6,-0.46211715726000974,0.6765887141227722,0.14400874078273773,2.5736587868141005,1.7561183151874808
1,-5,0.05,0.7,-0.46211715726000974,0.7294806241989136,0.15379558503627777,2.6548508692683037,1.7711416763112513
1,-5,0.05,0.8,-0.46211715726000974,0.7798883318901062,0.16317932307720184,2.732229560136131,1.78554624653098
1,-5,0.05,0.9,-0.46211715726000974,0.8277672529220581,0.17215310037136078,2.805726420027339,1.7993215037478991
1,-5,0.05,1.0,-0.46211715726000974,0.873110830783844,0.18071509897708893,2.8753313843257144,1.8124646573184227
1,0,1.0,0.0,0.0,0.5045016407966614,0.07773158699274063,2.3094953669889833,1.6543791243055332
1,0,1.0,0.1,0.0,0.5568609833717346,0.08789637684822083,2.3898699281172044,1.6699826533686306
1,0,1.0,0.2,0.0,0.6077647805213928,0.09788116812705994,2.4680101444462683,1.685309874405505
1,0,1.0,0.3,0.0,0.6570866703987122,0.10765842348337173,2.543722043372808,1.700318516028065
1,0,1.0,0.4,0.0,0.7047237157821655,0.11720364540815353,2.616847610422288,1.71497097317028
1,0,1.0,0.5,0.0,0.7505953311920166,0.12649545073509216,2.687263142311808,1.729234421458821
1,0,1.0,0.6,0.0,0.7946427464485168,0.13551589846611023,2.7548784234814985,1.7430813204438704
1,0,1.0,0.7,0.0,0.8368278741836548,0.1442505419254303,2.8196349876608173,1.7564894936585693
1,0,1.0,0.8,0.0,0.8771315813064575,0.15268827974796295,2.881503464469726,1.7694418998777397
1,0,1.0,0.9,0.0,0.91555255651474,0.1608213633298874,2.9404818409849827,1.781926644554949
1,0,1.0,1.0,0.0,0.9521048069000244,0.16864518821239471,2.9965916188866775,1.7939366595847206
1,0,0.75,0.0,0.0,0.4519556760787964,0.06752672791481018,2.228834330284752,1.6387140867129015
1,0,0.75,0.1,0.0,0.5083261728286743,0.07836613804101944,2.3153662406187108,1.6553531961618737
1,0,0.75,0.2,0.0,0.5631512403488159,0.0890154018998146,2.3995258294148907,1.6717004203036216
1,0,0.75,0.3,0.0,0.6162605285644531,0.09944093972444534,2.481051599644791,1.6877042122912485
1,0,0.75,0.4,0.0,0.667515218257904,0.10961287468671799,2.5597304559342415,1.7033187094986044
1,0,0.75,0.5,0.0,0.7168077230453491,0.11950557678937912,2.635397247080847,1.7185045684259501
1,0,0.75,0.6,0.0,0.7640602588653564,0.12909770011901855,2.7079325701377246,1.7332290218852755
1,0,0.75,0.7,0.0,0.8092232942581177,0.13837237656116486,2.7772603915042144,1.7474661763639616
1,0,0.75,0.8,0.0,0.8522730469703674,0.1473170518875122,2.8433442040724186,1.7611967604093743
1,0,0.75,0.9,0.0,0.8932090997695923,0.15592321753501892,2.90618336736676,1.7744077128945652
1,0,0.75,1.0,0.0,0.932051420211792,0.1641862839460373,2.965808532718431,1.7870919885881857
1,0,0.5,0.0,0.0,0.3881875276565552,0.055113375186920166,2.1309466049748287,1.6196588860826906
1,0,0.5,0.1,0.0,0.44844290614128113,0.06658121943473816,2.223442029155925,1.6372626775585595
1,0,0.5,0.2,0.0,0.5071361660957336,0.07785787433385849,2.313539512776156,1.6545729825382611
1,0,0.5,0.3,0.0,0.5640414357185364,0.08890288323163986,2.4008923298070046,1.6715276977649398
1,0,0.5,0.4,0.0,0.6189732551574707,0.09968040138483047,2.485215788854425,1.6880717995242795
1,0,0.5,0.5,0.0,0.6717869639396667,0.11015977710485458,2.566287827886167,1.704158235735487
1,0,0.5,0.6,0.0,0.7223775386810303,0.120315782725811,2.64394723004981,1.7197482805002724
1,0,0.5,0.7,0.0,0.7706773281097412,0.13012859225273132,2.7180901468053444,1.7348114997916568
1,0,0.5,0.8,0.0,0.816652774810791,0.1395837664604187,2.788665065617064,1.7493257285798454
1,0,0.5,0.9,0.0,0.8603004217147827,0.1486717015504837,2.8556666796873302,1.7632762244894993
1,0,0.5,1.0,0.0,0.9016425609588623,0.15738743543624878,2.9191292087112646,1.7766553704360766
1,0,0.25,0.0,0.0,0.3134550154209137,0.040576837956905365,2.01622795921764,1.5973444767963005
1,0,0.25,0.1,0.0,0.3770880103111267,0.052563078701496124,2.1139082161888205,1.6157440363026556
1,0,0.25,0.2,0.0,0.4392545223236084,0.06437034904956818,2.209337338751071,1.633868866097603
1,0,0.25,0.3,0.0,0.49966588616371155,0.07595131546258926,2.3020722093015116,1.6516463065143279
1,0,0.25,0.4,0.0,0.5580807328224182,0.08726398646831512,2.391742312718759,1.6690118982608146
1,0,0.25,0.5,0.0,0.6143073439598083,0.09827235341072083,2.4780533504751108,1.6859103660073427
1,0,0.25,0.6,0.0,0.6682034134864807,0.10894675552845001,2.5607868746505016,1.702296178802614
1,0,0.25,0.7,0.0,0.7196729779243469,0.1192639097571373,2.6397955758621863,1.7181335958220114
1,0,0.25,0.8,0.0,0.7686635255813599,0.12920668721199036,2.7149988456839544,1.7333963232556793
1,0,0.25,0.9,0.0,0.8151596188545227,0.13876372575759888,2.7863729865194515,1.7480669195812044
1,0,0.25,1.0,0.0,0.8591783046722412,0.14792875945568085,2.85394416637083,1.7621357662278656
1,0,0.05,0.0,0.0,0.24697570502758026,0.02767958678305149,1.9141784464814977,1.5775464646006232
1,0,0.05,0.1,0.0,0.31263548135757446,0.039953529834747314,2.014969927939343,1.5963876634693517
1,0,0.05,0.2,0.0,0.3770034611225128,0.052069291472435,2.1137784283879357,1.6149860448941575
1,0,0.05,0.3,0.0,0.43974268436431885,0.06397499144077301,2.2100866951763414,1.6332619697399942
1,0,0.05,0.4,0.0,0.500565230846405,0.07562420517206192,2.303452754408067,1.651144173661839
1,0,0.05,0.5,0.0,0.5592368841171265,0.08697681874036789,2.393517070543053,1.6685710795077746
1,0,0.05,0.6,0.0,0.6155781745910645,0.09799950569868088,2.480004147586611,1.6854915292910755
1,0,0.05,0.7,0.0,0.6694625616073608,0.10866578668355942,2.5627197384458418,1.7018648756867203
1,0,0.05,0.8,0.0,0.7208128571510315,0.11895585805177689,2.6415453551389714,1.717660718978922
1,0,0.05,0.9,0.0,0.7695949673652649,0.12885606288909912,2.7164286616616957,1.7328580950295922
1,0,0.05,1.0,0.0,0.8158128261566162,0.13835839927196503,2.7873756967837418,1.747444720432127
1,5,1.0,0.0,0.46211715726000974,0.4418453574180603,0.03275886923074722,2.2133144175956647,1.585343451298737
1,5,1.0,0.1,0.46211715726000974,0.49439331889152527,0.04322937875986099,2.2939785194330153,1.60141627740393
1,5,1.0,0.2,0.46211715726000974,0.5455753803253174,0.05358608067035675,2.3725458872237857,1.6173144023583903
1,5,1.0,0.3,0.46211715726000974,0.5952622890472412,0.0637970119714737,2.448818110783824,1.6329887611580824
1,5,1.0,0.4,0.46211715726000974,0.6433447003364563,0.07383240014314651,2.5226273397636607,1.6483936512957509
1,5,1.0,0.5,0.46211715726000974,0.6897339224815369,0.0836651399731636,2.593837427354895,1.6634874647330082
1,5,1.0,0.6,0.46211715726000974,0.7343618869781494,0.09327113628387451,2.6623438845419405,1.678233214005274
1,5,1.0,0.7,0.46211715726000974,0.7771807909011841,0.10262970626354218,2.7280733311229564,1.6925991498232236
1,5,1.0,0.8,0.46211715726000974,0.8181623816490173,0.11172368377447128,2.7909823977517187,1.7065589211916825
1,5,1.0,0.9,0.46211715726000974,0.857296884059906,0.12053952366113663,2.85105607900042,1.7200917355285212
1,5,1.0,1.0,0.46211715726000974,0.8945916891098022,0.12906715273857117,2.9083057204364264,1.7331821299233767
1,5,0.75,0.0,0.46211715726000974,0.3848726749420166,0.02021070010960102,2.1258581180108505,1.566081299856924
1,5,0.75,0.1,0.46211715726000974,0.4411677420139313,0.031309500336647034,2.212274239510111,1.583118587825534
1,5,0.75,0.2,0.46211715726000974,0.4960187077522278,0.04229464381933212,2.29647358354033,1.599981406243955
1,5,0.75,0.3,0.46211715726000974,0.5492590069770813,0.05312839895486832,2.378200463101457,1.6166118349614438
1,5,0.75,0.4,0.46211715726000974,0.6007492542266846,0.06377580761909485,2.457240913602466,1.6329562112742864
1,5,0.75,0.5,0.46211715726000974,0.6503779888153076,0.07420528680086136,2.5334238365677475,1.6489660534687045
1,5,0.75,0.6,0.46211715726000974,0.6980612874031067,0.08438912034034729,2.6066204049097808,1.6645988156670732
1,5,0.75,0.7,0.46211715726000974,0.7437419295310974,0.09430374205112457,2.6767427819779854,1.6798183224363472
1,5,0.75,0.8,0.46211715726000974,0.7873879075050354,0.10392989963293076,2.743741834145943,1.694595020403466
1,5,0.75,0.9,0.46211715726000974,0.8289905190467834,0.11325260996818542,2.8076042029230437,1.7089059096329722
1,5,0.75,1.0,0.46211715726000974,0.8685614466667175,0.12226099520921707,2.868347821625448,1.7227342920116036
1,5,0.5,0.0,0.46211715726000974,0.31724849343299866,0.005738029256463051,2.0220511631651252,1.543864929082094
1,5,0.5,0.1,0.46211715726000974,0.3770829141139984,0.017391258850693703,2.1139003932371283,1.561753297581369
1,5,0.5,0.2,0.46211715726000974,0.4354649484157562,0.02894032560288906,2.203520127825058,1.5794817702091013
1,5,0.5,0.3,0.46211715726000974,0.4921819269657135,0.040341466665267944,2.2905839073775875,1.5969831685113385
1,5,0.5,0.4,0.46211715726000974,0.5470563769340515,0.051554299890995026,2.3748193010331495,1.6141955036018636
1,5,0.5,0.5,0.46211715726000974,0.599946916103363,0.06254253536462784,2.456009279067599,1.6310630684017937
1,5,0.5,0.6,0.46211715726000974,0.6507477760314941,0.07327449321746826,2.533991480922128,1.6475372325155209
1,5,0.5,0.7,0.46211715726000974,0.6993865370750427,0.08372340351343155,2.608654738335844,1.6635769025725322
1,5,0.5,0.8,0.46211715726000974,0.7458229660987854,0.09386755526065826,2.679937291163808,1.679148750968688
1,5,0.5,0.9,0.46211715726000974,0.790044903755188,0.10369005054235458,2.747820474117771,1.6942268384431136
1,5,0.5,1.0,0.46211715726000974,0.8320649266242981,0.11317871510982513,2.812323592961559,1.7087924768334326
1,5,0.25,0.0,0.46211715726000974,0.23973682522773743,-0.010362533852458,1.9030663553367684,1.5191496513464864
1,5,0.25,0.1,0.46211715726000974,0.3025350868701935,0.0017063096165657043,1.9994652494193412,1.537676010720788
1,5,0.25,0.2,0.46211715726000974,0.36397767066955566,0.013692449778318405,2.0937831011069736,1.5560754158267807
1,5,0.25,0.3,0.46211715726000974,0.42380088567733765,0.025546757504343987,2.1856151298349045,1.5742724506652546
1,5,0.25,0.4,0.46211715726000974,0.48178258538246155,0.03722380846738815,2.274620328106555,1.5921973863170127
1,5,0.25,0.5,0.46211715726000974,0.5377438068389893,0.048682741820812225,2.3605239776475813,1.6097874990644838
1,5,0.25,0.6,0.46211715726000974,0.5915480852127075,0.0598878487944603,2.4431165971959983,1.6269879739197675
1,5,0.25,0.7,0.46211715726000974,0.643100380897522,0.07080887258052826,2.5222522955649818,1.6437523649664565
1,5,0.25,0.8,0.46211715726000974,0.6923434138298035,0.08142104744911194,2.597843144607439,1.6600426554042211
1,5,0.25,0.9,0.46211715726000974,0.7392534017562866,0.09170503169298172,2.669852637215473,1.6758291546152346
1,5,0.25,1.0,0.46211715726000974,0.7838363647460938,0.10164652019739151,2.7382900145366964,1.6910899034368516
1,5,0.05,0.0,0.46211715726000974,0.17213204503059387,-0.024016935378313065,1.7992891826053805,1.4981893704083604
1,5,0.05,0.1,0.46211715726000974,0.2366049438714981,-0.011758603155612946,1.8982587397875,1.517006605768999
1,5,0.05,0.2,0.46211715726000974,0.2998899519443512,0.0004429323598742485,1.9954048172532062,1.5357366549620644
1,5,0.05,0.3,0.46211715726000974,0.36168453097343445,0.012535490095615387,2.0902630015866794,1.554299417081056
1,5,0.05,0.4,0.46211715726000974,0.4217292070388794,0.024470524862408638,2.1824349856013123,1.5726203725066452
1,5,0.05,0.5,0.46211715726000974,0.4798109531402588,0.03620409220457077,2.2715937607667134,1.5906320640064482
1,5,0.05,0.6,0.46211715726000974,0.5357635617256165,0.04769747704267502,2.3574841890618967,1.6082750617372898
1,5,0.05,0.7,0.46211715726000974,0.5894662141799927,0.0589175671339035,2.4399208070590213,1.625498536528032
1,5,0.05,0.8,0.46211715726000974,0.6408404111862183,0.06983696669340134,2.518783113853071,1.6422604342947955
1,5,0.05,0.9,0.46211715726000974,0.6898453831672668,0.08043379336595535,2.5940085258305063,1.6585271643809718
1,5,0.05,1.0,0.46211715726000974,0.7364733219146729,0.09069149196147919,2.6655850569483843,1.6742733136306245
1,10,1.0,0.0,0.7615941559557649,0.3983381688594818,0.004306696355342865,2.146528415053622,1.5416677518812731
1,10,1.0,0.1,0.7615941559557649,0.45019930601119995,0.014769747853279114,2.2261382025944663,1.5577291294855247
1,10,1.0,0.2,0.7615941559557649,0.5008100867271423,0.025163201615214348,2.3038286220753457,1.5736836706168278
1,10,1.0,0.3,0.7615941559557649,0.5500455498695374,0.03545480966567993,2.3794078510609036,1.5894818728034543
1,10,1.0,0.4,0.7615941559557649,0.5977973937988281,0.04561375826597214,2.452709640390612,1.6050764352084712
1,10,1.0,0.5,0.7615941559557649,0.6439747214317322,0.0556112676858902,2.5235944578851637,1.6204231793133852
1,10,1.0,0.6,0.7615941559557649,0.6885048151016235,0.06542110443115234,2.5919506778011105,1.6354818352162825
1,10,1.0,0.7,0.7615941559557649,0.7313336133956909,0.0750199481844902,2.657695312802956,1.6502166049072255
1,10,1.0,0.8,0.7615941559557649,0.7724252939224243,0.08438768982887268,2.720773373487576,1.6645966197508086
1,10,1.0,0.9,0.7615941559557649,0.8117617964744568,0.09350758790969849,2.781157136412131,1.6785961806644984
1,10,1.0,1.0,0.7615941559557649,0.849341630935669,0.10236629843711853,2.8388443141638446,1.6921948038668895
1,10,0.75,0.0,0.7615941559557649,0.3390739858150482,-0.009506186470389366,2.055554532102567,1.5204641931574037
1,10,0.75,0.1,0.7615941559557649,0.3943720757961273,0.0015236958861351013,2.1404402372102176,1.5373956882851445
1,10,0.75,0.2,0.7615941559557649,0.4483557939529419,0.012489968910813332,2.223308307005066,1.554229539480029
1,10,0.75,0.3,0.7615941559557649,0.5008695721626282,0.023355374112725258,2.3039199355933455,1.5709085528448705
1,10,0.75,0.4,0.7615941559557649,0.5517804026603699,0.03408460319042206,2.38207094851071,1.5873785281339525
1,10,0.75,0.5,0.7615941559557649,0.6009784936904907,0.04464486241340637,2.4575928091838573,1.603589125110617
1,10,0.75,0.6,0.7615941559557649,0.6483779549598694,0.0550064817070961,2.5303536711404035,1.6194947985272365
1,10,0.75,0.7,0.7615941559557649,0.6939162015914917,0.06514330953359604,2.6002574630437767,1.6350554042896004
1,10,0.75,0.8,0.7615941559557649,0.7375538945198059,0.07503297924995422,2.667243797196702,1.6502366083319477
1,10,0.75,0.9,0.7615941559557649,0.7792727947235107,0.08465701341629028,2.731284675666807,1.6650100467358617
1,10,0.75,1.0,0.7615941559557649,0.8190740346908569,0.09400079399347305,2.7923818368878,1.679353279982014
1,10,0.5,0.0,0.7615941559557649,0.26983654499053955,-0.02499310113489628,1.9492711326895193,1.4966909005954272
1,10,0.5,0.1,0.7615941559557649,0.32831305265426636,-0.013485346920788288,2.039035889247419,1.5143559561335902
1,10,0.5,0.2,0.7615941559557649,0.38547590374946594,-0.002026539295911789,2.1267841084506487,1.5319458758806084
1,10,0.5,0.3,0.7615941559557649,0.4411327540874481,0.009341245517134666,2.2122205310581413,1.5493960704478649
1,10,0.5,0.4,0.7615941559557649,0.4951200783252716,0.020578252151608467,2.295094136391907,1.5666455130921413
1,10,0.5,0.5,0.7615941559557649,0.5473039150238037,0.031647689640522,2.375199286043424,1.583637727592009
1,10,0.5,0.6,0.7615941559557649,0.5975802540779114,0.04251638054847717,2.452376318600959,1.6003217847020208
1,10,0.5,0.7,0.7615941559557649,0.6458737850189209,0.05315514653921127,2.526509628222836,1.616652894020765
1,10,0.5,0.8,0.7615941559557649,0.6921371221542358,0.06353907287120819,2.597526475182792,1.6325928100066347
1,10,0.5,0.9,0.7615941559557649,0.7363477349281311,0.07364755868911743,2.665392273799661,1.6481099091780076
1,10,0.5,1.0,0.7615941559557649,0.7785060405731201,0.08346424996852875,2.7301076645490197,1.6631790871796723
1,10,0.25,0.0,0.7615941559557649,0.19170881807804108,-0.04173470288515091,1.8293406397973668,1.4709915921801078
1,10,0.25,0.1,0.7615941559557649,0.25276750326156616,-0.029898127540946007,1.9230691853316344,1.4891614068065524
1,10,0.25,0.2,0.7615941559557649,0.31260791420936584,-0.018085695803165436,2.0149276108029954,1.5072941596275014
1,10,0.25,0.3,0.7615941559557649,0.37099751830101013,-0.006343357264995575,2.1045589654478247,1.5253193154107543
1,10,0.25,0.4,0.7615941559557649,0.4277375340461731,0.00528535433113575,2.1916581084018647,1.5431700473920735
1,10,0.25,0.5,0.7615941559557649,0.48266419768333435,0.01676011271774769,2.2759736530010817,1.5607844524632208
1,10,0.25,0.6,0.7615941559557649,0.5356488227844238,0.028044430539011955,2.3573080582781794,1.578106520463121
1,10,0.25,0.7,0.7615941559557649,0.5865966081619263,0.03910605609416962,2.4355157990323777,1.595086743201513
1,10,0.25,0.8,0.7615941559557649,0.6354449391365051,0.049917250871658325,2.510500758178847,1.61168254048958
1,10,0.25,0.9,0.7615941559557649,0.6821600198745728,0.060454852879047394,2.582211057195839,1.627858357354992
1,10,0.25,1.0,0.7615941559557649,0.7267341613769531,0.07070012390613556,2.6506348930334314,1.6435854295820969
1,10,0.05,0.0,0.7615941559557649,0.1244809478521347,-0.05556754767894745,1.7261420452534266,1.4497573907028436
1,10,0.05,0.1,0.7615941559557649,0.18692803382873535,-0.04361160844564438,1.8220018647671854,1.4681104356704078
1,10,0.05,0.2,0.7615941559557649,0.2483130246400833,-0.03165334835648537,1.9162313079510431,1.4864670432833698
1,10,0.05,0.3,0.7615941559557649,0.3083728849887848,-0.019740568473935127,2.008426600701859,1.5047538361991561
1,10,0.05,0.4,0.7615941559557649,0.3668796718120575,-0.007918807677924633,2.098237837487358,1.522900909653713
1,10,0.05,0.5,0.7615941559557649,0.42364272475242615,0.003769506700336933,2.1853723438429076,1.5408431352867884
1,10,0.05,0.6,0.7615941559557649,0.4785092771053314,0.015285685658454895,2.269595614210759,1.5585211232849312
1,10,0.05,0.7,0.7615941559557649,0.5313633680343628,0.026595229282975197,2.350729642128719,1.5758819143238554
1,10,0.05,0.8,0.7615941559557649,0.582123875617981,0.03766815364360809,2.4286499008452855,1.5928794813696179
1,10,0.05,0.9,0.7615941559557649,0.6307416558265686,0.048478975892066956,2.503280951487122,1.609474706804491
1,10,0.05,1.0,0.7615941559557649,0.6771957278251648,0.05900675058364868,2.5745905872823487,1.6256354381826486
1,15,1.0,0.0,0.9051482536448665,0.3771679699420929,-0.008848004974424839,2.114030958758357,1.5214745390914652
1,15,1.0,0.1,0.9051482536448665,0.4284990429878235,0.0015594130381941795,2.192827067826682,1.5374505161397414
1,15,1.0,0.2,0.9051482536448665,0.47864580154418945,0.011917034164071083,2.269805186969255,1.5533500521419576
1,15,1.0,0.3,0.9051482536448665,0.5274870991706848,0.022193124517798424,2.3447793495274243,1.5691244337837926
1,15,1.0,0.4,0.9051482536448665,0.5749162435531616,0.03235700726509094,2.41758577674646,1.5847265703843627
1,15,1.0,0.5,0.9051482536448665,0.6208423972129822,0.042379796504974365,2.4880850279435642,1.600112120447014
1,15,1.0,0.6,0.9051482536448665,0.665191650390625,0.05223477631807327,2.55616364744507,1.6152400735199464
1,15,1.0,0.7,0.9051482536448665,0.7079071402549744,0.0618978887796402,2.621734347579463,1.630073499323899
1,15,1.0,0.8,0.9051482536448665,0.748949408531189,0.07134801894426346,2.684736557656446,1.6445799852198422
1,15,1.0,0.9,0.9051482536448665,0.788296103477478,0.08056729286909103,2.7451359664843853,1.6587320936915333
1,15,1.0,1.0,0.9051482536448665,0.8259406685829163,0.0895410031080246,2.802922509447069,1.6725072479748777
1,15,0.75,0.0,0.9051482536448665,0.3170430362224579,-0.02315860241651535,2.0217357746916322,1.499506960196801
1,15,0.75,0.1,0.9051482536448665,0.37163588404655457,-0.012219589203596115,2.1055388930808703,1.5162989660342228
1,15,0.75,0.2,0.9051482536448665,0.42498764395713806,-0.0013222284615039825,2.187436871117608,1.533027032966036
1,15,0.75,0.3,0.9051482536448665,0.47695019841194153,0.00949726440012455,2.267202339971956,1.5496355682839968
1,15,0.75,0.4,0.9051482536448665,0.5273948907852173,0.02020413801074028,2.344637804424873,1.5660712266629138
1,15,0.75,0.5,0.9051482536448665,0.5762141346931458,0.030765796080231667,2.419578113273964,1.5822839709483212
1,15,0.75,0.6,0.9051482536448665,0.6233220100402832,0.04115234315395355,2.491891374298591,1.5982279099214096
1,15,0.75,0.7,0.9051482536448665,0.6686539649963379,0.05133698135614395,2.561478496777317,1.6138619073226772
1,15,0.75,0.8,0.9051482536448665,0.7121668457984924,0.06129639595746994,2.6282732372361624,1.6291501737199843
1,15,0.75,0.9,0.9051482536448665,0.753837525844574,0.07101082801818848,2.69224009502885,1.6440623780199268
1,15,0.75,1.0,0.9051482536448665,0.7936614751815796,0.08046421408653259,2.753372116420543,1.6585738619127848
1,15,0.5,0.0,0.9051482536448665,0.247340127825737,-0.039009980857372284,1.9147378561498862,1.4751741950625847
1,15,0.5,0.1,0.9051482536448665,0.3049159049987793,-0.02763392962515354,2.0031199403073487,1.4926370790522137
1,15,0.5,0.2,0.9051482536448665,0.3612554669380188,-0.01628321036696434,2.089604363952087,1.5100610770246583
1,15,0.5,0.3,0.9051482536448665,0.41617831587791443,-0.004998190328478813,2.173914052774599,1.5273842229678287
1,15,0.5,0.4,0.9051482536448665,0.4695294499397278,0.006182501092553139,2.255811070097971,1.5445472185647853
1,15,0.5,0.5,0.9051482536448665,0.5211800932884216,0.017222721129655838,2.3350977377101407,1.5614945826186564
1,15,0.5,0.6,0.9051482536448665,0.5710278749465942,0.0280893687158823,2.4116169103534277,1.5781755031138995
1,15,0.5,0.7,0.9051482536448665,0.6189967393875122,0.03875284641981125,2.4852518384797677,1.5945445463142605
1,15,0.5,0.8,0.9051482536448665,0.6650359034538269,0.04918736219406128,2.5559245670617696,1.61056211996386
1,15,0.5,0.9,0.9051482536448665,0.709117591381073,0.05937100946903229,2.623592458725298,1.6261945962356317
1,15,0.5,1.0,0.9051482536448665,0.7512355446815491,0.06928589195013046,2.6882459063366952,1.6414145033021414
1,15,0.25,0.0,0.9051482536448665,0.16927720606327057,-0.05593352019786835,1.7949068428393424,1.4491956021251684
1,15,0.25,0.1,0.9051482536448665,0.22923798859119415,-0.044271573424339294,1.8869500455147121,1.4670973519891803
1,15,0.25,0.2,0.9051482536448665,0.28805598616600037,-0.0326094850897789,1.9772390084583846,1.484999319157406
1,15,0.25,0.3,0.9051482536448665,0.34551599621772766,-0.020990820601582527,2.065443383517315,1.5028346282580862
1,15,0.25,0.4,0.9051482536448665,0.4014323651790619,-0.009457284584641457,2.151278181933797,1.5205392603261652
1,15,0.25,0.5,0.9051482536448665,0.4556501805782318,0.0019519682973623276,2.2345056042756846,1.5380531107316993
1,15,0.25,0.6,0.9051482536448665,0.5080454349517822,0.013200979679822922,2.3149352920517967,1.5553209813451487
1,15,0.25,0.7,0.9051482536448665,0.5585243701934814,0.024257397279143333,2.3924233212502957,1.5722932095758901
1,15,0.25,0.8,0.9051482536448665,0.6070219874382019,0.0350928008556366,2.466869914925912,1.5889261687437621
1,15,0.25,0.9,0.9051482536448665,0.6534995436668396,0.04568284749984741,2.538215600346481,1.6051824911018098
1,15,0.25,1.0,0.9051482536448665,0.6979424357414246,0.0560072585940361,2.6064379608668027,1.6210310478214238
1,15,0.05,0.0,0.9051482536448665,0.10253198444843292,-0.06975854933261871,1.692449141293403,1.427973398127912
1,15,0.05,0.1,0.9051482536448665,0.16374070942401886,-0.05800936371088028,1.7864080064200407,1.4460090645728685
1,15,0.05,0.2,0.9051482536448665,0.22395560145378113,-0.046234093606472015,1.8788412815960251,1.4640847721784611
1,15,0.05,0.3,0.9051482536448665,0.28293484449386597,-0.034477598965168,1.9693777654761397,1.482131658383082
1,15,0.05,0.4,0.9051482536448665,0.3404676020145416,-0.02278308942914009,2.0576938120267725,1.5000833939347715
1,15,0.05,0.5,0.9051482536448665,0.39637547731399536,-0.011191328056156635,2.143515572190434,1.5178774052274222
1,15,0.05,0.6,0.9051482536448665,0.45051345229148865,0.0002599349245429039,2.226620434955808,1.535455743517631
1,15,0.05,0.7,0.9051482536448665,0.5027686357498169,0.011536460369825363,2.306835105931018,1.552765849778348
1,15,0.05,0.8,0.9051482536448665,0.5530593395233154,0.022607864812016487,2.3840341891477097,1.5697610836630795
1,15,0.05,0.9,0.9051482536448665,0.6013321876525879,0.03344770520925522,2.458135749480262,1.5864008536024905
1,15,0.05,1.0,0.9051482536448665,0.647560179233551,0.04403360188007355,2.5290983390091815,1.6026508055159583
1,20,1.0,0.0,0.9640275800758169,0.3684656322002411,-0.014133233577013016,2.1006723766526316,1.5133614133625417
1,20,1.0,0.1,0.9640275800758169,0.41954559087753296,-0.0037573897279798985,2.179083010920021,1.5292889222785535
1,20,1.0,0.2,0.9640275800758169,0.46946981549263,0.0065764132887125015,2.2557195278386937,1.5451518961320019
1,20,1.0,0.3,0.9640275800758169,0.5181187391281128,0.016836734488606453,2.3303983854075394,1.5609020712281396
1,20,1.0,0.4,0.9640275800758169,0.565386950969696,0.026993120089173317,2.402957772046815,1.5764926992831827
1,20,1.0,0.5,0.9640275800758169,0.6111837029457092,0.03701671212911606,2.473258384318491,1.5918794816894668
1,20,1.0,0.6,0.9640275800758169,0.6554346680641174,0.046880677342414856,2.5411861260733217,1.6070212278614358
1,20,1.0,0.7,0.9640275800758169,0.698081910610199,0.05656079202890396,2.606652062702594,1.6218807530451576
1,20,1.0,0.8,0.9640275800758169,0.7390847206115723,0.06603563576936722,2.6695937020892804,1.6364251756819832
1,20,1.0,0.9,0.9640275800758169,0.778418779373169,0.075286865234375,2.7299737136568836,1.650626337720646
1,20,1.0,1.0,0.9640275800758169,0.8160755634307861,0.08429931104183197,2.787779013404327,1.6644609532990908
1,20,0.75,0.0,0.9640275800758169,0.3080371618270874,-0.02862546220421791,2.007911246603528,1.4911150202950325
1,20,0.75,0.1,0.9640275800758169,0.36230361461639404,-0.017733167856931686,2.0912133300984093,1.507835310023409
1,20,0.75,0.2,0.9640275800758169,0.4153605103492737,-0.006874026730656624,2.1726586748951213,1.5245047076767952
1,20,0.75,0.3,0.9640275800758169,0.46706292033195496,0.003916284069418907,2.2520248072271136,1.541068446874813
1,20,0.75,0.4,0.9640275800758169,0.5172843337059021,0.014603393152356148,2.329117525749742,1.5574737655825281
1,20,0.75,0.5,0.9640275800758169,0.5659183263778687,0.025154897943139076,2.4037734634425765,1.5736709240091362
1,20,0.75,0.6,0.9640275800758169,0.6128791570663452,0.03554092347621918,2.4758610025745122,1.5896140623877533
1,20,0.75,0.7,0.9640275800758169,0.6581014394760132,0.045734524726867676,2.545279771472958,1.6052618185768657
1,20,0.75,0.8,0.9640275800758169,0.7015406489372253,0.05571211129426956,2.6119614222441796,1.6205779799729705
1,20,0.75,0.9,0.9640275800758169,0.7431715726852417,0.06545348465442657,2.675867251864016,1.6355315406958952
1,20,0.75,1.0,0.9640275800758169,0.7829874753952026,0.07494205236434937,2.7369869212267206,1.6500970304043838
1,20,0.5,0.0,0.9640275800758169,0.23820357024669647,-0.04460209608078003,1.900712721961366,1.4665899809614356
1,20,0.5,0.1,0.9640275800758169,0.2953703999519348,-0.033289872109889984,1.9884670485567066,1.4839548864840897
1,20,0.5,0.2,0.9640275800758169,0.35133397579193115,-0.02199392579495907,2.074374312209918,1.501294804881437
1,20,0.5,0.3,0.9640275800758169,0.40591907501220703,-0.010753855109214783,2.1581655360527234,1.518548951018233
1,20,0.5,0.4,0.9640275800758169,0.45897436141967773,0.00039234012365341187,2.239608410443638,1.5356589930094355
1,20,0.5,0.5,0.9640275800758169,0.5103733539581299,0.011408902704715729,2.3185087797862725,1.552570041526229
1,20,0.5,0.6,0.9640275800758169,0.5600147843360901,0.02226291410624981,2.394711191508401,1.5692315647611355
1,20,0.5,0.7,0.9640275800758169,0.6078222990036011,0.03292471170425415,2.4680984385794047,1.5855980289035918
1,20,0.5,0.8,0.9640275800758169,0.65374356508255,0.04336825758218765,2.538590187062605,1.6016294642746112
1,20,0.5,0.9,0.9640275800758169,0.6977490186691284,0.05357128381729126,2.6061410546885364,1.617291688349529
1,20,0.5,1.0,0.9640275800758169,0.7398297190666199,0.06351529061794281,2.670737316980545,1.6325563028987369
1,20,0.25,0.0,0.9640275800758169,0.16023339331150055,-0.06157652288675308,1.7810240772219723,1.4405332728777342
1,20,0.25,0.1,0.9640275800758169,0.2197035253047943,-0.04999580234289169,1.8723141034927366,1.458310335871351
1,20,0.25,0.2,0.9640275800758169,0.2780628502368927,-0.03840581327676773,1.961898977909967,1.4761016265724316
1,20,0.25,0.3,0.9640275800758169,0.33510348200798035,-0.02684902772307396,2.049459583517346,1.4938419479983411
1,20,0.25,0.4,0.9640275800758169,0.39064544439315796,-0.015366275794804096,2.1347196465998435,1.5114686236093964
1,20,0.25,0.5,0.9640275800758169,0.444537490606308,-0.003996096085757017,2.2174469947607407,1.528922494477873
1,20,0.25,0.6,0.9640275800758169,0.4966580271720886,0.007225926965475082,2.297454975117552,1.5461489364718748
1,20,0.25,0.7,0.9640275800758169,0.5469135642051697,0.01826752908527851,2.3746000753927405,1.5630984221010953
1,20,0.25,0.8,0.9640275800758169,0.595238447189331,0.029100166633725166,2.448781512179415,1.5797271352590025
1,20,0.25,0.9,0.9640275800758169,0.6415920257568359,0.03969912976026535,2.5199368848570587,1.595997144923246
1,20,0.25,1.0,0.9640275800758169,0.6859568357467651,0.050043635070323944,2.5880393849479413,1.6118765474041383
1,20,0.05,0.0,0.9640275800758169,0.09373866766691208,-0.0753815770149231,1.678950901200667,1.419341731648734
1,20,0.05,0.1,0.9640275800758169,0.15439976751804352,-0.06372623890638351,1.7720691306952259,1.4372333368370864
1,20,0.05,0.2,0.9640275800758169,0.21409578621387482,-0.05203600972890854,1.8637059058686358,1.4551785017955785
1,20,0.05,0.3,0.9640275800758169,0.27259382605552673,-0.04035447537899017,1.953503715541142,1.473110319700525
1,20,0.05,0.4,0.9640275800758169,0.3296900987625122,-0.02872375212609768,2.0411497331415607,1.4909641396890914
1,20,0.05,0.5,0.9640275800758169,0.385211706161499,-0.017183814197778702,2.1263785501655437,1.5086785990543072
1,20,0.05,0.6,0.9640275800758169,0.4390166699886322,-0.00577185396105051,2.2089722219238377,1.5261966054029281
1,20,0.05,0.7,0.9640275800758169,0.4909937381744385,0.005478133447468281,2.2887599701786194,1.5434659742717454
1,20,0.05,0.8,0.9640275800758169,0.5410609841346741,0.016535742208361626,2.365616032975489,1.5604400310030744
1,20,0.05,0.9,0.9640275800758169,0.5891637802124023,0.02737429179251194,2.4394565537620956,1.5770778194711685
1,20,0.05,1.0,0.9640275800758169,0.6352723240852356,0.03797096759080887,2.5102357842829273,1.5933443179568014
2,-20,1.0,0.0,-0.9640275800758169,0.23103293776512146,0.0634138286113739,1.8897053943217568,1.6324005529628496
2,-20,1.0,0.1,-0.9640275800758169,0.25388339161872864,0.0828126072883606,1.924782137262733,1.6621787786987965
2,-20,1.0,0.2,-0.9640275800758169,0.27637895941734314,0.10202063620090485,1.959314109977084,1.691664192725345
2,-20,1.0,0.3,-0.9640275800758169,0.29844266176223755,0.12096720933914185,1.9931831447208253,1.7207482573062958
2,-20,1.0,0.4,-0.9640275800758169,0.3200044333934784,0.13958758115768433,2.02628168734525,1.7493315843565507
2,-20,1.0,0.5,-0.9640275800758169,0.34100252389907837,0.15782414376735687,2.0585149474649396,1.7773257424982072
2,-20,1.0,0.6,-0.9640275800758169,0.36138424277305603,0.1756272166967392,2.0898020421641506,1.804654469389328
2,-20,1.0,0.7,-0.9640275800758169,0.3811059892177582,0.19295527040958405,2.12007604174507,1.8312540148358591
2,-20,1.0,0.8,-0.9640275800758169,0.4001334011554718,0.20977488160133362,2.1492841984690942,1.8570730721692448
2,-20,1.0,0.9,-0.9640275800758169,0.41844066977500916,0.22606036067008972,2.1773868943469505,1.8820722063932345
2,-20,1.0,1.0,-0.9640275800758169,0.4360105097293854,0.24179333448410034,2.204357595390442,1.9062232137083055
2,-20,0.75,0.0,-0.9640275800758169,0.04785078391432762,0.11750105023384094,1.6085103964821703,1.7154275064490883
2,-20,0.75,0.1,-0.9640275800758169,0.07138903439044952,0.13782453536987305,1.6446429462564893,1.7466252090570304
2,-20,0.75,0.2,-0.9640275800758169,0.09479168057441711,0.15789112448692322,1.680567335749701,1.777428561702468
2,-20,0.75,0.3,-0.9640275800758169,0.11797342449426651,0.17762066423892975,1.7161526277360015,1.807714524452204
2,-20,0.75,0.4,-0.9640275800758169,0.14085423946380615,0.1969398707151413,1.7512759767122794,1.8373706023459364
2,-20,0.75,0.5,-0.9640275800758169,0.16336070001125336,0.21578353643417358,1.78582467041402,1.8662966982006075
2,-20,0.75,0.6,-0.9640275800758169,0.18542706966400146,0.23409582674503326,1.8196977996266293,1.8944071026595173
2,-20,0.75,0.7,-0.9640275800758169,0.2069958746433258,0.25183039903640747,1.8528071388393546,1.9216306771853464
2,-20,0.75,0.8,-0.9640275800758169,0.2280181497335434,0.2689509391784668,1.8850775236683912,1.9479116775287544
2,-20,0.75,0.9,-0.9640275800758169,0.24845317006111145,0.2854304313659668,1.9164464391225835,1.9732086328961205
2,-20,0.75,1.0,-0.9640275800758169,0.2682684361934662,0.30125105381011963,1.9468639967292967,1.9974941858306494
2,-20,0.5,0.0,-0.9640275800758169,-0.14557860791683197,0.1725185364484787,1.3115853070306156,1.799882468856975
2,-20,0.5,0.1,-0.9640275800758169,-0.12186870723962784,0.19352328777313232,1.347981349601082,1.8321259537117713
2,-20,0.5,0.2,-0.9640275800758169,-0.09802708774805069,0.2142019420862198,1.3845795880238432,1.863868861154766
2,-20,0.5,0.3,-0.9640275800758169,-0.07414120435714722,0.23446692526340485,1.4212457740431022,1.8949767599371403
2,-20,0.5,0.4,-0.9640275800758169,-0.050296396017074585,0.2542383074760437,1.457848907529203,1.9253269532376136
2,-20,0.5,0.5,-0.9640275800758169,-0.026574159041047096,0.2734454870223999,1.494263887018185,1.9548110634388802
2,-20,0.5,0.6,-0.9640275800758169,-0.00305105559527874,0.29202839732170105,1.5303731852416405,1.9833368849319577
2,-20,0.5,0.7,-0.9640275800758169,0.020202264189720154,0.3099380135536194,1.5660683502413484,2.0108291618365306
2,-20,0.5,0.8,-0.9640275800758169,0.04312156140804291,0.3271368741989136,1.601250771652555,2.0372303885954217
2,-20,0.5,0.9,-0.9640275800758169,0.06564925611019135,0.3435983955860138,1.635832060986347,2.062499757764715
2,-20,0.5,1.0,-0.9640275800758169,0.08773449808359146,0.3593066334724426,1.6697341602817586,2.0866127940277117
2,-20,0.25,0.0,-0.9640275800758169,-0.34118422865867615,0.22619423270225525,1.011319582746604,1.8822777075569899
2,-20,0.25,0.1,-0.9640275800758169,-0.3178805708885193,0.24754755198955536,1.047092019409136,1.915056264008243
2,-20,0.25,0.2,-0.9640275800758169,-0.2941667139530182,0.2685122489929199,1.0834941350605216,1.9472382632076324
2,-20,0.25,0.3,-0.9640275800758169,-0.2701258957386017,0.28899726271629333,1.1203981548231183,1.9786839213604444
2,-20,0.25,0.4,-0.9640275800758169,-0.24584238231182098,0.30891990661621094,1.157674725504469,2.0092663099317636
2,-20,0.25,0.5,-0.9640275800758169,-0.22140014171600342,0.3282075822353363,1.1951949513946714,2.0388739861711653
2,-20,0.25,0.6,-0.9640275800758169,-0.19688160717487335,0.3467991054058075,1.2328322928189819,2.0674130289100856
2,-20,0.25,0.7,-0.9640275800758169,-0.1723664551973343,0.36464542150497437,1.2704644418162918,2.094808136519953
2,-20,0.25,0.8,-0.9640275800758169,-0.1479310244321823,0.3817097842693329,1.3079742142301098,2.121002901401723
2,-20,0.25,0.9,-0.9640275800758169,-0.12364750355482101,0.3979674279689789,1.3452507963485243,2.1459593067550653
2,-20,0.25,1.0,-0.9640275800758169,-0.09958364069461823,0.41340509057044983,1.382190190949695,2.1696569946062776
2,-20,0.05,0.0,-0.9640275800758169,-0.49282729625701904,0.26656192541122437,0.7785388714747156,1.944244405870481
2,-20,0.05,0.1,-0.9640275800758169,-0.47024476528167725,0.2879180908203125,0.8132043375986477,1.9770273312801352
2,-20,0.05,0.2,-0.9640275800758169,-0.447052925825119,0.3088477551937103,0.8488051268065024,2.0091555534051717
2,-20,0.05,0.3,-0.9640275800758169,-0.4233274757862091,0.3292608857154846,0.8852250385292818,2.040490866765691
2,-20,0.05,0.4,-0.9640275800758169,-0.39914757013320923,0.34907591342926025,0.9223425654003484,2.07090805838636
2,-20,0.05,0.5,-0.9640275800758169,-0.37459444999694824,0.36822161078453064,0.9600329976751795,2.1002977899365076
2,-20,0.05,0.6,-0.9640275800758169,-0.34975025057792664,0.3866383731365204,0.9981702531615864,2.128568564905111
2,-20,0.05,0.7,-0.9640275800758169,-0.324696809053421,0.40427863597869873,1.0366287071499363,2.1556473690763758
2,-20,0.05,0.8,-0.9640275800758169,-0.29951488971710205,0.42110735177993774,1.075284381867794,2.18148040250182
2,-20,0.05,0.9,-0.9640275800758169,-0.2742834687232971,0.4371015131473541,1.1140160444380554,2.2060323475281893
2,-20,0.05,1.0,-0.9640275800758169,-0.24907894432544708,0.4522494375705719,1.152706419207718,2.229285270839324
2,-15,1.0,0.0,-0.9051482536448665,0.26949167251586914,0.046940430998802185,1.948741733876746,1.6071129531137354
2,-15,1.0,0.1,-0.9051482536448665,0.2925107479095459,0.06638576090335846,1.9840773204474034,1.6369626376247906
2,-15,1.0,0.2,-0.9051482536448665,0.3151264786720276,0.085657998919487,2.018793750127975,1.6665466162678375
2,-15,1.0,0.3,-0.9051482536448665,0.3372611999511719,0.10468531399965286,2.0527718029645987,1.6957546243100314
2,-15,1.0,0.4,-0.9051482536448665,0.3588448464870453,0.12340178340673447,2.0859039248085685,1.7244854666101816
2,-15,1.0,0.5,-0.9051482536448665,0.3798159956932068,0.14174862205982208,2.1180958285052762,1.7526489047342926
2,-15,1.0,0.6,-0.9051482536448665,0.400122731924057,0.15967489778995514,2.149267820593621,1.7801667549136961
2,-15,1.0,0.7,-0.9051482536448665,0.41972261667251587,0.1771378517150879,2.1793547555577564,1.8069733798387977
2,-15,1.0,0.8,-0.9051482536448665,0.4385829567909241,0.19410297274589539,2.208306447561386,1.833015803029716
2,-15,1.0,0.9,-0.9051482536448665,0.456680029630661,0.2105434685945511,2.236086480993123,1.858252896804746
2,-15,1.0,1.0,-0.9051482536448665,0.47399869561195374,0.22643990814685822,2.262671615739168,1.882654833301295
2,-15,0.75,0.0,-0.9051482536448665,0.08646877855062485,0.1010328158736229,1.6677912089960785,1.6901478324852413
2,-15,0.75,0.1,-0.9051482536448665,0.11029326915740967,0.12142462283372879,1.7043631536089847,1.7214504129689425
2,-15,0.75,0.2,-0.9051482536448665,0.13393154740333557,0.14157621562480927,1.7406492516843943,1.7523842510761614
2,-15,0.75,0.3,-0.9051482536448665,0.15729603171348572,0.16140608489513397,1.7765150605364244,1.782824225328075
2,-15,0.75,0.4,-0.9051482536448665,0.18030504882335663,0.180839404463768,1.8118352070708468,1.8126554732921591
2,-15,0.75,0.5,-0.9051482536448665,0.2028842568397522,0.19980967044830322,1.8464955722642895,1.841775907736241
2,-15,0.75,0.6,-0.9051482536448665,0.22496750950813293,0.21825966238975525,1.8803946178636457,1.8700976920097394
2,-15,0.75,0.7,-0.9051482536448665,0.2464977353811264,0.23614190518856049,1.913444735959612,1.8975479491416254
2,-15,0.75,0.8,-0.9051482536448665,0.26742684841156006,0.25341904163360596,1.9455721117419214,1.924069333693616
2,-15,0.75,0.9,-0.9051482536448665,0.2877157926559448,0.27006304264068604,1.9767167921217266,1.949618819431403
2,-15,0.75,1.0,-0.9051482536448665,0.3073340356349945,0.28605523705482483,2.0068319080112564,1.9741677450729087
2,-15,0.5,0.0,-0.9051482536448665,-0.10804200917482376,0.15645912289619446,1.369206115500647,1.7752303580251643
2,-15,0.5,0.1,-0.9051482536448665,-0.08393557369709015,0.17755694687366486,1.4062108614848152,1.8076167146819213
2,-15,0.5,0.2,-0.9051482536448665,-0.059742942452430725,0.1983431577682495,1.443347922860985,1.8395247275790554
2,-15,0.5,0.3,-0.9051482536448665,-0.03555548936128616,0.21872836351394653,1.4804770354777599,1.870817174824161
2,-15,0.5,0.4,-0.9051482536448665,-0.011461863294243813,0.23863095045089722,1.517462118289856,1.9013687748195214
2,-15,0.5,0.5,-0.9051482536448665,0.012453699484467506,0.25797876715660095,1.554173863853072,1.9310687710385446
2,-15,0.5,0.6,-0.9051482536448665,0.036112695932388306,0.27671030163764954,1.5904917655438597,1.9598227390818554
2,-15,0.5,0.7,-0.9051482536448665,0.0594431608915329,0.29477545619010925,1.626305352762224,1.9875537761319404
2,-15,0.5,0.8,-0.9051482536448665,0.0823805034160614,0.31213584542274475,1.6615154747421423,2.014202958435701
2,-15,0.5,0.9,-0.9051482536448665,0.10486744344234467,0.32876405119895935,1.696034203336523,2.039728197598067
2,-15,0.5,1.0,-0.9051482536448665,0.12685427069664001,0.34464356303215027,1.7297852304551735,2.0641041490854857
2,-15,0.25,0.0,-0.9051482536448665,-0.30597206950187683,0.21094052493572235,1.0653722445909906,1.858862400812919
2,-15,0.25,0.1,-0.9051482536448665,-0.28218838572502136,0.23241183161735535,1.1018815484050384,1.89182207460774
2,-15,0.25,0.2,-0.9051482536448665,-0.25802797079086304,0.2535055875778198,1.138969155917001,1.92420218662762
2,-15,0.25,0.3,-0.9051482536448665,-0.2335789054632187,0.2741287052631378,1.1764998581577153,1.9558598421964701
2,-15,0.25,0.4,-0.9051482536448665,-0.20893043279647827,0.29419654607772827,1.2143366619760536,1.986665116268639
2,-15,0.25,0.5,-0.9051482536448665,-0.1841707080602646,0.3136347234249115,1.2523442440322148,2.0165038211983712
2,-15,0.25,0.6,-0.9051482536448665,-0.15938584506511688,0.3323807716369629,1.2903904147418992,2.0452800686421164
2,-15,0.25,0.7,-0.9051482536448665,-0.13465872406959534,0.3503844738006592,1.3283479482065312,2.0729167727893376
2,-15,0.25,0.8,-0.9051482536448665,-0.11006786674261093,0.3676081597805023,1.366096309209903,2.099356107845069
2,-15,0.25,0.9,-0.9051482536448665,-0.08568704128265381,0.3840266764163971,1.403522259382561,2.1245594622816597
2,-15,0.25,1.0,-0.9051482536448665,-0.06158462166786194,0.39962631464004517,1.440520840789299,2.1485057919015746
2,-15,0.05,0.0,-0.9051482536448665,-0.46019408106803894,0.25218504667282104,0.8286327080284572,1.9221750814259273
2,-15,0.05,0.1,-0.9051482536448665,-0.4370935559272766,0.2736765742301941,0.8640933245814262,1.9551657954121127
2,-15,0.05,0.2,-0.9051482536448665,-0.4134044647216797,0.2947496175765991,0.900457423432482,1.9875141123944122
2,-15,0.05,0.3,-0.9051482536448665,-0.3892079293727875,0.3153119385242462,0.9376004778301239,2.0190784415220198
2,-15,0.05,0.4,-0.9051482536448665,-0.36458835005760193,0.33527979254722595,0.9753929287147444,2.0497302301969493
2,-15,0.05,0.5,-0.9051482536448665,-0.3396320044994354,0.3545803427696228,1.0137023348866392,2.079357669682732
2,-15,0.05,0.6,-0.9051482536448665,-0.3144257366657257,0.37315237522125244,1.0523953859292494,2.107866793062548
2,-15,0.05,0.7,-0.9051482536448665,-0.2890557050704956,0.3909473121166229,1.0913398236358927,2.1351830306799147
2,-15,0.05,0.8,-0.9051482536448665,-0.2636064291000366,0.4079294502735138,1.1304059059539397,2.1612515761247293
2,-15,0.05,0.9,-0.9051482536448665,-0.23815985023975372,0.42407533526420593,1.1694678480548628,2.1860364255199056
2,-15,0.05,1.0,-0.9051482536448665,-0.21279485523700714,0.4393731653690338,1.2084045543063247,2.20951946255626
2,-10,1.0,0.0,-0.7615941559557649,0.364195853471756,0.006221838295459747,2.09411802408557,1.5446076034027938
2,-10,1.0,0.1,-0.7615941559557649,0.3874812722206116,0.02575146220624447,2.129862462815729,1.5745866839952958
2,-10,1.0,0.2,-0.7615941559557649,0.4102424383163452,0.0451551117002964,2.164802143983194,1.6043723867117528
2,-10,1.0,0.3,-0.7615941559557649,0.43240150809288025,0.06435863673686981,2.1988175731445705,1.6338508870331874
2,-10,1.0,0.4,-0.7615941559557649,0.453889399766922,0.08329353481531143,2.2318027058435836,1.6629170297350415
2,-10,1.0,0.5,-0.7615941559557649,0.47464680671691895,0.10189813375473022,2.263666503051766,1.691476144521067
2,-10,1.0,0.6,-0.7615941559557649,0.4946248233318329,0.12011849135160446,2.294333891881825,1.7194454270487896
2,-10,1.0,0.7,-0.7615941559557649,0.5137852430343628,0.13790877163410187,2.3237462230701946,1.7467545165012324
2,-10,1.0,0.8,-0.7615941559557649,0.5321002006530762,0.1552312970161438,2.351860721997973,1.7733455756463663
2,-10,1.0,0.9,-0.7615941559557649,0.549551784992218,0.1720561534166336,2.378649893963597,1.7991726846727218
2,-10,1.0,1.0,-0.7615941559557649,0.5661312937736511,0.1883607804775238,2.4041003804764585,1.824201212150877
2,-10,0.75,0.0,-0.7615941559557649,0.18280699849128723,0.0598846971988678,1.815675841743379,1.6269831360417473
2,-10,0.75,0.1,-0.7615941559557649,0.20718856155872345,0.08041104674339294,1.853102924185361,1.658492247024953
2,-10,0.75,0.2,-0.7615941559557649,0.23125045001506805,0.10074380040168762,1.890039287964604,1.6897041773403594
2,-10,0.75,0.3,-0.7615941559557649,0.2549012005329132,0.12079820781946182,1.926344531684945,1.7204888303863568
2,-10,0.75,0.4,-0.7615941559557649,0.2780567407608032,0.14049620926380157,1.9618895995175873,1.750726380044698
2,-10,0.75,0.5,-0.7615941559557649,0.3006419837474823,0.15976794064044952,1.996559228732771,1.7803095809674014
2,-10,0.75,0.6,-0.7615941559557649,0.3225918710231781,0.17855286598205566,2.0302535508887156,1.8091455070104603
2,-10,0.75,0.7,-0.7615941559557649,0.34385165572166443,0.19680039584636688,2.062888526440047,1.837156500510145
2,-10,0.75,0.8,-0.7615941559557649,0.36437752842903137,0.2144699990749359,2.094396905451165,1.86428034383896
2,-10,0.75,0.9,-0.7615941559557649,0.3841358721256256,0.2315308153629303,2.124727083889852,1.8904696646783237
2,-10,0.75,1.0,-0.7615941559557649,0.403102844953537,0.24796134233474731,2.1538424631516997,1.9156914556618854
2,-10,0.5,0.0,-0.7615941559557649,-0.01312032900750637,0.11588919162750244,1.514916279337456,1.7129532120497755
2,-10,0.5,0.1,-0.7615941559557649,0.01183550525456667,0.13717976212501526,1.5532249006408423,1.74563544554905
2,-10,0.5,0.2,-0.7615941559557649,0.03674958646297455,0.1582012176513672,1.5914694286382578,1.77790457230106
2,-10,0.5,0.3,-0.7615941559557649,0.06152207404375076,0.17886021733283997,1.6294966023848414,1.8096173087695453
2,-10,0.5,0.4,-0.7615941559557649,0.08605751395225525,0.19907113909721375,1.6671598945070905,1.8406422202164228
2,-10,0.5,0.5,-0.7615941559557649,0.110266774892807,0.2187579870223999,1.7043224834098354,1.870862648590139
2,-10,0.5,0.6,-0.7615941559557649,0.13406841456890106,0.23785580694675446,1.7408593505478285,1.900178885567808
2,-10,0.5,0.7,-0.7615941559557649,0.15738967061042786,0.256311297416687,1.7766588015552398,1.9285091103944483
2,-10,0.5,0.8,-0.7615941559557649,0.18016721308231354,0.27408307790756226,1.8116236213891084,1.9557898016172828
2,-10,0.5,0.9,-0.7615941559557649,0.20234692096710205,0.29114148020744324,1.845670731217426,1.9819754168479502
2,-10,0.5,1.0,-0.7615941559557649,0.2238841950893402,0.30746757984161377,1.8787316687758207,2.0070369059442013
2,-10,0.25,0.0,-0.7615941559557649,-0.2157297432422638,0.1720031201839447,1.203899334725984,1.7990912756520399
2,-10,0.25,0.1,-0.7615941559557649,-0.19085416197776794,0.19372743368148804,1.2420847631254441,1.8324393292620216
2,-10,0.25,0.2,-0.7615941559557649,-0.16570468246936798,0.21510930359363556,1.280690640867178,1.865261712542054
2,-10,0.25,0.3,-0.7615941559557649,-0.1403816193342209,0.23605073988437653,1.3195629793231358,1.8974080052280173
2,-10,0.25,0.4,-0.7615941559557649,-0.114984892308712,0.25646254420280457,1.3585483960296532,1.9287412827911665
2,-10,0.25,0.5,-0.7615941559557649,-0.08961218595504761,0.2762661576271057,1.3974969396422283,1.959140952829975
2,-10,0.25,0.6,-0.7615941559557649,-0.06435723602771759,0.2953953444957733,1.436264720460216,1.9885053398465693
2,-10,0.25,0.7,-0.7615941559557649,-0.03930837661027908,0.31379690766334534,1.4747161406542808,2.016752783204862
2,-10,0.25,0.8,-0.7615941559557649,-0.014547565951943398,0.3314307928085327,1.512725389662502,2.0438217972494472
2,-10,0.25,0.9,-0.7615941559557649,0.00985032320022583,0.3482697904109955,1.550177533570706,2.069670613823043
2,-10,0.25,1.0,-0.7615941559557649,0.03381793200969696,0.3642987310886383,1.58696917274364,2.094275947063594
2,-10,0.05,0.0,-0.7615941559557649,-0.37572816014289856,0.2152150571346283,0.9582926882872852,1.865424050226735
2,-10,0.05,0.1,-0.7615941559557649,-0.35140809416770935,0.237003356218338,0.9956253692040201,1.8988703253412988
2,-10,0.05,0.2,-0.7615941559557649,-0.32657214999198914,0.25840073823928833,1.0337499524236506,1.9317165205883249
2,-10,0.05,0.3,-0.7615941559557649,-0.3013147711753845,0.2793094217777252,1.072521461724462,1.9638125359414813
2,-10,0.05,0.4,-0.7615941559557649,-0.27573347091674805,0.299640953540802,1.111790208814423,1.9950225905784118
2,-10,0.05,0.5,-0.7615941559557649,-0.24992649257183075,0.31931787729263306,1.1514053845692407,2.0252277847830427
2,-10,0.05,0.6,-0.7615941559557649,-0.22399164736270905,0.3382754325866699,1.1912168432143284,2.054328707596149
2,-10,0.05,0.7,-0.7615941559557649,-0.1980241984128952,0.35646215081214905,1.2310783504509453,2.0822463517804635
2,-10,0.05,0.8,-0.7615941559557649,-0.1721159666776657,0.3738400936126709,1.2708489559038618,2.10892247980672
2,-10,0.05,0.9,-0.7615941559557649,-0.14635436236858368,0.390384316444397,1.310394479939664,2.1343188003850564
2,-10,0.05,1.0,-0.7615941559557649,-0.12082121521234512,0.40608224272727966,1.349589309285783,2.1584160077516463
2,-5,1.0,0.0,-0.46211715726000974,0.5608708262443542,-0.07919981330633163,2.3960252643996993,1.4134805223379832
2,-5,1.0,0.1,-0.46211715726000974,0.5839827060699463,-0.05962835252285004,2.431503311038018,1.4435238249034248
2,-5,1.0,0.2,-0.46211715726000974,0.6063263416290283,-0.040073469281196594,2.465802059145774,1.4735416800017382
2,-5,1.0,0.3,-0.46211715726000974,0.6278303861618042,-0.020611748099327087,2.4988119873992742,1.5034165260533245
2,-5,1.0,0.4,-0.46211715726000974,0.6484339237213135,-0.0013155564665794373,2.5304395863642535,1.5330372748567385
2,-5,1.0,0.5,-0.46211715726000974,0.6680877208709717,0.017748408019542694,2.560609279922608,1.562301541816147
2,-5,1.0,0.6,-0.46211715726000974,0.6867541670799255,0.03652017563581467,2.589263333775883,1.5911172700043978
2,-5,1.0,0.7,-0.46211715726000974,0.7044081091880798,0.05494696646928787,2.616363136396427,1.619403439260981
2,-5,1.0,0.8,-0.46211715726000974,0.7210357189178467,0.072983518242836,2.641887460593683,1.647090569422839
2,-5,1.0,0.9,-0.46211715726000974,0.7366341352462769,0.09059189260005951,2.6658319145351217,1.6741204229607067
2,-5,1.0,1.0,-0.46211715726000974,0.751210629940033,0.10774124413728714,2.6882076607950878,1.70044565043013
2,-5,0.75,0.0,-0.46211715726000974,0.38855117559432983,-0.028490498661994934,2.131504825188574,1.491322196988646
2,-5,0.75,0.1,-0.46211715726000974,0.4133097231388092,-0.007830705493688583,2.1695106001886426,1.5230361515044344
2,-5,0.75,0.2,-0.46211715726000974,0.4374484419822693,0.012752583250403404,2.206564902970593,1.55463266738906
2,-5,0.75,0.3,-0.46211715726000974,0.46087661385536194,0.033170390874147415,2.24252847584465,1.5859751603664287
2,-5,0.75,0.4,-0.46211715726000974,0.4835141599178314,0.053339146077632904,2.2772783932482557,1.61693534375029
2,-5,0.75,0.5,-0.46211715726000974,0.5052934885025024,0.07318254560232162,2.3107108981379105,1.6473960877102056
2,-5,0.75,0.6,-0.46211715726000974,0.5261598229408264,0.09263285249471664,2.342741905219986,1.677253412179931
2,-5,0.75,0.7,-0.46211715726000974,0.546072244644165,0.11163164675235748,2.373308602139665,1.7064176391416006
2,-5,0.75,0.8,-0.46211715726000974,0.5650026202201843,0.13013023138046265,2.4023678025437456,1.73481401594571
2,-5,0.75,0.9,-0.46211715726000974,0.5829355716705322,0.14808934926986694,2.4298959003323835,1.7623822807026865
2,-5,0.75,1.0,-0.46211715726000974,0.599867045879364,0.16547894477844238,2.4558866737428295,1.7890762962968478
2,-5,0.5,0.0,-0.46211715726000974,0.19587069749832153,0.026555098593235016,1.8357293608053513,1.5758203114385438
2,-5,0.5,0.1,-0.46211715726000974,0.22185105085372925,0.04808782786130905,1.8756106770366043,1.608874272387973
2,-5,0.5,0.2,-0.46211715726000974,0.247462660074234,0.06946918368339539,1.9149259501024196,1.641695866510598
2,-5,0.5,0.3,-0.46211715726000974,0.27259722352027893,0.09059950709342957,1.9535089308422704,1.6741321116399899
2,-5,0.5,0.4,-0.46211715726000974,0.2971552610397339,0.1113860234618187,1.9912069115792608,1.7060405934567429
2,-5,0.5,0.5,-0.46211715726000974,0.32104840874671936,0.13174495100975037,2.0278842487358006,1.7372927021775517
2,-5,0.5,0.6,-0.46211715726000974,0.3442007005214691,0.15160316228866577,2.063424330008592,1.7677761830204564
2,-5,0.5,0.7,-0.46211715726000974,0.3665492534637451,0.17089904844760895,2.0977306265785076,1.7973964629042514
2,-5,0.5,0.8,-0.46211715726000974,0.3880447447299957,0.189582958817482,2.1307274250826755,1.8260773252352558
2,-5,0.5,0.9,-0.46211715726000974,0.4086509048938751,0.2076168954372406,2.16235904989414,1.8537604409876929
2,-5,0.5,1.0,-0.46211715726000974,0.42834368348121643,0.22497397661209106,2.192588582170703,1.8804045452350917
2,-5,0.25,0.0,-0.46211715726000974,-0.01075063832104206,0.08411472290754318,1.5185538889705623,1.6641776000415196
2,-5,0.25,0.1,-0.46211715726000974,0.015791427344083786,0.10620008409023285,1.559297465462421,1.6980798823299532
2,-5,0.25,0.2,-0.46211715726000974,0.04229940474033356,0.12805187702178955,1.599988714527773,1.7316236241028833
2,-5,0.25,0.3,-0.46211715726000974,0.0686541199684143,0.14956387877464294,1.6404446974706275,1.7646457671406046
2,-5,0.25,0.4,-0.46211715726000974,0.09474117308855057,0.17063812911510468,1.6804898038936738,1.7969959369272526
2,-5,0.25,0.5,-0.46211715726000974,0.12045346945524216,0.1911872923374176,1.719959637440733,1.828540068200052
2,-5,0.25,0.6,-0.46211715726000974,0.1456933170557022,0.21113644540309906,1.7587042353302405,1.8591631498446484
2,-5,0.25,0.7,-0.46211715726000974,0.17037376761436462,0.23042401671409607,1.7965901270267421,1.888770665965156
2,-5,0.25,0.8,-0.46211715726000974,0.1944197118282318,0.24900218844413757,1.833502015489287,1.9172892134856072
2,-5,0.25,0.9,-0.46211715726000974,0.21776816248893738,0.26683637499809265,1.8693432117798519,1.9446657015554818
2,-5,0.25,1.0,-0.46211715726000974,0.24036796391010284,0.2839045822620392,1.9040351890178528,1.9708663679622125
2,-5,0.05,0.0,-0.46211715726000974,-0.1792379468679428,0.13022348284721375,1.2599163122913744,1.7349571622372038
2,-5,0.05,0.1,-0.46211715726000974,-0.15282708406448364,0.15246586501598358,1.3004584849476117,1.769100480646861
2,-5,0.05,0.2,-0.46211715726000974,-0.12615971267223358,0.17441260814666748,1.3413944128390323,1.8027899763618493
2,-5,0.05,0.3,-0.46211715726000974,-0.09935592114925385,0.19595642387866974,1.3825397533700545,1.8358609556623287
2,-5,0.05,0.4,-0.46211715726000974,-0.0725351944565773,0.21699917316436768,1.423711090347271,1.8681627695429015
2,-5,0.05,0.5,-0.46211715726000974,-0.045813851058483124,0.23745405673980713,1.4647298683294219,1.8995621762093917
2,-5,0.05,0.6,-0.46211715726000974,-0.019302470609545708,0.2572476267814636,1.5054263412737,1.929946429086093
2,-5,0.05,0.7,-0.46211715726000974,0.006895882077515125,0.2763204276561737,1.5456422988458511,1.9592242604032606
2,-5,0.05,0.8,-0.46211715726000974,0.032687313854694366,0.2946275770664215,1.585233609737255,1.9873267732880948
2,-5,0.05,0.9,-0.46211715726000974,0.05798785388469696,0.3121379315853119,1.6240713739491104,2.0142061608135866
2,-5,0.05,1.0,-0.46211715726000974,0.08272410929203033,0.32883355021476746,1.6620429292540566,2.039834882529919
2,0,1.0,0.0,0.0,0.8373544812202454,-0.20233671367168427,2.820443359335697,1.2244583948854806
2,0,1.0,0.1,0.0,0.8583459854125977,-0.18304802477359772,2.8526665090909185,1.25406762656557
2,0,1.0,0.2,0.0,0.8783237338066101,-0.16362035274505615,2.8833334861866775,1.2838902052352346
2,0,1.0,0.3,0.0,0.8972406983375549,-0.14412792026996613,2.912372099875778,1.3138121948641248
2,0,1.0,0.4,0.0,0.9150605201721191,-0.1246432363986969,2.939726537286496,1.3437222899465822
2,0,1.0,0.5,0.0,0.9317581057548523,-0.10523596405982971,2.9653582783876917,1.3735135539353498
2,0,1.0,0.6,0.0,0.9473192691802979,-0.08597145974636078,2.989245547009742,1.4030856609060918
2,0,1.0,0.7,0.0,0.9617409706115723,-0.06691031157970428,3.0113836768305844,1.4323456046553544
2,0,1.0,0.8,0.0,0.9750311970710754,-0.04810746759176254,3.0317849283826956,1.4612090368370394
2,0,1.0,0.9,0.0,0.9872071146965027,-0.02961210161447525,3.0504756526612504,1.4896004728295533
2,0,1.0,1.0,0.0,0.9982949495315552,-0.011467315256595612,3.0674961081310985,1.5174537492183635
2,0,0.75,0.0,0.0,0.6904402375221252,-0.16056407988071442,2.594921661010506,1.2885817574602716
2,0,0.75,0.1,0.0,0.7134960293769836,-0.14008265733718872,2.630313609431953,1.3200219029482945
2,0,0.75,0.2,0.0,0.7355631589889526,-0.11949224770069122,2.664187905225078,1.3516293498067213
2,0,0.75,0.3,0.0,0.7565768361091614,-0.09888162463903427,2.6964450916823997,1.3832678254194484
2,0,0.75,0.4,0.0,0.7764847278594971,-0.07833713293075562,2.727004834867241,1.4148047856531965
2,0,0.75,0.5,0.0,0.7952489256858826,-0.057940736413002014,2.755808942998592,1.4461144113682465
2,0,0.75,0.6,0.0,0.8128453493118286,-0.037768542766571045,2.7828204514859998,1.4770798729570873
2,0,0.75,0.7,0.0,0.8292635679244995,-0.01788967475295067,2.8080233484400354,1.507595063059593
2,0,0.75,0.8,0.0,0.8445063233375549,0.0016345717012882233,2.831421842700206,1.5375658889512411
2,0,0.75,0.9,0.0,0.8585882186889648,0.020750906318426132,2.853038350911712,1.5669105470326463
2,0,0.75,1.0,0.0,0.8715343475341797,0.039414405822753906,2.872911393105693,1.5955600775271577
2,0,0.5,0.0,0.0,0.5182175040245056,-0.11256393790245056,2.3305499951263027,1.3622646983807702
2,0,0.5,0.1,0.0,0.5432039499282837,-0.09107733517885208,2.3689056070362637,1.3952478524677323
2,0,0.5,0.2,0.0,0.5673304200172424,-0.06953100115060806,2.4059411072851993,1.4283226974958023
2,0,0.5,0.3,0.0,0.5905098915100098,-0.04802723973989487,2.441522910967017,1.461332191140875
2,0,0.5,0.4,0.0,0.6126695871353149,-0.026664696633815765,2.475539300841759,1.4941249066772087
2,0,0.5,0.5,0.0,0.6337524652481079,-0.005535908043384552,2.507902714748377,1.5265587957714417
2,0,0.5,0.6,0.0,0.6537168025970459,0.015274561941623688,2.538549105129156,1.5585040477485617
2,0,0.5,0.7,0.0,0.6725373268127441,0.03569157049059868,2.5674396774634234,1.5898453141008295
2,0,0.5,0.8,0.0,0.6902032494544983,0.05565020442008972,2.5945578708826824,1.6204829494092103
2,0,0.5,0.9,0.0,0.7067180275917053,0.07509610056877136,2.6199089921845737,1.65033350313712
2,0,0.5,1.0,0.0,0.7220970988273621,0.09398539364337921,2.643516738965452,1.6793296395709785
2,0,0.25,0.0,0.0,0.3232223093509674,-0.05896425247192383,2.031221309485795,1.4445432561551044
2,0,0.25,0.1,0.0,0.34973451495170593,-0.036768585443496704,2.0719190490848978,1.478614864174248
2,0,0.25,0.2,0.0,0.3756372034549713,-0.01458144560456276,2.1116811453622892,1.512673382473784
2,0,0.25,0.3,0.0,0.40082070231437683,0.0074849557131528854,2.150339244737689,1.5465465602939146
2,0,0.25,0.4,0.0,0.42518821358680725,0.029323618859052658,2.1877447568771977,1.5800701471010261
2,0,0.25,0.5,0.0,0.448657751083374,0.05083548650145531,2.223771828329904,1.6130920842715977
2,0,0.25,0.6,0.0,0.4711633324623108,0.07193166017532349,2.2583191724581066,1.645475907618706
2,0,0.25,0.7,0.0,0.49265533685684204,0.09253490716218948,2.29131061841638,1.677103060538194
2,0,0.25,0.8,0.0,0.5130999684333801,0.11258050799369812,2.3226942876829746,1.7078741949746878
2,0,0.25,0.9,0.0,0.5324786305427551,0.13201633095741272,2.3524416333464515,1.737709285792235
2,0,0.25,1.0,0.0,0.5507862567901611,0.15080267190933228,2.380544878203374,1.7665473848774307
2,0,0.05,0.0,0.0,0.15556052327156067,-0.013162247836589813,1.7738509566249963,1.5148519315568139
2,0,0.05,0.1,0.0,0.1828000396490097,0.00932493805885315,1.8156651595257172,1.5493710375743024
2,0,0.05,0.2,0.0,0.2097061425447464,0.031739771366119385,1.8569675538179087,1.5837790782644743
2,0,0.05,0.3,0.0,0.2361546903848648,0.053966451436281204,1.8975675751432397,1.6178982930620092
2,0,0.05,0.4,0.0,0.2620311677455902,0.0758955106139183,1.937289435829909,1.6515606429058836
2,0,0.05,0.5,0.0,0.2872333824634552,0.09742672741413116,1.9759762651097699,1.6846122821313456
2,0,0.05,0.6,0.0,0.3116733133792877,0.1184714064002037,2.01349294551017,1.7169170582114626
2,0,0.05,0.7,0.0,0.3352780342102051,0.1389538198709488,2.049727531049874,1.7483587248289814
2,0,0.05,0.8,0.0,0.3579902946949005,0.158812016248703,2.084592139330046,1.778842182797758
2,0,0.05,0.9,0.0,0.37976765632629395,0.17799775302410126,2.1180216248348374,1.8082933771291847
2,0,0.05,1.0,0.0,0.40058213472366333,0.19647599756717682,2.1499730299523234,1.8366585307489076
2,5,1.0,0.0,0.46211715726000974,1.0,-0.3032061457633972,3.070113457325394,1.0696180944367117
2,5,1.0,0.1,0.46211715726000974,1.0,-0.28459903597831726,3.070113457325394,1.098181063513264
2,5,1.0,0.2,0.46211715726000974,1.0,-0.2657642662525177,3.070113457325394,1.127093503513665
2,5,1.0,0.3,0.46211715726000974,1.0,-0.2467671036720276,3.070113457325394,1.1562552257583458
2,5,1.0,0.4,0.46211715726000974,1.0,-0.22767284512519836,3.070113457325394,1.185565995819481
2,5,1.0,0.5,0.46211715726000974,1.0,-0.20854587852954865,3.070113457325394,1.2149269745910398
2,5,1.0,0.6,0.46211715726000974,1.0,-0.18944863975048065,3.070113457325394,1.2442423194777263
2,5,1.0,0.7,0.46211715726000974,1.0,-0.17044080793857574,3.070113457325394,1.27342041959788
2,5,1.0,0.8,0.46211715726000974,1.0,-0.15157848596572876,3.070113457325394,1.3023751538605008
2,5,1.0,0.9,0.46211715726000974,1.0,-0.13291390240192413,3.070113457325394,1.3310263484478064
2,5,1.0,1.0,0.46211715726000974,1.0,-0.11449486017227173,3.070113457325394,1.3593006231579567
2,5,0.75,0.0,0.46211715726000974,0.935327410697937,-0.27222999930381775,2.970837363957223,1.1171682364875304
2,5,0.75,0.1,0.46211715726000974,0.9549115896224976,-0.2523907721042633,3.000900189590704,1.1476225756916743
2,5,0.75,0.2,0.46211715726000974,0.9734228849411011,-0.23232287168502808,3.0293160780257886,1.1784279412603542
2,5,0.75,0.3,0.46211715726000974,0.9908275604248047,-0.2121061235666275,3.0560332422372385,1.209461796491184
2,5,0.75,0.4,0.46211715726000974,1.0,-0.19182036817073822,3.070113457325394,1.2406015818076495
2,5,0.75,0.5,0.46211715726000974,1.0,-0.17154355347156525,3.070113457325394,1.2717276426474617
2,5,0.75,0.6,0.46211715726000974,1.0,-0.1513504981994629,3.070113457325394,1.3027251280151602
2,5,0.75,0.7,0.46211715726000974,1.0,-0.13131161034107208,3.070113457325394,1.3334859576571
2,5,0.75,0.8,0.46211715726000974,1.0,-0.1114920824766159,3.070113457325394,1.3639100572643514
2,5,0.75,0.9,0.46211715726000974,1.0,-0.09195110946893692,3.070113457325394,1.393906559364405
2,5,0.75,1.0,0.46211715726000974,1.0,-0.07274150848388672,3.070113457325394,1.423394386611432
2,5,0.5,0.0,0.46211715726000974,0.7930529713630676,-0.23495540022850037,2.7524380285395194,1.1743868606063006
2,5,0.5,0.1,0.46211715726000974,0.8146092891693115,-0.2140342891216278,2.7855281992331853,1.2065019529820051
2,5,0.5,0.2,0.46211715726000974,0.8351038098335266,-0.19289831817150116,2.8169884510795056,1.2389468674058164
2,5,0.5,0.3,0.46211715726000974,0.854488730430603,-0.171642005443573,2.8467454038766395,1.2715765132853811
2,5,0.5,0.4,0.46211715726000974,0.8727282285690308,-0.1503591239452362,2.8747440682214638,1.3042469437347337
2,5,0.5,0.5,0.46211715726000974,0.8897990584373474,-0.1291404366493225,2.9009487604746798,1.3368188324417158
2,5,0.5,0.6,0.46211715726000974,0.9056904315948486,-0.10807184875011444,2.9253429197677914,1.3691603100598166
2,5,0.5,0.7,0.46211715726000974,0.9204035401344299,-0.08723296225070953,2.9479283760310206,1.4011491829985663
2,5,0.5,0.8,0.46211715726000974,0.9339513182640076,-0.06669586896896362,2.968724984007258,1.432674786227884
2,5,0.5,0.9,0.46211715726000974,0.9463567137718201,-0.046524472534656525,2.9877679698532473,1.4636390240508896
2,5,0.5,1.0,0.46211715726000974,0.9576513767242432,-0.026773978024721146,3.005105918216342,1.4939571535427816
2,5,0.25,0.0,0.46211715726000974,0.6255130171775818,-0.19096824526786804,2.495254694547249,1.241909638803348
2,5,0.25,0.1,0.46211715726000974,0.6489476561546326,-0.169220432639122,2.531228194792752,1.2752937649128002
2,5,0.25,0.2,0.46211715726000974,0.6714306473731995,-0.14729082584381104,2.5657408617432775,1.3089569553808695
2,5,0.25,0.3,0.46211715726000974,0.692895770072937,-0.12528622150421143,2.59869104277508,1.3427352713339322
2,5,0.25,0.4,0.46211715726000974,0.7132895588874817,-0.10331149399280548,2.6299966655177727,1.3764677246608452
2,5,0.25,0.5,0.46211715726000974,0.7325726747512817,-0.08146707713603973,2.6595973422740817,1.4100001437405363
2,5,0.25,0.6,0.46211715726000974,0.7507197856903076,-0.059846729040145874,2.687454187026822,1.443188604561168
2,5,0.25,0.7,0.46211715726000974,0.7677189707756042,-0.038535766303539276,2.7135489004737887,1.4759021413042759
2,5,0.25,0.8,0.46211715726000974,0.7835715413093567,-0.017609722912311554,2.7378834955382256,1.5080248050162675
2,5,0.25,0.9,0.46211715726000974,0.7982903122901917,0.002866160124540329,2.7604776439700016,1.5394564470472973
2,5,0.25,1.0,0.46211715726000974,0.8118981719017029,0.022837378084659576,2.781366480429349,1.5701133995565677
2,5,0.05,0.0,0.46211715726000974,0.475130558013916,-0.15116460621356964,2.2644090887352206,1.30301048275891
2,5,0.05,0.1,0.46211715726000974,0.49983102083206177,-0.12900561094284058,2.3023257003852984,1.3370257975496476
2,5,0.05,0.2,0.46211715726000974,0.5237498879432678,-0.1067059189081192,2.3390425182863437,1.3712570898546526
2,5,0.05,0.3,0.46211715726000974,0.5468040108680725,-0.08437842130661011,2.3744319048054825,1.4055310652820494
2,5,0.05,0.4,0.46211715726000974,0.568922758102417,-0.062133267521858215,2.408385436577152,1.439678638279469
2,5,0.05,0.5,0.46211715726000974,0.5900492072105408,-0.04007493704557419,2.4408157344333277,1.4735394269001545
2,5,0.05,0.6,0.46211715726000974,0.6101406812667847,-0.018299870193004608,2.4716572868721167,1.5069653897892714
2,5,0.05,0.7,0.46211715726000974,0.6291688084602356,0.003105428069829941,2.5008665415542732,1.5398237369166674
2,5,0.05,0.8,0.46211715726000974,0.6471188068389893,0.024065637961030006,2.528420807345064,1.5719988481443365
2,5,0.05,0.9,0.46211715726000974,0.6639884114265442,0.04451707378029823,2.554316607377069,1.6033929623095176
2,5,0.05,1.0,0.46211715726000974,0.6797866225242615,0.06440796703100204,2.5785677576234534,1.633926611833122
2,10,1.0,0.0,0.7615941559557649,1.0,-0.3546997606754303,3.070113457325394,0.9905724743828295
2,10,1.0,0.1,0.7615941559557649,1.0,-0.3367122709751129,3.070113457325394,1.0181842914790526
2,10,1.0,0.2,0.7615941559557649,1.0,-0.31847670674324036,3.070113457325394,1.0461769170541495
2,10,1.0,0.3,0.7615941559557649,1.0,-0.3000507354736328,3.070113457325394,1.074461828233706
2,10,1.0,0.4,0.7615941559557649,1.0,-0.28149282932281494,3.070113457325394,1.1029492669404097
2,10,1.0,0.5,0.7615941559557649,1.0,-0.2628609240055084,3.070113457325394,1.1315502985655475
2,10,1.0,0.6,0.7615941559557649,1.0,-0.24421221017837524,3.070113457325394,1.1601771322067933
2,10,1.0,0.7,0.7615941559557649,1.0,-0.22560173273086548,3.070113457325394,1.1887452708362185
2,10,1.0,0.8,0.7615941559557649,1.0,-0.2070823311805725,3.070113457325394,1.217173602796802
2,10,1.0,0.9,0.7615941559557649,1.0,-0.18870383501052856,3.070113457325394,1.2453856370053298
2,10,1.0,1.0,0.7615941559557649,1.0,-0.1705126166343689,3.070113457325394,1.2733101891762262
2,10,0.75,0.0,0.7615941559557649,1.0,-0.33008450269699097,3.070113457325394,1.0283582917704008
2,10,0.75,0.1,0.7615941559557649,1.0,-0.3108856976032257,3.070113457325394,1.057829546711869
2,10,0.75,0.2,0.7615941559557649,1.0,-0.29142457246780396,3.070113457325394,1.0877034777983448
2,10,0.75,0.3,0.7615941559557649,1.0,-0.271772176027298,3.070113457325394,1.1178710211886904
2,10,0.75,0.4,0.7615941559557649,1.0,-0.2520003318786621,3.070113457325394,1.148221923587124
2,10,0.75,0.5,0.7615941559557649,1.0,-0.2321799099445343,3.070113457325394,1.1786473956420407
2,10,0.75,0.6,0.7615941559557649,1.0,-0.21238014101982117,3.070113457325394,1.209041164155888
2,10,0.75,0.7,0.7615941559557649,1.0,-0.19266700744628906,3.070113457325394,1.239301942490965
2,10,0.75,0.8,0.7615941559557649,1.0,-0.17310281097888947,3.070113457325394,1.2693340939191258
2,10,0.75,0.9,0.7615941559557649,1.0,-0.15374524891376495,3.070113457325394,1.299049049817701
2,10,0.75,1.0,0.7615941559557649,1.0,-0.13464698195457458,3.070113457325394,1.3283659730192026
2,10,0.5,0.0,0.7615941559557649,0.9322139024734497,-0.29971885681152344,2.9660579522074775,1.0749712808070766
2,10,0.5,0.1,0.7615941559557649,0.9512181878089905,-0.2794327437877655,2.995230608285225,1.1061116151026082
2,10,0.5,0.2,0.7615941559557649,0.969191312789917,-0.25888100266456604,3.0228203747222917,1.1376597035995093
2,10,0.5,0.3,0.7615941559557649,0.986102283000946,-0.2381485402584076,3.0487796733329464,1.1694852095178292
2,10,0.5,0.4,0.7615941559557649,1.0,-0.21732057631015778,3.070113457325394,1.2014573157209343
2,10,0.5,0.5,0.7615941559557649,1.0,-0.19648073613643646,3.070113457325394,1.2334476526038602
2,10,0.5,0.6,0.7615941559557649,1.0,-0.17570947110652924,3.070113457325394,1.2653327227508555
2,10,0.5,0.7,0.7615941559557649,1.0,-0.15508274734020233,3.070113457325394,1.2969959138586225
2,10,0.5,0.8,0.7615941559557649,1.0,-0.13467082381248474,3.070113457325394,1.3283293744147937
2,10,0.5,0.9,0.7615941559557649,1.0,-0.1145375519990921,3.070113457325394,1.359235088781937
2,10,0.5,1.0,0.7615941559557649,1.0,-0.09473971277475357,3.070113457325394,1.3896258950962403
2,10,0.25,0.0,0.7615941559557649,0.7847066521644592,-0.26283183693885803,2.739625955094129,1.1315949488629262
2,10,0.25,0.1,0.7615941559557649,0.8054834008216858,-0.24167850613594055,2.771519442920138,1.1640665116455726
2,10,0.25,0.2,0.7615941559557649,0.8252753615379333,-0.22027219831943512,2.801901225391042,1.196926408495124
2,10,0.25,0.3,0.7615941559557649,0.8440389037132263,-0.19871008396148682,2.8307043270607712,1.2300254772244872
2,10,0.25,0.4,0.7615941559557649,0.8617408871650696,-0.17708882689476013,2.857877875869199,1.2632153333669118
2,10,0.25,0.5,0.7615941559557649,0.8783590197563171,-0.15550243854522705,2.8833876521212027,1.2963516640503887
2,10,0.25,0.6,0.7615941559557649,0.8938816785812378,-0.13404029607772827,2.9072158139971322,1.3292972702566401
2,10,0.25,0.7,0.7615941559557649,0.9083075523376465,-0.1127854436635971,2.9293603485737463,1.3619246744716849
2,10,0.25,0.8,0.7615941559557649,0.9216458201408386,-0.09181336313486099,2.9498353463137414,1.394118007801377
2,10,0.25,0.9,0.7615941559557649,0.9339143633842468,-0.07119117677211761,2.968668256170424,1.4257742337372423
2,10,0.25,1.0,0.7615941559557649,0.9451390504837036,-0.05097705125808716,2.9858987876295786,1.456804063121587
2,10,0.05,0.0,0.7615941559557649,0.649890124797821,-0.2284374237060547,2.532674937625032,1.1843923243243464
2,10,0.05,0.1,0.7615941559557649,0.6719821095466614,-0.2068132609128952,2.566587387463253,1.2175866409216833
2,10,0.05,0.2,0.7615941559557649,0.6931927800178528,-0.18495996296405792,2.5991469698895027,1.2511326929815167
2,10,0.05,0.3,0.7615941559557649,0.7134658694267273,-0.16298162937164307,2.630267312197376,1.2848706818473465
2,10,0.05,0.4,0.7615941559557649,0.7327556014060974,-0.14098112285137177,2.659878145066408,1.3186427074152764
2,10,0.05,0.5,0.7615941559557649,0.7510273456573486,-0.11905775964260101,2.687926309023695,1.3522963136238162
2,10,0.05,0.6,0.7615941559557649,0.7682576775550842,-0.09730499982833862,2.7143758459404057,1.3856880339436832
2,10,0.05,0.7,0.7615941559557649,0.7844344973564148,-0.07580871880054474,2.7392081820248024,1.4186860447766225
2,10,0.05,0.8,0.7615941559557649,0.799556314945221,-0.054645851254463196,2.762421029864109,1.4511722470010324
2,10,0.05,0.9,0.7615941559557649,0.8136315941810608,-0.03388369828462601,2.784027381962891,1.4830433296189052
2,10,0.05,1.0,0.7615941559557649,0.8266773223876953,-0.01357945054769516,2.8040533148267905,1.5142115017279152
2,15,1.0,0.0,0.9051482536448665,1.0,-0.3757774233818054,3.070113457325394,0.9582170664209255
2,15,1.0,0.1,0.9051482536448665,1.0,-0.3581221103668213,3.070113457325394,0.985318973461223
2,15,1.0,0.2,0.9051482536448665,1.0,-0.34021642804145813,3.070113457325394,1.0128052115960684
2,15,1.0,0.3,0.9051482536448665,1.0,-0.3221144676208496,3.070113457325394,1.0405927477417094
2,15,1.0,0.4,0.9051482536448665,1.0,-0.30387112498283386,3.070113457325394,1.0685973136114946
2,15,1.0,0.5,0.9051482536448665,1.0,-0.2855411767959595,3.070113457325394,1.0967348239117947
2,15,1.0,0.6,0.9051482536448665,1.0,-0.2671786844730377,3.070113457325394,1.1249222913071129
2,15,1.0,0.7,0.9051482536448665,1.0,-0.2488361895084381,3.070113457325394,1.1530790616229831
2,15,1.0,0.8,0.9051482536448665,1.0,-0.2305642068386078,3.070113457325394,1.1811275915663144
2,15,1.0,0.9,0.9051482536448665,1.0,-0.2124105840921402,3.070113457325394,1.2089944323128836
2,15,1.0,1.0,0.9051482536448665,1.0,-0.19442035257816315,3.070113457325394,1.2366104582486137
2,15,0.75,0.0,0.9051482536448665,1.0,-0.3538684546947479,3.070113457325394,0.9918485762220535
2,15,0.75,0.1,0.9051482536448665,1.0,-0.3350241482257843,3.070113457325394,1.020775655664218
2,15,0.75,0.2,0.9051482536448665,1.0,-0.31591087579727173,3.070113457325394,1.0501156131123695
2,15,0.75,0.3,0.9051482536448665,1.0,-0.2965953052043915,3.070113457325394,1.0797661097189297
2,15,0.75,0.4,0.9051482536448665,1.0,-0.2771449387073517,3.070113457325394,1.109623525685166
2,15,0.75,0.5,0.9051482536448665,1.0,-0.25762689113616943,3.070113457325394,1.139584835939668
2,15,0.75,0.6,0.9051482536448665,1.0,-0.23810678720474243,3.070113457325394,1.1695493028238002
2,15,0.75,0.7,0.9051482536448665,1.0,-0.218647763133049,3.070113457325394,1.1994200086582625
2,15,0.75,0.8,0.9051482536448665,1.0,-0.19930972158908844,3.070113457325394,1.229104999449478
2,15,0.75,0.9,0.9051482536448665,1.0,-0.18014855682849884,3.070113457325394,1.2585184743442357
2,15,0.75,1.0,0.9051482536448665,1.0,-0.16121573746204376,3.070113457325394,1.2875814261052678
2,15,0.5,0.0,0.9051482536448665,0.9879937171936035,-0.32653647661209106,3.051683132117208,1.0338047130854973
2,15,0.5,0.1,0.9051482536448665,1.0,-0.3066153824329376,3.070113457325394,1.06438472274753
2,15,0.5,0.2,0.9051482536448665,1.0,-0.286416232585907,3.070113457325394,1.0953915636334806
2,15,0.5,0.3,0.9051482536448665,1.0,-0.26601868867874146,3.070113457325394,1.1267029506563677
2,15,0.5,0.4,0.9051482536448665,1.0,-0.24550312757492065,3.070113457325394,1.1581955007710785
2,15,0.5,0.5,0.9051482536448665,1.0,-0.22494879364967346,3.070113457325394,1.1897475693662092
2,15,0.5,0.6,0.9051482536448665,1.0,-0.2044323831796646,3.070113457325394,1.2212414233062021
2,15,0.5,0.7,0.9051482536448665,1.0,-0.18402686715126038,3.070113457325394,1.2525650479874386
2,15,0.5,0.8,0.9051482536448665,1.0,-0.16380029916763306,3.070113457325394,1.2836139772684592
2,15,0.5,0.9,0.9051482536448665,1.0,-0.1438150405883789,3.070113457325394,1.3142924829246072
2,15,0.5,1.0,0.9051482536448665,1.0,-0.12412720918655396,3.070113457325394,1.3445144209907554
2,15,0.25,0.0,0.9051482536448665,0.8496659398078918,-0.2929183840751648,2.8393421466803157,1.0854103922391112
2,15,0.25,0.1,0.9051482536448665,0.8691853284835815,-0.2721233367919922,2.8693055156063156,1.1173319694940043
2,15,0.25,0.2,0.9051482536448665,0.8877407312393188,-0.25105535984039307,2.897789111459556,1.149672509272867
2,15,0.25,0.3,0.9051482536448665,0.9052963852882385,-0.22980591654777527,2.924738036333425,1.1822916101795364
2,15,0.25,0.4,0.9051482536448665,0.9218253493309021,-0.2084665298461914,2.9501109338049396,1.215048779321338
2,15,0.25,0.5,0.9051482536448665,0.9373101592063904,-0.1871267557144165,2.9738809953963705,1.2478065431904612
2,15,0.25,0.6,0.9051482536448665,0.9517425298690796,-0.16587218642234802,2.9960355030926857,1.2804335127970785
2,15,0.25,0.7,0.9051482536448665,0.9651233553886414,-0.14478318393230438,3.0165758293415506,1.3128063279702042
2,15,0.25,0.8,0.9051482536448665,0.9774625301361084,-0.12393344938755035,3.0355171625637944,1.3448118532739601
2,15,0.25,0.9,0.9051482536448665,0.9887774586677551,-0.10338921844959259,3.0528862197406363,1.3763484132104724
2,15,0.25,1.0,0.9051482536448665,0.9990929961204529,-0.08320875465869904,3.068721154917172,1.4073265699402175
2,15,0.05,0.0,0.9051482536448665,0.7224902510643005,-0.2611776292324066,2.644120249952153,1.1341342515333201
2,15,0.05,0.1,0.9051482536448665,0.7432858943939209,-0.23989158868789673,2.676042742172156,1.166809531297757
2,15,0.05,0.2,0.9051482536448665,0.763196587562561,-0.21834932267665863,2.706606785693016,1.1998781316889497
2,15,0.05,0.3,0.9051482536448665,0.7821761965751648,-0.19664938747882843,2.7357415622152,1.2331887632259235
2,15,0.05,0.4,0.9051482536448665,0.8001874685287476,-0.17488962411880493,2.763389886419321,1.2665912343858357
2,15,0.05,0.5,0.9051482536448665,0.8172028064727783,-0.1531650722026825,2.789509395420775,1.2999396539818615
2,15,0.05,0.6,0.9051482536448665,0.8332046866416931,-0.13156583905220032,2.814073189245322,1.3330957021634635
2,15,0.05,0.7,0.9051482536448665,0.8481848239898682,-0.11017550528049469,2.8370685498779293,1.3659310779480611
2,15,0.05,0.8,0.9051482536448665,0.862144947052002,-0.08906979858875275,2.8584981307174173,1.3983295350184008
2,15,0.05,0.9,0.9051482536448665,0.8750948309898376,-0.06831584870815277,2.878376937191593,1.4301880254289443
2,15,0.05,1.0,0.9051482536448665,0.8870522975921631,-0.04797162115573883,2.896732326757252,1.4614175688227224
2,20,1.0,0.0,0.9640275800758169,1.0,-0.3838016390800476,3.070113457325394,0.9458994401210981
2,20,1.0,0.1,0.9640275800758169,1.0,-0.36628735065460205,3.070113457325394,0.9727848664163175
2,20,1.0,0.2,0.9640275800758169,1.0,-0.3485228717327118,3.070113457325394,1.0000543493165517
2,20,1.0,0.3,0.9640275800758169,1.0,-0.33056068420410156,3.070113457325394,1.027627326143846
2,20,1.0,0.4,0.9640275800758169,1.0,-0.312454491853714,3.070113457325394,1.0554213585417695
2,20,1.0,0.5,0.9640275800758169,1.0,-0.29425761103630066,3.070113457325394,1.083354602881213
2,20,1.0,0.6,0.9640275800758169,1.0,-0.27602288126945496,3.070113457325394,1.1113459475051555
2,20,1.0,0.7,0.9640275800758169,1.0,-0.25780171155929565,3.070113457325394,1.1393164766728405
2,20,1.0,0.8,0.9640275800758169,1.0,-0.23964357376098633,3.070113457325394,1.1671902482801195
2,20,1.0,0.9,0.9640275800758169,1.0,-0.22159546613693237,3.070113457325394,1.1948951173280522
2,20,1.0,1.0,0.9640275800758169,1.0,-0.20370174944400787,3.070113457325394,1.22236298753831
2,20,0.75,0.0,0.9640275800758169,1.0,-0.3629331886768341,3.070113457325394,0.9779336953293147
2,20,0.75,0.1,0.9640275800758169,1.0,-0.34424102306365967,3.070113457325394,1.0066272299270955
2,20,0.75,0.2,0.9640275800758169,1.0,-0.3252785801887512,3.070113457325394,1.0357356554541057
2,20,0.75,0.3,0.9640275800758169,1.0,-0.30611076951026917,3.070113457325394,1.0651593322098425
2,20,0.75,0.4,0.9640275800758169,1.0,-0.286803275346756,3.070113457325394,1.094797431039159
2,20,0.75,0.5,0.9640275800758169,1.0,-0.2674216330051422,3.070113457325394,1.124549351528187
2,20,0.75,0.6,0.9640275800758169,1.0,-0.2480299472808838,3.070113457325394,1.1543166891793224
2,20,0.75,0.7,0.9640275800758169,1.0,-0.22869008779525757,3.070113457325394,1.184004470614124
2,20,0.75,0.8,0.9640275800758169,1.0,-0.20946082472801208,3.070113457325394,1.2135224802727242
2,20,0.75,0.9,0.9640275800758169,1.0,-0.1903972327709198,3.070113457325394,1.2427861753789389
2,20,0.75,1.0,0.9640275800758169,1.0,-0.17155003547668457,3.070113457325394,1.271717692401888
2,20,0.5,0.0,0.9640275800758169,1.0,-0.3367800712585449,3.070113457325394,1.0180802141977652
2,20,0.5,0.1,0.9640275800758169,1.0,-0.3170177638530731,3.070113457325394,1.0484164771544353
2,20,0.5,0.2,0.9640275800758169,1.0,-0.2969740629196167,3.070113457325394,1.0791846951396402
2,20,0.5,0.3,0.9640275800758169,1.0,-0.27672654390335083,3.070113457325394,1.110265785444285
2,20,0.5,0.4,0.9640275800758169,1.0,-0.2563534677028656,3.070113457325394,1.1415396131493978
2,20,0.5,0.5,0.9640275800758169,1.0,-0.23593229055404663,3.070113457325394,1.1728872785389053
2,20,0.5,0.6,0.9640275800758169,1.0,-0.21553796529769897,3.070113457325394,1.2041937247501973
2,20,0.5,0.7,0.9640275800758169,1.0,-0.19524210691452026,3.070113457325394,1.2353490187252811
2,20,0.5,0.8,0.9640275800758169,1.0,-0.17511166632175446,3.070113457325394,1.266250387008151
2,20,0.5,0.9,0.9640275800758169,1.0,-0.15520817041397095,3.070113457325394,1.2968033823253045
2,20,0.5,1.0,0.9640275800758169,1.0,-0.13558726012706757,3.070113457325394,1.3269225926837025
2,20,0.25,0.0,0.9640275800758169,0.8742518424987793,-0.30445337295532227,2.8770829020362085,1.067703529943576
2,20,0.25,0.1,0.9640275800758169,0.8932715654373169,-0.28381672501564026,2.906279255710311,1.099381955220428
2,20,0.25,0.2,0.9640275800758169,0.9113406538963318,-0.2629011571407318,2.9340163315301235,1.1314885384206077
2,20,0.25,0.3,0.9640275800758169,0.9284257888793945,-0.2417958676815033,2.960242982945984,1.1638863550153702
2,20,0.25,0.4,0.9640275800758169,0.9445022940635681,-0.22058998048305511,2.9849213304023308,1.1964385948466103
2,20,0.25,0.5,0.9640275800758169,0.9595539569854736,-0.1993711143732071,3.0080264868481645,1.2290107580431253
2,20,0.25,0.6,0.9640275800758169,0.9735735058784485,-0.17822320759296417,3.029547289709141,1.2614739946432687
2,20,0.25,0.7,0.9640275800758169,0.9865623116493225,-0.15722520649433136,3.049485843405014,1.2937071175181918
2,20,0.25,0.8,0.9640275800758169,0.9985301494598389,-0.13644979894161224,3.067857153363591,1.325598546672703
2,20,0.25,0.9,0.9640275800758169,1.0,-0.11596263945102692,3.070113457325394,1.357047498699912
2,20,0.25,1.0,0.9640275800758169,1.0,-0.09582170844078064,3.070113457325394,1.3879649703687216
2,20,0.05,0.0,0.9640275800758169,0.7501639723777771,-0.27378398180007935,2.6866009820615413,1.11478278520042
2,20,0.05,0.1,0.9640275800758169,0.7704358100891113,-0.25264978408813477,2.717719402942683,1.147224977603028
2,20,0.05,0.2,0.9640275800758169,0.7898277044296265,-0.23125094175338745,2.747487060831607,1.1800734145145741
2,20,0.05,0.3,0.9640275800758169,0.8082966208457947,-0.2096833884716034,2.775837895247355,1.213180832300568
2,20,0.05,0.4,0.9640275800758169,0.8258083462715149,-0.18804284930229187,2.8027193871926004,1.2464002875643083
2,20,0.05,0.5,0.9640275800758169,0.8423377871513367,-0.16642233729362488,2.828093016636203,1.2795890000003454
2,20,0.05,0.6,0.9640275800758169,0.8578688502311707,-0.1449103057384491,2.851934079520187,1.312611188786322
2,20,0.05,0.7,0.9640275800758169,0.8723948001861572,-0.1235891580581665,2.874232236738807,1.345340359995751
2,20,0.05,0.8,0.9640275800758169,0.8859179019927979,-0.10253378748893738,2.894990965159481,1.3776615482625327
2,20,0.05,0.9,0.9640275800758169,0.89844810962677,-0.08181093633174896,2.914225544699551,1.4094723003684504
2,20,0.05,1.0,0.9640275800758169,0.9100031852722168,-0.06147853285074234,2.9319632413193,1.4406836931418543
3,-20,1.0,0.0,-0.9640275800758169,-0.8542978763580322,-0.3243613839149475,0.22366102527704687,1.0371436037657125
3,-20,1.0,0.1,-0.9640275800758169,-0.8327211737632751,-0.29146087169647217,0.2567824877774826,1.0876477564231324
3,-20,1.0,0.2,-0.9640275800758169,-0.8102181553840637,-0.2581450343132019,0.2913258975557114,1.1387894567693537
3,-20,1.0,0.3,-0.9640275800758169,-0.786825954914093,-0.22453433275222778,0.3272342522853667,1.1903837903556007
3,-20,1.0,0.4,-0.9640275800758169,-0.7625882029533386,-0.190743088722229,0.3644405765203802,1.2422552668737337
3,-20,1.0,0.5,-0.9640275800758169,-0.7375548481941223,-0.1568794995546341,0.4028681961845155,1.2942377972821193
3,-20,1.0,0.6,-0.9640275800758169,-0.7117820382118225,-0.12304554879665375,0.44243092156438996,1.3461748310503996
3,-20,1.0,0.7,-0.9640275800758169,-0.6853315830230713,-0.08933760225772858,0.4830338707780737,1.397918441194379
3,-20,1.0,0.8,-0.9640275800758169,-0.658270537853241,-0.0558464415371418,0.5245741102506669,1.4493292728092395
3,-20,1.0,0.9,-0.9640275800758169,-0.6306706070899963,-0.022657494992017746,0.5669415696794101,1.5002761885205589
3,-20,1.0,1.0,-0.9640275800758169,-0.6026070713996887,0.010149352252483368,0.6100206889708826,1.5506365601294396
3,-20,0.75,0.0,-0.9640275800758169,-0.7322501540184021,-0.3063398003578186,0.41101120267245267,1.0648077568662404
3,-20,0.75,0.1,-0.9640275800758169,-0.7078359723091125,-0.2710612118244171,0.44848835658009134,1.118962391572161
3,-20,0.75,0.2,-0.9640275800758169,-0.6824890375137329,-0.23532164096832275,0.4873973393887135,1.1738246602943259
3,-20,0.75,0.3,-0.9640275800758169,-0.6562689542770386,-0.19927439093589783,0.5276466545872971,1.2291592340063864
3,-20,0.75,0.4,-0.9640275800758169,-0.6292429566383362,-0.1630660444498062,0.5691330941114093,1.2847410999136115
3,-20,0.75,0.5,-0.9640275800758169,-0.6014851331710815,-0.12683457136154175,0.6117429277978499,1.3403584664671133
3,-20,0.75,0.6,-0.9640275800758169,-0.5730758309364319,-0.09070906043052673,0.6553528183497611,1.3958131750981457
3,-20,0.75,0.7,-0.9640275800758169,-0.5441004037857056,-0.054809603840112686,0.6998317427633594,1.4509208774925952
3,-20,0.75,0.8,-0.9640275800758169,-0.5146485567092896,-0.019247371703386307,0.7450419987895565,1.505510921220342
3,-20,0.75,0.9,-0.9640275800758169,-0.48481327295303345,0.015874989330768585,0.7908408518711583,1.559425737852342
3,-20,0.75,1.0,-0.9640275800758169,-0.4546894431114197,0.0504634827375412,0.8370826395626176,1.6125210373907135
3,-20,0.5,0.0,-0.9640275800758169,-0.5858688950538635,-0.2834577262401581,0.6357147391960843,1.0999330387063135
3,-20,0.5,0.1,-0.9640275800758169,-0.5586330890655518,-0.24593496322631836,0.6775232464389941,1.157532608548724
3,-20,0.5,0.2,-0.9640275800758169,-0.5305294990539551,-0.20791909098625183,0.7206638513858733,1.2158891290268197
3,-20,0.5,0.3,-0.9640275800758169,-0.5016449093818665,-0.16959981620311737,0.7650033351166741,1.274711389620145
3,-20,0.5,0.4,-0.9640275800758169,-0.4720740020275116,-0.1311594694852829,0.8103963554236376,1.3337195025014839
3,-20,0.5,0.5,-0.9640275800758169,-0.44191762804985046,-0.09276947379112244,0.8566881002101151,1.3926503237051369
3,-20,0.5,0.6,-0.9640275800758169,-0.41128143668174744,-0.0545886792242527,0.9037163919103196,1.4512600093106984
3,-20,0.5,0.7,-0.9640275800758169,-0.38027408719062805,-0.016762658953666687,0.9513144323846583,1.509325096245593
3,-20,0.5,0.8,-0.9640275800758169,-0.34900590777397156,0.020576458424329758,0.9993128615912293,1.5666427596190127
3,-20,0.5,0.9,-0.9640275800758169,-0.3175874650478363,0.057309478521347046,1.047541953502087,1.623030029283041
3,-20,0.5,1.0,-0.9640275800758169,-0.28612810373306274,0.09333007037639618,1.0958338577677609,1.678323681180547
3,-20,0.25,0.0,-0.9640275800758169,-0.416779488325119,-0.25500932335853577,0.8952765707406272,1.1436029509694552
3,-20,0.25,0.1,-0.9640275800758169,-0.3870547413825989,-0.2155853509902954,0.9409057435425385,1.204120985023935
3,-20,0.25,0.2,-0.9640275800758169,-0.35661524534225464,-0.17565864324569702,0.9876320967563705,1.2654107464006297
3,-20,0.25,0.3,-0.9640275800758169,-0.3255755603313446,-0.13545463979244232,1.0352797740879387,1.3271261724207266
3,-20,0.25,0.4,-0.9640275800758169,-0.29405689239501953,-0.0951911211013794,1.0836627173820796,1.388932957707079
3,-20,0.25,0.5,-0.9640275800758169,-0.26218417286872864,-0.05507280305027962,1.1325891499516914,1.4505168517740499
3,-20,0.25,0.6,-0.9640275800758169,-0.23008395731449127,-0.015287738293409348,1.1818648018297464,1.5115891831293646
3,-20,0.25,0.7,-0.9640275800758169,-0.19788208603858948,0.023994281888008118,1.2312965010073496,1.5718893125243134
3,-20,0.25,0.8,-0.9640275800758169,-0.1657017469406128,0.06262226402759552,1.2806951470703458,1.6311854564223496
3,-20,0.25,0.9,-0.9640275800758169,-0.13366198539733887,0.1004636138677597,1.3298779986120968,1.6892740751161726
3,-20,0.25,1.0,-0.9640275800758169,-0.10187622904777527,0.13740350306034088,1.3786709377721276,1.7459789005772988
3,-20,0.05,0.0,-0.9640275800758169,-0.2688905596733093,-0.22798800468444824,1.122294465762305,1.1850822080174523
3,-20,0.05,0.1,-0.9640275800758169,-0.23765763640403748,-0.18743781745433807,1.1702387747826066,1.247329045773565
3,-20,0.05,0.2,-0.9640275800758169,-0.2058916687965393,-0.14639809727668762,1.219001337100978,1.3103273443747017
3,-20,0.05,0.3,-0.9640275800758169,-0.17372559010982513,-0.10511815547943115,1.2683780926237123,1.3736943967893847
3,-20,0.05,0.4,-0.9640275800758169,-0.14129675924777985,-0.06384021043777466,1.3181581876411594,1.4370583840709485
3,-20,0.05,0.5,-0.9640275800758169,-0.10874336957931519,-0.022791974246501923,1.3681294874925147,1.5000697552360973
3,-20,0.05,0.6,-0.9640275800758169,-0.07620164752006531,0.017818374559283257,1.4180828769018377,1.562408944423757
3,-20,0.05,0.7,-0.9640275800758169,-0.04380331560969353,0.057804904878139496,1.4678161542983013,1.6237905368455923
3,-20,0.05,0.8,-0.9640275800758169,-0.01167355664074421,0.09700485318899155,1.5171371569938976,1.6839646812633957
3,-20,0.05,0.9,-0.9640275800758169,0.02007044292986393,0.1352783888578415,1.5658659971294253,1.7427167297215755
3,-20,0.05,1.0,-0.9640275800758169,0.05132091045379639,0.1725076287984848,1.613837237575893,1.799865724995458
3,-15,1.0,0.0,-0.9051482536448665,-0.8487651348114014,-0.3119775950908661,0.23215409741615423,1.0561534221264566
3,-15,1.0,0.1,-0.9051482536448665,-0.8268735408782959,-0.27876371145248413,0.26575893598431927,1.1071386176905746
3,-15,1.0,0.2,-0.9051482536448665,-0.8040480613708496,-0.24514806270599365,0.30079734188717716,1.1587405454872368
3,-15,1.0,0.3,-0.9051482536448665,-0.7803273797035217,-0.21125337481498718,0.3372099338890747,1.2107708142002482
3,-15,1.0,0.4,-0.9051482536448665,-0.7557568550109863,-0.17719613015651703,0.37492708314512413,1.2630506167729445
3,-15,1.0,0.5,-0.9051482536448665,-0.7303885221481323,-0.14308615028858185,0.41386891320120317,1.3154113708837676
3,-15,1.0,0.6,-0.9051482536448665,-0.7042802572250366,-0.10902689397335052,0.45394658094510953,1.3676942614637109
3,-15,1.0,0.7,-0.9051482536448665,-0.6774963736534119,-0.07511588931083679,0.49506136164145037,1.4197495773466147
3,-15,1.0,0.8,-0.9051482536448665,-0.6501060724258423,-0.041444722563028336,0.5371070278409292,1.4714367284247618
3,-15,1.0,0.9,-0.9051482536448665,-0.6221837997436523,-0.008099690079689026,0.5799693004012795,1.522623244905788
3,-15,1.0,1.0,-0.9051482536448665,-0.5938078761100769,0.024838633835315704,0.6235279529070183,1.5731854406623873
3,-15,0.75,0.0,-0.9051482536448665,-0.7255999445915222,-0.29305461049079895,0.42121965140020073,1.0852012769631703
3,-15,0.75,0.1,-0.9051482536448665,-0.7008391618728638,-0.2574262320995331,0.4592288575194324,1.1398928589440236
3,-15,0.75,0.2,-0.9051482536448665,-0.675140380859375,-0.22135382890701294,0.4986779442326175,1.1952660441837355
3,-15,0.75,0.3,-0.9051482536448665,-0.6485655903816223,-0.18499402701854706,0.5394717551682932,1.2510804027254676
3,-15,0.75,0.4,-0.9051482536448665,-0.6211845278739929,-0.14849604666233063,0.5815032394085635,1.3071068730538766
3,-15,0.75,0.5,-0.9051482536448665,-0.5930742621421814,-0.11200043559074402,0.6246540919646772,1.3631297063959724
3,-15,0.75,0.6,-0.9051482536448665,-0.5643177628517151,-0.07563832402229309,0.6687969496932916,1.4189476104275067
3,-15,0.75,0.7,-0.9051482536448665,-0.5350036025047302,-0.03953153267502785,0.7137958487790279,1.4743735834355463
3,-15,0.75,0.8,-0.9051482536448665,-0.5052247643470764,-0.003792721778154373,0.759508054664692,1.5292346855771957
3,-15,0.75,0.9,-0.9051482536448665,-0.475077748298645,0.03147426247596741,0.8057854344989388,1.5833715070561267
3,-15,0.75,1.0,-0.9051482536448665,-0.44466090202331543,0.06617429852485657,0.8524770190385824,1.6366380308778121
3,-15,0.5,0.0,-0.9051482536448665,-0.577877402305603,-0.26927608251571655,0.6479821339113607,1.1217026663290148
3,-15,0.5,0.1,-0.9051482536448665,-0.5502728223800659,-0.23137256503105164,0.6903567300679637,1.1798867158838338
3,-15,0.5,0.2,-0.9051482536448665,-0.5217998623847961,-0.19299735128879547,0.7340643388936464,1.2387948459527534
3,-15,0.5,0.3,-0.9051482536448665,-0.49254852533340454,-0.15434448421001434,0.7789668006567655,1.2981291896441411
3,-15,0.5,0.4,-0.9051482536448665,-0.4626171588897705,-0.11559998989105225,0.8249131461141348,1.3576041863470976
3,-15,0.5,0.5,-0.9051482536448665,-0.43211016058921814,-0.07693850994110107,0.8717431191266992,1.416951751284328
3,-15,0.5,0.6,-0.9051482536448665,-0.40113702416419983,-0.03852171078324318,0.9192886406037112,1.4759237173252813
3,-15,0.5,0.7,-0.9051482536448665,-0.3698102831840515,-0.0004974603652954102,0.9673769651323614,1.5342930987817074
3,-15,0.5,0.8,-0.9051482536448665,-0.33824416995048523,0.037000156939029694,1.015832739649276,1.5918540685335303
3,-15,0.5,0.9,-0.9051482536448665,-0.3065531253814697,0.07385057210922241,1.0644802908532924,1.6484215462945486
3,-15,0.5,1.0,-0.9051482536448665,-0.2748502194881439,0.10994617640972137,1.1131460498630026,1.7038303465511757
3,-15,0.25,0.0,-0.9051482536448665,-0.4072772264480591,-0.24000340700149536,0.909863081772523,1.1666378838430798
3,-15,0.25,0.1,-0.9051482536448665,-0.3771790862083435,-0.2001793384552002,0.9560654344677318,1.2277700882277947
3,-15,0.25,0.2,-0.9051482536448665,-0.34637296199798584,-0.15987974405288696,1.0033545827208603,1.289632251777443
3,-15,0.25,0.3,-0.9051482536448665,-0.31497758626937866,-0.11933515965938568,1.0515482654819521,1.3518704888615198
3,-15,0.25,0.4,-0.9051482536448665,-0.2831183969974518,-0.07876794040203094,1.100453928343562,1.4141434717456571
3,-15,0.25,0.5,-0.9051482536448665,-0.25092485547065735,-0.0383867509663105,1.1498728408837497,1.4761308883003628
3,-15,0.25,0.6,-0.9051482536448665,-0.21852774918079376,0.0016169846057891846,1.1996042368832054,1.5375388917619577
3,-15,0.25,0.7,-0.9051482536448665,-0.18605707585811615,0.04107077419757843,1.24944856245139,1.598102696946076
3,-15,0.25,0.8,-0.9051482536448665,-0.1536400318145752,0.07982165366411209,1.2992105640337825,1.6575874952127758
3,-15,0.25,0.9,-0.9051482536448665,-0.12139931321144104,0.11773568391799927,1.3487018960624442,1.7157876824647262
3,-15,0.25,1.0,-0.9051482536448665,-0.08945143222808838,0.1546974629163742,1.3977437057324547,1.7725261100195253
3,-15,0.05,0.0,-0.9051482536448665,-0.2581459879875183,-0.21242377161979675,1.1387879928251774,1.20897418870982
3,-15,0.05,0.1,-0.9051482536448665,-0.22655335068702698,-0.1714714765548706,1.1872844832894967,1.271838284803415
3,-15,0.05,0.2,-0.9051482536448665,-0.19444194436073303,-0.13006195425987244,1.236577313637496,1.33540425063306
3,-15,0.05,0.3,-0.9051482536448665,-0.16194936633110046,-0.08845019340515137,1.2864552641734812,1.3992806641246025
3,-15,0.05,0.4,-0.9051482536448665,-0.12921765446662903,-0.046883512288331985,1.3367002987116867,1.463087877661153
3,-15,0.05,0.5,-0.9051482536448665,-0.09638957679271698,-0.005593929439783096,1.387093260234087,1.5264697296364937
3,-15,0.05,0.6,-0.9051482536448665,-0.06360571831464767,0.035206835716962814,1.437418342782373,1.589101218724943
3,-15,0.05,0.7,-0.9051482536448665,-0.031001726165413857,0.07533018290996552,1.48746732031232,1.6506928328100312
3,-15,0.05,0.8,-0.9051482536448665,0.0012937819119542837,0.1146116703748703,1.5370427572920646,1.7109921444549128
3,-15,0.05,0.9,-0.9051482536448665,0.03316084295511246,0.15291070938110352,1.5859605037690694,1.7697833419827462
3,-15,0.05,1.0,-0.9051482536448665,0.06448981910943985,0.1901097595691681,1.634052259416883,1.826885994273796
3,-10,1.0,0.0,-0.7615941559557649,-0.8340246677398682,-0.2806084156036377,0.25478155057794216,1.1043068921709545
3,-10,1.0,0.1,-0.7615941559557649,-0.8113341927528381,-0.24664053320884705,0.28961271688333523,1.156449518599501
3,-10,1.0,0.2,-0.7615941559557649,-0.7876933217048645,-0.21230757236480713,0.32590279505697434,1.2091525611580574
3,-10,1.0,0.3,-0.7615941559557649,-0.7631450295448303,-0.1777379959821701,0.36358581611441254,1.2622188219912434
3,-10,1.0,0.4,-0.7615941559557649,-0.7377398610115051,-0.14305314421653748,0.4025841910143032,1.315462037076746
3,-10,1.0,0.5,-0.7615941559557649,-0.7115350365638733,-0.10836715996265411,0.4428100831060652,1.3687069905959581
3,-10,1.0,0.6,-0.7615941559557649,-0.6845945715904236,-0.07378697395324707,0.4841652251368609,1.421789537808106
3,-10,1.0,0.7,-0.7615941559557649,-0.6569892168045044,-0.039413128048181534,0.5265410107481071,1.4745553412546915
3,-10,1.0,0.8,-0.7615941559557649,-0.6287955045700073,-0.005340036004781723,0.5698199584196516,1.5268594704622558
3,-10,1.0,0.9,-0.7615941559557649,-0.6000955104827881,0.02834356017410755,0.6138760774558172,1.578565701422217
3,-10,1.0,1.0,-0.7615941559557649,-0.5709760189056396,0.061554525047540665,0.6585761489365556,1.629546416516561
3,-10,0.75,0.0,-0.7615941559557649,-0.7080585956573486,-0.259324312210083,0.4481466171114241,1.1369791982987831
3,-10,0.75,0.1,-0.7615941559557649,-0.6824254393577576,-0.22285762429237366,0.487494966165974,1.1929576329589056
3,-10,0.75,0.2,-0.7615941559557649,-0.6558451652526855,-0.18599417805671692,0.5282971947806636,1.249545114144646
3,-10,0.75,0.3,-0.7615941559557649,-0.6283864378929138,-0.14889833331108093,0.5704478989747958,1.3064893402268614
3,-10,0.75,0.4,-0.7615941559557649,-0.6001264452934265,-0.11172635853290558,0.6138285907665967,1.3635504302277794
3,-10,0.75,0.5,-0.7615941559557649,-0.5711497664451599,-0.0746249258518219,0.6583094366069264,1.420503234107903
3,-10,0.75,0.6,-0.7615941559557649,-0.5415480732917786,-0.03773045167326927,0.7037497148618329,1.4771383449461624
3,-10,0.75,0.7,-0.7615941559557649,-0.5114187598228455,-0.0011694841086864471,0.7499999202323063,1.5332615042125939
3,-10,0.75,0.8,-0.7615941559557649,-0.4808642268180847,0.03494136780500412,0.7969028617124108,1.5886937104204468
3,-10,0.75,0.9,-0.7615941559557649,-0.44999048113822937,0.07049474120140076,0.8442958127572936,1.6432701554792428
3,-10,0.75,1.0,-0.7615941559557649,-0.4189058542251587,0.10539254546165466,0.8920124784581723,1.6968402647244993
3,-10,0.5,0.0,-0.7615941559557649,-0.5570309162139893,-0.23321014642715454,0.6799826726552658,1.1770659241972807
3,-10,0.5,0.1,-0.7615941559557649,-0.5285086035728455,-0.1943996101617813,0.7237660405920747,1.2366422990344494
3,-10,0.5,0.2,-0.7615941559557649,-0.49912264943122864,-0.15517845749855042,0.768875147225337,1.296848993336049
3,-10,0.5,0.3,-0.7615941559557649,-0.4689723253250122,-0.11575101315975189,0.8151576051159457,1.3573723570622955
3,-10,0.5,0.4,-0.7615941559557649,-0.43816569447517395,-0.07631249725818634,0.8624475310894177,1.4179127162654646
3,-10,0.5,0.5,-0.7615941559557649,-0.4068174958229065,-0.03704584017395973,0.9105687943620357,1.4781892624346973
3,-10,0.5,0.6,-0.7615941559557649,-0.3750477731227875,0.0018803291022777557,0.9593371209606015,1.5379431405032489
3,-10,0.5,0.7,-0.7615941559557649,-0.34297975897789,0.04031216725707054,1.0085633418485769,1.5969381922576393
3,-10,0.5,0.8,-0.7615941559557649,-0.3107382357120514,0.07811097800731659,1.0580559090801374,1.6549615110352522
3,-10,0.5,0.9,-0.7615941559557649,-0.27844780683517456,0.11515256762504578,1.1076235491989914,1.7118224524183099
3,-10,0.5,1.0,-0.7615941559557649,-0.24623075127601624,0.15132726728916168,1.1570785571127773,1.7673526685450631
3,-10,0.25,0.0,-0.7615941559557649,-0.38277584314346313,-0.20181536674499512,0.9474740950757868,1.2252586919932624
3,-10,0.25,0.1,-0.7615941559557649,-0.3517642915248871,-0.16104799509048462,0.9950785860541526,1.2878389201614115
3,-10,0.25,0.2,-0.7615941559557649,-0.32007038593292236,-0.11988304555416107,1.0437305290906984,1.3510294529322056
3,-10,0.25,0.3,-0.7615941559557649,-0.28782445192337036,-0.07856367528438568,1.0932298670640743,1.4144570302889297
3,-10,0.25,0.4,-0.7615941559557649,-0.2551637291908264,-0.03732367232441902,1.1433659292576528,1.477762774322696
3,-10,0.25,0.5,-0.7615941559557649,-0.2222294956445694,0.003618501126766205,1.1939218460661833,1.540611333165013
3,-10,0.25,0.6,-0.7615941559557649,-0.18916410207748413,0.04406337812542915,1.2446791009472178,1.6026965137417457
3,-10,0.25,0.7,-0.7615941559557649,-0.15610839426517487,0.08383233845233917,1.2954214876452113,1.663744123883489
3,-10,0.25,0.8,-0.7615941559557649,-0.12319926917552948,0.1227683275938034,1.3459388615484738,1.7235130760022312
3,-10,0.25,0.9,-0.7615941559557649,-0.09056762605905533,0.16073547303676605,1.3960302848817372,1.7817947980825664
3,-10,0.25,1.0,-0.7615941559557649,-0.05833623558282852,0.19761861860752106,1.4455072977064238,1.8384125188651994
3,-10,0.05,0.0,-0.7615941559557649,-0.23069511353969574,-0.1728319525718689,1.1809266423539821,1.2697498769393376
3,-10,0.05,0.1,-0.7615941559557649,-0.19824016094207764,-0.13094304502010345,1.2307468357173847,1.3340517263330047
3,-10,0.05,0.2,-0.7615941559557649,-0.1653127670288086,-0.08868968486785889,1.2812922533012756,1.398913031143316
3,-10,0.05,0.3,-0.7615941559557649,-0.13206332921981812,-0.04634096845984459,1.3323320265342182,1.4639207132156669
3,-10,0.05,0.4,-0.7615941559557649,-0.0986463874578476,-0.004156608134508133,1.3836289278372607,1.5286760993774062
3,-10,0.05,0.5,-0.7615941559557649,-0.06521663814783096,0.037621065974235535,1.4349454894531088,1.5928071991259105
3,-10,0.05,0.6,-0.7615941559557649,-0.031925395131111145,0.07877247035503387,1.4860494360514696,1.6559769393145747
3,-10,0.05,0.7,-0.7615941559557649,0.0010824305936694145,0.11910380423069,1.5367183210288196,1.7178878247563423
3,-10,0.05,0.8,-0.7615941559557649,0.03367102891206741,0.15844832360744476,1.5867436681551623,1.7782838939616297
3,-10,0.05,0.9,-0.7615941559557649,0.06571561843156815,0.1966659277677536,1.6359339309143062,1.8369500843812792
3,-10,0.05,1.0,-0.7615941559557649,0.09710440784692764,0.23364253342151642,1.6841175033109301,1.893711271693195
3,-5,1.0,0.0,-0.46211715726000974,-0.796876072883606,-0.20996709167957306,0.31180675107241196,1.212745331782231
3,-5,1.0,0.1,-0.46211715726000974,-0.7723872661590576,-0.1744941920042038,0.34939845861185015,1.2671982451140835
3,-5,1.0,0.2,-0.46211715726000974,-0.746930718421936,-0.13875317573547363,0.3884757035042418,1.3220627326266405
3,-5,1.0,0.3,-0.46211715726000974,-0.7205632328987122,-0.10288473963737488,0.4289512895745829,1.377122816805635
3,-5,1.0,0.4,-0.46211715726000974,-0.6933504939079285,-0.0670214593410492,0.4707243876677271,1.4321749865364262
3,-5,1.0,0.5,-0.46211715726000974,-0.6653670072555542,-0.03128780052065849,0.513680627144897,1.487028179948404
3,-5,1.0,0.6,-0.46211715726000974,-0.6366958618164062,0.004199475049972534,0.5576924618697279,1.5415031610950085
3,-5,1.0,0.7,-0.46211715726000974,-0.6074279546737671,0.039330631494522095,0.6026203596629112,1.595431479180916
3,-5,1.0,0.8,-0.46211715726000974,-0.5776616930961609,0.07400234043598175,0.6483132597847494,1.6486545192857385
3,-5,1.0,0.9,-0.46211715726000974,-0.5475016832351685,0.10811743140220642,0.6946105858583992,1.7010231192223817
3,-5,1.0,1.0,-0.46211715726000974,-0.517056941986084,0.14158497750759125,0.741344990765201,1.7523977010632816
3,-5,0.75,0.0,-0.46211715726000974,-0.6647548079490662,-0.1830492466688156,0.5146203878096041,1.2540657508870938
3,-5,0.75,0.1,-0.46211715726000974,-0.6372084617614746,-0.14494501054286957,0.5569055918749386,1.3125579149427795
3,-5,0.75,0.2,-0.46211715726000974,-0.6087257266044617,-0.10657501220703125,0.6006282061284288,1.3714580390669846
3,-5,0.75,0.3,-0.46211715726000974,-0.579395055770874,-0.06812122464179993,0.6456524497477183,1.430486784411559
3,-5,0.75,0.4,-0.46211715726000974,-0.5493152737617493,-0.02975604310631752,0.6918266215175324,1.489379514473967
3,-5,0.75,0.5,-0.46211715726000974,-0.5185941457748413,0.008359301835298538,0.7389852957459433,1.5478887311918945
3,-5,0.75,0.6,-0.46211715726000974,-0.487347275018692,0.046075280755758286,0.7869510149498239,1.6057848984118466
3,-5,0.75,0.7,-0.46211715726000974,-0.4556969106197357,0.08325402438640594,0.835536119785068,1.6628563789852977
3,-5,0.75,0.8,-0.46211715726000974,-0.42376941442489624,0.1197693943977356,0.8845466376483091,1.7189095434207975
3,-5,0.75,0.9,-0.46211715726000974,-0.39169377088546753,0.15550677478313446,0.9337845700896953,1.7737684496461823
3,-5,0.75,1.0,-0.46211715726000974,-0.3595985174179077,0.19036351144313812,0.9830526048832078,1.8272755177953446
3,-5,0.5,0.0,-0.46211715726000974,-0.5068068504333496,-0.1514461487531662,0.7570794627726346,1.3025782989890975
3,-5,0.5,0.1,-0.46211715726000974,-0.47634774446487427,-0.11091770231723785,0.8038359183385928,1.364791763392815
3,-5,0.5,0.2,-0.46211715726000974,-0.4450799226760864,-0.07015360891819,0.8518337985660976,1.4273669592528582
3,-5,0.5,0.3,-0.46211715726000974,-0.41312873363494873,-0.02938127890229225,0.9008806862924699,1.489954798787018
3,-5,0.5,0.4,-0.46211715726000974,-0.38062936067581177,0.011183390393853188,0.9507690674307117,1.5522238673360431
3,-5,0.5,0.5,-0.46211715726000974,-0.3477238118648529,0.051339782774448395,1.0012809515433128,1.6138662076586954
3,-5,0.5,0.6,-0.46211715726000974,-0.3145584762096405,0.09090493619441986,1.0521916231992035,1.6746009626365943
3,-5,0.5,0.7,-0.46211715726000974,-0.2812812924385071,0.12971444427967072,1.103273988058027,1.7341757591589482
3,-5,0.5,0.8,-0.46211715726000974,-0.2480386346578598,0.16762323677539825,1.1543033535628409,1.7923679061549926
3,-5,0.5,0.9,-0.46211715726000974,-0.21497252583503723,0.20450535416603088,1.2050617064020077,1.8489840486228106
3,-5,0.5,1.0,-0.46211715726000974,-0.18221741914749146,0.24025413393974304,1.2553426533207894,1.9038604535559285
3,-5,0.25,0.0,-0.46211715726000974,-0.3253151476383209,-0.11522765457630157,1.0356795223445938,1.3581757421773244
3,-5,0.25,0.1,-0.46211715726000974,-0.29248493909835815,-0.07275152206420898,1.0860757548672633,1.4233790151975805
3,-5,0.25,0.2,-0.46211715726000974,-0.25908687710762024,-0.03010394796729088,1.1373436746504393,1.4888454607761954
3,-5,0.25,0.3,-0.46211715726000974,-0.22528128325939178,0.012444652616977692,1.1892371789536007,1.5541599763982585
3,-5,0.25,0.4,-0.46211715726000974,-0.19123448431491852,0.054637663066387177,1.2415009467627405,1.61892864099116
3,-5,0.25,0.5,-0.46211715726000974,-0.15711446106433868,0.09623900055885315,1.2938771180356705,1.6827890540303376
3,-5,0.25,0.6,-0.46211715726000974,-0.12308667600154877,0.13703744113445282,1.3461116984577943,1.7454169747548571
3,-5,0.25,0.7,-0.46211715726000974,-0.08931037038564682,0.17684899270534515,1.3979602436628522,1.8065299648722573
3,-5,0.25,0.8,-0.46211715726000974,-0.05593489110469818,0.21551786363124847,1.4491934977054148,1.8658888753768545
3,-5,0.25,0.9,-0.46211715726000974,-0.02309694141149521,0.2529161870479584,1.4996016133374532,1.9232974233783788
3,-5,0.25,1.0,-0.46211715726000974,0.009081924334168434,0.2889430820941925,1.5489979977210677,1.9786007510319252
3,-5,0.05,0.0,-0.46211715726000974,-0.1677423119544983,-0.08325482904911041,1.2775627640155072,1.4072558431371975
3,-5,0.05,0.1,-0.46211715726000974,-0.1336878389120102,-0.03975297138094902,1.3298383120004411,1.4740336624600356
3,-5,0.05,0.2,-0.46211715726000974,-0.09932877123355865,0.0038456693291664124,1.382581430030825,1.5409600492426456
3,-5,0.05,0.3,-0.46211715726000974,-0.06484512239694595,0.04724409431219101,1.435515787206309,1.6075790935262009
3,-5,0.05,0.4,-0.46211715726000974,-0.03041776455938816,0.0901610255241394,1.4883637345049305,1.6734590175566564
3,-5,0.05,0.5,-0.46211715726000974,0.0037770105991512537,0.13233987987041473,1.5408546541971544,1.7382059517281903
3,-5,0.05,0.6,-0.46211715726000974,0.037572212517261505,0.17355476319789886,1.5927322062980642,1.8014731357010927
3,-5,0.05,0.7,-0.46211715726000974,0.07081419229507446,0.21361373364925385,1.6437605310300651,1.8629659278357453
3,-5,0.05,0.8,-0.46211715726000974,0.10336583852767944,0.25235995650291443,1.6937291546084732,1.9224435779375213
3,-5,0.05,0.9,-0.46211715726000974,0.1351085603237152,0.28967079520225525,1.742456033287546,1.979717831934993
3,-5,0.05,1.0,-0.46211715726000974,0.16594365239143372,0.3254558742046356,1.7897896488450311,2.0346499582433233
3,0,1.0,0.0,0.0,-0.7202470898628235,-0.08888934552669525,0.42943658706904364,1.3986065407055202
3,0,1.0,0.1,0.0,-0.6928894519805908,-0.05149390920996666,0.4714321131804824,1.4560106568447917
3,0,1.0,0.2,0.0,-0.664655327796936,-0.014071088284254074,0.5147730954864999,1.513456809912346
3,0,1.0,0.3,0.0,-0.6356416344642639,0.023212915286421776,0.5593107606601743,1.5706898704649959
3,0,1.0,0.4,0.0,-0.6059557795524597,0.060201529413461685,0.6048802319886438,1.6274694914646166
3,0,1.0,0.5,0.0,-0.5757144093513489,0.09674862027168274,0.6513024507998386,1.6835713491995759
3,0,1.0,0.6,0.0,-0.5450413823127747,0.13271890580654144,0.6983872873438548,1.738787778041779
3,0,1.0,0.7,0.0,-0.5140652060508728,0.16798825562000275,0.745937475142929,1.7929282307884913
3,0,1.0,0.8,0.0,-0.48291605710983276,0.20244446396827698,0.793753185816989,1.8458204652577135
3,0,1.0,0.9,0.0,-0.4517226219177246,0.2359878420829773,0.8416368783987384,1.8973114535347613
3,0,1.0,1.0,0.0,-0.42060890793800354,0.26853233575820923,0.8893981943969959,1.9472690975318467
3,0,0.75,0.0,0.0,-0.5784616470336914,-0.05219796672463417,0.647085285110323,1.4549298886195359
3,0,0.75,0.1,0.0,-0.54814612865448,-0.01224185898900032,0.6936213255812291,1.5162647806502922
3,0,0.75,0.2,0.0,-0.5170755982398987,0.02764696441590786,0.7413163523572511,1.5774963874164345
3,0,0.75,0.3,0.0,-0.4853850305080414,0.06725670397281647,0.7899631715891796,1.6382995846438442
3,0,0.75,0.4,0.0,-0.4532180428504944,0.10639026761054993,0.8393413224337071,1.6983718248224966
3,0,0.75,0.5,0.0,-0.4207235872745514,0.1448678970336914,0.8892221551097895,1.7574371687714798
3,0,0.75,0.6,0.0,-0.3880523145198822,0.18252897262573242,0.9393744121858186,1.8152490562677168
3,0,0.75,0.7,0.0,-0.35535290837287903,0.21923287212848663,0.9895698556150503,1.8715916241675792
3,0,0.75,0.8,0.0,-0.3227684795856476,0.25485965609550476,1.0395888022745203,1.9262807586167625
3,0,0.75,0.9,0.0,-0.2904330790042877,0.28931018710136414,1.0892254765109406,1.9791642780433099
3,0,0.75,1.0,0.0,-0.2584691345691681,0.3225061595439911,1.1382919444906714,2.030121978905866
3,0,0.5,0.0,0.0,-0.411027193069458,-0.01157444342970848,0.904106670278084,1.5172893013953972
3,0,0.5,0.1,0.0,-0.37814703583717346,0.03057950735092163,0.9545795768769899,1.5819980071809197
3,0,0.5,0.2,0.0,-0.34474512934684753,0.07253404706716537,1.005853398185127,1.646400605670286
3,0,0.5,0.3,0.0,-0.3109922409057617,0.11403357982635498,1.057665996698417,1.710104742668638
3,0,0.5,0.4,0.0,-0.27706196904182434,0.15484394133090973,1.1097508888285088,1.772750962695362
3,0,0.5,0.5,0.0,-0.24312575161457062,0.19475732743740082,1.1618449077355748,1.8340202746018432
3,0,0.5,0.6,0.0,-0.20934836566448212,0.23359516263008118,1.213695111314895,1.8936385548410601
3,0,0.5,0.7,0.0,-0.17588381469249725,0.2712092399597168,1.2650650954561162,1.9513782973383562
3,0,0.5,0.8,0.0,-0.14287187159061432,0.3074816167354584,1.3157403008408917,2.007058453372547
3,0,0.5,0.9,0.0,-0.1104360967874527,0.34232309460639954,1.365531055201873,2.0605420984148877
3,0,0.5,1.0,0.0,-0.07868195325136185,0.37567177414894104,1.4142754668998703,2.111734213338682
3,0,0.25,0.0,0.0,-0.22129866480827332,0.03180834650993347,1.1953507242046864,1.583884345000405
3,0,0.25,0.1,0.0,-0.18668775260448456,0.07550578564405441,1.2484804378682661,1.650962392968566
3,0,0.25,0.2,0.0,-0.15189623832702637,0.11884699761867523,1.3018873859602427,1.717493612038604
3,0,0.25,0.3,0.0,-0.11711714416742325,0.16154330968856812,1.3552752684667349,1.7830348731705754
3,0,0.25,0.4,0.0,-0.0825374647974968,0.20333458483219147,1.408357037958539,1.8471868512791885
3,0,0.25,0.5,0.0,-0.048332445323467255,0.24399609863758087,1.4608636832561868,1.9096045816437628
3,0,0.25,0.6,0.0,-0.014661090448498726,0.28334224224090576,1.5125511231201967,1.9700031441289754
3,0,0.25,0.7,0.0,0.018336942419409752,0.32122698426246643,1.5632049755067123,2.0281583722828223
3,0,0.25,0.8,0.0,0.050543345510959625,0.35754284262657166,1.6126436312784191,2.0839052750218037
3,0,0.25,0.9,0.0,0.08186157047748566,0.3922174274921417,1.660718883243057,2.1371327298332825
3,0,0.25,1.0,0.0,0.11221660673618317,0.4252098798751831,1.7073155859007707,2.187778015858954
3,0,0.05,0.0,0.0,-0.058868713676929474,0.0674094632267952,1.4446899136252087,1.6385340787645297
3,0,0.05,0.1,0.0,-0.02373649738729,0.11169187724590302,1.498619858633453,1.7065100963659885
3,0,0.05,0.2,0.0,0.011255880817770958,0.15549269318580627,1.5523351442490418,1.7737468335954534
3,0,0.05,0.3,0.0,0.04591374844312668,0.19851022958755493,1.6055369371484451,1.83978119229945
3,0,0.05,0.4,0.0,0.0800561010837555,0.240475594997406,1.657947385301817,1.9042004088426308
3,0,0.05,0.5,0.0,0.11352080851793289,0.28116047382354736,1.7093176096213796,1.9666540058395254
3,0,0.05,0.6,0.0,0.14616818726062775,0.32038119435310364,1.7594331880335528,2.0268600367914202
3,0,0.05,0.7,0.0,0.1778828501701355,0.3579990267753601,1.808116994730062,2.0846055435689106
3,0,0.05,0.8,0.0,0.20857395231723785,0.3939177691936493,1.8552295775910455,2.1397428508032075
3,0,0.05,0.9,0.0,0.23817434906959534,0.4280796945095062,1.9006678657968374,2.1921833441233862
3,0,0.05,1.0,0.0,0.26663878560066223,0.46046021580696106,1.9443623906214438,2.24188928121865
3,5,1.0,0.0,0.46211715726000974,-0.6218329668045044,0.04059363156557083,0.580507848865155,1.597370255938281
3,5,1.0,0.1,0.46211715726000974,-0.5925403237342834,0.07867735624313354,0.6254737177104124,1.6558309337571113
3,5,1.0,0.2,0.46211715726000974,-0.5626963973045349,0.11639511585235596,0.6712858377861124,1.7137298344353302
3,5,1.0,0.3,0.46211715726000974,-0.5324314832687378,0.15356749296188354,0.7177441977191609,1.7707915420376978
3,5,1.0,0.4,0.46211715726000974,-0.5018779039382935,0.1900334507226944,0.764645675255089,1.8267688558655601
3,5,1.0,0.5,0.46211715726000974,-0.47116634249687195,0.22565215826034546,0.8117896642934809,1.8814455925375002
3,5,1.0,0.6,0.46211715726000974,-0.44042304158210754,0.2603034973144531,0.858982375223992,1.9346373637096805
3,5,1.0,0.7,0.46211715726000974,-0.40976712107658386,0.2938880920410156,0.9060409522693449,1.9861916218241
3,5,1.0,0.8,0.46211715726000974,-0.37930813431739807,0.32632696628570557,0.952797224842281,2.0359871340036544
3,5,1.0,0.9,0.46211715726000974,-0.34914472699165344,0.3575603663921356,0.9990997662170591,2.083932174996044
3,5,1.0,1.0,0.46211715726000974,-0.31936344504356384,0.3875470757484436,1.0448157234596749,2.129963474963897
3,5,0.75,0.0,0.46211715726000974,-0.47276291251182556,0.08554157614707947,0.8093388387492453,1.666367900707684
3,5,0.75,0.1,0.46211715726000974,-0.4411576986312866,0.1256089061498642,0.8578546349773902,1.7278735252280073
3,5,0.75,0.2,0.46211715726000974,-0.4092022478580475,0.1651371270418167,0.9069080647043005,1.7885515866802644
3,5,0.75,0.3,0.46211715726000974,-0.3770483136177063,0.2039177417755127,0.9562661778129141,1.8480820302689
3,5,0.75,0.4,0.46211715726000974,-0.3448437750339508,0.24176883697509766,1.0057019714593856,1.9061856086422753
3,5,0.75,0.5,0.46211715726000974,-0.3127289414405823,0.27853745222091675,1.0550000628567686,1.9626275188789797
3,5,0.75,0.6,0.46211715726000974,-0.28083381056785583,0.3140997290611267,1.1039608981145248,2.0172176312291095
3,5,0.75,0.7,0.46211715726000974,-0.24927590787410736,0.3483600318431854,1.152404068987046,2.0698091395407303
3,5,0.75,0.8,0.46211715726000974,-0.2181587517261505,0.3812493085861206,1.200170668908815,2.1202960451058224
3,5,0.75,0.9,0.46211715726000974,-0.18757139146327972,0.4127223491668701,1.2471240020923646,2.168608947820776
3,5,0.75,1.0,0.46211715726000974,-0.157588392496109,0.44275546073913574,1.2931496064024068,2.21471147782246
3,5,0.5,0.0,0.46211715726000974,-0.30043908953666687,0.13270048797130585,1.0738656827161421,1.7387595056198735
3,5,0.5,0.1,0.46211715726000974,-0.26712578535079956,0.1742652952671051,1.1250034944606448,1.8025638427348585
3,5,0.5,0.2,0.46211715726000974,-0.2337384819984436,0.21511045098304749,1.1762548991235815,1.8652634738498914
3,5,0.5,0.3,0.46211715726000974,-0.20044082403182983,0.25500524044036865,1.2273686930339411,1.9265042388449338
3,5,0.5,0.4,0.46211715726000974,-0.1673860102891922,0.2937532961368561,1.278109707284269,1.9859847024644237
3,5,0.5,0.5,0.46211715726000974,-0.13471351563930511,0.33119508624076843,1.3282638400387743,2.043459974296611
3,5,0.5,0.6,0.46211715726000974,-0.10254673659801483,0.3672080636024475,1.377641670645513,2.0987419375148337
3,5,0.5,0.7,0.46211715726000974,-0.07099191099405289,0.4017046391963959,1.4260801180106528,2.1516961379961455
3,5,0.5,0.8,0.46211715726000974,-0.040137771517038345,0.43462878465652466,1.4734429724219413,2.2022365690201857
3,5,0.5,0.9,0.46211715726000974,-0.010056015104055405,0.4659523367881775,1.519620175013683,2.2503199984854962
3,5,0.5,1.0,0.46211715726000974,0.019197775050997734,0.4956706166267395,1.564526402430084,2.295939243915962
3,5,0.25,0.0,0.46211715726000974,-0.1092473566532135,0.1799669861793518,1.3673558387435683,1.8113162617344576
3,5,0.25,0.1,0.46211715726000974,-0.07518179714679718,0.2223411649465561,1.4196484050795521,1.8763630299726106
3,5,0.25,0.2,0.46211715726000974,-0.04137267544865608,0.2638339698314667,1.4715473248324595,1.940056839302281
3,5,0.25,0.3,0.46211715726000974,-0.007981270551681519,0.30420276522636414,1.5228050255990608,2.002025230301226
3,5,0.25,0.4,0.46211715726000974,0.024847567081451416,0.34324440360069275,1.5731991537019767,2.061956359985755
3,5,0.25,0.5,0.46211715726000974,0.05698813125491142,0.38079822063446045,1.6225367429994617,2.1196035995104077
3,5,0.25,0.6,0.46211715726000974,0.08833517879247665,0.41674646735191345,1.6706562392457107,2.174786197517661
3,5,0.25,0.7,0.46211715726000974,0.11880392581224442,0.45101097226142883,1.7174274943723267,2.2273841563333083
3,5,0.25,0.8,0.46211715726000974,0.14832939207553864,0.48354944586753845,1.7627507600267,2.2773325591827804
3,5,0.25,0.9,0.46211715726000974,0.17686472833156586,0.5143497586250305,1.8065541199511672,2.3246127865260844
3,5,0.25,1.0,0.46211715726000974,0.20437945425510406,0.5434248447418213,1.8487907851174044,2.3692446931061113
3,5,0.05,0.0,0.46211715726000974,0.05152631178498268,0.21627461910247803,1.6141525402714068,1.8670505379549178
3,5,0.05,0.1,0.46211715726000974,0.08533778041601181,0.2586996257305145,1.6660550626994357,1.9321753298428448
3,5,0.05,0.2,0.46211715726000974,0.11862096935510635,0.3001471757888794,1.7171466458317446,1.9957996704465217
3,5,0.05,0.3,0.46211715726000974,0.15122799575328827,0.34037360548973083,1.767200281105956,2.0575495220288906
3,5,0.05,0.4,0.46211715726000974,0.18303091824054718,0.37917613983154297,1.8160195712611609,2.1171136134594546
3,5,0.05,0.5,0.46211715726000974,0.21392369270324707,0.41639652848243713,1.8634417325671875,2.1742490215014505
3,5,0.05,0.6,0.46211715726000974,0.24382272362709045,0.4519213140010834,1.9093384411673273,2.2287815825461474
3,5,0.05,0.7,0.46211715726000974,0.27266600728034973,0.4856792092323303,1.9536145178159898,2.2806018667663635
3,5,0.05,0.8,0.46211715726000974,0.3004118502140045,0.5176364183425903,1.996205960703715,2.329657995640349
3,5,0.05,0.9,0.46211715726000974,0.32703620195388794,0.5477909445762634,2.0370758509883053,2.375946904034985
3,5,0.05,1.0,0.46211715726000974,0.3525306284427643,0.5761662125587463,2.0762112419134517,2.419504550079102
3,10,1.0,0.0,0.7615941559557649,-0.5515739917755127,0.12335212528705597,0.6883593612323532,1.7244092385794363
3,10,1.0,0.1,0.7615941559557649,-0.5220761895179749,0.16087272763252258,0.7336401610685483,1.7820054916733223
3,10,1.0,0.2,0.7615941559557649,-0.49228137731552124,0.19776546955108643,0.7793768880191662,1.83863794339423
3,10,1.0,0.3,0.7615941559557649,-0.4623129963874817,0.2338671237230301,0.8253800528098801,1.8940560305467258
3,10,1.0,0.4,0.7615941559557649,-0.4322894811630249,0.26903843879699707,0.8714678518732895,1.9480459944069346
3,10,1.0,0.5,0.7615941559557649,-0.40232208371162415,0.30316492915153503,0.9174695069715715,2.0004320930513106
3,10,1.0,0.6,0.7615941559557649,-0.3725135326385498,0.33615586161613464,0.9632273238679799,2.051075045915951
3,10,1.0,0.7,0.7615941559557649,-0.3429563343524933,0.36794301867485046,1.0085992999774085,2.099870135243991
3,10,1.0,0.8,0.7615941559557649,-0.313732385635376,0.39847877621650696,1.0534597190937132,2.146744255323123
3,10,1.0,0.9,0.7615941559557649,-0.2849128842353821,0.42773374915122986,1.0976992886344776,2.191652298373415
3,10,1.0,1.0,0.7615941559557649,-0.25655806064605713,0.45569494366645813,1.1412255513753147,2.2345743181554623
3,10,0.75,0.0,0.7615941559557649,-0.4004603922367096,0.17134885489940643,0.9203273089968331,1.798086941324679
3,10,0.75,0.1,0.7615941559557649,-0.3691873550415039,0.2103627771139145,0.9683331951690524,1.8579755251315826
3,10,0.75,0.2,0.7615941559557649,-0.33781206607818604,0.24857765436172485,1.01649604360593,1.916637529585853
3,10,0.75,0.3,0.7615941559557649,-0.3064669668674469,0.2858131527900696,1.064612549059975,1.9737961319933928
3,10,0.75,0.4,0.7615941559557649,-0.2752755582332611,0.32191959023475647,1.1124931307603494,2.0292215617408984
3,10,0.75,0.5,0.7615941559557649,-0.2443508356809616,0.3567785620689392,1.159964334196284,2.082732061009224
3,10,0.75,0.6,0.7615941559557649,-0.2137935608625412,0.39030134677886963,1.2068714845158954,2.1341914372417135
3,10,0.75,0.7,0.7615941559557649,-0.18369193375110626,0.4224269986152649,1.253079189756999,2.1835061352558474
3,10,0.75,0.8,0.7615941559557649,-0.15412120521068573,0.4531188905239105,1.2984719355744296,2.230619930445602
3,10,0.75,0.9,0.7615941559557649,-0.12514416873455048,0.4823615550994873,1.3429533303938255,2.2755090794663673
3,10,0.75,1.0,0.7615941559557649,-0.0968116968870163,0.5101575255393982,1.3864452819430293,2.318177470919862
3,10,0.5,0.0,0.7615941559557649,-0.22833582758903503,0.22026684880256653,1.1845482801273832,1.8731788370184057
3,10,0.5,0.1,0.7615941559557649,-0.19589556753635406,0.26031240820884705,1.2343459196008189,1.9346510424380785
3,10,0.5,0.2,0.7615941559557649,-0.16359762847423553,0.299399733543396,1.2839250882800617,1.9946523041983057
3,10,0.5,0.3,0.7615941559557649,-0.1315774768590927,0.33733513951301575,1.3330778374696866,2.0528853043865216
3,10,0.5,0.4,0.7615941559557649,-0.09995807707309723,0.3739610016345978,1.3816154098674547,2.109108080479328
3,10,0.5,0.5,0.7615941559557649,-0.06884791702032089,0.40915653109550476,1.4293712703862425,2.1631352147971397
3,10,0.5,0.6,0.7615941559557649,-0.03834027796983719,0.44283631443977356,1.4762022269863002,2.2148355928396612
3,10,0.5,0.7,0.7615941559557649,-0.008512996137142181,0.4749472737312317,1.5219887966612975,2.264127736963828
3,10,0.5,0.8,0.7615941559557649,0.020571012049913406,0.5054645538330078,1.566634399125318,2.3109734931245436
3,10,0.5,0.9,0.7615941559557649,0.04886283725500107,0.5343870520591736,1.6100639557725367,2.3553711686363545
3,10,0.5,1.0,0.7615941559557649,0.07632637768983841,0.5617330074310303,1.652222048309934,2.397348761431633
3,10,0.25,0.0,0.7615941559557649,-0.039906419813632965,0.2677766978740692,1.4737981104109414,1.9461091505133652
3,10,0.25,0.1,0.7615941559557649,-0.00719457445666194,0.30825021862983704,1.5240126487331334,2.008238300882176
3,10,0.25,0.2,0.7615941559557649,0.025095900520682335,0.34763869643211365,1.57358035961882,2.068701848764342
3,10,0.25,0.3,0.7615941559557649,0.05683552101254463,0.38574057817459106,1.6223024776200539,2.127190398707842
3,10,0.25,0.4,0.7615941559557649,0.08791098743677139,0.4223935902118683,1.6700050814508949,2.1834548514614194
3,10,0.25,0.5,0.7615941559557649,0.11822660267353058,0.45747628808021545,1.7165412706036314,2.2373087828838663
3,10,0.25,0.6,0.7615941559557649,0.14770478010177612,0.4909067153930664,1.7617919452135726,2.288626385272527
3,10,0.25,0.7,0.7615941559557649,0.17628544569015503,0.5226390361785889,1.805664888234672,2.3373372978104268
3,10,0.25,0.8,0.7615941559557649,0.20392495393753052,0.5526588559150696,1.8480931013467339,2.3834194240901527
3,10,0.25,0.9,0.7615941559557649,0.23059432208538055,0.5809774398803711,1.8890320943712737,2.4268900569522884
3,10,0.25,1.0,0.7615941559557649,0.2562776207923889,0.6076269745826721,1.9284574148657208,2.4677986045127853
3,10,0.05,0.0,0.7615941559557649,0.11691104620695114,0.30312424898147583,1.7145218167976728,2.0003696466825382
3,10,0.05,0.1,0.7615941559557649,0.14906635880470276,0.3434368371963501,1.763882045763104,2.0622517564715896
3,10,0.05,0.2,0.7615941559557649,0.18057717382907867,0.38260042667388916,1.8122529343919178,2.1223700880176692
3,10,0.05,0.3,0.7615941559557649,0.21132682263851166,0.4204125702381134,1.8594553897008528,2.1804138734210916
3,10,0.05,0.4,0.7615941559557649,0.24121695756912231,0.45671021938323975,1.9053384424467226,2.236132823975956
3,10,0.05,0.5,0.7615941559557649,0.2701684534549713,0.4913721978664398,1.9497806310111454,2.2893409272753535
3,10,0.05,0.6,0.7615941559557649,0.2981216013431549,0.5243187546730042,1.9926902987642052,2.339915760987538
3,10,0.05,0.7,0.7615941559557649,0.32503485679626465,0.5555078387260437,2.034003672637719,2.387792774323983
3,10,0.05,0.8,0.7615941559557649,0.35088345408439636,0.584930419921875,2.0736827358313583,2.432958105563268
3,10,0.05,0.9,0.7615941559557649,0.37565693259239197,0.6126048564910889,2.1117114307074374,2.475439935630789
3,10,0.05,1.0,0.7615941559557649,0.3993573784828186,0.6385708451271057,2.148092959643843,2.5152992012028856
3,15,1.0,0.0,0.9051482536448665,-0.5175622701644897,0.16142669320106506,0.7405692833447564,1.7828558602467608
3,15,1.0,0.1,0.9051482536448665,-0.4882519841194153,0.19842222332954407,0.7855622351572763,1.8396460977009261
3,15,1.0,0.2,0.9051482536448665,-0.4587478041648865,0.23468786478042603,0.8308528251201508,1.8953159146293712
3,15,1.0,0.3,0.9051482536448665,-0.42916402220726013,0.2700726389884949,0.8762656086734952,1.9496335503696776
3,15,1.0,0.4,0.9051482536448665,-0.3996083438396454,0.3044508993625641,0.9216352516218927,2.0024061302766105
3,15,1.0,0.5,0.9051482536448665,-0.3701803982257843,0.33772218227386475,0.9668088175471702,2.053479436980843
3,15,1.0,0.6,0.9051482536448665,-0.34097081422805786,0.36980995535850525,1.0116471860043184,2.1027359889622224
3,15,1.0,0.7,0.9051482536448665,-0.3120603859424591,0.40065956115722656,1.0560263334726472,2.150091883920141
3,15,1.0,0.8,0.9051482536448665,-0.2835199236869812,0.43023598194122314,1.0998375620970622,2.1954933676543744
3,15,1.0,0.9,0.9051482536448665,-0.25541025400161743,0.45852145552635193,1.1429874996880656,2.238913174204637
3,15,1.0,1.0,0.9051482536448665,-0.22778238356113434,0.48551303148269653,1.1853978481063505,2.2803467744936343
3,15,0.75,0.0,0.9051482536448665,-0.3662426173686981,0.2101849913597107,0.9728535345478394,1.8577026139133317
3,15,0.75,0.1,0.9051482536448665,-0.33538293838500977,0.24846342206001282,1.020224892416121,1.9164621765224794
3,15,0.75,0.2,0.9051482536448665,-0.30451008677482605,0.2858521342277527,1.0676164710133385,1.9738559707116012
3,15,0.75,0.3,0.9051482536448665,-0.27374449372291565,0.32218632102012634,1.1148434016389719,2.029631008627722
3,15,0.75,0.4,0.9051482536448665,-0.24319742619991302,0.3573320209980011,1.1617348831810708,2.083581651862319
3,15,0.75,0.5,0.9051482536448665,-0.21296937763690948,0.39118602871894836,1.2081366525220523,2.1355494742065577
3,15,0.75,0.6,0.9051482536448665,-0.18314923346042633,0.42367425560951233,1.2539122654898545,2.1854207454972383
3,15,0.75,0.7,0.9051482536448665,-0.15381401777267456,0.4547489583492279,1.2989434857181092,2.2331221770290317
3,15,0.75,0.8,0.9051482536448665,-0.1250288486480713,0.4843854606151581,1.3431303532685253,2.2786158892463755
3,15,0.75,0.9,0.9051482536448665,-0.09684765338897705,0.5125787258148193,1.3863900866727552,2.3218941506940873
3,15,0.75,1.0,0.9051482536448665,-0.06931343674659729,0.5393401980400085,1.4286566711980966,2.3629745287022836
3,15,0.5,0.0,0.9051482536448665,-0.19499798119068146,0.25931915640830994,1.2357237655602995,1.9331263445784075
3,15,0.5,0.1,0.9051482536448665,-0.16317379474639893,0.29844892024993896,1.2845756970958115,1.9931927518544825
3,15,0.5,0.2,0.9051482536448665,-0.13156121969223022,0.3365451991558075,1.3331027931430677,2.0516727011259466
3,15,0.5,0.3,0.9051482536448665,-0.10028291493654251,0.3734312355518341,1.3811167653194485,2.1082948594893645
3,15,0.5,0.4,0.9051482536448665,-0.06944919377565384,0.4089657962322235,1.4284482764571802,2.1628424259618693
3,15,0.5,0.5,0.9051482536448665,-0.039156682789325714,0.44304361939430237,1.4749489992748317,2.215153817704996
3,15,0.5,0.6,0.9051482536448665,-0.009487573057413101,0.47559335827827454,1.5204927658022362,2.2651195133950512
3,15,0.5,0.7,0.9051482536448665,0.019490132108330727,0.5065744519233704,1.564975187098115,2.312677249656285
3,15,0.5,0.8,0.9051482536448665,0.04772228002548218,0.5359727144241333,1.608313135722939,2.357805250319073
3,15,0.5,0.9,0.9051482536448665,0.07516736537218094,0.5637962222099304,1.6504428986531108,2.40051591316066
3,15,0.5,1.0,0.9051482536448665,0.10179554671049118,0.5900706052780151,1.6913186675885343,2.4408485816807843
3,15,0.25,0.0,0.9051482536448665,-0.008608410134911537,0.3064752519130707,1.521842330762013,2.005513626280451
3,15,0.25,0.1,0.9051482536448665,0.023325534537434578,0.3459000289440155,1.5708627474040402,2.0660328955378295
3,15,0.25,0.2,0.9051482536448665,0.05479183420538902,0.3841807246208191,1.6191653024354504,2.124795935014396
3,15,0.25,0.3,0.9051482536448665,0.08567345887422562,0.42113301157951355,1.666570348175384,2.181519791749815
3,15,0.25,0.4,0.9051482536448665,0.11586881428956985,0.4566108286380768,1.7129219316800697,2.2359802535438265
3,15,0.25,0.5,0.9051482536448665,0.14529293775558472,0.4905075132846832,1.7580896303915778,2.2880135873899574
3,15,0.25,0.6,0.9051482536448665,0.1738778054714203,0.5227542519569397,1.8019690239167043,2.3375141605662324
3,15,0.25,0.7,0.9051482536448665,0.201571524143219,0.5533167123794556,1.8444804531055405,2.3844292710823027
3,15,0.25,0.8,0.9051482536448665,0.22833751142024994,0.5821899175643921,1.885567761974447,2.428751278979498
3,15,0.25,0.9,0.9051482536448665,0.25415244698524475,0.6093928217887878,1.9251951525134865,2.4705092801483235
3,15,0.25,1.0,0.9051482536448665,0.2790050208568573,0.6349637508392334,1.963345263259692,2.5097621068453666
3,15,0.05,0.0,0.9051482536448665,0.14583811163902283,0.34113872051239014,1.7589265032296406,2.058724016992625
3,15,0.05,0.1,0.9051482536448665,0.17712542414665222,0.38033851981163025,1.8069543028162498,2.1188979326691504
3,15,0.05,0.2,0.9051482536448665,0.20774105191230774,0.4183424413204193,1.8539510282201517,2.1772361080967864
3,15,0.05,0.3,0.9051482536448665,0.237579807639122,0.4549647867679596,1.8997552109735205,2.2334534858954425
3,15,0.05,0.4,0.9051482536448665,0.2665537893772125,0.49005791544914246,1.9442319165967266,2.2873234292073183
3,15,0.05,0.5,0.9051482536448665,0.2945932149887085,0.5235146284103394,1.9872740255494905,2.33868138155734
3,15,0.05,0.6,0.9051482536448665,0.3216463029384613,0.555267333984375,2.028802050237862,2.3874235859020088
3,15,0.05,0.7,0.9051482536448665,0.3476783037185669,0.5852842926979065,2.068762648195916,2.433501320349206
3,15,0.05,0.8,0.9051482536448665,0.3726697266101837,0.6135650277137756,2.1071259000645473,2.4769138529268426
3,15,0.05,0.9,0.9051482536448665,0.3966144323348999,0.640134334564209,2.143882381703121,2.517699246183504
3,15,0.05,1.0,0.9051482536448665,0.41951754689216614,0.6650371551513672,2.179039961811585,2.555926488488501
3,20,1.0,0.0,0.9640275800758169,-0.5036844611167908,0.17663975059986115,0.7618725075025228,1.8062087663703146
3,20,1.0,0.1,0.9640275800758169,-0.47449418902397156,0.2133825272321701,0.8066812310900998,1.862611012869491
3,20,1.0,0.2,0.9640275800758169,-0.44514721632003784,0.24935923516750336,0.8517304990051539,1.917837300460757
3,20,1.0,0.3,0.9640275800758169,-0.41575342416763306,0.2844243347644806,0.8968516374296156,1.9716642175383245
3,20,1.0,0.4,0.9640275800758169,-0.38641610741615295,0.31845763325691223,0.941886082909884,2.0239072613877176
3,20,1.0,0.5,0.9640275800758169,-0.35723039507865906,0.35136425495147705,0.9866878070143679,2.0744207924375173
3,20,1.0,0.6,0.9640275800758169,-0.32828232645988464,0.38307297229766846,1.031124734529407,2.123095472357052
3,20,1.0,0.7,0.9640275800758169,-0.2996484637260437,0.41353413462638855,1.0750793381865935,2.1698550845526405
3,20,1.0,0.8,0.9640275800758169,-0.2713955342769623,0.4427173137664795,1.1184491876418385,2.2146529200554057
3,20,1.0,0.9,0.9640275800758169,-0.24358078837394714,0.4706088900566101,1.161146400496305,2.2574680719125797
3,20,1.0,1.0,0.9640275800758169,-0.21625223755836487,0.4972093403339386,1.2030972763103651,2.2983012720962503
3,20,0.75,0.0,0.9640275800758169,-0.3524060547351837,0.22559401392936707,0.9940934431199786,1.881356337690998
3,20,0.75,0.1,0.9640275800758169,-0.3217494487762451,0.2635412812232971,1.0411530723752083,1.9396075456849073
3,20,0.75,0.2,0.9640275800758169,-0.2911103367805481,0.30056828260421753,1.0881858474044528,1.9964460932968922
3,20,0.75,0.3,0.9640275800758169,-0.2606043517589569,0.33651626110076904,1.13501426497633,2.0516282795698455
3,20,0.75,0.4,0.9640275800758169,-0.23033802211284637,0.3712572455406189,1.1814747979515152,2.1049576614946033
3,20,0.75,0.5,0.9640275800758169,-0.20040735602378845,0.4046938121318817,1.22742006832488,2.1562846880238995
3,20,0.75,0.6,0.9640275800758169,-0.17089694738388062,0.4367571473121643,1.2727202196731562,2.2055037264357598
3,20,0.75,0.7,0.9640275800758169,-0.1418798416852951,0.46740421652793884,1.3172631230220866,2.2525487162492257
3,20,0.75,0.8,0.9640275800758169,-0.11341775208711624,0.4966146945953369,1.3609540451715716,2.2973884571540393
3,20,0.75,0.9,0.9640275800758169,-0.0855613425374031,0.524387001991272,1.4037152140872426,2.340020524492658
3,20,0.75,1.0,0.9640275800758169,-0.058351073414087296,0.5507356524467468,1.4454845207937113,2.3804671976655163
3,20,0.5,0.0,0.9640275800758169,-0.1816379278898239,0.2747211158275604,1.2562322052750732,1.9567692260195177
3,20,0.5,0.1,0.9640275800758169,-0.15008871257305145,0.31345483660697937,1.304662040531113,2.016227684728107
3,20,0.5,0.2,0.9640275800758169,-0.11877398937940598,0.3511306643486023,1.3527319170757282,2.074062217610822
3,20,0.5,0.3,0.9640275800758169,-0.08781161159276962,0.3875783383846283,1.4002609234325007,2.1300114648839283
3,20,0.5,0.4,0.9640275800758169,-0.057307396084070206,0.4226626753807068,1.4470866247017067,2.1838679124604283
3,20,0.5,0.5,0.9640275800758169,-0.02735365740954876,0.4562840759754181,1.493067312802635,2.2354786696704037
3,20,0.5,0.6,0.9640275800758169,0.0019712443463504314,0.4883762300014496,1.5380827005604005,2.2847419466453434
3,20,0.5,0.7,0.9640275800758169,0.030602851882576942,0.5189029574394226,1.5820338423613147,2.331602205003056
3,20,0.5,0.8,0.9640275800758169,0.05848994106054306,0.5478540062904358,1.6248421062467682,2.376043707343646
3,20,0.5,0.9,0.9640275800758169,0.08559367805719376,0.575240433216095,1.666447880095381,2.4180834262699085
3,20,0.5,1.0,0.9640275800758169,0.11188636720180511,0.6010905504226685,1.7068086494814534,2.4577648226245783
3,20,0.25,0.0,0.9640275800758169,0.0038187908940017223,0.3216669261455536,1.5409187893198901,2.028833708030676
3,20,0.25,0.1,0.9640275800758169,0.0354224294424057,0.36064934730529785,1.5894321673238416,2.0886739359315043
3,20,0.25,0.2,0.9640275800758169,0.06654398888349533,0.39846932888031006,1.6372055265503622,2.146729753126126
3,20,0.25,0.3,0.9640275800758169,0.09707096219062805,0.4349489212036133,1.684066162331183,2.202727996780885
3,20,0.25,0.4,0.9640275800758169,0.12690596282482147,0.46994808316230774,1.7298645808043573,2.2564536958431343
3,20,0.25,0.5,0.9640275800758169,0.1559678167104721,0.5033655166625977,1.7744761751589375,2.3077513519923927
3,20,0.25,0.6,0.9640275800758169,0.1841917783021927,0.5351372957229614,1.8178015573098256,2.3565228352205887
3,20,0.25,0.7,0.9640275800758169,0.21152900159358978,0.5652328729629517,1.8597657458662393,2.4027212535658236
3,20,0.25,0.8,0.9640275800758169,0.23794519901275635,0.593650758266449,1.9003161074602133,2.4463443196153216
3,20,0.25,0.9,0.9640275800758169,0.26341912150382996,0.6204125881195068,1.9394200235855679,2.4874252466025846
3,20,0.25,1.0,0.9640275800758169,0.28794097900390625,0.6455585360527039,1.9770624659403677,2.5260257031760402
3,20,0.05,0.0,0.9640275800758169,0.15723469853401184,0.35602372884750366,1.7764209106265827,2.0815733491936412
3,20,0.05,0.1,0.9640275800758169,0.18816250562667847,0.3947601020336151,1.8238968490069625,2.141035879496971
3,20,0.05,0.2,0.9640275800758169,0.21841111779212952,0.43228647112846375,1.8703301846442464,2.198640984878298
3,20,0.05,0.3,0.9640275800758169,0.2478795349597931,0.46842342615127563,1.9155658767005077,2.2541132608394467
3,20,0.05,0.4,0.9640275800758169,0.276483416557312,0.5030290484428406,1.9594744576126502,2.3072348541876733
3,20,0.05,0.5,0.9640275800758169,0.30415645241737366,0.5360013246536255,2.001954137512162,2.3578491686443637
3,20,0.05,0.6,0.9640275800758169,0.33084961771965027,0.5672770142555237,2.0429296605187273,2.4058591264113236
3,20,0.05,0.7,0.9640275800758169,0.3565305173397064,0.5968279838562012,2.082351298278606,2.45122154113535
3,20,0.05,0.8,0.9640275800758169,0.381181538105011,0.6246566772460938,2.1201920135727903,2.493940164173396
3,20,0.05,0.9,0.9640275800758169,0.4047980010509491,0.6507903933525085,2.156444623925166,2.5340569009275087
3,20,0.05,1.0,0.9640275800758169,0.42738598585128784,0.6752753257751465,2.1911184619798565,2.5716426611937306
4,-20,1.0,0.0,-0.9640275800758169,0.1603931039571762,0.23331722617149353,1.7812692421232559,1.8932119066101645
4,-20,1.0,0.1,-0.9640275800758169,0.12523417174816132,0.2664920389652252,1.7272982866632118,1.9441371262113076
4,-20,1.0,0.2,-0.9640275800758169,0.09004747867584229,0.2988923490047455,1.6732847167031595,1.9938734401482308
4,-20,1.0,0.3,-0.9640275800758169,0.05498788505792618,0.330361932516098,1.6194662516157976,2.042181036065545
4,-20,1.0,0.4,-0.9640275800758169,0.02020341530442238,0.3607657849788666,1.5660701172677176,2.088852674365786
4,-20,1.0,0.5,-0.9640275800758169,-0.014167556539177895,0.38999268412590027,1.513308725668523,2.133717622559386
4,-20,1.0,0.6,-0.9640275800758169,-0.047998666763305664,0.41795605421066284,1.461376052280846,2.1766429819640862
4,-20,1.0,0.7,-0.9640275800758169,-0.08117704093456268,0.44459453225135803,1.4104453657631695,2.217534556921789
4,-20,1.0,0.8,-0.9640275800758169,-0.11360418796539307,0.4698701798915863,1.3606678555221585,2.2563341099032286
4,-20,1.0,0.9,-0.9640275800758169,-0.14519624412059784,0.49376699328422546,1.3121722571488217,2.293017074095196
4,-20,1.0,1.0,-0.9640275800758169,-0.17588374018669128,0.516288161277771,1.265065209826755,2.3275883445610313
4,-20,0.75,0.0,-0.9640275800758169,0.15652137994766235,0.20881880819797516,1.7753259261309267,1.855605445258324
4,-20,0.75,0.1,-0.9640275800758169,0.12002474069595337,0.2431916445493698,1.7193015144740158,1.908369698982754
4,-20,0.75,0.2,-0.9640275800758169,0.08352676033973694,0.27677929401397705,1.6632750441456068,1.9599286462933634
4,-20,0.75,0.3,-0.9640275800758169,0.04720158874988556,0.30940884351730347,1.6075138450767783,2.0100168558116773
4,-20,0.75,0.4,-0.9640275800758169,0.01121485885232687,0.3409307599067688,1.5522721732049638,2.058404785665669
4,-20,0.75,0.5,-0.9640275800758169,-0.024280045181512833,0.3712224066257477,1.4977854819345815,2.104904181783911
4,-20,0.75,0.6,-0.9640275800758169,-0.059144508093595505,0.40018877387046814,1.444266553550178,2.149369198727834
4,-20,0.75,0.7,-0.9640275800758169,-0.09325665235519409,0.4277627468109131,1.3919024769722983,2.1916968114260267
4,-20,0.75,0.8,-0.9640275800758169,-0.1265120953321457,0.45390376448631287,1.3408534854658702,2.2318247565027396
4,-20,0.75,0.9,-0.9640275800758169,-0.15882422029972076,0.47859516739845276,1.2912525406170041,2.269727460683142
4,-20,0.75,1.0,-0.9640275800758169,-0.19012370705604553,0.5018417239189148,1.2432060528680189,2.3054122436881146
4,-20,0.5,0.0,-0.9640275800758169,0.15131106972694397,0.18241524696350098,1.7673278043681928,1.8150744809246868
4,-20,0.5,0.1,-0.9640275800758169,0.11371617019176483,0.21779629588127136,1.709617500873318,1.8693863981330543
4,-20,0.5,0.2,-0.9640275800758169,0.07615264505147934,0.25239869952201843,1.6519553588544325,1.9225030506696856
4,-20,0.5,0.3,-0.9640275800758169,0.038811083883047104,0.28603464365005493,1.594633944124061,1.9741361330283507
4,-20,0.5,0.4,-0.9640275800758169,0.0018716147169470787,0.31854167580604553,1.5379297634274107,2.0240362714682587
4,-20,0.5,0.5,-0.9640275800758169,-0.034500304609537125,0.3497864603996277,1.4820968039309144,2.0719987882942537
4,-20,0.5,0.6,-0.9640275800758169,-0.07015685737133026,0.3796657621860504,1.4273619726930074,2.117865211549245
4,-20,0.5,0.7,-0.9640275800758169,-0.10496982932090759,0.40810665488243103,1.3739220858570629,2.1615235952519978
4,-20,0.5,0.8,-0.9640275800758169,-0.13883161544799805,0.43506473302841187,1.3219423232181355,2.202905774501801
4,-20,0.5,0.9,-0.9640275800758169,-0.17165499925613403,0.46052178740501404,1.2715565670459783,2.241983797114536
4,-20,0.5,1.0,-0.9640275800758169,-0.203372523188591,0.4844823479652405,1.2228683685169401,2.2787646168250415
4,-20,0.25,0.0,-0.9640275800758169,0.14456869661808014,0.15443401038646698,1.756977879160277,1.772121695440808
4,-20,0.25,0.1,-0.9640275800758169,0.1061762124300003,0.19058087468147278,1.698043237977289,1.827609182696914
4,-20,0.25,0.2,-0.9640275800758169,0.06785346567630768,0.22597399353981018,1.6392156477121964,1.8819396279487635
4,-20,0.25,0.3,-0.9640275800758169,0.029802847653627396,0.2604139745235443,1.580805790486707,1.93480695249286
4,-20,0.25,0.4,-0.9640275800758169,-0.007785507943481207,0.2937279939651489,1.5231055323079994,1.985945862195495
4,-20,0.25,0.5,-0.9640275800758169,-0.04473835229873657,0.3257735073566437,1.4663808199372392,2.0351375431505594
4,-20,0.25,0.6,-0.9640275800758169,-0.08090246468782425,0.3564396798610687,1.4108668558782562,2.082211857595808
4,-20,0.25,0.7,-0.9640275800758169,-0.11614669859409332,0.3856475055217743,1.3567649574738758,2.1270475269058813
4,-20,0.25,0.8,-0.9640275800758169,-0.15036281943321228,0.41334816813468933,1.3042412709510505,2.1695696154382516
4,-20,0.25,0.9,-0.9640275800758169,-0.1834651082754135,0.4395201802253723,1.2534273797296933,2.209745138700696
4,-20,0.25,1.0,-0.9640275800758169,-0.21538951992988586,0.46416616439819336,1.2044215968108976,2.2475781225396996
4,-20,0.05,0.0,-0.9640275800758169,0.1379806101322174,0.13121354579925537,1.7468647926711416,1.736476965033535
4,-20,0.05,0.1,-0.9640275800758169,0.09919951856136322,0.1677694469690323,1.6873336171104178,1.7925923470965295
4,-20,0.05,0.2,-0.9640275800758169,0.060522109270095825,0.20360420644283295,1.6279615997306167,1.8476007357467965
4,-20,0.05,0.3,-0.9640275800758169,0.022155944257974625,0.23851236701011658,1.5690673599757767,1.901186742510843
4,-20,0.05,0.4,-0.9640275800758169,-0.015704907476902008,0.2723151445388794,1.5109488047672535,1.9530759236038588
4,-20,0.05,0.5,-0.9640275800758169,-0.052884601056575775,0.30486437678337097,1.453875865968158,2.0030408415735703
4,-20,0.05,0.6,-0.9640275800758169,-0.0892288014292717,0.3360440731048584,1.398085456638186,2.050903444209529
4,-20,0.05,0.7,-0.9640275800758169,-0.12460654228925705,0.3657706081867218,1.34377861748618,2.0965353619067715
4,-20,0.05,0.8,-0.9640275800758169,-0.15891101956367493,0.3939908742904663,1.2911192988228284,2.1398550712739763
4,-20,0.05,0.9,-0.9640275800758169,-0.19205904006958008,0.4206799566745758,1.2402352069033895,2.1808243267695366
4,-20,0.05,1.0,-0.9640275800758169,-0.2239898294210434,0.4458373785018921,1.1912196338579146,2.219442396421364
4,-15,1.0,0.0,-0.9051482536448665,0.15187184512615204,0.22975991666316986,1.7681886264180158,1.8877512347134764
4,-15,1.0,0.1,-0.9051482536448665,0.11643265187740326,0.26320385932922363,1.7137874543631464,1.9390895839360118
4,-15,1.0,0.2,-0.9051482536448665,0.08097174018621445,0.295875608921051,1.6593529432670733,1.9892425729841292
4,-15,1.0,0.3,-0.9051482536448665,0.04564753174781799,0.3276151716709137,1.6051282794190291,2.0379646023481177
4,-15,1.0,0.4,-0.9051482536448665,0.010611671023070812,0.3582838475704193,1.5513462456690168,2.0850427596468295
4,-15,1.0,0.5,-0.9051482536448665,-0.023994211107492447,0.38776707649230957,1.4982242534531875,2.1303011885860794
4,-15,1.0,0.6,-0.9051482536448665,-0.0580408088862896,0.41597551107406616,1.4459607944447725,2.1736027358958467
4,-15,1.0,0.7,-0.9051482536448665,-0.0914127379655838,0.44284528493881226,1.3947329901631476,2.21484936306457
4,-15,1.0,0.8,-0.9051482536448665,-0.12400946021080017,0.4683367609977722,1.3446951723482792,2.2539802249124206
4,-15,1.0,0.9,-0.9051482536448665,-0.15574562549591064,0.4924325942993164,1.295978358285419,2.2909686959546907
4,-15,1.0,1.0,-0.9051482536448665,-0.18655093014240265,0.5151352286338806,1.2486904681093172,2.3258185275483325
4,-15,0.75,0.0,-0.9051482536448665,0.14759396016597748,0.20499287545681,1.761621830325455,1.8497324214605875
4,-15,0.75,0.1,-0.9051482536448665,0.11080160737037659,0.23964731395244598,1.7051434816032358,1.9029289504513411
4,-15,0.75,0.2,-0.9051482536448665,0.0740162655711174,0.2735198140144348,1.648675895158126,1.9549251595881247
4,-15,0.75,0.3,-0.9051482536448665,0.03741619363427162,0.3064330518245697,1.592492708461932,2.0054488467506477
4,-15,0.75,0.4,-0.9051482536448665,0.0011708615347743034,0.33823344111442566,1.5368540675399847,2.0542642483041345
4,-15,0.75,0.5,-0.9051482536448665,-0.03456275537610054,0.36879441142082214,1.4820009384614912,2.101177071407429
4,-15,0.75,0.6,-0.9051482536448665,-0.06964302808046341,0.39801791310310364,1.4281507298033365,2.146036804299901
4,-15,0.75,0.7,-0.9051482536448665,-0.10394556075334549,0.4258342385292053,1.375494396213657,2.1887364418119097
4,-15,0.75,0.8,-0.9051482536448665,-0.13736417889595032,0.45220088958740234,1.324194921571242,2.229210746931096
4,-15,0.75,0.9,-0.9051482536448665,-0.16981105506420135,0.4770999550819397,1.274387125985083,2.267432224955899
4,-15,0.75,1.0,-0.9051482536448665,-0.20121628046035767,0.5005353689193726,1.2261783234255446,2.3034069146560454
4,-15,0.5,0.0,-0.9051482536448665,0.14202550053596497,0.1782941073179245,1.7530739289021176,1.808748297781986
4,-15,0.5,0.1,-0.9051482536448665,0.10412655770778656,0.21396462619304657,1.6948969017045195,1.863504567796132
4,-15,0.5,0.2,-0.9051482536448665,0.06626947969198227,0.24886111915111542,1.6367841393688505,1.917072664118146
4,-15,0.5,0.3,-0.9051482536448665,0.028649285435676575,0.28279078006744385,1.5790350070421106,1.9691566184089997
4,-15,0.5,0.4,-0.9051482536448665,-0.008549798280000687,0.31558674573898315,1.5219323032842733,2.0195002861860867
4,-15,0.5,0.5,-0.9051482536448665,-0.04515867680311203,0.34711137413978577,1.4657355979785758,2.06789237913133
4,-15,0.5,0.6,-0.9051482536448665,-0.08102647960186005,0.3772580623626709,1.410676485950011,2.114169255734766
4,-15,0.5,0.7,-0.9051482536448665,-0.11602269113063812,0.4059509336948395,1.3569553159650571,2.158214440937865
4,-15,0.5,0.8,-0.9051482536448665,-0.15003807842731476,0.4331437647342682,1.304739766817226,2.199956979196328
4,-15,0.5,0.9,-0.9051482536448665,-0.18298454582691193,0.45881685614585876,1.2541650703498082,2.239366630913262
4,-15,0.5,1.0,-0.9051482536448665,-0.21479454636573792,0.48297417163848877,1.2053349149839194,2.2764494806066518
4,-15,0.25,0.0,-0.9051482536448665,0.13498587906360626,0.14999914169311523,1.742267710593735,1.765313920412343
4,-15,0.25,0.1,-0.9051482536448665,0.09628991782665253,0.1864372342824936,1.6828672149248782,1.8212484596213026
4,-15,0.25,0.2,-0.9051482536448665,0.05767589062452316,0.22212806344032288,1.6235924926474852,1.876035907071579
4,-15,0.25,0.3,-0.9051482536448665,0.019350744783878326,0.2568668723106384,1.564761219647824,1.9293619493736844
4,-15,0.25,0.4,-0.9051482536448665,-0.018491238355636597,0.29047590494155884,1.5066716288035713,1.980953721057623
4,-15,0.25,0.5,-0.9051482536448665,-0.05567318946123123,0.3228081464767456,1.4495952245741208,2.030585545978959
4,-15,0.25,0.6,-0.9051482536448665,-0.09203901141881943,0.3537490963935852,1.3937716248847756,2.078081659340019
4,-15,0.25,0.7,-0.9051482536448665,-0.1274554580450058,0.3832167088985443,1.3394053701859248,2.1233161161933816
4,-15,0.25,0.8,-0.9051482536448665,-0.1618129014968872,0.4111599922180176,1.286664745435466,2.166210641273867
4,-15,0.25,0.9,-0.9051482536448665,-0.19502514600753784,0.4375559687614441,1.235682066025401,2.2067299626764765
4,-15,0.25,1.0,-0.9051482536448665,-0.2270282655954361,0.4624065160751343,1.186555461963801,2.2448769625413076
4,-15,0.05,0.0,-0.9051482536448665,0.12821049988269806,0.12652288377285004,1.7318671191928405,1.7292765327280188
4,-15,0.05,0.1,-0.9051482536448665,0.08913344144821167,0.16336631774902344,1.671881617706637,1.7858332939601838
4,-15,0.05,0.2,-0.9051482536448665,0.050173163414001465,0.1994968205690384,1.612075380759653,1.8412956654240142
4,-15,0.05,0.3,-0.9051482536448665,0.011541790328919888,0.2347034215927124,1.5527740315679195,1.895339795218748
4,-15,0.05,0.4,-0.9051482536448665,-0.026562590152025223,0.2688022255897522,1.4942816459191213,1.9476833937337543
4,-15,0.05,0.5,-0.9051482536448665,-0.06396070867776871,0.30164042115211487,1.4368734124368536,1.9980918867889006
4,-15,0.05,0.6,-0.9051482536448665,-0.10049550235271454,0.3330981731414795,1.3807904315758246,2.046381320648777
4,-15,0.05,0.7,-0.9051482536448665,-0.13603408634662628,0.36308860778808594,1.326236689088826,2.092418339148569
4,-15,0.05,0.8,-0.9051482536448665,-0.17046856880187988,0.39155644178390503,1.2733778050978715,2.136118079274304
4,-15,0.05,0.9,-0.9051482536448665,-0.20371539890766144,0.4184750020503998,1.222342034837286,2.177439596337299
4,-15,0.05,1.0,-0.9051482536448665,-0.2357141524553299,0.4438430666923523,1.173222132895118,2.2163810146590786
4,-10,1.0,0.0,-0.7615941559557649,0.13020676374435425,0.22048725187778473,1.734931497465862,1.8735171682420373
4,-10,1.0,0.1,-0.7615941559557649,0.09411588311195374,0.2545686960220337,1.6795299483077335,1.9258341183982086
4,-10,1.0,0.2,-0.7615941559557649,0.05802018195390701,0.2878879904747009,1.624120999369276,1.976981125542069
4,-10,1.0,0.3,-0.7615941559557649,0.02208702266216278,0.32027551531791687,1.5689615614163754,2.026697813477378
4,-10,1.0,0.4,-0.7615941559557649,-0.013523509725928307,0.35158321261405945,1.5142973740627754,2.074756904870757
4,-10,1.0,0.5,-0.7615941559557649,-0.04866187274456024,0.38168808817863464,1.460357993476832,2.120969596671711
4,-10,1.0,0.6,-0.7615941559557649,-0.08319173753261566,0.4104934632778168,1.4073526921941144,2.1651874815393635
4,-10,1.0,0.7,-0.7615941559557649,-0.11699184775352478,0.43792924284935,1.355467605569967,2.207302959576752
4,-10,1.0,0.8,-0.7615941559557649,-0.14995713531970978,0.4639509618282318,1.304864019079194,2.2472477743866546
4,-10,1.0,0.9,-0.7615941559557649,-0.1819990873336792,0.48853790760040283,1.255677805040663,2.28499013093149
4,-10,1.0,1.0,-0.7615941559557649,-0.21304558217525482,0.5116902589797974,1.2080196742327105,2.320530303700793
4,-10,0.75,0.0,-0.7615941559557649,0.12488038837909698,0.19507615268230438,1.7267552091220408,1.8345096894393
4,-10,0.75,0.1,-0.7615941559557649,0.08740527927875519,0.2303938865661621,1.6692287907401924,1.8887244144788344
4,-10,0.75,0.2,-0.7615941559557649,0.04996023327112198,0.2649421989917755,1.6117485209110909,1.9417580339317133
4,-10,0.75,0.3,-0.7615941559557649,0.01273337285965681,0.29853278398513794,1.5546031783494842,1.9933214874454905
4,-10,0.75,0.4,-0.7615941559557649,-0.024096570909023285,0.3310016691684723,1.498067125351103,2.0431630681183446
4,-10,0.75,0.5,-0.7615941559557649,-0.06036430224776268,0.3622128665447235,1.4423941003262402,2.0910740266603782
4,-10,0.75,0.6,-0.7615941559557649,-0.09592113643884659,0.39206016063690186,1.387812342751273,2.136891316288951
4,-10,0.75,0.7,-0.7615941559557649,-0.1306370198726654,0.42046722769737244,1.3345214922947195,2.180497775721699
4,-10,0.75,0.8,-0.7615941559557649,-0.16440176963806152,0.44738632440567017,1.282690685975736,2.2218201162532933
4,-10,0.75,0.9,-0.7615941559557649,-0.19712518155574799,0.47279617190361023,1.2324583923266903,2.260825673629299
4,-10,0.75,1.0,-0.7615941559557649,-0.22873660922050476,0.4966985583305359,1.1839330575872713,2.297517192745047
4,-10,0.5,0.0,-0.7615941559557649,0.11839638650417328,0.16767825186252594,1.7168018984152775,1.7924523574346658
4,-10,0.5,0.1,-0.7615941559557649,0.07980090379714966,0.20402638614177704,1.6575556429898761,1.8482488055343655
4,-10,0.5,0.2,-0.7615941559557649,0.04127588868141174,0.2396165281534195,1.5984175593146306,1.9028816925033982
4,-10,0.5,0.3,-0.7615941559557649,0.0030268514528870583,0.27424389123916626,1.5397031173521138,1.9560366592040201
4,-10,0.5,0.4,-0.7615941559557649,-0.034752316772937775,0.3077300190925598,1.4817099509637814,2.007439765082231
4,-10,0.5,0.5,-0.7615941559557649,-0.07188408076763153,0.3399270474910736,1.4247105867966114,2.0568640301683137
4,-10,0.5,0.6,-0.7615941559557649,-0.1082107350230217,0.3707194924354553,1.3689471117520715,2.1041321799721624
4,-10,0.5,0.7,-0.7615941559557649,-0.1435965597629547,0.4000243544578552,1.3146278633857582,2.1491168056021794
4,-10,0.5,0.8,-0.7615941559557649,-0.17792901396751404,0.42778995633125305,1.2619255985475457,2.1917385795833084
4,-10,0.5,0.9,-0.7615941559557649,-0.21111853420734406,0.45399296283721924,1.2109778021823079,2.231961681031484
4,-10,0.5,1.0,-0.7615941559557649,-0.2430976927280426,0.47863516211509705,1.1618879797181385,2.2697888548420377
4,-10,0.25,0.0,-0.7615941559557649,0.11061152815818787,0.13864901661872864,1.7048516992295868,1.7478908345457425
4,-10,0.25,0.1,-0.7615941559557649,0.07122641056776047,0.17576418817043304,1.6443933094632295,1.8048647283716568
4,-10,0.25,0.2,-0.7615941559557649,0.031956132501363754,0.21215279400348663,1.5841112048809523,1.8607233026023402
4,-10,0.25,0.3,-0.7615941559557649,-0.0069816745817661285,0.24759721755981445,1.5243394621186237,1.915132503476052
4,-10,0.25,0.4,-0.7615941559557649,-0.04538310691714287,0.28190746903419495,1.4653910850219183,1.967800685863909
4,-10,0.25,0.5,-0.7615941559557649,-0.08306313306093216,0.3149254322052002,1.4075501073537082,2.0184851323962976
4,-10,0.25,0.6,-0.7615941559557649,-0.1198592260479927,0.34652718901634216,1.3510660172254227,2.0669956218268033
4,-10,0.25,0.7,-0.7615941559557649,-0.15563355386257172,0.3766229748725891,1.2961503946002682,2.113194360409827
4,-10,0.25,0.8,-0.7615941559557649,-0.19027401506900787,0.4051559865474701,1.242975321541349,2.1569941519703644
4,-10,0.25,0.9,-0.7615941559557649,-0.2236936092376709,0.43209946155548096,1.1916743486435664,2.1983539145749664
4,-10,0.25,1.0,-0.7615941559557649,-0.25582945346832275,0.4574529528617859,1.1423440047260478,2.237272961999801
4,-10,0.05,0.0,-0.7615941559557649,0.10338201373815536,0.11458055675029755,1.6937539844741518,1.7109443832761593
4,-10,0.05,0.1,-0.7615941559557649,0.06363829970359802,0.15208834409713745,1.6327451288233585,1.7685209646201754
4,-10,0.05,0.2,-0.7615941559557649,0.024046532809734344,0.18890827894210815,1.571969520653288,1.82504165335287
4,-10,0.05,0.3,-0.7615941559557649,-0.015170807018876076,0.2248161882162094,1.511768679269128,1.8801623310962887
4,-10,0.05,0.4,-0.7615941559557649,-0.0538063608109951,0.25961557030677795,1.4524609124549261,1.93358135672772
4,-10,0.05,0.5,-0.7615941559557649,-0.09167313575744629,0.29314205050468445,1.3943332647806201,1.985046405743893
4,-10,0.05,0.6,-0.7615941559557649,-0.12860813736915588,0.325266033411026,1.3376359420333979,2.034358541855718
4,-10,0.05,0.7,-0.7615941559557649,-0.1644744873046875,0.3558925688266754,1.282579060232289,2.0813720111211373
4,-10,0.05,0.8,-0.7615941559557649,-0.19916224479675293,0.38496020436286926,1.2293313846918743,2.1259924806372865
4,-10,0.05,0.9,-0.7615941559557649,-0.23258769512176514,0.41243812441825867,1.1780214222618834,2.168172646707968
4,-10,0.05,1.0,-0.7615941559557649,-0.26469188928604126,0.4383225440979004,1.1287396629917177,2.207906699304731
4,-5,1.0,0.0,-0.46211715726000974,0.08114853501319885,0.1983395367860794,1.6596243333558285,1.8395191691660107
4,-5,1.0,0.1,-0.46211715726000974,0.04388902708888054,0.2336197942495346,1.6024288750099425,1.89367636577424
4,-5,1.0,0.2,-0.46211715726000974,0.006670963950455189,0.26818087697029114,1.5452970367615095,1.9467295883546054
4,-5,1.0,0.3,-0.46211715726000974,-0.030321206897497177,0.3018327057361603,1.4885119559935203,1.9983870545334577
4,-5,1.0,0.4,-0.46211715726000974,-0.06691103428602219,0.33440735936164856,1.4323444952601583,2.04839099576512
4,-5,1.0,0.5,-0.46211715726000974,-0.1029340997338295,0.365762859582901,1.377047046257445,2.0965234673603383
4,-5,1.0,0.6,-0.46211715726000974,-0.13824127614498138,0.3957853615283966,1.3228485275374253,2.14260971098306
4,-5,1.0,0.7,-0.46211715726000974,-0.17270098626613617,0.4243903160095215,1.2699509176481807,2.1865199388324013
4,-5,1.0,0.8,-0.46211715726000974,-0.2062007635831833,0.45152121782302856,1.2185268590689455,2.2281674122159125
4,-5,1.0,0.9,-0.46211715726000974,-0.2386476695537567,0.4771483242511749,1.168719017734531,2.2675064743745934
4,-5,1.0,1.0,-0.46211715726000974,-0.269968181848526,0.5012656450271606,1.1206402545912826,2.304527929909087
4,-5,0.75,0.0,-0.46211715726000974,0.07342788577079773,0.17167390882968903,1.647772698786636,1.7985859175475376
4,-5,0.75,0.1,-0.46211715726000974,0.03475743904709816,0.2082163393497467,1.5884113693430286,1.8546806213990412
4,-5,0.75,0.2,-0.46211715726000974,-0.0038224970921874046,0.24403931200504303,1.529188978781041,1.9096709166142536
4,-5,0.75,0.3,-0.46211715726000974,-0.04210546240210533,0.2789318263530731,1.4704224552888912,1.9632329055441569
4,-5,0.75,0.4,-0.46211715726000974,-0.07989563047885895,0.3127078115940094,1.4124124035053762,2.015080958955468
4,-5,0.75,0.5,-0.46211715726000974,-0.11701282113790512,0.3452105224132538,1.3554354102351511,2.064974463898327
4,-5,0.75,0.6,-0.46211715726000974,-0.15329605340957642,0.37631532549858093,1.2997385903988905,2.112722101168187
4,-5,0.75,0.7,-0.46211715726000974,-0.18860623240470886,0.4059301018714905,1.2455354625421282,2.158182462907263
4,-5,0.75,0.8,-0.46211715726000974,-0.22282744944095612,0.43399474024772644,1.1930039530676104,2.201263274884189
4,-5,0.75,0.9,-0.46211715726000974,-0.2558671534061432,0.46047842502593994,1.1422861331828265,2.2419172334027673
4,-5,0.75,1.0,-0.46211715726000974,-0.2876555323600769,0.48537692427635193,1.0934891681763108,2.2801378422107152
4,-5,0.5,0.0,-0.46211715726000974,0.0649057924747467,0.14296497404575348,1.6346908021302415,1.7545160740347188
4,-5,0.5,0.1,-0.46211715726000974,0.025122318416833878,0.18054009974002838,1.5736209125880647,1.812196023562062
4,-5,0.5,0.2,-0.46211715726000974,-0.01451795268803835,0.21741583943367004,1.512770847702517,1.8688023759032009
4,-5,0.5,0.3,-0.46211715726000974,-0.05379059165716171,0.2533629834651947,1.4524851190006234,1.9239832812249997
4,-5,0.5,0.4,-0.46211715726000974,-0.09248466789722443,0.2881791591644287,1.3930875169089278,1.9774280859984117
4,-5,0.5,0.5,-0.46211715726000974,-0.13040830194950104,0.3216942548751831,1.3348725872816387,2.0288756591809793
4,-5,0.5,0.6,-0.46211715726000974,-0.16739261150360107,0.353772908449173,1.2780995740456735,2.0781182121961725
4,-5,0.5,0.7,-0.46211715726000974,-0.20329435169696808,0.3843156099319458,1.2229883661911454,2.125002991618839
4,-5,0.5,0.8,-0.46211715726000974,-0.2379971295595169,0.413257360458374,1.1697176335299528,2.1694302205037097
4,-5,0.5,0.9,-0.46211715726000974,-0.27141109108924866,0.4405650794506073,1.1184253070524617,2.2113491182871674
4,-5,0.5,1.0,-0.46211715726000974,-0.3034718334674835,0.4662342071533203,1.069210248738831,2.2507526854861193
4,-5,0.25,0.0,-0.46211715726000974,0.0555434450507164,0.11260920017957687,1.620319067720906,1.707918239107681
4,-5,0.25,0.1,-0.46211715726000974,0.015017020516097546,0.15092459321022034,1.5581087070503983,1.7667345409907262
4,-5,0.25,0.2,-0.46211715726000974,-0.025312885642051697,0.18858233094215393,1.4962000132359963,1.824541304682346
4,-5,0.25,0.3,-0.46211715726000974,-0.06521017104387283,0.22533926367759705,1.4349554168245546,1.8809652816028901
4,-5,0.25,0.4,-0.46211715726000974,-0.10445469617843628,0.2609803378582001,1.3747128444535708,1.935676352340591
4,-5,0.25,0.5,-0.46211715726000974,-0.14284822344779968,0.2953239977359772,1.3157766020816397,1.9883958185228758
4,-5,0.25,0.6,-0.46211715726000974,-0.18021851778030396,0.32822543382644653,1.2584110803144235,2.0389013893762167
4,-5,0.25,0.7,-0.46211715726000974,-0.21642188727855682,0.35957735776901245,1.2028368543658687,2.0870283711807733
4,-5,0.25,0.8,-0.46211715726000974,-0.25134408473968506,0.3893090486526489,1.1492293001734764,2.132668203326219
4,-5,0.25,0.9,-0.46211715726000974,-0.2848995625972748,0.4173832833766937,1.097719738104691,2.17576374624142
4,-5,0.25,1.0,-0.46211715726000974,-0.3170299828052521,0.4437927305698395,1.0483977203696757,2.2163037458555204
4,-5,0.05,0.0,-0.46211715726000974,0.0474381148815155,0.08750790357589722,1.6078769261066415,1.6693863248580445
4,-5,0.05,0.1,-0.46211715726000974,0.006619946099817753,0.1261712610721588,1.5452187214666067,1.7287367719353723
4,-5,0.05,0.2,-0.46211715726000974,-0.03396078944206238,0.1642247587442398,1.482924990318962,1.7871510495860505
4,-5,0.05,0.3,-0.46211715726000974,-0.07406414300203323,0.2014184296131134,1.4213640675947896,1.8442454443169807
4,-5,0.05,0.4,-0.46211715726000974,-0.11346770077943802,0.23753030598163605,1.3608773710953352,1.8996792231211168
4,-5,0.05,0.5,-0.46211715726000974,-0.15197251737117767,0.27237215638160706,1.3017702933002622,1.9531634400166513
4,-5,0.05,0.6,-0.46211715726000974,-0.18940718472003937,0.30579274892807007,1.2443059553011422,2.0044659454809937
4,-5,0.05,0.7,-0.46211715726000974,-0.22563020884990692,0.3376791477203369,1.1887015583780778,2.053413376499885
4,-5,0.05,0.8,-0.46211715726000974,-0.26053065061569214,0.36795520782470703,1.1351274004122085,2.0998888462804945
4,-5,0.05,0.9,-0.46211715726000974,-0.29402709007263184,0.3965791165828705,1.0837084656375906,2.1438281700203405
4,-5,0.05,1.0,-0.46211715726000974,-0.3260660171508789,0.4235394597053528,1.034526895046994,2.185213826137562
4,0,1.0,0.0,0.0,-0.0026254644617438316,0.1571616530418396,1.5310264917748324,1.776308781652325
4,0,1.0,0.1,0.0,-0.040961116552352905,0.19370269775390625,1.4721790910854708,1.8324013582099474
4,0,1.0,0.2,0.0,-0.0791623592376709,0.22965772449970245,1.4135380164580966,1.8875943639453292
4,0,1.0,0.3,0.0,-0.1170269101858139,0.26481011509895325,1.3554137827473582,1.9415552776632885
4,0,1.0,0.4,0.0,-0.15436162054538727,0.2989635169506073,1.2981028843972222,1.9939826869823911
4,0,1.0,0.5,0.0,-0.19098758697509766,0.33194705843925476,1.2418799481855214,2.044614294279665
4,0,1.0,0.6,0.0,-0.22674402594566345,0.3636188805103302,1.1869917859507373,2.093232337858877
4,0,1.0,0.7,0.0,-0.2614910900592804,0.3938683271408081,1.1336530713818553,2.139666954447315
4,0,1.0,0.8,0.0,-0.29511183500289917,0.42261597514152527,1.082043320633501,2.1837962249440426
4,0,1.0,0.9,0.0,-0.3275125324726105,0.44981253147125244,1.0323064119692562,2.225544481734444
4,0,1.0,1.0,0.0,-0.35862261056900024,0.47543641924858093,0.9845506772581711,2.2648786030815304
4,0,0.75,0.0,0.0,-0.014082235284149647,0.1290348917245865,1.513439698635152,1.733132607436786
4,0,0.75,0.1,0.0,-0.0537431538105011,0.16678199172019958,1.452557938786333,1.7910765472725556
4,0,0.75,0.2,0.0,-0.09319981932640076,0.20395717024803162,1.391989718895558,1.8481425552109412
4,0,0.75,0.3,0.0,-0.13222886621952057,0.2403218001127243,1.3320779178489823,1.9039643249700662
4,0,0.75,0.4,0.0,-0.17061951756477356,0.27565997838974,1.2731460901837082,1.9582104333128811
4,0,0.75,0.5,0.0,-0.20817933976650238,0.30978453159332275,1.2154896323855697,2.010593558320649
4,0,0.75,0.6,0.0,-0.24473853409290314,0.34254124760627747,1.1593691951403413,2.060876975645228
4,0,0.75,0.7,0.0,-0.28015294671058655,0.37381061911582947,1.1050060627599292,2.1088772347820197
4,0,0.75,0.8,0.0,-0.3143054246902466,0.40350833535194397,1.0525800716367475,2.1544649139161827
4,0,0.75,0.9,0.0,-0.3471061587333679,0.43158310651779175,1.0022290841387784,2.1975612802999827
4,0,0.75,1.0,0.0,-0.37849152088165283,0.45801419019699097,0.9540507727915382,2.238134493147584
4,0,0.5,0.0,0.0,-0.025578567758202553,0.09898350387811661,1.4957921761159134,1.68700202231741
4,0,0.5,0.1,0.0,-0.06622863560914993,0.13767726719379425,1.4333920159407216,1.746399144052423
4,0,0.5,0.2,0.0,-0.10660532116889954,0.17583386600017548,1.37141151309113,1.8049716877930415
4,0,0.5,0.3,0.0,-0.14646930992603302,0.21319608390331268,1.3102180289181582,1.862324811783014
4,0,0.5,0.4,0.0,-0.185597226023674,0.249531090259552,1.2501544580339248,1.9181011077761612
4,0,0.5,0.5,0.0,-0.22378776967525482,0.28463736176490784,1.1915298070302793,1.9719912260687171
4,0,0.5,0.6,0.0,-0.2608664333820343,0.31834906339645386,1.134611954817366,2.023740600492891
4,0,0.5,0.7,0.0,-0.29668810963630676,0.35053813457489014,1.0796236496512683,2.073152650794752
4,0,0.5,0.8,0.0,-0.3311384618282318,0.38111430406570435,1.026740404714254,2.1200888055083578
4,0,0.5,0.9,0.0,-0.36413314938545227,0.41002318263053894,0.9760916875694196,2.1644655740673997
4,0,0.5,1.0,0.0,-0.3956165313720703,0.4372425973415375,0.9277629102098035,2.2062489197697785
4,0,0.25,0.0,0.0,-0.036955200135707855,0.06745272129774094,1.478328400035302,1.6386004823574039
4,0,0.25,0.1,0.0,-0.07818913459777832,0.10676979273557663,1.415031971490064,1.6989544174193656
4,0,0.25,0.2,0.0,-0.11908683180809021,0.14560556411743164,1.3522516862005654,1.7585695295918882
4,0,0.25,0.3,0.0,-0.15940004587173462,0.18368962407112122,1.2903686156981482,1.817030722078593
4,0,0.25,0.4,0.0,-0.19889922440052032,0.22077657282352448,1.2297351359208866,1.8739612923065383
4,0,0.25,0.5,0.0,-0.23737987875938416,0.25665342807769775,1.1706651485239692,1.9290343003677146
4,0,0.25,0.6,0.0,-0.2746671140193939,0.29114437103271484,1.1134271271448621,1.9819798544287348
4,0,0.25,0.7,0.0,-0.3106183111667633,0.3241131007671356,1.0582400000603136,2.0325887248430194
4,0,0.25,0.8,0.0,-0.34512364864349365,0.3554627299308777,1.0052723495918816,2.080712184031902
4,0,0.25,0.9,0.0,-0.3781053125858307,0.3851335346698761,0.9546436244347053,2.1262585524913384
4,0,0.25,1.0,0.0,-0.4095151424407959,0.41309982538223267,0.9064277537696905,2.1691883952250786
4,0,0.05,0.0,0.0,-0.0458829440176487,0.041568439453840256,1.4646238067175517,1.5988666413463224
4,0,0.05,0.1,0.0,-0.08726084232330322,0.08111879974603653,1.4011063855055357,1.6595786880338923
4,0,0.05,0.2,0.0,-0.12825992703437805,0.12024588137865067,1.3381704646507884,1.7196409779669712
4,0,0.05,0.3,0.0,-0.16863079369068146,0.1586737483739853,1.2761988941480853,1.778629933766315
4,0,0.05,0.4,0.0,-0.2081441432237625,0.19615109264850616,1.2155436610753283,1.8361597832673264
4,0,0.05,0.5,0.0,-0.24659715592861176,0.23245874047279358,1.1565161051853974,1.8918940823619144
4,0,0.05,0.6,0.0,-0.28381791710853577,0.26741477847099304,1.0993801252902076,1.9455535836984394
4,0,0.05,0.7,0.0,-0.3196675479412079,0.3008768558502197,1.0443489082604407,1.9969197707344533
4,0,0.05,0.8,0.0,-0.3540409803390503,0.33274245262145996,0.9915837395709003,2.045835269470998
4,0,0.05,0.9,0.0,-0.3868652284145355,0.362946480512619,0.9411966566993331,2.092200165718037
4,0,0.05,1.0,0.0,-0.4180973768234253,0.39145833253860474,0.8932535371336748,2.1359674760171616
4,5,1.0,0.0,0.46211715726000974,-0.08978600054979324,0.11018598079681396,1.3972301243790244,1.704198459889145
4,5,1.0,0.1,0.46211715726000974,-0.1280716508626938,0.14697377383708954,1.3384594792549793,1.7606698091282709
4,5,1.0,0.2,0.46211715726000974,-0.16613353788852692,0.18337750434875488,1.2800323234703748,1.8165516005986262
4,5,1.0,0.3,0.46211715726000974,-0.20376765727996826,0.2191697210073471,1.2222618152712474,1.8714946836141513
4,5,1.0,0.4,0.46211715726000974,-0.24077939987182617,0.2541378140449524,1.165446690766084,1.9251726901200306
4,5,1.0,0.5,0.46211715726000974,-0.2769889235496521,0.28809016942977905,1.1098630178027662,1.9772914817074558
4,5,1.0,0.6,0.46211715726000974,-0.3122352361679077,0.3208615183830261,1.055757928457564,2.027597361425491
4,5,1.0,0.7,0.46211715726000974,-0.34637945890426636,0.35231563448905945,1.003344609601159,2.075881213998195
4,5,1.0,0.8,0.46211715726000974,-0.3793068826198578,0.38234734535217285,0.9527991462690125,2.12198159383187
4,5,1.0,0.9,0.46211715726000974,-0.41092708706855774,0.4108824133872986,0.9042603386683455,2.1657845420220374
4,5,1.0,1.0,0.46211715726000974,-0.4411744773387909,0.43787598609924316,0.8578288787095375,2.207221207444154
4,5,0.75,0.0,0.46211715726000974,-0.10391794890165329,0.08159025758504868,1.3755367819723878,1.6603024025619486
4,5,0.75,0.1,0.46211715726000974,-0.14329741895198822,0.11941000819206238,1.31508706150045,1.7183578652075902
4,5,0.75,0.2,0.46211715726000974,-0.18237245082855225,0.15687346458435059,1.255104670895621,1.7758663960215337
4,5,0.75,0.3,0.46211715726000974,-0.2209223061800003,0.19373363256454468,1.195928456049407,1.832448844899168
4,5,0.75,0.4,0.46211715726000974,-0.25873899459838867,0.22975991666316986,1.1378776940370192,1.8877512347134764
4,5,0.75,0.5,0.46211715726000974,-0.2956331670284271,0.2647455036640167,1.081243046399847,1.9414560954453406
4,5,0.75,0.6,0.46211715726000974,-0.3314387798309326,0.29851263761520386,1.0262793995434698,1.9932905616247651
4,5,0.75,0.7,0.46211715726000974,-0.36601579189300537,0.33091601729393005,0.9732017245205337,2.0430315876320058
4,5,0.75,0.8,0.46211715726000974,-0.39925214648246765,0.3618445098400116,0.9221820347717603,2.0905085782222623
4,5,0.75,0.9,0.46211715726000974,-0.43106359243392944,0.3912205994129181,0.8733496606154791,2.1356025421829505
4,5,0.75,1.0,0.46211715726000974,-0.46139293909072876,0.4189987778663635,0.826792392954016,2.1782436219279053
4,5,0.5,0.0,0.46211715726000974,-0.11720047891139984,0.05142783373594284,1.3551473449072622,1.6140013708796026
4,5,0.5,0.1,0.46211715726000974,-0.15733090043067932,0.09000910073518753,1.293544871330022,1.673225804387125
4,5,0.5,0.2,0.46211715726000974,-0.19708189368247986,0.12827886641025543,1.23252484166782,1.731972065690983
4,5,0.5,0.3,0.46211715726000974,-0.2362212836742401,0.1659744381904602,1.172443657705215,1.7898369067929738
4,5,0.5,0.4,0.46211715726000974,-0.27453282475471497,0.202850803732872,1.1136332687841948,1.8464442198474784
4,5,0.5,0.5,0.46211715726000974,-0.3118225336074829,0.23868834972381592,1.0563914502998804,1.9014568859596357
4,5,0.5,0.6,0.46211715726000974,-0.3479228913784027,0.27329856157302856,1.0009753531964993,1.954585524539211
4,5,0.5,0.7,0.46211715726000974,-0.38269591331481934,0.3065277636051178,0.9475967918970674,2.0055942347066615
4,5,0.5,0.8,0.46211715726000974,-0.416034460067749,0.3382587134838104,0.8964202313801468,2.0543030428248077
4,5,0.5,0.9,0.46211715726000974,-0.44786134362220764,0.3684098422527313,0.847564159627511,2.100586735918315
4,5,0.5,1.0,0.46211715726000974,-0.47812825441360474,0.39693328738212585,0.8011027345613432,2.1443718422888334
4,5,0.25,0.0,0.46211715726000974,-0.12933625280857086,0.020146630704402924,1.3365182435288807,1.5659829496853732
4,5,0.25,0.1,0.46211715726000974,-0.1698225736618042,0.05916446074843407,1.274369444284328,1.6258775322322807
4,5,0.25,0.2,0.46211715726000974,-0.20986685156822205,0.09793195128440857,1.2128992060396424,1.685387829432896
4,5,0.25,0.3,0.46211715726000974,-0.24923217296600342,0.13617655634880066,1.1524712045520085,1.7440954677720384
4,5,0.25,0.4,0.46211715726000974,-0.28770002722740173,0.17364352941513062,1.0934208660308329,1.8016093968801323
4,5,0.25,0.5,0.46211715726000974,-0.32507649064064026,0.2101040631532669,1.036045874374726,1.8575783845254916
4,5,0.25,0.6,0.46211715726000974,-0.3611965477466583,0.24536141753196716,0.9805995376744521,1.9117004235993607
4,5,0.25,0.7,0.46211715726000974,-0.3959265947341919,0.279254674911499,0.927286945359467,1.9637284963961077
4,5,0.25,0.8,0.46211715726000974,-0.42916542291641235,0.31166037917137146,0.8762634585054863,2.0134730907672784
4,5,0.25,0.9,0.46211715726000974,-0.460843026638031,0.3424917459487915,0.827636539764705,2.0608009877928244
4,5,0.25,1.0,0.46211715726000974,-0.4909187853336334,0.3716965317726135,0.7814685440093849,2.1056319907808354
4,5,0.05,0.0,0.46211715726000974,-0.13807730376720428,-0.005293321795761585,1.3231002344392468,1.5269311794231364
4,5,0.05,0.1,0.46211715726000974,-0.17854395508766174,0.03381422907114029,1.2609816290433316,1.5869634885228927
4,5,0.05,0.2,0.46211715726000974,-0.2185307890176773,0.07272989302873611,1.1995995705611433,1.6467012403313765
4,5,0.05,0.3,0.46211715726000974,-0.2578025162220001,0.11117833107709885,1.1393152414699417,1.7057217738640866
4,5,0.05,0.4,0.46211715726000974,-0.2961432635784149,0.1489013135433197,1.0804600192585205,1.763628691924084
4,5,0.05,0.5,0.46211715726000974,-0.3333626687526703,0.18566608428955078,1.0233261209089568,1.8200647006358275
4,5,0.05,0.6,0.46211715726000974,-0.369299978017807,0.2212716042995453,0.9681603125114763,1.874721193704704
4,5,0.05,0.7,0.46211715726000974,-0.403826504945755,0.25555238127708435,0.9151601350333759,1.9273441310678605
4,5,0.05,0.8,0.46211715726000974,-0.43684592843055725,0.2883802354335785,0.8644734468364671,1.9777367494783444
4,5,0.05,0.9,0.46211715726000974,-0.4682931900024414,0.31966355443000793,0.8162001163625305,2.025758418798715
4,5,0.05,1.0,0.46211715726000974,-0.49813228845596313,0.3493453562259674,0.7703954075042233,2.071321668364435
4,10,1.0,0.0,0.7615941559557649,-0.1437414288520813,0.07892365753650665,1.3144054811157193,1.656209020214782
4,10,1.0,0.1,0.7615941559557649,-0.18139298260211945,0.1153055801987648,1.256608210187118,1.7120573353991673
4,10,1.0,0.2,0.7615941559557649,-0.21878251433372498,0.15144884586334229,1.1992131579209695,1.7675392985534204
4,10,1.0,0.3,0.7615941559557649,-0.2557133734226227,0.1871296614408493,1.142522194181263,1.8223113745898452
4,10,1.0,0.4,0.7615941559557649,-0.2919974625110626,0.22213442623615265,1.0868240590826568,1.8760456743241307
4,10,1.0,0.5,0.7615941559557649,-0.32746079564094543,0.25626635551452637,1.0323858309408234,1.9284401220251377
4,10,1.0,0.6,0.7615941559557649,-0.36194702982902527,0.28935059905052185,0.9794475051041739,1.9792263126777827
4,10,1.0,0.7,0.7615941559557649,-0.39532122015953064,0.3212384581565857,0.9282162296736621,2.028175985361194
4,10,1.0,0.8,0.7615941559557649,-0.4274715781211853,0.35180991888046265,0.8788636063557098,2.075104911850429
4,10,1.0,0.9,0.7615941559557649,-0.45831039547920227,0.38097435235977173,0.8315242722662859,2.119873971700478
4,10,1.0,1.0,0.7615941559557649,-0.48777395486831665,0.4086700975894928,0.7862960371756729,2.162388511770689
4,10,0.75,0.0,0.7615941559557649,-0.158638134598732,0.05067098140716553,1.291538192724415,1.612839559619709
4,10,0.75,0.1,0.7615941559557649,-0.19719120860099792,0.08793320506811142,1.2323570370666057,1.6700391867753783
4,10,0.75,0.2,0.7615941559557649,-0.2354017198085785,0.12498962879180908,1.1737017347317678,1.7269228993526164
4,10,0.75,0.3,0.7615941559557649,-0.27305978536605835,0.1615997701883316,1.1158944678093372,1.783121543240641
4,10,0.75,0.4,0.7615941559557649,-0.3099672496318817,0.19753456115722656,1.059239416450207,1.8382834859105308
4,10,0.75,0.5,0.7615941559557649,-0.34594324231147766,0.23258352279663086,1.0040142268170735,1.8920856303077391
4,10,0.75,0.6,0.7615941559557649,-0.3808285892009735,0.26656070351600647,0.9504632403426205,1.944242530192005
4,10,0.75,0.7,0.7615941559557649,-0.4144887626171112,0.2993086576461792,0.8987929646522251,1.9945124975294641
4,10,0.75,0.8,0.7615941559557649,-0.44681572914123535,0.33070147037506104,0.8491692371721146,2.042702245940582
4,10,0.75,0.9,0.7615941559557649,-0.47772836685180664,0.36064472794532776,0.8017165846537899,2.0886668449519004
4,10,0.75,1.0,0.7615941559557649,-0.507171630859375,0.3890754282474518,0.7565195041251799,2.1323095827512684
4,10,0.5,0.0,0.7615941559557649,-0.17218615114688873,0.021143896505236626,1.2707412187621334,1.5675138092632082
4,10,0.5,0.1,0.7615941559557649,-0.21131230890750885,0.05902191251516342,1.2106803470249752,1.6256587126076396
4,10,0.5,0.2,0.7615941559557649,-0.2500235140323639,0.09674020856618881,1.1512564511234247,1.6835584367544578
4,10,0.5,0.3,0.7615941559557649,-0.2881017029285431,0.13404560089111328,1.0928042710430554,1.740824330258235
4,10,0.5,0.4,0.7615941559557649,-0.32534340023994446,0.17069701850414276,1.0356361529983693,1.7970863354801423
4,10,0.5,0.5,0.7615941559557649,-0.3615652024745941,0.20647330582141876,0.9800336317537809,1.8520049660530968
4,10,0.5,0.6,0.7615941559557649,-0.3966083228588104,0.24117931723594666,0.9262404540146527,1.905280662400012
4,10,0.5,0.7,0.7615941559557649,-0.4303416311740875,0.27465036511421204,0.8744579121052333,1.9566606196609346
4,10,0.5,0.8,0.7615941559557649,-0.4626625180244446,0.30675479769706726,0.8248435172692471,2.0059427449171445
4,10,0.5,0.9,0.7615941559557649,-0.49349719285964966,0.33739447593688965,0.7775105421873392,2.052976389163244
4,10,0.5,1.0,0.7615941559557649,-0.5227990746498108,0.36650362610816956,0.7325304913828733,2.09766058599932
4,10,0.25,0.0,0.7615941559557649,-0.18406368792057037,-0.009238538332283497,1.2525085260177546,1.520875048232717
4,10,0.25,0.1,0.7615941559557649,-0.22339661419391632,0.02894585020840168,1.1921302528838613,1.5794902507919666
4,10,0.25,0.2,0.7615941559557649,-0.2622568607330322,0.06702882796525955,1.1324775699565002,1.6379497820451432
4,10,0.25,0.3,0.7615941559557649,-0.3004240393638611,0.10474991053342819,1.073888785585175,1.6958537836538514
4,10,0.25,0.4,0.7615941559557649,-0.33769455552101135,0.14186078310012817,1.0166764289774097,1.7528210782939082
4,10,0.25,0.5,0.7615941559557649,-0.3738868236541748,0.17813333868980408,0.9611192442540327,1.808501508817632
4,10,0.25,0.6,0.7615941559557649,-0.4088457226753235,0.2133660912513733,0.9074553510849788,1.8625857827065766
4,10,0.25,0.7,0.7615941559557649,-0.4424450099468231,0.24738866090774536,0.8558785390805923,1.914812357183986
4,10,0.25,0.8,0.7615941559557649,-0.4745885729789734,0.2800644338130951,0.8065363463648965,1.9649715222465973
4,10,0.25,0.9,0.7615941559557649,-0.5052092671394348,0.31129077076911926,0.7595318437575577,2.0129057209024306
4,10,0.25,1.0,0.7615941559557649,-0.5342679023742676,0.3409980535507202,0.7149251902145727,2.0585080852266127
4,10,0.05,0.0,0.7615941559557649,-0.19221937656402588,-0.033804766833782196,1.2399890812887404,1.4831644938736261
4,10,0.05,0.1,0.7615941559557649,-0.23144201934337616,0.004382236860692501,1.1797800995743655,1.5417837108422967
4,10,0.05,0.2,0.7615941559557649,-0.27015939354896545,0.042521122843027115,1.120346733783924,1.600329064393179
4,10,0.05,0.3,0.7615941559557649,-0.30815401673316956,0.08035022020339966,1.0620228318120077,1.658398874835455
4,10,0.05,0.4,0.7615941559557649,-0.34522581100463867,0.11761945486068726,1.0051155245719898,1.7156092642682335
4,10,0.05,0.5,0.7615941559557649,-0.38119760155677795,0.1540984809398651,0.9498967854428833,1.7716066387061373
4,10,0.05,0.6,0.7615941559557649,-0.41591891646385193,0.1895831674337387,0.8965975973667629,1.8260776454730443
4,10,0.05,0.7,0.7615941559557649,-0.4492684602737427,0.2239001840353012,0.8454041557435588,1.8787562127149025
4,10,0.05,0.8,0.7615941559557649,-0.4811549484729767,0.25690945982933044,0.7964565874799009,1.9294273236308097
4,10,0.05,0.9,0.7615941559557649,-0.5115160942077637,0.2885047495365143,0.7498505064298074,1.9779278856898694
4,10,0.05,1.0,0.7615941559557649,-0.5403165817260742,0.3186124563217163,0.7056401242760587,2.0241449235750975
4,15,1.0,0.0,0.9051482536448665,-0.16810061037540436,0.06419191509485245,1.2770127556136261,1.6335949598547947
4,15,1.0,0.1,0.9051482536448665,-0.20530582964420319,0.10024324059486389,1.2199006334336855,1.6889357896407964
4,15,1.0,0.2,0.9051482536448665,-0.24223797023296356,0.13612407445907593,1.1632077025189922,1.7440149050940836
4,15,1.0,0.3,0.9051482536448665,-0.27870574593544006,0.17161501944065094,1.1072275980475437,1.7984955189946479
4,15,1.0,0.4,0.9051482536448665,-0.31452587246894836,0.2065047323703766,1.0522416717907326,1.852053207588533
4,15,1.0,0.5,0.9051482536448665,-0.34952831268310547,0.2405962198972702,0.9985109404203769,1.9043855749068115
4,15,1.0,0.6,0.9051482536448665,-0.38356006145477295,0.2737123966217041,0.9462702754802702,1.9552207848152368
4,15,1.0,0.7,0.9051482536448665,-0.4164884090423584,0.3057001531124115,0.8957233939522031,2.0043238056511212
4,15,1.0,0.8,0.9051482536448665,-0.448203444480896,0.3364335894584656,0.8470390154025,2.051501373909058
4,15,1.0,0.9,0.9051482536448665,-0.47861844301223755,0.36581501364707947,0.8003502672546982,2.0966035268074825
4,15,1.0,1.0,0.9051482536448665,-0.5076703429222107,0.39377498626708984,0.7557539528174587,2.1395236709110543
4,15,0.75,0.0,0.9051482536448665,-0.18309877812862396,0.03627179563045502,1.2539897172864345,1.5907359926059053
4,15,0.75,0.1,0.9051482536448665,-0.22111091017723083,0.07312724739313126,1.1956389382144057,1.6473112018221048
4,15,0.75,0.2,0.9051482536448665,-0.2587711811065674,0.10984615981578827,1.1378282859210673,1.7036768154056807
4,15,0.75,0.3,0.9051482536448665,-0.29587674140930176,0.1461939960718155,1.0808691459075555,1.7594728060228253
4,15,0.75,0.4,0.9051482536448665,-0.3322356343269348,0.18194514513015747,1.0250561826876163,1.8143528479422562
4,15,0.75,0.5,0.9051482536448665,-0.3676722049713135,0.21689008176326752,0.9706590364792319,1.8679953080536034
4,15,0.75,0.6,0.9051482536448665,-0.4020313620567322,0.2508411705493927,0.9179157812040813,1.9201121553401694
4,15,0.75,0.7,0.9051482536448665,-0.435181587934494,0.2836371958255768,0.8670283039137349,1.9704559146137677
4,15,0.75,0.8,0.9051482536448665,-0.46701693534851074,0.31514641642570496,0.8181592396565338,2.018824355710912
4,15,0.75,0.9,0.9051482536448665,-0.4974573254585266,0.34526750445365906,0.7714315139950366,2.065061934562864
4,15,0.75,1.0,0.9051482536448665,-0.5264481902122498,0.3739292621612549,0.7269288919850837,2.109059358587209
4,15,0.5,0.0,0.9051482536448665,-0.19655592739582062,0.007216544821858406,1.233332229755206,1.5461345343491868
4,15,0.5,0.1,0.9051482536448665,-0.23505771160125732,0.04461780935525894,1.1742298068451313,1.6035475971316768
4,15,0.5,0.2,0.9051482536448665,-0.2731378376483917,0.08192779868841171,1.115774653128154,1.6608205473038664
4,15,0.5,0.3,0.9051482536448665,-0.3105866312980652,0.11890066415071487,1.0582886304559218,1.7175759932097154
4,15,0.5,0.4,0.9051482536448665,-0.3472079634666443,0.15530014038085938,1.0020728080979528,1.7734512541165968
4,15,0.5,0.5,0.9051482536448665,-0.38282474875450134,0.19090700149536133,0.9473990221884933,1.828109805856971
4,15,0.5,0.6,0.9051482536448665,-0.41728296875953674,0.22552548348903656,0.8945036997120241,1.8812511395774505
4,15,0.5,0.7,0.9051482536448665,-0.4504547715187073,0.2589876651763916,0.8435831006846877,1.9326174867323587
4,15,0.5,0.8,0.9051482536448665,-0.48223984241485596,0.2911566495895386,0.7947912137345338,1.9819987027100052
4,15,0.5,0.9,0.9051482536448665,-0.5125653147697449,0.3219274878501892,0.7482398933462869,2.0292336850286086
4,15,0.5,1.0,0.9051482536448665,-0.5413846373558044,0.3512263894081116,0.7040005982950553,2.0742091610075235
4,15,0.25,0.0,0.9051482536448665,-0.20815299451351166,-0.022574879229068756,1.2155300738434416,1.5004030084033673
4,15,0.25,0.1,0.9051482536448665,-0.24679598212242126,0.015073773451149464,1.1562108956987556,1.558195826025221
4,15,0.25,0.2,0.9051482536448665,-0.28496259450912476,0.052686650305986404,1.0976229805442854,1.6159337257256001
4,15,0.25,0.3,0.9051482536448665,-0.32244187593460083,0.09001177549362183,1.0400901574066654,1.6732299102930572
4,15,0.25,0.4,0.9051482536448665,-0.3590385615825653,0.12680672109127045,0.9839121688560041,1.7297122391135056
4,15,0.25,0.5,0.9051482536448665,-0.3945777118206024,0.16284646093845367,0.9293575571521507,1.7850352842651773
4,15,0.25,0.6,0.9051482536448665,-0.4289095401763916,0.1979297697544098,0.8766562530273038,1.8388901535268622
4,15,0.25,0.7,0.9051482536448665,-0.46191126108169556,0.23188400268554688,0.8259967392941685,1.8910118272543848
4,15,0.25,0.8,0.9051482536448665,-0.4934888780117035,0.2645680010318756,0.7775233059506267,1.9411836188355172
4,15,0.25,0.9,0.9051482536448665,-0.5235761404037476,0.29587286710739136,0.7313376513686793,1.989238364144622
4,15,0.25,1.0,0.9051482536448665,-0.5521336197853088,0.32572150230407715,0.6875003004903675,2.0350577124446927
4,15,0.05,0.0,0.9051482536448665,-0.21595288813114166,-0.04660330340266228,1.2035567946628454,1.4635180141965312
4,15,0.05,0.1,0.9051482536448665,-0.25444942712783813,-0.008988593704998493,1.1444624234457406,1.5212587274146239
4,15,0.05,0.2,0.9051482536448665,-0.2924395799636841,0.028640147298574448,1.0861453837121509,1.5790209794832646
4,15,0.05,0.3,0.9051482536448665,-0.3297158181667328,0.06603031605482101,1.0289242434393275,1.6364170096183746
4,15,0.05,0.4,0.9051482536448665,-0.36608651280403137,0.1029384583234787,0.9730931639102061,1.6930731017503176
4,15,0.05,0.5,0.9051482536448665,-0.4013814926147461,0.13913805782794952,0.9189133676637544,1.7486415405445503
4,15,0.05,0.6,0.9051482536448665,-0.4354555010795593,0.17442604899406433,0.8666078316973331,1.8028106088250848
4,15,0.05,0.7,0.9051482536448665,-0.4681909382343292,0.2086275964975357,0.8163570786271888,1.8553119244509653
4,15,0.05,0.8,0.9051482536448665,-0.49949848651885986,0.24159885942935944,0.7682982159750877,1.9059246834669683
4,15,0.05,0.9,0.9051482536448665,-0.5293164253234863,0.2732279896736145,0.7225259883781934,1.954477192670161
4,15,0.05,1.0,0.9051482536448665,-0.5576093792915344,0.3034345507621765,0.6790946990157972,2.0008459775189187
4,20,1.0,0.0,0.9640275800758169,-0.17774976789951324,0.058239053934812546,1.2622007514303166,1.6244569802762807
4,20,1.0,0.1,0.9640275800758169,-0.21474909782409668,0.09413278847932816,1.2054046810735737,1.679555899005672
4,20,1.0,0.2,0.9640275800758169,-0.25147223472595215,0.12988317012786865,1.1490325826747791,1.7344347629075236
4,20,1.0,0.3,0.9640275800758169,-0.28773024678230286,0.16527311503887177,1.0933744772997447,1.7887603359701612
4,20,1.0,0.4,0.9640275800758169,-0.3233422040939331,0.2000926285982132,1.0387081026076779,1.8422102645481901
4,20,1.0,0.5,0.9640275800758169,-0.3581397533416748,0.23414504528045654,0.9852918904939605,1.8944826559034937
4,20,1.0,0.6,0.9640275800758169,-0.3919714391231537,0.26725268363952637,0.9333583335930993,1.9453047589367152
4,20,1.0,0.7,0.9640275800758169,-0.4247056543827057,0.2992611527442932,0.8831094562014308,1.9944395748101795
4,20,1.0,0.8,0.9640275800758169,-0.45623311400413513,0.33004236221313477,0.834713017171914,2.041690477521701
4,20,1.0,0.9,0.9640275800758169,-0.4864675998687744,0.3594958782196045,0.7883013662077423,2.0869032954502065
4,20,1.0,1.0,0.9640275800758169,-0.5153462290763855,0.3875492811203003,0.7439710321280438,2.129966860334805
4,20,0.75,0.0,0.9640275800758169,-0.19274629652500153,0.03048311173915863,1.239180229257178,1.5818500344484694
4,20,0.75,0.1,0.9640275800758169,-0.23051415383815765,0.06714979559183121,1.1812044257614451,1.6381354742142622
4,20,0.75,0.2,0.9640275800758169,-0.2679279148578644,0.10370731353759766,1.123772180163566,1.6942533381201184
4,20,0.75,0.3,0.9640275800758169,-0.30478793382644653,0.13992400467395782,1.0671899600272094,1.7498480135388867
4,20,0.75,0.4,0.9640275800758169,-0.34090495109558105,0.17557616531848907,1.0117482896489978,1.8045761026276377
4,20,0.75,0.5,0.9640275800758169,-0.3761056065559387,0.2104550451040268,0.9577132866312383,1.8581171617306447
4,20,0.75,0.6,0.9640275800758169,-0.4102366268634796,0.24437281489372253,0.9053202342520246,1.9101828624675496
4,20,0.75,0.7,0.9640275800758169,-0.4431678354740143,0.27716708183288574,0.8547689608914283,1.9605239225940727
4,20,0.75,0.8,0.9640275800758169,-0.47479403018951416,0.30870404839515686,0.8062209578914036,2.0089349553170974
4,20,0.75,0.9,0.9640275800758169,-0.5050356388092041,0.33887964487075806,0.7597983730941648,2.0552562077283794
4,20,0.75,1.0,0.9640275800758169,-0.5338379740715027,0.36761972308158875,0.7155851545485744,2.099373858168207
4,20,0.5,0.0,0.9640275800758169,-0.20613282918930054,0.0016475599259138107,1.2186311422173828,1.5375858266128462
4,20,0.5,0.1,0.9640275800758169,-0.2443571239709854,0.038831934332847595,1.159954681314371,1.5946659507473226
4,20,0.5,0.2,0.9640275800758169,-0.2821587324142456,0.07595185190439224,1.1019270679192719,1.651647129982927
4,20,0.5,0.3,0.9640275800758169,-0.31933173537254333,0.11276492476463318,1.0448643996035387,1.70815728517979
4,20,0.5,0.4,0.9640275800758169,-0.35568323731422424,0.1490372270345688,0.9890627819509662,1.7638373268433418
4,20,0.5,0.5,0.9640275800758169,-0.3910386264324188,0.18455086648464203,0.9347902539905938,1.8183527780404778
4,20,0.5,0.6,0.9640275800758169,-0.42524611949920654,0.2191101610660553,0.8822798115877387,1.8714032557255125
4,20,0.5,0.7,0.9640275800758169,-0.4581792652606964,0.2525463402271271,0.8317255645905343,1.9227296875274873
4,20,0.5,0.8,0.9640275800758169,-0.4897385239601135,0.2847207188606262,0.7832803121723872,1.9721191839393815
4,20,0.5,0.9,0.9640275800758169,-0.5198513865470886,0.31552571058273315,0.737055359838956,2.0194065937588004
4,20,0.5,1.0,0.9640275800758169,-0.5484713315963745,0.3448846638202667,0.693122120617093,2.0644742524725697
4,20,0.25,0.0,0.9640275800758169,-0.21759331226348877,-0.02787765860557556,1.2010386505606252,1.4922629412408468
4,20,0.25,0.1,0.9640275800758169,-0.25593340396881104,0.009530993178486824,1.1421844348108254,1.5496873438721714
4,20,0.25,0.2,0.9640275800758169,-0.2937973737716675,0.04692935571074486,1.0840610931910695,1.607095951918281
4,20,0.25,0.3,0.9640275800758169,-0.3309786021709442,0.08406931906938553,1.0269857983568151,1.6641079025742485
4,20,0.25,0.4,0.9640275800758169,-0.36728498339653015,0.12071126699447632,0.9712534435630865,1.7203553712879673
4,20,0.25,0.5,0.9640275800758169,-0.40254470705986023,0.15663185715675354,0.9171277675029044,1.775495514914106
4,20,0.25,0.6,0.9640275800758169,-0.43661001324653625,0.19163045287132263,0.8648355900270923,1.8292203447595008
4,20,0.25,0.7,0.9640275800758169,-0.46935969591140747,0.22553390264511108,0.8145629692908136,1.8812640634596325
4,20,0.25,0.8,0.9640275800758169,-0.5007004141807556,0.2581994831562042,0.7664531888303289,1.931407582618859
4,20,0.25,0.9,0.9640275800758169,-0.5305662751197815,0.2895160913467407,0.7206073980385728,1.9794803527406355
4,20,0.25,1.0,0.9640275800758169,-0.558917760848999,0.3194037675857544,0.677086259102353,2.0253596312554256
4,20,0.05,0.0,0.9640275800758169,-0.22523915767669678,-0.05166858807206154,1.1893018441127654,1.4557425148821779
4,20,0.05,0.1,0.9640275800758169,-0.26341938972473145,-0.014307676814496517,1.1306930220055267,1.513093633097073
4,20,0.05,0.2,0.9640275800758169,-0.3010946810245514,0.023091178387403488,1.072859312591411,1.5705029974190314
4,20,0.05,0.3,0.9640275800758169,-0.338061660528183,0.06027945503592491,1.0161129019660253,1.6275891117157142
4,20,0.05,0.4,0.9640275800758169,-0.37413227558135986,0.09701676666736603,0.9607424616216441,1.6839829691285362
4,20,0.05,0.5,0.9640275800758169,-0.4091392457485199,0.13307857513427734,0.9070047765164508,1.7393398908634137
4,20,0.05,0.6,0.9640275800758169,-0.44293954968452454,0.16826274991035461,0.8551193925286427,1.7933495950958755
4,20,0.05,0.7,0.9640275800758169,-0.4754171073436737,0.20239417254924774,0.805264499113435,1.8457432650765386
4,20,0.05,0.8,0.9640275800758169,-0.506483256816864,0.2353278249502182,0.7575761973309731,1.8962982897940868
4,20,0.05,0.9,0.9640275800758169,-0.5360766053199768,0.26694992184638977,0.7121487285876097,1.9448400024089787
4,20,0.05,1.0,0.9640275800758169,-0.5641613006591797,0.29717740416526794,0.6690371280347244,1.9912409025331055
