n_updates,num_timesteps,policy_loss,value_loss,entropy_loss,approx_kl,clip_fraction,explained_variance,log_std_mean,advantage_mean,advantage_std,advantage_min,advantage_max,return_mean,return_std,actor_grad_norm_mean,critic_grad_norm_mean,actor_param_update_norm,critic_param_update_norm,frac_sampled_action_clipped,frac_sampled_action_near_bound,log_std_bid,log_std_ask,action_std_bid,action_std_ask,learning_rate,total_loss
10,4000,-0.0021294008267570418,49.010526428222654,0.16695864453911782,0.0036727290134876966,0.025374999903142452,0.003063976764678955,0.2219400256872177,2.389352560043335,6.841020584106445,-40.75056457519531,39.81977462768555,2.4763247966766357,6.85152530670166,0.6078403774393439,3.7298931046526973,0.11522920429706573,1.4629791975021362,0.0,0.0,-1.5043936967849731,-1.5063034296035767,0.22215193510055542,0.2217281013727188,0.0003,26.2272891998291
20,8000,-0.0008761287968314723,68.77132953643799,0.1743845036625862,0.0024060860741883516,0.009824999957345426,0.017814338207244873,0.22170281410217285,1.5324931144714355,8.306156158447266,-50.8411750793457,48.72303771972656,3.5866196155548096,8.381143569946289,0.6622930303192643,3.552427861696099,0.08639538288116455,1.4697203636169434,0.0,0.0,-1.5112096071243286,-1.501648187637329,0.22064293920993805,0.22276270389556885,0.0003,35.515899658203125
30,12000,-0.0019957055874787245,97.20570377349854,0.17193600699305533,0.004598633851855993,0.020374999777413905,0.052948951721191406,0.2223021388053894,2.1076323986053467,9.83724308013916,-84.05552673339844,77.01567077636719,5.810522556304932,10.108499526977539,0.7039389729935861,6.7438319453095845,0.07885316759347916,1.0461331605911255,0.0,0.0,-1.513800859451294,-1.4937355518341064,0.2200719118118286,0.2245323359966278,0.0003,56.30214309692383
40,16000,-0.001619560078144282,40.96461627960205,0.17267272531986236,0.002434726804494858,0.011799999899230897,0.09108036756515503,0.22127383947372437,1.8879177570343018,6.3595476150512695,-28.913986206054688,36.43610763549805,8.07362174987793,6.670578479766846,0.6635479844517058,5.000275327579529,0.1193619817495346,1.0176070928573608,0.0,0.0,-1.5197045803070068,-1.49713134765625,0.21877650916576385,0.22377115488052368,0.0003,22.51494598388672
50,20000,-0.002182896981129492,85.92873428344727,0.18126271814107894,0.004755258094519377,0.016725000026635826,0.05165815353393555,0.22055698931217194,3.440683126449585,9.093932151794434,-40.4583854675293,74.67156219482422,11.119077682495117,9.33833122253418,0.6523877457849829,11.863528411989329,0.10465392470359802,1.0162173509597778,0.0,0.0,-1.5281893014907837,-1.4952797889709473,0.21692809462547302,0.22418586909770966,0.0003,40.912635803222656
60,24000,-0.00116546003589574,83.11886627197265,0.18624121084809303,0.0028994958847761154,0.009974999949336052,0.048088133335113525,0.22058111429214478,2.812412738800049,9.018233299255371,-32.17687225341797,69.73594665527344,13.787605285644531,9.243215560913086,0.6265668648537264,11.27457809177019,0.062233779579401016,0.8953164219856262,0.0,0.0,-1.530112862586975,-1.4932072162628174,0.21651124954223633,0.22465099394321442,0.0003,49.04542922973633
70,28000,-0.002236847125087662,190.74839637756347,0.18475681245326997,0.002092077862471342,0.0071499999705702064,0.0774914026260376,0.22080928087234497,-1.4453102350234985,14.275835037231445,-104.84488677978516,29.814102172851562,12.451865196228027,14.863336563110352,0.6707276430307058,22.454261140355843,0.07741568237543106,1.4902836084365845,0.0,0.0,-1.5301319360733032,-1.4911595582962036,0.21650710701942444,0.2251114696264267,0.0003,93.45877838134766
80,32000,-0.002101048892283872,68.12303871154785,0.1861900022625923,0.0037573568988591433,0.018474999950267374,0.3088833689689636,0.22007295489311218,0.2738938629627228,8.435559272766113,-45.80239486694336,36.685142517089844,10.922773361206055,10.147013664245605,0.6994733886661443,7.949374328795923,0.0649547278881073,0.9072455763816833,0.0,0.0,-1.5345863103866577,-1.4934295415878296,0.21554483473300934,0.22460106015205383,0.0003,34.112117767333984
90,36000,-0.0025183315096801453,105.17818466186523,0.19525369957089425,0.004004151560366154,0.02392499999143183,0.26863527297973633,0.2189379334449768,0.9243243336677551,10.268758773803711,-70.00898742675781,49.46649169921875,11.764273643493652,12.007453918457031,0.6740181709748267,7.85504830830128,0.09422039985656738,0.5877107977867126,0.0,0.0,-1.544490933418274,-1.4940783977508545,0.21342048048973083,0.22445537149906158,0.0003,60.6221809387207
100,40000,-0.0009355409363517531,48.8794853591919,0.20488836601376534,0.00266668270342052,0.0126999999769032,0.42963504791259766,0.21792921423912048,0.36058104038238525,7.0223188400268555,-35.45051956176758,34.27760696411133,13.33112907409668,9.298312187194824,0.6035710341938567,4.454609146561652,0.09123369306325912,0.4368259906768799,0.0,0.0,-1.5551137924194336,-1.4930198192596436,0.21116536855697632,0.22469308972358704,0.0003,18.448925018310547
110,44000,-0.001457442762656138,62.44944797515869,0.21192101508378983,0.002824265044182539,0.03150000012945384,0.36264634132385254,0.2174011617898941,0.5537355542182922,7.906994342803955,-44.63145446777344,66.82537078857422,13.398127555847168,9.904240608215332,0.6476644676359992,5.991626474013207,0.08844973146915436,0.388212114572525,0.0,0.0,-1.5571446418762207,-1.4958174228668213,0.210736945271492,0.2240653783082962,0.0003,31.53765296936035
120,48000,-0.001123717388989469,68.99697467803955,0.21843741565942765,0.002151668071746826,0.006824999898672104,0.3131623864173889,0.21646876633167267,0.9385194182395935,8.459036827087402,-39.13604736328125,66.01801300048828,14.798742294311523,10.206899642944336,0.6690311596136936,8.97634604690656,0.0716855376958847,1.1219009160995483,0.0,0.0,-1.5629674196243286,-1.4986835718154907,0.20951342582702637,0.22342407703399658,0.0003,41.64961242675781
130,52000,-0.001633417796881984,64.17911319732666,0.2308810132741928,0.003965470008552074,0.018049999913200734,0.45183897018432617,0.21473118662834167,0.0039884489960968494,8.213188171386719,-38.92518615722656,41.291587829589844,15.042621612548828,11.093222618103027,0.648049919387543,9.426620990582744,0.0921400636434555,0.9072935581207275,0.0,0.0,-1.5712764263153076,-1.506508708000183,0.20777980983257294,0.2216825783252716,0.0003,36.6199836730957
140,56000,-0.0024465542089426888,88.85630043029785,0.23567561224102973,0.0048881350085139275,0.019999999972060322,0.46895283460617065,0.21590818464756012,1.627223253250122,9.471076011657715,-82.58453369140625,43.97629928588867,15.798110961914062,12.996689796447754,0.6631310989630083,13.158374054506034,0.10678957402706146,0.8562554121017456,0.0,0.00025,-1.5697985887527466,-1.4973185062408447,0.20808708667755127,0.22372928261756897,0.0003,34.4765510559082
150,60000,-0.0012357790383386558,45.15644409179688,0.2312560959160328,0.002790065249428153,0.008849999927915632,0.5790529251098633,0.21490705013275146,2.3620927333831787,6.752500057220459,-30.48046112060547,58.91731643676758,19.146530151367188,10.407605171203613,0.585877492064482,12.443175484907247,0.0935165137052536,0.7508693933486938,0.0,0.0,-1.571465015411377,-1.5047470331192017,0.20774061977863312,0.22207345068454742,0.0003,19.541677474975586
160,64000,-0.0018453630152473121,56.0090962600708,0.24467818662524224,0.00388824800029397,0.014399999957531691,0.6093547344207764,0.21340876817703247,0.8112797141075134,7.71303653717041,-58.38404083251953,35.91081619262695,20.049509048461914,12.34053897857666,0.5848205182579893,12.290117724632719,0.06946121156215668,0.6255007386207581,0.0,0.0,-1.580245018005371,-1.5100773572921753,0.2059246301651001,0.22089289128780365,0.0003,27.189111709594727
170,68000,-0.0022194622748531413,90.0366833114624,0.2544258564710617,0.0035455520264804363,0.01707499987911433,0.5676957368850708,0.21309465169906616,0.790375292301178,9.561561584472656,-61.22285461425781,94.00225067138672,20.353925704956055,14.54233169555664,0.6319466943195613,15.098834833890507,0.07152828574180603,0.5662075281143188,0.0,0.0,-1.5853946208953857,-1.5081349611282349,0.2048669308423996,0.22132237255573273,0.0003,49.730430603027344
180,72000,-0.0007832627799412872,67.74930351257325,0.2573457807302475,0.003126502502709627,0.0061000000173225995,0.6931817531585693,0.21258483827114105,-0.016165558248758316,8.496710777282715,-49.786773681640625,59.03459930419922,19.70922088623047,15.339466094970703,0.6251434085928197,15.295323278070784,0.10642460733652115,0.6143519282341003,0.0,0.0,-1.5908970832824707,-1.5076626539230347,0.20374277234077454,0.22142691910266876,0.0003,29.53409194946289
190,76000,-0.0010527154707135188,62.71723621368408,0.25932062178850174,0.002344014123082161,0.005574999963864684,0.7113499641418457,0.21320649981498718,-0.6449998021125793,8.43569564819336,-56.01414489746094,28.788162231445312,19.086441040039062,15.701282501220703,0.653796939695583,20.77354981326999,0.08389075100421906,0.8755598664283752,0.0,0.0,-1.5893478393554688,-1.5034829378128052,0.20405864715576172,0.22235435247421265,0.0003,28.156736373901367
200,80000,-0.00041182846480296574,102.9977751159668,0.25315229505300524,0.002474067732691765,0.0017999999783933163,0.5903337597846985,0.21354039013385773,-0.18223737180233002,10.429435729980469,-55.536556243896484,56.84859848022461,17.722375869750977,16.294675827026367,0.6594964020184587,18.477934476262657,0.06256788223981857,1.0439987182617188,0.0,0.0,-1.588238000869751,-1.5015008449554443,0.20428524911403656,0.2227955162525177,0.0003,45.74085998535156
210,84000,-0.001953743174012197,100.71393321990966,0.2518647435307503,0.0022787621710449457,0.005274999961256981,0.5541845560073853,0.2133488953113556,1.8356730937957764,10.360969543457031,-50.721473693847656,87.73704528808594,20.525711059570312,15.517538070678711,0.578574404206117,21.436840169808047,0.07412459701299667,1.0638471841812134,0.0,0.0,-1.5894421339035034,-1.5021166801452637,0.20403940975666046,0.22265836596488953,0.0003,75.2093734741211
220,88000,-0.00196359984723113,69.91134681701661,0.25785680413246154,0.0024059764109551907,0.010549999987706542,0.6839808225631714,0.21234360337257385,1.4090434312820435,8.480711936950684,-43.106666564941406,53.366416931152344,19.472461700439453,15.086051940917969,0.5685507972399979,13.297707885164586,0.06418157368898392,1.3516494035720825,0.0,0.0,-1.5935760736465454,-1.5073798894882202,0.2031976729631424,0.2214895337820053,0.0003,33.462894439697266
230,92000,-0.0022199528958055438,37.41512786865234,0.2693580287694931,0.003230912145227194,0.02279999994672835,0.7808570861816406,0.21085526049137115,0.11236981302499771,6.29575777053833,-36.18827819824219,31.20331573486328,20.168371200561523,13.448822975158691,0.5621648018687684,8.466656573579288,0.07075386494398117,0.8413106799125671,0.0,0.0,-1.6035957336425781,-1.5116822719573975,0.2011718600988388,0.2205386757850647,0.0003,15.07144546508789
240,96000,-0.002148804003978149,95.0774150466919,0.2836479032039642,0.004386800341308117,0.021124999998137356,0.5672931671142578,0.20947310328483582,0.5310338139533997,9.813682556152344,-33.68479919433594,101.71319580078125,21.356504440307617,14.918842315673828,0.5916226032304841,11.310144700514629,0.1034620925784111,0.939902126789093,0.0,0.0,-1.6117595434188843,-1.5168132781982422,0.19953621923923492,0.2194099724292755,0.0003,35.893951416015625
250,100000,-0.001788278205356617,63.576812210083006,0.2965727761387825,0.0033430110197514296,0.016524999975226818,0.6419692635536194,0.2081214189529419,0.11600752174854279,8.212058067321777,-43.93165588378906,44.184043884277344,19.06214714050293,13.72435188293457,0.6239464997140763,10.326513403623375,0.08667813241481781,1.2708759307861328,0.000125,0.00025,-1.6210092306137085,-1.5207688808441162,0.19769906997680664,0.21854378283023834,0.0003,29.712249755859375
260,104000,-0.0018467922891271904,77.77642211914062,0.30636914253234865,0.004396564327180386,0.02012499999720603,0.6196498870849609,0.20783016085624695,0.4863017499446869,8.920257568359375,-59.570743560791016,85.14401245117188,19.272180557250977,14.463907241821289,0.684908377515875,8.637964188140684,0.08177853375673294,1.2613210678100586,0.0,0.0,-1.628282904624939,-1.5168859958648682,0.1962662786245346,0.2193940281867981,0.0003,37.88294219970703
270,108000,-0.002579836849421553,136.2355009460449,0.31045075923204424,0.0063818879425525665,0.03365000027231872,0.4462008476257324,0.2070605754852295,-2.155423402786255,11.876173973083496,-57.83861541748047,62.65848922729492,15.657047271728516,15.958806037902832,0.6599305382984401,18.7701338756375,0.0865088701248169,0.8370011448860168,0.00025,0.0005,-1.6332305669784546,-1.5194896459579468,0.19529762864112854,0.21882353723049164,0.0003,62.57145690917969
280,112000,-0.0019131495593625036,37.84324571609497,0.3193527701497078,0.0038704078178852797,0.026549999956041574,0.7774110436439514,0.2063066065311432,-0.38467293977737427,6.2166948318481445,-42.01410675048828,24.849468231201172,18.423694610595703,13.176733016967773,0.6441710881413744,6.347122716333073,0.06497573852539062,0.8238092064857483,0.0,0.0,-1.6357636451721191,-1.5241336822509766,0.19480353593826294,0.21780966222286224,0.0003,18.557621002197266
290,116000,-0.0005249249977176074,47.79294048309326,0.31870340317487716,0.0019088840344920754,0.0031249999487772584,0.7234745621681213,0.20731550455093384,-0.7510416507720947,7.253738880157471,-31.59735870361328,53.308815002441406,17.811946868896484,13.794132232666016,0.6310651313286005,12.885773699157442,0.07052137702703476,0.9598362445831299,0.0,0.0,-1.6349295377731323,-1.515652060508728,0.19496610760688782,0.21966490149497986,0.0003,30.270828247070312
300,120000,-0.0021460682535600385,136.84854118347167,0.3118688669800758,0.003728881012648344,0.015174999940209091,0.4590935707092285,0.2072826325893402,1.078371524810791,12.169198989868164,-78.5198745727539,68.14724731445312,17.32848358154297,16.546300888061523,0.6919204613456807,19.874838830851896,0.07440517842769623,1.3975863456726074,0.0,0.0,-1.6271923780441284,-1.5228711366653442,0.19648045301437378,0.21808484196662903,0.0003,60.02663040161133
310,124000,-0.001513459013640386,183.25298309326172,0.3125052791833878,0.0032226755283772945,0.011799999959766865,0.39118528366088867,0.20724332332611084,-0.3876720070838928,13.749095916748047,-96.65168762207031,60.476646423339844,19.155784606933594,17.62104034423828,0.594599225801718,17.600052985595738,0.08107808232307434,1.29680335521698,0.0,0.0,-1.62594473361969,-1.5243574380874634,0.1967257261276245,0.21776092052459717,0.0003,79.9355239868164
320,128000,-0.00040375990002557984,29.13633415222168,0.3087298920750618,0.002796746324747801,0.010099999913945794,0.7797113060951233,0.20770257711410522,-0.5723403096199036,5.419992923736572,-31.744434356689453,21.698530197143555,17.709983825683594,11.54788875579834,0.5717962700756664,6.598872782097805,0.10969667881727219,0.5045571327209473,0.0,0.0,-1.6231833696365356,-1.5226391553878784,0.1972697228193283,0.21813544631004333,0.0003,13.63666820526123
330,132000,-0.0035544894236842063,132.52484672546387,0.3117132756114006,0.003650529310107231,0.034624999952502546,0.47322362661361694,0.2069307267665863,-0.7955701947212219,11.549015045166016,-67.25227355957031,66.1272964477539,18.203886032104492,15.912257194519043,0.6420456065752381,13.890461685948205,0.0675617903470993,0.5400462746620178,0.0,0.0,-1.6297616958618164,-1.5237871408462524,0.19597625732421875,0.21788516640663147,0.0003,71.03905487060547
340,136000,-0.002580132482157933,102.09968818664551,0.31662111103534696,0.004748490173369646,0.029824999957345426,0.5865901112556458,0.20679298043251038,-0.38834667205810547,10.17159366607666,-71.5725326538086,56.68439483642578,16.42909049987793,15.819711685180664,0.6942938932221903,13.94766872516722,0.06982634961605072,0.6800521612167358,0.0,0.0,-1.6338417530059814,-1.5213918685913086,0.1951783150434494,0.21840767562389374,0.0003,49.070091247558594
350,140000,-0.0017586081809426112,125.60268608093261,0.3200164407491684,0.002477313857525587,0.012549999984912574,0.47638392448425293,0.20610910654067993,0.49314048886299133,11.274744987487793,-63.871463775634766,111.2117691040039,17.281593322753906,15.5811767578125,0.6648808832139714,12.45543011331907,0.050161655992269516,1.0331727266311646,0.0,0.0,-1.6356995105743408,-1.5260063409805298,0.19481605291366577,0.2174021452665329,0.0003,51.372337341308594
360,144000,-0.0008410641858601586,56.4410657119751,0.33133661061525344,0.003826912958174944,0.01679999995045364,0.6929394006729126,0.20444858074188232,-0.01996340975165367,7.575720310211182,-47.332237243652344,41.4793815612793,18.184968948364258,13.671365737915039,0.6109027511486815,11.919782072976439,0.08321946859359741,0.5319751501083374,0.0,0.0,-1.6443182229995728,-1.5336211919784546,0.19314420223236084,0.215752974152565,0.0003,27.19957733154297
370,148000,-0.003970410666964028,53.64704807281494,0.34736872255802154,0.007247722242027521,0.05150000009220093,0.6691527962684631,0.20300529897212982,1.560300588607788,7.422536373138428,-27.956912994384766,51.329124450683594,18.566204071044922,12.904423713684082,0.665859840207201,12.105045618684926,0.1278100460767746,0.75944584608078,0.0,0.0,-1.6590986251831055,-1.533866047859192,0.19031043350696564,0.21570011973381042,0.0003,26.613800048828125
380,152000,-0.0010062657289541654,79.24881690979004,0.3628140965104103,0.0029532199259847403,0.014049999970011414,0.6193885803222656,0.20114654302597046,0.6233852505683899,9.074657440185547,-114.00741577148438,43.77800369262695,18.85920524597168,14.709209442138672,0.7333698746623994,11.06946791111181,0.09527115523815155,1.130662441253662,0.0,0.0,-1.667782187461853,-1.5435187816619873,0.1886650174856186,0.21362805366516113,0.0003,25.488182067871094
390,156000,-0.0014203422828137225,84.10112880706787,0.37660891890525816,0.002979770302772522,0.01544999999459833,0.6110403537750244,0.2003965973854065,-1.2839136123657227,9.376079559326172,-50.37474822998047,33.4859619140625,18.387662887573242,15.033807754516602,0.6178770453385171,17.611140231064965,0.10086768120527267,0.8140915036201477,0.0,0.0,-1.6734615564346313,-1.5455403327941895,0.18759655952453613,0.21319665014743805,0.0003,35.873619079589844
400,160000,-0.0024574241835140145,36.650211277008054,0.3837235701084137,0.0033858276437968016,0.022224999968893825,0.7967475652694702,0.19934071600437164,-0.048362426459789276,6.148948669433594,-42.991024017333984,46.526023864746094,17.383914947509766,13.639013290405273,0.6161305649929503,7.104738082601398,0.13393287360668182,0.7080634832382202,0.0,0.0,-1.6699938774108887,-1.5585869550704956,0.18824821710586548,0.2104332149028778,0.0003,18.256792068481445
410,164000,-0.0004536185316101182,132.37739990234374,0.3908367329835892,0.0029539410024881363,0.006549999997951091,0.49254000186920166,0.19929292798042297,-2.5011610984802246,11.744948387145996,-130.28123474121094,46.45131301879883,15.03646469116211,16.48732566833496,0.6389466941392122,26.592143004710838,0.06920629739761353,0.8856399655342102,0.0,0.0,-1.664642572402954,-1.5638550519943237,0.18925829231739044,0.20932753384113312,0.0003,74.15670013427734
420,168000,-0.0022135306184623894,43.29141763687134,0.4021221703290939,0.0039867227897048,0.024950000043027103,0.7781757712364197,0.19680792093276978,0.6316667199134827,6.608327865600586,-42.45995330810547,34.05537414550781,16.026378631591797,14.030949592590332,0.6265430698239374,9.214414568808833,0.0844804123044014,0.538887083530426,0.0,0.0,-1.6757333278656006,-1.577721357345581,0.1871708780527115,0.20644497871398926,0.0003,21.3542423248291
430,172000,-0.0018392375066934629,73.06791244506836,0.4193696156144142,0.004235288593918085,0.020499999942258,0.6590549349784851,0.19623664021492004,-0.13454967737197876,8.611946105957031,-43.38325500488281,42.356624603271484,15.137667655944824,14.748882293701172,0.596670109258879,11.244508106714568,0.0877244621515274,0.7084267139434814,0.0,0.0,-1.6811225414276123,-1.5783830881118774,0.18616488575935364,0.20630842447280884,0.0003,39.699771881103516
440,176000,-0.0024085319659323434,52.32204036712646,0.4177186557650566,0.005051988177001476,0.030449999975971878,0.7163190841674805,0.19700293242931366,0.9028341174125671,7.316229343414307,-36.43886947631836,44.530521392822266,17.224035263061523,13.73637866973877,0.6012370921458282,11.860282929057432,0.08801022171974182,0.5207180380821228,0.0,0.0,-1.6771262884140015,-1.5745750665664673,0.18691033124923706,0.20709553360939026,0.0003,22.398033142089844
450,180000,-0.0018839812956837703,62.264705123901365,0.40996524661779404,0.0038462462835013866,0.03275000002235174,0.6950020790100098,0.19774407148361206,-0.3814690113067627,8.01887035369873,-43.435264587402344,44.64891815185547,16.5417537689209,14.519937515258789,0.6263214141518137,10.776138969552083,0.05973917990922928,0.9329068660736084,0.0,0.0,-1.6759912967681885,-1.5684614181518555,0.18712259829044342,0.2083655297756195,0.0003,31.521194458007812
460,184000,-0.0019393302968095582,79.05174411773682,0.4097799241542816,0.004345808178186417,0.022849999908357857,0.5357978940010071,0.19672995805740356,1.5585033893585205,9.111214637756348,-37.842872619628906,47.345855712890625,17.375667572021484,13.372811317443848,0.5611725090126587,12.761063068327784,0.07466061413288116,1.1181696653366089,0.0,0.0,-1.6774450540542603,-1.576926350593567,0.18685075640678406,0.20660917460918427,0.0003,40.20000076293945
470,188000,-0.0007180434586294737,56.076660232543944,0.4190705043077469,0.0025445385836064816,0.013299999996088446,0.6574028730392456,0.19604258239269257,-0.23090586066246033,7.526301383972168,-41.10888671875,25.254745483398438,17.442047119140625,12.85848331451416,0.6085102781841232,9.154915489204233,0.09226733446121216,0.4261476993560791,0.0,0.0,-1.6777838468551636,-1.583294153213501,0.1867874711751938,0.20529770851135254,0.0003,24.938203811645508
480,192000,-0.0010421463576240075,183.9040853881836,0.4238979199528694,0.003135132370516658,0.013049999922513962,0.28382617235183716,0.19596639275550842,1.2176576852798462,13.825003623962402,-37.17506790161133,179.6451873779297,18.588329315185547,16.336387634277344,0.6958174499067499,18.028431916047804,0.07690511643886566,1.1163597106933594,0.0,0.0,-1.6710965633392334,-1.5901645421981812,0.18804076313972473,0.2038920521736145,0.0003,55.161216735839844
490,196000,-0.0009742748323864369,105.49301734924316,0.4220238897204399,0.004326409660279751,0.02317500001285225,0.4806978106498718,0.19621481001377106,0.29084113240242004,10.378578186035156,-71.82546997070312,49.86375427246094,18.495128631591797,14.402165412902832,0.6767866376728674,11.147105173489525,0.08649926632642746,1.0234599113464355,0.0,0.0,-1.6683902740478516,-1.5902272462844849,0.18855032324790955,0.20387928187847137,0.0003,45.26213836669922
500,200000,-0.0020331288094633227,75.04616905212403,0.42503583669662476,0.0038161699194461107,0.02947500004898757,0.5533865690231323,0.19506970047950745,-0.18738599121570587,8.850444793701172,-37.48149108886719,41.78177261352539,18.934734344482422,13.243391036987305,0.6539146881692187,11.834559547358142,0.0830698013305664,0.984394371509552,0.0,0.0,-1.669044017791748,-1.6009129285812378,0.18842710554599762,0.20171228051185608,0.0003,41.81663131713867
510,204000,-0.001328910756817867,62.92639839172363,0.4293233472108841,0.003630880732089281,0.019724999889731407,0.609953761100769,0.19583672285079956,-0.27139320969581604,7.995579719543457,-38.06945037841797,71.01768493652344,18.886119842529297,12.80241584777832,0.7276665721373716,8.881068093606514,0.07067050784826279,0.5867595076560974,0.0,0.0,-1.6712305545806885,-1.5913137197494507,0.18801555037498474,0.203657865524292,0.0003,24.182085037231445
520,208000,-0.001094100514795353,83.7936503982544,0.4210603851079941,0.004656746983528137,0.016075000003911554,0.5412282943725586,0.1965211033821106,-0.683922290802002,9.247659683227539,-53.534324645996094,34.853416442871094,18.122455596923828,13.653170585632324,0.6116063176765305,11.289460406205357,0.10334871709346771,0.6255362033843994,0.0,0.00025,-1.6655220985412598,-1.589879035949707,0.18909190595149994,0.20395028591156006,0.0003,42.32767868041992
530,212000,-0.0013846110957216296,84.08609008789062,0.41227889388799666,0.0029286574572324753,0.020849999845959245,0.5878334641456604,0.1974860429763794,-0.07805895805358887,9.279644012451172,-53.96665954589844,36.881690979003906,17.623655319213867,14.454229354858398,0.6077119379221704,13.306510594908218,0.09475719928741455,0.5780982971191406,0.0,0.0,-1.6555900573730469,-1.5896707773208618,0.19097933173179626,0.20399275422096252,0.0003,52.969825744628906
540,216000,-0.003146258626498457,78.29480995178223,0.4072881668806076,0.004999680910259485,0.03300000001676381,0.6271686553955078,0.19726982712745667,-0.2838207483291626,8.996602058410645,-66.88777923583984,56.057586669921875,17.9426326751709,14.73405647277832,0.5876444570037989,11.239155935564327,0.11621153354644775,0.7242606282234192,0.0,0.0,-1.6541777849197388,-1.593119740486145,0.19124923646450043,0.2032904028892517,0.0003,38.979305267333984
550,220000,-0.001755194914690219,67.59704570770263,0.41532681047916414,0.0021341396495699883,0.01087499993853271,0.648075520992279,0.19589589536190033,-1.1844377517700195,8.34364128112793,-50.69462585449219,53.471866607666016,17.420461654663086,14.064713478088379,0.6423670038126222,11.413251860724266,0.07269515842199326,0.9110394716262817,0.0,0.0,-1.662229299545288,-1.5991103649139404,0.18971556425094604,0.20207622647285461,0.0003,42.084228515625
560,224000,-0.0026873086221930855,68.31164474487305,0.4331403270363808,0.003907225094735622,0.03507500023581087,0.6827458143234253,0.19373756647109985,1.0057486295700073,8.284099578857422,-44.1173095703125,33.549713134765625,17.61844253540039,14.70759391784668,0.6311544253830468,11.474518515105268,0.10210167616605759,0.42594072222709656,0.0,0.0,-1.6698417663574219,-1.6134546995162964,0.18827684223651886,0.19919824600219727,0.0003,37.325069427490234
570,228000,-0.0018090802720485933,39.42422254562378,0.4492606574296951,0.006442766636610031,0.03302499989978969,0.7801439166069031,0.19292515516281128,0.47302383184432983,6.388879776000977,-59.199214935302734,27.117238998413086,19.045772552490234,13.625594139099121,0.6653804540136099,7.757493304824477,0.1113084927201271,0.8903060555458069,0.0,0.0,-1.667986512184143,-1.6234160661697388,0.1886264830827713,0.19722382724285126,0.0003,21.495634078979492
580,232000,-0.0020789218389967567,75.53404636383057,0.46140009790658953,0.0032793916761875153,0.01839999997988343,0.6490482091903687,0.19139893352985382,0.7837755084037781,8.916271209716797,-51.64586639404297,71.07438659667969,18.198299407958984,15.050799369812012,0.5965650944833394,14.734192381284897,0.08116353303194046,1.0537493228912354,0.0,0.0,-1.6709572076797485,-1.6361366510391235,0.18806694447994232,0.19473090767860413,0.0003,26.83460807800293
590,236000,-0.003409791170152312,34.96601505279541,0.47212445676326753,0.007142082788050175,0.053125000149011614,0.8168429136276245,0.19130311906337738,0.34906265139579773,5.9442644119262695,-39.00885009765625,30.1870059967041,19.135448455810547,13.88948917388916,0.5446519954991286,7.753015280897469,0.0870027169585228,0.5697830319404602,0.0,0.00025,-1.6747479438781738,-1.6334701776504517,0.1873553991317749,0.19525085389614105,0.0003,24.223695755004883
600,240000,-0.00168238228315313,110.86599029541016,0.47079202950000765,0.0030380538664758205,0.013674999889917671,0.5886424779891968,0.19111928343772888,-0.816365659236908,10.709744453430176,-87.094970703125,51.71646499633789,18.373504638671875,16.69818878173828,0.6291512904732413,15.701104453020116,0.0829220786690712,0.780849039554596,0.0,0.0,-1.6710103750228882,-1.6389615535736084,0.18805696070194244,0.19418159127235413,0.0003,47.757415771484375
610,244000,-0.0016376738399447488,110.05487712860108,0.4751124453544617,0.0032344437204301357,0.016249999939464032,0.6313091516494751,0.1904430389404297,-1.2614552974700928,10.575042724609375,-91.61331176757812,56.19297790527344,16.640716552734375,17.416099548339844,0.6204302469674862,14.427590648497734,0.07493807375431061,0.5931276679039001,0.0,0.0,-1.6739859580993652,-1.6430573463439941,0.18749821186065674,0.19338788092136383,0.0003,66.1595458984375
620,248000,-0.0007574393498070986,78.58898918151856,0.4799916696548462,0.003492082701995969,0.020024999994784593,0.6595535278320312,0.19008728861808777,-0.4497188329696655,9.081855773925781,-45.100608825683594,42.73485565185547,14.543702125549316,15.56503963470459,0.6009508795432045,12.908456889586219,0.049776606261730194,0.6895533800125122,0.0,0.0,-1.6703526973724365,-1.6502918004989624,0.18818067014217377,0.19199387729167938,0.0003,42.10752487182617
630,252000,-0.002031936400383709,160.5717342376709,0.48099204897880554,0.005723929964005947,0.026400000038556755,0.4368094205856323,0.19049879908561707,-1.3983007669448853,12.945752143859863,-68.96918487548828,60.09681701660156,16.020572662353516,17.250415802001953,0.6334193652496757,21.494013325349552,0.12926608324050903,1.4494812488555908,0.0,0.0,-1.6650198698043823,-1.6512463092803955,0.18918690085411072,0.1918106973171234,0.0003,88.97174072265625
640,256000,-0.0010196411175642428,52.170527877807615,0.47202711552381516,0.0038006491959095,0.015049999980255961,0.6897399425506592,0.19152212142944336,-0.22602860629558563,7.36071252822876,-51.57324981689453,38.469688415527344,15.741100311279297,13.214689254760742,0.613747556044149,10.22569950913752,0.0970238596200943,0.8281601071357727,0.0,0.0,-1.6507835388183594,-1.654724359512329,0.19189949333667755,0.19114474952220917,0.0003,26.26317596435547
650,260000,-0.0007900518248337817,61.265241622924805,0.4638505685329437,0.002826948184520006,0.008499999972991645,0.6158326864242554,0.19202151894569397,1.2238956689834595,7.94512939453125,-35.00495147705078,67.08665466308594,16.481197357177734,12.818605422973633,0.6107914804837208,9.899721920803584,0.07039821892976761,0.712387204170227,0.0,0.0,-1.6541920900344849,-1.6461199522018433,0.19124650955200195,0.1927965134382248,0.0003,40.03616714477539
660,264000,-0.001448911389189198,94.58491931915283,0.47140559792518616,0.0032769055105745792,0.014475000021047891,0.4807995557785034,0.19015547633171082,0.027424102649092674,9.816948890686035,-37.461509704589844,82.84257507324219,16.34607696533203,13.624136924743652,0.539227100551837,10.727942312136372,0.08729665726423264,0.8755012154579163,0.0,0.0,-1.6619375944137573,-1.6578930616378784,0.1897709220647812,0.19054000079631805,0.0003,49.736534118652344
670,268000,-0.0013147085369113486,50.84130420684814,0.4826909255981445,0.005244655068963766,0.033899999894201754,0.5959542393684387,0.19007053971290588,0.2374211847782135,7.268559455871582,-44.082984924316406,38.88768768310547,16.576065063476562,11.434919357299805,0.5962328023120836,6.755900878825848,0.07838210463523865,1.19355309009552,0.0,0.0,-1.6647961139678955,-1.655943512916565,0.18922922015190125,0.19091184437274933,0.0003,28.79338264465332
680,272000,-0.001415269333879401,124.58314071655273,0.48294933468103407,0.003039064584299922,0.0254250000230968,0.36270004510879517,0.19010524451732635,0.1418297439813614,11.44607162475586,-63.986427307128906,56.12541198730469,17.096921920776367,14.337865829467773,0.6397272533533296,13.18083789031461,0.06769098341464996,1.4912497997283936,0.0,0.0,-1.6642018556594849,-1.6561691761016846,0.1893417090177536,0.19086876511573792,0.0003,62.303314208984375
690,276000,-0.0018407777937572956,75.46617115020751,0.48599536061286924,0.004857982508838177,0.027725000008940695,0.5345029830932617,0.18908777832984924,-1.4320175647735596,8.769407272338867,-63.92206573486328,31.710514068603516,15.349671363830566,12.853214263916016,0.5990754629268106,9.960304088335677,0.10084089636802673,0.8699614405632019,0.0,0.0,-1.6706162691116333,-1.6604971885681152,0.18813107907772064,0.19004446268081665,0.0003,33.73707580566406
700,280000,-0.0036652329579927034,44.237040977478024,0.49946116358041764,0.005838456563651562,0.045174999935552476,0.6415175199508667,0.18771347403526306,0.7888762354850769,6.749364376068115,-33.102787017822266,33.12730407714844,16.11054801940918,11.272725105285645,0.6066700568899467,7.21070380947718,0.08524679392576218,0.853004515171051,0.0,0.0,-1.6679655313491821,-1.677735447883606,0.18863044679164886,0.18679650127887726,0.0003,21.05169105529785
710,284000,-0.003301661459484602,69.87573398590088,0.5133849567174912,0.003828624961897731,0.02605000000912696,0.5077213048934937,0.1866583675146103,0.5051407217979431,8.535037994384766,-50.2543830871582,46.9238166809082,16.96393394470215,12.164658546447754,0.6569808351302252,9.266067306073136,0.12726053595542908,1.4978344440460205,0.0,0.0,-1.6768765449523926,-1.6800764799118042,0.18695701658725739,0.1863597333431244,0.0003,32.05198669433594
720,288000,-0.0016590408097283227,36.491471462249756,0.525278713107109,0.003116784617304802,0.028300000024028122,0.6807535886764526,0.18557876348495483,-0.3516879379749298,6.1075615882873535,-33.220970153808594,21.933650970458984,15.847770690917969,10.809481620788574,0.6126002096330413,7.491870803661843,0.06394711136817932,0.7372709512710571,0.0,0.0,-1.6802064180374146,-1.6883618831634521,0.1863355040550232,0.18482202291488647,0.0003,21.418779373168945
730,292000,-0.0025875013070763052,30.29211187362671,0.5405884766578675,0.006857415195554495,0.0445250000897795,0.6624720692634583,0.18348315358161926,0.5074135661125183,5.6107025146484375,-25.323143005371094,31.051122665405273,17.66142463684082,9.657448768615723,0.6916644348243622,5.531877995708628,0.0772649347782135,1.0418634414672852,0.0,0.0,-1.69084894657135,-1.7004388570785522,0.18436294794082642,0.1826033741235733,0.0003,14.690794944763184
740,296000,-0.0021036043114145285,113.27962203979492,0.5515344542264938,0.005311582237482071,0.02630000004079193,0.4312136769294739,0.18396472930908203,-1.7723158597946167,10.816651344299316,-70.74402618408203,39.69820022583008,15.654966354370117,14.342281341552734,0.6771508471024965,14.148974254191637,0.09147189557552338,0.9186733961105347,0.0,0.0,-1.684011697769165,-1.7020925283432007,0.1856277883052826,0.18230164051055908,0.0003,57.89380645751953
750,300000,-0.00112372356354836,49.39734676361084,0.5559622484445572,0.004118053242564201,0.025624999892897904,0.6487910747528076,0.1823190152645111,0.568248987197876,7.152037143707275,-34.96204376220703,39.009674072265625,16.476245880126953,12.06832504272461,0.6492466243522003,8.176923146008587,0.07565777748823166,1.1040655374526978,0.0,0.0,-1.691094994544983,-1.7130197286605835,0.18431757390499115,0.18032044172286987,0.0003,23.98011016845703
760,304000,-0.00269075362643054,89.24558891296387,0.575940666794777,0.007648137863725424,0.05125000012572855,0.4072299599647522,0.18049921095371246,0.5438779592514038,9.55161190032959,-64.49750518798828,39.461097717285156,17.702621459960938,12.406050682067871,0.6027287300110857,9.010234464813687,0.11060673743486404,1.0858489274978638,0.0,0.0,-1.7031270265579224,-1.721010684967041,0.1821131557226181,0.17888526618480682,0.0003,44.104373931884766
770,308000,-0.002070514813720363,83.41479301452637,0.5852536702156067,0.004985842388123274,0.026749999960884452,0.47995251417160034,0.18061062693595886,-0.5387048125267029,9.205551147460938,-61.00044631958008,69.21412658691406,16.663286209106445,12.765219688415527,0.7221144590104714,9.44975703923958,0.0928429365158081,0.798886239528656,0.0,0.0,-1.6948153972625732,-1.7282882928848267,0.18363311886787415,0.17758813500404358,0.0003,35.350067138671875
780,312000,-0.003363639829581366,59.00612728118897,0.5898100119829178,0.005668044090270996,0.04502500008791685,0.5522944927215576,0.17950686812400818,0.9148662090301514,7.723833084106445,-62.46367263793945,37.25376892089844,17.306127548217773,11.543478012084961,0.6147289853632923,8.230948940154798,0.12031104415655136,0.767529308795929,0.0,0.0,-1.7042829990386963,-1.7309787273406982,0.18190275132656097,0.1771109700202942,0.0003,30.341001510620117
790,316000,-0.0020629708346277774,100.20245651245118,0.59687524497509,0.0035651088692247868,0.028499999959021808,0.3775712847709656,0.17959429323673248,-0.010560363531112671,10.098036766052246,-40.251365661621094,42.97164535522461,17.769386291503906,12.799474716186523,0.613495108183573,9.745464797712483,0.07342852652072906,0.621451735496521,0.0,0.0,-1.7041704654693604,-1.7301075458526611,0.18192322552204132,0.17726534605026245,0.0003,47.91824722290039
800,320000,-0.0022906699255981944,45.93885974884033,0.6007843863964081,0.003728774841874838,0.03785000008530915,0.5859895944595337,0.17879989743232727,-0.5575689077377319,6.86943244934082,-59.83167266845703,40.50707244873047,16.174013137817383,10.676163673400879,0.7844067820453436,7.676729353125327,0.10608989000320435,1.1262216567993164,0.0,0.0,-1.700842022895813,-1.7425692081451416,0.1825297474861145,0.17507003247737885,0.0003,18.29856300354004
810,324000,-0.0038615856151634985,117.41024520874024,0.6008860433101654,0.004465368576347828,0.030500000026077032,0.4254242777824402,0.1798180192708969,-1.6699093580245972,11.214428901672363,-82.21104431152344,36.760955810546875,14.801980018615723,14.794610023498535,0.7016019186898588,18.745937168373803,0.07649341970682144,1.7863240242004395,0.0,0.0,-1.6923283338546753,-1.739856243133545,0.18409040570259094,0.17554563283920288,0.0003,57.47708511352539
820,328000,-0.0014885434749347048,67.31959457397461,0.5918464237451553,0.0022988999262452126,0.02017500013113022,0.5275996923446655,0.1803346574306488,-0.5451750159263611,8.452017784118652,-58.467674255371094,40.54589080810547,14.151926040649414,12.297174453735352,0.67519388884222,10.375094216690865,0.06476745009422302,1.6223506927490234,0.0,0.0,-1.6832611560821533,-1.7435286045074463,0.18576717376708984,0.17490214109420776,0.0003,31.112028121948242
830,332000,-0.0012267104310332755,106.10602890014648,0.5928397423028946,0.0023229066282510757,0.009049999890848995,0.32163095474243164,0.179289773106575,2.229506731033325,10.460013389587402,-33.32603454589844,87.92462158203125,17.31997299194336,12.699868202209473,0.6727119657600348,15.94494321375937,0.06405569612979889,0.8455118536949158,0.0,0.0,-1.6943986415863037,-1.743713140487671,0.18370966613292694,0.17486988008022308,0.0003,50.917396545410156
840,336000,-0.003555318978384463,74.93340675354004,0.6038607281446456,0.002930773189291358,0.0230250000115484,0.44634026288986206,0.1785619854927063,-0.45863842964172363,8.923946380615234,-59.16450500488281,39.766693115234375,17.395641326904297,11.99321174621582,0.7091771154615383,11.480053453775032,0.09509807825088501,0.8796465396881104,0.0,0.0,-1.701162338256836,-1.744956135749817,0.18247130513191223,0.17465265095233917,0.0003,33.64150619506836
850,340000,-0.0006501063612740854,85.15615604400635,0.6076115691661834,0.0031186360865831375,0.023175000050105154,0.4355849623680115,0.17884916067123413,0.19590045511722565,9.316117286682129,-54.62439727783203,57.200355529785156,16.86815643310547,12.400398254394531,0.6969200048146008,9.430366702262539,0.10126594454050064,0.6927249431610107,0.0,0.0,-1.7010282278060913,-1.7418127059936523,0.18249577283859253,0.17520253360271454,0.0003,49.51576614379883
860,344000,-0.0024803168657206776,160.45746292114256,0.6083958733081818,0.006539493799209595,0.050675000036135315,0.29160261154174805,0.17804847657680511,-0.48616141080856323,12.753473281860352,-70.36363220214844,64.48504638671875,16.673967361450195,15.152700424194336,0.6661193400378288,12.06510257213328,0.1067977175116539,0.9407630562782288,0.0,0.0,-1.7104518413543701,-1.7411831617355347,0.18078409135341644,0.1753128618001938,0.0003,65.59611511230469
870,348000,-0.0004931194165517815,62.18541934967041,0.6158976751565933,0.0029457584023475647,0.010950000006705523,0.5220630168914795,0.17752349376678467,0.5268914699554443,7.931086540222168,-31.42695426940918,56.375423431396484,17.621143341064453,11.472217559814453,0.6483566741091561,8.517241716941804,0.07553893327713013,0.6352735757827759,0.0,0.0,-1.7182800769805908,-1.739133358001709,0.17937438189983368,0.17567257583141327,0.0003,24.71099281311035
880,352000,-0.0015079529546521363,96.59669876098633,0.6167201888561249,0.0023436290211975574,0.020475000091828406,0.5068750381469727,0.1782989501953125,-2.189897298812866,10.051132202148438,-54.84218978881836,48.36937713623047,14.970211029052734,14.313192367553711,0.6293389452403814,17.52278897512665,0.054788753390312195,0.695757269859314,0.0,0.0,-1.7187674045562744,-1.7298505306243896,0.17928698658943176,0.17731089890003204,0.0003,38.29698944091797
890,356000,-0.0015232777303001276,123.67987884521484,0.6107207977771759,0.0035334485583007336,0.019274999941699206,0.5144964456558228,0.17811328172683716,0.8570190668106079,11.217564582824707,-48.85398483276367,82.59353637695312,15.381416320800781,16.09912872314453,0.6728332637994398,13.79157635643576,0.08834923803806305,0.9521604180335999,0.0,0.0,-1.7224080562591553,-1.7282716035842896,0.17863544821739197,0.17759107053279877,0.0003,51.139991760253906
900,360000,-0.0017983979076524514,103.36759552001953,0.6163612943887711,0.004068391863256693,0.02199999995995313,0.5788676738739014,0.1773582100868225,-1.0501797199249268,10.365789413452148,-49.64841842651367,42.77048110961914,14.693580627441406,15.973243713378906,0.6728424472052131,16.474113042761445,0.07544038444757462,1.0431795120239258,0.0,0.0,-1.7273508310317993,-1.7318217754364014,0.17775467038154602,0.1769617199897766,0.0003,52.07602310180664
910,364000,-0.002122565519377524,56.987940635681156,0.6172409915924072,0.004510305356234312,0.036425000224262476,0.6803945302963257,0.17829859256744385,0.6450790762901306,7.645784378051758,-45.11147689819336,42.14404296875,15.199796676635742,13.524304389953613,0.5938198038282457,9.162741789627297,0.07621414959430695,0.9183645844459534,0.0,0.0,-1.7187986373901367,-1.729823112487793,0.17928139865398407,0.17731575667858124,0.0003,29.76637077331543
920,368000,-0.0028197053197145648,106.76621742248535,0.6096186196804046,0.0042850561439991,0.02869999988004565,0.5058825612068176,0.17844408750534058,0.9182894229888916,10.443767547607422,-45.20573043823242,56.05905532836914,16.02588653564453,14.857375144958496,0.6613890096565812,13.339679500432748,0.07599795609712601,0.9442142844200134,0.0,0.0,-1.712842583656311,-1.7342315912246704,0.18035238981246948,0.17653580009937286,0.0003,41.41572952270508
930,372000,-0.0011293592657177242,133.34332489013673,0.6074175596237182,0.003807599423453212,0.01580000000074506,0.506255030632019,0.17892098426818848,-2.7051265239715576,11.675899505615234,-55.75890350341797,68.34019470214844,13.367420196533203,16.616477966308594,0.6196912809220761,20.750670083536484,0.06979776918888092,1.115735650062561,0.0,0.0,-1.7077522277832031,-1.7340425252914429,0.18127278983592987,0.17656919360160828,0.0003,53.60312271118164
940,376000,-0.0027588615771430326,140.92126205444336,0.5988640797138214,0.005165477283298969,0.044499999834224584,0.47981417179107666,0.17978951334953308,-0.44512537121772766,11.918928146362305,-61.833683013916016,73.05320739746094,12.57264518737793,16.525625228881836,0.6501620245465886,11.565654271016713,0.07383685559034348,0.8232099413871765,0.0,0.0,-1.701551079750061,-1.7305967807769775,0.18240037560462952,0.17717863619327545,0.0003,60.460899353027344
950,380000,-0.002580819847308158,190.79272003173827,0.5938362598419189,0.0031247022561728954,0.018350000120699407,0.2076631784439087,0.17981374263763428,1.706579327583313,14.19926929473877,-44.65117263793945,103.86034393310547,14.964827537536621,15.951850891113281,0.6396623651564911,23.19684454146012,0.054976243525743484,1.070502758026123,0.0,0.0,-1.7062338590621948,-1.7255266904830933,0.18154823780059814,0.17807921767234802,0.0003,91.18470764160156
960,384000,-0.0025568301342849733,118.10414756774902,0.5921153110265732,0.003805579151958227,0.048849999816156925,0.3855673670768738,0.18031248450279236,0.022953307256102562,11.173819541931152,-57.21009826660156,69.326416015625,15.11083984375,14.254910469055176,0.6237829496140178,13.821232634351615,0.051687370985746384,1.306595802307129,0.0,0.0,-1.7045334577560425,-1.7216678857803345,0.18185719847679138,0.17876772582530975,0.0003,52.990684509277344
970,388000,-0.0013528661707496203,79.8566287612915,0.5908514469861984,0.004428115673363209,0.021825000033713876,0.516029953956604,0.1796807050704956,1.8101292848587036,9.003175735473633,-51.902427673339844,71.40249633789062,16.068185806274414,12.94155502319336,0.6458512573607144,13.448937251508012,0.09969634562730789,0.7171745300292969,0.0,0.0,-1.7134895324707031,-1.7196677923202515,0.18023574352264404,0.17912563681602478,0.0003,47.28053283691406
980,392000,-0.001974195508327101,94.12021228790283,0.5954405230283737,0.0038973097689449787,0.02699999989476055,0.45735710859298706,0.17966331541538239,1.0979607105255127,9.772907257080078,-74.19828033447266,60.46276092529297,18.020158767700195,13.266817092895508,0.5970874877725683,12.688741561858034,0.10031034052371979,0.613003134727478,0.0,0.0,-1.7163634300231934,-1.7169779539108276,0.1797185093164444,0.17960812151432037,0.0003,47.47673034667969
990,396000,-0.0011210938715183261,130.05364891052247,0.5950611799955368,0.004552057944238186,0.01367499990388751,0.29188328981399536,0.17985177040100098,2.477003335952759,11.666647911071777,-43.36326217651367,71.11627197265625,20.47105598449707,13.864163398742676,0.6284706345143598,24.322635553896617,0.11013839393854141,0.8004119992256165,0.0,0.0,-1.7127610445022583,-1.718491554260254,0.18036708235740662,0.17933645844459534,0.0003,60.17474365234375
1000,400000,-0.002430836100345186,97.57292385101319,0.5892327409982682,0.0036249980330467224,0.026474999794736505,0.45343953371047974,0.18048787117004395,-0.5828349590301514,9.979314804077148,-93.93220520019531,52.73585510253906,17.96330451965332,13.49837875366211,0.7416709698721878,14.282532569616533,0.10081504285335541,0.880659818649292,0.0,0.0,-1.7064231634140015,-1.7177925109863281,0.18151387572288513,0.17946186661720276,0.0003,46.7147102355957
1010,404000,2.7779521732009815e-05,142.54071044921875,0.5866213530302048,0.0012701668310910463,0.001424999968148768,0.4470440745353699,0.1802397072315216,-2.7023885250091553,12.109724998474121,-79.19934844970703,54.301090240478516,15.808653831481934,16.28504753112793,0.6690583332224622,24.132359018177393,0.05175723135471344,0.945958137512207,0.0,0.0,-1.7080914974212646,-1.7188727855682373,0.18121130764484406,0.17926809191703796,0.0003,63.16862106323242
1020,408000,-0.0021640876402831033,58.504183235168455,0.5971377325057984,0.004079489037394524,0.05807500026188791,0.6594085693359375,0.1787775307893753,-0.10826046764850616,7.755274772644043,-33.8734245300293,40.685848236083984,16.32878875732422,13.288633346557617,0.6507830320422294,9.24235258509545,0.10587310045957565,0.8192911148071289,0.0,0.0,-1.7219512462615967,-1.7212750911712646,0.17871709167957306,0.17883796989917755,0.0003,26.186992645263672
1030,412000,-0.001827420661328505,158.08817626953126,0.6073384076356888,0.003938567824661732,0.034874999942258,0.39011484384536743,0.1785067319869995,0.38829687237739563,12.722708702087402,-46.426475524902344,85.0125732421875,16.762447357177734,16.29129409790039,0.6481825913160687,16.449994000005653,0.10237620770931244,0.819789469242096,0.0,0.00025,-1.7285125255584717,-1.7177742719650269,0.17754830420017242,0.1794651299715042,0.0003,76.59431457519531
1040,416000,-0.0012044185367897598,63.578770866394045,0.6055608296394348,0.0028963168151676655,0.016249999939464032,0.6186093091964722,0.17909009754657745,-0.40048596262931824,8.088859558105469,-43.53550338745117,42.67265319824219,17.12871742248535,13.097915649414062,0.5617688096305414,9.149371701596944,0.07848090678453445,0.8207812905311584,0.0,0.0,-1.727673053741455,-1.7121199369430542,0.17769740521907806,0.18048277497291565,0.0003,34.961021423339844
1050,420000,-0.0054397232839135555,124.64289581298829,0.6010018116235734,0.0061011649668216705,0.06164999984204769,0.5133649110794067,0.17908748984336853,-0.6506686210632324,11.338188171386719,-63.36990737915039,43.44113540649414,16.342872619628906,16.253313064575195,0.6360660682639724,12.545852081664329,0.08228728175163269,0.8235870599746704,0.0,0.0,-1.7314960956573486,-1.7083989381790161,0.1770193725824356,0.18115560710430145,0.0003,62.27006912231445
1060,424000,-0.003029105903459275,114.23287467956543,0.6106773060560227,0.0041698431596159935,0.05259999996051192,0.5072014331817627,0.17755934596061707,1.0298582315444946,10.736503601074219,-54.465476989746094,76.89741516113281,17.23943328857422,15.294249534606934,0.6473228569838811,13.260547378489916,0.0752488300204277,0.7088407874107361,0.0,0.0,-1.748530626296997,-1.7087653875350952,0.17402948439121246,0.18108922243118286,0.0003,65.5201187133789
1070,428000,-0.0014014620248621234,171.43577087402343,0.6209237009286881,0.003100065281614661,0.02784999997355044,0.417059063911438,0.17736031115055084,-1.4605439901351929,13.300774574279785,-100.539794921875,158.68771362304688,15.618033409118652,17.42066192626953,0.6033744197946398,18.933058834305395,0.05343738943338394,0.8188554644584656,0.0,0.0,-1.7485930919647217,-1.710905909538269,0.17401859164237976,0.18070201575756073,0.0003,80.48564147949219
1080,432000,-0.0027240697437919082,68.59916011810303,0.6200774055719376,0.003414538921788335,0.042750000124797224,0.6406688690185547,0.17751887440681458,-0.12702889740467072,8.368779182434082,-48.425140380859375,55.33228302001953,15.581535339355469,13.96094036102295,0.6863260440403637,8.9397738129731,0.081205353140831,0.9918487668037415,0.0,0.0,-1.7445110082626343,-1.71309232711792,0.17473042011260986,0.18030734360218048,0.0003,32.1286735534668
1090,436000,-0.0017235936974269884,92.42922401428223,0.6245287358760834,0.003710724413394928,0.048950000084005296,0.547478199005127,0.17657634615898132,0.39686352014541626,9.772234916687012,-80.21401977539062,53.63197708129883,15.548587799072266,14.52694034576416,0.6987308107830811,10.708245670033998,0.06877966225147247,1.1195136308670044,0.0,0.0,-1.7561646699905396,-1.7123198509216309,0.1727059781551361,0.18044668436050415,0.0003,38.28507995605469
1100,440000,-0.0008245041392365238,75.77111660003662,0.6335347700119018,0.0017100844997912645,0.005349999964237213,0.5221307277679443,0.17589221894741058,1.2283562421798706,9.143136024475098,-48.583370208740234,71.78794860839844,15.29308032989502,13.22636890411377,0.6994533780750103,16.25485439238353,0.068555548787117,1.6706511974334717,0.0,0.0,-1.7616968154907227,-1.7146247625350952,0.1717531830072403,0.18003125488758087,0.0003,35.56118392944336
1110,444000,-0.0030175166627275773,134.2189560699463,0.640176283121109,0.004052636679261923,0.021174999978393318,0.30300086736679077,0.17551690340042114,0.45611217617988586,11.841856956481934,-69.1749267578125,78.77666473388672,16.45541763305664,14.184162139892578,0.6554461867684229,13.127051919612855,0.08193045854568481,0.9641731977462769,0.0,0.00025,-1.7616500854492188,-1.7188477516174316,0.17176119983196259,0.1792725920677185,0.0003,67.41431427001953
1120,448000,-0.0022919675506505887,94.63574981689453,0.6438059389591217,0.0048983097076416016,0.043475000183098016,0.4892350435256958,0.17528261244297028,-0.24350042641162872,9.893421173095703,-69.17352294921875,48.15342712402344,15.802669525146484,13.843182563781738,0.7296316856662939,10.882490332388636,0.08367472141981125,0.7959287762641907,0.0,0.0,-1.7648242712020874,-1.7184252738952637,0.17121687531471252,0.17934833467006683,0.0003,44.12099838256836
1130,452000,-0.0011877014042169342,123.0381137084961,0.6458105874061585,0.0035441864747554064,0.02237499997485429,0.3326076865196228,0.17489498853683472,-0.1067752093076706,11.322514533996582,-65.471435546875,50.01862716674805,15.796914100646973,13.859650611877441,0.6486591509765013,13.554021693186112,0.06828424334526062,1.4185816049575806,0.0,0.0,-1.768736720085144,-1.7190203666687012,0.17054830491542816,0.17924164235591888,0.0003,59.508201599121094
1140,456000,-0.00023742944239529606,201.32493713378906,0.6492593210935592,0.0037074279971420765,0.015375000033527613,0.2164067029953003,0.17507055401802063,0.14215774834156036,14.245010375976562,-70.65667724609375,97.88447570800781,16.28768539428711,16.092273712158203,0.6136459160691374,10.331358075336817,0.07811976969242096,1.2017666101455688,0.0,0.0,-1.7632508277893066,-1.7223008871078491,0.1714864820241928,0.17865459620952606,0.0003,118.00615692138672
1150,460000,-0.001404695448740676,170.64311935424806,0.6509372025728226,0.0052136583253741264,0.027800000007264316,0.2202131152153015,0.17435817420482635,1.4661507606506348,13.12829875946045,-60.7991943359375,90.06527709960938,17.285507202148438,14.866901397705078,0.6723012166208298,11.93700196428183,0.06112934276461601,0.9361717700958252,0.0,0.0,-1.7682549953460693,-1.7254894971847534,0.17063046991825104,0.1780858337879181,0.0003,84.33615112304688
1160,464000,-0.0010122854736437149,182.26894943237303,0.6614864766597748,0.004083898849785328,0.03575000006239861,0.28267592191696167,0.1734093725681305,-1.2255373001098633,13.585413932800293,-103.7782974243164,62.528900146484375,15.166084289550781,16.04039764404297,0.7090157027148143,12.608612698637133,0.06368619203567505,0.8248099684715271,0.0,0.0,-1.7768553495407104,-1.727942943572998,0.16916929185390472,0.17764946818351746,0.0003,69.2576904296875
1170,468000,-0.002371243587332719,69.00076477050781,0.6766642791032791,0.003449520794674754,0.02377500013448298,0.4648166298866272,0.17143382132053375,1.7479640245437622,8.333797454833984,-63.3384895324707,76.46800231933594,17.731689453125,11.391780853271484,0.6169579091172857,10.054513953354311,0.07483161985874176,0.6569619178771973,0.0,0.0,-1.783082127571106,-1.7444076538085938,0.16811919212341309,0.1747484654188156,0.0003,27.909198760986328
1180,472000,-0.001078791196100064,135.40355392456055,0.6833922171592712,0.003845555242151022,0.03152499988209456,0.3043217062950134,0.172811359167099,-0.5722203850746155,11.653697967529297,-83.67292785644531,57.256935119628906,17.688190460205078,13.972030639648438,0.6413720089026376,8.572754611858157,0.07696938514709473,0.5732327699661255,0.0,0.0,-1.7703680992126465,-1.740957498550415,0.17027029395103455,0.17535242438316345,0.0003,81.32859802246094
1190,476000,-0.0016289455296970123,116.85558822631836,0.6750966656208038,0.004898815881460905,0.03345000002067536,0.34005677700042725,0.17228977382183075,1.1529208421707153,10.840340614318848,-63.02783966064453,85.77032470703125,18.292415618896484,13.344110488891602,0.6380055092286846,10.149393118471778,0.08153384923934937,0.5574633479118347,0.0,0.0,-1.7733852863311768,-1.7439857721328735,0.16975733637809753,0.17482221126556396,0.0003,47.744598388671875
1200,480000,-0.0037247786270348726,106.4264958190918,0.686312022805214,0.004673324525356293,0.053650000002235174,0.36216282844543457,0.170852392911911,1.061018466949463,10.37137222290039,-60.29734802246094,63.02275848388672,19.69410514831543,12.986176490783691,0.6682265700842623,9.460018394723257,0.06437041610479355,0.8897361159324646,0.0,0.0,-1.7810678482055664,-1.7530392408370972,0.16845814883708954,0.1732466071844101,0.0003,44.120880126953125
1210,484000,-0.0024236871029614136,103.46664741516113,0.6960224157571793,0.004596098326146603,0.042825000011362135,0.46016860008239746,0.17106887698173523,-0.521635890007019,10.357658386230469,-57.45914840698242,49.748592376708984,19.228710174560547,14.097187995910645,0.597453455106781,10.391493235236041,0.07410616427659988,1.1273150444030762,0.0,0.0,-1.7753885984420776,-1.756082534790039,0.1694175899028778,0.17272016406059265,0.0003,42.47517013549805
1220,488000,-0.002001516138404984,203.2999752807617,0.6961145424842834,0.004490893334150314,0.02470000004861504,0.24823564291000366,0.17054468393325806,-0.8667062520980835,14.37990665435791,-96.01686096191406,72.95885467529297,19.20760154724121,16.584989547729492,0.6250386420447933,15.634999162488525,0.08349326997995377,0.9088729619979858,0.0,0.0,-1.780371069908142,-1.7572782039642334,0.16857558488845825,0.17251376807689667,0.0003,102.67388916015625
1230,492000,-0.0011753184856024745,154.85551445007323,0.6946044808626175,0.00456224987283349,0.015524999867193402,0.3475759029388428,0.17173653841018677,1.137405514717102,12.58391284942627,-51.717750549316406,66.62712860107422,20.182743072509766,15.579399108886719,0.6554875997202356,16.13870046848936,0.058789875358343124,0.9559827446937561,0.0,0.0,-1.7785972356796265,-1.7452678680419922,0.16887487471103668,0.17459820210933685,0.0003,71.11288452148438
1240,496000,-0.0008452020601151178,202.65405181884765,0.6891838550567627,0.0016999471699818969,0.01282500005327165,0.3901495337486267,0.17108014225959778,-0.6098653674125671,14.51245403289795,-104.24545288085938,93.1978988647461,19.855159759521484,18.58357048034668,0.6722732821414916,20.94978333375145,0.03998078033328056,1.7460882663726807,0.0,0.0,-1.7810920476913452,-1.750389814376831,0.16845408082008362,0.17370621860027313,0.0003,104.90409088134766
1250,500000,-9.180439480696912e-05,93.71274940490723,0.6953329336643219,0.003190232440829277,0.01327499996405095,0.6061773300170898,0.17083832621574402,1.0053167343139648,9.723308563232422,-49.57825469970703,52.691349029541016,19.212770462036133,15.494006156921387,0.6842851205322998,14.408046783302689,0.05718198046088219,0.7185598015785217,0.0,0.0,-1.7849005460739136,-1.7494882345199585,0.1678137481212616,0.17386290431022644,0.0003,47.28945541381836
1260,504000,-0.002197330394246819,114.68323928833007,0.7020297992229462,0.004394744988530874,0.032700000084005296,0.5759776830673218,0.16972540318965912,0.5628209710121155,10.813791275024414,-82.59915924072266,55.36090850830078,20.88142967224121,16.60671043395996,0.604951057681271,15.470689946517945,0.06881075352430344,1.3024404048919678,0.0,0.0,-1.7842859029769897,-1.762974500656128,0.1679169237613678,0.17153388261795044,0.0003,54.693870544433594
1270,508000,-0.001932494351125209,227.23272521972658,0.7094151377677917,0.0046933237463235855,0.02927500003017485,0.439425528049469,0.169801726937294,-3.453958511352539,15.095135688781738,-87.18878173828125,123.83222961425781,18.29909324645996,20.16138458251953,0.6535588157026548,32.467000334667404,0.055143389850854874,0.9289794564247131,0.000125,0.00025,-1.780940055847168,-1.7653682231903076,0.16847969591617584,0.17112377285957336,0.0003,81.38843536376953
1280,512000,-0.0025531735268112233,88.2357188796997,0.7068775928020478,0.005921189673244953,0.03812499993480742,0.569373369216919,0.16969424486160278,-0.2635861039161682,9.688949584960938,-54.93751525878906,55.595909118652344,17.891664505004883,14.764755249023438,0.6403524642359097,13.87884911261498,0.09729258716106415,1.1734960079193115,0.0,0.0,-1.7815302610397339,-1.7660439014434814,0.16838029026985168,0.1710081845521927,0.0003,29.82593536376953
1290,516000,-0.0018041849698558466,198.56952156066893,0.7169247472286224,0.005749889649450779,0.02667499992530793,0.45050251483917236,0.16838476061820984,-0.704403817653656,14.221044540405273,-78.07640075683594,67.0627670288086,17.31231117248535,19.184417724609375,0.6537172300086912,19.013151363944242,0.0867251381278038,0.8766779899597168,0.0,0.0,-1.787385106086731,-1.7756567001342773,0.16739733517169952,0.16937218606472015,0.0003,120.23613739013672
1300,520000,-0.0015616662162792672,196.92401573181152,0.7293059426546097,0.004939740989357233,0.04047500047367066,0.4382359981536865,0.16779163479804993,0.8089823126792908,14.056476593017578,-89.16619873046875,76.96043395996094,18.059890747070312,18.754241943359375,0.6708119543760434,17.435652972695948,0.07730687409639359,0.34281519055366516,0.0,0.0,-1.7911609411239624,-1.778941035270691,0.1667664498090744,0.16881681978702545,0.0003,95.69629669189453
1310,524000,-0.0018285333603156695,236.46442321777343,0.7336456072330475,0.002739377785474062,0.01794999998062849,0.4424707293510437,0.1675274670124054,-1.9021376371383667,15.44735050201416,-105.30049133300781,91.6469497680664,16.027578353881836,20.688079833984375,0.664395974837341,19.664737231579526,0.06091615557670593,0.8326740860939026,0.0,0.0,-1.7914971113204956,-1.7817424535751343,0.16671040654182434,0.16834457218647003,0.0003,101.53718566894531
1320,528000,-0.0006973886926294659,289.8423652648926,0.7375082236528396,0.0025014658458530903,0.00982499991543591,0.3699904680252075,0.16714254021644592,-1.6578364372253418,17.092021942138672,-95.07354736328125,98.81568908691406,15.16871452331543,21.533761978149414,0.6351726628459385,24.537981790759314,0.0756116583943367,0.7261084318161011,0.0,0.0,-1.79852294921875,-1.7793852090835571,0.16554322838783264,0.1687418520450592,0.0003,133.92819213867188
1330,532000,-0.0014188396527213642,283.5889924621582,0.7410889911651611,0.004560418892651796,0.018599999975413083,0.2422749400138855,0.16688941419124603,1.0220603942871094,17.2103328704834,-88.19400787353516,117.25921630859375,16.19517707824707,19.771217346191406,0.6432397263885977,22.73671068650111,0.07828767597675323,1.520917296409607,0.0,0.00025,-1.8019012212753296,-1.7790766954421997,0.16498492658138275,0.1687939316034317,0.0003,146.36624145507812
1340,536000,-0.0007870104953859513,220.4939842224121,0.7432662314176559,0.002543229144066572,0.01702500004321337,0.29165446758270264,0.16676831245422363,-1.5537561178207397,14.93616771697998,-91.44416809082031,81.97785949707031,14.115344047546387,17.746660232543945,0.6586858391096666,17.28745883937287,0.05625046417117119,0.6076816916465759,0.0,0.0,-1.8041698932647705,-1.778296947479248,0.1646110564470291,0.16892559826374054,0.0003,98.32843017578125
1350,540000,-0.00034477442303614046,201.64233963012694,0.7482741326093674,0.002594239776954055,0.02629999992903322,0.295981764793396,0.16609659790992737,0.8277649283409119,14.28266716003418,-88.20987701416016,72.2247543334961,15.250988006591797,17.02226448059082,0.6232208941146644,12.064219452303675,0.0697917565703392,0.8412305116653442,0.0,0.0,-1.8082531690597534,-1.7822868824005127,0.16394026577472687,0.16825294494628906,0.0003,109.99190521240234
1360,544000,-0.0007611557258933299,228.16678344726563,0.7552813231945038,0.004618032369762659,0.02982500004582107,0.1511339545249939,0.16556400060653687,1.4699007272720337,15.287158966064453,-66.534423828125,97.78673553466797,16.490753173828125,16.592323303222656,0.6339211460442028,16.628373240067262,0.08089030534029007,0.7884286642074585,0.000125,0.00025,-1.8130725622177124,-1.7839345932006836,0.1631520688533783,0.16797594726085663,0.0003,109.0669174194336
1370,548000,-0.001960714050629759,221.96753326416015,0.7580925822257996,0.003261243924498558,0.04625000007916242,0.2316685914993286,0.16570360958576202,-1.2423391342163086,14.96876335144043,-71.0118408203125,74.28150939941406,15.470725059509277,17.077001571655273,0.6365274920304392,12.62521151590937,0.05264343321323395,0.6499833464622498,0.0,0.0,-1.8105733394622803,-1.7847031354904175,0.16356033086776733,0.16784687340259552,0.0003,94.77815246582031
1380,552000,-0.0020606932944981973,185.16771835327148,0.7586910861730576,0.005348438397049904,0.0337249999679625,0.22575592994689941,0.16544964909553528,0.964201033115387,13.67848014831543,-67.30570983886719,91.22639465332031,16.862468719482422,15.545293807983398,0.6170818247962169,12.645010655657389,0.0928853377699852,0.7985742092132568,0.0,0.0,-1.802069902420044,-1.7961156368255615,0.16495709121227264,0.1659422218799591,0.0003,93.48309326171875
1390,556000,-0.002966515260561391,114.02479522705079,0.7596464425325393,0.007356996648013592,0.06799999975133687,0.3053271770477295,0.16540861129760742,-0.7562678456306458,10.726786613464355,-49.65830993652344,83.64361572265625,15.943920135498047,12.870027542114258,0.6960840734557384,9.225520624252335,0.10513922572135925,0.7530071139335632,0.0,0.0,-1.8083269596099854,-1.7904260158538818,0.16392816603183746,0.16688905656337738,0.0003,52.4544563293457
1400,560000,-0.000511563467011733,133.50285797119142,0.7655167436599731,0.003986913710832596,0.02515000004321337,0.2993427515029907,0.16462266445159912,-0.7080734968185425,11.59257698059082,-73.62863159179688,55.00234603881836,14.98830795288086,13.849279403686523,0.61360616546937,9.96838724942369,0.07018991559743881,0.6073895692825317,0.0,0.0,-1.8128178119659424,-1.795456051826477,0.16319364309310913,0.1660517007112503,0.0003,65.95979309082031
1410,564000,-0.0004477023073326558,125.0542984008789,0.7774847340583801,0.0027458914555609226,0.01919999993406236,0.3509887456893921,0.16347911953926086,1.9986976385116577,11.291735649108887,-59.28546142578125,73.40288543701172,17.330244064331055,14.016338348388672,0.6917336909476655,14.453714702299727,0.0673409178853035,1.2420072555541992,0.0,0.0,-1.819648027420044,-1.8025649785995483,0.16208279132843018,0.16487544775009155,0.0003,60.51779556274414
1420,568000,-0.000760791924480877,155.9721881866455,0.7881687390804291,0.004351885057985783,0.022649999898858367,0.2800724506378174,0.1631011664867401,0.916014552116394,12.513008117675781,-84.28736877441406,72.018798828125,17.99840545654297,14.747464179992676,0.6325952415888625,12.98461955021796,0.05085188150405884,0.47187551856040955,0.0,0.0,-1.8217812776565552,-1.8050578832626343,0.16173739731311798,0.16446493566036224,0.0003,90.57364654541016
1430,572000,-0.001512971206532523,126.7256608581543,0.7953388446569443,0.005877855233848095,0.04512500015553087,0.4139403700828552,0.161970853805542,-0.10886407643556595,11.36225414276123,-66.79647064208984,43.04491424560547,18.09358024597168,14.842040061950684,0.6351222906783734,11.715294769343345,0.10484574735164642,0.631200909614563,0.0,0.0,-1.8292269706726074,-1.8115290403366089,0.16053763031959534,0.16340409219264984,0.0003,66.1146469116211
1440,576000,-0.0032843624557848637,173.80037368774413,0.8029115796089172,0.004753355868160725,0.046475000199861824,0.32681310176849365,0.16197805106639862,-1.0990114212036133,13.342732429504395,-75.40876770019531,49.77220153808594,17.260417938232422,16.26211166381836,0.6330534971068361,17.470541755597104,0.07694650441408157,0.8493110537528992,0.0,0.0,-1.8254166841506958,-1.815198302268982,0.1611504852771759,0.16280561685562134,0.0003,76.92325592041016
1450,580000,-0.0008970745080441711,178.19903289794922,0.8108996099233627,0.0034967437386512756,0.02157499995548278,0.35704177618026733,0.16061992943286896,-0.4319186508655548,13.407355308532715,-77.05021667480469,52.792518615722656,16.480051040649414,16.720596313476562,0.5915956009595364,13.930386037516003,0.09382754564285278,0.5573927760124207,0.0,0.0,-1.8381606340408325,-1.8193565607070923,0.15910981595516205,0.16213004291057587,0.0003,90.22423553466797
1460,584000,-0.00026992888681451885,93.09635368347168,0.8200839030742645,0.0013553081080317497,0.011499999999068677,0.5772325992584229,0.16063889861106873,0.5024587512016296,9.754362106323242,-46.77028274536133,47.05322265625,17.251039505004883,15.00196361541748,0.6440560217903957,10.085881832799338,0.05668418109416962,0.7611994743347168,0.0,0.0,-1.842294454574585,-1.8150831460952759,0.15845344960689545,0.1628243625164032,0.0003,62.250244140625
1470,588000,-0.0008451599248201091,147.51066200256346,0.8228758150339126,0.001259539509192109,0.014075000071898103,0.5273776650428772,0.15986531972885132,-1.8602787256240845,12.229474067687988,-68.80863189697266,50.32297134399414,15.158957481384277,17.788963317871094,0.6317490743175376,18.08844272893804,0.042490918189287186,0.6107555031776428,0.0,0.0,-1.8490504026412964,-1.8180371522903442,0.15738655626773834,0.1623440980911255,0.0003,58.23752975463867
1480,592000,-0.0017824616045312692,118.40944564819335,0.8298072350025177,0.005937723908573389,0.037574999970383945,0.4926140308380127,0.15984413027763367,0.1027972400188446,11.127035140991211,-76.58416748046875,54.98750686645508,15.710223197937012,15.621049880981445,0.6586495691823618,14.658063734530138,0.08606303483247757,0.9352965354919434,0.0,0.0,-1.8493382930755615,-1.8180192708969116,0.15734125673770905,0.1623470038175583,0.0003,53.72763442993164
1490,596000,-0.0010579030684515621,206.38709259033203,0.8369475495815277,0.006473607383668423,0.030600000196136533,0.3578576445579529,0.15860310196876526,0.3048637807369232,14.403779029846191,-84.7713623046875,91.2303466796875,14.96886920928955,17.97466468811035,0.6349022943720667,11.552698796858863,0.07907310128211975,0.4823259115219116,0.0,0.0,-1.8564413785934448,-1.826483964920044,0.15622760355472565,0.16097857058048248,0.0003,100.28364562988281
1500,600000,-0.0010692169115951345,146.52159423828124,0.8506500905752182,0.004265437833964825,0.023025000053457916,0.42538368701934814,0.15747219324111938,-2.466721296310425,12.184823989868164,-58.129241943359375,70.51222229003906,12.710896492004395,16.074234008789062,0.659457560457691,20.808949797644377,0.10114441066980362,0.6449277997016907,0.0,0.0,-1.8635057210922241,-1.8337286710739136,0.15512783825397491,0.15981654822826385,0.0003,72.89823150634766
1510,604000,-0.0020438143151678555,148.11711540222169,0.8631653773784638,0.0042295935563743114,0.028175000082701445,0.32673561573028564,0.15682831406593323,2.909771203994751,12.292621612548828,-45.24552917480469,98.83757781982422,15.748316764831543,14.981375694274902,0.6488372646436509,22.885189811133326,0.077079638838768,0.9193029403686523,0.0,0.0,-1.8669816255569458,-1.8384294509887695,0.15458956360816956,0.1590670496225357,0.0003,56.06673049926758
1520,608000,-0.0011644587424103525,135.9267413330078,0.869547204375267,0.0038893104065209627,0.01704999993555248,0.357046902179718,0.1565978229045868,2.566478729248047,11.842632293701172,-43.42938232421875,78.45372009277344,18.285829544067383,14.769255638122559,0.6422524494812226,20.01698413780518,0.08820164203643799,1.1186400651931763,0.0,0.0,-1.869217872619629,-1.8391567468643188,0.15424424409866333,0.15895140171051025,0.0003,68.17229461669922
1530,612000,-0.0013672428008356264,244.30161117553712,0.8659228038787842,0.0033968829084187746,0.017749999980442226,0.2222614288330078,0.15740886330604553,-0.6098228693008423,15.697247505187988,-107.99784088134766,65.02503967285156,18.31817054748535,17.799453735351562,0.6680991759866527,17.24284929156594,0.08865432441234589,0.6047954559326172,0.0,0.0,-1.8626270294189453,-1.8353757858276367,0.155264213681221,0.15955352783203125,0.0003,130.91244506835938
1540,616000,-0.0027024585388026033,111.45959022521973,0.8482865697145462,0.004819504451006651,0.04495000020135194,0.4353180527687073,0.1591717153787613,-0.06331280618906021,10.577239036560059,-53.24545669555664,57.931121826171875,18.198875427246094,14.075711250305176,0.6368073726322004,9.20752673232064,0.09243945777416229,0.5235437154769897,0.0,0.0,-1.856919527053833,-1.8189836740493774,0.1561529040336609,0.1621904969215393,0.0003,60.99094772338867
1550,620000,-0.0008550266968079079,95.05248908996582,0.8351071918010712,0.005660572089254856,0.02692500000819564,0.45599615573883057,0.1593330055475235,0.1563185155391693,9.836121559143066,-51.31222915649414,49.87787628173828,17.81816291809082,13.335917472839355,0.6977051684407372,8.486343190757891,0.10137125104665756,1.2075886726379395,0.0,0.0,-1.8452562093734741,-1.8283331394195557,0.15798485279083252,0.16068117320537567,0.0003,47.21712875366211
1560,624000,-0.0034234414055226824,131.74149574279784,0.8292489248514175,0.004993547685444355,0.04695000007282943,0.35696709156036377,0.16045600175857544,-0.11295685172080994,11.534838676452637,-62.0653190612793,40.299774169921875,18.70676040649414,14.384505271911621,0.6246726499282981,10.23565534229739,0.08187690377235413,0.9315438866615295,0.0,0.0,-1.8344173431396484,-1.825075387954712,0.15970653295516968,0.1612055003643036,0.0003,70.46330261230469
1570,628000,-0.0021773039236286417,76.95832084655761,0.8292677575349807,0.004732558038085699,0.044124999823980035,0.4770728349685669,0.15932609140872955,0.9097374081611633,8.833185195922852,-45.38584899902344,51.80262756347656,19.594242095947266,12.21509075164795,0.662937371876203,9.190182658412168,0.0647786557674408,0.9627734422683716,0.0,0.0,-1.8413012027740479,-1.8323235511779785,0.15861091017723083,0.16004127264022827,0.0003,32.67528533935547
1580,632000,-0.0004430071771184885,220.54137481689452,0.8383402490615844,0.0038791238330304623,0.029825000134296717,0.2719026207923889,0.15884387493133545,1.246991753578186,14.860957145690918,-80.26123809814453,62.77009201049805,20.69799041748047,17.41614532470703,0.7045704547194984,11.934227351095055,0.07653901726007462,0.5559537410736084,0.0,0.0,-1.8375331163406372,-1.8421391248703003,0.1592097133398056,0.15847806632518768,0.0003,109.61067962646484
1590,636000,-0.0005504045789097311,138.72289138793946,0.8493264633417129,0.004616258665919304,0.014774999939836561,0.350774884223938,0.15746715664863586,-1.6900869607925415,11.91331958770752,-89.59566497802734,43.563514709472656,19.211332321166992,14.785470008850098,0.6841123163262489,14.137635963805621,0.0554884634912014,1.429581642150879,0.0,0.0,-1.8456525802612305,-1.8514325618743896,0.15792223811149597,0.15701206028461456,0.0003,55.81275939941406
1600,640000,-0.0024742413639731176,175.14300415039062,0.8607945984601975,0.0051177795976400375,0.04342499997001141,0.3702576756477356,0.15722250938415527,-0.01902099698781967,13.333072662353516,-77.83311462402344,68.80946350097656,17.82822608947754,16.801528930664062,0.6317942336485838,12.604525002533046,0.07627305388450623,1.1562672853469849,0.0,0.00025,-1.8472954034805298,-1.8528989553451538,0.1576630026102066,0.15678200125694275,0.0003,89.03564453125
1610,644000,-0.001206949678906124,212.81705841064453,0.8627437001466751,0.0027011921629309654,0.025950000029988585,0.3611382246017456,0.1570030003786087,0.688041627407074,14.634824752807617,-73.58141326904297,90.56000518798828,19.064245223999023,18.3098201751709,0.6459724047808935,13.893941711376936,0.043768834322690964,0.6723456978797913,0.0,0.0,-1.8465137481689453,-1.8564919233322144,0.1577862948179245,0.1562196910381317,0.0003,134.15650939941406
1620,648000,-0.0013485056045759425,294.4396484375,0.8638065230846405,0.0072704823687672615,0.04964999979361892,0.20712202787399292,0.15731872618198395,1.2245973348617554,17.30422592163086,-64.53064727783203,148.81480407714844,20.373367309570312,19.433408737182617,0.6594273960886187,18.269372079325677,0.05903129279613495,1.05361008644104,0.0,0.0,-1.8409855365753174,-1.8580501079559326,0.15866097807884216,0.15597645938396454,0.0003,141.31057739257812
1630,652000,-0.0013684741390956301,190.364441986084,0.8595877474546433,0.0037078657187521458,0.035424999967217444,0.24856728315353394,0.15757548809051514,1.6828666925430298,13.884150505065918,-66.55799865722656,85.3342514038086,21.923269271850586,16.01674461364746,0.6824965892243258,15.114717983235025,0.06341631710529327,0.9763264060020447,0.0,0.0,-1.8326719999313354,-1.8632632493972778,0.1599855124950409,0.15516546368598938,0.0003,94.45525360107422
1640,656000,-0.0017300105322239645,220.34414489746095,0.8609032273292542,0.004011412616819143,0.023099999958649278,0.26362961530685425,0.1570143699645996,0.7096366286277771,15.069792747497559,-100.46102142333984,90.39532470703125,22.79552459716797,17.561399459838867,0.6547800092207966,18.829832220004274,0.06827366352081299,1.228095531463623,0.0,0.0,-1.8377397060394287,-1.865285873413086,0.1591767966747284,0.15485192835330963,0.0003,114.72962951660156
1650,660000,-0.0025572579920073624,347.05732528686525,0.8653874284029007,0.006075742654502392,0.041625000135973096,0.23521333932876587,0.15702255070209503,-0.8167139887809753,18.718128204345703,-139.67709350585938,83.96489715576172,21.911828994750977,21.403867721557617,0.6597871207447961,23.05842433705219,0.07455287873744965,0.7307854294776917,0.0,0.0,-1.837443470954895,-1.8654848337173462,0.15922395884990692,0.15482112765312195,0.0003,180.69395446777344
1660,664000,-0.002783811630725086,277.8732145690918,0.8639917767047882,0.005778095684945583,0.0393250000057742,0.3970854878425598,0.15719148516654968,0.9363782405853271,17.095945358276367,-84.28082275390625,109.04480743408203,23.156362533569336,22.01736068725586,0.6593549521576175,30.193275927142814,0.043457768857479095,2.2310726642608643,0.0,0.0,-1.8370060920715332,-1.8637537956237793,0.15929362177848816,0.1550893634557724,0.0003,117.27449035644531
1670,668000,-0.0017525868749766272,220.39733566284178,0.8629256570339203,0.0037554719019681215,0.0305499999364838,0.5376232266426086,0.1571677029132843,-1.0619302988052368,15.008499145507812,-102.63390350341797,57.63542938232422,21.96434783935547,22.071876525878906,0.6451799030351915,28.031444397602396,0.040949851274490356,1.3151544332504272,0.0,0.0,-1.8385149240493774,-1.8625127077102661,0.15905345976352692,0.15528197586536407,0.0003,120.52861785888672
1680,672000,-0.0026306372141785684,401.2425946044922,0.866518229842186,0.004358601290732622,0.027900000028312208,0.3657013773918152,0.15658728778362274,-0.16110235452651978,20.324905395507812,-98.33160400390625,124.21804809570312,22.22924041748047,25.520055770874023,0.6387814877805222,33.707590960716445,0.04896017909049988,1.917936086654663,0.0,0.0,-1.8428332805633545,-1.86557936668396,0.1583680808544159,0.1548064947128296,0.0003,200.68746948242188
1690,676000,-0.0020968750269712453,219.98160415649414,0.8705781483650208,0.004676793236285448,0.020474999942816794,0.4903767704963684,0.15648964047431946,-1.0687966346740723,14.979089736938477,-78.55269622802734,91.27412414550781,20.689762115478516,20.9826717376709,0.6520521893901566,24.860368926260122,0.07927029579877853,0.9030890464782715,0.0,0.0,-1.8472821712493896,-1.8623051643371582,0.15766508877277374,0.15531419217586517,0.0003,109.42839050292969
1700,680000,-0.00029865672974046744,285.1279948425293,0.8709337079524994,0.004675105679780245,0.010575000061653555,0.43092161417007446,0.1566384732723236,-3.4123103618621826,17.067289352416992,-125.11593627929688,60.46018981933594,16.67481803894043,22.624475479125977,0.6513792434963919,41.943968773998186,0.06233302503824234,1.5189683437347412,0.0,0.0,-1.8473166227340698,-1.8603554964065552,0.15765966475009918,0.15561729669570923,0.0003,156.71957397460938
1710,684000,-0.0021104829112868193,277.94060974121095,0.8691634237766266,0.004154731519520283,0.037325000218115745,0.3778510093688965,0.1566924899816513,-1.2250112295150757,16.913177490234375,-107.37848663330078,65.74800109863281,16.053373336791992,21.442626953125,0.6570161365922731,28.38948516032224,0.04932362586259842,1.041257381439209,0.0,0.0,-1.8501816987991333,-1.8567692041397095,0.15720859169960022,0.1561763882637024,0.0003,142.40550231933594
1720,688000,-0.0019999591257277636,208.92204483032228,0.8750885075330734,0.0025472152046859264,0.029150000037625433,0.39446115493774414,0.1555306613445282,1.2107571363449097,14.550341606140137,-57.743370056152344,60.98075866699219,16.225372314453125,18.698301315307617,0.6651286856760692,16.278291011770456,0.0821128785610199,0.7809397578239441,0.0,0.0,-1.8585726022720337,-1.863257646560669,0.15589500963687897,0.15516632795333862,0.0003,107.88973236083984
1730,692000,-0.0023366206389357114,186.91915740966797,0.8849945414066315,0.004623175133019686,0.037600000179372726,0.29935288429260254,0.15549641847610474,-0.24611660838127136,13.97374153137207,-81.53334045410156,71.42566680908203,16.130313873291016,16.694101333618164,0.6651589057896591,18.408282708659193,0.08576436340808868,0.9717991948127747,0.0,0.0,-1.8573347330093384,-1.8649450540542603,0.15608809888362885,0.15490470826625824,0.0003,90.79060363769531
1740,696000,-0.002958084721155321,125.12800430297851,0.8899049592018128,0.006588909775018692,0.0492250001616776,0.42238205671310425,0.15429487824440002,-0.003070739796385169,11.276518821716309,-61.41169357299805,62.304443359375,16.225772857666016,14.837294578552246,0.6807215995110323,11.044105236063047,0.14157481491565704,0.7934724688529968,0.0,0.0,-1.8561590909957886,-1.8817845582962036,0.15627171099185944,0.1523180454969406,0.0003,66.00414276123047
1750,700000,-0.003724367788535572,120.98106704711914,0.9056963837146759,0.005447050556540489,0.06282499998342246,0.4194573163986206,0.15373748540878296,0.3461773097515106,11.090331077575684,-66.09471130371094,61.20975875854492,17.104148864746094,14.555510520935059,0.6730892711844645,9.950989333595833,0.08172307163476944,0.9742972254753113,0.0,0.0,-1.857201337814331,-1.8880541324615479,0.15610891580581665,0.15136605501174927,0.0003,70.83889770507812
1760,704000,-0.001394254666064807,353.53353775024414,0.9082959491014481,0.0036623445339500904,0.020849999976344406,0.269888699054718,0.1533905565738678,-4.014549732208252,18.825862884521484,-86.30870056152344,137.521484375,12.977569580078125,22.032325744628906,0.6979052215829984,31.52462054239585,0.06357093155384064,1.0100845098495483,0.0,0.0,-1.8573400974273682,-1.8925048112869263,0.156087264418602,0.150693878531456,0.0003,125.83035278320312
1770,708000,-0.0029184821818857023,273.081700592041,0.9206608486175537,0.004963329527527094,0.03287499986588955,0.2091134786605835,0.15185099840164185,1.4780504703521729,16.70021629333496,-73.9515151977539,101.3795166015625,14.371378898620605,18.778676986694336,0.691944254969309,18.21526113022376,0.07014395296573639,1.052682638168335,0.0,0.0,-1.8642407655715942,-1.9059042930603027,0.15501384437084198,0.14868812263011932,0.0003,141.29908752441406
1780,712000,-0.0012402862676884974,135.43140258789063,0.9344431322813034,0.005184624809771776,0.04029999993275851,0.3842695355415344,0.1516309678554535,-0.22111178934574127,11.731450080871582,-76.80126953125,53.42902374267578,14.528645515441895,14.950522422790527,0.6919045733191891,8.906844364822582,0.059899039566516876,0.9238165020942688,0.0,0.0,-1.866376280784607,-1.9066401720046997,0.1546831727027893,0.14857874810695648,0.0003,67.4949722290039
1790,716000,-0.0018870377933606509,513.4903909301757,0.9350156688690185,0.004242141731083393,0.016199999898672105,0.19938784837722778,0.15161266922950745,-3.339308977127075,22.713058471679688,-191.29783630371094,109.82605743408203,10.560808181762695,25.384262084960938,0.6680445143468994,27.125787443890836,0.07127472758293152,1.088087797164917,0.0,0.0,-1.8642685413360596,-1.909085988998413,0.15500955283641815,0.14821578562259674,0.0003,205.1972198486328
1800,720000,-0.0018083146153367125,268.19081802368163,0.9341310662031174,0.005039340816438198,0.030799999926239253,0.2949466109275818,0.15170207619667053,0.7097898721694946,16.47016143798828,-85.21604919433594,118.400146484375,11.520103454589844,19.61493492126465,0.6748016885060274,15.532298488821787,0.09714891761541367,1.116352915763855,0.0,0.0,-1.8657742738723755,-1.906309723854065,0.15477631986141205,0.1486278474330902,0.0003,169.2745819091797
1810,724000,-0.0025965293759189077,214.66322662353517,0.9342342430353164,0.005728636868298054,0.041200000094249845,0.22687721252441406,0.1514815092086792,2.083033800125122,14.788419723510742,-62.21595764160156,76.84114074707031,13.38193416595459,16.818897247314453,0.7136353880575257,17.47204030215595,0.096047542989254,1.017057180404663,0.0,0.0,-1.8652558326721191,-1.9098241329193115,0.1548565924167633,0.1481064260005951,0.0003,101.92454528808594
1820,728000,-0.00045278065794846054,197.84114616394044,0.9332961845397949,0.004488575272262096,0.035350000052712854,0.2185603380203247,0.15243279933929443,0.6279916167259216,14.14926815032959,-96.96919250488281,78.94576263427734,13.94094181060791,16.006126403808594,0.6649773812234921,10.682419800159545,0.061047911643981934,0.722233235836029,0.0,0.0,-1.8562637567520142,-1.9064280986785889,0.1562553495168686,0.14861026406288147,0.0003,85.80390930175781
1830,732000,-0.0008234929140773595,352.5993811035156,0.9279218477010727,0.002500714734196663,0.015474999812431634,0.13422083854675293,0.15170127153396606,-0.05743692070245743,18.84601593017578,-112.34278869628906,71.1915512084961,13.473418235778809,20.254240036010742,0.6406807985947732,12.27341814218811,0.04684824123978615,0.8768031597137451,0.0,0.0,-1.8622089624404907,-1.9100470542907715,0.1553291380405426,0.14807341992855072,0.0003,160.53256225585938
1840,736000,-0.0025338623608433418,181.69881011962892,0.9392239016294479,0.004819937516003847,0.05160000022035092,0.2405942678451538,0.15092211961746216,-0.7675631046295166,13.492778778076172,-61.26145553588867,80.26853942871094,12.590003967285156,15.483333587646484,0.6220623718316185,10.456725164587146,0.09731199592351913,0.5467131733894348,0.0,0.0,-1.8748085498809814,-1.9074403047561646,0.15338434278964996,0.14845992624759674,0.0003,94.39974975585938
1850,740000,-0.002280221065878871,241.78766632080078,0.9472748810052871,0.0060077994130551815,0.055025000059977174,0.18942487239837646,0.15048161149024963,-0.14570306241512299,15.562616348266602,-71.92125701904297,86.95659637451172,12.463534355163574,17.285661697387695,0.7175786748304409,10.712810523709727,0.08339899778366089,0.46378061175346375,0.0,0.0,-1.8826838731765747,-1.9052724838256836,0.15218111872673035,0.14878210425376892,0.0003,121.49473571777344
1860,744000,-0.0009116965791202336,166.05295837402343,0.9471666210889816,0.0037912025582045317,0.028199999965727328,0.16707241535186768,0.15108105540275574,0.8970536589622498,12.956932067871094,-72.13037872314453,60.87116241455078,13.400300979614258,14.197065353393555,0.719993777041987,9.94400714931253,0.06797046959400177,0.597579300403595,0.0,0.0,-1.8710227012634277,-1.90921950340271,0.15396612882614136,0.1481960117816925,0.0003,83.97010803222656
1870,748000,0.0002794219128691999,157.00798934936523,0.9448053282499314,0.004150459077209234,0.021474999925121665,0.2127963900566101,0.15063218772411346,1.3899096250534058,12.551027297973633,-66.26377868652344,73.28302001953125,14.649365425109863,14.14606761932373,0.7079167359734356,10.041472226734886,0.08250275254249573,0.6773087978363037,0.0,0.0,-1.8703937530517578,-1.9159536361694336,0.15406298637390137,0.14720140397548676,0.0003,77.36966705322266
1880,752000,-0.0009398791400104533,216.30849563598633,0.948421471118927,0.00515822833403945,0.030700000268407166,0.1465092897415161,0.15048488974571228,1.043297529220581,14.729297637939453,-61.52128982543945,80.25055694580078,15.687719345092773,15.943461418151855,0.7190906869740681,11.219003850195275,0.05426753684878349,0.5131080150604248,0.0,0.0,-1.864853024482727,-1.9238008260726929,0.15491898357868195,0.14605079591274261,0.0003,96.52003479003906
1890,756000,-0.001739738783935172,152.4455410003662,0.9451934403181076,0.005545418709516525,0.027874999884516,0.16826725006103516,0.1515192687511444,1.8811193704605103,12.371820449829102,-61.52741622924805,102.54676055908203,17.613876342773438,13.56568431854248,0.656806535263548,11.840640352703542,0.15583710372447968,0.6057295203208923,0.0,0.0,-1.859999656677246,-1.9148370027542114,0.15567268431186676,0.14736585319042206,0.0003,69.7625732421875
1900,760000,-0.000889487245568672,232.34255432128907,0.942087162733078,0.004648356698453426,0.015424999971874059,0.12822365760803223,0.15052184462547302,0.758848249912262,15.358172416687012,-72.07696533203125,99.42205810546875,17.997413635253906,16.44890594482422,0.6609946957130597,13.665375846738396,0.07514482736587524,0.7422826290130615,0.0,0.0,-1.8647046089172363,-1.9234522581100464,0.15494197607040405,0.146101713180542,0.0003,116.00262451171875
1910,764000,-0.0016566495759463562,276.42087982177736,0.9542669576406478,0.0051164282485842705,0.02587500006891787,0.2092685103416443,0.14995063841342926,-1.9247018098831177,16.76679229736328,-82.9344711303711,86.66266632080078,15.913741111755371,18.85538673400879,0.6733211641002242,17.680851442642744,0.04943031072616577,1.0580395460128784,0.0,0.0,-1.8676502704620361,-1.9281632900238037,0.15448623895645142,0.1454150378704071,0.0003,143.6226043701172
1920,768000,-0.0016135170636698603,204.1797360229492,0.9526449018716812,0.002803657902404666,0.034849999947473405,0.2802581191062927,0.150640606880188,0.510363757610321,14.33053970336914,-94.1797866821289,61.549583435058594,16.883014678955078,16.89173126220703,0.7311601173628679,11.83760373856975,0.0837923213839531,0.704522967338562,0.0,0.0,-1.8688126802444458,-1.9174965620040894,0.15430676937103271,0.14697444438934326,0.0003,91.11792755126953
1930,772000,-0.0014205297132826678,206.27369842529296,0.9543799084424972,0.006528375204652548,0.030849999971687792,0.300737202167511,0.14941638708114624,-2.2641894817352295,14.376180648803711,-96.34042358398438,77.51253509521484,13.802989959716797,17.191877365112305,0.64950026144934,17.076521198135357,0.07551813125610352,0.4976937770843506,0.0,0.0,-1.8817001581192017,-1.9207171201705933,0.1523309051990509,0.14650186896324158,0.0003,99.12916564941406
1940,776000,-0.0019631932081392734,131.19617958068847,0.964490287899971,0.004367913119494915,0.03337499998509884,0.3769422173500061,0.14944703876972198,-0.07778799533843994,11.50267219543457,-77.21380615234375,50.85001754760742,14.115133285522461,14.572517395019531,0.6893965052627781,10.696261114584583,0.11613158136606216,0.6818275451660156,0.0,0.0,-1.8811134099960327,-1.920908808708191,0.1524202972650528,0.14647379517555237,0.0003,87.18506622314453
1950,780000,-0.002052572804613737,145.98187110900878,0.9698243796825409,0.0026743104681372643,0.03127499985042959,0.41093742847442627,0.14847345650196075,-1.0367628335952759,12.163984298706055,-61.3707160949707,54.444679260253906,12.784712791442871,15.8487548828125,0.6670962239188556,12.339386845508962,0.11483990401029587,0.7046597599983215,0.0,0.0,-1.8797763586044312,-1.9357036352157593,0.1526242345571518,0.1443226933479309,0.0003,84.12922668457031
1960,784000,-0.002151591165821447,173.19434776306153,0.9919910192489624,0.004438080824911594,0.03032500000204891,0.3983958959579468,0.14636275172233582,-0.42826390266418457,13.208760261535645,-70.9149169921875,68.74542236328125,11.963768005371094,17.029685974121094,0.6916897200135332,11.197146937713558,0.07875482738018036,0.6908880472183228,0.0,0.0,-1.8840854167938232,-1.9607164859771729,0.15196798741817474,0.14075753092765808,0.0003,94.93171691894531
1970,788000,-0.0035468612397699874,141.5630487060547,1.0109955048561097,0.0045739151537418365,0.04654999990481883,0.3348845839500427,0.1459716260433197,0.6391919851303101,12.073843002319336,-64.2915267944336,67.46853637695312,13.722098350524902,14.804609298706055,0.6565358948941082,12.466893476098548,0.06837666034698486,0.9250343441963196,0.0,0.0,-1.8820325136184692,-1.9685230255126953,0.1522802859544754,0.1396629810333252,0.0003,71.63976287841797
1980,792000,-0.0010823892136062564,178.12406532287596,1.0209642839431763,0.00726044038310647,0.03412500008940697,0.2821052074432373,0.14475005865097046,-0.4387515187263489,13.404562950134277,-86.78083801269531,77.2522201538086,12.265220642089844,15.820574760437012,0.7177457177474514,10.515811556917471,0.07126399874687195,0.7563958764076233,0.0,0.0,-1.889813780784607,-1.977605938911438,0.15109995007514954,0.13840018212795258,0.0003,66.46553039550781
1990,796000,-0.0015981241821669734,154.61988021850587,1.0318195629119873,0.00328684295527637,0.03420000004582107,0.2779231071472168,0.14458486437797546,3.2889769077301025,12.35538387298584,-61.67497253417969,78.45867919921875,15.68444538116455,14.540003776550293,0.7890535713311618,17.483193893984154,0.07050362229347229,0.7101959586143494,0.0,0.0,-1.8939642906188965,-1.975473403930664,0.15047410130500793,0.138695627450943,0.0003,76.96776580810547
2000,800000,-0.0004944441493600605,194.04259201049805,1.0294125401973724,0.003330046311020851,0.01239999997895211,0.3612040877342224,0.1448095440864563,-2.0554075241088867,14.107995986938477,-110.03294372558594,73.87454986572266,13.469929695129395,17.651607513427734,0.6136877121603965,18.161197230501383,0.06534972041845322,0.898798942565918,0.0,0.0,-1.8904510736465454,-1.9760520458221436,0.15100368857383728,0.13861539959907532,0.0003,73.38072204589844
2010,804000,-0.0007543669566890454,232.69185516357422,1.0225978779792786,0.0049082376062870026,0.04885000004433095,0.30522942543029785,0.14571337401866913,-0.34962451457977295,15.302569389343262,-109.97178649902344,85.84617614746094,13.87441635131836,18.358774185180664,0.7215016498807565,12.007549760185125,0.08473726361989975,0.6312626600265503,0.0,0.0,-1.8895889520645142,-1.964023470878601,0.1511339247226715,0.14029282331466675,0.0003,117.51976013183594
2020,808000,-0.000848718599727718,98.39644332885742,1.023646104335785,0.005036801099777222,0.031575000206939874,0.5143076181411743,0.14432497322559357,0.2687545716762543,10.006881713867188,-72.11372375488281,46.874542236328125,14.75589370727539,14.35879898071289,0.8029481525774571,9.047652722580207,0.09277597814798355,1.0990338325500488,0.0,0.0,-1.9004327058792114,-1.9722312688827515,0.1495039314031601,0.13914604485034943,0.0003,48.903865814208984
2030,812000,-0.0011547278971091135,153.01873649597167,1.038839008808136,0.005970001686364412,0.03884999982081354,0.3609398603439331,0.14380194246768951,0.370762437582016,12.468791961669922,-83.48225402832031,76.10011291503906,15.555767059326172,15.597447395324707,0.7942615809432085,11.772298010914794,0.07714859396219254,1.1125586032867432,0.0,0.0,-1.9109699726104736,-1.9684938192367554,0.14793682098388672,0.13966704905033112,0.0003,75.55255889892578
2040,816000,-0.0007741640332204058,157.1229434967041,1.0439206278324127,0.006255881395190954,0.03242500001098961,0.2989491820335388,0.14343148469924927,1.382507562637329,12.58431625366211,-64.69559478759766,84.05860900878906,16.099817276000977,15.029858589172363,0.7276706889230735,11.983463496452389,0.06139881908893585,0.5281062126159668,0.0,0.0,-1.9199827909469604,-1.964303970336914,0.14660947024822235,0.140253484249115,0.0003,63.47235870361328
2050,820000,-0.0017963625457749,126.66087928771972,1.0480812561511994,0.005330306477844715,0.032549999793991445,0.23393160104751587,0.1430433988571167,1.2468711137771606,11.455642700195312,-53.096466064453125,66.15434265136719,17.772382736206055,13.088374137878418,0.7334472668604748,13.123441923467876,0.06339090317487717,1.0376514196395874,0.0,0.0,-1.921849250793457,-1.967895269393921,0.14633610844612122,0.13975068926811218,0.0003,64.20487213134766
2060,824000,-0.0010230393945501416,210.7090902709961,1.0502139568328857,0.0034241650719195604,0.029999999976716936,0.12046456336975098,0.1433674693107605,1.076921820640564,14.564077377319336,-92.03105163574219,74.82574462890625,18.63174819946289,15.529458045959473,0.7702799472820364,12.528199274880903,0.08131599426269531,0.5586342811584473,0.0,0.0,-1.9136261940002441,-1.9719114303588867,0.14754439890384674,0.13919055461883545,0.0003,125.62016296386719
2070,828000,-0.002836454903267622,79.91466396331788,1.0435206961631776,0.007113753352314234,0.06452499981969595,0.3257488012313843,0.14412641525268555,0.6756617426872253,9.016937255859375,-53.91374969482422,70.8740463256836,19.39813232421875,10.981158256530762,0.786703992995066,6.954598957979953,0.0846041813492775,0.8872090578079224,0.0,0.0,-1.9102064371109009,-1.9646638631820679,0.14804981648921967,0.14020301401615143,0.0003,29.701946258544922
2080,832000,0.00037896873062163826,89.09038993835449,1.035642488002777,0.004753009881824255,0.01832500008866191,0.4494016766548157,0.14403672516345978,-0.8905717134475708,9.826676368713379,-68.90724182128906,26.13997459411621,19.18598747253418,13.243086814880371,0.887099935932559,13.906612552420272,0.07382432371377945,0.9691727757453918,0.0,0.0,-1.9076626300811768,-1.968640685081482,0.14842690527439117,0.13964654505252838,0.0003,45.82140350341797
2090,836000,-0.0026799967642538824,150.96553016662597,1.043633954524994,0.0047429222613573074,0.04319999998435378,0.3927731513977051,0.14330574870109558,-0.3022322952747345,12.437849998474121,-74.88383483886719,65.8716812133789,18.218151092529297,15.961357116699219,0.7687722178864853,13.302225601201869,0.07414642721414566,1.2615326642990112,0.0,0.0,-1.9131689071655273,-1.9732838869094849,0.14761187136173248,0.13899965584278107,0.0003,82.56134033203125
2100,840000,-0.0005869519901447351,131.05421173095704,1.0500702464580536,0.005618097726255655,0.021425000014714896,0.40406328439712524,0.14304940402507782,1.5665147304534912,11.529031753540039,-67.33338928222656,77.51177978515625,19.246675491333008,14.934571266174316,0.779528258610062,12.188325581678765,0.06070564314723015,1.143368124961853,0.0,0.0,-1.9133068323135376,-1.9768322706222534,0.14759153127670288,0.13850730657577515,0.0003,86.16857147216797
2110,844000,-0.0025728928798227635,165.00112548828125,1.05346159696579,0.004456296097487211,0.03237500001210719,0.4497264623641968,0.1429559588432312,-1.751023292541504,13.314236640930176,-126.66049194335938,38.864501953125,18.065433502197266,17.948450088500977,1.0477485113254879,25.818169017281367,0.0764930471777916,2.4545788764953613,0.0,0.0,-1.9107422828674316,-1.980926275253296,0.147970512509346,0.1379414051771164,0.0003,76.43350982666016
2120,848000,-0.0011381029704934952,49.772497749328615,1.0517011487483978,0.0038155317306518555,0.03547499993816018,0.7489361763000488,0.1432841718196869,0.8338618874549866,7.165518760681152,-46.45834732055664,48.58900451660156,20.120344161987305,14.300643920898438,0.8875413387131422,9.157809975518308,0.10418961197137833,1.5041497945785522,0.0,0.0,-1.906179428100586,-1.9810733795166016,0.1486472189426422,0.13792110979557037,0.0003,23.41514778137207
2130,852000,-0.0003756676315970253,105.89132961273194,1.0458441007137298,0.003151640761643648,0.0175749999191612,0.5882554054260254,0.14376185834407806,-0.1533382087945938,10.445964813232422,-137.1949005126953,50.254730224609375,19.43389320373535,16.279258728027344,1.005456347754867,17.087230467976752,0.07183905690908432,1.2387993335723877,0.0,0.0,-1.9017258882522583,-1.9789592027664185,0.14931070804595947,0.13821302354335785,0.0003,34.85564041137695
2140,856000,-0.0019005481173164295,52.035027046203616,1.037359163761139,0.0050064148381352425,0.027875000019557773,0.7305386066436768,0.14464004337787628,-0.30228716135025024,7.274770259857178,-38.67108917236328,37.5218505859375,18.582992553710938,14.014286994934082,0.9576248645064845,8.467897543468586,0.12251108884811401,0.7504783272743225,0.0,0.0,-1.8902651071548462,-1.9787037372589111,0.1510317623615265,0.13824832439422607,0.0003,23.074169158935547
2150,860000,-0.0008182365243977951,68.57826824188233,1.0384794414043426,0.003334000241011381,0.02852499986998737,0.6490440368652344,0.1436065137386322,-0.29961198568344116,8.370427131652832,-62.251773834228516,44.526729583740234,18.25092124938965,14.129322052001953,0.7581600357878624,7.748122005849211,0.08681563287973404,0.7944847345352173,0.0,0.0,-1.8905363082885742,-1.993467926979065,0.1509908139705658,0.13622219860553741,0.0003,32.340789794921875
2160,864000,-0.0019461978170380468,82.38459804534912,1.0387397003173828,0.0036628232337534428,0.031099999910220503,0.6113415956497192,0.14504118263721466,-0.582080602645874,9.193379402160645,-49.211265563964844,44.275108337402344,18.347347259521484,14.746573448181152,0.9703642670929119,10.701700306824161,0.09934840351343155,0.8691985011100769,0.0,0.0,-1.8807799816131592,-1.9833227396011353,0.152471125125885,0.13761122524738312,0.0003,40.972782135009766
2170,868000,-0.0014855139649231042,79.38180297851562,1.029489804506302,0.005190154071897268,0.0392250000173226,0.5976787805557251,0.1443822681903839,-0.4396933913230896,9.04535961151123,-40.30589294433594,39.48244094848633,18.590078353881836,14.260651588439941,1.0780512724860967,9.718630239790246,0.12044639140367508,0.9689130783081055,0.0,0.0,-1.8855828046798706,-1.9875997304916382,0.15174061059951782,0.1370239406824112,0.0003,37.084957122802734
2180,872000,-0.0005476039834980817,92.94911624908447,1.0394391512870789,0.0040014744736254215,0.023674999917857348,0.5045074224472046,0.14381276071071625,-0.5876232385635376,9.891125679016113,-71.22894287109375,66.10736846923828,16.86455726623535,14.051644325256348,0.8113563749681084,12.60420684725266,0.09388214349746704,1.0549352169036865,0.0,0.0,-1.8897064924240112,-1.9913620948791504,0.15111616253852844,0.13650935888290405,0.0003,40.707374572753906
2190,876000,-0.0016837578361548378,84.39184963226319,1.0416460132598877,0.00413986761122942,0.037599999983794985,0.4932277798652649,0.14418360590934753,-0.09600938111543655,9.302398681640625,-81.39334106445312,84.54562377929688,16.310976028442383,13.067380905151367,0.7956045521368396,7.427377916727267,0.08633092790842056,1.0326277017593384,0.0,0.0,-1.8796290159225464,-1.9971576929092407,0.1526467204093933,0.13572049140930176,0.0003,51.626956939697266
2200,880000,-0.0024821979082938926,65.67146522521972,1.0426864051818847,0.005035916343331337,0.031075000097043812,0.551935613155365,0.1435934454202652,-0.39780446887016296,8.40700912475586,-63.1732063293457,42.56718063354492,16.13577651977539,12.559469223022461,0.8777018628240405,12.843511652655415,0.07851932942867279,0.9637393355369568,0.0,0.0,-1.882485032081604,-2.002661943435669,0.15221138298511505,0.13497550785541534,0.0003,34.58386993408203
2210,884000,-0.0014339486428299076,133.64888648986818,1.05041729927063,0.0037206695415079594,0.017424999848008157,0.41613560914993286,0.14308102428913116,0.5032732486724854,11.677535057067871,-63.51702880859375,58.831382751464844,16.061809539794922,15.282527923583984,0.8455487710355044,18.05164846047151,0.05957085266709328,1.0660146474838257,0.0,0.0,-1.8911069631576538,-2.0005757808685303,0.15090467035770416,0.13525737822055817,0.0003,69.07647705078125
2220,888000,-0.0016659649952671307,72.29571521759033,1.056663259267807,0.002172501292079687,0.038550000074319545,0.5406436324119568,0.14258122444152832,-0.00021438598923850805,8.742135047912598,-67.0579605102539,42.587764739990234,17.576953887939453,12.898601531982422,0.8970497702354328,13.321926762669797,0.043289218097925186,1.0532217025756836,0.0,0.0,-1.8975021839141846,-2.0008537769317627,0.14994268119335175,0.13521979749202728,0.0003,25.102855682373047
2230,892000,-0.001485787973323749,125.68631355285645,1.0611029994487762,0.0044250511564314365,0.026375000062398613,0.4108083248138428,0.1423804759979248,-0.304045170545578,11.30075454711914,-64.03536987304688,94.18170166015625,16.444141387939453,14.722416877746582,0.9782168359517672,18.232003741072734,0.044276103377342224,0.7796507477760315,0.0,0.0,-1.9014440774917603,-1.9994617700576782,0.1493527889251709,0.13540814816951752,0.0003,55.20143508911133
2240,896000,-0.00032697988903436227,121.42685600280761,1.0641576993465423,0.0038914517499506474,0.013449999983422459,0.37836235761642456,0.14215324819087982,3.065898895263672,11.049569129943848,-60.68199920654297,53.80359649658203,20.093090057373047,14.014471054077148,0.8314157059362042,20.357086388810686,0.048733972012996674,0.8109802007675171,0.0,0.0,-1.9036672115325928,-2.00036883354187,0.14902113378047943,0.1352853626012802,0.0003,64.95809936523438
2250,900000,-0.001992344726997546,116.0224715423584,1.0670942533016206,0.0016922634094953537,0.01882499993313104,0.44859713315963745,0.14201867580413818,-0.27744972705841064,10.840892791748047,-76.75782775878906,69.81179809570312,19.033039093017578,14.599249839782715,1.0301441699873966,19.08421467605453,0.07410769164562225,0.6138334274291992,0.0,0.0,-1.9066729545593262,-1.9990533590316772,0.1485738754272461,0.13546346127986908,0.0003,58.7630615234375
2260,904000,-0.0016665825990658067,83.31378334045411,1.0722897565364837,0.00501671340316534,0.02489999999292195,0.5819741487503052,0.1413566768169403,-0.9923135042190552,9.376705169677734,-87.10783386230469,31.851484298706055,18.84149932861328,14.502695083618164,0.8513580446992993,11.91203838261491,0.0875004306435585,1.2637155055999756,0.0,0.0,-1.9048488140106201,-2.010899543762207,0.1488451361656189,0.13386820256710052,0.0003,46.462581634521484
2270,908000,-0.001283129797588849,68.78971294403077,1.0845736527442933,0.005394311156123877,0.019774999930523337,0.6663243770599365,0.14011502265930176,-1.020043134689331,8.801794052124023,-48.741798400878906,48.856239318847656,17.48810577392578,15.237332344055176,0.9078005339319685,15.07666087127982,0.08864155411720276,1.4769035577774048,0.0,0.0,-1.9151325225830078,-2.0181002616882324,0.14732231199741364,0.1329077184200287,0.0003,31.154586791992188
2280,912000,-0.0014721586156694689,83.25290111541749,1.1084802055358887,0.004414457827806473,0.02984999998938292,0.6764013767242432,0.13830822706222534,-0.3954116106033325,9.337139129638672,-58.36031723022461,65.52436065673828,17.542308807373047,16.413854598999023,0.9126019487310018,12.827970739632315,0.06988169252872467,1.2351961135864258,0.0,0.0,-1.933721661567688,-2.0248968601226807,0.1446090042591095,0.1320074498653412,0.0003,28.192495346069336
2290,916000,-0.0009982374137944116,43.590160064697265,1.126856231689453,0.0035901679657399654,0.030750000113621355,0.8018771409988403,0.13745906949043274,0.9044997096061707,6.783400058746338,-24.57148551940918,45.224178314208984,18.789487838745117,15.23983097076416,1.0318447938971107,10.251892253966735,0.07381988316774368,1.106580376625061,0.0,0.0,-1.9374099969863892,-2.03376841545105,0.1440766304731369,0.13084152340888977,0.0003,21.005558013916016
2300,920000,-0.0011886931284563619,124.16272575378417,1.1359526216983795,0.003379425499588251,0.03267499984242022,0.620469331741333,0.13688057661056519,-1.5821619033813477,11.213035583496094,-79.25025177001953,59.10661697387695,15.922056198120117,18.201189041137695,0.8294193928489624,12.875736444235853,0.06478948891162872,1.2999770641326904,0.0,0.0,-1.947272777557373,-2.031805992126465,0.14266261458396912,0.13109855353832245,0.0003,59.671966552734375
2310,924000,-0.002203663772776778,65.0978243637085,1.1378756642341614,0.004112555645406246,0.023049999894574284,0.7294888496398926,0.13756796717643738,-1.6994949579238892,8.41932201385498,-54.89067077636719,25.891807556152344,15.2583589553833,16.18767738342285,0.909005555982754,19.19618320645131,0.09560147672891617,1.083567500114441,0.0,0.0,-1.94343101978302,-2.0255277156829834,0.1432117521762848,0.13192421197891235,0.0003,36.59542465209961
2320,928000,-0.002049320977639084,34.64347610473633,1.1321359622478484,0.0036211267579346895,0.040799999833107,0.8215844035148621,0.13738855719566345,0.8565926551818848,6.061093330383301,-33.84914016723633,34.7633056640625,15.314949035644531,14.349427223205566,0.9409481110642791,9.671913899529113,0.08379323780536652,1.0795716047286987,0.0,0.0,-1.9391827583312988,-2.0328962802886963,0.14382143318653107,0.13095568120479584,0.0003,14.585046768188477
2330,932000,-0.0006546186039951785,64.29442390441895,1.1264276373386384,0.002411363646388054,0.014749999935738743,0.6744019985198975,0.1385805755853653,0.14431685209274292,8.201119422912598,-53.78824996948242,56.25464630126953,16.668725967407227,14.37249755859375,0.8537879018245185,10.682718962958338,0.07220492511987686,0.7375754714012146,0.0,0.0,-1.9288870096206665,-2.026080369949341,0.14530983567237854,0.13185131549835205,0.0003,35.23201370239258
2340,936000,-0.003342023090742441,88.00337226867676,1.1134633588790894,0.004721050150692463,0.0534999999916181,0.552776038646698,0.1390751153230667,0.3604588508605957,9.550689697265625,-57.64834213256836,45.379093170166016,15.50266170501709,14.281444549560547,0.9577517371898158,10.578844094022898,0.07177001982927322,0.8918120861053467,0.0,0.0,-1.923084020614624,-2.024993419647217,0.14615552127361298,0.13199470937252045,0.0003,27.829914093017578
2350,940000,-0.0036619873750314592,62.86024398803711,1.1162451994419098,0.006032222881913185,0.08347499969881028,0.5748553276062012,0.1381669044494629,0.9332730770111084,8.103226661682129,-50.78269958496094,40.02397918701172,16.917238235473633,12.427666664123535,1.0077730955830606,8.336454452744507,0.05120260268449783,0.9826557040214539,0.0,0.0,-1.9259445667266846,-2.0356485843658447,0.14573802053928375,0.13059575855731964,0.0003,30.61695671081543
2360,944000,-0.0029399600798438773,55.770498771667484,1.1262369167804718,0.0060836318880319595,0.04697500018402934,0.572893500328064,0.13774466514587402,-1.0049444437026978,7.586742401123047,-48.75043869018555,37.8795166015625,16.272228240966797,11.608798027038574,0.9522959527841202,9.225773489562068,0.09293340146541595,0.803872287273407,0.0,0.0,-1.9212555885314941,-2.047428846359253,0.14642299711704254,0.1290663182735443,0.0003,26.710987091064453
2370,948000,-0.000716955638733272,114.52029327392579,1.1270705366134643,0.004118849523365498,0.020849999967031182,0.2625976800918579,0.13835939764976501,-0.16679303348064423,11.190872192382812,-60.35970687866211,90.12901306152344,16.233619689941406,13.032017707824707,0.8780315142595344,16.15787392274992,0.05033772066235542,1.3546679019927979,0.0,0.0,-1.9126404523849487,-2.0477190017700195,0.14768989384174347,0.12902888655662537,0.0003,46.694149017333984
2380,952000,-0.0017499889979921157,46.16229248046875,1.1246279001235961,0.004198605660349131,0.032224999978207054,0.5187197923660278,0.13786661624908447,-0.1667187660932541,6.909139156341553,-38.09133529663086,39.57941436767578,16.37885093688965,9.959211349487305,0.9643884040350527,6.845073253713725,0.06564898788928986,0.7429522275924683,0.0,0.0,-1.9140034914016724,-2.053816795349121,0.14748872816562653,0.12824448943138123,0.0003,19.58930015563965
2390,956000,-0.003439733435522978,126.03115676879882,1.1319926989078521,0.004083701875060797,0.03520000000484288,0.19072216749191284,0.13755369186401367,2.6876516342163086,11.351479530334473,-32.88105010986328,98.07389831542969,18.86911392211914,12.61838150024414,0.8501270753268818,14.097407046111476,0.10962879657745361,0.9990115165710449,0.0,0.0,-1.9120416641235352,-2.060980796813965,0.14777836203575134,0.127329021692276,0.0003,52.610816955566406
2400,960000,-0.0018336160538638068,108.68731399536132,1.1391434752941132,0.004875718150287867,0.04840000000316649,0.3207141160964966,0.13705268502235413,-0.640383780002594,10.644871711730957,-77.19888305664062,39.727333068847656,17.646465301513672,12.915586471557617,1.1674484499385542,11.193372700927943,0.0753675103187561,1.3244951963424683,0.0,0.0,-1.914563775062561,-2.06593918800354,0.14740611612796783,0.12669923901557922,0.0003,49.40679168701172
2410,964000,-0.0001370200755773121,104.80492134094239,1.1523547971248627,0.005384629126638174,0.012075000037439167,0.30379223823547363,0.13559526205062866,1.0840164422988892,10.375303268432617,-47.906246185302734,64.45262145996094,18.49753189086914,12.434586524963379,1.1164197930306188,12.959967141514452,0.06097772717475891,0.7470471858978271,0.0,0.0,-1.9234765768051147,-2.078702688217163,0.14609815180301666,0.12509238719940186,0.0003,48.29241943359375
2420,968000,-0.002931447750731788,105.50678245544434,1.1684365665912628,0.005161294713616371,0.05057499980088323,0.31224602460861206,0.1351822316646576,1.6378430128097534,10.376840591430664,-40.34150314331055,80.34040832519531,20.41343116760254,12.512629508972168,1.0870825744842618,12.050683149181044,0.05551399290561676,1.0618462562561035,0.0,0.0,-1.9207432270050049,-2.0885515213012695,0.14649803936481476,0.12386642396450043,0.0003,46.46506881713867
2430,972000,-0.000589425554155607,137.24107734680175,1.1727698838710785,0.004563384223729372,0.03967499987222254,0.2940271496772766,0.13504081964492798,-0.4133199453353882,11.797284126281738,-78.26966094970703,49.06031799316406,20.155275344848633,14.04067611694336,0.9693256184394968,12.052449633716636,0.07210257649421692,0.5945525169372559,0.0,0.0,-1.921684980392456,-2.089722156524658,0.1463601440191269,0.12372150272130966,0.0003,86.5510025024414
2440,976000,-0.000413904756460397,137.4173143005371,1.174991260766983,0.0034366007894277573,0.015124999987892806,0.4541463255882263,0.13495123386383057,-2.2876064777374268,12.159379005432129,-87.6603775024414,53.83797836303711,17.779010772705078,16.457857131958008,1.1104965934508817,25.535027168410043,0.06711834669113159,1.051458477973938,0.0,0.0,-1.921890377998352,-2.090928077697754,0.1463300734758377,0.12357239425182343,0.0003,69.61376953125
2450,980000,-0.00316504299196422,168.29706100463866,1.1830289244651795,0.00534712104126811,0.04085000024642795,0.25307661294937134,0.13349920511245728,1.1088887453079224,13.28078842163086,-58.91571044921875,109.42501831054688,18.652441024780273,15.366884231567383,0.9541623884704258,18.63440501273566,0.06858818978071213,1.1163426637649536,0.0,0.0,-1.934378981590271,-2.099771499633789,0.14451399445533752,0.12248440831899643,0.0003,91.24539947509766
2460,984000,-0.003585740487062141,95.2979621887207,1.2052417886257172,0.005622267723083496,0.05037499991245568,0.5424838066101074,0.13231469690799713,-1.5494499206542969,9.903284072875977,-57.723365783691406,35.73720932006836,17.254840850830078,14.6411771774292,1.0355291901810606,13.005029228327254,0.07318688929080963,0.6897693872451782,0.0,0.0,-1.9465080499649048,-2.1049017906188965,0.14277175068855286,0.1218576431274414,0.0003,49.75529861450195
2470,988000,-0.002710070045763864,191.29215393066406,1.215808321237564,0.004722435958683491,0.05912499998696148,0.3483218550682068,0.13205382227897644,0.29841527342796326,13.920429229736328,-91.64519500732422,78.5394287109375,16.97148323059082,17.243921279907227,1.1047746927554467,18.117150691798848,0.09554620832204819,0.6099998950958252,0.0,0.0,-1.9494855403900146,-2.1057004928588867,0.1423472911119461,0.12176035344600677,0.0003,98.99698638916016
2480,992000,-0.0029149370772269378,116.02668342590331,1.2171922314167023,0.006393799092620611,0.06017500016372651,0.44060373306274414,0.13204056024551392,-1.7523212432861328,10.905064582824707,-61.304439544677734,64.6194839477539,16.288284301757812,14.580368041992188,1.071776206077852,16.785842894353916,0.07325655966997147,0.7212360501289368,0.0,0.0,-1.9486459493637085,-2.106900930404663,0.14246684312820435,0.12161427736282349,0.0003,63.23149871826172
2490,996000,-0.000804239236487776,158.12678077697754,1.220662487745285,0.004179110750555992,0.018200000026263298,0.5221042633056641,0.13161221146583557,-2.6463496685028076,12.764415740966797,-63.807952880859375,47.91594696044922,11.04808235168457,18.46436309814453,0.9961280965493273,24.92865432800688,0.03597261756658554,1.0914477109909058,0.0,0.0,-1.9539614915847778,-2.1077351570129395,0.14171157777309418,0.12151286005973816,0.0003,78.53096771240234
2500,1000000,-0.0023670054283720533,149.50411994934083,1.2255965328216554,0.003973187413066626,0.03457500007003546,0.4694846272468567,0.13137726485729218,0.9014593958854675,12.382094383239746,-84.25680541992188,57.7689323425293,12.156488418579102,16.99985122680664,1.1205861833648036,22.16095462617009,0.062433525919914246,0.47523802518844604,0.0,0.0,-1.9544199705123901,-2.1110732555389404,0.141646608710289,0.12110792100429535,0.0003,82.15802001953125
